calc_type,composite_index,composite_rank,date,district_name,district_id,div_map_id,division,domain_name,domain_index,domain_rank,indicator_name,indicator_id,indicator_ids,indicator_index,indicator_rank,map_id,perc_point,type_name,type_index,type_rank,value,year,district_id_num
p,0.5988155580760324,13.0,2024-04-01,Chandauli,ClbehnmwSec,195,Varanasi Division,ante_natal,1.0,1.0,% of pregnant women received 4 or more ANC and tested for Hb against estimated PW,1,indicator_1,1.0,1.0,196,100.0,coverage,5.360240754737047,18.0,100.0,2025,61
p,0.5988155580760324,13.0,2024-04-01,Chandauli,ClbehnmwSec,195,Varanasi Division,delivery_care,0.8252126824539215,5.0,% of pregnant women delivered in institution against estimated delivery,2,indicator_2,0.701298911712061,9.0,196,78.38702183095289,coverage,5.360240754737047,18.0,78.38702183095289,2025,61
n,0.5988155580760324,13.0,2024-04-01,Chandauli,ClbehnmwSec,195,Varanasi Division,delivery_care,0.8252126824539215,5.0,Still birth ratio,4,indicator_4,0.6923103150219458,40.0,196,5.541130176406028,quality,1.3867894540773462,39.0,5.541130176406028,2025,61
p,0.5988155580760324,13.0,2024-04-01,Chandauli,ClbehnmwSec,195,Varanasi Division,delivery_care,0.8252126824539215,5.0,% of C-section delivery against reported delivery (70% weightage to CHC),31,indicator_31,0.541014410313879,5.0,196,4.62962962962963,quality,1.3867894540773462,39.0,19.62739432268382,2025,61
p,0.5988155580760324,13.0,2024-04-01,Chandauli,ClbehnmwSec,195,Varanasi Division,delivery_care,0.8252126824539215,5.0,% of C-section delivery against reported delivery (30% to DH),32,indicator_32,0.541014410313879,5.0,196,54.622178606476936,quality,1.3867894540773462,39.0,19.62739432268382,2025,61
p,0.5988155580760324,13.0,2024-04-01,Chandauli,ClbehnmwSec,195,Varanasi Division,post_natal_care,0.946284238949084,6.0,% of newborns received HBNC visits (Institutional Delivery and Home Delivery),5,indicator_5,0.946284238949084,6.0,196,96.72082876033943,coverage,5.360240754737047,18.0,96.72082876033943,2025,61
p,0.5988155580760324,13.0,2024-04-01,Chandauli,ClbehnmwSec,195,Varanasi Division,immunization,0.4495788922059797,59.0,"% of children received full immunization (BCG, Penta 1, 2, 3, Measles)",7,indicator_7,0.7917339315828468,28.0,196,94.6165104356584,coverage,5.360240754737047,18.0,94.6165104356584,2025,61
p,0.5988155580760324,13.0,2024-04-01,Chandauli,ClbehnmwSec,195,Varanasi Division,immunization,0.4495788922059797,59.0,Ratio of Pentavalent 3 to BCG,6,indicator_6,0.10742385282911264,66.0,196,0.8908015663709742,quality,1.3867894540773462,39.0,0.8908015663709742,2025,61
p,0.5988155580760324,13.0,2024-04-01,Chandauli,ClbehnmwSec,195,Varanasi Division,communicable_diseases,0.5230204379562045,60.0,% of PW screened for HIV against estimated pregnancy,11,indicator_11,1.0,1.0,196,100.0,coverage,5.360240754737047,18.0,100.0,2025,61
p,0.5988155580760324,13.0,2024-04-01,Chandauli,ClbehnmwSec,195,Varanasi Division,communicable_diseases,0.5230204379562045,60.0,Total case notification rate of TB against expected TB cases,10,indicator_10,0.04604087591240882,66.0,196,16.80952380952381,quality,1.3867894540773462,39.0,16.80952380952381,2025,61
p,0.5988155580760324,13.0,2024-04-01,Chandauli,ClbehnmwSec,195,Varanasi Division,family_planning,0.270259021779436,16.0,Permanent Method accepted per 1000 EC,8,indicator_8,0.3113162381572322,9.0,196,24.03115091478204,coverage,5.360240754737047,18.0,24.03115091478204,2025,61
p,0.5988155580760324,13.0,2024-04-01,Chandauli,ClbehnmwSec,195,Varanasi Division,family_planning,0.270259021779436,16.0,Reversible Method accepted per 1000 EC,9,indicator_9,0.22920180540163984,39.0,196,81.97809266437984,coverage,5.360240754737047,18.0,81.97809266437984,2025,61
p,0.5988155580760324,13.0,2024-04-01,Chandauli,ClbehnmwSec,195,Varanasi Division,finance,0.3804056289341828,58.0,Per ASHA expenditure of ASHA incentive fund,12,indicator_12,0.3804056289341828,58.0,196,4802.931003094847,coverage,5.360240754737047,18.0,4802.931003094847,2025,61
p,0.5592677343098368,35.0,2024-04-01,Ghazipur,dScWdMRN8PL,195,Varanasi Division,ante_natal,1.0,1.0,% of pregnant women received 4 or more ANC and tested for Hb against estimated PW,1,indicator_1,1.0,1.0,195,100.0,coverage,5.114411128913319,26.0,100.0,2025,67
p,0.5592677343098368,35.0,2024-04-01,Ghazipur,dScWdMRN8PL,195,Varanasi Division,delivery_care,0.6036535390254371,30.0,% of pregnant women delivered in institution against estimated delivery,2,indicator_2,0.3540278654103151,56.0,195,59.374823056198686,coverage,5.114411128913319,26.0,59.374823056198686,2025,67
n,0.5592677343098368,35.0,2024-04-01,Ghazipur,dScWdMRN8PL,195,Varanasi Division,delivery_care,0.6036535390254371,30.0,Still birth ratio,4,indicator_4,0.8498576077215378,17.0,195,2.9411332186291377,quality,1.4381918769225952,33.0,2.9411332186291377,2025,67
p,0.5592677343098368,35.0,2024-04-01,Ghazipur,dScWdMRN8PL,195,Varanasi Division,delivery_care,0.6036535390254371,30.0,% of C-section delivery against reported delivery (70% weightage to CHC),31,indicator_31,0.30353757197222897,29.0,195,3.475375480265456,quality,1.4381918769225952,33.0,11.817804387432355,2025,67
p,0.5592677343098368,35.0,2024-04-01,Ghazipur,dScWdMRN8PL,195,Varanasi Division,delivery_care,0.6036535390254371,30.0,% of C-section delivery against reported delivery (30% to DH),32,indicator_32,0.30353757197222897,29.0,195,31.28347183748846,quality,1.4381918769225952,33.0,11.817804387432355,2025,67
p,0.5592677343098368,35.0,2024-04-01,Ghazipur,dScWdMRN8PL,195,Varanasi Division,post_natal_care,1.0,1.0,% of newborns received HBNC visits (Institutional Delivery and Home Delivery),5,indicator_5,1.0,1.0,195,100.0,coverage,5.114411128913319,26.0,100.0,2025,67
p,0.5592677343098368,35.0,2024-04-01,Ghazipur,dScWdMRN8PL,195,Varanasi Division,immunization,0.5539459490513293,36.0,"% of children received full immunization (BCG, Penta 1, 2, 3, Measles)",7,indicator_7,0.9325474770202614,3.0,195,98.25641326832658,coverage,5.114411128913319,26.0,98.25641326832658,2025,67
p,0.5592677343098368,35.0,2024-04-01,Ghazipur,dScWdMRN8PL,195,Varanasi Division,immunization,0.5539459490513293,36.0,Ratio of Pentavalent 3 to BCG,6,indicator_6,0.1753444210823972,55.0,195,0.9323345771603798,quality,1.4381918769225952,33.0,0.9323345771603798,2025,67
p,0.5592677343098368,35.0,2024-04-01,Ghazipur,dScWdMRN8PL,195,Varanasi Division,communicable_diseases,0.5547261380732156,40.0,% of PW screened for HIV against estimated pregnancy,11,indicator_11,1.0,1.0,195,100.0,coverage,5.114411128913319,26.0,100.0,2025,67
p,0.5592677343098368,35.0,2024-04-01,Ghazipur,dScWdMRN8PL,195,Varanasi Division,communicable_diseases,0.5547261380732156,40.0,Total case notification rate of TB against expected TB cases,10,indicator_10,0.10945227614643116,43.0,195,18.06615776081425,quality,1.4381918769225952,33.0,18.06615776081425,2025,67
p,0.5592677343098368,35.0,2024-04-01,Ghazipur,dScWdMRN8PL,195,Varanasi Division,family_planning,0.17574790606562513,33.0,Permanent Method accepted per 1000 EC,8,indicator_8,0.15716945555366346,20.0,195,13.09243758694734,coverage,5.114411128913319,26.0,13.09243758694734,2025,67
p,0.5592677343098368,35.0,2024-04-01,Ghazipur,dScWdMRN8PL,195,Varanasi Division,family_planning,0.17574790606562513,33.0,Reversible Method accepted per 1000 EC,9,indicator_9,0.1943263565775868,49.0,195,75.59152009453936,coverage,5.114411128913319,26.0,75.59152009453936,2025,67
p,0.5592677343098368,35.0,2024-04-01,Ghazipur,dScWdMRN8PL,195,Varanasi Division,finance,0.4763399743514897,44.0,Per ASHA expenditure of ASHA incentive fund,12,indicator_12,0.4763399743514897,44.0,195,5018.079259473531,coverage,5.114411128913319,26.0,5018.079259473531,2025,67
p,0.5951100997075206,14.0,2024-04-01,Jaunpur,gmw76vAUMqz,195,Varanasi Division,ante_natal,1.0,1.0,% of pregnant women received 4 or more ANC and tested for Hb against estimated PW,1,indicator_1,1.0,1.0,194,100.0,coverage,4.8404168002791375,40.0,100.0,2025,54
p,0.5951100997075206,14.0,2024-04-01,Jaunpur,gmw76vAUMqz,195,Varanasi Division,delivery_care,0.6193732229280827,26.0,% of pregnant women delivered in institution against estimated delivery,2,indicator_2,0.2315908013386777,72.0,194,52.671707941025375,coverage,4.8404168002791375,40.0,52.671707941025375,2025,54
n,0.5951100997075206,14.0,2024-04-01,Jaunpur,gmw76vAUMqz,195,Varanasi Division,delivery_care,0.6193732229280827,26.0,Still birth ratio,4,indicator_4,0.8200214434625228,22.0,194,3.4335182985370936,quality,1.6549549329070996,16.0,3.4335182985370936,2025,54
p,0.5951100997075206,14.0,2024-04-01,Jaunpur,gmw76vAUMqz,195,Varanasi Division,delivery_care,0.6193732229280827,26.0,% of C-section delivery against reported delivery (70% weightage to CHC),31,indicator_31,0.4032537119915237,17.0,194,3.332710978342046,quality,1.6549549329070996,16.0,15.097038559972837,2025,54
p,0.5951100997075206,14.0,2024-04-01,Jaunpur,gmw76vAUMqz,195,Varanasi Division,delivery_care,0.6193732229280827,26.0,% of C-section delivery against reported delivery (30% to DH),32,indicator_32,0.4032537119915237,17.0,194,42.54713625044468,quality,1.6549549329070996,16.0,15.097038559972837,2025,54
p,0.5951100997075206,14.0,2024-04-01,Jaunpur,gmw76vAUMqz,195,Varanasi Division,post_natal_care,1.0,1.0,% of newborns received HBNC visits (Institutional Delivery and Home Delivery),5,indicator_5,1.0,1.0,194,100.0,coverage,4.8404168002791375,40.0,100.0,2025,54
p,0.5951100997075206,14.0,2024-04-01,Jaunpur,gmw76vAUMqz,195,Varanasi Division,immunization,0.5182505417048855,47.0,"% of children received full immunization (BCG, Penta 1, 2, 3, Measles)",7,indicator_7,0.8446556000334224,14.0,194,95.9844877158583,coverage,4.8404168002791375,40.0,95.9844877158583,2025,54
p,0.5951100997075206,14.0,2024-04-01,Jaunpur,gmw76vAUMqz,195,Varanasi Division,immunization,0.5182505417048855,47.0,Ratio of Pentavalent 3 to BCG,6,indicator_6,0.19184548337634846,49.0,194,0.9424248755179496,quality,1.6549549329070996,16.0,0.9424248755179496,2025,54
p,0.5951100997075206,14.0,2024-04-01,Jaunpur,gmw76vAUMqz,195,Varanasi Division,communicable_diseases,0.6199171470383523,15.0,% of PW screened for HIV against estimated pregnancy,11,indicator_11,1.0,1.0,194,100.0,coverage,4.8404168002791375,40.0,100.0,2025,54
p,0.5951100997075206,14.0,2024-04-01,Jaunpur,gmw76vAUMqz,195,Varanasi Division,communicable_diseases,0.6199171470383523,15.0,Total case notification rate of TB against expected TB cases,10,indicator_10,0.2398342940767047,17.0,194,20.649959250203747,quality,1.6549549329070996,16.0,20.649959250203747,2025,54
p,0.5951100997075206,14.0,2024-04-01,Jaunpur,gmw76vAUMqz,195,Varanasi Division,family_planning,0.17444771407395185,34.0,Permanent Method accepted per 1000 EC,8,indicator_8,0.122825541406773,25.0,194,10.655291478132586,coverage,4.8404168002791375,40.0,10.655291478132586,2025,54
p,0.5951100997075206,14.0,2024-04-01,Jaunpur,gmw76vAUMqz,195,Varanasi Division,family_planning,0.17444771407395185,34.0,Reversible Method accepted per 1000 EC,9,indicator_9,0.2260698867411307,41.0,194,81.40455952050289,coverage,4.8404168002791375,40.0,81.40455952050289,2025,54
p,0.5951100997075206,14.0,2024-04-01,Jaunpur,gmw76vAUMqz,195,Varanasi Division,finance,0.4152749707591336,52.0,Per ASHA expenditure of ASHA incentive fund,12,indicator_12,0.4152749707591336,52.0,194,4881.131131131131,coverage,4.8404168002791375,40.0,4881.131131131131,2025,54
p,0.6679052793891329,4.0,2024-04-01,Muzaffarnagar,MVQs2RrS1Nw,132,Saharanpur Division,ante_natal,1.0,1.0,% of pregnant women received 4 or more ANC and tested for Hb against estimated PW,1,indicator_1,1.0,1.0,133,100.0,coverage,5.879978284310867,4.0,100.0,2025,17
p,0.6679052793891329,4.0,2024-04-01,Muzaffarnagar,MVQs2RrS1Nw,132,Saharanpur Division,delivery_care,0.7590701756032384,9.0,% of pregnant women delivered in institution against estimated delivery,2,indicator_2,0.6565261087894011,13.0,133,75.93582574670212,coverage,5.879978284310867,4.0,75.93582574670212,2025,17
n,0.6679052793891329,4.0,2024-04-01,Muzaffarnagar,MVQs2RrS1Nw,132,Saharanpur Division,delivery_care,0.7590701756032384,9.0,Still birth ratio,4,indicator_4,0.9582764843483592,5.0,133,1.1519006360494817,quality,1.6165949973244955,22.0,1.1519006360494817,2025,17
p,0.6679052793891329,4.0,2024-04-01,Muzaffarnagar,MVQs2RrS1Nw,132,Saharanpur Division,delivery_care,0.7590701756032384,9.0,% of C-section delivery against reported delivery (70% weightage to CHC),31,indicator_31,0.3312039668359775,26.0,133,2.394879911912463,quality,1.6165949973244955,22.0,12.727632901157895,2025,17
p,0.6679052793891329,4.0,2024-04-01,Muzaffarnagar,MVQs2RrS1Nw,132,Saharanpur Division,delivery_care,0.7590701756032384,9.0,% of C-section delivery against reported delivery (30% to DH),32,indicator_32,0.3312039668359775,26.0,133,36.8373898760639,quality,1.6165949973244955,22.0,12.727632901157895,2025,17
p,0.6679052793891329,4.0,2024-04-01,Muzaffarnagar,MVQs2RrS1Nw,132,Saharanpur Division,post_natal_care,1.0,1.0,% of newborns received HBNC visits (Institutional Delivery and Home Delivery),5,indicator_5,1.0,1.0,133,100.0,coverage,5.879978284310867,4.0,100.0,2025,17
p,0.6679052793891329,4.0,2024-04-01,Muzaffarnagar,MVQs2RrS1Nw,132,Saharanpur Division,immunization,0.6635572730700794,15.0,"% of children received full immunization (BCG, Penta 1, 2, 3, Measles)",7,indicator_7,1.0,1.0,133,100.0,coverage,5.879978284310867,4.0,100.0,2025,17
p,0.6679052793891329,4.0,2024-04-01,Muzaffarnagar,MVQs2RrS1Nw,132,Saharanpur Division,immunization,0.6635572730700794,15.0,Ratio of Pentavalent 3 to BCG,6,indicator_6,0.3271145461401587,29.0,133,1.0251410775127767,quality,1.6165949973244955,22.0,1.0251410775127767,2025,17
p,0.6679052793891329,4.0,2024-04-01,Muzaffarnagar,MVQs2RrS1Nw,132,Saharanpur Division,communicable_diseases,0.5,68.0,% of PW screened for HIV against estimated pregnancy,11,indicator_11,1.0,1.0,133,100.0,coverage,5.879978284310867,4.0,100.0,2025,17
p,0.6679052793891329,4.0,2024-04-01,Muzaffarnagar,MVQs2RrS1Nw,132,Saharanpur Division,communicable_diseases,0.5,68.0,Total case notification rate of TB against expected TB cases,10,indicator_10,0.0,75.0,133,15.8971243418388,quality,1.6165949973244955,22.0,15.8971243418388,2025,17
p,0.6679052793891329,4.0,2024-04-01,Muzaffarnagar,MVQs2RrS1Nw,132,Saharanpur Division,family_planning,0.19886000403113605,28.0,Permanent Method accepted per 1000 EC,8,indicator_8,0.07172180721624725,46.0,133,7.028818782107053,coverage,5.879978284310867,4.0,7.028818782107053,2025,17
p,0.6679052793891329,4.0,2024-04-01,Muzaffarnagar,MVQs2RrS1Nw,132,Saharanpur Division,family_planning,0.19886000403113605,28.0,Reversible Method accepted per 1000 EC,9,indicator_9,0.3259982008460248,18.0,133,99.7039492439855,coverage,5.879978284310867,4.0,99.7039492439855,2025,17
p,0.6679052793891329,4.0,2024-04-01,Muzaffarnagar,MVQs2RrS1Nw,132,Saharanpur Division,finance,0.8257321674591944,6.0,Per ASHA expenditure of ASHA incentive fund,12,indicator_12,0.8257321674591944,6.0,133,5801.6476552598215,coverage,5.879978284310867,4.0,5801.6476552598215,2025,17
p,0.6273149418284834,7.0,2024-04-01,Varanasi,LeuBT7KfuuA,195,Varanasi Division,ante_natal,1.0,1.0,% of pregnant women received 4 or more ANC and tested for Hb against estimated PW,1,indicator_1,1.0,1.0,197,100.0,coverage,5.690898393221768,7.0,100.0,2025,55
p,0.6273149418284834,7.0,2024-04-01,Varanasi,LeuBT7KfuuA,195,Varanasi Division,delivery_care,1.246689857329212,1.0,% of pregnant women delivered in institution against estimated delivery,2,indicator_2,0.7671768851101552,5.0,197,81.99367184816809,coverage,5.690898393221768,7.0,81.99367184816809,2025,55
n,0.6273149418284834,7.0,2024-04-01,Varanasi,LeuBT7KfuuA,195,Varanasi Division,delivery_care,1.246689857329212,1.0,Still birth ratio,4,indicator_4,0.9728926868774804,4.0,197,0.9106900036178096,quality,2.34789581072406,1.0,0.9106900036178096,2025,55
p,0.6273149418284834,7.0,2024-04-01,Varanasi,LeuBT7KfuuA,195,Varanasi Division,delivery_care,1.246689857329212,1.0,% of C-section delivery against reported delivery (70% weightage to CHC),31,indicator_31,1.0,1.0,197,21.787180296810867,quality,2.34789581072406,1.0,34.72145261767132,2025,55
p,0.6273149418284834,7.0,2024-04-01,Varanasi,LeuBT7KfuuA,195,Varanasi Division,delivery_care,1.246689857329212,1.0,% of C-section delivery against reported delivery (30% to DH),32,indicator_32,1.0,1.0,197,64.90142136634572,quality,2.34789581072406,1.0,34.72145261767132,2025,55
p,0.6273149418284834,7.0,2024-04-01,Varanasi,LeuBT7KfuuA,195,Varanasi Division,post_natal_care,0.8354533243924367,20.0,% of newborns received HBNC visits (Institutional Delivery and Home Delivery),5,indicator_5,0.8354533243924367,20.0,197,89.95496450804026,coverage,5.690898393221768,7.0,89.95496450804026,2025,55
p,0.6273149418284834,7.0,2024-04-01,Varanasi,LeuBT7KfuuA,195,Varanasi Division,immunization,0.6776732611952376,13.0,"% of children received full immunization (BCG, Penta 1, 2, 3, Measles)",7,indicator_7,1.0,1.0,197,100.0,coverage,5.690898393221768,7.0,100.0,2025,55
p,0.6273149418284834,7.0,2024-04-01,Varanasi,LeuBT7KfuuA,195,Varanasi Division,immunization,0.6776732611952376,13.0,Ratio of Pentavalent 3 to BCG,6,indicator_6,0.3553465223904753,24.0,197,1.0424047577846791,quality,2.34789581072406,1.0,1.0424047577846791,2025,55
p,0.6273149418284834,7.0,2024-04-01,Varanasi,LeuBT7KfuuA,195,Varanasi Division,communicable_diseases,0.5098283007280519,65.0,% of PW screened for HIV against estimated pregnancy,11,indicator_11,1.0,1.0,197,100.0,coverage,5.690898393221768,7.0,100.0,2025,55
p,0.6273149418284834,7.0,2024-04-01,Varanasi,LeuBT7KfuuA,195,Varanasi Division,communicable_diseases,0.5098283007280519,65.0,Total case notification rate of TB against expected TB cases,10,indicator_10,0.019656601456103616,72.0,197,16.286662384928277,quality,2.34789581072406,1.0,16.286662384928277,2025,55
p,0.6273149418284834,7.0,2024-04-01,Varanasi,LeuBT7KfuuA,195,Varanasi Division,family_planning,0.2476820102710744,21.0,Permanent Method accepted per 1000 EC,8,indicator_8,0.2607915363015057,10.0,197,20.44576807227752,coverage,5.690898393221768,7.0,20.44576807227752,2025,55
p,0.6273149418284834,7.0,2024-04-01,Varanasi,LeuBT7KfuuA,195,Varanasi Division,family_planning,0.2476820102710744,21.0,Reversible Method accepted per 1000 EC,9,indicator_9,0.2345724842406431,36.0,197,82.96159915135428,coverage,5.690898393221768,7.0,82.96159915135428,2025,55
p,0.6273149418284834,7.0,2024-04-01,Varanasi,LeuBT7KfuuA,195,Varanasi Division,finance,0.5929041631770275,27.0,Per ASHA expenditure of ASHA incentive fund,12,indicator_12,0.5929041631770275,27.0,197,5279.493269992082,coverage,5.690898393221768,7.0,5279.493269992082,2025,55
p,0.599811948185684,12.0,2024-04-01,Amroha,hgquAmZaNBu,134,Moradabad Division,ante_natal,1.0,1.0,% of pregnant women received 4 or more ANC and tested for Hb against estimated PW,1,indicator_1,1.0,1.0,137,100.0,coverage,5.203247327750722,23.0,100.0,2025,33
p,0.599811948185684,12.0,2024-04-01,Amroha,hgquAmZaNBu,134,Moradabad Division,delivery_care,0.7547068700318177,10.0,% of pregnant women delivered in institution against estimated delivery,2,indicator_2,0.6312798594333423,18.0,137,74.55365836999161,coverage,5.203247327750722,23.0,74.55365836999161,2025,33
n,0.599811948185684,12.0,2024-04-01,Amroha,hgquAmZaNBu,134,Moradabad Division,delivery_care,0.7547068700318177,10.0,Still birth ratio,4,indicator_4,0.8946293775508979,14.0,137,2.20226641009194,quality,2.093144910956124,4.0,2.20226641009194,2025,33
p,0.599811948185684,12.0,2024-04-01,Amroha,hgquAmZaNBu,134,Moradabad Division,delivery_care,0.7547068700318177,10.0,% of C-section delivery against reported delivery (70% weightage to CHC),31,indicator_31,0.3691056865556064,20.0,137,2.557286892758937,quality,2.093144910956124,4.0,13.974057145804839,2025,33
p,0.599811948185684,12.0,2024-04-01,Amroha,hgquAmZaNBu,134,Moradabad Division,delivery_care,0.7547068700318177,10.0,% of C-section delivery against reported delivery (30% to DH),32,indicator_32,0.3691056865556064,20.0,137,40.61318773624528,quality,2.093144910956124,4.0,13.974057145804839,2025,33
p,0.599811948185684,12.0,2024-04-01,Amroha,hgquAmZaNBu,134,Moradabad Division,post_natal_care,0.9872511312318504,3.0,% of newborns received HBNC visits (Institutional Delivery and Home Delivery),5,indicator_5,0.9872511312318504,3.0,137,99.22172332691895,coverage,5.203247327750722,23.0,99.22172332691895,2025,33
p,0.599811948185684,12.0,2024-04-01,Amroha,hgquAmZaNBu,134,Moradabad Division,immunization,0.7861296806541016,4.0,"% of children received full immunization (BCG, Penta 1, 2, 3, Measles)",7,indicator_7,1.0,1.0,137,100.0,coverage,5.203247327750722,23.0,100.0,2025,33
p,0.599811948185684,12.0,2024-04-01,Amroha,hgquAmZaNBu,134,Moradabad Division,immunization,0.7861296806541016,4.0,Ratio of Pentavalent 3 to BCG,6,indicator_6,0.5722593613082032,8.0,137,1.1750456280073005,quality,2.093144910956124,4.0,1.1750456280073005,2025,33
p,0.599811948185684,12.0,2024-04-01,Amroha,hgquAmZaNBu,134,Moradabad Division,communicable_diseases,0.6285752427707081,13.0,% of PW screened for HIV against estimated pregnancy,11,indicator_11,1.0,1.0,137,100.0,coverage,5.203247327750722,23.0,100.0,2025,33
p,0.599811948185684,12.0,2024-04-01,Amroha,hgquAmZaNBu,134,Moradabad Division,communicable_diseases,0.6285752427707081,13.0,Total case notification rate of TB against expected TB cases,10,indicator_10,0.2571504855414163,15.0,137,20.993117010816125,quality,2.093144910956124,4.0,20.993117010816125,2025,33
p,0.599811948185684,12.0,2024-04-01,Amroha,hgquAmZaNBu,134,Moradabad Division,family_planning,0.09298687745392177,64.0,Permanent Method accepted per 1000 EC,8,indicator_8,0.08427002688279889,38.0,137,7.919277703070143,coverage,5.203247327750722,23.0,7.919277703070143,2025,33
p,0.599811948185684,12.0,2024-04-01,Amroha,hgquAmZaNBu,134,Moradabad Division,family_planning,0.09298687745392177,64.0,Reversible Method accepted per 1000 EC,9,indicator_9,0.1017037280250447,65.0,137,58.62998529553162,coverage,5.203247327750722,23.0,58.62998529553162,2025,33
p,0.599811948185684,12.0,2024-04-01,Amroha,hgquAmZaNBu,134,Moradabad Division,finance,0.39874258217768577,54.0,Per ASHA expenditure of ASHA incentive fund,12,indicator_12,0.39874258217768577,54.0,137,4844.054580896685,coverage,5.203247327750722,23.0,4844.054580896685,2025,33
p,0.5587351457279279,38.0,2024-04-01,Bijnor,uCYjHW7FuGG,134,Moradabad Division,ante_natal,1.0,1.0,% of pregnant women received 4 or more ANC and tested for Hb against estimated PW,1,indicator_1,1.0,1.0,134,100.0,coverage,4.561175950245265,59.0,100.0,2025,15
p,0.5587351457279279,38.0,2024-04-01,Bijnor,uCYjHW7FuGG,134,Moradabad Division,delivery_care,0.7596726582634353,8.0,% of pregnant women delivered in institution against estimated delivery,2,indicator_2,0.6190805592574409,19.0,134,73.88577798570066,coverage,4.561175950245265,59.0,73.88577798570066,2025,15
n,0.5587351457279279,38.0,2024-04-01,Bijnor,uCYjHW7FuGG,134,Moradabad Division,delivery_care,0.7596726582634353,8.0,Still birth ratio,4,indicator_4,0.9215677268247304,11.0,134,1.757703860273668,quality,1.4812948798098868,29.0,1.757703860273668,2025,15
p,0.5587351457279279,38.0,2024-04-01,Bijnor,uCYjHW7FuGG,134,Moradabad Division,delivery_care,0.7596726582634353,8.0,% of C-section delivery against reported delivery (70% weightage to CHC),31,indicator_31,0.3691848443540674,19.0,134,0.9025717111770524,quality,1.4812948798098868,29.0,13.976660304708565,2025,15
p,0.5587351457279279,38.0,2024-04-01,Bijnor,uCYjHW7FuGG,134,Moradabad Division,delivery_care,0.7596726582634353,8.0,% of C-section delivery against reported delivery (30% to DH),32,indicator_32,0.3691848443540674,19.0,134,44.48286702294876,quality,1.4812948798098868,29.0,13.976660304708565,2025,15
p,0.5587351457279279,38.0,2024-04-01,Bijnor,uCYjHW7FuGG,134,Moradabad Division,post_natal_care,0.8294848835382626,22.0,% of newborns received HBNC visits (Institutional Delivery and Home Delivery),5,indicator_5,0.8294848835382626,22.0,134,89.59061074646792,coverage,4.561175950245265,59.0,89.59061074646792,2025,15
p,0.5587351457279279,38.0,2024-04-01,Bijnor,uCYjHW7FuGG,134,Moradabad Division,immunization,0.422258182529516,65.0,"% of children received full immunization (BCG, Penta 1, 2, 3, Measles)",7,indicator_7,0.7761910735322026,29.0,134,94.2147416081599,coverage,4.561175950245265,59.0,94.2147416081599,2025,15
p,0.5587351457279279,38.0,2024-04-01,Bijnor,uCYjHW7FuGG,134,Moradabad Division,immunization,0.422258182529516,65.0,Ratio of Pentavalent 3 to BCG,6,indicator_6,0.06832529152682927,70.0,134,0.8668930360070598,quality,1.4812948798098868,29.0,0.8668930360070598,2025,15
p,0.5587351457279279,38.0,2024-04-01,Bijnor,uCYjHW7FuGG,134,Moradabad Division,communicable_diseases,0.5611085085521299,36.0,% of PW screened for HIV against estimated pregnancy,11,indicator_11,1.0,1.0,134,100.0,coverage,4.561175950245265,59.0,100.0,2025,15
p,0.5587351457279279,38.0,2024-04-01,Bijnor,uCYjHW7FuGG,134,Moradabad Division,communicable_diseases,0.5611085085521299,36.0,Total case notification rate of TB against expected TB cases,10,indicator_10,0.12221701710425975,38.0,134,18.31911869225302,quality,1.4812948798098868,29.0,18.31911869225302,2025,15
p,0.5587351457279279,38.0,2024-04-01,Bijnor,uCYjHW7FuGG,134,Moradabad Division,family_planning,0.015626846958303346,75.0,Permanent Method accepted per 1000 EC,8,indicator_8,0.031253693916606685,67.0,134,4.1570813197589125,coverage,4.561175950245265,59.0,4.1570813197589125,2025,15
p,0.5587351457279279,38.0,2024-04-01,Bijnor,uCYjHW7FuGG,134,Moradabad Division,family_planning,0.015626846958303346,75.0,Reversible Method accepted per 1000 EC,9,indicator_9,0.0,75.0,134,40.005472592277435,coverage,4.561175950245265,59.0,40.005472592277435,2025,15
p,0.5587351457279279,38.0,2024-04-01,Bijnor,uCYjHW7FuGG,134,Moradabad Division,finance,0.30516574000075297,69.0,Per ASHA expenditure of ASHA incentive fund,12,indicator_12,0.30516574000075297,69.0,134,4634.193406108722,coverage,4.561175950245265,59.0,4634.193406108722,2025,15
p,0.5858259006410592,22.0,2024-04-01,Saharanpur,FKYZ3JbWq84,132,Saharanpur Division,ante_natal,1.0,1.0,% of pregnant women received 4 or more ANC and tested for Hb against estimated PW,1,indicator_1,1.0,1.0,132,100.0,coverage,5.064277851226361,30.0,100.0,2025,31
p,0.5858259006410592,22.0,2024-04-01,Saharanpur,FKYZ3JbWq84,132,Saharanpur Division,delivery_care,0.7485459712426666,11.0,% of pregnant women delivered in institution against estimated delivery,2,indicator_2,0.3775935224803134,52.0,132,60.66498231722501,coverage,5.064277851226361,30.0,60.66498231722501,2025,31
n,0.5858259006410592,22.0,2024-04-01,Saharanpur,FKYZ3JbWq84,132,Saharanpur Division,delivery_care,0.7485459712426666,11.0,Still birth ratio,4,indicator_4,0.9000689544566961,12.0,132,2.112497280046421,quality,1.8204715328319792,11.0,2.112497280046421,2025,31
p,0.5858259006410592,22.0,2024-04-01,Saharanpur,FKYZ3JbWq84,132,Saharanpur Division,delivery_care,0.7485459712426666,11.0,% of C-section delivery against reported delivery (70% weightage to CHC),31,indicator_31,0.4839877183954952,11.0,132,2.6156850279278867,quality,1.8204715328319792,11.0,17.752032151128468,2025,31
p,0.5858259006410592,22.0,2024-04-01,Saharanpur,FKYZ3JbWq84,132,Saharanpur Division,delivery_care,0.7485459712426666,11.0,% of C-section delivery against reported delivery (30% to DH),32,indicator_32,0.4839877183954952,11.0,132,53.07017543859649,quality,1.8204715328319792,11.0,17.752032151128468,2025,31
p,0.5858259006410592,22.0,2024-04-01,Saharanpur,FKYZ3JbWq84,132,Saharanpur Division,post_natal_care,0.7834910667371389,32.0,% of newborns received HBNC visits (Institutional Delivery and Home Delivery),5,indicator_5,0.7834910667371389,32.0,132,86.78283890621599,coverage,5.064277851226361,30.0,86.78283890621599,2025,31
p,0.5858259006410592,22.0,2024-04-01,Saharanpur,FKYZ3JbWq84,132,Saharanpur Division,immunization,0.6885436257820793,10.0,"% of children received full immunization (BCG, Penta 1, 2, 3, Measles)",7,indicator_7,1.0,1.0,132,100.0,coverage,5.064277851226361,30.0,100.0,2025,31
p,0.5858259006410592,22.0,2024-04-01,Saharanpur,FKYZ3JbWq84,132,Saharanpur Division,immunization,0.6885436257820793,10.0,Ratio of Pentavalent 3 to BCG,6,indicator_6,0.3770872515641585,21.0,132,1.0556990802934794,quality,1.8204715328319792,11.0,1.0556990802934794,2025,31
p,0.5858259006410592,22.0,2024-04-01,Saharanpur,FKYZ3JbWq84,132,Saharanpur Division,communicable_diseases,0.5296638042078146,57.0,% of PW screened for HIV against estimated pregnancy,11,indicator_11,1.0,1.0,132,100.0,coverage,5.064277851226361,30.0,100.0,2025,31
p,0.5858259006410592,22.0,2024-04-01,Saharanpur,FKYZ3JbWq84,132,Saharanpur Division,communicable_diseases,0.5296638042078146,57.0,Total case notification rate of TB against expected TB cases,10,indicator_10,0.059327608415629035,62.0,132,17.07282913165266,quality,1.8204715328319792,11.0,17.07282913165266,2025,31
p,0.5858259006410592,22.0,2024-04-01,Saharanpur,FKYZ3JbWq84,132,Saharanpur Division,family_planning,0.15487511855643565,40.0,Permanent Method accepted per 1000 EC,8,indicator_8,0.05391473900295514,54.0,132,5.765176355684521,coverage,5.064277851226361,30.0,5.765176355684521,2025,31
p,0.5858259006410592,22.0,2024-04-01,Saharanpur,FKYZ3JbWq84,132,Saharanpur Division,family_planning,0.15487511855643565,40.0,Reversible Method accepted per 1000 EC,9,indicator_9,0.2558354981099161,32.0,132,86.8553922266703,coverage,5.064277851226361,30.0,86.8553922266703,2025,31
p,0.5858259006410592,22.0,2024-04-01,Saharanpur,FKYZ3JbWq84,132,Saharanpur Division,finance,0.5934430248960374,26.0,Per ASHA expenditure of ASHA incentive fund,12,indicator_12,0.5934430248960374,26.0,132,5280.701754385965,coverage,5.064277851226361,30.0,5280.701754385965,2025,31
p,0.5231820364326806,59.0,2024-04-01,Shamli,AdiUcz9BXhx,132,Saharanpur Division,ante_natal,0.3631154760361083,14.0,% of pregnant women received 4 or more ANC and tested for Hb against estimated PW,1,indicator_1,0.3631154760361083,14.0,203,91.64328774021617,coverage,4.375021216689556,69.0,91.64328774021617,2025,32
p,0.5231820364326806,59.0,2024-04-01,Shamli,AdiUcz9BXhx,132,Saharanpur Division,delivery_care,0.7164280837572767,15.0,% of pregnant women delivered in institution against estimated delivery,2,indicator_2,0.4866541876484685,33.0,203,66.63577391291196,coverage,4.375021216689556,69.0,66.63577391291196,2025,32
n,0.5231820364326806,59.0,2024-04-01,Shamli,AdiUcz9BXhx,132,Saharanpur Division,delivery_care,0.7164280837572767,15.0,Still birth ratio,4,indicator_4,0.9867413845924292,3.0,203,0.6821454738384578,quality,1.642017866446633,19.0,0.6821454738384578,2025,32
p,0.5231820364326806,59.0,2024-04-01,Shamli,AdiUcz9BXhx,132,Saharanpur Division,delivery_care,0.7164280837572767,15.0,% of C-section delivery against reported delivery (70% weightage to CHC),31,indicator_31,0.3379443395154661,25.0,203,2.5396379963519014,quality,1.642017866446633,19.0,12.94929471460114,2025,32
p,0.5231820364326806,59.0,2024-04-01,Shamli,AdiUcz9BXhx,132,Saharanpur Division,delivery_care,0.7164280837572767,15.0,% of C-section delivery against reported delivery (30% to DH),32,indicator_32,0.3379443395154661,25.0,203,37.238493723849366,quality,1.642017866446633,19.0,12.94929471460114,2025,32
p,0.5231820364326806,59.0,2024-04-01,Shamli,AdiUcz9BXhx,132,Saharanpur Division,post_natal_care,0.9319618200014133,11.0,% of newborns received HBNC visits (Institutional Delivery and Home Delivery),5,indicator_5,0.9319618200014133,11.0,203,95.84649200373914,coverage,4.375021216689556,69.0,95.84649200373914,2025,32
p,0.5231820364326806,59.0,2024-04-01,Shamli,AdiUcz9BXhx,132,Saharanpur Division,immunization,0.3767945833579736,71.0,"% of children received full immunization (BCG, Penta 1, 2, 3, Measles)",7,indicator_7,0.4649867760266693,53.0,203,86.17039189371881,coverage,4.375021216689556,69.0,86.17039189371881,2025,32
p,0.5231820364326806,59.0,2024-04-01,Shamli,AdiUcz9BXhx,132,Saharanpur Division,immunization,0.3767945833579736,71.0,Ratio of Pentavalent 3 to BCG,6,indicator_6,0.2886023906892778,39.0,203,1.0015911307293537,quality,1.642017866446633,19.0,1.0015911307293537,2025,32
p,0.5231820364326806,59.0,2024-04-01,Shamli,AdiUcz9BXhx,132,Saharanpur Division,communicable_diseases,0.4999750386532288,69.0,% of PW screened for HIV against estimated pregnancy,11,indicator_11,0.9712203256569978,3.0,203,99.5882443358258,coverage,4.375021216689556,69.0,99.5882443358258,2025,32
p,0.5231820364326806,59.0,2024-04-01,Shamli,AdiUcz9BXhx,132,Saharanpur Division,communicable_diseases,0.4999750386532288,69.0,Total case notification rate of TB against expected TB cases,10,indicator_10,0.02872975164945976,70.0,203,16.466466466466468,quality,1.642017866446633,19.0,16.466466466466468,2025,32
p,0.5231820364326806,59.0,2024-04-01,Shamli,AdiUcz9BXhx,132,Saharanpur Division,family_planning,0.18761630012905767,30.0,Permanent Method accepted per 1000 EC,8,indicator_8,0.0,75.0,203,1.9392264127974173,coverage,4.375021216689556,69.0,1.9392264127974173,2025,32
p,0.5231820364326806,59.0,2024-04-01,Shamli,AdiUcz9BXhx,132,Saharanpur Division,family_planning,0.18761630012905767,30.0,Reversible Method accepted per 1000 EC,9,indicator_9,0.3752326002581153,14.0,203,108.72000711220608,coverage,4.375021216689556,69.0,108.72000711220608,2025,32
p,0.5231820364326806,59.0,2024-04-01,Shamli,AdiUcz9BXhx,132,Saharanpur Division,finance,0.7818500310617841,10.0,Per ASHA expenditure of ASHA incentive fund,12,indicator_12,0.7818500310617841,10.0,203,5703.234880450071,coverage,4.375021216689556,69.0,5703.234880450071,2025,32
p,0.5897658040333218,17.0,2024-04-01,Moradabad,YQNQoPjAIpV,134,Moradabad Division,ante_natal,1.0,1.0,% of pregnant women received 4 or more ANC and tested for Hb against estimated PW,1,indicator_1,1.0,1.0,135,100.0,coverage,5.375322289684597,17.0,100.0,2025,51
p,0.5897658040333218,17.0,2024-04-01,Moradabad,YQNQoPjAIpV,134,Moradabad Division,delivery_care,0.6741918756408866,18.0,% of pregnant women delivered in institution against estimated delivery,2,indicator_2,0.360020362720531,54.0,135,59.70289690869029,coverage,5.375322289684597,17.0,59.70289690869029,2025,51
n,0.5897658040333218,17.0,2024-04-01,Moradabad,YQNQoPjAIpV,134,Moradabad Division,delivery_care,0.6741918756408866,18.0,Still birth ratio,4,indicator_4,0.95349890782147,7.0,135,1.2307447991106877,quality,1.7809274270517996,12.0,1.2307447991106877,2025,51
p,0.5897658040333218,17.0,2024-04-01,Moradabad,YQNQoPjAIpV,134,Moradabad Division,delivery_care,0.6741918756408866,18.0,% of C-section delivery against reported delivery (70% weightage to CHC),31,indicator_31,0.3545281781903294,23.0,135,3.5211267605633805,quality,1.7809274270517996,12.0,13.494665709547265,2025,51
p,0.5897658040333218,17.0,2024-04-01,Moradabad,YQNQoPjAIpV,134,Moradabad Division,delivery_care,0.6741918756408866,18.0,% of C-section delivery against reported delivery (30% to DH),32,indicator_32,0.3545281781903294,23.0,135,36.766256590509656,quality,1.7809274270517996,12.0,13.494665709547265,2025,51
p,0.5897658040333218,17.0,2024-04-01,Moradabad,YQNQoPjAIpV,134,Moradabad Division,post_natal_care,1.0,1.0,% of newborns received HBNC visits (Institutional Delivery and Home Delivery),5,indicator_5,1.0,1.0,135,100.0,coverage,5.375322289684597,17.0,100.0,2025,51
p,0.5897658040333218,17.0,2024-04-01,Moradabad,YQNQoPjAIpV,134,Moradabad Division,immunization,0.6610750675633698,16.0,"% of children received full immunization (BCG, Penta 1, 2, 3, Measles)",7,indicator_7,1.0,1.0,135,100.0,coverage,5.375322289684597,17.0,100.0,2025,51
p,0.5897658040333218,17.0,2024-04-01,Moradabad,YQNQoPjAIpV,134,Moradabad Division,immunization,0.6610750675633698,16.0,Ratio of Pentavalent 3 to BCG,6,indicator_6,0.3221501351267395,30.0,135,1.0221053706350829,quality,1.7809274270517996,12.0,1.0221053706350829,2025,51
p,0.5897658040333218,17.0,2024-04-01,Moradabad,YQNQoPjAIpV,134,Moradabad Division,communicable_diseases,0.5753751029566304,29.0,% of PW screened for HIV against estimated pregnancy,11,indicator_11,1.0,1.0,135,100.0,coverage,5.375322289684597,17.0,100.0,2025,51
p,0.5897658040333218,17.0,2024-04-01,Moradabad,YQNQoPjAIpV,134,Moradabad Division,communicable_diseases,0.5753751029566304,29.0,Total case notification rate of TB against expected TB cases,10,indicator_10,0.15075020591326085,31.0,135,18.88456549935149,quality,1.7809274270517996,12.0,18.88456549935149,2025,51
p,0.5897658040333218,17.0,2024-04-01,Moradabad,YQNQoPjAIpV,134,Moradabad Division,family_planning,0.2321640958912786,23.0,Permanent Method accepted per 1000 EC,8,indicator_8,0.14974151714382505,21.0,135,12.565329025161805,coverage,5.375322289684597,17.0,12.565329025161805,2025,51
p,0.5897658040333218,17.0,2024-04-01,Moradabad,YQNQoPjAIpV,134,Moradabad Division,family_planning,0.2321640958912786,23.0,Reversible Method accepted per 1000 EC,9,indicator_9,0.3145866746387321,19.0,135,97.61421154273916,coverage,5.375322289684597,17.0,97.61421154273916,2025,51
p,0.5897658040333218,17.0,2024-04-01,Moradabad,YQNQoPjAIpV,134,Moradabad Division,finance,0.5509737351815074,32.0,Per ASHA expenditure of ASHA incentive fund,12,indicator_12,0.5509737351815074,32.0,135,5185.45751633987,coverage,5.375322289684597,17.0,5185.45751633987,2025,51
p,0.5880334606218853,19.0,2024-04-01,Rampur,IU006h5U7jj,134,Moradabad Division,ante_natal,0.7915749423272067,6.0,% of pregnant women received 4 or more ANC and tested for Hb against estimated PW,1,indicator_1,0.7915749423272067,6.0,136,97.26520559196516,coverage,4.809223516714853,42.0,97.26520559196516,2025,26
p,0.5880334606218853,19.0,2024-04-01,Rampur,IU006h5U7jj,134,Moradabad Division,delivery_care,0.5802984017127291,34.0,% of pregnant women delivered in institution against estimated delivery,2,indicator_2,0.44763108461180573,40.0,136,64.49935914513402,coverage,4.809223516714853,42.0,64.49935914513402,2025,26
n,0.5880334606218853,19.0,2024-04-01,Rampur,IU006h5U7jj,134,Moradabad Division,delivery_care,0.5802984017127291,34.0,Still birth ratio,4,indicator_4,0.8306976669264317,20.0,136,3.2573289902280136,quality,1.4071547182337747,37.0,3.2573289902280136,2025,26
p,0.5880334606218853,19.0,2024-04-01,Rampur,IU006h5U7jj,134,Moradabad Division,delivery_care,0.5802984017127291,34.0,% of C-section delivery against reported delivery (70% weightage to CHC),31,indicator_31,0.2312832267999748,43.0,136,4.104883974197873,quality,1.4071547182337747,37.0,9.441670315680842,2025,26
p,0.5880334606218853,19.0,2024-04-01,Rampur,IU006h5U7jj,134,Moradabad Division,delivery_care,0.5802984017127291,34.0,% of C-section delivery against reported delivery (30% to DH),32,indicator_32,0.2312832267999748,43.0,136,21.89417177914111,quality,1.4071547182337747,37.0,9.441670315680842,2025,26
p,0.5880334606218853,19.0,2024-04-01,Rampur,IU006h5U7jj,134,Moradabad Division,post_natal_care,1.0,1.0,% of newborns received HBNC visits (Institutional Delivery and Home Delivery),5,indicator_5,1.0,1.0,136,100.0,coverage,4.809223516714853,42.0,100.0,2025,26
p,0.5880334606218853,19.0,2024-04-01,Rampur,IU006h5U7jj,134,Moradabad Division,immunization,0.5218653744428503,46.0,"% of children received full immunization (BCG, Penta 1, 2, 3, Measles)",7,indicator_7,0.7964351451032682,26.0,136,94.73803255454835,coverage,4.809223516714853,42.0,94.73803255454835,2025,26
p,0.5880334606218853,19.0,2024-04-01,Rampur,IU006h5U7jj,134,Moradabad Division,immunization,0.5218653744428503,46.0,Ratio of Pentavalent 3 to BCG,6,indicator_6,0.2472956037824324,42.0,136,0.9763322839558696,quality,1.4071547182337747,37.0,0.9763322839558696,2025,26
p,0.5880334606218853,19.0,2024-04-01,Rampur,IU006h5U7jj,134,Moradabad Division,communicable_diseases,0.548939110362468,42.0,% of PW screened for HIV against estimated pregnancy,11,indicator_11,1.0,1.0,136,100.0,coverage,4.809223516714853,42.0,100.0,2025,26
p,0.5880334606218853,19.0,2024-04-01,Rampur,IU006h5U7jj,134,Moradabad Division,communicable_diseases,0.548939110362468,42.0,Total case notification rate of TB against expected TB cases,10,indicator_10,0.09787822072493596,47.0,136,17.836792836792835,quality,1.4071547182337747,37.0,17.836792836792835,2025,26
p,0.5880334606218853,19.0,2024-04-01,Rampur,IU006h5U7jj,134,Moradabad Division,family_planning,0.1102358897077884,58.0,Permanent Method accepted per 1000 EC,8,indicator_8,0.03828299910601851,63.0,136,4.655901684752093,coverage,4.809223516714853,42.0,4.655901684752093,2025,26
p,0.5880334606218853,19.0,2024-04-01,Rampur,IU006h5U7jj,134,Moradabad Division,family_planning,0.1102358897077884,58.0,Reversible Method accepted per 1000 EC,9,indicator_9,0.18218878030955832,52.0,136,73.36882435092859,coverage,4.809223516714853,42.0,73.36882435092859,2025,26
p,0.5880334606218853,19.0,2024-04-01,Rampur,IU006h5U7jj,134,Moradabad Division,finance,0.5531105652569966,31.0,Per ASHA expenditure of ASHA incentive fund,12,indicator_12,0.5531105652569966,31.0,136,5190.249702734838,coverage,4.809223516714853,42.0,5190.249702734838,2025,26
p,0.5122710444532341,62.0,2024-04-01,Bhadohi,PeUY1vj02UQ,200,Mirzapur Division,ante_natal,0.5886495723294216,13.0,% of pregnant women received 4 or more ANC and tested for Hb against estimated PW,1,indicator_1,0.5886495723294216,13.0,198,94.60257388484301,coverage,4.602016756210569,57.0,94.60257388484301,2025,50
p,0.5122710444532341,62.0,2024-04-01,Bhadohi,PeUY1vj02UQ,200,Mirzapur Division,delivery_care,0.5706788387303591,37.0,% of pregnant women delivered in institution against estimated delivery,2,indicator_2,0.6944857040672638,10.0,198,78.0140161933795,coverage,4.602016756210569,57.0,78.0140161933795,2025,50
n,0.5122710444532341,62.0,2024-04-01,Bhadohi,PeUY1vj02UQ,200,Mirzapur Division,delivery_care,0.5706788387303591,37.0,Still birth ratio,4,indicator_4,0.8138731717417501,24.0,198,3.5349829920629627,quality,1.061304367479002,62.0,3.5349829920629627,2025,50
p,0.5122710444532341,62.0,2024-04-01,Bhadohi,PeUY1vj02UQ,200,Mirzapur Division,delivery_care,0.5706788387303591,37.0,% of C-section delivery against reported delivery (70% weightage to CHC),31,indicator_31,0.10183882019103163,62.0,198,4.834558823529412,quality,1.061304367479002,62.0,5.184801552869367,2025,50
p,0.5122710444532341,62.0,2024-04-01,Bhadohi,PeUY1vj02UQ,200,Mirzapur Division,delivery_care,0.5706788387303591,37.0,% of C-section delivery against reported delivery (30% to DH),32,indicator_32,0.10183882019103163,62.0,198,6.002034587995932,quality,1.061304367479002,62.0,5.184801552869367,2025,50
p,0.5122710444532341,62.0,2024-04-01,Bhadohi,PeUY1vj02UQ,200,Mirzapur Division,post_natal_care,0.5151176298817052,43.0,% of newborns received HBNC visits (Institutional Delivery and Home Delivery),5,indicator_5,0.5151176298817052,43.0,198,70.3995197758954,coverage,4.602016756210569,57.0,70.3995197758954,2025,50
p,0.5122710444532341,62.0,2024-04-01,Bhadohi,PeUY1vj02UQ,200,Mirzapur Division,immunization,0.35797992551421104,73.0,"% of children received full immunization (BCG, Penta 1, 2, 3, Measles)",7,indicator_7,0.6393494338901347,47.0,198,90.67750894909372,coverage,4.602016756210569,57.0,90.67750894909372,2025,50
p,0.5122710444532341,62.0,2024-04-01,Bhadohi,PeUY1vj02UQ,200,Mirzapur Division,immunization,0.35797992551421104,73.0,Ratio of Pentavalent 3 to BCG,6,indicator_6,0.07661041713828745,69.0,198,0.8719593394886364,quality,1.061304367479002,62.0,0.8719593394886364,2025,50
p,0.5122710444532341,62.0,2024-04-01,Bhadohi,PeUY1vj02UQ,200,Mirzapur Division,communicable_diseases,0.5344909792039664,50.0,% of PW screened for HIV against estimated pregnancy,11,indicator_11,1.0,1.0,198,100.0,coverage,4.602016756210569,57.0,100.0,2025,50
p,0.5122710444532341,62.0,2024-04-01,Bhadohi,PeUY1vj02UQ,200,Mirzapur Division,communicable_diseases,0.5344909792039664,50.0,Total case notification rate of TB against expected TB cases,10,indicator_10,0.0689819584079327,55.0,198,17.264150943396224,quality,1.061304367479002,62.0,17.264150943396224,2025,50
p,0.5122710444532341,62.0,2024-04-01,Bhadohi,PeUY1vj02UQ,200,Mirzapur Division,family_planning,0.2629834409194263,18.0,Permanent Method accepted per 1000 EC,8,indicator_8,0.23017442135852745,12.0,198,18.27308669917405,coverage,4.602016756210569,57.0,18.27308669917405,2025,50
p,0.5122710444532341,62.0,2024-04-01,Bhadohi,PeUY1vj02UQ,200,Mirzapur Division,family_planning,0.2629834409194263,18.0,Reversible Method accepted per 1000 EC,9,indicator_9,0.2957924604803252,20.0,198,94.17251783948835,coverage,4.602016756210569,57.0,94.17251783948835,2025,50
p,0.5122710444532341,62.0,2024-04-01,Bhadohi,PeUY1vj02UQ,200,Mirzapur Division,finance,0.6384475342031902,23.0,Per ASHA expenditure of ASHA incentive fund,12,indicator_12,0.6384475342031902,23.0,198,5381.631631631632,coverage,4.602016756210569,57.0,5381.631631631632,2025,50
p,0.6246440688355734,8.0,2024-04-01,Mirzapur,UAicdMLyuk4,200,Mirzapur Division,ante_natal,1.0,1.0,% of pregnant women received 4 or more ANC and tested for Hb against estimated PW,1,indicator_1,1.0,1.0,199,100.0,coverage,5.5041357756102025,12.0,100.0,2025,20
p,0.6246440688355734,8.0,2024-04-01,Mirzapur,UAicdMLyuk4,200,Mirzapur Division,delivery_care,0.7634674931375368,7.0,% of pregnant women delivered in institution against estimated delivery,2,indicator_2,0.8391981921862046,3.0,199,85.93665362200042,coverage,5.5041357756102025,12.0,85.93665362200042,2025,20
n,0.6246440688355734,8.0,2024-04-01,Mirzapur,UAicdMLyuk4,200,Mirzapur Division,delivery_care,0.7634674931375368,7.0,Still birth ratio,4,indicator_4,0.5767468310822621,46.0,199,7.448269940757275,quality,1.4171098461904958,36.0,7.448269940757275,2025,20
p,0.6246440688355734,8.0,2024-04-01,Mirzapur,UAicdMLyuk4,200,Mirzapur Division,delivery_care,0.7634674931375368,7.0,% of C-section delivery against reported delivery (70% weightage to CHC),31,indicator_31,0.4372287280720719,13.0,199,1.2771520514883348,quality,1.4171098461904958,36.0,16.214330441932848,2025,20
p,0.6246440688355734,8.0,2024-04-01,Mirzapur,UAicdMLyuk4,200,Mirzapur Division,delivery_care,0.7634674931375368,7.0,% of C-section delivery against reported delivery (30% to DH),32,indicator_32,0.4372287280720719,13.0,199,51.06774668630339,quality,1.4171098461904958,36.0,16.214330441932848,2025,20
p,0.6246440688355734,8.0,2024-04-01,Mirzapur,UAicdMLyuk4,200,Mirzapur Division,post_natal_care,0.7558758549197135,36.0,% of newborns received HBNC visits (Institutional Delivery and Home Delivery),5,indicator_5,0.7558758549197135,36.0,199,85.09702069202369,coverage,5.5041357756102025,12.0,85.09702069202369,2025,20
p,0.6246440688355734,8.0,2024-04-01,Mirzapur,UAicdMLyuk4,200,Mirzapur Division,immunization,0.5110968240499338,50.0,"% of children received full immunization (BCG, Penta 1, 2, 3, Measles)",7,indicator_7,0.7138143501589241,41.0,199,92.60235970701768,coverage,5.5041357756102025,12.0,92.60235970701768,2025,20
p,0.6246440688355734,8.0,2024-04-01,Mirzapur,UAicdMLyuk4,200,Mirzapur Division,immunization,0.5110968240499338,50.0,Ratio of Pentavalent 3 to BCG,6,indicator_6,0.30837929794094365,33.0,199,1.013684588181026,quality,1.4171098461904958,36.0,1.013684588181026,2025,20
p,0.6246440688355734,8.0,2024-04-01,Mirzapur,UAicdMLyuk4,200,Mirzapur Division,communicable_diseases,0.5473774945476092,46.0,% of PW screened for HIV against estimated pregnancy,11,indicator_11,1.0,1.0,199,100.0,coverage,5.5041357756102025,12.0,100.0,2025,20
p,0.6246440688355734,8.0,2024-04-01,Mirzapur,UAicdMLyuk4,200,Mirzapur Division,communicable_diseases,0.5473774945476092,46.0,Total case notification rate of TB against expected TB cases,10,indicator_10,0.0947549890952183,51.0,199,17.774899251583193,quality,1.4171098461904958,36.0,17.774899251583193,2025,20
p,0.6246440688355734,8.0,2024-04-01,Mirzapur,UAicdMLyuk4,200,Mirzapur Division,family_planning,0.1812198083337143,32.0,Permanent Method accepted per 1000 EC,8,indicator_8,0.3316675525733334,6.0,199,25.475340605168785,coverage,5.5041357756102025,12.0,25.475340605168785,2025,20
p,0.6246440688355734,8.0,2024-04-01,Mirzapur,UAicdMLyuk4,200,Mirzapur Division,family_planning,0.1812198083337143,32.0,Reversible Method accepted per 1000 EC,9,indicator_9,0.03077206409409518,72.0,199,45.640612127031744,coverage,5.5041357756102025,12.0,45.640612127031744,2025,20
p,0.6246440688355734,8.0,2024-04-01,Mirzapur,UAicdMLyuk4,200,Mirzapur Division,finance,0.8328077616779321,5.0,Per ASHA expenditure of ASHA incentive fund,12,indicator_12,0.8328077616779321,5.0,199,5817.515817515818,coverage,5.5041357756102025,12.0,5817.515817515818,2025,20
p,0.5904667156119379,16.0,2024-04-01,Sambhal,YzHpzrN0eLv,134,Moradabad Division,ante_natal,1.0,1.0,% of pregnant women received 4 or more ANC and tested for Hb against estimated PW,1,indicator_1,1.0,1.0,205,100.0,coverage,5.612283967867676,10.0,100.0,2025,13
p,0.5904667156119379,16.0,2024-04-01,Sambhal,YzHpzrN0eLv,134,Moradabad Division,delivery_care,0.4867795737424328,49.0,% of pregnant women delivered in institution against estimated delivery,2,indicator_2,0.6160225025674374,20.0,205,73.7183572281282,coverage,5.612283967867676,10.0,73.7183572281282,2025,13
n,0.5904667156119379,16.0,2024-04-01,Sambhal,YzHpzrN0eLv,134,Moradabad Division,delivery_care,0.4867795737424328,49.0,Still birth ratio,4,indicator_4,0.8291759720235082,21.0,205,3.282441463127241,quality,1.178198768479968,52.0,3.282441463127241,2025,13
p,0.5904667156119379,16.0,2024-04-01,Sambhal,YzHpzrN0eLv,134,Moradabad Division,delivery_care,0.4867795737424328,49.0,% of C-section delivery against reported delivery (70% weightage to CHC),31,indicator_31,0.0075701233181763045,72.0,205,1.2385687649826866,quality,1.178198768479968,52.0,2.084710312609652,2025,13
p,0.5904667156119379,16.0,2024-04-01,Sambhal,YzHpzrN0eLv,134,Moradabad Division,delivery_care,0.4867795737424328,49.0,% of C-section delivery against reported delivery (30% to DH),32,indicator_32,0.0075701233181763045,72.0,205,4.059040590405904,quality,1.178198768479968,52.0,2.084710312609652,2025,13
p,0.5904667156119379,16.0,2024-04-01,Sambhal,YzHpzrN0eLv,134,Moradabad Division,post_natal_care,1.0,1.0,% of newborns received HBNC visits (Institutional Delivery and Home Delivery),5,indicator_5,1.0,1.0,205,100.0,coverage,5.612283967867676,10.0,100.0,2025,13
p,0.5904667156119379,16.0,2024-04-01,Sambhal,YzHpzrN0eLv,134,Moradabad Division,immunization,0.5408647954858958,38.0,"% of children received full immunization (BCG, Penta 1, 2, 3, Measles)",7,indicator_7,1.0,1.0,205,100.0,coverage,5.612283967867676,10.0,100.0,2025,13
p,0.5904667156119379,16.0,2024-04-01,Sambhal,YzHpzrN0eLv,134,Moradabad Division,immunization,0.5408647954858958,38.0,Ratio of Pentavalent 3 to BCG,6,indicator_6,0.08172959097179172,68.0,205,0.8750896828813316,quality,1.178198768479968,52.0,0.8750896828813316,2025,13
p,0.5904667156119379,16.0,2024-04-01,Sambhal,YzHpzrN0eLv,134,Moradabad Division,communicable_diseases,0.6298615410832458,12.0,% of PW screened for HIV against estimated pregnancy,11,indicator_11,1.0,1.0,205,100.0,coverage,5.612283967867676,10.0,100.0,2025,13
p,0.5904667156119379,16.0,2024-04-01,Sambhal,YzHpzrN0eLv,134,Moradabad Division,communicable_diseases,0.6298615410832458,12.0,Total case notification rate of TB against expected TB cases,10,indicator_10,0.25972308216649154,14.0,205,21.044098573281453,quality,1.178198768479968,52.0,21.044098573281453,2025,13
p,0.5904667156119379,16.0,2024-04-01,Sambhal,YzHpzrN0eLv,134,Moradabad Division,family_planning,0.2301934309463892,24.0,Permanent Method accepted per 1000 EC,8,indicator_8,0.08119408314434551,41.0,205,7.7009996034615265,coverage,5.612283967867676,10.0,7.7009996034615265,2025,13
p,0.5904667156119379,16.0,2024-04-01,Sambhal,YzHpzrN0eLv,134,Moradabad Division,family_planning,0.2301934309463892,24.0,Reversible Method accepted per 1000 EC,9,indicator_9,0.3791927787484329,12.0,205,109.44521548000469,coverage,5.612283967867676,10.0,109.44521548000469,2025,13
p,0.5904667156119379,16.0,2024-04-01,Sambhal,YzHpzrN0eLv,134,Moradabad Division,finance,0.5358746034074606,37.0,Per ASHA expenditure of ASHA incentive fund,12,indicator_12,0.5358746034074606,37.0,205,5151.595275868147,coverage,5.612283967867676,10.0,5151.595275868147,2025,13
p,0.5687957216986815,29.0,2024-04-01,Auraiya,Bd6E8zkVvVt,161,Kanpur Nagar Division,ante_natal,1.0,1.0,% of pregnant women received 4 or more ANC and tested for Hb against estimated PW,1,indicator_1,1.0,1.0,162,100.0,coverage,5.778480962723794,5.0,100.0,2025,37
p,0.5687957216986815,29.0,2024-04-01,Auraiya,Bd6E8zkVvVt,161,Kanpur Nagar Division,delivery_care,0.4627629528986201,55.0,% of pregnant women delivered in institution against estimated delivery,2,indicator_2,0.44434875571846943,42.0,162,64.31966005985524,coverage,5.778480962723794,5.0,64.31966005985524,2025,37
n,0.5687957216986815,29.0,2024-04-01,Auraiya,Bd6E8zkVvVt,161,Kanpur Nagar Division,delivery_care,0.4627629528986201,55.0,Still birth ratio,4,indicator_4,0.9422137980028426,10.0,162,1.4169825356902477,quality,1.667609885947564,15.0,1.4169825356902477,2025,37
p,0.5687957216986815,29.0,2024-04-01,Auraiya,Bd6E8zkVvVt,161,Kanpur Nagar Division,delivery_care,0.4627629528986201,55.0,% of C-section delivery against reported delivery (70% weightage to CHC),31,indicator_31,0.0008631524872742773,74.0,162,0.2735807996020643,quality,1.667609885947564,15.0,1.8641469420392465,2025,37
p,0.5687957216986815,29.0,2024-04-01,Auraiya,Bd6E8zkVvVt,161,Kanpur Nagar Division,delivery_care,0.4627629528986201,55.0,% of C-section delivery against reported delivery (30% to DH),32,indicator_32,0.0008631524872742773,74.0,162,5.575467941059339,quality,1.667609885947564,15.0,1.8641469420392465,2025,37
p,0.5687957216986815,29.0,2024-04-01,Auraiya,Bd6E8zkVvVt,161,Kanpur Nagar Division,post_natal_care,0.912202718024636,15.0,% of newborns received HBNC visits (Institutional Delivery and Home Delivery),5,indicator_5,0.912202718024636,15.0,162,94.64026355875164,coverage,5.778480962723794,5.0,94.64026355875164,2025,37
p,0.5687957216986815,29.0,2024-04-01,Auraiya,Bd6E8zkVvVt,161,Kanpur Nagar Division,immunization,0.8136284620377672,2.0,"% of children received full immunization (BCG, Penta 1, 2, 3, Measles)",7,indicator_7,1.0,1.0,162,100.0,coverage,5.778480962723794,5.0,100.0,2025,37
p,0.5687957216986815,29.0,2024-04-01,Auraiya,Bd6E8zkVvVt,161,Kanpur Nagar Division,immunization,0.8136284620377672,2.0,Ratio of Pentavalent 3 to BCG,6,indicator_6,0.6272569240755345,5.0,162,1.208676300225596,quality,1.667609885947564,15.0,1.208676300225596,2025,37
p,0.5687957216986815,29.0,2024-04-01,Auraiya,Bd6E8zkVvVt,161,Kanpur Nagar Division,communicable_diseases,0.5486380056909563,43.0,% of PW screened for HIV against estimated pregnancy,11,indicator_11,1.0,1.0,162,100.0,coverage,5.778480962723794,5.0,100.0,2025,37
p,0.5687957216986815,29.0,2024-04-01,Auraiya,Bd6E8zkVvVt,161,Kanpur Nagar Division,communicable_diseases,0.5486380056909563,43.0,Total case notification rate of TB against expected TB cases,10,indicator_10,0.09727601138191276,48.0,162,17.82485875706215,quality,1.667609885947564,15.0,17.82485875706215,2025,37
p,0.5687957216986815,29.0,2024-04-01,Auraiya,Bd6E8zkVvVt,161,Kanpur Nagar Division,family_planning,0.5137520531036898,3.0,Permanent Method accepted per 1000 EC,8,indicator_8,0.0950574785821643,35.0,162,8.684787301675867,coverage,5.778480962723794,5.0,8.684787301675867,2025,37
p,0.5687957216986815,29.0,2024-04-01,Auraiya,Bd6E8zkVvVt,161,Kanpur Nagar Division,family_planning,0.5137520531036898,3.0,Reversible Method accepted per 1000 EC,9,indicator_9,0.9324466276252152,2.0,162,210.7599218002342,coverage,5.778480962723794,5.0,210.7599218002342,2025,37
p,0.5687957216986815,29.0,2024-04-01,Auraiya,Bd6E8zkVvVt,161,Kanpur Nagar Division,finance,0.3944253827733088,55.0,Per ASHA expenditure of ASHA incentive fund,12,indicator_12,0.3944253827733088,55.0,162,4834.372564302415,coverage,5.778480962723794,5.0,4834.372564302415,2025,37
p,0.6057791461787152,11.0,2024-04-01,Etawah,Pm0jLk6EAiE,161,Kanpur Nagar Division,ante_natal,1.0,1.0,% of pregnant women received 4 or more ANC and tested for Hb against estimated PW,1,indicator_1,1.0,1.0,161,100.0,coverage,5.394762896759021,15.0,100.0,2025,62
p,0.6057791461787152,11.0,2024-04-01,Etawah,Pm0jLk6EAiE,161,Kanpur Nagar Division,delivery_care,0.6736531045705788,19.0,% of pregnant women delivered in institution against estimated delivery,2,indicator_2,0.5907372575814445,22.0,161,72.33405494073179,coverage,5.394762896759021,15.0,72.33405494073179,2025,62
n,0.6057791461787152,11.0,2024-04-01,Etawah,Pm0jLk6EAiE,161,Kanpur Nagar Division,delivery_care,0.6736531045705788,19.0,Still birth ratio,4,indicator_4,0.8722495605441234,15.0,161,2.571599675907986,quality,1.8784511407398627,8.0,2.571599675907986,2025,62
p,0.6057791461787152,11.0,2024-04-01,Etawah,Pm0jLk6EAiE,161,Kanpur Nagar Division,delivery_care,0.6736531045705788,19.0,% of C-section delivery against reported delivery (70% weightage to CHC),31,indicator_31,0.2789862477930844,33.0,161,1.1519078473722102,quality,1.8784511407398627,8.0,11.010417125813609,2025,62
p,0.6057791461787152,11.0,2024-04-01,Etawah,Pm0jLk6EAiE,161,Kanpur Nagar Division,delivery_care,0.6736531045705788,19.0,% of C-section delivery against reported delivery (30% to DH),32,indicator_32,0.2789862477930844,33.0,161,34.013605442176875,quality,1.8784511407398627,8.0,11.010417125813609,2025,62
p,0.6057791461787152,11.0,2024-04-01,Etawah,Pm0jLk6EAiE,161,Kanpur Nagar Division,post_natal_care,1.0,1.0,% of newborns received HBNC visits (Institutional Delivery and Home Delivery),5,indicator_5,1.0,1.0,161,100.0,coverage,5.394762896759021,15.0,100.0,2025,62
p,0.6057791461787152,11.0,2024-04-01,Etawah,Pm0jLk6EAiE,161,Kanpur Nagar Division,immunization,0.657940150347073,18.0,"% of children received full immunization (BCG, Penta 1, 2, 3, Measles)",7,indicator_7,0.9064661881695034,7.0,161,97.58223553299143,coverage,5.394762896759021,15.0,97.58223553299143,2025,62
p,0.6057791461787152,11.0,2024-04-01,Etawah,Pm0jLk6EAiE,161,Kanpur Nagar Division,immunization,0.657940150347073,18.0,Ratio of Pentavalent 3 to BCG,6,indicator_6,0.4094141125246426,17.0,161,1.0754667574432428,quality,1.8784511407398627,8.0,1.0754667574432428,2025,62
p,0.6057791461787152,11.0,2024-04-01,Etawah,Pm0jLk6EAiE,161,Kanpur Nagar Division,communicable_diseases,0.6589006099390061,5.0,% of PW screened for HIV against estimated pregnancy,11,indicator_11,1.0,1.0,161,100.0,coverage,5.394762896759021,15.0,100.0,2025,62
p,0.6057791461787152,11.0,2024-04-01,Etawah,Pm0jLk6EAiE,161,Kanpur Nagar Division,communicable_diseases,0.6589006099390061,5.0,Total case notification rate of TB against expected TB cases,10,indicator_10,0.31780121987801224,6.0,161,22.19504240052185,quality,1.8784511407398627,8.0,22.19504240052185,2025,62
p,0.6057791461787152,11.0,2024-04-01,Etawah,Pm0jLk6EAiE,161,Kanpur Nagar Division,family_planning,0.2635660278258965,17.0,Permanent Method accepted per 1000 EC,8,indicator_8,0.09677698163553662,34.0,161,8.806808343240835,coverage,5.394762896759021,15.0,8.806808343240835,2025,62
p,0.6057791461787152,11.0,2024-04-01,Etawah,Pm0jLk6EAiE,161,Kanpur Nagar Division,family_planning,0.2635660278258965,17.0,Reversible Method accepted per 1000 EC,9,indicator_9,0.4303550740162565,10.0,161,118.8143196087007,coverage,5.394762896759021,15.0,118.8143196087007,2025,62
p,0.6057791461787152,11.0,2024-04-01,Etawah,Pm0jLk6EAiE,161,Kanpur Nagar Division,finance,0.37042739535628055,59.0,Per ASHA expenditure of ASHA incentive fund,12,indicator_12,0.37042739535628055,59.0,161,4780.553203499859,coverage,5.394762896759021,15.0,4780.553203499859,2025,62
p,0.4745197511974226,69.0,2024-04-01,Farrukhabad,uEEwlAGZXWW,161,Kanpur Nagar Division,ante_natal,1.0,1.0,% of pregnant women received 4 or more ANC and tested for Hb against estimated PW,1,indicator_1,1.0,1.0,159,100.0,coverage,4.994639458449173,33.0,100.0,2025,49
p,0.4745197511974226,69.0,2024-04-01,Farrukhabad,uEEwlAGZXWW,161,Kanpur Nagar Division,delivery_care,0.2755526988192621,73.0,% of pregnant women delivered in institution against estimated delivery,2,indicator_2,0.33642435448922736,62.0,159,58.41107599945596,coverage,4.994639458449173,33.0,58.41107599945596,2025,49
n,0.4745197511974226,69.0,2024-04-01,Farrukhabad,uEEwlAGZXWW,161,Kanpur Nagar Division,delivery_care,0.2755526988192621,73.0,Still birth ratio,4,indicator_4,0.4902337419685589,59.0,159,8.875992148160792,quality,0.8332362054032878,73.0,8.875992148160792,2025,49
p,0.4745197511974226,69.0,2024-04-01,Farrukhabad,uEEwlAGZXWW,161,Kanpur Nagar Division,delivery_care,0.2755526988192621,73.0,% of C-section delivery against reported delivery (70% weightage to CHC),31,indicator_31,0.0,75.0,159,0.8227934176526588,quality,0.8332362054032878,73.0,1.8357615760209125,2025,49
p,0.4745197511974226,69.0,2024-04-01,Farrukhabad,uEEwlAGZXWW,161,Kanpur Nagar Division,delivery_care,0.2755526988192621,73.0,% of C-section delivery against reported delivery (30% to DH),32,indicator_32,0.0,75.0,159,4.199353945546839,quality,0.8332362054032878,73.0,1.8357615760209125,2025,49
p,0.4745197511974226,69.0,2024-04-01,Farrukhabad,uEEwlAGZXWW,161,Kanpur Nagar Division,post_natal_care,1.0,1.0,% of newborns received HBNC visits (Institutional Delivery and Home Delivery),5,indicator_5,1.0,1.0,159,100.0,coverage,4.994639458449173,33.0,100.0,2025,49
p,0.4745197511974226,69.0,2024-04-01,Farrukhabad,uEEwlAGZXWW,161,Kanpur Nagar Division,immunization,0.5237519345635901,44.0,"% of children received full immunization (BCG, Penta 1, 2, 3, Measles)",7,indicator_7,0.7513242293483279,31.0,159,93.57195616942074,coverage,4.994639458449173,33.0,93.57195616942074,2025,49
p,0.4745197511974226,69.0,2024-04-01,Farrukhabad,uEEwlAGZXWW,161,Kanpur Nagar Division,immunization,0.5237519345635901,44.0,Ratio of Pentavalent 3 to BCG,6,indicator_6,0.2961796397788524,37.0,159,1.0062245720606708,quality,0.8332362054032878,73.0,1.0062245720606708,2025,49
p,0.4745197511974226,69.0,2024-04-01,Farrukhabad,uEEwlAGZXWW,161,Kanpur Nagar Division,communicable_diseases,0.5234114118279383,59.0,% of PW screened for HIV against estimated pregnancy,11,indicator_11,1.0,1.0,159,100.0,coverage,4.994639458449173,33.0,100.0,2025,49
p,0.4745197511974226,69.0,2024-04-01,Farrukhabad,uEEwlAGZXWW,161,Kanpur Nagar Division,communicable_diseases,0.5234114118279383,59.0,Total case notification rate of TB against expected TB cases,10,indicator_10,0.04682282365587659,65.0,159,16.825019794140932,quality,0.8332362054032878,73.0,16.825019794140932,2025,49
p,0.4745197511974226,69.0,2024-04-01,Farrukhabad,uEEwlAGZXWW,161,Kanpur Nagar Division,family_planning,0.16714078084625478,36.0,Permanent Method accepted per 1000 EC,8,indicator_8,0.053052119882682915,55.0,159,5.703962341947796,coverage,4.994639458449173,33.0,5.703962341947796,2025,49
p,0.4745197511974226,69.0,2024-04-01,Farrukhabad,uEEwlAGZXWW,161,Kanpur Nagar Division,family_planning,0.16714078084625478,36.0,Reversible Method accepted per 1000 EC,9,indicator_9,0.2812294418098267,27.0,159,91.5056625383765,coverage,4.994639458449173,33.0,91.5056625383765,2025,49
p,0.4745197511974226,69.0,2024-04-01,Farrukhabad,uEEwlAGZXWW,161,Kanpur Nagar Division,finance,0.5726093129191079,29.0,Per ASHA expenditure of ASHA incentive fund,12,indicator_12,0.5726093129191079,29.0,159,5233.978792070078,coverage,4.994639458449173,33.0,5233.978792070078,2025,49
p,0.542268254809656,49.0,2024-04-01,Kannauj,IhQbDYRiF8w,161,Kanpur Nagar Division,ante_natal,1.0,1.0,% of pregnant women received 4 or more ANC and tested for Hb against estimated PW,1,indicator_1,1.0,1.0,160,100.0,coverage,5.157356314344947,25.0,100.0,2025,73
p,0.542268254809656,49.0,2024-04-01,Kannauj,IhQbDYRiF8w,161,Kanpur Nagar Division,delivery_care,0.4651000617455874,54.0,% of pregnant women delivered in institution against estimated delivery,2,indicator_2,0.5743317294958538,24.0,160,71.43589437050952,coverage,5.157356314344947,25.0,71.43589437050952,2025,73
n,0.542268254809656,49.0,2024-04-01,Kannauj,IhQbDYRiF8w,161,Kanpur Nagar Division,delivery_care,0.4651000617455874,54.0,Still birth ratio,4,indicator_4,0.6337779187373619,43.0,160,6.507088078085058,quality,1.4493541256534457,32.0,6.507088078085058,2025,73
p,0.542268254809656,49.0,2024-04-01,Kannauj,IhQbDYRiF8w,161,Kanpur Nagar Division,delivery_care,0.4651000617455874,54.0,% of C-section delivery against reported delivery (70% weightage to CHC),31,indicator_31,0.09359526850177334,63.0,160,0.0076440911175661205,quality,1.4493541256534457,32.0,4.913706658930543,2025,73
p,0.542268254809656,49.0,2024-04-01,Kannauj,IhQbDYRiF8w,161,Kanpur Nagar Division,delivery_care,0.4651000617455874,54.0,% of C-section delivery against reported delivery (30% to DH),32,indicator_32,0.09359526850177334,63.0,160,16.361185983827493,quality,1.4493541256534457,32.0,4.913706658930543,2025,73
p,0.542268254809656,49.0,2024-04-01,Kannauj,IhQbDYRiF8w,161,Kanpur Nagar Division,post_natal_care,0.7658361430196469,34.0,% of newborns received HBNC visits (Institutional Delivery and Home Delivery),5,indicator_5,0.7658361430196469,34.0,160,85.70506365068299,coverage,5.157356314344947,25.0,85.70506365068299,2025,73
p,0.542268254809656,49.0,2024-04-01,Kannauj,IhQbDYRiF8w,161,Kanpur Nagar Division,immunization,0.5843835365028653,33.0,"% of children received full immunization (BCG, Penta 1, 2, 3, Measles)",7,indicator_7,0.817600579462723,19.0,160,95.2851398959644,coverage,5.157356314344947,25.0,95.2851398959644,2025,73
p,0.542268254809656,49.0,2024-04-01,Kannauj,IhQbDYRiF8w,161,Kanpur Nagar Division,immunization,0.5843835365028653,33.0,Ratio of Pentavalent 3 to BCG,6,indicator_6,0.3511664935430078,25.0,160,1.0398486957892248,quality,1.4493541256534457,32.0,1.0398486957892248,2025,73
p,0.542268254809656,49.0,2024-04-01,Kannauj,IhQbDYRiF8w,161,Kanpur Nagar Division,communicable_diseases,0.6854072224356511,4.0,% of PW screened for HIV against estimated pregnancy,11,indicator_11,1.0,1.0,160,100.0,coverage,5.157356314344947,25.0,100.0,2025,73
p,0.542268254809656,49.0,2024-04-01,Kannauj,IhQbDYRiF8w,161,Kanpur Nagar Division,communicable_diseases,0.6854072224356511,4.0,Total case notification rate of TB against expected TB cases,10,indicator_10,0.3708144448713023,4.0,160,23.24561403508772,quality,1.4493541256534457,32.0,23.24561403508772,2025,73
p,0.542268254809656,49.0,2024-04-01,Kannauj,IhQbDYRiF8w,161,Kanpur Nagar Division,family_planning,0.15423112019015078,42.0,Permanent Method accepted per 1000 EC,8,indicator_8,0.02068399251383421,71.0,160,3.407023928661192,coverage,5.157356314344947,25.0,3.407023928661192,2025,73
p,0.542268254809656,49.0,2024-04-01,Kannauj,IhQbDYRiF8w,161,Kanpur Nagar Division,family_planning,0.15423112019015078,42.0,Reversible Method accepted per 1000 EC,9,indicator_9,0.2877782478664674,24.0,160,92.70491377489971,coverage,5.157356314344947,25.0,92.70491377489971,2025,73
p,0.542268254809656,49.0,2024-04-01,Kannauj,IhQbDYRiF8w,161,Kanpur Nagar Division,finance,0.6911256219864209,17.0,Per ASHA expenditure of ASHA incentive fund,12,indicator_12,0.6911256219864209,17.0,160,5499.770747363595,coverage,5.157356314344947,25.0,5499.770747363595,2025,73
p,0.5623444787757099,33.0,2024-04-01,Sonbhadra,NNk3JP90QZ5,200,Mirzapur Division,ante_natal,1.0,1.0,% of pregnant women received 4 or more ANC and tested for Hb against estimated PW,1,indicator_1,1.0,1.0,200,100.0,coverage,5.254767418411445,20.0,100.0,2025,74
p,0.5623444787757099,33.0,2024-04-01,Sonbhadra,NNk3JP90QZ5,200,Mirzapur Division,delivery_care,0.5963732766254887,33.0,% of pregnant women delivered in institution against estimated delivery,2,indicator_2,0.5221163852624594,28.0,200,68.57723824518739,coverage,5.254767418411445,20.0,68.57723824518739,2025,74
n,0.5623444787757099,33.0,2024-04-01,Sonbhadra,NNk3JP90QZ5,200,Mirzapur Division,delivery_care,0.5963732766254887,33.0,Still birth ratio,4,indicator_4,0.5556943080526732,48.0,200,7.795698924731183,quality,1.1775939180882866,53.0,7.795698924731183,2025,74
p,0.5623444787757099,33.0,2024-04-01,Sonbhadra,NNk3JP90QZ5,200,Mirzapur Division,delivery_care,0.5963732766254887,33.0,% of C-section delivery against reported delivery (70% weightage to CHC),31,indicator_31,0.3556545682806668,22.0,200,2.0676885094126116,quality,1.1775939180882866,53.0,13.531707826050475,2025,74
p,0.5623444787757099,33.0,2024-04-01,Sonbhadra,NNk3JP90QZ5,200,Mirzapur Division,delivery_care,0.5963732766254887,33.0,% of C-section delivery against reported delivery (30% to DH),32,indicator_32,0.3556545682806668,22.0,200,40.28108623153883,quality,1.1775939180882866,53.0,13.531707826050475,2025,74
p,0.5623444787757099,33.0,2024-04-01,Sonbhadra,NNk3JP90QZ5,200,Mirzapur Division,post_natal_care,0.8019540940115899,29.0,% of newborns received HBNC visits (Institutional Delivery and Home Delivery),5,indicator_5,0.8019540940115899,29.0,200,87.90994623655916,coverage,5.254767418411445,20.0,87.90994623655916,2025,74
p,0.5623444787757099,33.0,2024-04-01,Sonbhadra,NNk3JP90QZ5,200,Mirzapur Division,immunization,0.3723697825556508,72.0,"% of children received full immunization (BCG, Penta 1, 2, 3, Measles)",7,indicator_7,0.5754023210676324,49.0,200,89.02453390056027,coverage,5.254767418411445,20.0,89.02453390056027,2025,74
p,0.5623444787757099,33.0,2024-04-01,Sonbhadra,NNk3JP90QZ5,200,Mirzapur Division,immunization,0.3723697825556508,72.0,Ratio of Pentavalent 3 to BCG,6,indicator_6,0.16933724404366915,57.0,200,0.9286612252556524,quality,1.1775939180882866,53.0,0.9286612252556524,2025,74
p,0.5623444787757099,33.0,2024-04-01,Sonbhadra,NNk3JP90QZ5,200,Mirzapur Division,communicable_diseases,0.5484538988556388,44.0,% of PW screened for HIV against estimated pregnancy,11,indicator_11,1.0,1.0,200,100.0,coverage,5.254767418411445,20.0,100.0,2025,74
p,0.5623444787757099,33.0,2024-04-01,Sonbhadra,NNk3JP90QZ5,200,Mirzapur Division,communicable_diseases,0.5484538988556388,44.0,Total case notification rate of TB against expected TB cases,10,indicator_10,0.0969077977112775,49.0,200,17.81756180733163,quality,1.1775939180882866,53.0,17.81756180733163,2025,74
p,0.5623444787757099,33.0,2024-04-01,Sonbhadra,NNk3JP90QZ5,200,Mirzapur Division,family_planning,0.3476261919636737,7.0,Permanent Method accepted per 1000 EC,8,indicator_8,0.4023824305155728,2.0,200,30.49347828380152,coverage,5.254767418411445,20.0,30.49347828380152,2025,74
p,0.5623444787757099,33.0,2024-04-01,Sonbhadra,NNk3JP90QZ5,200,Mirzapur Division,family_planning,0.3476261919636737,7.0,Reversible Method accepted per 1000 EC,9,indicator_9,0.29286995341177474,23.0,200,93.63733322943979,coverage,5.254767418411445,20.0,93.63733322943979,2025,74
p,0.5623444787757099,33.0,2024-04-01,Sonbhadra,NNk3JP90QZ5,200,Mirzapur Division,finance,0.6600422341424151,21.0,Per ASHA expenditure of ASHA incentive fund,12,indicator_12,0.6600422341424151,21.0,200,5430.061232300038,coverage,5.254767418411445,20.0,5430.061232300038,2025,74
p,0.5784350936731679,24.0,2024-04-01,Jalaun,NL5xiiHZQSC,165,Jhansi Division,ante_natal,0.9687094475059046,3.0,% of pregnant women received 4 or more ANC and tested for Hb against estimated PW,1,indicator_1,0.9687094475059046,3.0,165,99.58942927045021,coverage,4.434000447441062,66.0,99.58942927045021,2025,4
p,0.5784350936731679,24.0,2024-04-01,Jalaun,NL5xiiHZQSC,165,Jhansi Division,delivery_care,0.43824906463446506,58.0,% of pregnant women delivered in institution against estimated delivery,2,indicator_2,0.3749097834603594,53.0,165,60.51805449168267,coverage,4.434000447441062,66.0,60.51805449168267,2025,4
n,0.5784350936731679,24.0,2024-04-01,Jalaun,NL5xiiHZQSC,165,Jhansi Division,delivery_care,0.43824906463446506,58.0,Still birth ratio,4,indicator_4,0.6412289315448724,42.0,165,6.384124298130912,quality,1.4841008757393888,28.0,6.384124298130912,2025,4
p,0.5784350936731679,24.0,2024-04-01,Jalaun,NL5xiiHZQSC,165,Jhansi Division,delivery_care,0.43824906463446506,58.0,% of C-section delivery against reported delivery (70% weightage to CHC),31,indicator_31,0.14930423944908167,50.0,165,1.2132746520756512,quality,1.4841008757393888,28.0,6.745734665752004,2025,4
p,0.5784350936731679,24.0,2024-04-01,Jalaun,NL5xiiHZQSC,165,Jhansi Division,delivery_care,0.43824906463446506,58.0,% of C-section delivery against reported delivery (30% to DH),32,indicator_32,0.14930423944908167,50.0,165,19.65480803099683,quality,1.4841008757393888,28.0,6.745734665752004,2025,4
p,0.5784350936731679,24.0,2024-04-01,Jalaun,NL5xiiHZQSC,165,Jhansi Division,post_natal_care,0.6652254514435415,38.0,% of newborns received HBNC visits (Institutional Delivery and Home Delivery),5,indicator_5,0.6652254514435415,38.0,165,79.56311052995923,coverage,4.434000447441062,66.0,79.56311052995923,2025,4
p,0.5784350936731679,24.0,2024-04-01,Jalaun,NL5xiiHZQSC,165,Jhansi Division,immunization,0.40903387126570623,69.0,"% of children received full immunization (BCG, Penta 1, 2, 3, Measles)",7,indicator_7,0.2733918103371176,54.0,165,81.21783526167009,coverage,4.434000447441062,66.0,81.21783526167009,2025,4
p,0.5784350936731679,24.0,2024-04-01,Jalaun,NL5xiiHZQSC,165,Jhansi Division,immunization,0.40903387126570623,69.0,Ratio of Pentavalent 3 to BCG,6,indicator_6,0.5446759321942948,10.0,165,1.1581785303304288,quality,1.4841008757393888,28.0,1.1581785303304288,2025,4
p,0.5784350936731679,24.0,2024-04-01,Jalaun,NL5xiiHZQSC,165,Jhansi Division,communicable_diseases,0.5744458862755699,30.0,% of PW screened for HIV against estimated pregnancy,11,indicator_11,1.0,1.0,165,100.0,coverage,4.434000447441062,66.0,100.0,2025,4
p,0.5784350936731679,24.0,2024-04-01,Jalaun,NL5xiiHZQSC,165,Jhansi Division,communicable_diseases,0.5744458862755699,30.0,Total case notification rate of TB against expected TB cases,10,indicator_10,0.14889177255114003,32.0,165,18.847736625514408,quality,1.4841008757393888,28.0,18.847736625514408,2025,4
p,0.5784350936731679,24.0,2024-04-01,Jalaun,NL5xiiHZQSC,165,Jhansi Division,family_planning,0.3037753775188297,13.0,Permanent Method accepted per 1000 EC,8,indicator_8,0.1696870274910939,18.0,165,13.980721654064356,coverage,4.434000447441062,66.0,13.980721654064356,2025,4
p,0.5784350936731679,24.0,2024-04-01,Jalaun,NL5xiiHZQSC,165,Jhansi Division,family_planning,0.3037753775188297,13.0,Reversible Method accepted per 1000 EC,9,indicator_9,0.4378637275465655,9.0,165,120.1893430790806,coverage,4.434000447441062,66.0,120.1893430790806,2025,4
p,0.5784350936731679,24.0,2024-04-01,Jalaun,NL5xiiHZQSC,165,Jhansi Division,finance,0.5442131996564792,34.0,Per ASHA expenditure of ASHA incentive fund,12,indicator_12,0.5442131996564792,34.0,165,5170.295924064768,coverage,4.434000447441062,66.0,5170.295924064768,2025,4
p,0.5424159001461184,48.0,2024-04-01,Kanpur Dehat,k3D0AumUCiC,161,Kanpur Nagar Division,ante_natal,1.0,1.0,% of pregnant women received 4 or more ANC and tested for Hb against estimated PW,1,indicator_1,1.0,1.0,163,100.0,coverage,4.440411594905727,65.0,100.0,2025,57
p,0.5424159001461184,48.0,2024-04-01,Kanpur Dehat,k3D0AumUCiC,161,Kanpur Nagar Division,delivery_care,0.37077463004072975,66.0,% of pregnant women delivered in institution against estimated delivery,2,indicator_2,0.3993556721353609,50.0,163,61.856404174629745,coverage,4.440411594905727,65.0,61.856404174629745,2025,57
n,0.5424159001461184,48.0,2024-04-01,Kanpur Dehat,k3D0AumUCiC,161,Kanpur Nagar Division,delivery_care,0.37077463004072975,66.0,Still birth ratio,4,indicator_4,0.4957227319364042,58.0,163,8.785407556238427,quality,1.142552641939131,56.0,8.785407556238427,2025,57
p,0.5424159001461184,48.0,2024-04-01,Kanpur Dehat,k3D0AumUCiC,161,Kanpur Nagar Division,delivery_care,0.37077463004072975,66.0,% of C-section delivery against reported delivery (70% weightage to CHC),31,indicator_31,0.10862274302521206,60.0,163,0.9120886830842628,quality,1.142552641939131,56.0,5.407895543244623,2025,57
p,0.5424159001461184,48.0,2024-04-01,Kanpur Dehat,k3D0AumUCiC,161,Kanpur Nagar Division,delivery_care,0.37077463004072975,66.0,% of C-section delivery against reported delivery (30% to DH),32,indicator_32,0.10862274302521206,60.0,163,15.898111550285464,quality,1.142552641939131,56.0,5.407895543244623,2025,57
p,0.5424159001461184,48.0,2024-04-01,Kanpur Dehat,k3D0AumUCiC,161,Kanpur Nagar Division,post_natal_care,0.8098801645737207,26.0,% of newborns received HBNC visits (Institutional Delivery and Home Delivery),5,indicator_5,0.8098801645737207,26.0,163,88.39380687861956,coverage,4.440411594905727,65.0,88.39380687861956,2025,57
p,0.5424159001461184,48.0,2024-04-01,Kanpur Dehat,k3D0AumUCiC,161,Kanpur Nagar Division,immunization,0.5776214900681974,34.0,"% of children received full immunization (BCG, Penta 1, 2, 3, Measles)",7,indicator_7,0.7288978426422061,37.0,163,92.99225434993629,coverage,4.440411594905727,65.0,92.99225434993629,2025,57
p,0.5424159001461184,48.0,2024-04-01,Kanpur Dehat,k3D0AumUCiC,161,Kanpur Nagar Division,immunization,0.5776214900681974,34.0,Ratio of Pentavalent 3 to BCG,6,indicator_6,0.4263451374941886,16.0,163,1.0858199753390876,quality,1.142552641939131,56.0,1.0858199753390876,2025,57
p,0.5424159001461184,48.0,2024-04-01,Kanpur Dehat,k3D0AumUCiC,161,Kanpur Nagar Division,communicable_diseases,0.5559310147416631,39.0,% of PW screened for HIV against estimated pregnancy,11,indicator_11,1.0,1.0,163,100.0,coverage,4.440411594905727,65.0,100.0,2025,57
p,0.5424159001461184,48.0,2024-04-01,Kanpur Dehat,k3D0AumUCiC,161,Kanpur Nagar Division,communicable_diseases,0.5559310147416631,39.0,Total case notification rate of TB against expected TB cases,10,indicator_10,0.11186202948332616,42.0,163,18.11391223155929,quality,1.142552641939131,56.0,18.11391223155929,2025,57
p,0.5424159001461184,48.0,2024-04-01,Kanpur Dehat,k3D0AumUCiC,161,Kanpur Nagar Division,family_planning,0.0383758169068182,72.0,Permanent Method accepted per 1000 EC,8,indicator_8,0.033661477149497666,66.0,163,4.327944766243535,coverage,4.440411594905727,65.0,4.327944766243535,2025,57
p,0.5424159001461184,48.0,2024-04-01,Kanpur Dehat,k3D0AumUCiC,161,Kanpur Nagar Division,family_planning,0.0383758169068182,72.0,Reversible Method accepted per 1000 EC,9,indicator_9,0.04309015666413872,70.0,163,47.89636494952554,coverage,4.440411594905727,65.0,47.89636494952554,2025,57
p,0.5424159001461184,48.0,2024-04-01,Kanpur Dehat,k3D0AumUCiC,161,Kanpur Nagar Division,finance,0.4255262817408028,48.0,Per ASHA expenditure of ASHA incentive fund,12,indicator_12,0.4255262817408028,48.0,163,4904.121350887234,coverage,4.440411594905727,65.0,4904.121350887234,2025,57
p,0.4200162220284699,75.0,2024-04-01,Kanpur Nagar,QVMRMhzVrrS,161,Kanpur Nagar Division,ante_natal,0.7586454363195312,7.0,% of pregnant women received 4 or more ANC and tested for Hb against estimated PW,1,indicator_1,0.7586454363195312,7.0,164,96.83312976627188,coverage,4.4439865514724435,64.0,96.83312976627188,2025,65
p,0.4200162220284699,75.0,2024-04-01,Kanpur Nagar,QVMRMhzVrrS,161,Kanpur Nagar Division,delivery_care,0.6047258779468105,29.0,% of pregnant women delivered in institution against estimated delivery,2,indicator_2,0.31920584878527963,65.0,164,57.46840699052497,coverage,4.4439865514724435,64.0,57.46840699052497,2025,65
n,0.4200162220284699,75.0,2024-04-01,Kanpur Nagar,QVMRMhzVrrS,161,Kanpur Nagar Division,delivery_care,0.6047258779468105,29.0,Still birth ratio,4,indicator_4,0.5548722917994819,49.0,164,7.809264627580903,quality,1.6530770133856376,17.0,7.809264627580903,2025,65
p,0.4200162220284699,75.0,2024-04-01,Kanpur Nagar,QVMRMhzVrrS,161,Kanpur Nagar Division,delivery_care,0.6047258779468105,29.0,% of C-section delivery against reported delivery (70% weightage to CHC),31,indicator_31,0.4700497466278351,12.0,164,5.208275862068965,quality,1.6530770133856376,17.0,17.29367231782995,2025,65
p,0.4200162220284699,75.0,2024-04-01,Kanpur Nagar,QVMRMhzVrrS,161,Kanpur Nagar Division,delivery_care,0.6047258779468105,29.0,% of C-section delivery against reported delivery (30% to DH),32,indicator_32,0.4700497466278351,12.0,164,45.4929307146056,quality,1.6530770133856376,17.0,17.29367231782995,2025,65
p,0.4200162220284699,75.0,2024-04-01,Kanpur Nagar,QVMRMhzVrrS,161,Kanpur Nagar Division,post_natal_care,0.8048532034432054,28.0,% of newborns received HBNC visits (Institutional Delivery and Home Delivery),5,indicator_5,0.8048532034432054,28.0,164,88.08692736989487,coverage,4.4439865514724435,64.0,88.08692736989487,2025,65
p,0.4200162220284699,75.0,2024-04-01,Kanpur Nagar,QVMRMhzVrrS,161,Kanpur Nagar Division,immunization,0.7021437804952866,8.0,"% of children received full immunization (BCG, Penta 1, 2, 3, Measles)",7,indicator_7,0.8257984772675568,17.0,164,95.4970481420713,coverage,4.4439865514724435,64.0,95.4970481420713,2025,65
p,0.4200162220284699,75.0,2024-04-01,Kanpur Nagar,QVMRMhzVrrS,161,Kanpur Nagar Division,immunization,0.7021437804952866,8.0,Ratio of Pentavalent 3 to BCG,6,indicator_6,0.5784890837230164,7.0,164,1.1788550650441725,quality,1.6530770133856376,17.0,1.1788550650441725,2025,65
p,0.4200162220284699,75.0,2024-04-01,Kanpur Nagar,QVMRMhzVrrS,161,Kanpur Nagar Division,communicable_diseases,0.5147342730498039,64.0,% of PW screened for HIV against estimated pregnancy,11,indicator_11,0.9798026548643036,2.0,164,99.71103317008429,coverage,4.4439865514724435,64.0,99.71103317008429,2025,65
p,0.4200162220284699,75.0,2024-04-01,Kanpur Nagar,QVMRMhzVrrS,161,Kanpur Nagar Division,communicable_diseases,0.5147342730498039,64.0,Total case notification rate of TB against expected TB cases,10,indicator_10,0.04966589123530407,64.0,164,16.881361323155218,quality,1.6530770133856376,17.0,16.881361323155218,2025,65
p,0.4200162220284699,75.0,2024-04-01,Kanpur Nagar,QVMRMhzVrrS,161,Kanpur Nagar Division,family_planning,0.12068885410669987,55.0,Permanent Method accepted per 1000 EC,8,indicator_8,0.02749352228112713,69.0,164,3.890248377226813,coverage,4.4439865514724435,64.0,3.890248377226813,2025,65
p,0.4200162220284699,75.0,2024-04-01,Kanpur Nagar,QVMRMhzVrrS,161,Kanpur Nagar Division,family_planning,0.12068885410669987,55.0,Reversible Method accepted per 1000 EC,9,indicator_9,0.21388418593227265,45.0,164,79.17305096206789,coverage,4.4439865514724435,64.0,79.17305096206789,2025,65
p,0.4200162220284699,75.0,2024-04-01,Kanpur Nagar,QVMRMhzVrrS,161,Kanpur Nagar Division,finance,0.5143032225791663,40.0,Per ASHA expenditure of ASHA incentive fund,12,indicator_12,0.5143032225791663,40.0,164,5103.217972070431,coverage,4.4439865514724435,64.0,5103.217972070431,2025,65
p,0.5191403836182813,60.0,2024-04-01,Deoria,Tf9b9qcbghH,188,Gorakhpur Division,ante_natal,1.0,1.0,% of pregnant women received 4 or more ANC and tested for Hb against estimated PW,1,indicator_1,1.0,1.0,190,100.0,coverage,5.051456424474668,31.0,100.0,2025,19
p,0.5191403836182813,60.0,2024-04-01,Deoria,Tf9b9qcbghH,188,Gorakhpur Division,delivery_care,0.5984217026701817,32.0,% of pregnant women delivered in institution against estimated delivery,2,indicator_2,0.34493948598317986,60.0,190,58.87725760106154,coverage,5.051456424474668,31.0,58.87725760106154,2025,19
n,0.5191403836182813,60.0,2024-04-01,Deoria,Tf9b9qcbghH,188,Gorakhpur Division,delivery_care,0.5984217026701817,32.0,Still birth ratio,4,indicator_4,0.9498428966327574,9.0,190,1.2910798122065728,quality,1.544448139831396,24.0,1.2910798122065728,2025,19
p,0.5191403836182813,60.0,2024-04-01,Deoria,Tf9b9qcbghH,188,Gorakhpur Division,delivery_care,0.5984217026701817,32.0,% of C-section delivery against reported delivery (70% weightage to CHC),31,indicator_31,0.2502413626973039,38.0,190,2.0480422104970843,quality,1.544448139831396,24.0,10.065121715526027,2025,19
p,0.5191403836182813,60.0,2024-04-01,Deoria,Tf9b9qcbghH,188,Gorakhpur Division,delivery_care,0.5984217026701817,32.0,% of C-section delivery against reported delivery (30% to DH),32,indicator_32,0.2502413626973039,38.0,190,28.77164056059357,quality,1.544448139831396,24.0,10.065121715526027,2025,19
p,0.5191403836182813,60.0,2024-04-01,Deoria,Tf9b9qcbghH,188,Gorakhpur Division,post_natal_care,1.0,1.0,% of newborns received HBNC visits (Institutional Delivery and Home Delivery),5,indicator_5,1.0,1.0,190,100.0,coverage,5.051456424474668,31.0,100.0,2025,19
p,0.5191403836182813,60.0,2024-04-01,Deoria,Tf9b9qcbghH,188,Gorakhpur Division,immunization,0.6566237804703149,20.0,"% of children received full immunization (BCG, Penta 1, 2, 3, Measles)",7,indicator_7,1.0,1.0,190,100.0,coverage,5.051456424474668,31.0,100.0,2025,19
p,0.5191403836182813,60.0,2024-04-01,Deoria,Tf9b9qcbghH,188,Gorakhpur Division,immunization,0.6566237804703149,20.0,Ratio of Pentavalent 3 to BCG,6,indicator_6,0.31324756094063005,32.0,190,1.0166615011381974,quality,1.544448139831396,24.0,1.0166615011381974,2025,19
p,0.5191403836182813,60.0,2024-04-01,Deoria,Tf9b9qcbghH,188,Gorakhpur Division,communicable_diseases,0.5155581597803524,63.0,% of PW screened for HIV against estimated pregnancy,11,indicator_11,1.0,1.0,190,100.0,coverage,5.051456424474668,31.0,100.0,2025,19
p,0.5191403836182813,60.0,2024-04-01,Deoria,Tf9b9qcbghH,188,Gorakhpur Division,communicable_diseases,0.5155581597803524,63.0,Total case notification rate of TB against expected TB cases,10,indicator_10,0.031116319560704618,69.0,190,16.51376146788991,quality,1.544448139831396,24.0,16.51376146788991,2025,19
p,0.5191403836182813,60.0,2024-04-01,Deoria,Tf9b9qcbghH,188,Gorakhpur Division,family_planning,0.1210764099232908,54.0,Permanent Method accepted per 1000 EC,8,indicator_8,0.08640069314750633,37.0,190,8.070476106781642,coverage,5.051456424474668,31.0,8.070476106781642,2025,19
p,0.5191403836182813,60.0,2024-04-01,Deoria,Tf9b9qcbghH,188,Gorakhpur Division,family_planning,0.1210764099232908,54.0,Reversible Method accepted per 1000 EC,9,indicator_9,0.15575212669907526,57.0,190,68.52760760734252,coverage,5.051456424474668,31.0,68.52760760734252,2025,19
p,0.5191403836182813,60.0,2024-04-01,Deoria,Tf9b9qcbghH,188,Gorakhpur Division,finance,0.4643641186449065,45.0,Per ASHA expenditure of ASHA incentive fund,12,indicator_12,0.4643641186449065,45.0,190,4991.221469776774,coverage,5.051456424474668,31.0,4991.221469776774,2025,19
p,0.5767715411155179,26.0,2024-04-01,Jhansi,Mq751wBMqGF,165,Jhansi Division,ante_natal,1.0,1.0,% of pregnant women received 4 or more ANC and tested for Hb against estimated PW,1,indicator_1,1.0,1.0,166,100.0,coverage,4.691731009375345,50.0,100.0,2025,25
p,0.5767715411155179,26.0,2024-04-01,Jhansi,Mq751wBMqGF,165,Jhansi Division,delivery_care,0.6327004154427162,25.0,% of pregnant women delivered in institution against estimated delivery,2,indicator_2,0.35205116366721595,58.0,166,59.26660370748411,coverage,4.691731009375345,50.0,59.26660370748411,2025,25
n,0.5767715411155179,26.0,2024-04-01,Jhansi,Mq751wBMqGF,165,Jhansi Division,delivery_care,0.6327004154427162,25.0,Still birth ratio,4,indicator_4,0.8162675091032691,23.0,166,3.4954693339786513,quality,1.2678619516868752,47.0,3.4954693339786513,2025,25
p,0.5767715411155179,26.0,2024-04-01,Jhansi,Mq751wBMqGF,165,Jhansi Division,delivery_care,0.6327004154427162,25.0,% of C-section delivery against reported delivery (70% weightage to CHC),31,indicator_31,0.3648912867788317,21.0,166,4.2203214587837214,quality,1.2678619516868752,47.0,13.835463696819827,2025,25
p,0.5767715411155179,26.0,2024-04-01,Jhansi,Mq751wBMqGF,165,Jhansi Division,delivery_care,0.6327004154427162,25.0,% of C-section delivery against reported delivery (30% to DH),32,indicator_32,0.3648912867788317,21.0,166,36.27079558557074,quality,1.2678619516868752,47.0,13.835463696819827,2025,25
p,0.5767715411155179,26.0,2024-04-01,Jhansi,Mq751wBMqGF,165,Jhansi Division,post_natal_care,0.5299483325843084,42.0,% of newborns received HBNC visits (Institutional Delivery and Home Delivery),5,indicator_5,0.5299483325843084,42.0,166,71.30488559059987,coverage,4.691731009375345,50.0,71.30488559059987,2025,25
p,0.5767715411155179,26.0,2024-04-01,Jhansi,Mq751wBMqGF,165,Jhansi Division,immunization,0.4406240670417809,60.0,"% of children received full immunization (BCG, Penta 1, 2, 3, Measles)",7,indicator_7,0.7986148566242861,25.0,166,94.79437612657551,coverage,4.691731009375345,50.0,94.79437612657551,2025,25
p,0.5767715411155179,26.0,2024-04-01,Jhansi,Mq751wBMqGF,165,Jhansi Division,immunization,0.4406240670417809,60.0,Ratio of Pentavalent 3 to BCG,6,indicator_6,0.08263327745927576,67.0,166,0.8756422816242477,quality,1.2678619516868752,47.0,0.8756422816242477,2025,25
p,0.5767715411155179,26.0,2024-04-01,Jhansi,Mq751wBMqGF,165,Jhansi Division,communicable_diseases,0.5020349391727493,67.0,% of PW screened for HIV against estimated pregnancy,11,indicator_11,1.0,1.0,166,100.0,coverage,4.691731009375345,50.0,100.0,2025,25
p,0.5767715411155179,26.0,2024-04-01,Jhansi,Mq751wBMqGF,165,Jhansi Division,communicable_diseases,0.5020349391727493,67.0,Total case notification rate of TB against expected TB cases,10,indicator_10,0.004069878345498722,74.0,166,15.977777777777774,quality,1.2678619516868752,47.0,15.977777777777774,2025,25
p,0.5767715411155179,26.0,2024-04-01,Jhansi,Mq751wBMqGF,165,Jhansi Division,family_planning,0.2734292062370612,15.0,Permanent Method accepted per 1000 EC,8,indicator_8,0.3227934665014328,8.0,166,24.84560911192901,coverage,4.691731009375345,50.0,24.84560911192901,2025,25
p,0.5767715411155179,26.0,2024-04-01,Jhansi,Mq751wBMqGF,165,Jhansi Division,family_planning,0.2734292062370612,15.0,Reversible Method accepted per 1000 EC,9,indicator_9,0.2240649459726896,42.0,166,81.03740439712423,coverage,4.691731009375345,50.0,81.03740439712423,2025,25
p,0.5767715411155179,26.0,2024-04-01,Jhansi,Mq751wBMqGF,165,Jhansi Division,finance,0.4642582440254116,46.0,Per ASHA expenditure of ASHA incentive fund,12,indicator_12,0.4642582440254116,46.0,166,4990.984028851108,coverage,4.691731009375345,50.0,4990.984028851108,2025,25
p,0.5274877206316235,57.0,2024-04-01,Lalitpur,fagfcadhxej,165,Jhansi Division,ante_natal,0.0,18.0,% of pregnant women received 4 or more ANC and tested for Hb against estimated PW,1,indicator_1,0.0,18.0,167,86.87876381769699,coverage,4.397416407987665,68.0,86.87876381769699,2025,68
p,0.5274877206316235,57.0,2024-04-01,Lalitpur,fagfcadhxej,165,Jhansi Division,delivery_care,0.296463932015079,72.0,% of pregnant women delivered in institution against estimated delivery,2,indicator_2,0.34447667838031265,61.0,167,58.85192007225261,coverage,4.397416407987665,68.0,58.85192007225261,2025,68
n,0.5274877206316235,57.0,2024-04-01,Lalitpur,fagfcadhxej,165,Jhansi Division,delivery_care,0.296463932015079,72.0,Still birth ratio,4,indicator_4,0.4678021696455053,64.0,167,9.246179529985872,quality,0.9770846991752644,64.0,9.246179529985872,2025,68
p,0.5274877206316235,57.0,2024-04-01,Lalitpur,fagfcadhxej,165,Jhansi Division,delivery_care,0.296463932015079,72.0,% of C-section delivery against reported delivery (70% weightage to CHC),31,indicator_31,0.03855647400970952,70.0,167,0.573901589989651,quality,0.9770846991752644,64.0,3.1037178679596438,2025,68
p,0.5274877206316235,57.0,2024-04-01,Lalitpur,fagfcadhxej,165,Jhansi Division,delivery_care,0.296463932015079,72.0,% of C-section delivery against reported delivery (30% to DH),32,indicator_32,0.03855647400970952,70.0,167,9.006622516556291,quality,0.9770846991752644,64.0,3.1037178679596438,2025,68
p,0.5274877206316235,57.0,2024-04-01,Lalitpur,fagfcadhxej,165,Jhansi Division,post_natal_care,0.9484612896987528,5.0,% of newborns received HBNC visits (Institutional Delivery and Home Delivery),5,indicator_5,0.9484612896987528,5.0,167,96.85373057660203,coverage,4.397416407987665,68.0,96.85373057660203,2025,68
p,0.5274877206316235,57.0,2024-04-01,Lalitpur,fagfcadhxej,165,Jhansi Division,immunization,0.20465447585306712,75.0,"% of children received full immunization (BCG, Penta 1, 2, 3, Measles)",7,indicator_7,0.0,55.0,167,74.15090415228585,coverage,4.397416407987665,68.0,74.15090415228585,2025,68
p,0.5274877206316235,57.0,2024-04-01,Lalitpur,fagfcadhxej,165,Jhansi Division,immunization,0.20465447585306712,75.0,Ratio of Pentavalent 3 to BCG,6,indicator_6,0.40930895170613424,18.0,167,1.0754024522478942,quality,0.9770846991752644,64.0,1.0754024522478942,2025,68
p,0.5274877206316235,57.0,2024-04-01,Lalitpur,fagfcadhxej,165,Jhansi Division,communicable_diseases,0.5307085519069576,55.0,% of PW screened for HIV against estimated pregnancy,11,indicator_11,1.0,1.0,167,100.0,coverage,4.397416407987665,68.0,100.0,2025,68
p,0.5274877206316235,57.0,2024-04-01,Lalitpur,fagfcadhxej,165,Jhansi Division,communicable_diseases,0.5307085519069576,55.0,Total case notification rate of TB against expected TB cases,10,indicator_10,0.06141710381391537,60.0,167,17.11423699914749,quality,0.9770846991752644,64.0,17.11423699914749,2025,68
p,0.5274877206316235,57.0,2024-04-01,Lalitpur,fagfcadhxej,165,Jhansi Division,family_planning,0.7863345062248424,1.0,Permanent Method accepted per 1000 EC,8,indicator_8,1.0,1.0,167,72.90219523431763,coverage,4.397416407987665,68.0,72.90219523431763,2025,68
p,0.5274877206316235,57.0,2024-04-01,Lalitpur,fagfcadhxej,165,Jhansi Division,family_planning,0.7863345062248424,1.0,Reversible Method accepted per 1000 EC,9,indicator_9,0.5726690124496848,5.0,167,144.87558408418604,coverage,4.397416407987665,68.0,144.87558408418604,2025,68
p,0.5274877206316235,57.0,2024-04-01,Lalitpur,fagfcadhxej,165,Jhansi Division,finance,0.5318094274589149,39.0,Per ASHA expenditure of ASHA incentive fund,12,indicator_12,0.5318094274589149,39.0,167,5142.478462557985,coverage,4.397416407987665,68.0,5142.478462557985,2025,68
p,0.5671459100721504,31.0,2024-04-01,Gorakhpur,vR85cHdsw1w,188,Gorakhpur Division,ante_natal,1.0,1.0,% of pregnant women received 4 or more ANC and tested for Hb against estimated PW,1,indicator_1,1.0,1.0,188,100.0,coverage,5.513194404414418,11.0,100.0,2025,45
p,0.5671459100721504,31.0,2024-04-01,Gorakhpur,vR85cHdsw1w,188,Gorakhpur Division,delivery_care,0.7920749778879586,6.0,% of pregnant women delivered in institution against estimated delivery,2,indicator_2,0.4066831181070304,48.0,188,62.25756304119303,coverage,5.513194404414418,11.0,62.25756304119303,2025,45
n,0.5671459100721504,31.0,2024-04-01,Gorakhpur,vR85cHdsw1w,188,Gorakhpur Division,delivery_care,0.7920749778879586,6.0,Still birth ratio,4,indicator_4,0.8974228347481495,13.0,188,2.1561660925930948,quality,2.013087236271605,5.0,2.1561660925930948,2025,45
p,0.5671459100721504,31.0,2024-04-01,Gorakhpur,vR85cHdsw1w,188,Gorakhpur Division,delivery_care,0.7920749778879586,6.0,% of C-section delivery against reported delivery (70% weightage to CHC),31,indicator_31,0.5360594904043479,6.0,188,5.624573378839591,quality,2.013087236271605,5.0,19.46444835740286,2025,45
p,0.5671459100721504,31.0,2024-04-01,Gorakhpur,vR85cHdsw1w,188,Gorakhpur Division,delivery_care,0.7920749778879586,6.0,% of C-section delivery against reported delivery (30% to DH),32,indicator_32,0.5360594904043479,6.0,188,51.75748997405049,quality,2.013087236271605,5.0,19.46444835740286,2025,45
p,0.5671459100721504,31.0,2024-04-01,Gorakhpur,vR85cHdsw1w,188,Gorakhpur Division,post_natal_care,1.0,1.0,% of newborns received HBNC visits (Institutional Delivery and Home Delivery),5,indicator_5,1.0,1.0,188,100.0,coverage,5.513194404414418,11.0,100.0,2025,45
p,0.5671459100721504,31.0,2024-04-01,Gorakhpur,vR85cHdsw1w,188,Gorakhpur Division,immunization,0.6392628431133337,24.0,"% of children received full immunization (BCG, Penta 1, 2, 3, Measles)",7,indicator_7,1.0,1.0,188,100.0,coverage,5.513194404414418,11.0,100.0,2025,45
p,0.5671459100721504,31.0,2024-04-01,Gorakhpur,vR85cHdsw1w,188,Gorakhpur Division,immunization,0.6392628431133337,24.0,Ratio of Pentavalent 3 to BCG,6,indicator_6,0.27852568622666746,41.0,188,0.9954292877717602,quality,2.013087236271605,5.0,0.9954292877717602,2025,45
p,0.5671459100721504,31.0,2024-04-01,Gorakhpur,vR85cHdsw1w,188,Gorakhpur Division,communicable_diseases,0.6505396124462204,7.0,% of PW screened for HIV against estimated pregnancy,11,indicator_11,1.0,1.0,188,100.0,coverage,5.513194404414418,11.0,100.0,2025,45
p,0.5671459100721504,31.0,2024-04-01,Gorakhpur,vR85cHdsw1w,188,Gorakhpur Division,communicable_diseases,0.6505396124462204,7.0,Total case notification rate of TB against expected TB cases,10,indicator_10,0.30107922489244066,8.0,188,21.86365992742353,quality,2.013087236271605,5.0,21.86365992742353,2025,45
p,0.5671459100721504,31.0,2024-04-01,Gorakhpur,vR85cHdsw1w,188,Gorakhpur Division,family_planning,0.3096251689140759,12.0,Permanent Method accepted per 1000 EC,8,indicator_8,0.1737987320454473,17.0,188,14.272500416158236,coverage,5.513194404414418,11.0,14.272500416158236,2025,45
p,0.5671459100721504,31.0,2024-04-01,Gorakhpur,vR85cHdsw1w,188,Gorakhpur Division,family_planning,0.3096251689140759,12.0,Reversible Method accepted per 1000 EC,9,indicator_9,0.4454516057827045,8.0,188,121.57887458735449,coverage,5.513194404414418,11.0,121.57887458735449,2025,45
p,0.5671459100721504,31.0,2024-04-01,Gorakhpur,vR85cHdsw1w,188,Gorakhpur Division,finance,0.4872609484792352,43.0,Per ASHA expenditure of ASHA incentive fund,12,indicator_12,0.4872609484792352,43.0,188,5042.571306939123,coverage,5.513194404414418,11.0,5042.571306939123,2025,45
p,0.4524596511040513,72.0,2024-04-01,Kushinagar,xUeHwd9FQkg,188,Gorakhpur Division,ante_natal,0.7169925558051289,8.0,% of pregnant women received 4 or more ANC and tested for Hb against estimated PW,1,indicator_1,0.7169925558051289,8.0,189,96.28659248336916,coverage,3.6175647165259535,74.0,96.28659248336916,2025,9
p,0.4524596511040513,72.0,2024-04-01,Kushinagar,xUeHwd9FQkg,188,Gorakhpur Division,delivery_care,0.5125046851948926,44.0,% of pregnant women delivered in institution against estimated delivery,2,indicator_2,0.2773552275398493,69.0,189,55.17719285551842,coverage,3.6175647165259535,74.0,55.17719285551842,2025,9
n,0.4524596511040513,72.0,2024-04-01,Kushinagar,xUeHwd9FQkg,188,Gorakhpur Division,delivery_care,0.5125046851948926,44.0,Still birth ratio,4,indicator_4,0.7803885624318381,33.0,189,4.087578221383236,quality,1.2642588962821888,49.0,4.087578221383236,2025,9
p,0.4524596511040513,72.0,2024-04-01,Kushinagar,xUeHwd9FQkg,188,Gorakhpur Division,delivery_care,0.5125046851948926,44.0,% of C-section delivery against reported delivery (70% weightage to CHC),31,indicator_31,0.2398851328064953,41.0,189,2.1297259798820667,quality,1.2642588962821888,49.0,9.72454993898059,2025,9
p,0.4524596511040513,72.0,2024-04-01,Kushinagar,xUeHwd9FQkg,188,Gorakhpur Division,delivery_care,0.5125046851948926,44.0,% of C-section delivery against reported delivery (30% to DH),32,indicator_32,0.2398851328064953,41.0,189,27.445805843543827,quality,1.2642588962821888,49.0,9.72454993898059,2025,9
p,0.4524596511040513,72.0,2024-04-01,Kushinagar,xUeHwd9FQkg,188,Gorakhpur Division,post_natal_care,0.8006106806649573,30.0,% of newborns received HBNC visits (Institutional Delivery and Home Delivery),5,indicator_5,0.8006106806649573,30.0,189,87.82793525276097,coverage,3.6175647165259535,74.0,87.82793525276097,2025,9
p,0.4524596511040513,72.0,2024-04-01,Kushinagar,xUeHwd9FQkg,188,Gorakhpur Division,immunization,0.4213955178283595,66.0,"% of children received full immunization (BCG, Penta 1, 2, 3, Measles)",7,indicator_7,0.6969738521669362,42.0,189,92.16704806029955,coverage,3.6175647165259535,74.0,92.16704806029955,2025,9
p,0.4524596511040513,72.0,2024-04-01,Kushinagar,xUeHwd9FQkg,188,Gorakhpur Division,immunization,0.4213955178283595,66.0,Ratio of Pentavalent 3 to BCG,6,indicator_6,0.14581718348978284,62.0,189,0.9142788525241818,quality,1.2642588962821888,49.0,0.9142788525241818,2025,9
p,0.4524596511040513,72.0,2024-04-01,Kushinagar,xUeHwd9FQkg,188,Gorakhpur Division,communicable_diseases,0.4336047827673172,71.0,% of PW screened for HIV against estimated pregnancy,11,indicator_11,0.7690415479805616,7.0,189,96.69563839831886,coverage,3.6175647165259535,74.0,96.69563839831886,2025,9
p,0.4524596511040513,72.0,2024-04-01,Kushinagar,xUeHwd9FQkg,188,Gorakhpur Division,communicable_diseases,0.4336047827673172,71.0,Total case notification rate of TB against expected TB cases,10,indicator_10,0.09816801755407273,46.0,189,17.842535787321058,quality,1.2642588962821888,49.0,17.842535787321058,2025,9
p,0.4524596511040513,72.0,2024-04-01,Kushinagar,xUeHwd9FQkg,188,Gorakhpur Division,family_planning,0.08883809816929114,66.0,Permanent Method accepted per 1000 EC,8,indicator_8,0.11606723597905888,29.0,189,10.1757020607794,coverage,3.6175647165259535,74.0,10.1757020607794,2025,9
p,0.4524596511040513,72.0,2024-04-01,Kushinagar,xUeHwd9FQkg,188,Gorakhpur Division,family_planning,0.08883809816929114,66.0,Reversible Method accepted per 1000 EC,9,indicator_9,0.06160896035952342,67.0,189,51.28762406432249,coverage,3.6175647165259535,74.0,51.28762406432249,2025,9
p,0.4524596511040513,72.0,2024-04-01,Kushinagar,xUeHwd9FQkg,188,Gorakhpur Division,finance,0.17891465602993875,74.0,Per ASHA expenditure of ASHA incentive fund,12,indicator_12,0.17891465602993875,74.0,189,4351.05496946141,coverage,3.6175647165259535,74.0,4351.05496946141,2025,9
p,0.5484269738348473,45.0,2024-04-01,Bahraich,iE0E3nLioFr,182,Gonda Division,ante_natal,1.0,1.0,% of pregnant women received 4 or more ANC and tested for Hb against estimated PW,1,indicator_1,1.0,1.0,180,100.0,coverage,5.435545062321132,13.0,100.0,2025,23
p,0.5484269738348473,45.0,2024-04-01,Bahraich,iE0E3nLioFr,182,Gonda Division,delivery_care,0.40016452695509214,65.0,% of pregnant women delivered in institution against estimated delivery,2,indicator_2,0.5281774204058121,27.0,180,68.90906436819236,coverage,5.435545062321132,13.0,68.90906436819236,2025,23
n,0.5484269738348473,45.0,2024-04-01,Bahraich,iE0E3nLioFr,182,Gonda Division,delivery_care,0.40016452695509214,65.0,Still birth ratio,4,indicator_4,0.2760608806548919,70.0,180,12.410478703354693,quality,0.9743774942002456,65.0,12.410478703354693,2025,23
p,0.5484269738348473,45.0,2024-04-01,Bahraich,iE0E3nLioFr,182,Gonda Division,delivery_care,0.40016452695509214,65.0,% of C-section delivery against reported delivery (70% weightage to CHC),31,indicator_31,0.19812763990228616,47.0,180,1.1098488158699642,quality,0.9743774942002456,65.0,8.351325928658861,2025,23
p,0.5484269738348473,45.0,2024-04-01,Bahraich,iE0E3nLioFr,182,Gonda Division,delivery_care,0.40016452695509214,65.0,% of C-section delivery against reported delivery (30% to DH),32,indicator_32,0.19812763990228616,47.0,180,25.248105858499628,quality,0.9743774942002456,65.0,8.351325928658861,2025,23
p,0.5484269738348473,45.0,2024-04-01,Bahraich,iE0E3nLioFr,182,Gonda Division,post_natal_care,0.8190723003248364,25.0,% of newborns received HBNC visits (Institutional Delivery and Home Delivery),5,indicator_5,0.8190723003248364,25.0,180,88.95495665284584,coverage,5.435545062321132,13.0,88.95495665284584,2025,23
p,0.5484269738348473,45.0,2024-04-01,Bahraich,iE0E3nLioFr,182,Gonda Division,immunization,0.6514847298670247,22.0,"% of children received full immunization (BCG, Penta 1, 2, 3, Measles)",7,indicator_7,1.0,1.0,180,100.0,coverage,5.435545062321132,13.0,100.0,2025,23
p,0.5484269738348473,45.0,2024-04-01,Bahraich,iE0E3nLioFr,182,Gonda Division,immunization,0.6514847298670247,22.0,Ratio of Pentavalent 3 to BCG,6,indicator_6,0.3029694597340493,35.0,180,1.010376505307249,quality,0.9743774942002456,65.0,1.010376505307249,2025,23
p,0.5484269738348473,45.0,2024-04-01,Bahraich,iE0E3nLioFr,182,Gonda Division,communicable_diseases,0.5986097569545091,22.0,% of PW screened for HIV against estimated pregnancy,11,indicator_11,1.0,1.0,180,100.0,coverage,5.435545062321132,13.0,100.0,2025,23
p,0.5484269738348473,45.0,2024-04-01,Bahraich,iE0E3nLioFr,182,Gonda Division,communicable_diseases,0.5986097569545091,22.0,Total case notification rate of TB against expected TB cases,10,indicator_10,0.19721951390901826,24.0,180,19.805455274769358,quality,0.9743774942002456,65.0,19.805455274769358,2025,23
p,0.5484269738348473,45.0,2024-04-01,Bahraich,iE0E3nLioFr,182,Gonda Division,family_planning,0.18319948221537932,31.0,Permanent Method accepted per 1000 EC,8,indicator_8,0.0728439107827424,44.0,180,7.108446582510765,coverage,5.435545062321132,13.0,7.108446582510765,2025,23
p,0.5484269738348473,45.0,2024-04-01,Bahraich,iE0E3nLioFr,182,Gonda Division,family_planning,0.18319948221537932,31.0,Reversible Method accepted per 1000 EC,9,indicator_9,0.2935550536480163,22.0,180,93.76279232814406,coverage,5.435545062321132,13.0,93.76279232814406,2025,23
p,0.5484269738348473,45.0,2024-04-01,Bahraich,iE0E3nLioFr,182,Gonda Division,finance,0.7218963771597241,14.0,Per ASHA expenditure of ASHA incentive fund,12,indicator_12,0.7218963771597241,14.0,180,5568.779133194486,coverage,5.435545062321132,13.0,5568.779133194486,2025,23
p,0.6739497173545453,3.0,2024-04-01,Maharajganj,AcnMkNGgc3S,188,Gorakhpur Division,ante_natal,1.0,1.0,% of pregnant women received 4 or more ANC and tested for Hb against estimated PW,1,indicator_1,1.0,1.0,187,100.0,coverage,5.674965505233611,8.0,100.0,2025,10
p,0.6739497173545453,3.0,2024-04-01,Maharajganj,AcnMkNGgc3S,188,Gorakhpur Division,delivery_care,0.5395555264568274,42.0,% of pregnant women delivered in institution against estimated delivery,2,indicator_2,0.2653616091830401,70.0,187,54.52057302309489,coverage,5.674965505233611,8.0,54.52057302309489,2025,10
n,0.6739497173545453,3.0,2024-04-01,Maharajganj,AcnMkNGgc3S,188,Gorakhpur Division,delivery_care,0.5395555264568274,42.0,Still birth ratio,4,indicator_4,0.8472347117510907,18.0,187,2.9844187707124163,quality,1.8394908875773048,9.0,2.9844187707124163,2025,10
p,0.6739497173545453,3.0,2024-04-01,Maharajganj,AcnMkNGgc3S,188,Gorakhpur Division,delivery_care,0.5395555264568274,42.0,% of C-section delivery against reported delivery (70% weightage to CHC),31,indicator_31,0.2530351292181757,37.0,187,1.8069548261293469,quality,1.8394908875773048,9.0,10.156996658173924,2025,10
p,0.6739497173545453,3.0,2024-04-01,Maharajganj,AcnMkNGgc3S,188,Gorakhpur Division,delivery_care,0.5395555264568274,42.0,% of C-section delivery against reported delivery (30% to DH),32,indicator_32,0.2530351292181757,37.0,187,29.64042759961127,quality,1.8394908875773048,9.0,10.156996658173924,2025,10
p,0.6739497173545453,3.0,2024-04-01,Maharajganj,AcnMkNGgc3S,188,Gorakhpur Division,post_natal_care,1.0,1.0,% of newborns received HBNC visits (Institutional Delivery and Home Delivery),5,indicator_5,1.0,1.0,187,100.0,coverage,5.674965505233611,8.0,100.0,2025,10
p,0.6739497173545453,3.0,2024-04-01,Maharajganj,AcnMkNGgc3S,188,Gorakhpur Division,immunization,0.6689331660257708,14.0,"% of children received full immunization (BCG, Penta 1, 2, 3, Measles)",7,indicator_7,0.9070791799572772,6.0,187,97.59808081646746,coverage,5.674965505233611,8.0,97.59808081646746,2025,10
p,0.6739497173545453,3.0,2024-04-01,Maharajganj,AcnMkNGgc3S,188,Gorakhpur Division,immunization,0.6689331660257708,14.0,Ratio of Pentavalent 3 to BCG,6,indicator_6,0.4307871520942644,15.0,187,1.088536240014961,quality,1.8394908875773048,9.0,1.088536240014961,2025,10
p,0.6739497173545453,3.0,2024-04-01,Maharajganj,AcnMkNGgc3S,188,Gorakhpur Division,communicable_diseases,0.6542169472568872,6.0,% of PW screened for HIV against estimated pregnancy,11,indicator_11,1.0,1.0,187,100.0,coverage,5.674965505233611,8.0,100.0,2025,10
p,0.6739497173545453,3.0,2024-04-01,Maharajganj,AcnMkNGgc3S,188,Gorakhpur Division,communicable_diseases,0.6542169472568872,6.0,Total case notification rate of TB against expected TB cases,10,indicator_10,0.30843389451377434,7.0,187,22.009408602150536,quality,1.8394908875773048,9.0,22.009408602150536,2025,10
p,0.6739497173545453,3.0,2024-04-01,Maharajganj,AcnMkNGgc3S,188,Gorakhpur Division,family_planning,0.3196975813666516,9.0,Permanent Method accepted per 1000 EC,8,indicator_8,0.17806893207846736,16.0,187,14.575526487963092,coverage,5.674965505233611,8.0,14.575526487963092,2025,10
p,0.6739497173545453,3.0,2024-04-01,Maharajganj,AcnMkNGgc3S,188,Gorakhpur Division,family_planning,0.3196975813666516,9.0,Reversible Method accepted per 1000 EC,9,indicator_9,0.4613262306548359,7.0,187,124.48591799993817,coverage,5.674965505233611,8.0,124.48591799993817,2025,10
p,0.6739497173545453,3.0,2024-04-01,Maharajganj,AcnMkNGgc3S,188,Gorakhpur Division,finance,0.8631295533599884,3.0,Per ASHA expenditure of ASHA incentive fund,12,indicator_12,0.8631295533599884,3.0,187,5885.5173302409485,coverage,5.674965505233611,8.0,5885.5173302409485,2025,10
p,0.5596221328358881,34.0,2024-04-01,Balrampur,uS0pNSxN3sS,182,Gonda Division,ante_natal,1.0,1.0,% of pregnant women received 4 or more ANC and tested for Hb against estimated PW,1,indicator_1,1.0,1.0,182,100.0,coverage,4.799323780076144,44.0,100.0,2025,72
p,0.5596221328358881,34.0,2024-04-01,Balrampur,uS0pNSxN3sS,182,Gonda Division,delivery_care,0.4992549093112442,47.0,% of pregnant women delivered in institution against estimated delivery,2,indicator_2,0.2815215396863566,68.0,182,55.40528775582936,coverage,4.799323780076144,44.0,55.40528775582936,2025,72
n,0.5596221328358881,34.0,2024-04-01,Balrampur,uS0pNSxN3sS,182,Gonda Division,delivery_care,0.4992549093112442,47.0,Still birth ratio,4,indicator_4,0.6191088468000931,45.0,182,6.7491712123413405,quality,1.519809389375611,25.0,6.7491712123413405,2025,72
p,0.5596221328358881,34.0,2024-04-01,Balrampur,uS0pNSxN3sS,182,Gonda Division,delivery_care,0.4992549093112442,47.0,% of C-section delivery against reported delivery (70% weightage to CHC),31,indicator_31,0.2985671707236415,31.0,182,0.7526029877772747,quality,1.519809389375611,25.0,11.654349307618274,2025,72
p,0.5596221328358881,34.0,2024-04-01,Balrampur,uS0pNSxN3sS,182,Gonda Division,delivery_care,0.4992549093112442,47.0,% of C-section delivery against reported delivery (30% to DH),32,indicator_32,0.2985671707236415,31.0,182,37.091757387247284,quality,1.519809389375611,25.0,11.654349307618274,2025,72
p,0.5596221328358881,34.0,2024-04-01,Balrampur,uS0pNSxN3sS,182,Gonda Division,post_natal_care,0.9410432291092496,9.0,% of newborns received HBNC visits (Institutional Delivery and Home Delivery),5,indicator_5,0.9410432291092496,9.0,182,96.40088227913306,coverage,4.799323780076144,44.0,96.40088227913306,2025,72
p,0.5596221328358881,34.0,2024-04-01,Balrampur,uS0pNSxN3sS,182,Gonda Division,immunization,0.6854647897937123,11.0,"% of children received full immunization (BCG, Penta 1, 2, 3, Measles)",7,indicator_7,1.0,1.0,182,100.0,coverage,4.799323780076144,44.0,100.0,2025,72
p,0.5596221328358881,34.0,2024-04-01,Balrampur,uS0pNSxN3sS,182,Gonda Division,immunization,0.6854647897937123,11.0,Ratio of Pentavalent 3 to BCG,6,indicator_6,0.3709295795874246,22.0,182,1.0519337016574586,quality,1.519809389375611,25.0,1.0519337016574586,2025,72
p,0.5596221328358881,34.0,2024-04-01,Balrampur,uS0pNSxN3sS,182,Gonda Division,communicable_diseases,0.6156018961322258,18.0,% of PW screened for HIV against estimated pregnancy,11,indicator_11,1.0,1.0,182,100.0,coverage,4.799323780076144,44.0,100.0,2025,72
p,0.5596221328358881,34.0,2024-04-01,Balrampur,uS0pNSxN3sS,182,Gonda Division,communicable_diseases,0.6156018961322258,18.0,Total case notification rate of TB against expected TB cases,10,indicator_10,0.2312037922644517,19.0,182,20.478927203065133,quality,1.519809389375611,25.0,20.478927203065133,2025,72
p,0.5596221328358881,34.0,2024-04-01,Balrampur,uS0pNSxN3sS,182,Gonda Division,family_planning,0.12234322565267995,53.0,Permanent Method accepted per 1000 EC,8,indicator_8,0.010245431568379112,74.0,182,2.666272653747323,coverage,4.799323780076144,44.0,2.666272653747323,2025,72
p,0.5596221328358881,34.0,2024-04-01,Balrampur,uS0pNSxN3sS,182,Gonda Division,family_planning,0.12234322565267995,53.0,Reversible Method accepted per 1000 EC,9,indicator_9,0.2344410197369808,37.0,182,82.93752469148902,coverage,4.799323780076144,44.0,82.93752469148902,2025,72
p,0.5596221328358881,34.0,2024-04-01,Balrampur,uS0pNSxN3sS,182,Gonda Division,finance,0.33207255997517937,64.0,Per ASHA expenditure of ASHA incentive fund,12,indicator_12,0.33207255997517937,64.0,182,4694.536293497086,coverage,4.799323780076144,44.0,4694.536293497086,2025,72
p,0.5267880464007263,58.0,2024-04-01,Gonda,y8WarEkWCul,182,Gonda Division,ante_natal,1.0,1.0,% of pregnant women received 4 or more ANC and tested for Hb against estimated PW,1,indicator_1,1.0,1.0,183,100.0,coverage,4.609783222339726,56.0,100.0,2025,2
p,0.5267880464007263,58.0,2024-04-01,Gonda,y8WarEkWCul,182,Gonda Division,delivery_care,0.4721010429872478,52.0,% of pregnant women delivered in institution against estimated delivery,2,indicator_2,0.3977470837810713,51.0,183,61.768338089466006,coverage,4.609783222339726,56.0,61.768338089466006,2025,2
n,0.5267880464007263,58.0,2024-04-01,Gonda,y8WarEkWCul,182,Gonda Division,delivery_care,0.4721010429872478,52.0,Still birth ratio,4,indicator_4,0.4747738434294027,62.0,183,9.131126263641848,quality,1.0755810016739429,61.0,9.131126263641848,2025,2
p,0.5267880464007263,58.0,2024-04-01,Gonda,y8WarEkWCul,182,Gonda Division,delivery_care,0.4721010429872478,52.0,% of C-section delivery against reported delivery (70% weightage to CHC),31,indicator_31,0.2718911008756347,34.0,183,0.9423955613577024,quality,1.0755810016739429,61.0,10.77708831639124,2025,2
p,0.5267880464007263,58.0,2024-04-01,Gonda,y8WarEkWCul,182,Gonda Division,delivery_care,0.4721010429872478,52.0,% of C-section delivery against reported delivery (30% to DH),32,indicator_32,0.2718911008756347,34.0,183,33.72470474480282,quality,1.0755810016739429,61.0,10.77708831639124,2025,2
p,0.5267880464007263,58.0,2024-04-01,Gonda,y8WarEkWCul,182,Gonda Division,post_natal_care,0.7066123930902433,37.0,% of newborns received HBNC visits (Institutional Delivery and Home Delivery),5,indicator_5,0.7066123930902433,37.0,183,82.08964773412792,coverage,4.609783222339726,56.0,82.08964773412792,2025,2
p,0.5267880464007263,58.0,2024-04-01,Gonda,y8WarEkWCul,182,Gonda Division,immunization,0.5015372650329267,52.0,"% of children received full immunization (BCG, Penta 1, 2, 3, Measles)",7,indicator_7,0.8823557269991211,10.0,183,96.95900191126564,coverage,4.609783222339726,56.0,96.95900191126564,2025,2
p,0.5267880464007263,58.0,2024-04-01,Gonda,y8WarEkWCul,182,Gonda Division,immunization,0.5015372650329267,52.0,Ratio of Pentavalent 3 to BCG,6,indicator_6,0.12071880306673236,65.0,183,0.8989313468758209,quality,1.0755810016739429,61.0,0.8989313468758209,2025,2
p,0.5267880464007263,58.0,2024-04-01,Gonda,y8WarEkWCul,182,Gonda Division,communicable_diseases,0.6040986271510866,20.0,% of PW screened for HIV against estimated pregnancy,11,indicator_11,1.0,1.0,183,100.0,coverage,4.609783222339726,56.0,100.0,2025,2
p,0.5267880464007263,58.0,2024-04-01,Gonda,y8WarEkWCul,182,Gonda Division,communicable_diseases,0.6040986271510866,20.0,Total case notification rate of TB against expected TB cases,10,indicator_10,0.20819725430217328,23.0,183,20.023002927645337,quality,1.0755810016739429,61.0,20.023002927645337,2025,2
p,0.5267880464007263,58.0,2024-04-01,Gonda,y8WarEkWCul,182,Gonda Division,family_planning,0.13133945604527156,51.0,Permanent Method accepted per 1000 EC,8,indicator_8,0.03422125207613956,65.0,183,4.367668056909892,coverage,4.609783222339726,56.0,4.367668056909892,2025,2
p,0.5267880464007263,58.0,2024-04-01,Gonda,y8WarEkWCul,182,Gonda Division,family_planning,0.13133945604527156,51.0,Reversible Method accepted per 1000 EC,9,indicator_9,0.22845766001440354,40.0,183,81.84182091223484,coverage,4.609783222339726,56.0,81.84182091223484,2025,2
p,0.5267880464007263,58.0,2024-04-01,Gonda,y8WarEkWCul,182,Gonda Division,finance,0.360389106378748,61.0,Per ASHA expenditure of ASHA incentive fund,12,indicator_12,0.360389106378748,61.0,183,4758.040719976394,coverage,4.609783222339726,56.0,4758.040719976394,2025,2
p,0.5352828872474538,52.0,2024-04-01,Banda,DggJGxqbWHn,170,Chitrakoot Division,ante_natal,0.6550779912748577,11.0,% of pregnant women received 4 or more ANC and tested for Hb against estimated PW,1,indicator_1,0.6550779912748577,11.0,170,95.47419685904305,coverage,4.452223160919849,63.0,95.47419685904305,2025,47
p,0.5352828872474538,52.0,2024-04-01,Banda,DggJGxqbWHn,170,Chitrakoot Division,delivery_care,0.26184043595927803,74.0,% of pregnant women delivered in institution against estimated delivery,2,indicator_2,0.3507093453818293,59.0,170,59.193142599127825,coverage,4.452223160919849,63.0,59.193142599127825,2025,47
n,0.5352828872474538,52.0,2024-04-01,Banda,DggJGxqbWHn,170,Chitrakoot Division,delivery_care,0.26184043595927803,74.0,Still birth ratio,4,indicator_4,0.1718176225034934,74.0,170,14.13080121361951,quality,1.1157283697982914,58.0,14.13080121361951,2025,47
p,0.5352828872474538,52.0,2024-04-01,Banda,DggJGxqbWHn,170,Chitrakoot Division,delivery_care,0.26184043595927803,74.0,% of C-section delivery against reported delivery (70% weightage to CHC),31,indicator_31,0.13149716999625571,54.0,170,0.3396660909614277,quality,1.1157283697982914,58.0,6.16013688136916,2025,47
p,0.5352828872474538,52.0,2024-04-01,Banda,DggJGxqbWHn,170,Chitrakoot Division,delivery_care,0.26184043595927803,74.0,% of C-section delivery against reported delivery (30% to DH),32,indicator_32,0.13149716999625571,54.0,170,19.74123539232053,quality,1.1157283697982914,58.0,6.16013688136916,2025,47
p,0.5352828872474538,52.0,2024-04-01,Banda,DggJGxqbWHn,170,Chitrakoot Division,post_natal_care,0.8350221654622748,21.0,% of newborns received HBNC visits (Institutional Delivery and Home Delivery),5,indicator_5,0.8350221654622748,21.0,170,89.92864366782784,coverage,4.452223160919849,63.0,89.92864366782784,2025,47
p,0.5352828872474538,52.0,2024-04-01,Banda,DggJGxqbWHn,170,Chitrakoot Division,immunization,0.7051578563332697,7.0,"% of children received full immunization (BCG, Penta 1, 2, 3, Measles)",7,indicator_7,0.660305493686874,45.0,170,91.21920414737008,coverage,4.452223160919849,63.0,91.21920414737008,2025,47
p,0.5352828872474538,52.0,2024-04-01,Banda,DggJGxqbWHn,170,Chitrakoot Division,immunization,0.7051578563332697,7.0,Ratio of Pentavalent 3 to BCG,6,indicator_6,0.7500102189796655,3.0,170,1.283739186959348,quality,1.1157283697982914,58.0,1.283739186959348,2025,47
p,0.5352828872474538,52.0,2024-04-01,Banda,DggJGxqbWHn,170,Chitrakoot Division,communicable_diseases,0.5312016791594384,54.0,% of PW screened for HIV against estimated pregnancy,11,indicator_11,1.0,1.0,170,100.0,coverage,4.452223160919849,63.0,100.0,2025,47
p,0.5352828872474538,52.0,2024-04-01,Banda,DggJGxqbWHn,170,Chitrakoot Division,communicable_diseases,0.5312016791594384,54.0,Total case notification rate of TB against expected TB cases,10,indicator_10,0.06240335831887672,59.0,170,17.133781763826605,quality,1.1157283697982914,58.0,17.133781763826605,2025,47
p,0.5352828872474538,52.0,2024-04-01,Banda,DggJGxqbWHn,170,Chitrakoot Division,family_planning,0.2537855173843191,20.0,Permanent Method accepted per 1000 EC,8,indicator_8,0.16782153603710312,19.0,170,13.848340842177992,coverage,4.452223160919849,63.0,13.848340842177992,2025,47
p,0.5352828872474538,52.0,2024-04-01,Banda,DggJGxqbWHn,170,Chitrakoot Division,family_planning,0.2537855173843191,20.0,Reversible Method accepted per 1000 EC,9,indicator_9,0.33974949873153504,17.0,170,102.22215803660568,coverage,4.452223160919849,63.0,102.22215803660568,2025,47
p,0.5352828872474538,52.0,2024-04-01,Banda,DggJGxqbWHn,170,Chitrakoot Division,finance,0.44353713034537584,47.0,Per ASHA expenditure of ASHA incentive fund,12,indicator_12,0.44353713034537584,47.0,170,4944.5135863928635,coverage,4.452223160919849,63.0,4944.5135863928635,2025,47
p,0.5591508712441574,37.0,2024-04-01,Chitrakoot,i2fSZZ3QAJJ,170,Chitrakoot Division,ante_natal,0.6322141902175058,12.0,% of pregnant women received 4 or more ANC and tested for Hb against estimated PW,1,indicator_1,0.6322141902175058,12.0,171,95.17419552534432,coverage,5.0900160117981725,27.0,95.17419552534432,2025,38
p,0.5591508712441574,37.0,2024-04-01,Chitrakoot,i2fSZZ3QAJJ,170,Chitrakoot Division,delivery_care,0.3083312517528221,70.0,% of pregnant women delivered in institution against estimated delivery,2,indicator_2,0.6327244944389935,17.0,171,74.6327484299805,coverage,5.0900160117981725,27.0,74.6327484299805,2025,38
n,0.5591508712441574,37.0,2024-04-01,Chitrakoot,i2fSZZ3QAJJ,170,Chitrakoot Division,delivery_care,0.3083312517528221,70.0,Still birth ratio,4,indicator_4,0.2400629249038441,71.0,171,13.00455159305757,quality,1.0510956784686765,63.0,13.00455159305757,2025,38
p,0.5591508712441574,37.0,2024-04-01,Chitrakoot,i2fSZZ3QAJJ,170,Chitrakoot Division,delivery_care,0.3083312517528221,70.0,% of C-section delivery against reported delivery (70% weightage to CHC),31,indicator_31,0.026103167957814463,71.0,171,1.157065484982767,quality,1.0510956784686765,63.0,2.6941822926899075,2025,38
p,0.5591508712441574,37.0,2024-04-01,Chitrakoot,i2fSZZ3QAJJ,170,Chitrakoot Division,delivery_care,0.3083312517528221,70.0,% of C-section delivery against reported delivery (30% to DH),32,indicator_32,0.026103167957814463,71.0,171,6.280788177339902,quality,1.0510956784686765,63.0,2.6941822926899075,2025,38
p,0.5591508712441574,37.0,2024-04-01,Chitrakoot,i2fSZZ3QAJJ,170,Chitrakoot Division,post_natal_care,0.7582971969798308,35.0,% of newborns received HBNC visits (Institutional Delivery and Home Delivery),5,indicator_5,0.7582971969798308,35.0,171,85.24483569249237,coverage,5.0900160117981725,27.0,85.24483569249237,2025,38
p,0.5591508712441574,37.0,2024-04-01,Chitrakoot,i2fSZZ3QAJJ,170,Chitrakoot Division,immunization,0.6569243685112305,19.0,"% of children received full immunization (BCG, Penta 1, 2, 3, Measles)",7,indicator_7,0.7496389405476409,32.0,171,93.52839297768072,coverage,5.0900160117981725,27.0,93.52839297768072,2025,38
p,0.5591508712441574,37.0,2024-04-01,Chitrakoot,i2fSZZ3QAJJ,170,Chitrakoot Division,immunization,0.6569243685112305,19.0,Ratio of Pentavalent 3 to BCG,6,indicator_6,0.5642097964748201,9.0,171,1.1701233684963348,quality,1.0510956784686765,63.0,1.1701233684963348,2025,38
p,0.5591508712441574,37.0,2024-04-01,Chitrakoot,i2fSZZ3QAJJ,170,Chitrakoot Division,communicable_diseases,0.5833304403355695,25.0,% of PW screened for HIV against estimated pregnancy,11,indicator_11,0.9459410915389412,5.0,171,99.22657006147371,coverage,5.0900160117981725,27.0,99.22657006147371,2025,38
p,0.5591508712441574,37.0,2024-04-01,Chitrakoot,i2fSZZ3QAJJ,170,Chitrakoot Division,communicable_diseases,0.5833304403355695,25.0,Total case notification rate of TB against expected TB cases,10,indicator_10,0.22071978913219775,22.0,171,20.27116402116402,quality,1.0510956784686765,63.0,20.27116402116402,2025,38
p,0.5591508712441574,37.0,2024-04-01,Chitrakoot,i2fSZZ3QAJJ,170,Chitrakoot Division,family_planning,0.3154351517177553,10.0,Permanent Method accepted per 1000 EC,8,indicator_8,0.3468950645514673,4.0,171,26.55593006290243,coverage,5.0900160117981725,27.0,26.55593006290243,2025,38
p,0.5591508712441574,37.0,2024-04-01,Chitrakoot,i2fSZZ3QAJJ,170,Chitrakoot Division,family_planning,0.3154351517177553,10.0,Reversible Method accepted per 1000 EC,9,indicator_9,0.28397523888404314,26.0,171,92.00848710029136,coverage,5.0900160117981725,27.0,92.00848710029136,2025,38
p,0.5591508712441574,37.0,2024-04-01,Chitrakoot,i2fSZZ3QAJJ,170,Chitrakoot Division,finance,0.7403297946397494,13.0,Per ASHA expenditure of ASHA incentive fund,12,indicator_12,0.7403297946397494,13.0,171,5610.119047619048,coverage,5.0900160117981725,27.0,5610.119047619048,2025,38
p,0.589496925025891,18.0,2024-04-01,Hamirpur,VSI7HobT5qL,170,Chitrakoot Division,ante_natal,0.994798144211954,2.0,% of pregnant women received 4 or more ANC and tested for Hb against estimated PW,1,indicator_1,0.994798144211954,2.0,168,99.93174522161877,coverage,4.911876091651094,36.0,99.93174522161877,2025,36
p,0.589496925025891,18.0,2024-04-01,Hamirpur,VSI7HobT5qL,170,Chitrakoot Division,delivery_care,0.2983887338265413,71.0,% of pregnant women delivered in institution against estimated delivery,2,indicator_2,0.4212693222557151,44.0,168,63.056120293797896,coverage,4.911876091651094,36.0,63.056120293797896,2025,36
n,0.589496925025891,18.0,2024-04-01,Hamirpur,VSI7HobT5qL,170,Chitrakoot Division,delivery_care,0.2983887338265413,71.0,Still birth ratio,4,indicator_4,0.2880741662185948,69.0,168,12.212223910248921,quality,1.1068366565019927,60.0,12.212223910248921,2025,36
p,0.589496925025891,18.0,2024-04-01,Hamirpur,VSI7HobT5qL,170,Chitrakoot Division,delivery_care,0.2983887338265413,71.0,% of C-section delivery against reported delivery (70% weightage to CHC),31,indicator_31,0.09291135650265704,64.0,168,0.9889735136978516,quality,1.1068366565019927,60.0,4.891215740227928,2025,36
p,0.589496925025891,18.0,2024-04-01,Hamirpur,VSI7HobT5qL,170,Chitrakoot Division,delivery_care,0.2983887338265413,71.0,% of C-section delivery against reported delivery (30% to DH),32,indicator_32,0.09291135650265704,64.0,168,13.996447602131441,quality,1.1068366565019927,60.0,4.891215740227928,2025,36
p,0.589496925025891,18.0,2024-04-01,Hamirpur,VSI7HobT5qL,170,Chitrakoot Division,post_natal_care,0.9573105098454656,4.0,% of newborns received HBNC visits (Institutional Delivery and Home Delivery),5,indicator_5,0.9573105098454656,4.0,168,97.39394647656891,coverage,4.911876091651094,36.0,97.39394647656891,2025,36
p,0.589496925025891,18.0,2024-04-01,Hamirpur,VSI7HobT5qL,170,Chitrakoot Division,immunization,0.6239106422803544,26.0,"% of children received full immunization (BCG, Penta 1, 2, 3, Measles)",7,indicator_7,0.5552873698777304,51.0,168,88.50458059928042,coverage,4.911876091651094,36.0,88.50458059928042,2025,36
p,0.589496925025891,18.0,2024-04-01,Hamirpur,VSI7HobT5qL,170,Chitrakoot Division,immunization,0.6239106422803544,26.0,Ratio of Pentavalent 3 to BCG,6,indicator_6,0.6925339146829785,4.0,168,1.2485927795031055,quality,1.1068366565019927,60.0,1.2485927795031055,2025,36
p,0.589496925025891,18.0,2024-04-01,Hamirpur,VSI7HobT5qL,170,Chitrakoot Division,communicable_diseases,0.5166586095488812,62.0,% of PW screened for HIV against estimated pregnancy,11,indicator_11,1.0,1.0,168,100.0,coverage,4.911876091651094,36.0,100.0,2025,36
p,0.589496925025891,18.0,2024-04-01,Hamirpur,VSI7HobT5qL,170,Chitrakoot Division,communicable_diseases,0.5166586095488812,62.0,Total case notification rate of TB against expected TB cases,10,indicator_10,0.033317219097762384,68.0,168,16.557377049180328,quality,1.1068366565019927,60.0,16.557377049180328,2025,36
p,0.589496925025891,18.0,2024-04-01,Hamirpur,VSI7HobT5qL,170,Chitrakoot Division,family_planning,0.33823640722550724,8.0,Permanent Method accepted per 1000 EC,8,indicator_8,0.14874433083880226,22.0,168,12.494565724489224,coverage,4.911876091651094,36.0,12.494565724489224,2025,36
p,0.589496925025891,18.0,2024-04-01,Hamirpur,VSI7HobT5qL,170,Chitrakoot Division,family_planning,0.33823640722550724,8.0,Reversible Method accepted per 1000 EC,9,indicator_9,0.5277284836122123,6.0,168,136.64584200414782,coverage,4.911876091651094,36.0,136.64584200414782,2025,36
p,0.589496925025891,18.0,2024-04-01,Hamirpur,VSI7HobT5qL,170,Chitrakoot Division,finance,0.3067379310092148,68.0,Per ASHA expenditure of ASHA incentive fund,12,indicator_12,0.3067379310092148,68.0,168,4637.719298245615,coverage,4.911876091651094,36.0,4637.719298245615,2025,36
p,0.6812427573625578,2.0,2024-04-01,Shrawasti,oyTwneTbWDx,182,Gonda Division,ante_natal,1.0,1.0,% of pregnant women received 4 or more ANC and tested for Hb against estimated PW,1,indicator_1,1.0,1.0,181,100.0,coverage,6.612845313072286,1.0,100.0,2025,18
p,0.6812427573625578,2.0,2024-04-01,Shrawasti,oyTwneTbWDx,182,Gonda Division,delivery_care,0.4794704873939646,51.0,% of pregnant women delivered in institution against estimated delivery,2,indicator_2,0.4907747955481525,32.0,181,66.86136662297493,coverage,6.612845313072286,1.0,66.86136662297493,2025,18
n,0.6812427573625578,2.0,2024-04-01,Shrawasti,oyTwneTbWDx,182,Gonda Division,delivery_care,0.4794704873939646,51.0,Still birth ratio,4,indicator_4,0.5527907415792892,50.0,181,7.84361637141112,quality,1.6243802712415418,21.0,7.84361637141112,2025,18
p,0.6812427573625578,2.0,2024-04-01,Shrawasti,oyTwneTbWDx,182,Gonda Division,delivery_care,0.4794704873939646,51.0,% of C-section delivery against reported delivery (70% weightage to CHC),31,indicator_31,0.19742296252722608,48.0,181,1.365015166835187,quality,1.6243802712415418,21.0,8.328152126218594,2025,18
p,0.6812427573625578,2.0,2024-04-01,Shrawasti,oyTwneTbWDx,182,Gonda Division,delivery_care,0.4794704873939646,51.0,% of C-section delivery against reported delivery (30% to DH),32,indicator_32,0.19742296252722608,48.0,181,24.575471698113212,quality,1.6243802712415418,21.0,8.328152126218594,2025,18
p,0.6812427573625578,2.0,2024-04-01,Shrawasti,oyTwneTbWDx,182,Gonda Division,post_natal_care,1.0,1.0,% of newborns received HBNC visits (Institutional Delivery and Home Delivery),5,indicator_5,1.0,1.0,181,100.0,coverage,6.612845313072286,1.0,100.0,2025,18
p,0.6812427573625578,2.0,2024-04-01,Shrawasti,oyTwneTbWDx,182,Gonda Division,immunization,0.7506418482717905,5.0,"% of children received full immunization (BCG, Penta 1, 2, 3, Measles)",7,indicator_7,1.0,1.0,181,100.0,coverage,6.612845313072286,1.0,100.0,2025,18
p,0.6812427573625578,2.0,2024-04-01,Shrawasti,oyTwneTbWDx,182,Gonda Division,immunization,0.7506418482717905,5.0,Ratio of Pentavalent 3 to BCG,6,indicator_6,0.501283696543581,12.0,181,1.1316444444444445,quality,1.6243802712415418,21.0,1.1316444444444445,2025,18
p,0.6812427573625578,2.0,2024-04-01,Shrawasti,oyTwneTbWDx,182,Gonda Division,communicable_diseases,0.6864414352957228,3.0,% of PW screened for HIV against estimated pregnancy,11,indicator_11,1.0,1.0,181,100.0,coverage,6.612845313072286,1.0,100.0,2025,18
p,0.6812427573625578,2.0,2024-04-01,Shrawasti,oyTwneTbWDx,182,Gonda Division,communicable_diseases,0.6864414352957228,3.0,Total case notification rate of TB against expected TB cases,10,indicator_10,0.3728828705914456,3.0,181,23.28660436137072,quality,1.6243802712415418,21.0,23.28660436137072,2025,18
p,0.6812427573625578,2.0,2024-04-01,Shrawasti,oyTwneTbWDx,182,Gonda Division,family_planning,0.5610352587620677,2.0,Permanent Method accepted per 1000 EC,8,indicator_8,0.12207051752413542,26.0,181,10.601712741889473,coverage,6.612845313072286,1.0,10.601712741889473,2025,18
p,0.6812427573625578,2.0,2024-04-01,Shrawasti,oyTwneTbWDx,182,Gonda Division,family_planning,0.5610352587620677,2.0,Reversible Method accepted per 1000 EC,9,indicator_9,1.0,1.0,181,223.13064474592625,coverage,6.612845313072286,1.0,223.13064474592625,2025,18
p,0.6812427573625578,2.0,2024-04-01,Shrawasti,oyTwneTbWDx,182,Gonda Division,finance,1.0,1.0,Per ASHA expenditure of ASHA incentive fund,12,indicator_12,1.0,1.0,181,6192.471401968608,coverage,6.612845313072286,1.0,6192.471401968608,2025,18
p,0.5449563328045044,47.0,2024-04-01,Basti,J1P16zQEOUT,185,Basti Division,ante_natal,1.0,1.0,% of pregnant women received 4 or more ANC and tested for Hb against estimated PW,1,indicator_1,1.0,1.0,185,100.0,coverage,4.611069009137687,55.0,100.0,2025,71
p,0.5449563328045044,47.0,2024-04-01,Basti,J1P16zQEOUT,185,Basti Division,delivery_care,0.6723195038106565,21.0,% of pregnant women delivered in institution against estimated delivery,2,indicator_2,0.20726032611382936,74.0,185,51.33967684835226,coverage,4.611069009137687,55.0,51.33967684835226,2025,71
n,0.5449563328045044,47.0,2024-04-01,Basti,J1P16zQEOUT,185,Basti Division,delivery_care,0.6723195038106565,21.0,Still birth ratio,4,indicator_4,0.783031856276763,30.0,185,4.043956043956044,quality,1.5761702529214767,23.0,4.043956043956044,2025,71
p,0.5449563328045044,47.0,2024-04-01,Basti,J1P16zQEOUT,185,Basti Division,delivery_care,0.6723195038106565,21.0,% of C-section delivery against reported delivery (70% weightage to CHC),31,indicator_31,0.5133331645206886,8.0,185,2.1419934358265675,quality,1.5761702529214767,23.0,18.717077425880973,2025,71
p,0.5449563328045044,47.0,2024-04-01,Basti,J1P16zQEOUT,185,Basti Division,delivery_care,0.6723195038106565,21.0,% of C-section delivery against reported delivery (30% to DH),32,indicator_32,0.5133331645206886,8.0,185,57.39227340267459,quality,1.5761702529214767,23.0,18.717077425880973,2025,71
p,0.5449563328045044,47.0,2024-04-01,Basti,J1P16zQEOUT,185,Basti Division,post_natal_care,1.0,1.0,% of newborns received HBNC visits (Institutional Delivery and Home Delivery),5,indicator_5,1.0,1.0,185,100.0,coverage,4.611069009137687,55.0,100.0,2025,71
p,0.5449563328045044,47.0,2024-04-01,Basti,J1P16zQEOUT,185,Basti Division,immunization,0.5296543605518436,42.0,"% of children received full immunization (BCG, Penta 1, 2, 3, Measles)",7,indicator_7,0.874706102770671,12.0,185,96.76126604138544,coverage,4.611069009137687,55.0,96.76126604138544,2025,71
p,0.5449563328045044,47.0,2024-04-01,Basti,J1P16zQEOUT,185,Basti Division,immunization,0.5296543605518436,42.0,Ratio of Pentavalent 3 to BCG,6,indicator_6,0.18460261833301628,51.0,185,0.93799590797944,quality,1.5761702529214767,23.0,0.93799590797944,2025,71
p,0.5449563328045044,47.0,2024-04-01,Basti,J1P16zQEOUT,185,Basti Division,communicable_diseases,0.5476013068955047,45.0,% of PW screened for HIV against estimated pregnancy,11,indicator_11,1.0,1.0,185,100.0,coverage,4.611069009137687,55.0,100.0,2025,71
p,0.5449563328045044,47.0,2024-04-01,Basti,J1P16zQEOUT,185,Basti Division,communicable_diseases,0.5476013068955047,45.0,Total case notification rate of TB against expected TB cases,10,indicator_10,0.09520261379100932,50.0,185,17.783769902413972,quality,1.5761702529214767,23.0,17.783769902413972,2025,71
p,0.5449563328045044,47.0,2024-04-01,Basti,J1P16zQEOUT,185,Basti Division,family_planning,0.10443759642026876,60.0,Permanent Method accepted per 1000 EC,8,indicator_8,0.047484971413927664,58.0,185,5.308900958734744,coverage,4.611069009137687,55.0,5.308900958734744,2025,71
p,0.5449563328045044,47.0,2024-04-01,Basti,J1P16zQEOUT,185,Basti Division,family_planning,0.10443759642026876,60.0,Reversible Method accepted per 1000 EC,9,indicator_9,0.16139022142660986,54.0,185,69.56008467494087,coverage,4.611069009137687,55.0,69.56008467494087,2025,71
p,0.5449563328045044,47.0,2024-04-01,Basti,J1P16zQEOUT,185,Basti Division,finance,0.3202273874126477,66.0,Per ASHA expenditure of ASHA incentive fund,12,indicator_12,0.3202273874126477,66.0,185,4667.97158184718,coverage,4.611069009137687,55.0,4667.97158184718,2025,71
p,0.5341843306545053,53.0,2024-04-01,Sant Kabir Nagar,fe1yBApr2sl,185,Basti Division,ante_natal,1.0,1.0,% of pregnant women received 4 or more ANC and tested for Hb against estimated PW,1,indicator_1,1.0,1.0,186,100.0,coverage,5.019414533110336,32.0,100.0,2025,11
p,0.5341843306545053,53.0,2024-04-01,Sant Kabir Nagar,fe1yBApr2sl,185,Basti Division,delivery_care,0.8670873834829531,3.0,% of pregnant women delivered in institution against estimated delivery,2,indicator_2,0.2282641935596046,73.0,186,52.48958470036099,coverage,5.019414533110336,32.0,52.48958470036099,2025,11
n,0.5341843306545053,53.0,2024-04-01,Sant Kabir Nagar,fe1yBApr2sl,185,Basti Division,delivery_care,0.8670873834829531,3.0,Still birth ratio,4,indicator_4,0.9551994837870372,6.0,186,1.202680258862608,quality,2.1234369694762694,3.0,1.202680258862608,2025,11
p,0.5341843306545053,53.0,2024-04-01,Sant Kabir Nagar,fe1yBApr2sl,185,Basti Division,delivery_care,0.8670873834829531,3.0,% of C-section delivery against reported delivery (70% weightage to CHC),31,indicator_31,0.7088992365511088,3.0,186,11.60404406216991,quality,2.1234369694762694,3.0,25.14840284890252,2025,11
p,0.5341843306545053,53.0,2024-04-01,Sant Kabir Nagar,fe1yBApr2sl,185,Basti Division,delivery_care,0.8670873834829531,3.0,% of C-section delivery against reported delivery (30% to DH),32,indicator_32,0.7088992365511088,3.0,186,56.75190668461193,quality,2.1234369694762694,3.0,25.14840284890252,2025,11
p,0.5341843306545053,53.0,2024-04-01,Sant Kabir Nagar,fe1yBApr2sl,185,Basti Division,post_natal_care,1.0,1.0,% of newborns received HBNC visits (Institutional Delivery and Home Delivery),5,indicator_5,1.0,1.0,186,100.0,coverage,5.019414533110336,32.0,100.0,2025,11
p,0.5341843306545053,53.0,2024-04-01,Sant Kabir Nagar,fe1yBApr2sl,185,Basti Division,immunization,0.5467043305817284,37.0,"% of children received full immunization (BCG, Penta 1, 2, 3, Measles)",7,indicator_7,0.9276351228619424,4.0,186,98.12943335485028,coverage,5.019414533110336,32.0,98.12943335485028,2025,11
p,0.5341843306545053,53.0,2024-04-01,Sant Kabir Nagar,fe1yBApr2sl,185,Basti Division,immunization,0.5467043305817284,37.0,Ratio of Pentavalent 3 to BCG,6,indicator_6,0.1657735383015143,58.0,186,0.9264820410579109,quality,2.1234369694762694,3.0,0.9264820410579109,2025,11
p,0.5341843306545053,53.0,2024-04-01,Sant Kabir Nagar,fe1yBApr2sl,185,Basti Division,communicable_diseases,0.6467823554183043,9.0,% of PW screened for HIV against estimated pregnancy,11,indicator_11,1.0,1.0,186,100.0,coverage,5.019414533110336,32.0,100.0,2025,11
p,0.5341843306545053,53.0,2024-04-01,Sant Kabir Nagar,fe1yBApr2sl,185,Basti Division,communicable_diseases,0.6467823554183043,9.0,Total case notification rate of TB against expected TB cases,10,indicator_10,0.29356471083660873,10.0,186,21.71474358974359,quality,2.1234369694762694,3.0,21.71474358974359,2025,11
p,0.5341843306545053,53.0,2024-04-01,Sant Kabir Nagar,fe1yBApr2sl,185,Basti Division,family_planning,0.2386131808290549,22.0,Permanent Method accepted per 1000 EC,8,indicator_8,0.09850465036087036,33.0,186,8.929408845130608,coverage,5.019414533110336,32.0,8.929408845130608,2025,11
p,0.5341843306545053,53.0,2024-04-01,Sant Kabir Nagar,fe1yBApr2sl,185,Basti Division,family_planning,0.2386131808290549,22.0,Reversible Method accepted per 1000 EC,9,indicator_9,0.3787217112972395,13.0,186,109.35895117190891,coverage,5.019414533110336,32.0,109.35895117190891,2025,11
p,0.5341843306545053,53.0,2024-04-01,Sant Kabir Nagar,fe1yBApr2sl,185,Basti Division,finance,0.38628885503068,57.0,Per ASHA expenditure of ASHA incentive fund,12,indicator_12,0.38628885503068,57.0,186,4816.125087351502,coverage,5.019414533110336,32.0,4816.125087351502,2025,11
p,0.550518803872309,44.0,2024-04-01,Siddharth Nagar,cP0p8qfm3il,185,Basti Division,ante_natal,1.0,1.0,% of pregnant women received 4 or more ANC and tested for Hb against estimated PW,1,indicator_1,1.0,1.0,184,100.0,coverage,4.6772257961142385,52.0,100.0,2025,1
p,0.550518803872309,44.0,2024-04-01,Siddharth Nagar,cP0p8qfm3il,185,Basti Division,delivery_care,0.4252636228395527,60.0,% of pregnant women delivered in institution against estimated delivery,2,indicator_2,0.0,75.0,184,39.99270577155075,coverage,4.6772257961142385,52.0,39.99270577155075,2025,1
n,0.550518803872309,44.0,2024-04-01,Siddharth Nagar,cP0p8qfm3il,185,Basti Division,delivery_care,0.4252636228395527,60.0,Still birth ratio,4,indicator_4,0.7808228430172051,32.0,184,4.080411305459591,quality,2.254356277718921,2.0,4.080411305459591,2025,1
p,0.550518803872309,44.0,2024-04-01,Siddharth Nagar,cP0p8qfm3il,185,Basti Division,delivery_care,0.4252636228395527,60.0,% of C-section delivery against reported delivery (70% weightage to CHC),31,indicator_31,0.2474840127507265,39.0,184,3.5106250776686965,quality,2.254356277718921,2.0,9.974444357089174,2025,1
p,0.550518803872309,44.0,2024-04-01,Siddharth Nagar,cP0p8qfm3il,185,Basti Division,delivery_care,0.4252636228395527,60.0,% of C-section delivery against reported delivery (30% to DH),32,indicator_32,0.2474840127507265,39.0,184,25.056689342403626,quality,2.254356277718921,2.0,9.974444357089174,2025,1
p,0.550518803872309,44.0,2024-04-01,Siddharth Nagar,cP0p8qfm3il,185,Basti Division,post_natal_care,0.8480931628819353,18.0,% of newborns received HBNC visits (Institutional Delivery and Home Delivery),5,indicator_5,0.8480931628819353,18.0,184,90.72658523979216,coverage,4.6772257961142385,52.0,90.72658523979216,2025,1
p,0.550518803872309,44.0,2024-04-01,Siddharth Nagar,cP0p8qfm3il,185,Basti Division,immunization,0.5250184307497056,43.0,"% of children received full immunization (BCG, Penta 1, 2, 3, Measles)",7,indicator_7,0.8239874395484216,18.0,184,95.45023445448557,coverage,4.6772257961142385,52.0,95.45023445448557,2025,1
p,0.550518803872309,44.0,2024-04-01,Siddharth Nagar,cP0p8qfm3il,185,Basti Division,immunization,0.5250184307497056,43.0,Ratio of Pentavalent 3 to BCG,6,indicator_6,0.2260494219509896,44.0,184,0.9633403741127666,quality,2.254356277718921,2.0,0.9633403741127666,2025,1
p,0.550518803872309,44.0,2024-04-01,Siddharth Nagar,cP0p8qfm3il,185,Basti Division,communicable_diseases,1.0,1.0,% of PW screened for HIV against estimated pregnancy,11,indicator_11,1.0,1.0,184,100.0,coverage,4.6772257961142385,52.0,100.0,2025,1
p,0.550518803872309,44.0,2024-04-01,Siddharth Nagar,cP0p8qfm3il,185,Basti Division,communicable_diseases,1.0,1.0,Total case notification rate of TB against expected TB cases,10,indicator_10,1.0,1.0,184,35.714285714285715,quality,2.254356277718921,2.0,35.714285714285715,2025,1
p,0.550518803872309,44.0,2024-04-01,Siddharth Nagar,cP0p8qfm3il,185,Basti Division,family_planning,0.14399040754600012,46.0,Permanent Method accepted per 1000 EC,8,indicator_8,0.025361037845632053,70.0,184,3.7389209507183994,coverage,4.6772257961142385,52.0,3.7389209507183994,2025,1
p,0.550518803872309,44.0,2024-04-01,Siddharth Nagar,cP0p8qfm3il,185,Basti Division,family_planning,0.14399040754600012,46.0,Reversible Method accepted per 1000 EC,9,indicator_9,0.2626197772463682,29.0,184,88.09776451147152,coverage,4.6772257961142385,52.0,88.09776451147152,2025,1
p,0.550518803872309,44.0,2024-04-01,Siddharth Nagar,cP0p8qfm3il,185,Basti Division,finance,0.7171643785918819,15.0,Per ASHA expenditure of ASHA incentive fund,12,indicator_12,0.7171643785918819,15.0,184,5558.166862514689,coverage,4.6772257961142385,52.0,5558.166862514689,2025,1
p,0.5421603225167413,50.0,2024-04-01,Mahoba,sUQMxIc3yXj,170,Chitrakoot Division,ante_natal,0.3581137119062603,15.0,% of pregnant women received 4 or more ANC and tested for Hb against estimated PW,1,indicator_1,0.3581137119062603,15.0,169,91.57765841174026,coverage,4.686525660413107,51.0,91.57765841174026,2025,42
p,0.5421603225167413,50.0,2024-04-01,Mahoba,sUQMxIc3yXj,170,Chitrakoot Division,delivery_care,0.16038174100512215,75.0,% of pregnant women delivered in institution against estimated delivery,2,indicator_2,0.32586851664050354,64.0,169,57.8331709608665,coverage,4.686525660413107,51.0,57.8331709608665,2025,42
n,0.5421603225167413,50.0,2024-04-01,Mahoba,sUQMxIc3yXj,170,Chitrakoot Division,delivery_care,0.16038174100512215,75.0,Still birth ratio,4,indicator_4,0.0,75.0,169,16.96630087944587,quality,1.1386026251812846,57.0,16.96630087944587,2025,42
p,0.5421603225167413,50.0,2024-04-01,Mahoba,sUQMxIc3yXj,170,Chitrakoot Division,delivery_care,0.16038174100512215,75.0,% of C-section delivery against reported delivery (70% weightage to CHC),31,indicator_31,0.07763835318743151,67.0,169,0.04596292324191818,quality,1.1386026251812846,57.0,4.388952471925319,2025,42
p,0.5421603225167413,50.0,2024-04-01,Mahoba,sUQMxIc3yXj,170,Chitrakoot Division,delivery_care,0.16038174100512215,75.0,% of C-section delivery against reported delivery (30% to DH),32,indicator_32,0.07763835318743151,67.0,169,14.522594752186587,quality,1.1386026251812846,57.0,4.388952471925319,2025,42
p,0.5421603225167413,50.0,2024-04-01,Mahoba,sUQMxIc3yXj,170,Chitrakoot Division,post_natal_care,0.8240669651986503,24.0,% of newborns received HBNC visits (Institutional Delivery and Home Delivery),5,indicator_5,0.8240669651986503,24.0,169,89.25986458090124,coverage,4.686525660413107,51.0,89.25986458090124,2025,42
p,0.5421603225167413,50.0,2024-04-01,Mahoba,sUQMxIc3yXj,170,Chitrakoot Division,immunization,0.9062308259195986,1.0,"% of children received full immunization (BCG, Penta 1, 2, 3, Measles)",7,indicator_7,0.8124616518391969,21.0,169,95.15230326326943,coverage,4.686525660413107,51.0,95.15230326326943,2025,42
p,0.5421603225167413,50.0,2024-04-01,Mahoba,sUQMxIc3yXj,170,Chitrakoot Division,immunization,0.9062308259195986,1.0,Ratio of Pentavalent 3 to BCG,6,indicator_6,1.0,1.0,169,1.4366064043483395,quality,1.1386026251812846,57.0,1.4366064043483395,2025,42
p,0.5421603225167413,50.0,2024-04-01,Mahoba,sUQMxIc3yXj,170,Chitrakoot Division,communicable_diseases,0.5304821359969266,56.0,% of PW screened for HIV against estimated pregnancy,11,indicator_11,1.0,1.0,169,100.0,coverage,4.686525660413107,51.0,100.0,2025,42
p,0.5421603225167413,50.0,2024-04-01,Mahoba,sUQMxIc3yXj,170,Chitrakoot Division,communicable_diseases,0.5304821359969266,56.0,Total case notification rate of TB against expected TB cases,10,indicator_10,0.060964271993853236,61.0,169,17.105263157894736,quality,1.1386026251812846,57.0,17.105263157894736,2025,42
p,0.5421603225167413,50.0,2024-04-01,Mahoba,sUQMxIc3yXj,170,Chitrakoot Division,family_planning,0.38371324072848,6.0,Permanent Method accepted per 1000 EC,8,indicator_8,0.3512078627142254,3.0,169,26.86197902445973,coverage,4.686525660413107,51.0,26.86197902445973,2025,42
p,0.5421603225167413,50.0,2024-04-01,Mahoba,sUQMxIc3yXj,170,Chitrakoot Division,family_planning,0.38371324072848,6.0,Reversible Method accepted per 1000 EC,9,indicator_9,0.4162186187427347,11.0,169,116.22557880309463,coverage,4.686525660413107,51.0,116.22557880309463,2025,42
p,0.5421603225167413,50.0,2024-04-01,Mahoba,sUQMxIc3yXj,170,Chitrakoot Division,finance,0.5985883333715339,25.0,Per ASHA expenditure of ASHA incentive fund,12,indicator_12,0.5985883333715339,25.0,169,5292.240939254722,coverage,4.686525660413107,51.0,5292.240939254722,2025,42
p,0.5581541115142588,39.0,2024-04-01,Budaun,eA37kyBRRuZ,150,Bareilly Division,ante_natal,1.0,1.0,% of pregnant women received 4 or more ANC and tested for Hb against estimated PW,1,indicator_1,1.0,1.0,149,100.0,coverage,5.217349103520071,22.0,100.0,2025,58
p,0.5581541115142588,39.0,2024-04-01,Budaun,eA37kyBRRuZ,150,Bareilly Division,delivery_care,0.4720601706230374,53.0,% of pregnant women delivered in institution against estimated delivery,2,indicator_2,0.453706648720654,39.0,149,64.83198069172221,coverage,5.217349103520071,22.0,64.83198069172221,2025,58
n,0.5581541115142588,39.0,2024-04-01,Budaun,eA37kyBRRuZ,150,Bareilly Division,delivery_care,0.4720601706230374,53.0,Still birth ratio,4,indicator_4,0.7272264554872092,38.0,149,4.964910443071122,quality,1.1830336428718746,51.0,4.964910443071122,2025,58
p,0.5581541115142588,39.0,2024-04-01,Budaun,eA37kyBRRuZ,150,Bareilly Division,delivery_care,0.4720601706230374,53.0,% of C-section delivery against reported delivery (70% weightage to CHC),31,indicator_31,0.11762370383062445,59.0,149,0.36714089031665903,quality,1.1830336428718746,51.0,5.7038983593694175,2025,58
p,0.5581541115142588,39.0,2024-04-01,Budaun,eA37kyBRRuZ,150,Bareilly Division,delivery_care,0.4720601706230374,53.0,% of C-section delivery against reported delivery (30% to DH),32,indicator_32,0.11762370383062445,59.0,149,18.156332453825854,quality,1.1830336428718746,51.0,5.7038983593694175,2025,58
p,0.5581541115142588,39.0,2024-04-01,Budaun,eA37kyBRRuZ,150,Bareilly Division,post_natal_care,0.7670779774243788,33.0,% of newborns received HBNC visits (Institutional Delivery and Home Delivery),5,indicator_5,0.7670779774243788,33.0,149,85.78087357285011,coverage,5.217349103520071,22.0,85.78087357285011,2025,58
p,0.5581541115142588,39.0,2024-04-01,Budaun,eA37kyBRRuZ,150,Bareilly Division,immunization,0.5707659134691663,35.0,"% of children received full immunization (BCG, Penta 1, 2, 3, Measles)",7,indicator_7,0.9259084466620616,5.0,149,98.0848003362616,coverage,5.217349103520071,22.0,98.0848003362616,2025,58
p,0.5581541115142588,39.0,2024-04-01,Budaun,eA37kyBRRuZ,150,Bareilly Division,immunization,0.5707659134691663,35.0,Ratio of Pentavalent 3 to BCG,6,indicator_6,0.2156233802762708,45.0,149,0.9569649135931771,quality,1.1830336428718746,51.0,0.9569649135931771,2025,58
p,0.5581541115142588,39.0,2024-04-01,Budaun,eA37kyBRRuZ,150,Bareilly Division,communicable_diseases,0.5612800516388851,35.0,% of PW screened for HIV against estimated pregnancy,11,indicator_11,1.0,1.0,149,100.0,coverage,5.217349103520071,22.0,100.0,2025,58
p,0.5581541115142588,39.0,2024-04-01,Budaun,eA37kyBRRuZ,150,Bareilly Division,communicable_diseases,0.5612800516388851,35.0,Total case notification rate of TB against expected TB cases,10,indicator_10,0.12256010327777014,37.0,149,18.325917686318128,quality,1.1830336428718746,51.0,18.325917686318128,2025,58
p,0.5581541115142588,39.0,2024-04-01,Budaun,eA37kyBRRuZ,150,Bareilly Division,family_planning,0.2043055296816592,27.0,Permanent Method accepted per 1000 EC,8,indicator_8,0.04202716192023548,62.0,149,4.921598593800068,coverage,5.217349103520071,22.0,4.921598593800068,2025,58
p,0.5581541115142588,39.0,2024-04-01,Budaun,eA37kyBRRuZ,150,Bareilly Division,family_planning,0.2043055296816592,27.0,Reversible Method accepted per 1000 EC,9,indicator_9,0.3665838974430829,16.0,149,107.13621192029751,coverage,5.217349103520071,22.0,107.13621192029751,2025,58
p,0.5581541115142588,39.0,2024-04-01,Budaun,eA37kyBRRuZ,150,Bareilly Division,finance,0.6620449713496588,20.0,Per ASHA expenditure of ASHA incentive fund,12,indicator_12,0.6620449713496588,20.0,149,5434.5526937912155,coverage,5.217349103520071,22.0,5434.5526937912155,2025,58
p,0.4608912324526916,71.0,2024-04-01,Bareilly,vVqY3DPcpHf,150,Bareilly Division,ante_natal,1.0,1.0,% of pregnant women received 4 or more ANC and tested for Hb against estimated PW,1,indicator_1,1.0,1.0,150,100.0,coverage,4.611637927862329,54.0,100.0,2025,56
p,0.4608912324526916,71.0,2024-04-01,Bareilly,vVqY3DPcpHf,150,Bareilly Division,delivery_care,0.5303110669304721,43.0,% of pregnant women delivered in institution against estimated delivery,2,indicator_2,0.41901493612131707,45.0,150,62.932698437128096,coverage,4.611637927862329,54.0,62.932698437128096,2025,56
n,0.4608912324526916,71.0,2024-04-01,Bareilly,vVqY3DPcpHf,150,Bareilly Division,delivery_care,0.5303110669304721,43.0,Still birth ratio,4,indicator_4,0.5596630874804251,47.0,150,7.7302023093249215,quality,0.949720214869477,67.0,7.7302023093249215,2025,56
p,0.4608912324526916,71.0,2024-04-01,Bareilly,vVqY3DPcpHf,150,Bareilly Division,delivery_care,0.5303110669304721,43.0,% of C-section delivery against reported delivery (70% weightage to CHC),31,indicator_31,0.30612758859483713,28.0,150,2.8713880195065142,quality,0.949720214869477,67.0,11.902978873876188,2025,56
p,0.4608912324526916,71.0,2024-04-01,Bareilly,vVqY3DPcpHf,150,Bareilly Division,delivery_care,0.5303110669304721,43.0,% of C-section delivery against reported delivery (30% to DH),32,indicator_32,0.30612758859483713,28.0,150,32.97669086740543,quality,0.949720214869477,67.0,11.902978873876188,2025,56
p,0.4608912324526916,71.0,2024-04-01,Bareilly,vVqY3DPcpHf,150,Bareilly Division,post_natal_care,0.8859553878228478,17.0,% of newborns received HBNC visits (Institutional Delivery and Home Delivery),5,indicator_5,0.8859553878228478,17.0,150,93.03795003602235,coverage,4.611637927862329,54.0,93.03795003602235,2025,56
p,0.4608912324526916,71.0,2024-04-01,Bareilly,vVqY3DPcpHf,150,Bareilly Division,immunization,0.5317423914447886,40.0,"% of children received full immunization (BCG, Penta 1, 2, 3, Measles)",7,indicator_7,1.0,1.0,150,100.0,coverage,4.611637927862329,54.0,100.0,2025,56
p,0.4608912324526916,71.0,2024-04-01,Bareilly,vVqY3DPcpHf,150,Bareilly Division,immunization,0.5317423914447886,40.0,Ratio of Pentavalent 3 to BCG,6,indicator_6,0.06348478288957718,72.0,150,0.8639330946722421,quality,0.949720214869477,67.0,0.8639330946722421,2025,56
p,0.4608912324526916,71.0,2024-04-01,Bareilly,vVqY3DPcpHf,150,Bareilly Division,communicable_diseases,0.32624921941702345,73.0,% of PW screened for HIV against estimated pregnancy,11,indicator_11,0.6320536829294093,10.0,150,94.73572986406349,coverage,4.611637927862329,54.0,94.73572986406349,2025,56
p,0.4608912324526916,71.0,2024-04-01,Bareilly,vVqY3DPcpHf,150,Bareilly Division,communicable_diseases,0.32624921941702345,73.0,Total case notification rate of TB against expected TB cases,10,indicator_10,0.02044475590463759,71.0,150,16.30228136882129,quality,0.949720214869477,67.0,16.30228136882129,2025,56
p,0.4608912324526916,71.0,2024-04-01,Bareilly,vVqY3DPcpHf,150,Bareilly Division,family_planning,0.15260916789446974,43.0,Permanent Method accepted per 1000 EC,8,indicator_8,0.06078962484834551,50.0,150,6.253038665582468,coverage,4.611637927862329,54.0,6.253038665582468,2025,56
p,0.4608912324526916,71.0,2024-04-01,Bareilly,vVqY3DPcpHf,150,Bareilly Division,family_planning,0.15260916789446974,43.0,Reversible Method accepted per 1000 EC,9,indicator_9,0.244428710940594,34.0,150,84.76652236256817,coverage,4.611637927862329,54.0,84.76652236256817,2025,56
p,0.4608912324526916,71.0,2024-04-01,Bareilly,vVqY3DPcpHf,150,Bareilly Division,finance,0.36939558519981536,60.0,Per ASHA expenditure of ASHA incentive fund,12,indicator_12,0.36939558519981536,60.0,150,4778.239202657807,coverage,4.611637927862329,54.0,4778.239202657807,2025,56
p,0.4644644028799839,70.0,2024-04-01,Azamgarh,NjckKfm3g0k,193,Azamgarh Division,ante_natal,1.0,1.0,% of pregnant women received 4 or more ANC and tested for Hb against estimated PW,1,indicator_1,1.0,1.0,191,100.0,coverage,4.002011642762338,73.0,100.0,2025,14
p,0.4644644028799839,70.0,2024-04-01,Azamgarh,NjckKfm3g0k,193,Azamgarh Division,delivery_care,0.6367840689047771,24.0,% of pregnant women delivered in institution against estimated delivery,2,indicator_2,0.6467851178716331,14.0,191,75.40253148688997,coverage,4.002011642762338,73.0,75.40253148688997,2025,14
n,0.4644644028799839,70.0,2024-04-01,Azamgarh,NjckKfm3g0k,193,Azamgarh Division,delivery_care,0.6367840689047771,24.0,Still birth ratio,4,indicator_4,0.6234285571239361,44.0,191,6.6778831977520685,quality,1.2695292626781134,46.0,6.6778831977520685,2025,14
p,0.4644644028799839,70.0,2024-04-01,Azamgarh,NjckKfm3g0k,193,Azamgarh Division,delivery_care,0.6367840689047771,24.0,% of C-section delivery against reported delivery (70% weightage to CHC),31,indicator_31,0.3200692658593812,27.0,191,1.4914289250572437,quality,1.2695292626781134,46.0,12.361460565000387,2025,14
p,0.4644644028799839,70.0,2024-04-01,Azamgarh,NjckKfm3g0k,193,Azamgarh Division,delivery_care,0.6367840689047771,24.0,% of C-section delivery against reported delivery (30% to DH),32,indicator_32,0.3200692658593812,27.0,191,37.72486772486772,quality,1.2695292626781134,46.0,12.361460565000387,2025,14
p,0.4644644028799839,70.0,2024-04-01,Azamgarh,NjckKfm3g0k,193,Azamgarh Division,post_natal_care,0.8092925435374735,27.0,% of newborns received HBNC visits (Institutional Delivery and Home Delivery),5,indicator_5,0.8092925435374735,27.0,191,88.35793453939951,coverage,4.002011642762338,73.0,88.35793453939951,2025,14
p,0.4644644028799839,70.0,2024-04-01,Azamgarh,NjckKfm3g0k,193,Azamgarh Division,immunization,0.43103957412549293,62.0,"% of children received full immunization (BCG, Penta 1, 2, 3, Measles)",7,indicator_7,0.6510315803284658,46.0,191,90.97948187208515,coverage,4.002011642762338,73.0,90.97948187208515,2025,14
p,0.4644644028799839,70.0,2024-04-01,Azamgarh,NjckKfm3g0k,193,Azamgarh Division,immunization,0.43103957412549293,62.0,Ratio of Pentavalent 3 to BCG,6,indicator_6,0.2110475679225203,46.0,191,0.9541668324117905,quality,1.2695292626781134,46.0,0.9541668324117905,2025,14
p,0.4644644028799839,70.0,2024-04-01,Azamgarh,NjckKfm3g0k,193,Azamgarh Division,communicable_diseases,0.3015602641934857,74.0,% of PW screened for HIV against estimated pregnancy,11,indicator_11,0.4881366566146954,11.0,191,92.67668464868228,coverage,4.002011642762338,73.0,92.67668464868228,2025,14
p,0.4644644028799839,70.0,2024-04-01,Azamgarh,NjckKfm3g0k,193,Azamgarh Division,communicable_diseases,0.3015602641934857,74.0,Total case notification rate of TB against expected TB cases,10,indicator_10,0.11498387177227595,40.0,191,18.175778283978733,quality,1.2695292626781134,46.0,18.175778283978733,2025,14
p,0.4644644028799839,70.0,2024-04-01,Azamgarh,NjckKfm3g0k,193,Azamgarh Division,family_planning,0.07826352624804271,68.0,Permanent Method accepted per 1000 EC,8,indicator_8,0.10450193405779304,30.0,191,9.354993901129145,coverage,4.002011642762338,73.0,9.354993901129145,2025,14
p,0.4644644028799839,70.0,2024-04-01,Azamgarh,NjckKfm3g0k,193,Azamgarh Division,family_planning,0.07826352624804271,68.0,Reversible Method accepted per 1000 EC,9,indicator_9,0.05202511843829237,68.0,191,49.5325813626037,coverage,4.002011642762338,73.0,49.5325813626037,2025,14
p,0.4644644028799839,70.0,2024-04-01,Azamgarh,NjckKfm3g0k,193,Azamgarh Division,finance,0.25023869191398435,72.0,Per ASHA expenditure of ASHA incentive fund,12,indicator_12,0.25023869191398435,72.0,191,4511.010633844093,coverage,4.002011642762338,73.0,4511.010633844093,2025,14
p,0.5869440701074514,21.0,2024-04-01,Pilibhit,c96jwckSd6j,150,Bareilly Division,ante_natal,0.9190235684783596,4.0,% of pregnant women received 4 or more ANC and tested for Hb against estimated PW,1,indicator_1,0.9190235684783596,4.0,151,98.93748911680449,coverage,4.7936078014541845,46.0,98.93748911680449,2025,29
p,0.5869440701074514,21.0,2024-04-01,Pilibhit,c96jwckSd6j,150,Bareilly Division,delivery_care,0.6673234082738473,22.0,% of pregnant women delivered in institution against estimated delivery,2,indicator_2,0.4680986429512842,37.0,151,65.61990544960744,coverage,4.7936078014541845,46.0,65.61990544960744,2025,29
n,0.5869440701074514,21.0,2024-04-01,Pilibhit,c96jwckSd6j,150,Bareilly Division,delivery_care,0.6673234082738473,22.0,Still birth ratio,4,indicator_4,0.7591730466343487,36.0,151,4.4376970687843045,quality,1.6299855273821946,20.0,4.4376970687843045,2025,29
p,0.5869440701074514,21.0,2024-04-01,Pilibhit,c96jwckSd6j,150,Bareilly Division,delivery_care,0.6673234082738473,22.0,% of C-section delivery against reported delivery (70% weightage to CHC),31,indicator_31,0.3873492676179546,18.0,151,1.1523495959293626,quality,1.6299855273821946,20.0,14.574009916114528,2025,29
p,0.5869440701074514,21.0,2024-04-01,Pilibhit,c96jwckSd6j,150,Bareilly Division,delivery_care,0.6673234082738473,22.0,% of C-section delivery against reported delivery (30% to DH),32,indicator_32,0.3873492676179546,18.0,151,45.89121732987992,quality,1.6299855273821946,20.0,14.574009916114528,2025,29
p,0.5869440701074514,21.0,2024-04-01,Pilibhit,c96jwckSd6j,150,Bareilly Division,post_natal_care,0.9236718759593554,14.0,% of newborns received HBNC visits (Institutional Delivery and Home Delivery),5,indicator_5,0.9236718759593554,14.0,151,95.34041807777649,coverage,4.7936078014541845,46.0,95.34041807777649,2025,29
p,0.5869440701074514,21.0,2024-04-01,Pilibhit,c96jwckSd6j,150,Bareilly Division,immunization,0.4787812641435675,55.0,"% of children received full immunization (BCG, Penta 1, 2, 3, Measles)",7,indicator_7,0.8047716248664059,23.0,151,94.95352301897823,coverage,4.7936078014541845,46.0,94.95352301897823,2025,29
p,0.5869440701074514,21.0,2024-04-01,Pilibhit,c96jwckSd6j,150,Bareilly Division,immunization,0.4787812641435675,55.0,Ratio of Pentavalent 3 to BCG,6,indicator_6,0.1527909034207292,60.0,151,0.9185432394776918,quality,1.6299855273821946,20.0,0.9185432394776918,2025,29
p,0.5869440701074514,21.0,2024-04-01,Pilibhit,c96jwckSd6j,150,Bareilly Division,communicable_diseases,0.5996788055894351,21.0,% of PW screened for HIV against estimated pregnancy,11,indicator_11,0.8686853014697079,6.0,151,98.1212584178417,coverage,4.7936078014541845,46.0,98.1212584178417,2025,29
p,0.5869440701074514,21.0,2024-04-01,Pilibhit,c96jwckSd6j,150,Bareilly Division,communicable_diseases,0.5996788055894351,21.0,Total case notification rate of TB against expected TB cases,10,indicator_10,0.3306723097091621,5.0,151,22.45011086474501,quality,1.6299855273821946,20.0,22.45011086474501,2025,29
p,0.5869440701074514,21.0,2024-04-01,Pilibhit,c96jwckSd6j,150,Bareilly Division,family_planning,0.10294165116135587,61.0,Permanent Method accepted per 1000 EC,8,indicator_8,0.06316312064684257,49.0,151,6.421468973929224,coverage,4.7936078014541845,46.0,6.421468973929224,2025,29
p,0.5869440701074514,21.0,2024-04-01,Pilibhit,c96jwckSd6j,150,Bareilly Division,family_planning,0.10294165116135587,61.0,Reversible Method accepted per 1000 EC,9,indicator_9,0.14272018167586914,62.0,151,66.141130431471,coverage,4.7936078014541845,46.0,66.141130431471,2025,29
p,0.5869440701074514,21.0,2024-04-01,Pilibhit,c96jwckSd6j,150,Bareilly Division,finance,0.6034734854063607,24.0,Per ASHA expenditure of ASHA incentive fund,12,indicator_12,0.6034734854063607,24.0,151,5303.196681307954,coverage,4.7936078014541845,46.0,5303.196681307954,2025,29
p,0.4413655797953704,73.0,2024-04-01,Shahjahanpur,GaiLSoQq1ue,150,Bareilly Division,ante_natal,1.0,1.0,% of pregnant women received 4 or more ANC and tested for Hb against estimated PW,1,indicator_1,1.0,1.0,152,100.0,coverage,4.489883470750925,62.0,100.0,2025,28
p,0.4413655797953704,73.0,2024-04-01,Shahjahanpur,GaiLSoQq1ue,150,Bareilly Division,delivery_care,0.3418624284785842,69.0,% of pregnant women delivered in institution against estimated delivery,2,indicator_2,0.29084706964331325,67.0,152,55.91583659400554,coverage,4.489883470750925,62.0,55.91583659400554,2025,28
n,0.4413655797953704,73.0,2024-04-01,Shahjahanpur,GaiLSoQq1ue,150,Bareilly Division,delivery_care,0.3418624284785842,69.0,Still birth ratio,4,indicator_4,0.4794366953373563,61.0,152,9.05417539658785,quality,0.7923508725486968,75.0,9.05417539658785,2025,28
p,0.4413655797953704,73.0,2024-04-01,Shahjahanpur,GaiLSoQq1ue,150,Bareilly Division,delivery_care,0.3418624284785842,69.0,% of C-section delivery against reported delivery (70% weightage to CHC),31,indicator_31,0.12765176022754152,57.0,152,0.9493896780641016,quality,0.7923508725486968,75.0,6.033677923786679,2025,28
p,0.4413655797953704,73.0,2024-04-01,Shahjahanpur,GaiLSoQq1ue,150,Bareilly Division,delivery_care,0.3418624284785842,69.0,% of C-section delivery against reported delivery (30% to DH),32,indicator_32,0.12765176022754152,57.0,152,17.89701716380603,quality,0.7923508725486968,75.0,6.033677923786679,2025,28
p,0.4413655797953704,73.0,2024-04-01,Shahjahanpur,GaiLSoQq1ue,150,Bareilly Division,post_natal_care,1.0,1.0,% of newborns received HBNC visits (Institutional Delivery and Home Delivery),5,indicator_5,1.0,1.0,152,100.0,coverage,4.489883470750925,62.0,100.0,2025,28
p,0.4413655797953704,73.0,2024-04-01,Shahjahanpur,GaiLSoQq1ue,150,Bareilly Division,immunization,0.41999888198602703,68.0,"% of children received full immunization (BCG, Penta 1, 2, 3, Measles)",7,indicator_7,0.7172771236616515,39.0,152,92.69186927118861,coverage,4.489883470750925,62.0,92.69186927118861,2025,28
p,0.4413655797953704,73.0,2024-04-01,Shahjahanpur,GaiLSoQq1ue,150,Bareilly Division,immunization,0.41999888198602703,68.0,Ratio of Pentavalent 3 to BCG,6,indicator_6,0.12272064031040256,64.0,152,0.9001554580689126,quality,0.7923508725486968,75.0,0.9001554580689126,2025,28
p,0.4413655797953704,73.0,2024-04-01,Shahjahanpur,GaiLSoQq1ue,150,Bareilly Division,communicable_diseases,0.5312708883366982,53.0,% of PW screened for HIV against estimated pregnancy,11,indicator_11,1.0,1.0,152,100.0,coverage,4.489883470750925,62.0,100.0,2025,28
p,0.4413655797953704,73.0,2024-04-01,Shahjahanpur,GaiLSoQq1ue,150,Bareilly Division,communicable_diseases,0.5312708883366982,53.0,Total case notification rate of TB against expected TB cases,10,indicator_10,0.06254177667339643,58.0,152,17.136524822695037,quality,0.7923508725486968,75.0,17.136524822695037,2025,28
p,0.4413655797953704,73.0,2024-04-01,Shahjahanpur,GaiLSoQq1ue,150,Bareilly Division,family_planning,0.1348106872754005,50.0,Permanent Method accepted per 1000 EC,8,indicator_8,0.05058880213935845,56.0,152,5.5291580017307655,coverage,4.489883470750925,62.0,5.5291580017307655,2025,28
p,0.4413655797953704,73.0,2024-04-01,Shahjahanpur,GaiLSoQq1ue,150,Bareilly Division,family_planning,0.1348106872754005,50.0,Reversible Method accepted per 1000 EC,9,indicator_9,0.21903257241144253,43.0,152,80.11585012237941,coverage,4.489883470750925,62.0,80.11585012237941,2025,28
p,0.4413655797953704,73.0,2024-04-01,Shahjahanpur,GaiLSoQq1ue,150,Bareilly Division,finance,0.2121379028951596,73.0,Per ASHA expenditure of ASHA incentive fund,12,indicator_12,0.2121379028951596,73.0,152,4425.563463819692,coverage,4.489883470750925,62.0,4425.563463819692,2025,28
p,0.5374218332300834,51.0,2024-04-01,Ballia,oNDvGBE5fLq,193,Azamgarh Division,ante_natal,1.0,1.0,% of pregnant women received 4 or more ANC and tested for Hb against estimated PW,1,indicator_1,1.0,1.0,193,100.0,coverage,4.225113117653608,72.0,100.0,2025,5
p,0.5374218332300834,51.0,2024-04-01,Ballia,oNDvGBE5fLq,193,Azamgarh Division,delivery_care,0.4378017938529553,59.0,% of pregnant women delivered in institution against estimated delivery,2,indicator_2,0.24783283888903815,71.0,193,53.56091782391943,coverage,4.225113117653608,72.0,53.56091782391943,2025,5
n,0.5374218332300834,51.0,2024-04-01,Ballia,oNDvGBE5fLq,193,Azamgarh Division,delivery_care,0.4378017938529553,59.0,Still birth ratio,4,indicator_4,0.8072959008238492,25.0,193,3.643527442963968,quality,1.2993183899711935,43.0,3.643527442963968,2025,5
p,0.5374218332300834,51.0,2024-04-01,Ballia,oNDvGBE5fLq,193,Azamgarh Division,delivery_care,0.4378017938529553,59.0,% of C-section delivery against reported delivery (70% weightage to CHC),31,indicator_31,0.12913832092298938,56.0,193,1.765586034912718,quality,1.2993183899711935,43.0,6.08256449953184,2025,5
p,0.5374218332300834,51.0,2024-04-01,Ballia,oNDvGBE5fLq,193,Azamgarh Division,delivery_care,0.4378017938529553,59.0,% of C-section delivery against reported delivery (30% to DH),32,indicator_32,0.12913832092298938,56.0,193,16.15551425030979,quality,1.2993183899711935,43.0,6.08256449953184,2025,5
p,0.5374218332300834,51.0,2024-04-01,Ballia,oNDvGBE5fLq,193,Azamgarh Division,post_natal_care,1.0,1.0,% of newborns received HBNC visits (Institutional Delivery and Home Delivery),5,indicator_5,1.0,1.0,193,100.0,coverage,4.225113117653608,72.0,100.0,2025,5
p,0.5374218332300834,51.0,2024-04-01,Ballia,oNDvGBE5fLq,193,Azamgarh Division,immunization,0.4912774667456215,54.0,"% of children received full immunization (BCG, Penta 1, 2, 3, Measles)",7,indicator_7,0.8037202473890518,24.0,193,94.92634586179398,coverage,4.225113117653608,72.0,94.92634586179398,2025,5
p,0.5374218332300834,51.0,2024-04-01,Ballia,oNDvGBE5fLq,193,Azamgarh Division,immunization,0.4912774667456215,54.0,Ratio of Pentavalent 3 to BCG,6,indicator_6,0.17883468610219114,54.0,193,0.9344688528069616,quality,1.2993183899711935,43.0,0.9344688528069616,2025,5
p,0.5374218332300834,51.0,2024-04-01,Ballia,oNDvGBE5fLq,193,Azamgarh Division,communicable_diseases,0.592024741061082,24.0,% of PW screened for HIV against estimated pregnancy,11,indicator_11,1.0,1.0,193,100.0,coverage,4.225113117653608,72.0,100.0,2025,5
p,0.5374218332300834,51.0,2024-04-01,Ballia,oNDvGBE5fLq,193,Azamgarh Division,communicable_diseases,0.592024741061082,24.0,Total case notification rate of TB against expected TB cases,10,indicator_10,0.18404948212216413,26.0,193,19.54446262956901,quality,1.2993183899711935,43.0,19.54446262956901,2025,5
p,0.5374218332300834,51.0,2024-04-01,Ballia,oNDvGBE5fLq,193,Azamgarh Division,family_planning,0.0867800156877592,67.0,Permanent Method accepted per 1000 EC,8,indicator_8,0.059346019393018326,51.0,193,6.150596136665508,coverage,4.225113117653608,72.0,6.150596136665508,2025,5
p,0.5374218332300834,51.0,2024-04-01,Ballia,oNDvGBE5fLq,193,Azamgarh Division,family_planning,0.0867800156877592,67.0,Reversible Method accepted per 1000 EC,9,indicator_9,0.11421401198250007,63.0,193,60.92093319893168,coverage,4.225113117653608,72.0,60.92093319893168,2025,5
p,0.5374218332300834,51.0,2024-04-01,Ballia,oNDvGBE5fLq,193,Azamgarh Division,finance,0.0,75.0,Per ASHA expenditure of ASHA incentive fund,12,indicator_12,0.0,75.0,193,3949.809970936732,coverage,4.225113117653608,72.0,3949.809970936732,2025,5
p,0.6116381955299011,9.0,2024-04-01,Maunathbhanjan,CBSB9v92AwT,193,Azamgarh Division,ante_natal,1.0,1.0,% of pregnant women received 4 or more ANC and tested for Hb against estimated PW,1,indicator_1,1.0,1.0,192,100.0,coverage,5.744380593252339,6.0,100.0,2025,6
p,0.6116381955299011,9.0,2024-04-01,Maunathbhanjan,CBSB9v92AwT,193,Azamgarh Division,delivery_care,0.7410113309143589,12.0,% of pregnant women delivered in institution against estimated delivery,2,indicator_2,0.6940700374594857,11.0,192,77.99125951309975,coverage,5.744380593252339,6.0,77.99125951309975,2025,6
n,0.6116381955299011,9.0,2024-04-01,Maunathbhanjan,CBSB9v92AwT,193,Azamgarh Division,delivery_care,0.7410113309143589,12.0,Still birth ratio,4,indicator_4,0.9900299800732356,2.0,192,0.6278739081457406,quality,1.7583243418723058,13.0,0.6278739081457406,2025,6
p,0.6116381955299011,9.0,2024-04-01,Maunathbhanjan,CBSB9v92AwT,193,Azamgarh Division,delivery_care,0.7410113309143589,12.0,% of C-section delivery against reported delivery (70% weightage to CHC),31,indicator_31,0.2694669876051777,35.0,192,4.563320870482217,quality,1.7583243418723058,13.0,10.697369676329023,2025,6
p,0.6116381955299011,9.0,2024-04-01,Maunathbhanjan,CBSB9v92AwT,193,Azamgarh Division,delivery_care,0.7410113309143589,12.0,% of C-section delivery against reported delivery (30% to DH),32,indicator_32,0.2694669876051777,35.0,192,25.01015022330491,quality,1.7583243418723058,13.0,10.697369676329023,2025,6
p,0.6116381955299011,9.0,2024-04-01,Maunathbhanjan,CBSB9v92AwT,193,Azamgarh Division,post_natal_care,1.0,1.0,% of newborns received HBNC visits (Institutional Delivery and Home Delivery),5,indicator_5,1.0,1.0,192,100.0,coverage,5.744380593252339,6.0,100.0,2025,6
p,0.6116381955299011,9.0,2024-04-01,Maunathbhanjan,CBSB9v92AwT,193,Azamgarh Division,immunization,0.6141831475031516,28.0,"% of children received full immunization (BCG, Penta 1, 2, 3, Measles)",7,indicator_7,1.0,1.0,192,100.0,coverage,5.744380593252339,6.0,100.0,2025,6
p,0.6116381955299011,9.0,2024-04-01,Maunathbhanjan,CBSB9v92AwT,193,Azamgarh Division,immunization,0.6141831475031516,28.0,Ratio of Pentavalent 3 to BCG,6,indicator_6,0.2283662950063032,43.0,192,0.9647571277719112,quality,1.7583243418723058,13.0,0.9647571277719112,2025,6
p,0.6116381955299011,9.0,2024-04-01,Maunathbhanjan,CBSB9v92AwT,193,Azamgarh Division,communicable_diseases,0.6352305395937948,11.0,% of PW screened for HIV against estimated pregnancy,11,indicator_11,1.0,1.0,192,100.0,coverage,5.744380593252339,6.0,100.0,2025,6
p,0.6116381955299011,9.0,2024-04-01,Maunathbhanjan,CBSB9v92AwT,193,Azamgarh Division,communicable_diseases,0.6352305395937948,11.0,Total case notification rate of TB against expected TB cases,10,indicator_10,0.2704610791875896,13.0,192,21.256895193065407,quality,1.7583243418723058,13.0,21.256895193065407,2025,6
p,0.6116381955299011,9.0,2024-04-01,Maunathbhanjan,CBSB9v92AwT,193,Azamgarh Division,family_planning,0.3129903349036405,11.0,Permanent Method accepted per 1000 EC,8,indicator_8,0.3387347527515246,5.0,192,25.97685011106921,coverage,5.744380593252339,6.0,25.97685011106921,2025,6
p,0.6116381955299011,9.0,2024-04-01,Maunathbhanjan,CBSB9v92AwT,193,Azamgarh Division,family_planning,0.3129903349036405,11.0,Reversible Method accepted per 1000 EC,9,indicator_9,0.2872459170557565,25.0,192,92.60743060354557,coverage,5.744380593252339,6.0,92.60743060354557,2025,6
p,0.6116381955299011,9.0,2024-04-01,Maunathbhanjan,CBSB9v92AwT,193,Azamgarh Division,finance,0.424329885985572,49.0,Per ASHA expenditure of ASHA incentive fund,12,indicator_12,0.424329885985572,49.0,192,4901.438240270728,coverage,5.744380593252339,6.0,4901.438240270728,2025,6
p,0.5659874395342622,32.0,2024-04-01,Aligarh,frD2HOp3wAs,201,Alligarh Division,ante_natal,1.0,1.0,% of pregnant women received 4 or more ANC and tested for Hb against estimated PW,1,indicator_1,1.0,1.0,143,100.0,coverage,5.184650379790532,24.0,100.0,2025,44
p,0.5659874395342622,32.0,2024-04-01,Aligarh,frD2HOp3wAs,201,Alligarh Division,delivery_care,0.5433204568347767,41.0,% of pregnant women delivered in institution against estimated delivery,2,indicator_2,0.7341821907873747,7.0,143,80.18729699009286,coverage,5.184650379790532,24.0,80.18729699009286,2025,44
n,0.5659874395342622,32.0,2024-04-01,Aligarh,frD2HOp3wAs,201,Alligarh Division,delivery_care,0.5433204568347767,41.0,Still birth ratio,4,indicator_4,0.4380152557544476,65.0,143,9.737751832951336,quality,0.8908831646310146,70.0,9.737751832951336,2025,44
p,0.5659874395342622,32.0,2024-04-01,Aligarh,frD2HOp3wAs,201,Alligarh Division,delivery_care,0.5433204568347767,41.0,% of C-section delivery against reported delivery (70% weightage to CHC),31,indicator_31,0.228881961981254,44.0,143,1.897569577551177,quality,0.8908831646310146,70.0,9.362703062743204,2025,44
p,0.5659874395342622,32.0,2024-04-01,Aligarh,frD2HOp3wAs,201,Alligarh Division,delivery_care,0.5433204568347767,41.0,% of C-section delivery against reported delivery (30% to DH),32,indicator_32,0.228881961981254,44.0,143,26.7813478615246,quality,0.8908831646310146,70.0,9.362703062743204,2025,44
p,0.5659874395342622,32.0,2024-04-01,Aligarh,frD2HOp3wAs,201,Alligarh Division,post_natal_care,0.8247845115544985,23.0,% of newborns received HBNC visits (Institutional Delivery and Home Delivery),5,indicator_5,0.8247845115544985,23.0,143,89.30366843524837,coverage,5.184650379790532,24.0,89.30366843524837,2025,44
p,0.5659874395342622,32.0,2024-04-01,Aligarh,frD2HOp3wAs,201,Alligarh Division,immunization,0.3081250809162873,74.0,"% of children received full immunization (BCG, Penta 1, 2, 3, Measles)",7,indicator_7,0.5526805287386622,52.0,143,88.43719611281686,coverage,5.184650379790532,24.0,88.43719611281686,2025,44
p,0.5659874395342622,32.0,2024-04-01,Aligarh,frD2HOp3wAs,201,Alligarh Division,immunization,0.3081250809162873,74.0,Ratio of Pentavalent 3 to BCG,6,indicator_6,0.06356963309391228,71.0,143,0.863984980051631,quality,0.8908831646310146,70.0,0.863984980051631,2025,44
p,0.5659874395342622,32.0,2024-04-01,Aligarh,frD2HOp3wAs,201,Alligarh Division,communicable_diseases,0.5802081569007004,26.0,% of PW screened for HIV against estimated pregnancy,11,indicator_11,1.0,1.0,143,100.0,coverage,5.184650379790532,24.0,100.0,2025,44
p,0.5659874395342622,32.0,2024-04-01,Aligarh,frD2HOp3wAs,201,Alligarh Division,communicable_diseases,0.5802081569007004,26.0,Total case notification rate of TB against expected TB cases,10,indicator_10,0.1604163138014008,27.0,143,19.076120319214247,quality,0.8908831646310146,70.0,19.076120319214247,2025,44
p,0.5659874395342622,32.0,2024-04-01,Aligarh,frD2HOp3wAs,201,Alligarh Division,family_planning,0.13761420099756258,48.0,Permanent Method accepted per 1000 EC,8,indicator_8,0.11780970512248552,28.0,143,10.299352844276845,coverage,5.184650379790532,24.0,10.299352844276845,2025,44
p,0.5659874395342622,32.0,2024-04-01,Aligarh,frD2HOp3wAs,201,Alligarh Division,family_planning,0.13761420099756258,48.0,Reversible Method accepted per 1000 EC,9,indicator_9,0.15741869687263965,56.0,143,68.83279855728263,coverage,5.184650379790532,24.0,68.83279855728263,2025,44
p,0.5659874395342622,32.0,2024-04-01,Aligarh,frD2HOp3wAs,201,Alligarh Division,finance,0.7977747467148718,9.0,Per ASHA expenditure of ASHA incentive fund,12,indicator_12,0.7977747467148718,9.0,143,5738.9486260454005,coverage,5.184650379790532,24.0,5738.9486260454005,2025,44
p,0.5755668338778137,27.0,2024-04-01,Etah,ZLcx4iOVyN5,201,Alligarh Division,ante_natal,1.0,1.0,% of pregnant women received 4 or more ANC and tested for Hb against estimated PW,1,indicator_1,1.0,1.0,201,100.0,coverage,5.221177835409477,21.0,100.0,2025,21
p,0.5755668338778137,27.0,2024-04-01,Etah,ZLcx4iOVyN5,201,Alligarh Division,delivery_care,0.5445002347242541,40.0,% of pregnant women delivered in institution against estimated delivery,2,indicator_2,0.4003831143767929,49.0,201,61.91265400118946,coverage,5.221177835409477,21.0,61.91265400118946,2025,21
n,0.5755668338778137,27.0,2024-04-01,Etah,ZLcx4iOVyN5,201,Alligarh Division,delivery_care,0.5445002347242541,40.0,Still birth ratio,4,indicator_4,0.9503076185608252,8.0,201,1.2834105239662963,quality,1.6520802883158017,18.0,1.2834105239662963,2025,21
p,0.5755668338778137,27.0,2024-04-01,Etah,ZLcx4iOVyN5,201,Alligarh Division,delivery_care,0.5445002347242541,40.0,% of C-section delivery against reported delivery (70% weightage to CHC),31,indicator_31,0.1414049856175724,53.0,201,0.28362442155545603,quality,1.6520802883158017,18.0,6.485962244789418,2025,21
p,0.5755668338778137,27.0,2024-04-01,Etah,ZLcx4iOVyN5,201,Alligarh Division,delivery_care,0.5445002347242541,40.0,% of C-section delivery against reported delivery (30% to DH),32,indicator_32,0.1414049856175724,53.0,201,20.95808383233533,quality,1.6520802883158017,18.0,6.485962244789418,2025,21
p,0.5755668338778137,27.0,2024-04-01,Etah,ZLcx4iOVyN5,201,Alligarh Division,post_natal_care,1.0,1.0,% of newborns received HBNC visits (Institutional Delivery and Home Delivery),5,indicator_5,1.0,1.0,201,100.0,coverage,5.221177835409477,21.0,100.0,2025,21
p,0.5755668338778137,27.0,2024-04-01,Etah,ZLcx4iOVyN5,201,Alligarh Division,immunization,0.6447530315898795,23.0,"% of children received full immunization (BCG, Penta 1, 2, 3, Measles)",7,indicator_7,1.0,1.0,201,100.0,coverage,5.221177835409477,21.0,100.0,2025,21
p,0.5755668338778137,27.0,2024-04-01,Etah,ZLcx4iOVyN5,201,Alligarh Division,immunization,0.6447530315898795,23.0,Ratio of Pentavalent 3 to BCG,6,indicator_6,0.2895060631797591,38.0,201,1.0021437209131885,quality,1.6520802883158017,18.0,1.0021437209131885,2025,21
p,0.5755668338778137,27.0,2024-04-01,Etah,ZLcx4iOVyN5,201,Alligarh Division,communicable_diseases,0.6354308104788227,10.0,% of PW screened for HIV against estimated pregnancy,11,indicator_11,1.0,1.0,201,100.0,coverage,5.221177835409477,21.0,100.0,2025,21
p,0.5755668338778137,27.0,2024-04-01,Etah,ZLcx4iOVyN5,201,Alligarh Division,communicable_diseases,0.6354308104788227,10.0,Total case notification rate of TB against expected TB cases,10,indicator_10,0.2708616209576452,12.0,201,21.264832793959005,quality,1.6520802883158017,18.0,21.264832793959005,2025,21
p,0.5755668338778137,27.0,2024-04-01,Etah,ZLcx4iOVyN5,201,Alligarh Division,family_planning,0.13804413942336435,47.0,Permanent Method accepted per 1000 EC,8,indicator_8,0.09243243708787736,36.0,201,8.498506563961584,coverage,5.221177835409477,21.0,8.498506563961584,2025,21
p,0.5755668338778137,27.0,2024-04-01,Etah,ZLcx4iOVyN5,201,Alligarh Division,family_planning,0.13804413942336435,47.0,Reversible Method accepted per 1000 EC,9,indicator_9,0.18365584175885133,51.0,201,73.63748023139037,coverage,5.221177835409477,21.0,73.63748023139037,2025,21
p,0.5755668338778137,27.0,2024-04-01,Etah,ZLcx4iOVyN5,201,Alligarh Division,finance,0.5447064421859544,33.0,Per ASHA expenditure of ASHA incentive fund,12,indicator_12,0.5447064421859544,33.0,201,5171.402100061767,coverage,5.221177835409477,21.0,5171.402100061767,2025,21
p,0.6987629938093617,1.0,2024-04-01,Hathras,m1IAjmqkoFC,201,Alligarh Division,ante_natal,1.0,1.0,% of pregnant women received 4 or more ANC and tested for Hb against estimated PW,1,indicator_1,1.0,1.0,144,100.0,coverage,6.503475427222941,2.0,100.0,2025,48
p,0.6987629938093617,1.0,2024-04-01,Hathras,m1IAjmqkoFC,201,Alligarh Division,delivery_care,0.5783931764598569,35.0,% of pregnant women delivered in institution against estimated delivery,2,indicator_2,0.7632443526932948,6.0,144,81.77837578823528,coverage,6.503475427222941,2.0,81.77837578823528,2025,48
n,0.6987629938093617,1.0,2024-04-01,Hathras,m1IAjmqkoFC,201,Alligarh Division,delivery_care,0.5783931764598569,35.0,Still birth ratio,4,indicator_4,0.7976761775586192,29.0,144,3.8022813688212933,quality,1.3587767244103388,40.0,3.8022813688212933,2025,48
p,0.6987629938093617,1.0,2024-04-01,Hathras,m1IAjmqkoFC,201,Alligarh Division,delivery_care,0.5783931764598569,35.0,% of C-section delivery against reported delivery (70% weightage to CHC),31,indicator_31,0.08712949956382826,66.0,144,3.535018398986548,quality,1.3587767244103388,40.0,4.7010753792905815,2025,48
p,0.6987629938093617,1.0,2024-04-01,Hathras,m1IAjmqkoFC,201,Alligarh Division,delivery_care,0.5783931764598569,35.0,% of C-section delivery against reported delivery (30% to DH),32,indicator_32,0.08712949956382826,66.0,144,7.421875,quality,1.3587767244103388,40.0,4.7010753792905815,2025,48
p,0.6987629938093617,1.0,2024-04-01,Hathras,m1IAjmqkoFC,201,Alligarh Division,post_natal_care,0.935344686763116,10.0,% of newborns received HBNC visits (Institutional Delivery and Home Delivery),5,indicator_5,0.935344686763116,10.0,144,96.05300493729072,coverage,6.503475427222941,2.0,96.05300493729072,2025,48
p,0.6987629938093617,1.0,2024-04-01,Hathras,m1IAjmqkoFC,201,Alligarh Division,immunization,0.6595679550559769,17.0,"% of children received full immunization (BCG, Penta 1, 2, 3, Measles)",7,indicator_7,1.0,1.0,144,100.0,coverage,6.503475427222941,2.0,100.0,2025,48
p,0.6987629938093617,1.0,2024-04-01,Hathras,m1IAjmqkoFC,201,Alligarh Division,immunization,0.6595679550559769,17.0,Ratio of Pentavalent 3 to BCG,6,indicator_6,0.3191359101119537,31.0,144,1.0202621905310243,quality,1.3587767244103388,40.0,1.0202621905310243,2025,48
p,0.6987629938093617,1.0,2024-04-01,Hathras,m1IAjmqkoFC,201,Alligarh Division,communicable_diseases,0.5774175685879688,28.0,% of PW screened for HIV against estimated pregnancy,11,indicator_11,1.0,1.0,144,100.0,coverage,6.503475427222941,2.0,100.0,2025,48
p,0.6987629938093617,1.0,2024-04-01,Hathras,m1IAjmqkoFC,201,Alligarh Division,communicable_diseases,0.5774175685879688,28.0,Total case notification rate of TB against expected TB cases,10,indicator_10,0.15483513717593755,29.0,144,18.96551724137931,quality,1.3587767244103388,40.0,18.96551724137931,2025,48
p,0.6987629938093617,1.0,2024-04-01,Hathras,m1IAjmqkoFC,201,Alligarh Division,family_planning,0.4980442451151742,4.0,Permanent Method accepted per 1000 EC,8,indicator_8,0.3236308820268216,7.0,144,24.90503460374784,coverage,6.503475427222941,2.0,24.90503460374784,2025,48
p,0.6987629938093617,1.0,2024-04-01,Hathras,m1IAjmqkoFC,201,Alligarh Division,family_planning,0.4980442451151742,4.0,Reversible Method accepted per 1000 EC,9,indicator_9,0.6724576082035268,4.0,144,163.1493878605792,coverage,6.503475427222941,2.0,163.1493878605792,2025,48
p,0.6987629938093617,1.0,2024-04-01,Hathras,m1IAjmqkoFC,201,Alligarh Division,finance,0.8087978975361819,8.0,Per ASHA expenditure of ASHA incentive fund,12,indicator_12,0.8087978975361819,8.0,144,5763.669821240799,coverage,6.503475427222941,2.0,5763.669821240799,2025,48
p,0.5725947561862151,28.0,2024-04-01,Kasganj,hITp09XOBLZ,201,Alligarh Division,ante_natal,1.0,1.0,% of pregnant women received 4 or more ANC and tested for Hb against estimated PW,1,indicator_1,1.0,1.0,202,100.0,coverage,4.7636046940728844,48.0,100.0,2025,70
p,0.5725947561862151,28.0,2024-04-01,Kasganj,hITp09XOBLZ,201,Alligarh Division,delivery_care,0.5021603756204732,45.0,% of pregnant women delivered in institution against estimated delivery,2,indicator_2,0.5101217259984187,30.0,202,67.92056142576365,coverage,4.7636046940728844,48.0,67.92056142576365,2025,70
n,0.5725947561862151,28.0,2024-04-01,Kasganj,hITp09XOBLZ,201,Alligarh Division,delivery_care,0.5021603756204732,45.0,Still birth ratio,4,indicator_4,0.5270005590523884,53.0,202,8.26923076923077,quality,0.940821346861485,69.0,8.26923076923077,2025,70
p,0.5725947561862151,28.0,2024-04-01,Kasganj,hITp09XOBLZ,201,Alligarh Division,delivery_care,0.5021603756204732,45.0,% of C-section delivery against reported delivery (70% weightage to CHC),31,indicator_31,0.23467942090530636,42.0,202,1.3820422535211268,quality,0.940821346861485,69.0,9.55335650574625,2025,70
p,0.5725947561862151,28.0,2024-04-01,Kasganj,hITp09XOBLZ,201,Alligarh Division,delivery_care,0.5021603756204732,45.0,% of C-section delivery against reported delivery (30% to DH),32,indicator_32,0.23467942090530636,42.0,202,28.61975642760487,quality,0.940821346861485,69.0,9.55335650574625,2025,70
p,0.5725947561862151,28.0,2024-04-01,Kasganj,hITp09XOBLZ,201,Alligarh Division,post_natal_care,1.0,1.0,% of newborns received HBNC visits (Institutional Delivery and Home Delivery),5,indicator_5,1.0,1.0,202,100.0,coverage,4.7636046940728844,48.0,100.0,2025,70
p,0.5725947561862151,28.0,2024-04-01,Kasganj,hITp09XOBLZ,201,Alligarh Division,immunization,0.4271170151194149,64.0,"% of children received full immunization (BCG, Penta 1, 2, 3, Measles)",7,indicator_7,0.7178184000206302,38.0,202,92.70586077567194,coverage,4.7636046940728844,48.0,92.70586077567194,2025,70
p,0.5725947561862151,28.0,2024-04-01,Kasganj,hITp09XOBLZ,201,Alligarh Division,immunization,0.4271170151194149,64.0,Ratio of Pentavalent 3 to BCG,6,indicator_6,0.13641563021819958,63.0,202,0.9085298603778011,quality,0.940821346861485,69.0,0.9085298603778011,2025,70
p,0.5725947561862151,28.0,2024-04-01,Kasganj,hITp09XOBLZ,201,Alligarh Division,communicable_diseases,0.5213628683427953,61.0,% of PW screened for HIV against estimated pregnancy,11,indicator_11,1.0,1.0,202,100.0,coverage,4.7636046940728844,48.0,100.0,2025,70
p,0.5725947561862151,28.0,2024-04-01,Kasganj,hITp09XOBLZ,201,Alligarh Division,communicable_diseases,0.5213628683427953,61.0,Total case notification rate of TB against expected TB cases,10,indicator_10,0.042725736685590654,67.0,202,16.743827160493826,quality,0.940821346861485,69.0,16.743827160493826,2025,70
p,0.5725947561862151,28.0,2024-04-01,Kasganj,hITp09XOBLZ,201,Alligarh Division,family_planning,0.05659489452785167,69.0,Permanent Method accepted per 1000 EC,8,indicator_8,0.04800096159351568,57.0,202,5.345517153761058,coverage,4.7636046940728844,48.0,5.345517153761058,2025,70
p,0.5725947561862151,28.0,2024-04-01,Kasganj,hITp09XOBLZ,201,Alligarh Division,family_planning,0.05659489452785167,69.0,Reversible Method accepted per 1000 EC,9,indicator_9,0.06518882746218768,66.0,202,51.94318784378507,coverage,4.7636046940728844,48.0,51.94318784378507,2025,70
p,0.5725947561862151,28.0,2024-04-01,Kasganj,hITp09XOBLZ,201,Alligarh Division,finance,0.4224747789981322,50.0,Per ASHA expenditure of ASHA incentive fund,12,indicator_12,0.4224747789981322,50.0,202,4897.277863379559,coverage,4.7636046940728844,48.0,4897.277863379559,2025,70
p,0.5591528128775256,36.0,2024-04-01,Bagpat,HJIS3IrQ0Nj,140,Meerut Division,ante_natal,1.0,1.0,% of pregnant women received 4 or more ANC and tested for Hb against estimated PW,1,indicator_1,1.0,1.0,139,100.0,coverage,4.833257749961781,41.0,100.0,2025,66
p,0.5591528128775256,36.0,2024-04-01,Bagpat,HJIS3IrQ0Nj,140,Meerut Division,delivery_care,0.5684973957098055,38.0,% of pregnant women delivered in institution against estimated delivery,2,indicator_2,0.5955751232212447,21.0,139,72.59891567176295,coverage,4.833257749961781,41.0,72.59891567176295,2025,66
n,0.5591528128775256,36.0,2024-04-01,Bagpat,HJIS3IrQ0Nj,140,Meerut Division,delivery_care,0.5684973957098055,38.0,Still birth ratio,4,indicator_4,0.6605713517761502,41.0,139,6.06491707536221,quality,1.3268370128723077,42.0,6.06491707536221,2025,66
p,0.5591528128775256,36.0,2024-04-01,Bagpat,HJIS3IrQ0Nj,140,Meerut Division,delivery_care,0.5684973957098055,38.0,% of C-section delivery against reported delivery (70% weightage to CHC),31,indicator_31,0.22467285606601065,46.0,139,0.8183306055646482,quality,1.3268370128723077,42.0,9.22428370605293,2025,66
p,0.5591528128775256,36.0,2024-04-01,Bagpat,HJIS3IrQ0Nj,140,Meerut Division,delivery_care,0.5684973957098055,38.0,% of C-section delivery against reported delivery (30% to DH),32,indicator_32,0.22467285606601065,46.0,139,28.838174273858925,quality,1.3268370128723077,42.0,9.22428370605293,2025,66
p,0.5591528128775256,36.0,2024-04-01,Bagpat,HJIS3IrQ0Nj,140,Meerut Division,post_natal_care,0.8457027711149521,19.0,% of newborns received HBNC visits (Institutional Delivery and Home Delivery),5,indicator_5,0.8457027711149521,19.0,139,90.58065965332636,coverage,4.833257749961781,41.0,90.58065965332636,2025,66
p,0.5591528128775256,36.0,2024-04-01,Bagpat,HJIS3IrQ0Nj,140,Meerut Division,immunization,0.4662388018050251,57.0,"% of children received full immunization (BCG, Penta 1, 2, 3, Measles)",7,indicator_7,0.7475059735959523,33.0,139,93.4732577105065,coverage,4.833257749961781,41.0,93.4732577105065,2025,66
p,0.5591528128775256,36.0,2024-04-01,Bagpat,HJIS3IrQ0Nj,140,Meerut Division,immunization,0.4662388018050251,57.0,Ratio of Pentavalent 3 to BCG,6,indicator_6,0.18497163001409805,50.0,139,0.9382215563585088,quality,1.3268370128723077,42.0,0.9382215563585088,2025,66
p,0.5591528128775256,36.0,2024-04-01,Bagpat,HJIS3IrQ0Nj,140,Meerut Division,communicable_diseases,0.6283105875080244,14.0,% of PW screened for HIV against estimated pregnancy,11,indicator_11,1.0,1.0,139,100.0,coverage,4.833257749961781,41.0,100.0,2025,66
p,0.5591528128775256,36.0,2024-04-01,Bagpat,HJIS3IrQ0Nj,140,Meerut Division,communicable_diseases,0.6283105875080244,14.0,Total case notification rate of TB against expected TB cases,10,indicator_10,0.2566211750160489,16.0,139,20.982627578718787,quality,1.3268370128723077,42.0,20.982627578718787,2025,66
p,0.5591528128775256,36.0,2024-04-01,Bagpat,HJIS3IrQ0Nj,140,Meerut Division,family_planning,0.1518436488676662,44.0,Permanent Method accepted per 1000 EC,8,indicator_8,0.045652768668616034,59.0,139,5.178882412444492,coverage,4.833257749961781,41.0,5.178882412444492,2025,66
p,0.5591528128775256,36.0,2024-04-01,Bagpat,HJIS3IrQ0Nj,140,Meerut Division,family_planning,0.1518436488676662,44.0,Reversible Method accepted per 1000 EC,9,indicator_9,0.2580345290667164,31.0,139,87.25809014920557,coverage,4.833257749961781,41.0,87.25809014920557,2025,66
p,0.5591528128775256,36.0,2024-04-01,Bagpat,HJIS3IrQ0Nj,140,Meerut Division,finance,0.34078658429430025,63.0,Per ASHA expenditure of ASHA incentive fund,12,indicator_12,0.34078658429430025,63.0,139,4714.0788997466525,coverage,4.833257749961781,41.0,4714.0788997466525,2025,66
p,0.4759075894942065,68.0,2024-04-01,Bulandshahar,ogBt4gWCiem,140,Meerut Division,ante_natal,1.0,1.0,% of pregnant women received 4 or more ANC and tested for Hb against estimated PW,1,indicator_1,1.0,1.0,142,100.0,coverage,4.801568545310337,43.0,100.0,2025,52
p,0.4759075894942065,68.0,2024-04-01,Bulandshahar,ogBt4gWCiem,140,Meerut Division,delivery_care,0.4583589567116484,57.0,% of pregnant women delivered in institution against estimated delivery,2,indicator_2,0.4757731343353682,34.0,142,66.04006416206907,coverage,4.801568545310337,43.0,66.04006416206907,2025,52
n,0.4759075894942065,68.0,2024-04-01,Bulandshahar,ogBt4gWCiem,140,Meerut Division,delivery_care,0.4583589567116484,57.0,Still birth ratio,4,indicator_4,0.800765037351626,27.0,142,3.7513060335603416,quality,0.9516021419877566,66.0,3.7513060335603416,2025,52
p,0.4759075894942065,68.0,2024-04-01,Bulandshahar,ogBt4gWCiem,140,Meerut Division,delivery_care,0.4583589567116484,57.0,% of C-section delivery against reported delivery (70% weightage to CHC),31,indicator_31,0.04926934922397546,68.0,142,0.8868722285242858,quality,0.9516021419877566,66.0,3.4560181724237475,2025,52
p,0.4759075894942065,68.0,2024-04-01,Bulandshahar,ogBt4gWCiem,140,Meerut Division,delivery_care,0.4583589567116484,57.0,% of C-section delivery against reported delivery (30% to DH),32,indicator_32,0.04926934922397546,68.0,142,9.450692041522492,quality,0.9516021419877566,66.0,3.4560181724237475,2025,52
p,0.4759075894942065,68.0,2024-04-01,Bulandshahar,ogBt4gWCiem,140,Meerut Division,post_natal_care,0.4332188336235786,44.0,% of newborns received HBNC visits (Institutional Delivery and Home Delivery),5,indicator_5,0.4332188336235786,44.0,142,65.39986656428202,coverage,4.801568545310337,43.0,65.39986656428202,2025,52
p,0.4759075894942065,68.0,2024-04-01,Bulandshahar,ogBt4gWCiem,140,Meerut Division,immunization,0.5176684541209573,48.0,"% of children received full immunization (BCG, Penta 1, 2, 3, Measles)",7,indicator_7,1.0,1.0,142,100.0,coverage,4.801568545310337,43.0,100.0,2025,52
p,0.4759075894942065,68.0,2024-04-01,Bulandshahar,ogBt4gWCiem,140,Meerut Division,immunization,0.5176684541209573,48.0,Ratio of Pentavalent 3 to BCG,6,indicator_6,0.0353369082419147,73.0,142,0.8467208420143932,quality,0.9516021419877566,66.0,0.8467208420143932,2025,52
p,0.4759075894942065,68.0,2024-04-01,Bulandshahar,ogBt4gWCiem,140,Meerut Division,communicable_diseases,0.5331154235851203,51.0,% of PW screened for HIV against estimated pregnancy,11,indicator_11,1.0,1.0,142,100.0,coverage,4.801568545310337,43.0,100.0,2025,52
p,0.4759075894942065,68.0,2024-04-01,Bulandshahar,ogBt4gWCiem,140,Meerut Division,communicable_diseases,0.5331154235851203,51.0,Total case notification rate of TB against expected TB cases,10,indicator_10,0.06623084717024058,56.0,142,17.209631728045327,quality,0.9516021419877566,66.0,17.209631728045327,2025,52
p,0.4759075894942065,68.0,2024-04-01,Bulandshahar,ogBt4gWCiem,140,Meerut Division,family_planning,0.11524387031257645,57.0,Permanent Method accepted per 1000 EC,8,indicator_8,0.07056078424392394,47.0,142,6.946429145121004,coverage,4.801568545310337,43.0,6.946429145121004,2025,52
p,0.4759075894942065,68.0,2024-04-01,Bulandshahar,ogBt4gWCiem,140,Meerut Division,family_planning,0.11524387031257645,57.0,Reversible Method accepted per 1000 EC,9,indicator_9,0.15992695638122895,55.0,142,69.29212401159907,coverage,4.801568545310337,43.0,69.29212401159907,2025,52
p,0.4759075894942065,68.0,2024-04-01,Bulandshahar,ogBt4gWCiem,140,Meerut Division,finance,0.6620888367262376,19.0,Per ASHA expenditure of ASHA incentive fund,12,indicator_12,0.6620888367262376,19.0,142,5434.651068979427,coverage,4.801568545310337,43.0,5434.651068979427,2025,52
p,0.5101267797734289,63.0,2024-04-01,Gautam Buddha Nagar,bNmwkrQeP3e,140,Meerut Division,ante_natal,1.0,1.0,% of pregnant women received 4 or more ANC and tested for Hb against estimated PW,1,indicator_1,1.0,1.0,141,100.0,coverage,5.0808273493874285,29.0,100.0,2025,35
p,0.5101267797734289,63.0,2024-04-01,Gautam Buddha Nagar,bNmwkrQeP3e,140,Meerut Division,delivery_care,0.650500491477416,23.0,% of pregnant women delivered in institution against estimated delivery,2,indicator_2,1.0,1.0,141,94.74014002276209,coverage,5.0808273493874285,29.0,94.74014002276209,2025,35
n,0.5101267797734289,63.0,2024-04-01,Gautam Buddha Nagar,bNmwkrQeP3e,140,Meerut Division,delivery_care,0.650500491477416,23.0,Still birth ratio,4,indicator_4,0.496839491410477,57.0,141,8.766977717264968,quality,0.8711426147224701,72.0,8.766977717264968,2025,35
p,0.5101267797734289,63.0,2024-04-01,Gautam Buddha Nagar,bNmwkrQeP3e,140,Meerut Division,delivery_care,0.650500491477416,23.0,% of C-section delivery against reported delivery (70% weightage to CHC),31,indicator_31,0.2273309915108855,45.0,141,2.1059431524547803,quality,0.8711426147224701,72.0,9.311698327039943,2025,35
p,0.5101267797734289,63.0,2024-04-01,Gautam Buddha Nagar,bNmwkrQeP3e,140,Meerut Division,delivery_care,0.650500491477416,23.0,% of C-section delivery against reported delivery (30% to DH),32,indicator_32,0.2273309915108855,45.0,141,26.125127067738656,quality,0.8711426147224701,72.0,9.311698327039943,2025,35
p,0.5101267797734289,63.0,2024-04-01,Gautam Buddha Nagar,bNmwkrQeP3e,140,Meerut Division,post_natal_care,0.0,47.0,% of newborns received HBNC visits (Institutional Delivery and Home Delivery),5,indicator_5,0.0,47.0,141,38.953275993756854,coverage,5.0808273493874285,29.0,38.953275993756854,2025,35
p,0.5101267797734289,63.0,2024-04-01,Gautam Buddha Nagar,bNmwkrQeP3e,140,Meerut Division,immunization,0.516803719911958,49.0,"% of children received full immunization (BCG, Penta 1, 2, 3, Measles)",7,indicator_7,1.0,1.0,141,100.0,coverage,5.0808273493874285,29.0,100.0,2025,35
p,0.5101267797734289,63.0,2024-04-01,Gautam Buddha Nagar,bNmwkrQeP3e,140,Meerut Division,immunization,0.516803719911958,49.0,Ratio of Pentavalent 3 to BCG,6,indicator_6,0.03360743982391585,74.0,141,0.8456632826871977,quality,0.8711426147224701,72.0,0.8456632826871977,2025,35
p,0.5101267797734289,63.0,2024-04-01,Gautam Buddha Nagar,bNmwkrQeP3e,140,Meerut Division,communicable_diseases,0.5566823459885959,38.0,% of PW screened for HIV against estimated pregnancy,11,indicator_11,1.0,1.0,141,100.0,coverage,5.0808273493874285,29.0,100.0,2025,35
p,0.5101267797734289,63.0,2024-04-01,Gautam Buddha Nagar,bNmwkrQeP3e,140,Meerut Division,communicable_diseases,0.5566823459885959,38.0,Total case notification rate of TB against expected TB cases,10,indicator_10,0.11336469197719175,41.0,141,18.143690736688548,quality,0.8711426147224701,72.0,18.143690736688548,2025,35
p,0.5101267797734289,63.0,2024-04-01,Gautam Buddha Nagar,bNmwkrQeP3e,140,Meerut Division,family_planning,0.16805611107491314,35.0,Permanent Method accepted per 1000 EC,8,indicator_8,0.12056861250755935,27.0,141,10.495133103025301,coverage,5.0808273493874285,29.0,10.495133103025301,2025,35
p,0.5101267797734289,63.0,2024-04-01,Gautam Buddha Nagar,bNmwkrQeP3e,140,Meerut Division,family_planning,0.16805611107491314,35.0,Reversible Method accepted per 1000 EC,9,indicator_9,0.21554360964226693,44.0,141,79.47693321463645,coverage,5.0808273493874285,29.0,79.47693321463645,2025,35
p,0.5101267797734289,63.0,2024-04-01,Gautam Buddha Nagar,bNmwkrQeP3e,140,Meerut Division,finance,0.7447151272376028,12.0,Per ASHA expenditure of ASHA incentive fund,12,indicator_12,0.7447151272376028,12.0,141,5619.953863898501,coverage,5.0808273493874285,29.0,5619.953863898501,2025,35
p,0.4892520607983008,65.0,2024-04-01,Ghaziabad,M5NHlfAaKYI,140,Meerut Division,ante_natal,1.0,1.0,% of pregnant women received 4 or more ANC and tested for Hb against estimated PW,1,indicator_1,1.0,1.0,140,100.0,coverage,4.7992889323716295,45.0,100.0,2025,39
p,0.4892520607983008,65.0,2024-04-01,Ghaziabad,M5NHlfAaKYI,140,Meerut Division,delivery_care,0.6886986170369419,17.0,% of pregnant women delivered in institution against estimated delivery,2,indicator_2,0.4753003917414516,35.0,140,66.01418271799089,coverage,4.7992889323716295,45.0,66.01418271799089,2025,39
n,0.4892520607983008,65.0,2024-04-01,Ghaziabad,M5NHlfAaKYI,140,Meerut Division,delivery_care,0.6886986170369419,17.0,Still birth ratio,4,indicator_4,0.7405749654725674,37.0,140,4.7446204923008315,quality,1.7431066438102671,14.0,4.7446204923008315,2025,39
p,0.4892520607983008,65.0,2024-04-01,Ghaziabad,M5NHlfAaKYI,140,Meerut Division,delivery_care,0.6886986170369419,17.0,% of C-section delivery against reported delivery (70% weightage to CHC),31,indicator_31,0.4251102469484033,14.0,140,9.190809190809189,quality,1.7431066438102671,14.0,15.815805815805815,2025,39
p,0.4892520607983008,65.0,2024-04-01,Ghaziabad,M5NHlfAaKYI,140,Meerut Division,delivery_care,0.6886986170369419,17.0,% of C-section delivery against reported delivery (30% to DH),32,indicator_32,0.4251102469484033,14.0,140,31.27413127413127,quality,1.7431066438102671,14.0,15.815805815805815,2025,39
p,0.4892520607983008,65.0,2024-04-01,Ghaziabad,M5NHlfAaKYI,140,Meerut Division,post_natal_care,0.3955609303909984,45.0,% of newborns received HBNC visits (Institutional Delivery and Home Delivery),5,indicator_5,0.3955609303909984,45.0,140,63.100974938988884,coverage,4.7992889323716295,45.0,63.100974938988884,2025,39
p,0.4892520607983008,65.0,2024-04-01,Ghaziabad,M5NHlfAaKYI,140,Meerut Division,immunization,0.7210069482115716,6.0,"% of children received full immunization (BCG, Penta 1, 2, 3, Measles)",7,indicator_7,1.0,1.0,140,100.0,coverage,4.7992889323716295,45.0,100.0,2025,39
p,0.4892520607983008,65.0,2024-04-01,Ghaziabad,M5NHlfAaKYI,140,Meerut Division,immunization,0.7210069482115716,6.0,Ratio of Pentavalent 3 to BCG,6,indicator_6,0.4420138964231433,14.0,140,1.095401325295202,quality,1.7431066438102671,14.0,1.095401325295202,2025,39
p,0.4892520607983008,65.0,2024-04-01,Ghaziabad,M5NHlfAaKYI,140,Meerut Division,communicable_diseases,0.5677037674830765,34.0,% of PW screened for HIV against estimated pregnancy,11,indicator_11,1.0,1.0,140,100.0,coverage,4.7992889323716295,45.0,100.0,2025,39
p,0.4892520607983008,65.0,2024-04-01,Ghaziabad,M5NHlfAaKYI,140,Meerut Division,communicable_diseases,0.5677037674830765,34.0,Total case notification rate of TB against expected TB cases,10,indicator_10,0.13540753496615301,36.0,140,18.580517313308306,quality,1.7431066438102671,14.0,18.580517313308306,2025,39
p,0.4892520607983008,65.0,2024-04-01,Ghaziabad,M5NHlfAaKYI,140,Meerut Division,family_planning,0.12047537674094025,56.0,Permanent Method accepted per 1000 EC,8,indicator_8,0.0565037205003263,52.0,140,5.948898168961962,coverage,4.7992889323716295,45.0,5.948898168961962,2025,39
p,0.4892520607983008,65.0,2024-04-01,Ghaziabad,M5NHlfAaKYI,140,Meerut Division,family_planning,0.12047537674094025,56.0,Reversible Method accepted per 1000 EC,9,indicator_9,0.1844470329815542,50.0,140,73.7823672602543,coverage,4.7992889323716295,45.0,73.7823672602543,2025,39
p,0.4892520607983008,65.0,2024-04-01,Ghaziabad,M5NHlfAaKYI,140,Meerut Division,finance,0.6874768567572994,18.0,Per ASHA expenditure of ASHA incentive fund,12,indicator_12,0.6874768567572994,18.0,140,5491.587802313354,coverage,4.7992889323716295,45.0,5491.587802313354,2025,39
p,0.550989860541474,43.0,2024-04-01,Hapur,CZ8kLjgqvSH,140,Meerut Division,ante_natal,1.0,1.0,% of pregnant women received 4 or more ANC and tested for Hb against estimated PW,1,indicator_1,1.0,1.0,204,100.0,coverage,4.951856459688951,34.0,100.0,2025,46
p,0.550989860541474,43.0,2024-04-01,Hapur,CZ8kLjgqvSH,140,Meerut Division,delivery_care,0.4850346356889959,50.0,% of pregnant women delivered in institution against estimated delivery,2,indicator_2,0.6408564946129062,15.0,204,75.07795457483262,coverage,4.951856459688951,34.0,75.07795457483262,2025,46
n,0.550989860541474,43.0,2024-04-01,Hapur,CZ8kLjgqvSH,140,Meerut Division,delivery_care,0.4850346356889959,50.0,Still birth ratio,4,indicator_4,0.7993425117593179,28.0,204,3.774781919111816,quality,0.8857273497957657,71.0,3.774781919111816,2025,46
p,0.550989860541474,43.0,2024-04-01,Hapur,CZ8kLjgqvSH,140,Meerut Division,delivery_care,0.4850346356889959,50.0,% of C-section delivery against reported delivery (70% weightage to CHC),31,indicator_31,0.0074524503473816185,73.0,204,1.5550618851158362,quality,0.8857273497957657,71.0,2.0808405556481446,2025,46
p,0.550989860541474,43.0,2024-04-01,Hapur,CZ8kLjgqvSH,140,Meerut Division,delivery_care,0.4850346356889959,50.0,% of C-section delivery against reported delivery (30% to DH),32,indicator_32,0.0074524503473816185,73.0,204,3.3076574535568644,quality,0.8857273497957657,71.0,2.0808405556481446,2025,46
p,0.550989860541474,43.0,2024-04-01,Hapur,CZ8kLjgqvSH,140,Meerut Division,post_natal_care,0.6112752468480278,39.0,% of newborns received HBNC visits (Institutional Delivery and Home Delivery),5,indicator_5,0.6112752468480278,39.0,204,76.26962727993656,coverage,4.951856459688951,34.0,76.26962727993656,2025,46
p,0.550989860541474,43.0,2024-04-01,Hapur,CZ8kLjgqvSH,140,Meerut Division,immunization,0.4358624774958994,61.0,"% of children received full immunization (BCG, Penta 1, 2, 3, Measles)",7,indicator_7,0.8717249549917988,13.0,204,96.68420606671316,coverage,4.951856459688951,34.0,96.68420606671316,2025,46
p,0.550989860541474,43.0,2024-04-01,Hapur,CZ8kLjgqvSH,140,Meerut Division,immunization,0.4358624774958994,61.0,Ratio of Pentavalent 3 to BCG,6,indicator_6,0.0,75.0,204,0.8251125394188874,quality,0.8857273497957657,71.0,0.8251125394188874,2025,46
p,0.550989860541474,43.0,2024-04-01,Hapur,CZ8kLjgqvSH,140,Meerut Division,communicable_diseases,0.539466193844533,48.0,% of PW screened for HIV against estimated pregnancy,11,indicator_11,1.0,1.0,204,100.0,coverage,4.951856459688951,34.0,100.0,2025,46
p,0.550989860541474,43.0,2024-04-01,Hapur,CZ8kLjgqvSH,140,Meerut Division,communicable_diseases,0.539466193844533,48.0,Total case notification rate of TB against expected TB cases,10,indicator_10,0.07893238768906602,53.0,204,17.461340206185564,quality,0.8857273497957657,71.0,17.461340206185564,2025,46
p,0.550989860541474,43.0,2024-04-01,Hapur,CZ8kLjgqvSH,140,Meerut Division,family_planning,0.12526905619978576,52.0,Permanent Method accepted per 1000 EC,8,indicator_8,0.10101418093384228,32.0,204,9.107492584937066,coverage,4.951856459688951,34.0,9.107492584937066,2025,46
p,0.550989860541474,43.0,2024-04-01,Hapur,CZ8kLjgqvSH,140,Meerut Division,family_planning,0.12526905619978576,52.0,Reversible Method accepted per 1000 EC,9,indicator_9,0.14952393146572926,59.0,204,67.38706828302949,coverage,4.951856459688951,34.0,67.38706828302949,2025,46
p,0.550989860541474,43.0,2024-04-01,Hapur,CZ8kLjgqvSH,140,Meerut Division,finance,0.5774616508366471,28.0,Per ASHA expenditure of ASHA incentive fund,12,indicator_12,0.5774616508366471,28.0,204,5244.860943168077,coverage,4.951856459688951,34.0,5244.860943168077,2025,46
p,0.4775456358346542,66.0,2024-04-01,Meerut,v8YGmR7nOdj,140,Meerut Division,ante_natal,0.05063328679023814,16.0,% of pregnant women received 4 or more ANC and tested for Hb against estimated PW,1,indicator_1,0.05063328679023814,16.0,138,87.543135132358,coverage,4.232560944254257,71.0,87.543135132358,2025,30
p,0.4775456358346542,66.0,2024-04-01,Meerut,v8YGmR7nOdj,140,Meerut Division,delivery_care,0.6891875090514011,16.0,% of pregnant women delivered in institution against estimated delivery,2,indicator_2,0.6816709407463664,12.0,138,77.31244078102385,coverage,4.232560944254257,71.0,77.31244078102385,2025,30
n,0.4775456358346542,66.0,2024-04-01,Meerut,v8YGmR7nOdj,140,Meerut Division,delivery_care,0.6891875090514011,16.0,Still birth ratio,4,indicator_4,0.29619410570199894,68.0,138,12.078220858895705,quality,1.1447504633358785,55.0,12.078220858895705,2025,30
p,0.4775456358346542,66.0,2024-04-01,Meerut,v8YGmR7nOdj,140,Meerut Division,delivery_care,0.6891875090514011,16.0,% of C-section delivery against reported delivery (70% weightage to CHC),31,indicator_31,0.5448487403529192,4.0,138,8.411088573360379,quality,1.1447504633358785,55.0,19.753488915699414,2025,30
p,0.4775456358346542,66.0,2024-04-01,Meerut,v8YGmR7nOdj,140,Meerut Division,delivery_care,0.6891875090514011,16.0,% of C-section delivery against reported delivery (30% to DH),32,indicator_32,0.5448487403529192,4.0,138,46.2190897144905,quality,1.1447504633358785,55.0,19.753488915699414,2025,30
p,0.4775456358346542,66.0,2024-04-01,Meerut,v8YGmR7nOdj,140,Meerut Division,post_natal_care,0.9896712145616592,2.0,% of newborns received HBNC visits (Institutional Delivery and Home Delivery),5,indicator_5,0.9896712145616592,2.0,138,99.36946148602591,coverage,4.232560944254257,71.0,99.36946148602591,2025,30
p,0.4775456358346542,66.0,2024-04-01,Meerut,v8YGmR7nOdj,140,Meerut Division,immunization,0.4207704843144428,67.0,"% of children received full immunization (BCG, Penta 1, 2, 3, Measles)",7,indicator_7,0.6918410775367901,43.0,138,92.03437047692015,coverage,4.232560944254257,71.0,92.03437047692015,2025,30
p,0.4775456358346542,66.0,2024-04-01,Meerut,v8YGmR7nOdj,140,Meerut Division,immunization,0.4207704843144428,67.0,Ratio of Pentavalent 3 to BCG,6,indicator_6,0.14969989109209547,61.0,138,0.9166531044023108,quality,1.1447504633358785,55.0,0.9166531044023108,2025,30
p,0.4775456358346542,66.0,2024-04-01,Meerut,v8YGmR7nOdj,140,Meerut Division,communicable_diseases,0.4570267475339516,70.0,% of PW screened for HIV against estimated pregnancy,11,indicator_11,0.7600457688790384,8.0,138,96.56693426655676,coverage,4.232560944254257,71.0,96.56693426655676,2025,30
p,0.4775456358346542,66.0,2024-04-01,Meerut,v8YGmR7nOdj,140,Meerut Division,communicable_diseases,0.4570267475339516,70.0,Total case notification rate of TB against expected TB cases,10,indicator_10,0.15400772618886474,30.0,138,18.949120304327156,quality,1.1447504633358785,55.0,18.949120304327156,2025,30
p,0.4775456358346542,66.0,2024-04-01,Meerut,v8YGmR7nOdj,140,Meerut Division,family_planning,0.155624394986716,39.0,Permanent Method accepted per 1000 EC,8,indicator_8,0.10284882536569537,31.0,138,9.237684400553233,coverage,4.232560944254257,71.0,9.237684400553233,2025,30
p,0.4775456358346542,66.0,2024-04-01,Meerut,v8YGmR7nOdj,140,Meerut Division,family_planning,0.155624394986716,39.0,Reversible Method accepted per 1000 EC,9,indicator_9,0.20839996460773666,47.0,138,78.16875198788352,coverage,4.232560944254257,71.0,78.16875198788352,2025,30
p,0.4775456358346542,66.0,2024-04-01,Meerut,v8YGmR7nOdj,140,Meerut Division,finance,0.7474498657667332,11.0,Per ASHA expenditure of ASHA incentive fund,12,indicator_12,0.7474498657667332,11.0,138,5626.086956521738,coverage,4.232560944254257,71.0,5626.086956521738,2025,30
p,0.5322185522628426,54.0,2024-04-01,Hardoi,MTIkUw5q5pX,155,Lucknow Division,ante_natal,1.0,1.0,% of pregnant women received 4 or more ANC and tested for Hb against estimated PW,1,indicator_1,1.0,1.0,155,100.0,coverage,4.6214119910361555,53.0,100.0,2025,64
p,0.5322185522628426,54.0,2024-04-01,Hardoi,MTIkUw5q5pX,155,Lucknow Division,delivery_care,0.3687715313342737,67.0,% of pregnant women delivered in institution against estimated delivery,2,indicator_2,0.3110020623475013,66.0,155,57.01927073191172,coverage,4.6214119910361555,53.0,57.01927073191172,2025,64
n,0.5322185522628426,54.0,2024-04-01,Hardoi,MTIkUw5q5pX,155,Lucknow Division,delivery_care,0.3687715313342737,67.0,Still birth ratio,4,indicator_4,0.5016881772468383,55.0,155,8.686960039983816,quality,1.4340774894750128,34.0,8.686960039983816,2025,64
p,0.5322185522628426,54.0,2024-04-01,Hardoi,MTIkUw5q5pX,155,Lucknow Division,delivery_care,0.3687715313342737,67.0,% of C-section delivery against reported delivery (70% weightage to CHC),31,indicator_31,0.1468121772042407,51.0,155,0.32447466007416564,quality,1.4340774894750128,34.0,6.663781476711602,2025,64
p,0.5322185522628426,54.0,2024-04-01,Hardoi,MTIkUw5q5pX,155,Lucknow Division,delivery_care,0.3687715313342737,67.0,% of C-section delivery against reported delivery (30% to DH),32,indicator_32,0.1468121772042407,51.0,155,21.455497382198953,quality,1.4340774894750128,34.0,6.663781476711602,2025,64
p,0.5322185522628426,54.0,2024-04-01,Hardoi,MTIkUw5q5pX,155,Lucknow Division,post_natal_care,1.0,1.0,% of newborns received HBNC visits (Institutional Delivery and Home Delivery),5,indicator_5,1.0,1.0,155,100.0,coverage,4.6214119910361555,53.0,100.0,2025,64
p,0.5322185522628426,54.0,2024-04-01,Hardoi,MTIkUw5q5pX,155,Lucknow Division,immunization,0.7008941925021112,9.0,"% of children received full immunization (BCG, Penta 1, 2, 3, Measles)",7,indicator_7,0.8098509373389864,22.0,155,95.08481865392244,coverage,4.6214119910361555,53.0,95.08481865392244,2025,64
p,0.5322185522628426,54.0,2024-04-01,Hardoi,MTIkUw5q5pX,155,Lucknow Division,immunization,0.7008941925021112,9.0,Ratio of Pentavalent 3 to BCG,6,indicator_6,0.5919374476652359,6.0,155,1.187078657088178,quality,1.4340774894750128,34.0,1.187078657088178,2025,64
p,0.5322185522628426,54.0,2024-04-01,Hardoi,MTIkUw5q5pX,155,Lucknow Division,communicable_diseases,0.5968198436793489,23.0,% of PW screened for HIV against estimated pregnancy,11,indicator_11,1.0,1.0,155,100.0,coverage,4.6214119910361555,53.0,100.0,2025,64
p,0.5322185522628426,54.0,2024-04-01,Hardoi,MTIkUw5q5pX,155,Lucknow Division,communicable_diseases,0.5968198436793489,23.0,Total case notification rate of TB against expected TB cases,10,indicator_10,0.19363968735869774,25.0,155,19.734513274336287,quality,1.4340774894750128,34.0,19.734513274336287,2025,64
p,0.5322185522628426,54.0,2024-04-01,Hardoi,MTIkUw5q5pX,155,Lucknow Division,family_planning,0.10454849806783736,59.0,Permanent Method accepted per 1000 EC,8,indicator_8,0.035891571639939994,64.0,155,4.486198892037837,coverage,4.6214119910361555,53.0,4.486198892037837,2025,64
p,0.5322185522628426,54.0,2024-04-01,Hardoi,MTIkUw5q5pX,155,Lucknow Division,family_planning,0.10454849806783736,59.0,Reversible Method accepted per 1000 EC,9,indicator_9,0.1732054244957347,53.0,155,71.72374577100467,coverage,4.6214119910361555,53.0,71.72374577100467,2025,64
p,0.5322185522628426,54.0,2024-04-01,Hardoi,MTIkUw5q5pX,155,Lucknow Division,finance,0.2914619952139925,70.0,Per ASHA expenditure of ASHA incentive fund,12,indicator_12,0.2914619952139925,70.0,155,4603.46054621475,coverage,4.6214119910361555,53.0,4603.46054621475,2025,64
p,0.6064344654475355,10.0,2024-04-01,Lakhimpur Kheri,d9ZuMopgX29,155,Lucknow Division,ante_natal,1.0,1.0,% of pregnant women received 4 or more ANC and tested for Hb against estimated PW,1,indicator_1,1.0,1.0,153,100.0,coverage,5.38745383874926,16.0,100.0,2025,22
p,0.6064344654475355,10.0,2024-04-01,Lakhimpur Kheri,d9ZuMopgX29,155,Lucknow Division,delivery_care,0.5009586113710723,46.0,% of pregnant women delivered in institution against estimated delivery,2,indicator_2,0.5398996668029872,25.0,153,69.55082728209821,coverage,5.38745383874926,16.0,69.55082728209821,2025,22
n,0.6064344654475355,10.0,2024-04-01,Lakhimpur Kheri,d9ZuMopgX29,155,Lucknow Division,delivery_care,0.5009586113710723,46.0,Still birth ratio,4,indicator_4,0.7821772541807915,31.0,153,4.05805950972535,quality,1.2795310497556889,45.0,4.05805950972535,2025,22
p,0.6064344654475355,10.0,2024-04-01,Lakhimpur Kheri,d9ZuMopgX29,155,Lucknow Division,delivery_care,0.5009586113710723,46.0,% of C-section delivery against reported delivery (70% weightage to CHC),31,indicator_31,0.09039945656471936,65.0,153,1.0847160671957128,quality,1.2795310497556889,45.0,4.80861017494137,2025,22
p,0.6064344654475355,10.0,2024-04-01,Lakhimpur Kheri,d9ZuMopgX29,155,Lucknow Division,delivery_care,0.5009586113710723,46.0,% of C-section delivery against reported delivery (30% to DH),32,indicator_32,0.09039945656471936,65.0,153,13.497696426347902,quality,1.2795310497556889,45.0,4.80861017494137,2025,22
p,0.6064344654475355,10.0,2024-04-01,Lakhimpur Kheri,d9ZuMopgX29,155,Lucknow Division,post_natal_care,1.0,1.0,% of newborns received HBNC visits (Institutional Delivery and Home Delivery),5,indicator_5,1.0,1.0,153,100.0,coverage,5.38745383874926,16.0,100.0,2025,22
p,0.6064344654475355,10.0,2024-04-01,Lakhimpur Kheri,d9ZuMopgX29,155,Lucknow Division,immunization,0.6234351465305317,27.0,"% of children received full immunization (BCG, Penta 1, 2, 3, Measles)",7,indicator_7,0.9038652951476036,8.0,153,97.5150047999787,coverage,5.38745383874926,16.0,97.5150047999787,2025,22
p,0.6064344654475355,10.0,2024-04-01,Lakhimpur Kheri,d9ZuMopgX29,155,Lucknow Division,immunization,0.6234351465305317,27.0,Ratio of Pentavalent 3 to BCG,6,indicator_6,0.3430049979134596,26.0,153,1.0348579912831075,quality,1.2795310497556889,45.0,1.0348579912831075,2025,22
p,0.6064344654475355,10.0,2024-04-01,Lakhimpur Kheri,d9ZuMopgX29,155,Lucknow Division,communicable_diseases,0.5319746705483595,52.0,% of PW screened for HIV against estimated pregnancy,11,indicator_11,1.0,1.0,153,100.0,coverage,5.38745383874926,16.0,100.0,2025,22
p,0.6064344654475355,10.0,2024-04-01,Lakhimpur Kheri,d9ZuMopgX29,155,Lucknow Division,communicable_diseases,0.5319746705483595,52.0,Total case notification rate of TB against expected TB cases,10,indicator_10,0.06394934109671882,57.0,153,17.164418754014132,quality,1.2795310497556889,45.0,17.164418754014132,2025,22
p,0.6064344654475355,10.0,2024-04-01,Lakhimpur Kheri,d9ZuMopgX29,155,Lucknow Division,family_planning,0.1887770728179404,29.0,Permanent Method accepted per 1000 EC,8,indicator_8,0.13441833582285842,24.0,153,11.47795058683555,coverage,5.38745383874926,16.0,11.47795058683555,2025,22
p,0.6064344654475355,10.0,2024-04-01,Lakhimpur Kheri,d9ZuMopgX29,155,Lucknow Division,family_planning,0.1887770728179404,29.0,Reversible Method accepted per 1000 EC,9,indicator_9,0.2431358098130223,35.0,153,84.52975962100395,coverage,5.38745383874926,16.0,84.52975962100395,2025,22
p,0.6064344654475355,10.0,2024-04-01,Lakhimpur Kheri,d9ZuMopgX29,155,Lucknow Division,finance,0.5661347311627881,30.0,Per ASHA expenditure of ASHA incentive fund,12,indicator_12,0.5661347311627881,30.0,153,5219.458497283117,coverage,5.38745383874926,16.0,5219.458497283117,2025,22
p,0.5949835888325938,15.0,2024-04-01,Amethi,StsLkYw1G0m,176,Ayodhya Division,ante_natal,0.6743434829228047,10.0,% of pregnant women received 4 or more ANC and tested for Hb against estimated PW,1,indicator_1,0.6743434829228047,10.0,206,95.72698392512392,coverage,4.541044693878191,61.0,95.72698392512392,2025,75
p,0.5949835888325938,15.0,2024-04-01,Amethi,StsLkYw1G0m,176,Ayodhya Division,delivery_care,0.6150473153816817,27.0,% of pregnant women delivered in institution against estimated delivery,2,indicator_2,0.4094415863186352,46.0,206,62.40858209824192,coverage,4.541044693878191,61.0,62.40858209824192,2025,75
n,0.5949835888325938,15.0,2024-04-01,Amethi,StsLkYw1G0m,176,Ayodhya Division,delivery_care,0.6150473153816817,27.0,Still birth ratio,4,indicator_4,0.8378607772750235,19.0,206,3.139116453564045,quality,1.9224183074042829,7.0,3.139116453564045,2025,75
p,0.5949835888325938,15.0,2024-04-01,Amethi,StsLkYw1G0m,176,Ayodhya Division,delivery_care,0.6150473153816817,27.0,% of C-section delivery against reported delivery (70% weightage to CHC),31,indicator_31,0.29891979127569324,30.0,206,2.3799221116399827,quality,1.9224183074042829,7.0,11.665945478147984,2025,75
p,0.5949835888325938,15.0,2024-04-01,Amethi,StsLkYw1G0m,176,Ayodhya Division,delivery_care,0.6150473153816817,27.0,% of C-section delivery against reported delivery (30% to DH),32,indicator_32,0.29891979127569324,30.0,206,33.33333333333333,quality,1.9224183074042829,7.0,11.665945478147984,2025,75
p,0.5949835888325938,15.0,2024-04-01,Amethi,StsLkYw1G0m,176,Ayodhya Division,post_natal_care,1.0,1.0,% of newborns received HBNC visits (Institutional Delivery and Home Delivery),5,indicator_5,1.0,1.0,206,100.0,coverage,4.541044693878191,61.0,100.0,2025,75
p,0.5949835888325938,15.0,2024-04-01,Amethi,StsLkYw1G0m,176,Ayodhya Division,immunization,0.5338323527134319,39.0,"% of children received full immunization (BCG, Penta 1, 2, 3, Measles)",7,indicator_7,0.7387253093176394,36.0,206,93.24628547796979,coverage,4.541044693878191,61.0,93.24628547796979,2025,75
p,0.5949835888325938,15.0,2024-04-01,Amethi,StsLkYw1G0m,176,Ayodhya Division,immunization,0.5338323527134319,39.0,Ratio of Pentavalent 3 to BCG,6,indicator_6,0.3289393961092244,28.0,206,1.0262569620732769,quality,1.9224183074042829,7.0,1.0262569620732769,2025,75
p,0.5949835888325938,15.0,2024-04-01,Amethi,StsLkYw1G0m,176,Ayodhya Division,communicable_diseases,0.7283491713721709,2.0,% of PW screened for HIV against estimated pregnancy,11,indicator_11,1.0,1.0,206,100.0,coverage,4.541044693878191,61.0,100.0,2025,75
p,0.5949835888325938,15.0,2024-04-01,Amethi,StsLkYw1G0m,176,Ayodhya Division,communicable_diseases,0.7283491713721709,2.0,Total case notification rate of TB against expected TB cases,10,indicator_10,0.4566983427443418,2.0,206,24.947589098532486,quality,1.9224183074042829,7.0,24.947589098532486,2025,75
p,0.5949835888325938,15.0,2024-04-01,Amethi,StsLkYw1G0m,176,Ayodhya Division,family_planning,0.16238937949503535,37.0,Permanent Method accepted per 1000 EC,8,indicator_8,0.0717736047176616,45.0,206,7.032494486584952,coverage,4.541044693878191,61.0,7.032494486584952,2025,75
p,0.5949835888325938,15.0,2024-04-01,Amethi,StsLkYw1G0m,176,Ayodhya Division,family_planning,0.16238937949503535,37.0,Reversible Method accepted per 1000 EC,9,indicator_9,0.2530051542724091,33.0,206,86.33708502417282,coverage,4.541044693878191,61.0,86.33708502417282,2025,75
p,0.5949835888325938,15.0,2024-04-01,Amethi,StsLkYw1G0m,176,Ayodhya Division,finance,0.3937555563290409,56.0,Per ASHA expenditure of ASHA incentive fund,12,indicator_12,0.3937555563290409,56.0,206,4832.870370370371,coverage,4.541044693878191,61.0,4832.870370370371,2025,75
p,0.476805332758349,67.0,2024-04-01,Lucknow,MfHac5N78aK,155,Lucknow Division,ante_natal,1.0,1.0,% of pregnant women received 4 or more ANC and tested for Hb against estimated PW,1,indicator_1,1.0,1.0,157,100.0,coverage,4.570061162898934,58.0,100.0,2025,53
p,0.476805332758349,67.0,2024-04-01,Lucknow,MfHac5N78aK,155,Lucknow Division,delivery_care,0.8901268018708883,2.0,% of pregnant women delivered in institution against estimated delivery,2,indicator_2,0.9293781916713996,2.0,157,90.87377721459039,coverage,4.570061162898934,58.0,90.87377721459039,2025,53
n,0.476805332758349,67.0,2024-04-01,Lucknow,MfHac5N78aK,155,Lucknow Division,delivery_care,0.8901268018708883,2.0,Still birth ratio,4,indicator_4,0.2311614231035236,72.0,157,13.151452737494305,quality,1.4586671988811206,30.0,13.151452737494305,2025,53
p,0.476805332758349,67.0,2024-04-01,Lucknow,MfHac5N78aK,155,Lucknow Division,delivery_care,0.8901268018708883,2.0,% of C-section delivery against reported delivery (70% weightage to CHC),31,indicator_31,0.754920395418871,2.0,157,12.941579410901266,quality,1.4586671988811206,30.0,26.661840460806452,2025,53
p,0.476805332758349,67.0,2024-04-01,Lucknow,MfHac5N78aK,155,Lucknow Division,delivery_care,0.8901268018708883,2.0,% of C-section delivery against reported delivery (30% to DH),32,indicator_32,0.754920395418871,2.0,157,58.67578291058524,quality,1.4586671988811206,30.0,26.661840460806452,2025,53
p,0.476805332758349,67.0,2024-04-01,Lucknow,MfHac5N78aK,155,Lucknow Division,post_natal_care,0.16880085101810727,46.0,% of newborns received HBNC visits (Institutional Delivery and Home Delivery),5,indicator_5,0.16880085101810727,46.0,157,49.25801495787821,coverage,4.570061162898934,58.0,49.25801495787821,2025,53
p,0.476805332758349,67.0,2024-04-01,Lucknow,MfHac5N78aK,155,Lucknow Division,immunization,0.6853921302780153,12.0,"% of children received full immunization (BCG, Penta 1, 2, 3, Measles)",7,indicator_7,1.0,1.0,157,100.0,coverage,4.570061162898934,58.0,100.0,2025,53
p,0.476805332758349,67.0,2024-04-01,Lucknow,MfHac5N78aK,155,Lucknow Division,immunization,0.6853921302780153,12.0,Ratio of Pentavalent 3 to BCG,6,indicator_6,0.3707842605560306,23.0,157,1.0518448399613036,quality,1.4586671988811206,30.0,1.0518448399613036,2025,53
p,0.476805332758349,67.0,2024-04-01,Lucknow,MfHac5N78aK,155,Lucknow Division,communicable_diseases,0.4281985712299392,72.0,% of PW screened for HIV against estimated pregnancy,11,indicator_11,0.7545960226571828,9.0,157,96.48896382643237,coverage,4.570061162898934,58.0,96.48896382643237,2025,53
p,0.476805332758349,67.0,2024-04-01,Lucknow,MfHac5N78aK,155,Lucknow Division,communicable_diseases,0.4281985712299392,72.0,Total case notification rate of TB against expected TB cases,10,indicator_10,0.10180111980269553,45.0,157,17.91453356086462,quality,1.4586671988811206,30.0,17.91453356086462,2025,53
p,0.476805332758349,67.0,2024-04-01,Lucknow,MfHac5N78aK,155,Lucknow Division,family_planning,0.0917770717409912,65.0,Permanent Method accepted per 1000 EC,8,indicator_8,0.07886490310693041,43.0,157,7.535714073086732,coverage,4.570061162898934,58.0,7.535714073086732,2025,53
p,0.476805332758349,67.0,2024-04-01,Lucknow,MfHac5N78aK,155,Lucknow Division,family_planning,0.0917770717409912,65.0,Reversible Method accepted per 1000 EC,9,indicator_9,0.10468924037505196,64.0,157,59.17670775859355,coverage,4.570061162898934,58.0,59.17670775859355,2025,53
p,0.476805332758349,67.0,2024-04-01,Lucknow,MfHac5N78aK,155,Lucknow Division,finance,0.5337319540702632,38.0,Per ASHA expenditure of ASHA incentive fund,12,indicator_12,0.5337319540702632,38.0,157,5146.790038839388,coverage,4.570061162898934,58.0,5146.790038839388,2025,53
p,0.5771267356202998,25.0,2024-04-01,Rae Bareli,lLvTDpBDY8u,155,Lucknow Division,ante_natal,1.0,1.0,% of pregnant women received 4 or more ANC and tested for Hb against estimated PW,1,indicator_1,1.0,1.0,158,100.0,coverage,4.872609878370941,39.0,100.0,2025,59
p,0.5771267356202998,25.0,2024-04-01,Rae Bareli,lLvTDpBDY8u,155,Lucknow Division,delivery_care,0.4132531188780013,63.0,% of pregnant women delivered in institution against estimated delivery,2,indicator_2,0.3538639225613663,57.0,158,59.3658476058549,coverage,4.872609878370941,39.0,59.3658476058549,2025,59
n,0.5771267356202998,25.0,2024-04-01,Rae Bareli,lLvTDpBDY8u,155,Lucknow Division,delivery_care,0.4132531188780013,63.0,Still birth ratio,4,indicator_4,0.1902716551293748,73.0,158,13.826255017592544,quality,1.1082087977455528,59.0,13.826255017592544,2025,59
p,0.5771267356202998,25.0,2024-04-01,Rae Bareli,lLvTDpBDY8u,155,Lucknow Division,delivery_care,0.4132531188780013,63.0,% of C-section delivery against reported delivery (70% weightage to CHC),31,indicator_31,0.3478118894716314,24.0,158,1.379583746283449,quality,1.1082087977455528,59.0,13.273795913797644,2025,59
p,0.5771267356202998,25.0,2024-04-01,Rae Bareli,lLvTDpBDY8u,155,Lucknow Division,delivery_care,0.4132531188780013,63.0,% of C-section delivery against reported delivery (30% to DH),32,indicator_32,0.3478118894716314,24.0,158,41.026957637997434,quality,1.1082087977455528,59.0,13.273795913797644,2025,59
p,0.5771267356202998,25.0,2024-04-01,Rae Bareli,lLvTDpBDY8u,155,Lucknow Division,post_natal_care,1.0,1.0,% of newborns received HBNC visits (Institutional Delivery and Home Delivery),5,indicator_5,1.0,1.0,158,100.0,coverage,4.872609878370941,39.0,100.0,2025,59
p,0.5771267356202998,25.0,2024-04-01,Rae Bareli,lLvTDpBDY8u,155,Lucknow Division,immunization,0.6107244259499457,30.0,"% of children received full immunization (BCG, Penta 1, 2, 3, Measles)",7,indicator_7,0.880063886016941,11.0,158,96.89975989404955,coverage,4.872609878370941,39.0,96.89975989404955,2025,59
p,0.5771267356202998,25.0,2024-04-01,Rae Bareli,lLvTDpBDY8u,155,Lucknow Division,immunization,0.6107244259499457,30.0,Ratio of Pentavalent 3 to BCG,6,indicator_6,0.3413849658829504,27.0,158,1.033867351635462,quality,1.1082087977455528,59.0,1.033867351635462,2025,59
p,0.5771267356202998,25.0,2024-04-01,Rae Bareli,lLvTDpBDY8u,155,Lucknow Division,communicable_diseases,0.6143701436307982,19.0,% of PW screened for HIV against estimated pregnancy,11,indicator_11,1.0,1.0,158,100.0,coverage,4.872609878370941,39.0,100.0,2025,59
p,0.5771267356202998,25.0,2024-04-01,Rae Bareli,lLvTDpBDY8u,155,Lucknow Division,communicable_diseases,0.6143701436307982,19.0,Total case notification rate of TB against expected TB cases,10,indicator_10,0.2287402872615964,21.0,158,20.43010752688172,quality,1.1082087977455528,59.0,20.43010752688172,2025,59
p,0.5771267356202998,25.0,2024-04-01,Rae Bareli,lLvTDpBDY8u,155,Lucknow Division,family_planning,0.05040945572252909,71.0,Permanent Method accepted per 1000 EC,8,indicator_8,0.08117837022970009,42.0,158,7.699884568389447,coverage,4.872609878370941,39.0,7.699884568389447,2025,59
p,0.5771267356202998,25.0,2024-04-01,Rae Bareli,lLvTDpBDY8u,155,Lucknow Division,family_planning,0.05040945572252909,71.0,Reversible Method accepted per 1000 EC,9,indicator_9,0.019640541215358076,73.0,158,43.602150083530724,coverage,4.872609878370941,39.0,43.602150083530724,2025,59
p,0.5771267356202998,25.0,2024-04-01,Rae Bareli,lLvTDpBDY8u,155,Lucknow Division,finance,0.5378631583475751,36.0,Per ASHA expenditure of ASHA incentive fund,12,indicator_12,0.5378631583475751,36.0,158,5156.05493133583,coverage,4.872609878370941,39.0,5156.05493133583,2025,59
p,0.5515181279073011,42.0,2024-04-01,Sitapur,XxaOowFtkiJ,155,Lucknow Division,ante_natal,1.0,1.0,% of pregnant women received 4 or more ANC and tested for Hb against estimated PW,1,indicator_1,1.0,1.0,154,100.0,coverage,5.083116237718701,28.0,100.0,2025,60
p,0.5515181279073011,42.0,2024-04-01,Sitapur,XxaOowFtkiJ,155,Lucknow Division,delivery_care,0.42094296734586606,62.0,% of pregnant women delivered in institution against estimated delivery,2,indicator_2,0.502898100295032,31.0,154,67.52508645251211,coverage,5.083116237718701,28.0,67.52508645251211,2025,60
n,0.5515181279073011,42.0,2024-04-01,Sitapur,XxaOowFtkiJ,155,Lucknow Division,delivery_care,0.42094296734586606,62.0,Still birth ratio,4,indicator_4,0.5475260768644225,51.0,154,7.930498932246166,quality,1.2893298043259054,44.0,7.930498932246166,2025,60
p,0.5515181279073011,42.0,2024-04-01,Sitapur,XxaOowFtkiJ,155,Lucknow Division,delivery_care,0.42094296734586606,62.0,% of C-section delivery against reported delivery (70% weightage to CHC),31,indicator_31,0.1062023624390718,61.0,154,1.6295958461970248,quality,1.2893298043259054,44.0,5.328299655085606,2025,60
p,0.5515181279073011,42.0,2024-04-01,Sitapur,XxaOowFtkiJ,155,Lucknow Division,delivery_care,0.42094296734586606,62.0,% of C-section delivery against reported delivery (30% to DH),32,indicator_32,0.1062023624390718,61.0,154,13.958608542492293,quality,1.2893298043259054,44.0,5.328299655085606,2025,60
p,0.5515181279073011,42.0,2024-04-01,Sitapur,XxaOowFtkiJ,155,Lucknow Division,post_natal_care,0.9315952126009918,12.0,% of newborns received HBNC visits (Institutional Delivery and Home Delivery),5,indicator_5,0.9315952126009918,12.0,154,95.824111822947,coverage,5.083116237718701,28.0,95.824111822947,2025,60
p,0.5515181279073011,42.0,2024-04-01,Sitapur,XxaOowFtkiJ,155,Lucknow Division,immunization,0.6252669888364222,25.0,"% of children received full immunization (BCG, Penta 1, 2, 3, Measles)",7,indicator_7,0.7169219294275676,40.0,154,92.68268782138719,coverage,5.083116237718701,28.0,92.68268782138719,2025,60
p,0.5515181279073011,42.0,2024-04-01,Sitapur,XxaOowFtkiJ,155,Lucknow Division,immunization,0.6252669888364222,25.0,Ratio of Pentavalent 3 to BCG,6,indicator_6,0.5336120482452766,11.0,154,1.151413033173313,quality,1.2893298043259054,44.0,1.151413033173313,2025,60
p,0.5515181279073011,42.0,2024-04-01,Sitapur,XxaOowFtkiJ,155,Lucknow Division,communicable_diseases,0.5509946583885673,41.0,% of PW screened for HIV against estimated pregnancy,11,indicator_11,1.0,1.0,154,100.0,coverage,5.083116237718701,28.0,100.0,2025,60
p,0.5515181279073011,42.0,2024-04-01,Sitapur,XxaOowFtkiJ,155,Lucknow Division,communicable_diseases,0.5509946583885673,41.0,Total case notification rate of TB against expected TB cases,10,indicator_10,0.1019893167771346,44.0,154,17.918263090676888,quality,1.2893298043259054,44.0,17.918263090676888,2025,60
p,0.5515181279073011,42.0,2024-04-01,Sitapur,XxaOowFtkiJ,155,Lucknow Division,family_planning,0.1440089129287587,45.0,Permanent Method accepted per 1000 EC,8,indicator_8,0.13807856685425735,23.0,154,11.737691447396273,coverage,5.083116237718701,28.0,11.737691447396273,2025,60
p,0.5515181279073011,42.0,2024-04-01,Sitapur,XxaOowFtkiJ,155,Lucknow Division,family_planning,0.1440089129287587,45.0,Reversible Method accepted per 1000 EC,9,indicator_9,0.14993925900326005,58.0,154,67.46312520983997,coverage,5.083116237718701,28.0,67.46312520983997,2025,60
p,0.5515181279073011,42.0,2024-04-01,Sitapur,XxaOowFtkiJ,155,Lucknow Division,finance,0.6436831695375927,22.0,Per ASHA expenditure of ASHA incentive fund,12,indicator_12,0.6436831695375927,22.0,154,5393.373389063044,coverage,5.083116237718701,28.0,5393.373389063044,2025,60
p,0.6447240295795384,5.0,2024-04-01,Unnav,aT03mfdlNiF,155,Lucknow Division,ante_natal,1.0,1.0,% of pregnant women received 4 or more ANC and tested for Hb against estimated PW,1,indicator_1,1.0,1.0,156,100.0,coverage,4.897789151059264,38.0,100.0,2025,7
p,0.6447240295795384,5.0,2024-04-01,Unnav,aT03mfdlNiF,155,Lucknow Division,delivery_care,0.5670416745440583,39.0,% of pregnant women delivered in institution against estimated delivery,2,indicator_2,0.3566735299108485,55.0,156,59.519666399492394,coverage,4.897789151059264,38.0,59.519666399492394,2025,7
n,0.6447240295795384,5.0,2024-04-01,Unnav,aT03mfdlNiF,155,Lucknow Division,delivery_care,0.5670416745440583,39.0,Still birth ratio,4,indicator_4,0.8528054135581083,16.0,156,2.892485691427165,quality,2.006975285875937,6.0,2.892485691427165,2025,7
p,0.6447240295795384,5.0,2024-04-01,Unnav,aT03mfdlNiF,155,Lucknow Division,delivery_care,0.5670416745440583,39.0,% of C-section delivery against reported delivery (70% weightage to CHC),31,indicator_31,0.24582304008160896,40.0,156,1.332565964228794,quality,2.006975285875937,6.0,9.919822123063947,2025,7
p,0.6447240295795384,5.0,2024-04-01,Unnav,aT03mfdlNiF,155,Lucknow Division,delivery_care,0.5670416745440583,39.0,% of C-section delivery against reported delivery (30% to DH),32,indicator_32,0.24582304008160896,40.0,156,29.95675316034597,quality,2.006975285875937,6.0,9.919822123063947,2025,7
p,0.6447240295795384,5.0,2024-04-01,Unnav,aT03mfdlNiF,155,Lucknow Division,post_natal_care,1.0,1.0,% of newborns received HBNC visits (Institutional Delivery and Home Delivery),5,indicator_5,1.0,1.0,156,100.0,coverage,4.897789151059264,38.0,100.0,2025,7
p,0.6447240295795384,5.0,2024-04-01,Unnav,aT03mfdlNiF,155,Lucknow Division,immunization,0.7989444316378251,3.0,"% of children received full immunization (BCG, Penta 1, 2, 3, Measles)",7,indicator_7,0.8326387673428117,16.0,156,95.67386345585275,coverage,4.897789151059264,38.0,95.67386345585275,2025,7
p,0.6447240295795384,5.0,2024-04-01,Unnav,aT03mfdlNiF,155,Lucknow Division,immunization,0.7989444316378251,3.0,Ratio of Pentavalent 3 to BCG,6,indicator_6,0.7652500959328384,2.0,156,1.293058278218493,quality,2.006975285875937,6.0,1.293058278218493,2025,7
p,0.6447240295795384,5.0,2024-04-01,Unnav,aT03mfdlNiF,155,Lucknow Division,communicable_diseases,0.5715483681516906,32.0,% of PW screened for HIV against estimated pregnancy,11,indicator_11,1.0,1.0,156,100.0,coverage,4.897789151059264,38.0,100.0,2025,7
p,0.6447240295795384,5.0,2024-04-01,Unnav,aT03mfdlNiF,155,Lucknow Division,communicable_diseases,0.5715483681516906,32.0,Total case notification rate of TB against expected TB cases,10,indicator_10,0.14309673630338127,34.0,156,18.73289545703339,quality,2.006975285875937,6.0,18.73289545703339,2025,7
p,0.6447240295795384,5.0,2024-04-01,Unnav,aT03mfdlNiF,155,Lucknow Division,family_planning,0.09878132956989223,62.0,Permanent Method accepted per 1000 EC,8,indicator_8,0.05436111933788056,53.0,156,5.796852829474374,coverage,4.897789151059264,38.0,5.796852829474374,2025,7
p,0.6447240295795384,5.0,2024-04-01,Unnav,aT03mfdlNiF,155,Lucknow Division,family_planning,0.09878132956989223,62.0,Reversible Method accepted per 1000 EC,9,indicator_9,0.1432015398019039,61.0,156,66.22927922116868,coverage,4.897789151059264,38.0,66.22927922116868,2025,7
p,0.6447240295795384,5.0,2024-04-01,Unnav,aT03mfdlNiF,155,Lucknow Division,finance,0.5109141946658199,41.0,Per ASHA expenditure of ASHA incentive fund,12,indicator_12,0.5109141946658199,41.0,156,5095.617529880478,coverage,4.897789151059264,38.0,5095.617529880478,2025,7
p,0.5123431041777148,61.0,2024-04-01,Fatehpur,ibLiLcaKzw2,172,Prayagraj Division,ante_natal,0.8294232449792348,5.0,% of pregnant women received 4 or more ANC and tested for Hb against estimated PW,1,indicator_1,0.8294232449792348,5.0,172,97.7618221101617,coverage,4.30190042012143,70.0,97.7618221101617,2025,16
p,0.5123431041777148,61.0,2024-04-01,Fatehpur,ibLiLcaKzw2,172,Prayagraj Division,delivery_care,0.3530259992179812,68.0,% of pregnant women delivered in institution against estimated delivery,2,indicator_2,0.44660002710621016,41.0,172,64.4429113921372,coverage,4.30190042012143,70.0,64.4429113921372,2025,16
n,0.5123431041777148,61.0,2024-04-01,Fatehpur,ibLiLcaKzw2,172,Prayagraj Division,delivery_care,0.3530259992179812,68.0,Still birth ratio,4,indicator_4,0.3200114920703142,67.0,172,11.68516344077876,quality,0.8271545008424577,74.0,11.68516344077876,2025,16
p,0.5123431041777148,61.0,2024-04-01,Fatehpur,ibLiLcaKzw2,172,Prayagraj Division,delivery_care,0.3530259992179812,68.0,% of C-section delivery against reported delivery (70% weightage to CHC),31,indicator_31,0.14623323923870968,52.0,172,0.9368863955119214,quality,0.8271545008424577,74.0,6.644742701644868,2025,16
p,0.5123431041777148,61.0,2024-04-01,Fatehpur,ibLiLcaKzw2,172,Prayagraj Division,delivery_care,0.3530259992179812,68.0,% of C-section delivery against reported delivery (30% to DH),32,indicator_32,0.14623323923870968,52.0,172,19.963074082621738,quality,0.8271545008424577,74.0,6.644742701644868,2025,16
p,0.5123431041777148,61.0,2024-04-01,Fatehpur,ibLiLcaKzw2,172,Prayagraj Division,post_natal_care,0.6098206102964879,40.0,% of newborns received HBNC visits (Institutional Delivery and Home Delivery),5,indicator_5,0.6098206102964879,40.0,172,76.18082648384531,coverage,4.30190042012143,70.0,76.18082648384531,2025,16
p,0.5123431041777148,61.0,2024-04-01,Fatehpur,ibLiLcaKzw2,172,Prayagraj Division,immunization,0.5084381783952296,51.0,"% of children received full immunization (BCG, Penta 1, 2, 3, Measles)",7,indicator_7,0.8137540535554407,20.0,172,95.18571067910635,coverage,4.30190042012143,70.0,95.18571067910635,2025,16
p,0.5123431041777148,61.0,2024-04-01,Fatehpur,ibLiLcaKzw2,172,Prayagraj Division,immunization,0.5084381783952296,51.0,Ratio of Pentavalent 3 to BCG,6,indicator_6,0.20312230323501845,48.0,172,0.9493205816774408,quality,0.8271545008424577,74.0,0.9493205816774408,2025,16
p,0.5123431041777148,61.0,2024-04-01,Fatehpur,ibLiLcaKzw2,172,Prayagraj Division,communicable_diseases,0.5788937331492077,27.0,% of PW screened for HIV against estimated pregnancy,11,indicator_11,1.0,1.0,172,100.0,coverage,4.30190042012143,70.0,100.0,2025,16
p,0.5123431041777148,61.0,2024-04-01,Fatehpur,ibLiLcaKzw2,172,Prayagraj Division,communicable_diseases,0.5788937331492077,27.0,Total case notification rate of TB against expected TB cases,10,indicator_10,0.15778746629841536,28.0,172,19.024024024024023,quality,0.8271545008424577,74.0,19.024024024024023,2025,16
p,0.5123431041777148,61.0,2024-04-01,Fatehpur,ibLiLcaKzw2,172,Prayagraj Division,family_planning,0.030701560125692688,73.0,Permanent Method accepted per 1000 EC,8,indicator_8,0.011868630070625594,73.0,172,2.7814596384533785,coverage,4.30190042012143,70.0,2.7814596384533785,2025,16
p,0.5123431041777148,61.0,2024-04-01,Fatehpur,ibLiLcaKzw2,172,Prayagraj Division,family_planning,0.030701560125692688,73.0,Reversible Method accepted per 1000 EC,9,indicator_9,0.04953449018075978,69.0,172,49.076484634172296,coverage,4.30190042012143,70.0,49.076484634172296,2025,16
p,0.5123431041777148,61.0,2024-04-01,Fatehpur,ibLiLcaKzw2,172,Prayagraj Division,finance,0.5408993639326706,35.0,Per ASHA expenditure of ASHA incentive fund,12,indicator_12,0.5408993639326706,35.0,172,5162.864112498207,coverage,4.30190042012143,70.0,5162.864112498207,2025,16
p,0.5551639071787275,40.0,2024-04-01,Ambedkar Nagar,jM27ji8tyrM,176,Ayodhya Division,ante_natal,0.6959073588250421,9.0,% of pregnant women received 4 or more ANC and tested for Hb against estimated PW,1,indicator_1,0.6959073588250421,9.0,178,96.00992863384306,coverage,4.553700978057787,60.0,96.00992863384306,2025,8
p,0.5551639071787275,40.0,2024-04-01,Ambedkar Nagar,jM27ji8tyrM,176,Ayodhya Division,delivery_care,0.6728645661366851,20.0,% of pregnant women delivered in institution against estimated delivery,2,indicator_2,0.6376292914067139,16.0,178,74.90127347948629,coverage,4.553700978057787,60.0,74.90127347948629,2025,8
n,0.5551639071787275,40.0,2024-04-01,Ambedkar Nagar,jM27ji8tyrM,176,Ayodhya Division,delivery_care,0.6728645661366851,20.0,Still birth ratio,4,indicator_4,0.5360157515242598,52.0,178,8.120453391981052,quality,1.2571436439501724,50.0,8.120453391981052,2025,8
p,0.5551639071787275,40.0,2024-04-01,Ambedkar Nagar,jM27ji8tyrM,176,Ayodhya Division,delivery_care,0.6728645661366851,20.0,% of C-section delivery against reported delivery (70% weightage to CHC),31,indicator_31,0.4224743277395408,15.0,178,2.741433021806853,quality,1.2571436439501724,50.0,15.729121791092405,2025,8
p,0.5551639071787275,40.0,2024-04-01,Ambedkar Nagar,jM27ji8tyrM,176,Ayodhya Division,delivery_care,0.6728645661366851,20.0,% of C-section delivery against reported delivery (30% to DH),32,indicator_32,0.4224743277395408,15.0,178,46.033728919425364,quality,1.2571436439501724,50.0,15.729121791092405,2025,8
p,0.5551639071787275,40.0,2024-04-01,Ambedkar Nagar,jM27ji8tyrM,176,Ayodhya Division,post_natal_care,0.8904562013896654,16.0,% of newborns received HBNC visits (Institutional Delivery and Home Delivery),5,indicator_5,0.8904562013896654,16.0,178,93.31270995963942,coverage,4.553700978057787,60.0,93.31270995963942,2025,8
p,0.5551639071787275,40.0,2024-04-01,Ambedkar Nagar,jM27ji8tyrM,176,Ayodhya Division,immunization,0.4628772759945744,58.0,"% of children received full immunization (BCG, Penta 1, 2, 3, Measles)",7,indicator_7,0.7461283461805811,34.0,178,93.43764728740412,coverage,4.553700978057787,60.0,93.43764728740412,2025,8
p,0.5551639071787275,40.0,2024-04-01,Ambedkar Nagar,jM27ji8tyrM,176,Ayodhya Division,immunization,0.4628772759945744,58.0,Ratio of Pentavalent 3 to BCG,6,indicator_6,0.1796262058085676,53.0,178,0.9349528622513816,quality,1.2571436439501724,50.0,0.9349528622513816,2025,8
p,0.5551639071787275,40.0,2024-04-01,Ambedkar Nagar,jM27ji8tyrM,176,Ayodhya Division,communicable_diseases,0.5595136794389022,37.0,% of PW screened for HIV against estimated pregnancy,11,indicator_11,1.0,1.0,178,100.0,coverage,4.553700978057787,60.0,100.0,2025,8
p,0.5551639071787275,40.0,2024-04-01,Ambedkar Nagar,jM27ji8tyrM,176,Ayodhya Division,communicable_diseases,0.5595136794389022,37.0,Total case notification rate of TB against expected TB cases,10,indicator_10,0.11902735887780427,39.0,178,18.255908720456397,quality,1.2571436439501724,50.0,18.255908720456397,2025,8
p,0.5551639071787275,40.0,2024-04-01,Ambedkar Nagar,jM27ji8tyrM,176,Ayodhya Division,family_planning,0.15860077239029555,38.0,Permanent Method accepted per 1000 EC,8,indicator_8,0.08390482793722555,40.0,178,7.89336210168177,coverage,4.553700978057787,60.0,7.89336210168177,2025,8
p,0.5551639071787275,40.0,2024-04-01,Ambedkar Nagar,jM27ji8tyrM,176,Ayodhya Division,family_planning,0.15860077239029555,38.0,Reversible Method accepted per 1000 EC,9,indicator_9,0.2332967168433656,38.0,178,82.7279740270998,coverage,4.553700978057787,60.0,82.7279740270998,2025,8
p,0.5551639071787275,40.0,2024-04-01,Ambedkar Nagar,jM27ji8tyrM,176,Ayodhya Division,finance,0.2663782354751935,71.0,Per ASHA expenditure of ASHA incentive fund,12,indicator_12,0.2663782354751935,71.0,178,4547.2061657032755,coverage,4.553700978057787,60.0,4547.2061657032755,2025,8
p,0.44101124253784413,74.0,2024-04-01,Ayodhya,b4XkXzoGqFY,176,Ayodhya Division,ante_natal,0.01675953795287571,17.0,% of pregnant women received 4 or more ANC and tested for Hb against estimated PW,1,indicator_1,0.01675953795287571,17.0,177,87.09866967348295,coverage,3.399814080769442,75.0,87.09866967348295,2025,69
p,0.44101124253784413,74.0,2024-04-01,Ayodhya,b4XkXzoGqFY,176,Ayodhya Division,delivery_care,0.6055200365606842,28.0,% of pregnant women delivered in institution against estimated delivery,2,indicator_2,0.4720680620899872,36.0,177,65.83722096291909,coverage,3.399814080769442,75.0,65.83722096291909,2025,69
n,0.44101124253784413,74.0,2024-04-01,Ayodhya,b4XkXzoGqFY,176,Ayodhya Division,delivery_care,0.6055200365606842,28.0,Still birth ratio,4,indicator_4,0.5014688042532377,56.0,177,8.690580344123651,quality,1.4948647364016376,27.0,8.690580344123651,2025,69
p,0.44101124253784413,74.0,2024-04-01,Ayodhya,b4XkXzoGqFY,176,Ayodhya Division,delivery_care,0.6055200365606842,28.0,% of C-section delivery against reported delivery (70% weightage to CHC),31,indicator_31,0.4215116216694139,16.0,177,1.2933428548758232,quality,1.4948647364016376,27.0,15.697462536706293,2025,69
p,0.44101124253784413,74.0,2024-04-01,Ayodhya,b4XkXzoGqFY,176,Ayodhya Division,delivery_care,0.6055200365606842,28.0,% of C-section delivery against reported delivery (30% to DH),32,indicator_32,0.4215116216694139,16.0,177,49.30707512764406,quality,1.4948647364016376,27.0,15.697462536706293,2025,69
p,0.44101124253784413,74.0,2024-04-01,Ayodhya,b4XkXzoGqFY,176,Ayodhya Division,post_natal_care,1.0,1.0,% of newborns received HBNC visits (Institutional Delivery and Home Delivery),5,indicator_5,1.0,1.0,177,100.0,coverage,3.399814080769442,75.0,100.0,2025,69
p,0.44101124253784413,74.0,2024-04-01,Ayodhya,b4XkXzoGqFY,176,Ayodhya Division,immunization,0.4300176911766686,63.0,"% of children received full immunization (BCG, Penta 1, 2, 3, Measles)",7,indicator_7,0.5593877130957251,50.0,177,88.61057076413088,coverage,3.399814080769442,75.0,88.61057076413088,2025,69
p,0.44101124253784413,74.0,2024-04-01,Ayodhya,b4XkXzoGqFY,176,Ayodhya Division,immunization,0.4300176911766686,63.0,Ratio of Pentavalent 3 to BCG,6,indicator_6,0.3006476692576121,36.0,177,1.0089567446752563,quality,1.4948647364016376,27.0,1.0089567446752563,2025,69
p,0.44101124253784413,74.0,2024-04-01,Ayodhya,b4XkXzoGqFY,176,Ayodhya Division,communicable_diseases,0.6157951396248491,17.0,% of PW screened for HIV against estimated pregnancy,11,indicator_11,0.9603536380283242,4.0,177,99.4327727996093,coverage,3.399814080769442,75.0,99.4327727996093,2025,69
p,0.44101124253784413,74.0,2024-04-01,Ayodhya,b4XkXzoGqFY,176,Ayodhya Division,communicable_diseases,0.6157951396248491,17.0,Total case notification rate of TB against expected TB cases,10,indicator_10,0.27123664122137403,11.0,177,21.272264631043253,quality,1.4948647364016376,27.0,21.272264631043253,2025,69
p,0.44101124253784413,74.0,2024-04-01,Ayodhya,b4XkXzoGqFY,176,Ayodhya Division,family_planning,0.02000672834576689,74.0,Permanent Method accepted per 1000 EC,8,indicator_8,0.028988816244460317,68.0,177,3.9963588761258335,coverage,3.399814080769442,75.0,3.9963588761258335,2025,69
p,0.44101124253784413,74.0,2024-04-01,Ayodhya,b4XkXzoGqFY,176,Ayodhya Division,family_planning,0.02000672834576689,74.0,Reversible Method accepted per 1000 EC,9,indicator_9,0.011024640447073464,74.0,177,42.02436177207985,coverage,3.399814080769442,75.0,42.02436177207985,2025,69
p,0.44101124253784413,74.0,2024-04-01,Ayodhya,b4XkXzoGqFY,176,Ayodhya Division,finance,0.35123167291099616,62.0,Per ASHA expenditure of ASHA incentive fund,12,indicator_12,0.35123167291099616,62.0,177,4737.503697131026,coverage,3.399814080769442,75.0,4737.503697131026,2025,69
p,0.5320743062191751,55.0,2024-04-01,Barabanki,tzH6nJu9SwS,176,Ayodhya Division,ante_natal,1.0,1.0,% of pregnant women received 4 or more ANC and tested for Hb against estimated PW,1,indicator_1,1.0,1.0,176,100.0,coverage,4.785115377076595,47.0,100.0,2025,41
p,0.5320743062191751,55.0,2024-04-01,Barabanki,tzH6nJu9SwS,176,Ayodhya Division,delivery_care,0.6033051387712437,31.0,% of pregnant women delivered in institution against estimated delivery,2,indicator_2,0.33374944767578496,63.0,176,58.264631714558895,coverage,4.785115377076595,47.0,58.264631714558895,2025,41
n,0.5320743062191751,55.0,2024-04-01,Barabanki,tzH6nJu9SwS,176,Ayodhya Division,delivery_care,0.6033051387712437,31.0,Still birth ratio,4,indicator_4,0.473637505423645,63.0,176,9.149879206376381,quality,1.4258960712866118,35.0,9.149879206376381,2025,41
p,0.5320743062191751,55.0,2024-04-01,Barabanki,tzH6nJu9SwS,176,Ayodhya Division,delivery_care,0.6033051387712437,31.0,% of C-section delivery against reported delivery (70% weightage to CHC),31,indicator_31,0.5012642316071505,10.0,176,1.4469524954365345,quality,1.4258960712866118,35.0,18.320182226883954,2025,41
p,0.5320743062191751,55.0,2024-04-01,Barabanki,tzH6nJu9SwS,176,Ayodhya Division,delivery_care,0.6033051387712437,31.0,% of C-section delivery against reported delivery (30% to DH),32,indicator_32,0.5012642316071505,10.0,176,57.691051600261275,quality,1.4258960712866118,35.0,18.320182226883954,2025,41
p,0.5320743062191751,55.0,2024-04-01,Barabanki,tzH6nJu9SwS,176,Ayodhya Division,post_natal_care,1.0,1.0,% of newborns received HBNC visits (Institutional Delivery and Home Delivery),5,indicator_5,1.0,1.0,176,100.0,coverage,4.785115377076595,47.0,100.0,2025,41
p,0.5320743062191751,55.0,2024-04-01,Barabanki,tzH6nJu9SwS,176,Ayodhya Division,immunization,0.6104173176601624,31.0,"% of children received full immunization (BCG, Penta 1, 2, 3, Measles)",7,indicator_7,0.8397802291324677,15.0,176,95.85846378614636,coverage,4.785115377076595,47.0,95.85846378614636,2025,41
p,0.5320743062191751,55.0,2024-04-01,Barabanki,tzH6nJu9SwS,176,Ayodhya Division,immunization,0.6104173176601624,31.0,Ratio of Pentavalent 3 to BCG,6,indicator_6,0.3810544061878569,20.0,176,1.0581249710070977,quality,1.4258960712866118,35.0,1.0581249710070977,2025,41
p,0.5320743062191751,55.0,2024-04-01,Barabanki,tzH6nJu9SwS,176,Ayodhya Division,communicable_diseases,0.5349699640339797,49.0,% of PW screened for HIV against estimated pregnancy,11,indicator_11,1.0,1.0,176,100.0,coverage,4.785115377076595,47.0,100.0,2025,41
p,0.5320743062191751,55.0,2024-04-01,Barabanki,tzH6nJu9SwS,176,Ayodhya Division,communicable_diseases,0.5349699640339797,49.0,Total case notification rate of TB against expected TB cases,10,indicator_10,0.0699399280679594,54.0,176,17.28313518273888,quality,1.4258960712866118,35.0,17.28313518273888,2025,41
p,0.5320743062191751,55.0,2024-04-01,Barabanki,tzH6nJu9SwS,176,Ayodhya Division,family_planning,0.09554264121016734,63.0,Permanent Method accepted per 1000 EC,8,indicator_8,0.04213587934266386,61.0,176,4.92931350485821,coverage,4.785115377076595,47.0,4.92931350485821,2025,41
p,0.5320743062191751,55.0,2024-04-01,Barabanki,tzH6nJu9SwS,176,Ayodhya Division,family_planning,0.09554264121016734,63.0,Reversible Method accepted per 1000 EC,9,indicator_9,0.14894940307767082,60.0,176,67.28185767305914,coverage,4.785115377076595,47.0,67.28185767305914,2025,41
p,0.5320743062191751,55.0,2024-04-01,Barabanki,tzH6nJu9SwS,176,Ayodhya Division,finance,0.4205004178480081,51.0,Per ASHA expenditure of ASHA incentive fund,12,indicator_12,0.4205004178480081,51.0,176,4892.850039777248,coverage,4.785115377076595,47.0,4892.850039777248,2025,41
p,0.5542199292006329,41.0,2024-04-01,Sultanpur,o4ZQTVcMI7U,176,Ayodhya Division,ante_natal,1.0,1.0,% of pregnant women received 4 or more ANC and tested for Hb against estimated PW,1,indicator_1,1.0,1.0,179,100.0,coverage,4.901107026690656,37.0,100.0,2025,40
p,0.5542199292006329,41.0,2024-04-01,Sultanpur,o4ZQTVcMI7U,176,Ayodhya Division,delivery_care,0.4945541758452474,48.0,% of pregnant women delivered in institution against estimated delivery,2,indicator_2,0.5206134886566564,29.0,179,68.49495851207482,coverage,4.901107026690656,37.0,68.49495851207482,2025,40
n,0.5542199292006329,41.0,2024-04-01,Sultanpur,o4ZQTVcMI7U,176,Ayodhya Division,delivery_care,0.4945541758452474,48.0,Still birth ratio,4,indicator_4,0.4263264424711122,66.0,179,9.930651872399443,quality,1.3895114821589265,38.0,9.930651872399443,2025,40
p,0.5542199292006329,41.0,2024-04-01,Sultanpur,o4ZQTVcMI7U,176,Ayodhya Division,delivery_care,0.4945541758452474,48.0,% of C-section delivery against reported delivery (70% weightage to CHC),31,indicator_31,0.2683612982039867,36.0,179,1.6100068115672796,quality,1.3895114821589265,38.0,10.66100831629343,2025,40
p,0.5542199292006329,41.0,2024-04-01,Sultanpur,o4ZQTVcMI7U,176,Ayodhya Division,delivery_care,0.4945541758452474,48.0,% of C-section delivery against reported delivery (30% to DH),32,indicator_32,0.2683612982039867,36.0,179,31.780011827321115,quality,1.3895114821589265,38.0,10.66100831629343,2025,40
p,0.5542199292006329,41.0,2024-04-01,Sultanpur,o4ZQTVcMI7U,176,Ayodhya Division,post_natal_care,1.0,1.0,% of newborns received HBNC visits (Institutional Delivery and Home Delivery),5,indicator_5,1.0,1.0,179,100.0,coverage,4.901107026690656,37.0,100.0,2025,40
p,0.5542199292006329,41.0,2024-04-01,Sultanpur,o4ZQTVcMI7U,176,Ayodhya Division,immunization,0.5980356975112486,32.0,"% of children received full immunization (BCG, Penta 1, 2, 3, Measles)",7,indicator_7,0.7390916365200508,35.0,179,93.25575470493656,coverage,4.901107026690656,37.0,93.25575470493656,2025,40
p,0.5542199292006329,41.0,2024-04-01,Sultanpur,o4ZQTVcMI7U,176,Ayodhya Division,immunization,0.5980356975112486,32.0,Ratio of Pentavalent 3 to BCG,6,indicator_6,0.4569797585024464,13.0,179,1.1045528581400759,quality,1.3895114821589265,38.0,1.1045528581400759,2025,40
p,0.5542199292006329,41.0,2024-04-01,Sultanpur,o4ZQTVcMI7U,176,Ayodhya Division,communicable_diseases,0.6189219914906906,16.0,% of PW screened for HIV against estimated pregnancy,11,indicator_11,1.0,1.0,179,100.0,coverage,4.901107026690656,37.0,100.0,2025,40
p,0.5542199292006329,41.0,2024-04-01,Sultanpur,o4ZQTVcMI7U,176,Ayodhya Division,communicable_diseases,0.6189219914906906,16.0,Total case notification rate of TB against expected TB cases,10,indicator_10,0.23784398298138115,18.0,179,20.610516934046352,quality,1.3895114821589265,38.0,20.610516934046352,2025,40
p,0.5542199292006329,41.0,2024-04-01,Sultanpur,o4ZQTVcMI7U,176,Ayodhya Division,family_planning,0.15477629310269428,41.0,Permanent Method accepted per 1000 EC,8,indicator_8,0.04375221955101938,60.0,179,5.044013804668712,coverage,4.901107026690656,37.0,5.044013804668712,2025,40
p,0.5542199292006329,41.0,2024-04-01,Sultanpur,o4ZQTVcMI7U,176,Ayodhya Division,family_planning,0.15477629310269428,41.0,Reversible Method accepted per 1000 EC,9,indicator_9,0.2658003666543692,28.0,179,88.68021049436176,coverage,4.901107026690656,37.0,88.68021049436176,2025,40
p,0.5542199292006329,41.0,2024-04-01,Sultanpur,o4ZQTVcMI7U,176,Ayodhya Division,finance,0.331849315308558,65.0,Per ASHA expenditure of ASHA incentive fund,12,indicator_12,0.331849315308558,65.0,179,4694.035631293571,coverage,4.901107026690656,37.0,4694.035631293571,2025,40
p,0.568057119069946,30.0,2024-04-01,Kaushambi,PAj0oVY0Dxu,172,Prayagraj Division,ante_natal,1.0,1.0,% of pregnant women received 4 or more ANC and tested for Hb against estimated PW,1,indicator_1,1.0,1.0,174,100.0,coverage,5.422368063028596,14.0,100.0,2025,63
p,0.568057119069946,30.0,2024-04-01,Kaushambi,PAj0oVY0Dxu,172,Prayagraj Division,delivery_care,0.4599104756933151,56.0,% of pregnant women delivered in institution against estimated delivery,2,indicator_2,0.5844131548378234,23.0,174,71.98782654157748,coverage,5.422368063028596,14.0,71.98782654157748,2025,63
n,0.568057119069946,30.0,2024-04-01,Kaushambi,PAj0oVY0Dxu,172,Prayagraj Division,delivery_care,0.4599104756933151,56.0,Still birth ratio,4,indicator_4,0.4889638572078849,60.0,174,8.896949007894177,quality,0.9449401861741846,68.0,8.896949007894177,2025,63
p,0.568057119069946,30.0,2024-04-01,Kaushambi,PAj0oVY0Dxu,172,Prayagraj Division,delivery_care,0.4599104756933151,56.0,% of C-section delivery against reported delivery (70% weightage to CHC),31,indicator_31,0.15317720751711844,49.0,174,2.7213529011565747,quality,0.9449401861741846,68.0,6.873099897051638,2025,63
p,0.568057119069946,30.0,2024-04-01,Kaushambi,PAj0oVY0Dxu,172,Prayagraj Division,delivery_care,0.4599104756933151,56.0,% of C-section delivery against reported delivery (30% to DH),32,indicator_32,0.15317720751711844,49.0,174,16.560509554140125,quality,0.9449401861741846,68.0,6.873099897051638,2025,63
p,0.568057119069946,30.0,2024-04-01,Kaushambi,PAj0oVY0Dxu,172,Prayagraj Division,post_natal_care,0.5697350049565859,41.0,% of newborns received HBNC visits (Institutional Delivery and Home Delivery),5,indicator_5,0.5697350049565859,41.0,174,73.73373159803712,coverage,5.422368063028596,14.0,73.73373159803712,2025,63
p,0.568057119069946,30.0,2024-04-01,Kaushambi,PAj0oVY0Dxu,172,Prayagraj Division,immunization,0.522105659689246,45.0,"% of children received full immunization (BCG, Penta 1, 2, 3, Measles)",7,indicator_7,0.8885195889866123,9.0,174,97.11833217057236,coverage,5.422368063028596,14.0,97.11833217057236,2025,63
p,0.568057119069946,30.0,2024-04-01,Kaushambi,PAj0oVY0Dxu,172,Prayagraj Division,immunization,0.522105659689246,45.0,Ratio of Pentavalent 3 to BCG,6,indicator_6,0.15569173039187972,59.0,174,0.9203170773737722,quality,0.9449401861741846,68.0,0.9203170773737722,2025,63
p,0.568057119069946,30.0,2024-04-01,Kaushambi,PAj0oVY0Dxu,172,Prayagraj Division,communicable_diseases,0.5735536955286508,31.0,% of PW screened for HIV against estimated pregnancy,11,indicator_11,1.0,1.0,174,100.0,coverage,5.422368063028596,14.0,100.0,2025,63
p,0.568057119069946,30.0,2024-04-01,Kaushambi,PAj0oVY0Dxu,172,Prayagraj Division,communicable_diseases,0.5735536955286508,31.0,Total case notification rate of TB against expected TB cases,10,indicator_10,0.1471073910573015,33.0,174,18.812375249501,quality,0.9449401861741846,68.0,18.812375249501,2025,63
p,0.568057119069946,30.0,2024-04-01,Kaushambi,PAj0oVY0Dxu,172,Prayagraj Division,family_planning,0.2786457743250326,14.0,Permanent Method accepted per 1000 EC,8,indicator_8,0.1879739920408233,15.0,174,15.278418949247046,coverage,5.422368063028596,14.0,15.278418949247046,2025,63
p,0.568057119069946,30.0,2024-04-01,Kaushambi,PAj0oVY0Dxu,172,Prayagraj Division,family_planning,0.2786457743250326,14.0,Reversible Method accepted per 1000 EC,9,indicator_9,0.3693175566092419,15.0,174,107.6368137257098,coverage,5.422368063028596,14.0,107.6368137257098,2025,63
p,0.568057119069946,30.0,2024-04-01,Kaushambi,PAj0oVY0Dxu,172,Prayagraj Division,finance,0.8224087655975094,7.0,Per ASHA expenditure of ASHA incentive fund,12,indicator_12,0.8224087655975094,7.0,174,5794.194390084802,coverage,5.422368063028596,14.0,5794.194390084802,2025,63
p,0.4906042308518065,64.0,2024-04-01,Pratapgarh,fz7bJo3egPX,172,Prayagraj Division,ante_natal,1.0,1.0,% of pregnant women received 4 or more ANC and tested for Hb against estimated PW,1,indicator_1,1.0,1.0,173,100.0,coverage,4.424167065140953,67.0,100.0,2025,3
p,0.4906042308518065,64.0,2024-04-01,Pratapgarh,fz7bJo3egPX,172,Prayagraj Division,delivery_care,0.7268181821002964,14.0,% of pregnant women delivered in institution against estimated delivery,2,indicator_2,0.4574447964446101,38.0,173,65.03663468846081,coverage,4.424167065140953,67.0,65.03663468846081,2025,3
n,0.4906042308518065,64.0,2024-04-01,Pratapgarh,fz7bJo3egPX,172,Prayagraj Division,delivery_care,0.7268181821002964,14.0,Still birth ratio,4,indicator_4,0.7184873335338408,39.0,173,5.1091318390917095,quality,1.4523999045347873,31.0,5.1091318390917095,2025,3
p,0.4906042308518065,64.0,2024-04-01,Pratapgarh,fz7bJo3egPX,172,Prayagraj Division,delivery_care,0.7268181821002964,14.0,% of C-section delivery against reported delivery (70% weightage to CHC),31,indicator_31,0.5022612081612192,9.0,173,4.41350710900474,quality,1.4523999045347873,31.0,18.352968489816828,2025,3
p,0.4906042308518065,64.0,2024-04-01,Pratapgarh,fz7bJo3egPX,172,Prayagraj Division,delivery_care,0.7268181821002964,14.0,% of C-section delivery against reported delivery (30% to DH),32,indicator_32,0.5022612081612192,9.0,173,50.878378378378365,quality,1.4523999045347873,31.0,18.352968489816828,2025,3
p,0.4906042308518065,64.0,2024-04-01,Pratapgarh,fz7bJo3egPX,172,Prayagraj Division,post_natal_care,0.7835868395735298,31.0,% of newborns received HBNC visits (Institutional Delivery and Home Delivery),5,indicator_5,0.7835868395735298,31.0,173,86.78868552412645,coverage,4.424167065140953,67.0,86.78868552412645,2025,3
p,0.4906042308518065,64.0,2024-04-01,Pratapgarh,fz7bJo3egPX,172,Prayagraj Division,immunization,0.4719836924170781,56.0,"% of children received full immunization (BCG, Penta 1, 2, 3, Measles)",7,indicator_7,0.7639136497316551,30.0,173,93.89738130357655,coverage,4.424167065140953,67.0,93.89738130357655,2025,3
p,0.4906042308518065,64.0,2024-04-01,Pratapgarh,fz7bJo3egPX,172,Prayagraj Division,immunization,0.4719836924170781,56.0,Ratio of Pentavalent 3 to BCG,6,indicator_6,0.18005373510250114,52.0,173,0.9352142937916996,quality,1.4523999045347873,31.0,0.9352142937916996,2025,3
p,0.4906042308518065,64.0,2024-04-01,Pratapgarh,fz7bJo3egPX,172,Prayagraj Division,communicable_diseases,0.5257988138686132,58.0,% of PW screened for HIV against estimated pregnancy,11,indicator_11,1.0,1.0,173,100.0,coverage,4.424167065140953,67.0,100.0,2025,3
p,0.4906042308518065,64.0,2024-04-01,Pratapgarh,fz7bJo3egPX,172,Prayagraj Division,communicable_diseases,0.5257988138686132,58.0,Total case notification rate of TB against expected TB cases,10,indicator_10,0.05159762773722632,63.0,173,16.919642857142858,quality,1.4523999045347873,31.0,16.919642857142858,2025,3
p,0.4906042308518065,64.0,2024-04-01,Pratapgarh,fz7bJo3egPX,172,Prayagraj Division,family_planning,0.05468452554079608,70.0,Permanent Method accepted per 1000 EC,8,indicator_8,0.06757846282367097,48.0,173,6.734794763159843,coverage,4.424167065140953,67.0,6.734794763159843,2025,3
p,0.4906042308518065,64.0,2024-04-01,Pratapgarh,fz7bJo3egPX,172,Prayagraj Division,family_planning,0.05468452554079608,70.0,Reversible Method accepted per 1000 EC,9,indicator_9,0.04179058825792119,71.0,173,47.658381261411506,coverage,4.424167065140953,67.0,47.658381261411506,2025,3
p,0.4906042308518065,64.0,2024-04-01,Pratapgarh,fz7bJo3egPX,172,Prayagraj Division,finance,0.3098527283095657,67.0,Per ASHA expenditure of ASHA incentive fund,12,indicator_12,0.3098527283095657,67.0,173,4644.704734016595,coverage,4.424167065140953,67.0,4644.704734016595,2025,3
p,0.636518777954378,6.0,2024-04-01,Prayagraj,tXgaew1Pd2Y,172,Prayagraj Division,ante_natal,1.0,1.0,% of pregnant women received 4 or more ANC and tested for Hb against estimated PW,1,indicator_1,1.0,1.0,175,100.0,coverage,5.344138083844623,19.0,100.0,2025,34
p,0.636518777954378,6.0,2024-04-01,Prayagraj,tXgaew1Pd2Y,172,Prayagraj Division,delivery_care,0.8636082464497821,4.0,% of pregnant women delivered in institution against estimated delivery,2,indicator_2,0.5358524495965679,26.0,175,69.3292525241894,coverage,5.344138083844623,19.0,69.3292525241894,2025,34
n,0.636518777954378,6.0,2024-04-01,Prayagraj,tXgaew1Pd2Y,172,Prayagraj Division,delivery_care,0.8636082464497821,4.0,Still birth ratio,4,indicator_4,1.0,1.0,175,0.4633390498540783,quality,1.823797229735824,10.0,0.4633390498540783,2025,34
p,0.636518777954378,6.0,2024-04-01,Prayagraj,tXgaew1Pd2Y,172,Prayagraj Division,delivery_care,0.8636082464497821,4.0,% of C-section delivery against reported delivery (70% weightage to CHC),31,indicator_31,0.5274861448763892,7.0,175,3.7644598392261943,quality,1.823797229735824,10.0,19.18250796517709,2025,34
p,0.636518777954378,6.0,2024-04-01,Prayagraj,tXgaew1Pd2Y,172,Prayagraj Division,delivery_care,0.8636082464497821,4.0,% of C-section delivery against reported delivery (30% to DH),32,indicator_32,0.5274861448763892,7.0,175,55.157953592395856,quality,1.823797229735824,10.0,19.18250796517709,2025,34
p,0.636518777954378,6.0,2024-04-01,Prayagraj,tXgaew1Pd2Y,172,Prayagraj Division,post_natal_care,0.9418731292658978,8.0,% of newborns received HBNC visits (Institutional Delivery and Home Delivery),5,indicator_5,0.9418731292658978,8.0,175,96.45154496494871,coverage,5.344138083844623,19.0,96.45154496494871,2025,34
p,0.636518777954378,6.0,2024-04-01,Prayagraj,tXgaew1Pd2Y,172,Prayagraj Division,immunization,0.610980746814337,29.0,"% of children received full immunization (BCG, Penta 1, 2, 3, Measles)",7,indicator_7,0.9382005912509916,2.0,175,98.40254115991482,coverage,5.344138083844623,19.0,98.40254115991482,2025,34
p,0.636518777954378,6.0,2024-04-01,Prayagraj,tXgaew1Pd2Y,172,Prayagraj Division,immunization,0.610980746814337,29.0,Ratio of Pentavalent 3 to BCG,6,indicator_6,0.2837609023776823,40.0,175,0.9986305903296854,quality,1.823797229735824,10.0,0.9986305903296854,2025,34
p,0.636518777954378,6.0,2024-04-01,Prayagraj,tXgaew1Pd2Y,172,Prayagraj Division,communicable_diseases,0.506275091240876,66.0,% of PW screened for HIV against estimated pregnancy,11,indicator_11,1.0,1.0,175,100.0,coverage,5.344138083844623,19.0,100.0,2025,34
p,0.636518777954378,6.0,2024-04-01,Prayagraj,tXgaew1Pd2Y,172,Prayagraj Division,communicable_diseases,0.506275091240876,66.0,Total case notification rate of TB against expected TB cases,10,indicator_10,0.012550182481751968,73.0,175,16.145833333333336,quality,1.823797229735824,10.0,16.145833333333336,2025,34
p,0.636518777954378,6.0,2024-04-01,Prayagraj,tXgaew1Pd2Y,172,Prayagraj Division,family_planning,0.2622682278084125,19.0,Permanent Method accepted per 1000 EC,8,indicator_8,0.22920822436164054,13.0,175,18.20452249180852,coverage,5.344138083844623,19.0,18.20452249180852,2025,34
p,0.636518777954378,6.0,2024-04-01,Prayagraj,tXgaew1Pd2Y,172,Prayagraj Division,family_planning,0.2622682278084125,19.0,Reversible Method accepted per 1000 EC,9,indicator_9,0.2953282312551845,21.0,175,94.0875057827157,coverage,5.344138083844623,19.0,94.0875057827157,2025,34
p,0.636518777954378,6.0,2024-04-01,Prayagraj,tXgaew1Pd2Y,172,Prayagraj Division,finance,0.40367545811434097,53.0,Per ASHA expenditure of ASHA incentive fund,12,indicator_12,0.40367545811434097,53.0,175,4855.117351503888,coverage,5.344138083844623,19.0,4855.117351503888,2025,34
p,0.5870599186123565,20.0,2024-04-01,Agra,N5WWbRtsjWp,146,Agra Division,ante_natal,1.0,1.0,% of pregnant women received 4 or more ANC and tested for Hb against estimated PW,1,indicator_1,1.0,1.0,146,100.0,coverage,5.636191869098182,9.0,100.0,2025,12
p,0.5870599186123565,20.0,2024-04-01,Agra,N5WWbRtsjWp,146,Agra Division,delivery_care,0.7387266287328367,13.0,% of pregnant women delivered in institution against estimated delivery,2,indicator_2,0.8172830198886448,4.0,146,84.7368541675358,coverage,5.636191869098182,9.0,84.7368541675358,2025,12
n,0.5870599186123565,20.0,2024-04-01,Agra,N5WWbRtsjWp,146,Agra Division,delivery_care,0.7387266287328367,13.0,Still birth ratio,4,indicator_4,0.8044257474353832,26.0,146,3.690893474778895,quality,1.3579354481319552,41.0,3.690893474778895,2025,12
p,0.5870599186123565,20.0,2024-04-01,Agra,N5WWbRtsjWp,146,Agra Division,delivery_care,0.7387266287328367,13.0,% of C-section delivery against reported delivery (70% weightage to CHC),31,indicator_31,0.2972355594372409,32.0,146,1.3277428371767994,quality,1.3579354481319552,41.0,11.610558350266135,2025,12
p,0.5870599186123565,20.0,2024-04-01,Agra,N5WWbRtsjWp,146,Agra Division,delivery_care,0.7387266287328367,13.0,% of C-section delivery against reported delivery (30% to DH),32,indicator_32,0.2972355594372409,32.0,146,35.60379454747458,quality,1.3579354481319552,41.0,11.610558350266135,2025,12
p,0.5870599186123565,20.0,2024-04-01,Agra,N5WWbRtsjWp,146,Agra Division,post_natal_care,0.9283224127421044,13.0,% of newborns received HBNC visits (Institutional Delivery and Home Delivery),5,indicator_5,0.9283224127421044,13.0,146,95.62431811323385,coverage,5.636191869098182,9.0,95.62431811323385,2025,12
p,0.5870599186123565,20.0,2024-04-01,Agra,N5WWbRtsjWp,146,Agra Division,immunization,0.3957464832372204,70.0,"% of children received full immunization (BCG, Penta 1, 2, 3, Measles)",7,indicator_7,0.6165304011882423,48.0,146,90.08765758563038,coverage,5.636191869098182,9.0,90.08765758563038,2025,12
p,0.5870599186123565,20.0,2024-04-01,Agra,N5WWbRtsjWp,146,Agra Division,immunization,0.3957464832372204,70.0,Ratio of Pentavalent 3 to BCG,6,indicator_6,0.1749625652861984,56.0,146,0.9321010746837164,quality,1.3579354481319552,41.0,0.9321010746837164,2025,12
p,0.5870599186123565,20.0,2024-04-01,Agra,N5WWbRtsjWp,146,Agra Division,communicable_diseases,0.5406557879865663,47.0,% of PW screened for HIV against estimated pregnancy,11,indicator_11,1.0,1.0,146,100.0,coverage,5.636191869098182,9.0,100.0,2025,12
p,0.5870599186123565,20.0,2024-04-01,Agra,N5WWbRtsjWp,146,Agra Division,communicable_diseases,0.5406557879865663,47.0,Total case notification rate of TB against expected TB cases,10,indicator_10,0.08131157597313267,52.0,146,17.50848896434635,quality,1.3579354481319552,41.0,17.50848896434635,2025,12
p,0.5870599186123565,20.0,2024-04-01,Agra,N5WWbRtsjWp,146,Agra Division,family_planning,0.21322265738898608,26.0,Permanent Method accepted per 1000 EC,8,indicator_8,0.22213618764635715,14.0,146,17.70266977087722,coverage,5.636191869098182,9.0,17.70266977087722,2025,12
p,0.5870599186123565,20.0,2024-04-01,Agra,N5WWbRtsjWp,146,Agra Division,family_planning,0.21322265738898608,26.0,Reversible Method accepted per 1000 EC,9,indicator_9,0.20430912713161498,48.0,146,77.41961667081615,coverage,5.636191869098182,9.0,77.41961667081615,2025,12
p,0.5870599186123565,20.0,2024-04-01,Agra,N5WWbRtsjWp,146,Agra Division,finance,0.847610720501218,4.0,Per ASHA expenditure of ASHA incentive fund,12,indicator_12,0.847610720501218,4.0,146,5850.713842333954,coverage,5.636191869098182,9.0,5850.713842333954,2025,12
p,0.5471110645452506,46.0,2024-04-01,Firozabad,eJTsuE56XDF,146,Agra Division,ante_natal,1.0,1.0,% of pregnant women received 4 or more ANC and tested for Hb against estimated PW,1,indicator_1,1.0,1.0,147,100.0,coverage,5.923062779356066,3.0,100.0,2025,27
p,0.5471110645452506,46.0,2024-04-01,Firozabad,eJTsuE56XDF,146,Agra Division,delivery_care,0.4233154594150967,61.0,% of pregnant women delivered in institution against estimated delivery,2,indicator_2,0.4076388228094281,47.0,147,62.309885421551115,coverage,5.923062779356066,3.0,62.309885421551115,2025,27
n,0.5471110645452506,46.0,2024-04-01,Firozabad,eJTsuE56XDF,146,Agra Division,delivery_care,0.4233154594150967,61.0,Still birth ratio,4,indicator_4,0.7767980874085758,35.0,147,4.1468316936422305,quality,1.2670105198971615,48.0,4.1468316936422305,2025,27
p,0.5471110645452506,46.0,2024-04-01,Firozabad,eJTsuE56XDF,146,Agra Division,delivery_care,0.4233154594150967,61.0,% of C-section delivery against reported delivery (70% weightage to CHC),31,indicator_31,0.04275473401364294,69.0,147,1.5148950575490858,quality,1.2670105198971615,48.0,3.241780549361516,2025,27
p,0.5471110645452506,46.0,2024-04-01,Firozabad,eJTsuE56XDF,146,Agra Division,delivery_care,0.4233154594150967,61.0,% of C-section delivery against reported delivery (30% to DH),32,indicator_32,0.04275473401364294,69.0,147,7.271180030257187,quality,1.2670105198971615,48.0,3.241780549361516,2025,27
p,0.5471110645452506,46.0,2024-04-01,Firozabad,eJTsuE56XDF,146,Agra Division,post_natal_care,1.0,1.0,% of newborns received HBNC visits (Institutional Delivery and Home Delivery),5,indicator_5,1.0,1.0,147,100.0,coverage,5.923062779356066,3.0,100.0,2025,27
p,0.5471110645452506,46.0,2024-04-01,Firozabad,eJTsuE56XDF,146,Agra Division,immunization,0.6529650528664657,21.0,"% of children received full immunization (BCG, Penta 1, 2, 3, Measles)",7,indicator_7,1.0,1.0,147,100.0,coverage,5.923062779356066,3.0,100.0,2025,27
p,0.5471110645452506,46.0,2024-04-01,Firozabad,eJTsuE56XDF,146,Agra Division,immunization,0.6529650528664657,21.0,Ratio of Pentavalent 3 to BCG,6,indicator_6,0.3059301057329314,34.0,147,1.0121869221717936,quality,1.2670105198971615,48.0,1.0121869221717936,2025,27
p,0.5471110645452506,46.0,2024-04-01,Firozabad,eJTsuE56XDF,146,Agra Division,communicable_diseases,0.5707637963710055,33.0,% of PW screened for HIV against estimated pregnancy,11,indicator_11,1.0,1.0,147,100.0,coverage,5.923062779356066,3.0,100.0,2025,27
p,0.5471110645452506,46.0,2024-04-01,Firozabad,eJTsuE56XDF,146,Agra Division,communicable_diseases,0.5707637963710055,33.0,Total case notification rate of TB against expected TB cases,10,indicator_10,0.14152759274201104,35.0,147,18.70179948586118,quality,1.2670105198971615,48.0,18.70179948586118,2025,27
p,0.5471110645452506,46.0,2024-04-01,Firozabad,eJTsuE56XDF,146,Agra Division,family_planning,0.4107954607022956,5.0,Permanent Method accepted per 1000 EC,8,indicator_8,0.08403435618680899,39.0,147,7.902553810818466,coverage,5.923062779356066,3.0,7.902553810818466,2025,27
p,0.5471110645452506,46.0,2024-04-01,Firozabad,eJTsuE56XDF,146,Agra Division,family_planning,0.4107954607022956,5.0,Reversible Method accepted per 1000 EC,9,indicator_9,0.7375565652177821,3.0,147,175.07064557083766,coverage,5.923062779356066,3.0,175.07064557083766,2025,27
p,0.5471110645452506,46.0,2024-04-01,Firozabad,eJTsuE56XDF,146,Agra Division,finance,0.6938330351420466,16.0,Per ASHA expenditure of ASHA incentive fund,12,indicator_12,0.6938330351420466,16.0,147,5505.842558425585,coverage,5.923062779356066,3.0,5505.842558425585,2025,27
p,0.5795654037427044,23.0,2024-04-01,Mainpuri,XBLhrSWGytu,146,Agra Division,ante_natal,1.0,1.0,% of pregnant women received 4 or more ANC and tested for Hb against estimated PW,1,indicator_1,1.0,1.0,148,100.0,coverage,4.924651358939408,35.0,100.0,2025,43
p,0.5795654037427044,23.0,2024-04-01,Mainpuri,XBLhrSWGytu,146,Agra Division,delivery_care,0.400325695938314,64.0,% of pregnant women delivered in institution against estimated delivery,2,indicator_2,0.42407628908695005,43.0,148,63.20979452583625,coverage,4.924651358939408,35.0,63.20979452583625,2025,43
n,0.5795654037427044,23.0,2024-04-01,Mainpuri,XBLhrSWGytu,146,Agra Division,delivery_care,0.400325695938314,64.0,Still birth ratio,4,indicator_4,0.5171172164653617,54.0,148,8.43233519469325,quality,1.1522185773079914,54.0,8.43233519469325,2025,43
p,0.5795654037427044,23.0,2024-04-01,Mainpuri,XBLhrSWGytu,146,Agra Division,delivery_care,0.400325695938314,64.0,% of C-section delivery against reported delivery (70% weightage to CHC),31,indicator_31,0.12989179113131513,55.0,148,0.8092572984419906,quality,1.1522185773079914,54.0,6.107342888011928,2025,43
p,0.5795654037427044,23.0,2024-04-01,Mainpuri,XBLhrSWGytu,146,Agra Division,delivery_care,0.400325695938314,64.0,% of C-section delivery against reported delivery (30% to DH),32,indicator_32,0.12989179113131513,55.0,148,18.46954259700845,quality,1.1522185773079914,54.0,6.107342888011928,2025,43
p,0.5795654037427044,23.0,2024-04-01,Mainpuri,XBLhrSWGytu,146,Agra Division,post_natal_care,0.9449938827280888,7.0,% of newborns received HBNC visits (Institutional Delivery and Home Delivery),5,indicator_5,0.9449938827280888,7.0,148,96.6420567402466,coverage,4.924651358939408,35.0,96.6420567402466,2025,43
p,0.5795654037427044,23.0,2024-04-01,Mainpuri,XBLhrSWGytu,146,Agra Division,immunization,0.4986888447505221,53.0,"% of children received full immunization (BCG, Penta 1, 2, 3, Measles)",7,indicator_7,0.7931073321015608,27.0,148,94.65201159730394,coverage,4.924651358939408,35.0,94.65201159730394,2025,43
p,0.5795654037427044,23.0,2024-04-01,Mainpuri,XBLhrSWGytu,146,Agra Division,immunization,0.4986888447505221,53.0,Ratio of Pentavalent 3 to BCG,6,indicator_6,0.20427035739948332,47.0,148,0.950022609755618,quality,1.1522185773079914,54.0,0.950022609755618,2025,43
p,0.5795654037427044,23.0,2024-04-01,Mainpuri,XBLhrSWGytu,146,Agra Division,communicable_diseases,0.6504696061559156,8.0,% of PW screened for HIV against estimated pregnancy,11,indicator_11,1.0,1.0,148,100.0,coverage,4.924651358939408,35.0,100.0,2025,43
p,0.5795654037427044,23.0,2024-04-01,Mainpuri,XBLhrSWGytu,146,Agra Division,communicable_diseases,0.6504696061559156,8.0,Total case notification rate of TB against expected TB cases,10,indicator_10,0.3009392123118312,9.0,148,21.860885275519422,quality,1.1522185773079914,54.0,21.860885275519422,2025,43
p,0.5795654037427044,23.0,2024-04-01,Mainpuri,XBLhrSWGytu,146,Agra Division,family_planning,0.13699928893846544,49.0,Permanent Method accepted per 1000 EC,8,indicator_8,0.012477793838582187,72.0,148,2.824687707926082,coverage,4.924651358939408,35.0,2.824687707926082,2025,43
p,0.5795654037427044,23.0,2024-04-01,Mainpuri,XBLhrSWGytu,146,Agra Division,family_planning,0.13699928893846544,49.0,Reversible Method accepted per 1000 EC,9,indicator_9,0.2615207840383487,30.0,148,87.89651119105726,coverage,4.924651358939408,35.0,87.89651119105726,2025,43
p,0.5795654037427044,23.0,2024-04-01,Mainpuri,XBLhrSWGytu,146,Agra Division,finance,0.4884752771458773,42.0,Per ASHA expenditure of ASHA incentive fund,12,indicator_12,0.4884752771458773,42.0,148,5045.2946350043985,coverage,4.924651358939408,35.0,5045.2946350043985,2025,43
p,0.5298284665619208,56.0,2024-04-01,Mathura,KP2BUB1npih,146,Agra Division,ante_natal,1.0,1.0,% of pregnant women received 4 or more ANC and tested for Hb against estimated PW,1,indicator_1,1.0,1.0,145,100.0,coverage,4.747714238810653,49.0,100.0,2025,24
p,0.5298284665619208,56.0,2024-04-01,Mathura,KP2BUB1npih,146,Agra Division,delivery_care,0.5777813858875009,36.0,% of pregnant women delivered in institution against estimated delivery,2,indicator_2,0.7106003717502556,8.0,145,78.89625290283422,coverage,4.747714238810653,49.0,78.89625290283422,2025,24
n,0.5298284665619208,56.0,2024-04-01,Mathura,KP2BUB1npih,146,Agra Division,delivery_care,0.5777813858875009,36.0,Still birth ratio,4,indicator_4,0.7783238096847913,34.0,145,4.1216527571552914,quality,1.5142057569748457,26.0,4.1216527571552914,2025,24
p,0.5298284665619208,56.0,2024-04-01,Mathura,KP2BUB1npih,146,Agra Division,delivery_care,0.5777813858875009,36.0,% of C-section delivery against reported delivery (70% weightage to CHC),31,indicator_31,0.12220998811372802,58.0,145,2.6779843385737343,quality,1.5142057569748457,26.0,5.85472148733274,2025,24
p,0.5298284665619208,56.0,2024-04-01,Mathura,KP2BUB1npih,146,Agra Division,delivery_care,0.5777813858875009,36.0,% of C-section delivery against reported delivery (30% to DH),32,indicator_32,0.12220998811372802,58.0,145,13.267108167770418,quality,1.5142057569748457,26.0,5.85472148733274,2025,24
p,0.5298284665619208,56.0,2024-04-01,Mathura,KP2BUB1npih,146,Agra Division,post_natal_care,1.0,1.0,% of newborns received HBNC visits (Institutional Delivery and Home Delivery),5,indicator_5,1.0,1.0,145,100.0,coverage,4.747714238810653,49.0,100.0,2025,24
p,0.5298284665619208,56.0,2024-04-01,Mathura,KP2BUB1npih,146,Agra Division,immunization,0.530031148586044,41.0,"% of children received full immunization (BCG, Penta 1, 2, 3, Measles)",7,indicator_7,0.6773038345745684,44.0,145,91.6585958902282,coverage,4.747714238810653,49.0,91.6585958902282,2025,24
p,0.5298284665619208,56.0,2024-04-01,Mathura,KP2BUB1npih,146,Agra Division,immunization,0.530031148586044,41.0,Ratio of Pentavalent 3 to BCG,6,indicator_6,0.3827584625975198,19.0,145,1.0591669910471,quality,1.5142057569748457,26.0,1.0591669910471,2025,24
p,0.5298284665619208,56.0,2024-04-01,Mathura,KP2BUB1npih,146,Agra Division,communicable_diseases,0.1154567482894035,75.0,% of PW screened for HIV against estimated pregnancy,11,indicator_11,0.0,12.0,145,85.6928310144587,coverage,4.747714238810653,49.0,85.6928310144587,2025,24
p,0.5298284665619208,56.0,2024-04-01,Mathura,KP2BUB1npih,146,Agra Division,communicable_diseases,0.1154567482894035,75.0,Total case notification rate of TB against expected TB cases,10,indicator_10,0.230913496578807,20.0,145,20.473174366616988,quality,1.5142057569748457,26.0,20.473174366616988,2025,24
p,0.5298284665619208,56.0,2024-04-01,Mathura,KP2BUB1npih,146,Agra Division,family_planning,0.22535439401326526,25.0,Permanent Method accepted per 1000 EC,8,indicator_8,0.2369203730604245,11.0,145,18.75179945946725,coverage,4.747714238810653,49.0,18.75179945946725,2025,24
p,0.5298284665619208,56.0,2024-04-01,Mathura,KP2BUB1npih,146,Agra Division,family_planning,0.22535439401326526,25.0,Reversible Method accepted per 1000 EC,9,indicator_9,0.213788414966106,46.0,145,79.1555128874013,coverage,4.747714238810653,49.0,79.1555128874013,2025,24
p,0.5298284665619208,56.0,2024-04-01,Mathura,KP2BUB1npih,146,Agra Division,finance,0.9091012444592984,2.0,Per ASHA expenditure of ASHA incentive fund,12,indicator_12,0.9091012444592984,2.0,145,5988.616268788683,coverage,4.747714238810653,49.0,5988.616268788683,2025,24
n,0.5988155580760324,13.0,2024-04-01,Chandauli,ClbehnmwSec,195,Varanasi Division,data_quality,0.7450677207753638,29.0,% of facilities reported outlier for the identified indicators of ranking,13,indicator_13,0.6652116305815191,38.0,196,3.8068368333333336,data_quality,0.7450677207753638,29.0,3.8068368333333336,2025,61
p,0.5988155580760324,13.0,2024-04-01,Chandauli,ClbehnmwSec,195,Varanasi Division,data_quality,0.7450677207753638,29.0,% of facilities reported non blank value (including zero) for the identified indicators of ranking,14,indicator_14,0.8249238109692084,26.0,196,97.13098916666668,data_quality,0.7450677207753638,29.0,97.13098916666668,2025,61
n,0.5592677343098368,35.0,2024-04-01,Ghazipur,dScWdMRN8PL,195,Varanasi Division,data_quality,0.6121376696038798,45.0,% of facilities reported outlier for the identified indicators of ranking,13,indicator_13,0.466621306908781,54.0,195,4.885434583333334,data_quality,0.6121376696038798,45.0,4.885434583333334,2025,67
p,0.5592677343098368,35.0,2024-04-01,Ghazipur,dScWdMRN8PL,195,Varanasi Division,data_quality,0.6121376696038798,45.0,% of facilities reported non blank value (including zero) for the identified indicators of ranking,14,indicator_14,0.7576540322989787,38.0,195,96.09453666666668,data_quality,0.6121376696038798,45.0,96.09453666666668,2025,67
n,0.5951100997075206,14.0,2024-04-01,Jaunpur,gmw76vAUMqz,195,Varanasi Division,data_quality,0.8104265874755239,20.0,% of facilities reported outlier for the identified indicators of ranking,13,indicator_13,0.8602904216163668,9.0,194,2.7473111666666665,data_quality,0.8104265874755239,20.0,2.7473111666666665,2025,54
p,0.5951100997075206,14.0,2024-04-01,Jaunpur,gmw76vAUMqz,195,Varanasi Division,data_quality,0.8104265874755239,20.0,% of facilities reported non blank value (including zero) for the identified indicators of ranking,14,indicator_14,0.7605627533346808,37.0,194,96.13935250000002,data_quality,0.8104265874755239,20.0,96.13935250000002,2025,54
n,0.6679052793891329,4.0,2024-04-01,Muzaffarnagar,MVQs2RrS1Nw,132,Saharanpur Division,data_quality,0.8406686364005433,15.0,% of facilities reported outlier for the identified indicators of ranking,13,indicator_13,0.7364355745805022,28.0,133,3.4200003333333333,data_quality,0.8406686364005433,15.0,3.4200003333333333,2025,17
p,0.6679052793891329,4.0,2024-04-01,Muzaffarnagar,MVQs2RrS1Nw,132,Saharanpur Division,data_quality,0.8406686364005433,15.0,% of facilities reported non blank value (including zero) for the identified indicators of ranking,14,indicator_14,0.9449016982205845,3.0,133,98.97953666666666,data_quality,0.8406686364005433,15.0,98.97953666666666,2025,17
n,0.6273149418284834,7.0,2024-04-01,Varanasi,LeuBT7KfuuA,195,Varanasi Division,data_quality,0.4569766411604743,63.0,% of facilities reported outlier for the identified indicators of ranking,13,indicator_13,0.25666935352525355,68.0,197,6.0257404166666655,data_quality,0.4569766411604743,63.0,6.0257404166666655,2025,55
p,0.6273149418284834,7.0,2024-04-01,Varanasi,LeuBT7KfuuA,195,Varanasi Division,data_quality,0.4569766411604743,63.0,% of facilities reported non blank value (including zero) for the identified indicators of ranking,14,indicator_14,0.657283928795695,52.0,197,94.54809416666667,data_quality,0.4569766411604743,63.0,94.54809416666667,2025,55
n,0.599811948185684,12.0,2024-04-01,Amroha,hgquAmZaNBu,134,Moradabad Division,data_quality,0.5669289946928038,54.0,% of facilities reported outlier for the identified indicators of ranking,13,indicator_13,0.3369089905223983,64.0,137,5.589937250000001,data_quality,0.5669289946928038,54.0,5.589937250000001,2025,33
p,0.599811948185684,12.0,2024-04-01,Amroha,hgquAmZaNBu,134,Moradabad Division,data_quality,0.5669289946928038,54.0,% of facilities reported non blank value (including zero) for the identified indicators of ranking,14,indicator_14,0.7969489988632092,31.0,137,96.69997,data_quality,0.5669289946928038,54.0,96.69997,2025,33
n,0.5587351457279279,38.0,2024-04-01,Bijnor,uCYjHW7FuGG,134,Moradabad Division,data_quality,0.7795187852879232,26.0,% of facilities reported outlier for the identified indicators of ranking,13,indicator_13,0.6893991576096108,36.0,134,3.6754678333333337,data_quality,0.7795187852879232,26.0,3.6754678333333337,2025,15
p,0.5587351457279279,38.0,2024-04-01,Bijnor,uCYjHW7FuGG,134,Moradabad Division,data_quality,0.7795187852879232,26.0,% of facilities reported non blank value (including zero) for the identified indicators of ranking,14,indicator_14,0.8696384129662356,17.0,134,97.819925,data_quality,0.7795187852879232,26.0,97.819925,2025,15
n,0.5858259006410592,22.0,2024-04-01,Saharanpur,FKYZ3JbWq84,132,Saharanpur Division,data_quality,0.6342130418525158,43.0,% of facilities reported outlier for the identified indicators of ranking,13,indicator_13,0.6311963691122296,40.0,132,3.9915829166666663,data_quality,0.6342130418525158,43.0,3.9915829166666663,2025,31
p,0.5858259006410592,22.0,2024-04-01,Saharanpur,FKYZ3JbWq84,132,Saharanpur Division,data_quality,0.6342130418525158,43.0,% of facilities reported non blank value (including zero) for the identified indicators of ranking,14,indicator_14,0.637229714592802,55.0,132,94.23911083333331,data_quality,0.6342130418525158,43.0,94.23911083333331,2025,31
n,0.5231820364326806,59.0,2024-04-01,Shamli,AdiUcz9BXhx,132,Saharanpur Division,data_quality,0.6102304877846729,46.0,% of facilities reported outlier for the identified indicators of ranking,13,indicator_13,0.7430877628461545,27.0,203,3.3838704999999987,data_quality,0.6102304877846729,46.0,3.3838704999999987,2025,32
p,0.5231820364326806,59.0,2024-04-01,Shamli,AdiUcz9BXhx,132,Saharanpur Division,data_quality,0.6102304877846729,46.0,% of facilities reported non blank value (including zero) for the identified indicators of ranking,14,indicator_14,0.4773732127231915,66.0,203,91.7761375,data_quality,0.6102304877846729,46.0,91.7761375,2025,32
n,0.5897658040333218,17.0,2024-04-01,Moradabad,YQNQoPjAIpV,134,Moradabad Division,data_quality,0.5634124479211439,57.0,% of facilities reported outlier for the identified indicators of ranking,13,indicator_13,0.3780795146991776,61.0,135,5.366329,data_quality,0.5634124479211439,57.0,5.366329,2025,51
p,0.5897658040333218,17.0,2024-04-01,Moradabad,YQNQoPjAIpV,134,Moradabad Division,data_quality,0.5634124479211439,57.0,% of facilities reported non blank value (including zero) for the identified indicators of ranking,14,indicator_14,0.7487453811431102,40.0,135,95.9572775,data_quality,0.5634124479211439,57.0,95.9572775,2025,51
n,0.5880334606218853,19.0,2024-04-01,Rampur,IU006h5U7jj,134,Moradabad Division,data_quality,0.8680412247932165,9.0,% of facilities reported outlier for the identified indicators of ranking,13,indicator_13,0.8103653618793455,18.0,136,3.0184676666666665,data_quality,0.8680412247932165,9.0,3.0184676666666665,2025,26
p,0.5880334606218853,19.0,2024-04-01,Rampur,IU006h5U7jj,134,Moradabad Division,data_quality,0.8680412247932165,9.0,% of facilities reported non blank value (including zero) for the identified indicators of ranking,14,indicator_14,0.9257170877070876,7.0,136,98.68395166666666,data_quality,0.8680412247932165,9.0,98.68395166666666,2025,26
n,0.5122710444532341,62.0,2024-04-01,Bhadohi,PeUY1vj02UQ,200,Mirzapur Division,data_quality,0.6735815143696475,36.0,% of facilities reported outlier for the identified indicators of ranking,13,indicator_13,0.6199861772671511,41.0,198,4.0524685,data_quality,0.6735815143696475,36.0,4.0524685,2025,50
p,0.5122710444532341,62.0,2024-04-01,Bhadohi,PeUY1vj02UQ,200,Mirzapur Division,data_quality,0.6735815143696475,36.0,% of facilities reported non blank value (including zero) for the identified indicators of ranking,14,indicator_14,0.727176851472144,44.0,198,95.6249625,data_quality,0.6735815143696475,36.0,95.6249625,2025,50
n,0.6246440688355734,8.0,2024-04-01,Mirzapur,UAicdMLyuk4,200,Mirzapur Division,data_quality,0.8161384702443011,19.0,% of facilities reported outlier for the identified indicators of ranking,13,indicator_13,0.8397181475880909,13.0,199,2.85904475,data_quality,0.8161384702443011,19.0,2.85904475,2025,20
p,0.6246440688355734,8.0,2024-04-01,Mirzapur,UAicdMLyuk4,200,Mirzapur Division,data_quality,0.8161384702443011,19.0,% of facilities reported non blank value (including zero) for the identified indicators of ranking,14,indicator_14,0.792558792900511,32.0,199,96.63232833333332,data_quality,0.8161384702443011,19.0,96.63232833333332,2025,20
n,0.5904667156119379,16.0,2024-04-01,Sambhal,YzHpzrN0eLv,134,Moradabad Division,data_quality,0.6888393326104745,34.0,% of facilities reported outlier for the identified indicators of ranking,13,indicator_13,0.5918179517391918,43.0,205,4.20545775,data_quality,0.6888393326104745,34.0,4.20545775,2025,13
p,0.5904667156119379,16.0,2024-04-01,Sambhal,YzHpzrN0eLv,134,Moradabad Division,data_quality,0.6888393326104745,34.0,% of facilities reported non blank value (including zero) for the identified indicators of ranking,14,indicator_14,0.7858607134817572,34.0,205,96.52912833333336,data_quality,0.6888393326104745,34.0,96.52912833333336,2025,13
n,0.5687957216986815,29.0,2024-04-01,Auraiya,Bd6E8zkVvVt,161,Kanpur Nagar Division,data_quality,0.3619483256029548,70.0,% of facilities reported outlier for the identified indicators of ranking,13,indicator_13,0.17668622496164024,70.0,162,6.460150416666665,data_quality,0.3619483256029548,70.0,6.460150416666665,2025,37
p,0.5687957216986815,29.0,2024-04-01,Auraiya,Bd6E8zkVvVt,161,Kanpur Nagar Division,data_quality,0.3619483256029548,70.0,% of facilities reported non blank value (including zero) for the identified indicators of ranking,14,indicator_14,0.5472104262442694,58.0,162,92.8521475,data_quality,0.3619483256029548,70.0,92.8521475,2025,37
n,0.6057791461787152,11.0,2024-04-01,Etawah,Pm0jLk6EAiE,161,Kanpur Nagar Division,data_quality,0.6044910517272818,48.0,% of facilities reported outlier for the identified indicators of ranking,13,indicator_13,0.4970870305128887,51.0,161,4.7199670000000005,data_quality,0.6044910517272818,48.0,4.7199670000000005,2025,62
p,0.6057791461787152,11.0,2024-04-01,Etawah,Pm0jLk6EAiE,161,Kanpur Nagar Division,data_quality,0.6044910517272818,48.0,% of facilities reported non blank value (including zero) for the identified indicators of ranking,14,indicator_14,0.7118950729416749,48.0,161,95.38951000000002,data_quality,0.6044910517272818,48.0,95.38951000000002,2025,62
n,0.4745197511974226,69.0,2024-04-01,Farrukhabad,uEEwlAGZXWW,161,Kanpur Nagar Division,data_quality,0.4299735347029596,67.0,% of facilities reported outlier for the identified indicators of ranking,13,indicator_13,0.6501608854711632,39.0,159,3.8885815,data_quality,0.4299735347029596,67.0,3.8885815,2025,49
p,0.4745197511974226,69.0,2024-04-01,Farrukhabad,uEEwlAGZXWW,161,Kanpur Nagar Division,data_quality,0.4299735347029596,67.0,% of facilities reported non blank value (including zero) for the identified indicators of ranking,14,indicator_14,0.20978618393475595,74.0,159,87.65331666666668,data_quality,0.4299735347029596,67.0,87.65331666666668,2025,49
n,0.542268254809656,49.0,2024-04-01,Kannauj,IhQbDYRiF8w,161,Kanpur Nagar Division,data_quality,0.5091044607154824,60.0,% of facilities reported outlier for the identified indicators of ranking,13,indicator_13,0.3431189403277274,63.0,160,5.5562093333333324,data_quality,0.5091044607154824,60.0,5.5562093333333324,2025,73
p,0.542268254809656,49.0,2024-04-01,Kannauj,IhQbDYRiF8w,161,Kanpur Nagar Division,data_quality,0.5091044607154824,60.0,% of facilities reported non blank value (including zero) for the identified indicators of ranking,14,indicator_14,0.6750899811032374,50.0,160,94.82243916666664,data_quality,0.5091044607154824,60.0,94.82243916666664,2025,73
n,0.5623444787757099,33.0,2024-04-01,Sonbhadra,NNk3JP90QZ5,200,Mirzapur Division,data_quality,0.6676019483786384,37.0,% of facilities reported outlier for the identified indicators of ranking,13,indicator_13,0.5427138478727622,47.0,200,4.472155416666666,data_quality,0.6676019483786384,37.0,4.472155416666666,2025,74
p,0.5623444787757099,33.0,2024-04-01,Sonbhadra,NNk3JP90QZ5,200,Mirzapur Division,data_quality,0.6676019483786384,37.0,% of facilities reported non blank value (including zero) for the identified indicators of ranking,14,indicator_14,0.7924900488845146,33.0,200,96.63126916666668,data_quality,0.6676019483786384,37.0,96.63126916666668,2025,74
n,0.5784350936731679,24.0,2024-04-01,Jalaun,NL5xiiHZQSC,165,Jhansi Division,data_quality,0.9194750273056902,4.0,% of facilities reported outlier for the identified indicators of ranking,13,indicator_13,0.9290727023734244,3.0,165,2.373736,data_quality,0.9194750273056902,4.0,2.373736,2025,4
p,0.5784350936731679,24.0,2024-04-01,Jalaun,NL5xiiHZQSC,165,Jhansi Division,data_quality,0.9194750273056902,4.0,% of facilities reported non blank value (including zero) for the identified indicators of ranking,14,indicator_14,0.909877352237956,10.0,165,98.4399025,data_quality,0.9194750273056902,4.0,98.4399025,2025,4
n,0.5424159001461184,48.0,2024-04-01,Kanpur Dehat,k3D0AumUCiC,161,Kanpur Nagar Division,data_quality,0.8510914217823061,12.0,% of facilities reported outlier for the identified indicators of ranking,13,indicator_13,0.8180876343464455,17.0,163,2.9765259166666667,data_quality,0.8510914217823061,12.0,2.9765259166666667,2025,57
p,0.5424159001461184,48.0,2024-04-01,Kanpur Dehat,k3D0AumUCiC,161,Kanpur Nagar Division,data_quality,0.8510914217823061,12.0,% of facilities reported non blank value (including zero) for the identified indicators of ranking,14,indicator_14,0.8840952092181668,13.0,163,98.04266666666666,data_quality,0.8510914217823061,12.0,98.04266666666666,2025,57
n,0.4200162220284699,75.0,2024-04-01,Kanpur Nagar,QVMRMhzVrrS,161,Kanpur Nagar Division,data_quality,0.06772658852298892,75.0,% of facilities reported outlier for the identified indicators of ranking,13,indicator_13,0.13545317704597784,73.0,164,6.684098250000003,data_quality,0.06772658852298892,75.0,6.684098250000003,2025,65
p,0.4200162220284699,75.0,2024-04-01,Kanpur Nagar,QVMRMhzVrrS,161,Kanpur Nagar Division,data_quality,0.06772658852298892,75.0,% of facilities reported non blank value (including zero) for the identified indicators of ranking,14,indicator_14,0.0,75.0,164,84.42105666666667,data_quality,0.06772658852298892,75.0,84.42105666666667,2025,65
n,0.5191403836182813,60.0,2024-04-01,Deoria,Tf9b9qcbghH,188,Gorakhpur Division,data_quality,0.39706706332271824,68.0,% of facilities reported outlier for the identified indicators of ranking,13,indicator_13,0.2934796792862076,66.0,190,5.825813583333333,data_quality,0.39706706332271824,68.0,5.825813583333333,2025,19
p,0.5191403836182813,60.0,2024-04-01,Deoria,Tf9b9qcbghH,188,Gorakhpur Division,data_quality,0.39706706332271824,68.0,% of facilities reported non blank value (including zero) for the identified indicators of ranking,14,indicator_14,0.5006544473592288,64.0,190,92.13484083333331,data_quality,0.39706706332271824,68.0,92.13484083333331,2025,19
n,0.5767715411155179,26.0,2024-04-01,Jhansi,Mq751wBMqGF,165,Jhansi Division,data_quality,0.8973267185568494,5.0,% of facilities reported outlier for the identified indicators of ranking,13,indicator_13,0.9201840668186212,5.0,166,2.422012583333333,data_quality,0.8973267185568494,5.0,2.422012583333333,2025,25
p,0.5767715411155179,26.0,2024-04-01,Jhansi,Mq751wBMqGF,165,Jhansi Division,data_quality,0.8973267185568494,5.0,% of facilities reported non blank value (including zero) for the identified indicators of ranking,14,indicator_14,0.8744693702950779,16.0,166,97.8943575,data_quality,0.8973267185568494,5.0,97.8943575,2025,25
n,0.5274877206316235,57.0,2024-04-01,Lalitpur,fagfcadhxej,165,Jhansi Division,data_quality,0.8459382341038082,13.0,% of facilities reported outlier for the identified indicators of ranking,13,indicator_13,0.8265260376082976,14.0,167,2.9306946666666662,data_quality,0.8459382341038082,13.0,2.9306946666666662,2025,68
p,0.5274877206316235,57.0,2024-04-01,Lalitpur,fagfcadhxej,165,Jhansi Division,data_quality,0.8459382341038082,13.0,% of facilities reported non blank value (including zero) for the identified indicators of ranking,14,indicator_14,0.8653504305993188,18.0,167,97.75385833333333,data_quality,0.8459382341038082,13.0,97.75385833333333,2025,68
n,0.5671459100721504,31.0,2024-04-01,Gorakhpur,vR85cHdsw1w,188,Gorakhpur Division,data_quality,0.3269690034654105,72.0,% of facilities reported outlier for the identified indicators of ranking,13,indicator_13,0.28234187688899365,67.0,188,5.886305999999999,data_quality,0.3269690034654105,72.0,5.886305999999999,2025,45
p,0.5671459100721504,31.0,2024-04-01,Gorakhpur,vR85cHdsw1w,188,Gorakhpur Division,data_quality,0.3269690034654105,72.0,% of facilities reported non blank value (including zero) for the identified indicators of ranking,14,indicator_14,0.37159613004182734,71.0,188,90.1463875,data_quality,0.3269690034654105,72.0,90.1463875,2025,45
n,0.4524596511040513,72.0,2024-04-01,Kushinagar,xUeHwd9FQkg,188,Gorakhpur Division,data_quality,0.635023717917542,42.0,% of facilities reported outlier for the identified indicators of ranking,13,indicator_13,0.5363677574207815,49.0,189,4.50662275,data_quality,0.635023717917542,42.0,4.50662275,2025,9
p,0.4524596511040513,72.0,2024-04-01,Kushinagar,xUeHwd9FQkg,188,Gorakhpur Division,data_quality,0.635023717917542,42.0,% of facilities reported non blank value (including zero) for the identified indicators of ranking,14,indicator_14,0.7336796784143026,42.0,189,95.72515416666666,data_quality,0.635023717917542,42.0,95.72515416666666,2025,9
n,0.5484269738348473,45.0,2024-04-01,Bahraich,iE0E3nLioFr,182,Gonda Division,data_quality,0.6054940170004444,47.0,% of facilities reported outlier for the identified indicators of ranking,13,indicator_13,0.3256045911296536,65.0,180,5.6513345,data_quality,0.6054940170004444,47.0,5.6513345,2025,23
p,0.5484269738348473,45.0,2024-04-01,Bahraich,iE0E3nLioFr,182,Gonda Division,data_quality,0.6054940170004444,47.0,% of facilities reported non blank value (including zero) for the identified indicators of ranking,14,indicator_14,0.8853834428712352,12.0,180,98.062515,data_quality,0.6054940170004444,47.0,98.062515,2025,23
n,0.6739497173545453,3.0,2024-04-01,Maharajganj,AcnMkNGgc3S,188,Gorakhpur Division,data_quality,0.8649297891690888,10.0,% of facilities reported outlier for the identified indicators of ranking,13,indicator_13,0.8186357412235273,16.0,187,2.973549,data_quality,0.8649297891690888,10.0,2.973549,2025,10
p,0.6739497173545453,3.0,2024-04-01,Maharajganj,AcnMkNGgc3S,188,Gorakhpur Division,data_quality,0.8649297891690888,10.0,% of facilities reported non blank value (including zero) for the identified indicators of ranking,14,indicator_14,0.9112238371146504,9.0,187,98.46064833333332,data_quality,0.8649297891690888,10.0,98.46064833333332,2025,10
n,0.5596221328358881,34.0,2024-04-01,Balrampur,uS0pNSxN3sS,182,Gonda Division,data_quality,0.6917329410288554,33.0,% of facilities reported outlier for the identified indicators of ranking,13,indicator_13,0.5470226617483374,46.0,182,4.448753083333332,data_quality,0.6917329410288554,33.0,4.448753083333332,2025,72
p,0.5596221328358881,34.0,2024-04-01,Balrampur,uS0pNSxN3sS,182,Gonda Division,data_quality,0.6917329410288554,33.0,% of facilities reported non blank value (including zero) for the identified indicators of ranking,14,indicator_14,0.8364432203093735,24.0,182,97.30847333333334,data_quality,0.6917329410288554,33.0,97.30847333333334,2025,72
n,0.5267880464007263,58.0,2024-04-01,Gonda,y8WarEkWCul,182,Gonda Division,data_quality,0.7388188239990747,31.0,% of facilities reported outlier for the identified indicators of ranking,13,indicator_13,0.716252021760716,33.0,183,3.529622666666667,data_quality,0.7388188239990747,31.0,3.529622666666667,2025,2
p,0.5267880464007263,58.0,2024-04-01,Gonda,y8WarEkWCul,182,Gonda Division,data_quality,0.7388188239990747,31.0,% of facilities reported non blank value (including zero) for the identified indicators of ranking,14,indicator_14,0.7613856262374334,36.0,183,96.15203083333334,data_quality,0.7388188239990747,31.0,96.15203083333334,2025,2
n,0.5352828872474538,52.0,2024-04-01,Banda,DggJGxqbWHn,170,Chitrakoot Division,data_quality,0.8204305926645554,17.0,% of facilities reported outlier for the identified indicators of ranking,13,indicator_13,0.7221572853312634,31.0,170,3.497549583333333,data_quality,0.8204305926645554,17.0,3.497549583333333,2025,47
p,0.5352828872474538,52.0,2024-04-01,Banda,DggJGxqbWHn,170,Chitrakoot Division,data_quality,0.8204305926645554,17.0,% of facilities reported non blank value (including zero) for the identified indicators of ranking,14,indicator_14,0.9187038999978474,8.0,170,98.57589666666668,data_quality,0.8204305926645554,17.0,98.57589666666668,2025,47
n,0.5591508712441574,37.0,2024-04-01,Chitrakoot,i2fSZZ3QAJJ,170,Chitrakoot Division,data_quality,0.7487171261318373,28.0,% of facilities reported outlier for the identified indicators of ranking,13,indicator_13,0.8532220170403656,11.0,171,2.785701583333333,data_quality,0.7487171261318373,28.0,2.785701583333333,2025,38
p,0.5591508712441574,37.0,2024-04-01,Chitrakoot,i2fSZZ3QAJJ,170,Chitrakoot Division,data_quality,0.7487171261318373,28.0,% of facilities reported non blank value (including zero) for the identified indicators of ranking,14,indicator_14,0.6442122352233088,54.0,171,94.34669333333332,data_quality,0.7487171261318373,28.0,94.34669333333332,2025,38
n,0.589496925025891,18.0,2024-04-01,Hamirpur,VSI7HobT5qL,170,Chitrakoot Division,data_quality,0.9412470424117594,2.0,% of facilities reported outlier for the identified indicators of ranking,13,indicator_13,1.0,1.0,168,1.9885106666666668,data_quality,0.9412470424117594,2.0,1.9885106666666668,2025,36
p,0.589496925025891,18.0,2024-04-01,Hamirpur,VSI7HobT5qL,170,Chitrakoot Division,data_quality,0.9412470424117594,2.0,% of facilities reported non blank value (including zero) for the identified indicators of ranking,14,indicator_14,0.8824940848235187,14.0,168,98.01799750000002,data_quality,0.9412470424117594,2.0,98.01799750000002,2025,36
n,0.6812427573625578,2.0,2024-04-01,Shrawasti,oyTwneTbWDx,182,Gonda Division,data_quality,0.6604719253748466,39.0,% of facilities reported outlier for the identified indicators of ranking,13,indicator_13,0.43919646331977735,56.0,181,5.034386325,data_quality,0.6604719253748466,39.0,5.034386325,2025,18
p,0.6812427573625578,2.0,2024-04-01,Shrawasti,oyTwneTbWDx,182,Gonda Division,data_quality,0.6604719253748466,39.0,% of facilities reported non blank value (including zero) for the identified indicators of ranking,14,indicator_14,0.8817473874299157,15.0,181,98.00649283333333,data_quality,0.6604719253748466,39.0,98.00649283333333,2025,18
n,0.5449563328045044,47.0,2024-04-01,Basti,J1P16zQEOUT,185,Basti Division,data_quality,0.6623685766694674,38.0,% of facilities reported outlier for the identified indicators of ranking,13,indicator_13,0.7320929902143061,30.0,185,3.4435860833333334,data_quality,0.6623685766694674,38.0,3.4435860833333334,2025,71
p,0.5449563328045044,47.0,2024-04-01,Basti,J1P16zQEOUT,185,Basti Division,data_quality,0.6623685766694674,38.0,% of facilities reported non blank value (including zero) for the identified indicators of ranking,14,indicator_14,0.5926441631246285,56.0,185,93.55216333333334,data_quality,0.6623685766694674,38.0,93.55216333333334,2025,71
n,0.5341843306545053,53.0,2024-04-01,Sant Kabir Nagar,fe1yBApr2sl,185,Basti Division,data_quality,0.2899711524103249,73.0,% of facilities reported outlier for the identified indicators of ranking,13,indicator_13,0.03992187524573152,74.0,186,7.202954583333335,data_quality,0.2899711524103249,73.0,7.202954583333335,2025,11
p,0.5341843306545053,53.0,2024-04-01,Sant Kabir Nagar,fe1yBApr2sl,185,Basti Division,data_quality,0.2899711524103249,73.0,% of facilities reported non blank value (including zero) for the identified indicators of ranking,14,indicator_14,0.5400204295749182,60.0,186,92.74136833333333,data_quality,0.2899711524103249,73.0,92.74136833333333,2025,11
n,0.550518803872309,44.0,2024-04-01,Siddharth Nagar,cP0p8qfm3il,185,Basti Division,data_quality,0.4420666614171579,66.0,% of facilities reported outlier for the identified indicators of ranking,13,indicator_13,0.1524623651203765,72.0,184,6.591716750000002,data_quality,0.4420666614171579,66.0,6.591716750000002,2025,1
p,0.550518803872309,44.0,2024-04-01,Siddharth Nagar,cP0p8qfm3il,185,Basti Division,data_quality,0.4420666614171579,66.0,% of facilities reported non blank value (including zero) for the identified indicators of ranking,14,indicator_14,0.7316709577139393,43.0,184,95.694205,data_quality,0.4420666614171579,66.0,95.694205,2025,1
n,0.5421603225167413,50.0,2024-04-01,Mahoba,sUQMxIc3yXj,170,Chitrakoot Division,data_quality,0.7690921840522431,27.0,% of facilities reported outlier for the identified indicators of ranking,13,indicator_13,0.7199187206737773,32.0,169,3.509707833333333,data_quality,0.7690921840522431,27.0,3.509707833333333,2025,42
p,0.5421603225167413,50.0,2024-04-01,Mahoba,sUQMxIc3yXj,170,Chitrakoot Division,data_quality,0.7690921840522431,27.0,% of facilities reported non blank value (including zero) for the identified indicators of ranking,14,indicator_14,0.8182656474307088,27.0,169,97.02840416666665,data_quality,0.7690921840522431,27.0,97.02840416666665,2025,42
n,0.5581541115142588,39.0,2024-04-01,Budaun,eA37kyBRRuZ,150,Bareilly Division,data_quality,0.6573096421073117,40.0,% of facilities reported outlier for the identified indicators of ranking,13,indicator_13,0.5926647333661731,42.0,149,4.20085865,data_quality,0.6573096421073117,40.0,4.20085865,2025,58
p,0.5581541115142588,39.0,2024-04-01,Budaun,eA37kyBRRuZ,150,Bareilly Division,data_quality,0.6573096421073117,40.0,% of facilities reported non blank value (including zero) for the identified indicators of ranking,14,indicator_14,0.7219545508484504,47.0,149,95.54450041666666,data_quality,0.6573096421073117,40.0,95.54450041666666,2025,58
n,0.4608912324526916,71.0,2024-04-01,Bareilly,vVqY3DPcpHf,150,Bareilly Division,data_quality,0.4506701146861892,64.0,% of facilities reported outlier for the identified indicators of ranking,13,indicator_13,0.4814028854053405,52.0,150,4.805151833333333,data_quality,0.4506701146861892,64.0,4.805151833333333,2025,56
p,0.4608912324526916,71.0,2024-04-01,Bareilly,vVqY3DPcpHf,150,Bareilly Division,data_quality,0.4506701146861892,64.0,% of facilities reported non blank value (including zero) for the identified indicators of ranking,14,indicator_14,0.41993734396703797,70.0,150,90.89119999999998,data_quality,0.4506701146861892,64.0,90.89119999999998,2025,56
n,0.4644644028799839,70.0,2024-04-01,Azamgarh,NjckKfm3g0k,193,Azamgarh Division,data_quality,0.5651417125864354,56.0,% of facilities reported outlier for the identified indicators of ranking,13,indicator_13,0.40780604660557856,59.0,191,5.204876166666667,data_quality,0.5651417125864354,56.0,5.204876166666667,2025,14
p,0.4644644028799839,70.0,2024-04-01,Azamgarh,NjckKfm3g0k,193,Azamgarh Division,data_quality,0.5651417125864354,56.0,% of facilities reported non blank value (including zero) for the identified indicators of ranking,14,indicator_14,0.7224773785672923,46.0,191,95.55255583333332,data_quality,0.5651417125864354,56.0,95.55255583333332,2025,14
n,0.5869440701074514,21.0,2024-04-01,Pilibhit,c96jwckSd6j,150,Bareilly Division,data_quality,0.7935225742584635,24.0,% of facilities reported outlier for the identified indicators of ranking,13,indicator_13,0.7541178249502553,26.0,151,3.3239632500000003,data_quality,0.7935225742584635,24.0,3.3239632500000003,2025,29
p,0.5869440701074514,21.0,2024-04-01,Pilibhit,c96jwckSd6j,150,Bareilly Division,data_quality,0.7935225742584635,24.0,% of facilities reported non blank value (including zero) for the identified indicators of ranking,14,indicator_14,0.8329273235666717,25.0,151,97.2543025,data_quality,0.7935225742584635,24.0,97.2543025,2025,29
n,0.4413655797953704,73.0,2024-04-01,Shahjahanpur,GaiLSoQq1ue,150,Bareilly Division,data_quality,0.4460831178769775,65.0,% of facilities reported outlier for the identified indicators of ranking,13,indicator_13,0.4537788849125154,55.0,152,4.95518525,data_quality,0.4460831178769775,65.0,4.95518525,2025,28
p,0.4413655797953704,73.0,2024-04-01,Shahjahanpur,GaiLSoQq1ue,150,Bareilly Division,data_quality,0.4460831178769775,65.0,% of facilities reported non blank value (including zero) for the identified indicators of ranking,14,indicator_14,0.4383873508414397,69.0,152,91.17546666666664,data_quality,0.4460831178769775,65.0,91.17546666666664,2025,28
n,0.5374218332300834,51.0,2024-04-01,Ballia,oNDvGBE5fLq,193,Azamgarh Division,data_quality,0.8456319969421497,14.0,% of facilities reported outlier for the identified indicators of ranking,13,indicator_13,0.8872214887723091,8.0,193,2.6010412583333338,data_quality,0.8456319969421497,14.0,2.6010412583333338,2025,5
p,0.5374218332300834,51.0,2024-04-01,Ballia,oNDvGBE5fLq,193,Azamgarh Division,data_quality,0.8456319969421497,14.0,% of facilities reported non blank value (including zero) for the identified indicators of ranking,14,indicator_14,0.8040425051119904,29.0,193,96.8092625,data_quality,0.8456319969421497,14.0,96.8092625,2025,5
n,0.6116381955299011,9.0,2024-04-01,Maunathbhanjan,CBSB9v92AwT,193,Azamgarh Division,data_quality,0.5572893326079569,59.0,% of facilities reported outlier for the identified indicators of ranking,13,indicator_13,0.3593539847836399,62.0,192,5.4680324166666665,data_quality,0.5572893326079569,59.0,5.4680324166666665,2025,6
p,0.6116381955299011,9.0,2024-04-01,Maunathbhanjan,CBSB9v92AwT,193,Azamgarh Division,data_quality,0.5572893326079569,59.0,% of facilities reported non blank value (including zero) for the identified indicators of ranking,14,indicator_14,0.7552246804322741,39.0,192,96.05710666666668,data_quality,0.5572893326079569,59.0,96.05710666666668,2025,6
n,0.5659874395342622,32.0,2024-04-01,Aligarh,frD2HOp3wAs,201,Alligarh Division,data_quality,0.8047593495307956,23.0,% of facilities reported outlier for the identified indicators of ranking,13,indicator_13,0.7608431544829634,24.0,143,3.2874361666666667,data_quality,0.8047593495307956,23.0,3.2874361666666667,2025,44
p,0.5659874395342622,32.0,2024-04-01,Aligarh,frD2HOp3wAs,201,Alligarh Division,data_quality,0.8047593495307956,23.0,% of facilities reported non blank value (including zero) for the identified indicators of ranking,14,indicator_14,0.8486755445786279,21.0,143,97.49694166666666,data_quality,0.8047593495307956,23.0,97.49694166666666,2025,44
n,0.5755668338778137,27.0,2024-04-01,Etah,ZLcx4iOVyN5,201,Alligarh Division,data_quality,0.5867481281473088,52.0,% of facilities reported outlier for the identified indicators of ranking,13,indicator_13,0.2361990200420417,69.0,201,6.136920333333335,data_quality,0.5867481281473088,52.0,6.136920333333335,2025,21
p,0.5755668338778137,27.0,2024-04-01,Etah,ZLcx4iOVyN5,201,Alligarh Division,data_quality,0.5867481281473088,52.0,% of facilities reported non blank value (including zero) for the identified indicators of ranking,14,indicator_14,0.9372972362525758,5.0,201,98.86237166666666,data_quality,0.5867481281473088,52.0,98.86237166666666,2025,21
n,0.6987629938093617,1.0,2024-04-01,Hathras,m1IAjmqkoFC,201,Alligarh Division,data_quality,0.8730642518357158,7.0,% of facilities reported outlier for the identified indicators of ranking,13,indicator_13,0.7626045134160983,23.0,144,3.27786975,data_quality,0.8730642518357158,7.0,3.27786975,2025,48
p,0.6987629938093617,1.0,2024-04-01,Hathras,m1IAjmqkoFC,201,Alligarh Division,data_quality,0.8730642518357158,7.0,% of facilities reported non blank value (including zero) for the identified indicators of ranking,14,indicator_14,0.9835239902553332,2.0,144,99.57460583333334,data_quality,0.8730642518357158,7.0,99.57460583333334,2025,48
n,0.5725947561862151,28.0,2024-04-01,Kasganj,hITp09XOBLZ,201,Alligarh Division,data_quality,0.9614984339529524,1.0,% of facilities reported outlier for the identified indicators of ranking,13,indicator_13,0.9229968679059052,4.0,202,2.4067354999999995,data_quality,0.9614984339529524,1.0,2.4067354999999995,2025,70
p,0.5725947561862151,28.0,2024-04-01,Kasganj,hITp09XOBLZ,201,Alligarh Division,data_quality,0.9614984339529524,1.0,% of facilities reported non blank value (including zero) for the identified indicators of ranking,14,indicator_14,1.0,1.0,202,99.82845833333332,data_quality,0.9614984339529524,1.0,99.82845833333332,2025,70
n,0.5591528128775256,36.0,2024-04-01,Bagpat,HJIS3IrQ0Nj,140,Meerut Division,data_quality,0.7423991434429313,30.0,% of facilities reported outlier for the identified indicators of ranking,13,indicator_13,0.5846183409053545,44.0,139,4.244560783333333,data_quality,0.7423991434429313,30.0,4.244560783333333,2025,66
p,0.5591528128775256,36.0,2024-04-01,Bagpat,HJIS3IrQ0Nj,140,Meerut Division,data_quality,0.7423991434429313,30.0,% of facilities reported non blank value (including zero) for the identified indicators of ranking,14,indicator_14,0.9001799459805082,11.0,139,98.29049066666666,data_quality,0.7423991434429313,30.0,98.29049066666666,2025,66
n,0.4759075894942065,68.0,2024-04-01,Bulandshahar,ogBt4gWCiem,140,Meerut Division,data_quality,0.4618143850383342,62.0,% of facilities reported outlier for the identified indicators of ranking,13,indicator_13,0.3820709841597065,60.0,142,5.344650250000001,data_quality,0.4618143850383342,62.0,5.344650250000001,2025,52
p,0.4759075894942065,68.0,2024-04-01,Bulandshahar,ogBt4gWCiem,140,Meerut Division,data_quality,0.4618143850383342,62.0,% of facilities reported non blank value (including zero) for the identified indicators of ranking,14,indicator_14,0.5415577859169618,59.0,142,92.76505499999998,data_quality,0.4618143850383342,62.0,92.76505499999998,2025,52
n,0.5101267797734289,63.0,2024-04-01,Gautam Buddha Nagar,bNmwkrQeP3e,140,Meerut Division,data_quality,0.5666439108305119,55.0,% of facilities reported outlier for the identified indicators of ranking,13,indicator_13,0.5581529919833825,45.0,141,4.3883012500000005,data_quality,0.5666439108305119,55.0,4.3883012500000005,2025,35
p,0.5101267797734289,63.0,2024-04-01,Gautam Buddha Nagar,bNmwkrQeP3e,140,Meerut Division,data_quality,0.5666439108305119,55.0,% of facilities reported non blank value (including zero) for the identified indicators of ranking,14,indicator_14,0.5751348296776413,57.0,141,93.28239,data_quality,0.5666439108305119,55.0,93.28239,2025,35
n,0.4892520607983008,65.0,2024-04-01,Ghaziabad,M5NHlfAaKYI,140,Meerut Division,data_quality,0.2654617785975376,74.0,% of facilities reported outlier for the identified indicators of ranking,13,indicator_13,0.0,75.0,140,7.419781083333333,data_quality,0.2654617785975376,74.0,7.419781083333333,2025,39
p,0.4892520607983008,65.0,2024-04-01,Ghaziabad,M5NHlfAaKYI,140,Meerut Division,data_quality,0.2654617785975376,74.0,% of facilities reported non blank value (including zero) for the identified indicators of ranking,14,indicator_14,0.5309235571950751,61.0,140,92.60120916666666,data_quality,0.2654617785975376,74.0,92.60120916666666,2025,39
n,0.550989860541474,43.0,2024-04-01,Hapur,CZ8kLjgqvSH,140,Meerut Division,data_quality,0.8090880328791309,22.0,% of facilities reported outlier for the identified indicators of ranking,13,indicator_13,0.7728474515132241,21.0,204,3.222237583333333,data_quality,0.8090880328791309,22.0,3.222237583333333,2025,46
p,0.550989860541474,43.0,2024-04-01,Hapur,CZ8kLjgqvSH,140,Meerut Division,data_quality,0.8090880328791309,22.0,% of facilities reported non blank value (including zero) for the identified indicators of ranking,14,indicator_14,0.8453286142450377,23.0,204,97.44537416666668,data_quality,0.8090880328791309,22.0,97.44537416666668,2025,46
n,0.4775456358346542,66.0,2024-04-01,Meerut,v8YGmR7nOdj,140,Meerut Division,data_quality,0.5952910433098919,50.0,% of facilities reported outlier for the identified indicators of ranking,13,indicator_13,0.8204857227617632,15.0,138,2.96350125,data_quality,0.5952910433098919,50.0,2.96350125,2025,30
p,0.4775456358346542,66.0,2024-04-01,Meerut,v8YGmR7nOdj,140,Meerut Division,data_quality,0.5952910433098919,50.0,% of facilities reported non blank value (including zero) for the identified indicators of ranking,14,indicator_14,0.3700963638580206,72.0,138,90.12328,data_quality,0.5952910433098919,50.0,90.12328,2025,30
n,0.5322185522628426,54.0,2024-04-01,Hardoi,MTIkUw5q5pX,155,Lucknow Division,data_quality,0.6425962678104906,41.0,% of facilities reported outlier for the identified indicators of ranking,13,indicator_13,0.7711006072934593,22.0,155,3.2317251666666666,data_quality,0.6425962678104906,41.0,3.2317251666666666,2025,64
p,0.5322185522628426,54.0,2024-04-01,Hardoi,MTIkUw5q5pX,155,Lucknow Division,data_quality,0.6425962678104906,41.0,% of facilities reported non blank value (including zero) for the identified indicators of ranking,14,indicator_14,0.5140919283275219,62.0,155,92.3418775,data_quality,0.6425962678104906,41.0,92.3418775,2025,64
n,0.6064344654475355,10.0,2024-04-01,Lakhimpur Kheri,d9ZuMopgX29,155,Lucknow Division,data_quality,0.8098440310693613,21.0,% of facilities reported outlier for the identified indicators of ranking,13,indicator_13,0.7561593209200826,25.0,153,3.312875333333333,data_quality,0.8098440310693613,21.0,3.312875333333333,2025,22
p,0.6064344654475355,10.0,2024-04-01,Lakhimpur Kheri,d9ZuMopgX29,155,Lucknow Division,data_quality,0.8098440310693613,21.0,% of facilities reported non blank value (including zero) for the identified indicators of ranking,14,indicator_14,0.8635287412186401,19.0,153,97.7257908333333,data_quality,0.8098440310693613,21.0,97.7257908333333,2025,22
n,0.5949835888325938,15.0,2024-04-01,Amethi,StsLkYw1G0m,176,Ayodhya Division,data_quality,0.8204302770688107,18.0,% of facilities reported outlier for the identified indicators of ranking,13,indicator_13,0.9040637591772764,6.0,206,2.5095663333333333,data_quality,0.8204302770688107,18.0,2.5095663333333333,2025,75
p,0.5949835888325938,15.0,2024-04-01,Amethi,StsLkYw1G0m,176,Ayodhya Division,data_quality,0.8204302770688107,18.0,% of facilities reported non blank value (including zero) for the identified indicators of ranking,14,indicator_14,0.7367967949603449,41.0,206,95.77318083333334,data_quality,0.8204302770688107,18.0,95.77318083333334,2025,75
n,0.476805332758349,67.0,2024-04-01,Lucknow,MfHac5N78aK,155,Lucknow Division,data_quality,0.37445054319839294,69.0,% of facilities reported outlier for the identified indicators of ranking,13,indicator_13,0.43078250031894805,57.0,157,5.080084833333332,data_quality,0.37445054319839294,69.0,5.080084833333332,2025,53
p,0.476805332758349,67.0,2024-04-01,Lucknow,MfHac5N78aK,155,Lucknow Division,data_quality,0.37445054319839294,69.0,% of facilities reported non blank value (including zero) for the identified indicators of ranking,14,indicator_14,0.3181185860778379,73.0,157,89.32243749999998,data_quality,0.37445054319839294,69.0,89.32243749999998,2025,53
n,0.5771267356202998,25.0,2024-04-01,Rae Bareli,lLvTDpBDY8u,155,Lucknow Division,data_quality,0.8920274527293347,6.0,% of facilities reported outlier for the identified indicators of ranking,13,indicator_13,0.8509565710109721,12.0,158,2.7980058333333333,data_quality,0.8920274527293347,6.0,2.7980058333333333,2025,59
p,0.5771267356202998,25.0,2024-04-01,Rae Bareli,lLvTDpBDY8u,155,Lucknow Division,data_quality,0.8920274527293347,6.0,% of facilities reported non blank value (including zero) for the identified indicators of ranking,14,indicator_14,0.9330983344476972,6.0,158,98.7976775,data_quality,0.8920274527293347,6.0,98.7976775,2025,59
n,0.5515181279073011,42.0,2024-04-01,Sitapur,XxaOowFtkiJ,155,Lucknow Division,data_quality,0.6334419588549699,44.0,% of facilities reported outlier for the identified indicators of ranking,13,indicator_13,0.5426925361001712,48.0,154,4.472271166666666,data_quality,0.6334419588549699,44.0,4.472271166666666,2025,60
p,0.5515181279073011,42.0,2024-04-01,Sitapur,XxaOowFtkiJ,155,Lucknow Division,data_quality,0.6334419588549699,44.0,% of facilities reported non blank value (including zero) for the identified indicators of ranking,14,indicator_14,0.7241913816097686,45.0,154,95.57896416666664,data_quality,0.6334419588549699,44.0,95.57896416666664,2025,60
n,0.6447240295795384,5.0,2024-04-01,Unnav,aT03mfdlNiF,155,Lucknow Division,data_quality,0.9220320022526248,3.0,% of facilities reported outlier for the identified indicators of ranking,13,indicator_13,0.998116634621013,2.0,156,1.9987397333333328,data_quality,0.9220320022526248,3.0,1.9987397333333328,2025,7
p,0.6447240295795384,5.0,2024-04-01,Unnav,aT03mfdlNiF,155,Lucknow Division,data_quality,0.9220320022526248,3.0,% of facilities reported non blank value (including zero) for the identified indicators of ranking,14,indicator_14,0.8459473698842368,22.0,156,97.45490758333334,data_quality,0.9220320022526248,3.0,97.45490758333334,2025,7
n,0.5123431041777148,61.0,2024-04-01,Fatehpur,ibLiLcaKzw2,172,Prayagraj Division,data_quality,0.8520305472339443,11.0,% of facilities reported outlier for the identified indicators of ranking,13,indicator_13,0.8537798822236877,10.0,172,2.782671666666667,data_quality,0.8520305472339443,11.0,2.782671666666667,2025,16
p,0.5123431041777148,61.0,2024-04-01,Fatehpur,ibLiLcaKzw2,172,Prayagraj Division,data_quality,0.8520305472339443,11.0,% of facilities reported non blank value (including zero) for the identified indicators of ranking,14,indicator_14,0.8502812122442008,20.0,172,97.52168083333332,data_quality,0.8520305472339443,11.0,97.52168083333332,2025,16
n,0.5551639071787275,40.0,2024-04-01,Ambedkar Nagar,jM27ji8tyrM,176,Ayodhya Division,data_quality,0.8388713285576509,16.0,% of facilities reported outlier for the identified indicators of ranking,13,indicator_13,0.8933993420354615,7.0,178,2.567487666666667,data_quality,0.8388713285576509,16.0,2.567487666666667,2025,8
p,0.5551639071787275,40.0,2024-04-01,Ambedkar Nagar,jM27ji8tyrM,176,Ayodhya Division,data_quality,0.8388713285576509,16.0,% of facilities reported non blank value (including zero) for the identified indicators of ranking,14,indicator_14,0.7843433150798407,35.0,178,96.50574916666666,data_quality,0.8388713285576509,16.0,96.50574916666666,2025,8
n,0.44101124253784413,74.0,2024-04-01,Ayodhya,b4XkXzoGqFY,176,Ayodhya Division,data_quality,0.5734966069655276,53.0,% of facilities reported outlier for the identified indicators of ranking,13,indicator_13,0.6932075821118893,35.0,177,3.65478325,data_quality,0.5734966069655276,53.0,3.65478325,2025,69
p,0.44101124253784413,74.0,2024-04-01,Ayodhya,b4XkXzoGqFY,176,Ayodhya Division,data_quality,0.5734966069655276,53.0,% of facilities reported non blank value (including zero) for the identified indicators of ranking,14,indicator_14,0.4537856318191661,68.0,177,91.41271416666667,data_quality,0.5734966069655276,53.0,91.41271416666667,2025,69
n,0.5320743062191751,55.0,2024-04-01,Barabanki,tzH6nJu9SwS,176,Ayodhya Division,data_quality,0.5900343816414726,51.0,% of facilities reported outlier for the identified indicators of ranking,13,indicator_13,0.7076191581635021,34.0,176,3.576510083333333,data_quality,0.5900343816414726,51.0,3.576510083333333,2025,41
p,0.5320743062191751,55.0,2024-04-01,Barabanki,tzH6nJu9SwS,176,Ayodhya Division,data_quality,0.5900343816414726,51.0,% of facilities reported non blank value (including zero) for the identified indicators of ranking,14,indicator_14,0.4724496051194431,67.0,176,91.70027749999998,data_quality,0.5900343816414726,51.0,91.70027749999998,2025,41
n,0.5542199292006329,41.0,2024-04-01,Sultanpur,o4ZQTVcMI7U,176,Ayodhya Division,data_quality,0.6742268097199708,35.0,% of facilities reported outlier for the identified indicators of ranking,13,indicator_13,0.6839126266422166,37.0,179,3.7052666666666663,data_quality,0.6742268097199708,35.0,3.7052666666666663,2025,40
p,0.5542199292006329,41.0,2024-04-01,Sultanpur,o4ZQTVcMI7U,176,Ayodhya Division,data_quality,0.6742268097199708,35.0,% of facilities reported non blank value (including zero) for the identified indicators of ranking,14,indicator_14,0.6645409927977249,51.0,179,94.65990666666666,data_quality,0.6742268097199708,35.0,94.65990666666666,2025,40
n,0.568057119069946,30.0,2024-04-01,Kaushambi,PAj0oVY0Dxu,172,Prayagraj Division,data_quality,0.7178495122821366,32.0,% of facilities reported outlier for the identified indicators of ranking,13,indicator_13,0.7321569715618254,29.0,174,3.443238583333333,data_quality,0.7178495122821366,32.0,3.443238583333333,2025,63
p,0.568057119069946,30.0,2024-04-01,Kaushambi,PAj0oVY0Dxu,172,Prayagraj Division,data_quality,0.7178495122821366,32.0,% of facilities reported non blank value (including zero) for the identified indicators of ranking,14,indicator_14,0.7035420530024478,49.0,174,95.26081166666668,data_quality,0.7178495122821366,32.0,95.26081166666668,2025,63
n,0.4906042308518065,64.0,2024-04-01,Pratapgarh,fz7bJo3egPX,172,Prayagraj Division,data_quality,0.4941654977004524,61.0,% of facilities reported outlier for the identified indicators of ranking,13,indicator_13,0.5082094282883016,50.0,173,4.659558250000001,data_quality,0.4941654977004524,61.0,4.659558250000001,2025,3
p,0.4906042308518065,64.0,2024-04-01,Pratapgarh,fz7bJo3egPX,172,Prayagraj Division,data_quality,0.4941654977004524,61.0,% of facilities reported non blank value (including zero) for the identified indicators of ranking,14,indicator_14,0.4801215671126032,65.0,173,91.8184825,data_quality,0.4941654977004524,61.0,91.8184825,2025,3
n,0.636518777954378,6.0,2024-04-01,Prayagraj,tXgaew1Pd2Y,172,Prayagraj Division,data_quality,0.7932821185784076,25.0,% of facilities reported outlier for the identified indicators of ranking,13,indicator_13,0.7735448236519863,20.0,175,3.218449966666667,data_quality,0.7932821185784076,25.0,3.218449966666667,2025,34
p,0.636518777954378,6.0,2024-04-01,Prayagraj,tXgaew1Pd2Y,172,Prayagraj Division,data_quality,0.7932821185784076,25.0,% of facilities reported non blank value (including zero) for the identified indicators of ranking,14,indicator_14,0.8130194135048291,28.0,175,96.94757333333332,data_quality,0.7932821185784076,25.0,96.94757333333332,2025,34
n,0.5870599186123565,20.0,2024-04-01,Agra,N5WWbRtsjWp,146,Agra Division,data_quality,0.6039238206517368,49.0,% of facilities reported outlier for the identified indicators of ranking,13,indicator_13,0.40834629773927206,58.0,146,5.201941916666667,data_quality,0.6039238206517368,49.0,5.201941916666667,2025,12
p,0.5870599186123565,20.0,2024-04-01,Agra,N5WWbRtsjWp,146,Agra Division,data_quality,0.6039238206517368,49.0,% of facilities reported non blank value (including zero) for the identified indicators of ranking,14,indicator_14,0.7995013435642015,30.0,146,96.73929499999998,data_quality,0.6039238206517368,49.0,96.73929499999998,2025,12
n,0.5471110645452506,46.0,2024-04-01,Firozabad,eJTsuE56XDF,146,Agra Division,data_quality,0.3388642229751769,71.0,% of facilities reported outlier for the identified indicators of ranking,13,indicator_13,0.17032469920136115,71.0,147,6.494701583333333,data_quality,0.3388642229751769,71.0,6.494701583333333,2025,27
p,0.5471110645452506,46.0,2024-04-01,Firozabad,eJTsuE56XDF,146,Agra Division,data_quality,0.3388642229751769,71.0,% of facilities reported non blank value (including zero) for the identified indicators of ranking,14,indicator_14,0.5074037467489926,63.0,147,92.23883,data_quality,0.3388642229751769,71.0,92.23883,2025,27
n,0.5795654037427044,23.0,2024-04-01,Mainpuri,XBLhrSWGytu,146,Agra Division,data_quality,0.8722037066310553,8.0,% of facilities reported outlier for the identified indicators of ranking,13,indicator_13,0.800018780136538,19.0,148,3.07466275,data_quality,0.8722037066310553,8.0,3.07466275,2025,43
p,0.5795654037427044,23.0,2024-04-01,Mainpuri,XBLhrSWGytu,146,Agra Division,data_quality,0.8722037066310553,8.0,% of facilities reported non blank value (including zero) for the identified indicators of ranking,14,indicator_14,0.9443886331255726,4.0,148,98.97163166666668,data_quality,0.8722037066310553,8.0,98.97163166666668,2025,43
n,0.5298284665619208,56.0,2024-04-01,Mathura,KP2BUB1npih,146,Agra Division,data_quality,0.5618356675477716,58.0,% of facilities reported outlier for the identified indicators of ranking,13,indicator_13,0.4696826839699643,53.0,145,4.868807416666667,data_quality,0.5618356675477716,58.0,4.868807416666667,2025,24
p,0.5298284665619208,56.0,2024-04-01,Mathura,KP2BUB1npih,146,Agra Division,data_quality,0.5618356675477716,58.0,% of facilities reported non blank value (including zero) for the identified indicators of ranking,14,indicator_14,0.6539886511255789,53.0,145,94.4973225,data_quality,0.5618356675477716,58.0,94.4973225,2025,24
