calc_type,composite_index,composite_rank,date,district_name,district_id,div_map_id,division,domain_name,domain_index,domain_rank,indicator_name,indicator_id,indicator_ids,indicator_index,indicator_rank,map_id,perc_point,quarter,type_name,type_index,type_rank,value,year,district_id_num
p,0.603775793574442,14.0,2025-01-01,Agra,N5WWbRtsjWp,146,Agra Division,ante_natal,1.0,1.0,% of pregnant women received 4 or more ANC and tested for Hb against estimated PW,1,indicator_1,1.0,1.0,146,100.0,4,coverage,6.189213259325186,3.0,100.0,2025,12
p,0.603775793574442,14.0,2025-01-01,Agra,N5WWbRtsjWp,146,Agra Division,delivery_care,0.7237365724048125,11.0,% of pregnant women delivered in institution against estimated delivery,2,indicator_2,0.7724579930580324,5.0,146,88.03723770975037,4,coverage,6.189213259325186,3.0,88.03723770975037,2025,12
n,0.603775793574442,14.0,2025-01-01,Agra,N5WWbRtsjWp,146,Agra Division,delivery_care,0.7237365724048125,11.0,Still birth ratio,4,indicator_4,0.8259659098242756,34.0,146,3.333477639724664,4,quality,1.381891262639389,32.0,3.333477639724664,2025,12
p,0.603775793574442,14.0,2025-01-01,Agra,N5WWbRtsjWp,146,Agra Division,delivery_care,0.7237365724048125,11.0,% of C-section delivery against reported delivery (70% weightage to CHC),31,indicator_31,0.2863929071660648,33.0,146,1.0707844905320107,4,quality,1.381891262639389,32.0,11.903519969952637,2025,12
p,0.603775793574442,14.0,2025-01-01,Agra,N5WWbRtsjWp,146,Agra Division,delivery_care,0.7237365724048125,11.0,% of C-section delivery against reported delivery (30% to DH),32,indicator_32,0.2863929071660648,33.0,146,37.17990275526743,4,quality,1.381891262639389,32.0,11.903519969952637,2025,12
p,0.603775793574442,14.0,2025-01-01,Agra,N5WWbRtsjWp,146,Agra Division,post_natal_care,1.0,1.0,% of newborns received HBNC visits (Institutional Delivery and Home Delivery),5,indicator_5,1.0,1.0,146,100.0,4,coverage,6.189213259325186,3.0,100.0,2025,12
p,0.603775793574442,14.0,2025-01-01,Agra,N5WWbRtsjWp,146,Agra Division,immunization,0.5271537829740824,59.0,"% of children received full immunization (BCG, Penta 1, 2, 3, Measles)",7,indicator_7,0.7847751202991157,26.0,146,93.85566180164386,4,coverage,6.189213259325186,3.0,93.85566180164386,2025,12
p,0.603775793574442,14.0,2025-01-01,Agra,N5WWbRtsjWp,146,Agra Division,immunization,0.5271537829740824,59.0,Ratio of Pentavalent 3 to BCG,6,indicator_6,0.2695324456490491,37.0,146,1.0235920852359208,4,quality,1.381891262639389,32.0,1.0235920852359208,2025,12
p,0.603775793574442,14.0,2025-01-01,Agra,N5WWbRtsjWp,146,Agra Division,communicable_diseases,0.5,1.0,% of PW screened for HIV against estimated pregnancy,11,indicator_11,1.0,1.0,146,100.0,4,coverage,6.189213259325186,3.0,100.0,2025,12
p,0.603775793574442,14.0,2025-01-01,Agra,N5WWbRtsjWp,146,Agra Division,family_planning,0.31599007298401866,17.0,Permanent Method accepted per 1000 EC,8,indicator_8,0.419066536718662,11.0,146,8.407881233863527,4,coverage,6.189213259325186,3.0,8.407881233863527,2025,12
p,0.603775793574442,14.0,2025-01-01,Agra,N5WWbRtsjWp,146,Agra Division,family_planning,0.31599007298401866,17.0,Reversible Method accepted per 1000 EC,9,indicator_9,0.21291360924937536,37.0,146,23.353747470782324,4,coverage,6.189213259325186,3.0,23.353747470782324,2025,12
p,0.603775793574442,14.0,2025-01-01,Agra,N5WWbRtsjWp,146,Agra Division,finance,1.0,1.0,Per ASHA expenditure of ASHA incentive fund,12,indicator_12,1.0,1.0,146,8024.2085661080055,4,coverage,6.189213259325186,3.0,8024.2085661080055,2025,12
p,0.5507175913602529,54.0,2025-01-01,Firozabad,eJTsuE56XDF,146,Agra Division,ante_natal,1.0,1.0,% of pregnant women received 4 or more ANC and tested for Hb against estimated PW,1,indicator_1,1.0,1.0,147,100.0,4,coverage,5.904989034201603,7.0,100.0,2025,27
p,0.5507175913602529,54.0,2025-01-01,Firozabad,eJTsuE56XDF,146,Agra Division,delivery_care,0.4508364070154916,60.0,% of pregnant women delivered in institution against estimated delivery,2,indicator_2,0.3104606484514077,48.0,147,63.74825262725018,4,coverage,5.904989034201603,7.0,63.74825262725018,2025,27
n,0.5507175913602529,54.0,2025-01-01,Firozabad,eJTsuE56XDF,146,Agra Division,delivery_care,0.4508364070154916,60.0,Still birth ratio,4,indicator_4,0.9008968991959612,19.0,147,1.9950124688279298,4,quality,1.1654511484864225,51.0,1.9950124688279298,2025,27
p,0.5507175913602529,54.0,2025-01-01,Firozabad,eJTsuE56XDF,146,Agra Division,delivery_care,0.4508364070154916,60.0,% of C-section delivery against reported delivery (70% weightage to CHC),31,indicator_31,0.07057583669955299,67.0,147,1.6898608349900597,4,quality,1.1654511484864225,51.0,4.2193398314566055,2025,27
p,0.5507175913602529,54.0,2025-01-01,Firozabad,eJTsuE56XDF,146,Agra Division,delivery_care,0.4508364070154916,60.0,% of C-section delivery against reported delivery (30% to DH),32,indicator_32,0.07057583669955299,67.0,147,10.121457489878543,4,quality,1.1654511484864225,51.0,4.2193398314566055,2025,27
p,0.5507175913602529,54.0,2025-01-01,Firozabad,eJTsuE56XDF,146,Agra Division,post_natal_care,1.0,1.0,% of newborns received HBNC visits (Institutional Delivery and Home Delivery),5,indicator_5,1.0,1.0,147,100.0,4,coverage,5.904989034201603,7.0,100.0,2025,27
p,0.5507175913602529,54.0,2025-01-01,Firozabad,eJTsuE56XDF,146,Agra Division,immunization,0.5969892062954542,46.0,"% of children received full immunization (BCG, Penta 1, 2, 3, Measles)",7,indicator_7,1.0,1.0,147,100.0,4,coverage,5.904989034201603,7.0,100.0,2025,27
p,0.5507175913602529,54.0,2025-01-01,Firozabad,eJTsuE56XDF,146,Agra Division,immunization,0.5969892062954542,46.0,Ratio of Pentavalent 3 to BCG,6,indicator_6,0.19397841259090826,60.0,147,0.9698892621624984,4,quality,1.1654511484864225,51.0,0.9698892621624984,2025,27
p,0.5507175913602529,54.0,2025-01-01,Firozabad,eJTsuE56XDF,146,Agra Division,communicable_diseases,0.5,1.0,% of PW screened for HIV against estimated pregnancy,11,indicator_11,1.0,1.0,147,100.0,4,coverage,5.904989034201603,7.0,100.0,2025,27
p,0.5507175913602529,54.0,2025-01-01,Firozabad,eJTsuE56XDF,146,Agra Division,family_planning,0.4051505183185086,10.0,Permanent Method accepted per 1000 EC,8,indicator_8,0.15027922367353627,38.0,147,3.2524116024116814,4,coverage,5.904989034201603,7.0,3.2524116024116814,2025,27
p,0.5507175913602529,54.0,2025-01-01,Firozabad,eJTsuE56XDF,146,Agra Division,family_planning,0.4051505183185086,10.0,Reversible Method accepted per 1000 EC,9,indicator_9,0.660021812963481,4.0,147,53.578044173161935,4,coverage,5.904989034201603,7.0,53.578044173161935,2025,27
p,0.5507175913602529,54.0,2025-01-01,Firozabad,eJTsuE56XDF,146,Agra Division,finance,0.7842273491131778,14.0,Per ASHA expenditure of ASHA incentive fund,12,indicator_12,0.7842273491131778,14.0,147,6746.617466174661,4,coverage,5.904989034201603,7.0,6746.617466174661,2025,27
p,0.5831213552246322,22.0,2025-01-01,Mainpuri,XBLhrSWGytu,146,Agra Division,ante_natal,1.0,1.0,% of pregnant women received 4 or more ANC and tested for Hb against estimated PW,1,indicator_1,1.0,1.0,148,100.0,4,coverage,5.1453827923729545,47.0,100.0,2025,43
p,0.5831213552246322,22.0,2025-01-01,Mainpuri,XBLhrSWGytu,146,Agra Division,delivery_care,0.41220936806849867,65.0,% of pregnant women delivered in institution against estimated delivery,2,indicator_2,0.32447047720126193,47.0,148,64.48480344401588,4,coverage,5.1453827923729545,47.0,64.48480344401588,2025,43
n,0.5831213552246322,22.0,2025-01-01,Mainpuri,XBLhrSWGytu,146,Agra Division,delivery_care,0.41220936806849867,65.0,Still birth ratio,4,indicator_4,0.5932970237082437,53.0,148,7.4895578280282304,4,quality,1.1158163098575944,56.0,7.4895578280282304,2025,43
p,0.5831213552246322,22.0,2025-01-01,Mainpuri,XBLhrSWGytu,146,Agra Division,delivery_care,0.41220936806849867,65.0,% of C-section delivery against reported delivery (70% weightage to CHC),31,indicator_31,0.15943030164799527,50.0,148,0.9212730318257956,4,quality,1.1158163098575944,56.0,7.383008550050657,2025,43
p,0.5831213552246322,22.0,2025-01-01,Mainpuri,XBLhrSWGytu,146,Agra Division,delivery_care,0.41220936806849867,65.0,% of C-section delivery against reported delivery (30% to DH),32,indicator_32,0.15943030164799527,50.0,148,22.460391425908664,4,quality,1.1158163098575944,56.0,7.383008550050657,2025,43
p,0.5831213552246322,22.0,2025-01-01,Mainpuri,XBLhrSWGytu,146,Agra Division,post_natal_care,1.0,1.0,% of newborns received HBNC visits (Institutional Delivery and Home Delivery),5,indicator_5,1.0,1.0,148,100.0,4,coverage,5.1453827923729545,47.0,100.0,2025,43
p,0.5831213552246322,22.0,2025-01-01,Mainpuri,XBLhrSWGytu,146,Agra Division,immunization,0.6216443463521029,36.0,"% of children received full immunization (BCG, Penta 1, 2, 3, Measles)",7,indicator_7,0.8801997082028501,20.0,148,96.57988653502122,4,coverage,5.1453827923729545,47.0,96.57988653502122,2025,43
p,0.5831213552246322,22.0,2025-01-01,Mainpuri,XBLhrSWGytu,146,Agra Division,immunization,0.6216443463521029,36.0,Ratio of Pentavalent 3 to BCG,6,indicator_6,0.3630889845013555,25.0,148,1.090090855056466,4,quality,1.1158163098575944,56.0,1.090090855056466,2025,43
p,0.5831213552246322,22.0,2025-01-01,Mainpuri,XBLhrSWGytu,146,Agra Division,communicable_diseases,0.5,1.0,% of PW screened for HIV against estimated pregnancy,11,indicator_11,1.0,1.0,148,100.0,4,coverage,5.1453827923729545,47.0,100.0,2025,43
p,0.5831213552246322,22.0,2025-01-01,Mainpuri,XBLhrSWGytu,146,Agra Division,family_planning,0.14039958429830338,55.0,Permanent Method accepted per 1000 EC,8,indicator_8,0.05542402448177074,71.0,148,1.4330433692973361,4,coverage,5.1453827923729545,47.0,1.4330433692973361,2025,43
p,0.5831213552246322,22.0,2025-01-01,Mainpuri,XBLhrSWGytu,146,Agra Division,family_planning,0.14039958429830338,55.0,Reversible Method accepted per 1000 EC,9,indicator_9,0.22537514411483606,32.0,148,24.196141155380353,4,coverage,5.1453827923729545,47.0,24.196141155380353,2025,43
p,0.5831213552246322,22.0,2025-01-01,Mainpuri,XBLhrSWGytu,146,Agra Division,finance,0.6599134383722354,34.0,Per ASHA expenditure of ASHA incentive fund,12,indicator_12,0.6599134383722354,34.0,148,6010.554089709762,4,coverage,5.1453827923729545,47.0,6010.554089709762,2025,43
p,0.6088786985119655,12.0,2025-01-01,Mathura,KP2BUB1npih,146,Agra Division,ante_natal,1.0,1.0,% of pregnant women received 4 or more ANC and tested for Hb against estimated PW,1,indicator_1,1.0,1.0,145,100.0,4,coverage,5.5852692896737945,18.0,100.0,2025,24
p,0.6088786985119655,12.0,2025-01-01,Mathura,KP2BUB1npih,146,Agra Division,delivery_care,0.6227853491879896,27.0,% of pregnant women delivered in institution against estimated delivery,2,indicator_2,0.6415604516984913,10.0,145,81.15544830872042,4,coverage,5.5852692896737945,18.0,81.15544830872042,2025,24
n,0.6088786985119655,12.0,2025-01-01,Mathura,KP2BUB1npih,146,Agra Division,delivery_care,0.6227853491879896,27.0,Still birth ratio,4,indicator_4,0.9298256059711776,11.0,145,1.478269439243126,4,quality,1.6411101320491617,9.0,1.478269439243126,2025,24
p,0.6088786985119655,12.0,2025-01-01,Mathura,KP2BUB1npih,146,Agra Division,delivery_care,0.6227853491879896,27.0,% of C-section delivery against reported delivery (70% weightage to CHC),31,indicator_31,0.14848499494714995,57.0,145,3.25166017861232,4,quality,1.6411101320491617,9.0,6.993300228190021,2025,24
p,0.6088786985119655,12.0,2025-01-01,Mathura,KP2BUB1npih,146,Agra Division,delivery_care,0.6227853491879896,27.0,% of C-section delivery against reported delivery (30% to DH),32,indicator_32,0.14848499494714995,57.0,145,15.72379367720466,4,quality,1.6411101320491617,9.0,6.993300228190021,2025,24
p,0.6088786985119655,12.0,2025-01-01,Mathura,KP2BUB1npih,146,Agra Division,post_natal_care,1.0,1.0,% of newborns received HBNC visits (Institutional Delivery and Home Delivery),5,indicator_5,1.0,1.0,145,100.0,4,coverage,5.5852692896737945,18.0,100.0,2025,24
p,0.6088786985119655,12.0,2025-01-01,Mathura,KP2BUB1npih,146,Agra Division,immunization,0.7813997655654171,6.0,"% of children received full immunization (BCG, Penta 1, 2, 3, Measles)",7,indicator_7,1.0,1.0,145,100.0,4,coverage,5.5852692896737945,18.0,100.0,2025,24
p,0.6088786985119655,12.0,2025-01-01,Mathura,KP2BUB1npih,146,Agra Division,immunization,0.7813997655654171,6.0,Ratio of Pentavalent 3 to BCG,6,indicator_6,0.5627995311308343,10.0,145,1.2320425116051796,4,quality,1.6411101320491617,9.0,1.2320425116051796,2025,24
p,0.6088786985119655,12.0,2025-01-01,Mathura,KP2BUB1npih,146,Agra Division,communicable_diseases,0.3372273185813378,4.0,% of PW screened for HIV against estimated pregnancy,11,indicator_11,0.6744546371626756,4.0,145,92.59720623768364,4,coverage,5.5852692896737945,18.0,92.59720623768364,2025,24
p,0.6088786985119655,12.0,2025-01-01,Mathura,KP2BUB1npih,146,Agra Division,family_planning,0.2673709279556303,23.0,Permanent Method accepted per 1000 EC,8,indicator_8,0.371543396242615,14.0,145,7.4963645973831925,4,coverage,5.5852692896737945,18.0,7.4963645973831925,2025,24
p,0.6088786985119655,12.0,2025-01-01,Mathura,KP2BUB1npih,146,Agra Division,family_planning,0.2673709279556303,23.0,Reversible Method accepted per 1000 EC,9,indicator_9,0.16319845966864555,54.0,145,19.99302758452416,4,coverage,5.5852692896737945,18.0,19.99302758452416,2025,24
p,0.6088786985119655,12.0,2025-01-01,Mathura,KP2BUB1npih,146,Agra Division,finance,0.7345123449013676,22.0,Per ASHA expenditure of ASHA incentive fund,12,indicator_12,0.7345123449013676,22.0,145,6452.254641909814,4,coverage,5.5852692896737945,18.0,6452.254641909814,2025,24
p,0.5253538404959708,61.0,2025-01-01,Fatehpur,ibLiLcaKzw2,172,Prayagraj Division,ante_natal,1.0,1.0,% of pregnant women received 4 or more ANC and tested for Hb against estimated PW,1,indicator_1,1.0,1.0,172,100.0,4,coverage,4.560022067138809,72.0,100.0,2025,16
p,0.5253538404959708,61.0,2025-01-01,Fatehpur,ibLiLcaKzw2,172,Prayagraj Division,delivery_care,0.3975547434800569,67.0,% of pregnant women delivered in institution against estimated delivery,2,indicator_2,0.4064312661686692,38.0,172,68.7937987311519,4,coverage,4.560022067138809,72.0,68.7937987311519,2025,16
n,0.5253538404959708,61.0,2025-01-01,Fatehpur,ibLiLcaKzw2,172,Prayagraj Division,delivery_care,0.3975547434800569,67.0,Still birth ratio,4,indicator_4,0.5491761458054394,58.0,172,8.27767311754296,4,quality,0.921490486378423,68.0,8.27767311754296,2025,16
p,0.5253538404959708,61.0,2025-01-01,Fatehpur,ibLiLcaKzw2,172,Prayagraj Division,delivery_care,0.3975547434800569,67.0,% of C-section delivery against reported delivery (70% weightage to CHC),31,indicator_31,0.11852840923303125,61.0,172,0.7851239669421488,4,quality,0.921490486378423,68.0,5.926694141544509,2025,16
p,0.5253538404959708,61.0,2025-01-01,Fatehpur,ibLiLcaKzw2,172,Prayagraj Division,delivery_care,0.3975547434800569,67.0,% of C-section delivery against reported delivery (30% to DH),32,indicator_32,0.11852840923303125,61.0,172,17.923691215616678,4,quality,0.921490486378423,68.0,5.926694141544509,2025,16
p,0.5253538404959708,61.0,2025-01-01,Fatehpur,ibLiLcaKzw2,172,Prayagraj Division,post_natal_care,0.47647289432723,26.0,% of newborns received HBNC visits (Institutional Delivery and Home Delivery),5,indicator_5,0.47647289432723,26.0,172,72.08426100359651,4,coverage,4.560022067138809,72.0,72.08426100359651,2025,16
p,0.5253538404959708,61.0,2025-01-01,Fatehpur,ibLiLcaKzw2,172,Prayagraj Division,immunization,0.5991791671903337,45.0,"% of children received full immunization (BCG, Penta 1, 2, 3, Measles)",7,indicator_7,0.9445724030407152,14.0,172,98.4176276380624,4,coverage,4.560022067138809,72.0,98.4176276380624,2025,16
p,0.5253538404959708,61.0,2025-01-01,Fatehpur,ibLiLcaKzw2,172,Prayagraj Division,immunization,0.5991791671903337,45.0,Ratio of Pentavalent 3 to BCG,6,indicator_6,0.2537859313399524,41.0,172,1.0123996678660394,4,quality,0.921490486378423,68.0,1.0123996678660394,2025,16
p,0.5253538404959708,61.0,2025-01-01,Fatehpur,ibLiLcaKzw2,172,Prayagraj Division,communicable_diseases,0.5,1.0,% of PW screened for HIV against estimated pregnancy,11,indicator_11,1.0,1.0,172,100.0,4,coverage,4.560022067138809,72.0,100.0,2025,16
p,0.5253538404959708,61.0,2025-01-01,Fatehpur,ibLiLcaKzw2,172,Prayagraj Division,family_planning,0.06767003978797187,72.0,Permanent Method accepted per 1000 EC,8,indicator_8,0.07024839934118436,67.0,172,1.7173819920065638,4,coverage,4.560022067138809,72.0,1.7173819920065638,2025,16
p,0.5253538404959708,61.0,2025-01-01,Fatehpur,ibLiLcaKzw2,172,Prayagraj Division,family_planning,0.06767003978797187,72.0,Reversible Method accepted per 1000 EC,9,indicator_9,0.0650916802347594,67.0,172,13.361057100661752,4,coverage,4.560022067138809,72.0,13.361057100661752,2025,16
p,0.5253538404959708,61.0,2025-01-01,Fatehpur,ibLiLcaKzw2,172,Prayagraj Division,finance,0.5972054240262521,49.0,Per ASHA expenditure of ASHA incentive fund,12,indicator_12,0.5972054240262521,49.0,172,5639.259578131726,4,coverage,4.560022067138809,72.0,5639.259578131726,2025,16
p,0.5871923824685789,20.0,2025-01-01,Kaushambi,PAj0oVY0Dxu,172,Prayagraj Division,ante_natal,1.0,1.0,% of pregnant women received 4 or more ANC and tested for Hb against estimated PW,1,indicator_1,1.0,1.0,174,100.0,4,coverage,5.7672541604234215,13.0,100.0,2025,63
p,0.5871923824685789,20.0,2025-01-01,Kaushambi,PAj0oVY0Dxu,172,Prayagraj Division,delivery_care,0.4712533702243221,54.0,% of pregnant women delivered in institution against estimated delivery,2,indicator_2,0.4620340779708858,30.0,174,71.71705333894415,4,coverage,5.7672541604234215,13.0,71.71705333894415,2025,63
n,0.5871923824685789,20.0,2025-01-01,Kaushambi,PAj0oVY0Dxu,172,Prayagraj Division,delivery_care,0.4712533702243221,54.0,Still birth ratio,4,indicator_4,0.6399204764390508,48.0,174,6.6567399491985615,4,quality,0.986246246249206,63.0,6.6567399491985615,2025,63
p,0.5871923824685789,20.0,2025-01-01,Kaushambi,PAj0oVY0Dxu,172,Prayagraj Division,delivery_care,0.4712533702243221,54.0,% of C-section delivery against reported delivery (70% weightage to CHC),31,indicator_31,0.1559027781315148,53.0,174,2.7572815533980584,4,quality,0.986246246249206,63.0,7.257410857130332,2025,63
p,0.5871923824685789,20.0,2025-01-01,Kaushambi,PAj0oVY0Dxu,172,Prayagraj Division,delivery_care,0.4712533702243221,54.0,% of C-section delivery against reported delivery (30% to DH),32,indicator_32,0.1559027781315148,53.0,174,17.757712565838975,4,quality,0.986246246249206,63.0,7.257410857130332,2025,63
p,0.5871923824685789,20.0,2025-01-01,Kaushambi,PAj0oVY0Dxu,172,Prayagraj Division,post_natal_care,0.9728967116062612,5.0,% of newborns received HBNC visits (Institutional Delivery and Home Delivery),5,indicator_5,0.9728967116062612,5.0,174,98.55478672155556,4,coverage,5.7672541604234215,13.0,98.55478672155556,2025,63
p,0.5871923824685789,20.0,2025-01-01,Kaushambi,PAj0oVY0Dxu,172,Prayagraj Division,immunization,0.5952114958393203,47.0,"% of children received full immunization (BCG, Penta 1, 2, 3, Measles)",7,indicator_7,1.0,1.0,174,100.0,4,coverage,5.7672541604234215,13.0,100.0,2025,63
p,0.5871923824685789,20.0,2025-01-01,Kaushambi,PAj0oVY0Dxu,172,Prayagraj Division,immunization,0.5952114958393203,47.0,Ratio of Pentavalent 3 to BCG,6,indicator_6,0.19042299167864055,61.0,174,0.9673621152654409,4,quality,0.986246246249206,63.0,0.9673621152654409,2025,63
p,0.5871923824685789,20.0,2025-01-01,Kaushambi,PAj0oVY0Dxu,172,Prayagraj Division,communicable_diseases,0.5,1.0,% of PW screened for HIV against estimated pregnancy,11,indicator_11,1.0,1.0,174,100.0,4,coverage,5.7672541604234215,13.0,100.0,2025,63
p,0.5871923824685789,20.0,2025-01-01,Kaushambi,PAj0oVY0Dxu,172,Prayagraj Division,family_planning,0.2819011627072623,22.0,Permanent Method accepted per 1000 EC,8,indicator_8,0.2643785130518269,23.0,174,5.440890718839536,4,coverage,5.7672541604234215,13.0,5.440890718839536,2025,63
p,0.5871923824685789,20.0,2025-01-01,Kaushambi,PAj0oVY0Dxu,172,Prayagraj Division,family_planning,0.2819011627072623,22.0,Reversible Method accepted per 1000 EC,9,indicator_9,0.2994238123626976,16.0,174,29.20179504620123,4,coverage,5.7672541604234215,13.0,29.20179504620123,2025,63
p,0.5871923824685789,20.0,2025-01-01,Kaushambi,PAj0oVY0Dxu,172,Prayagraj Division,finance,0.7685210454317508,16.0,Per ASHA expenditure of ASHA incentive fund,12,indicator_12,0.7685210454317508,16.0,174,6653.620352250493,4,coverage,5.7672541604234215,13.0,6653.620352250493,2025,63
p,0.517404490349473,65.0,2025-01-01,Pratapgarh,fz7bJo3egPX,172,Prayagraj Division,ante_natal,1.0,1.0,% of pregnant women received 4 or more ANC and tested for Hb against estimated PW,1,indicator_1,1.0,1.0,173,100.0,4,coverage,4.962712300475453,59.0,100.0,2025,3
p,0.517404490349473,65.0,2025-01-01,Pratapgarh,fz7bJo3egPX,172,Prayagraj Division,delivery_care,0.7003639883935385,16.0,% of pregnant women delivered in institution against estimated delivery,2,indicator_2,0.4031559743064251,39.0,173,68.62160398563746,4,coverage,4.962712300475453,59.0,68.62160398563746,2025,3
n,0.517404490349473,65.0,2025-01-01,Pratapgarh,fz7bJo3egPX,172,Prayagraj Division,delivery_care,0.7003639883935385,16.0,Still birth ratio,4,indicator_4,0.7420971805940862,43.0,173,4.831594426160633,4,quality,1.4203386809411418,31.0,4.831594426160633,2025,3
p,0.517404490349473,65.0,2025-01-01,Pratapgarh,fz7bJo3egPX,172,Prayagraj Division,delivery_care,0.7003639883935385,16.0,% of C-section delivery against reported delivery (70% weightage to CHC),31,indicator_31,0.4779194051400522,10.0,173,4.093097913322634,4,quality,1.4203386809411418,31.0,18.722832772902485,2025,3
p,0.517404490349473,65.0,2025-01-01,Pratapgarh,fz7bJo3egPX,172,Prayagraj Division,delivery_care,0.7003639883935385,16.0,% of C-section delivery against reported delivery (30% to DH),32,indicator_32,0.4779194051400522,10.0,173,52.85888077858881,4,quality,1.4203386809411418,31.0,18.722832772902485,2025,3
p,0.517404490349473,65.0,2025-01-01,Pratapgarh,fz7bJo3egPX,172,Prayagraj Division,post_natal_care,1.0,1.0,% of newborns received HBNC visits (Institutional Delivery and Home Delivery),5,indicator_5,1.0,1.0,173,100.0,4,coverage,4.962712300475453,59.0,100.0,2025,3
p,0.517404490349473,65.0,2025-01-01,Pratapgarh,fz7bJo3egPX,172,Prayagraj Division,immunization,0.512883222349699,61.0,"% of children received full immunization (BCG, Penta 1, 2, 3, Measles)",7,indicator_7,0.8254443494923942,24.0,173,95.01670553774562,4,coverage,4.962712300475453,59.0,95.01670553774562,2025,3
p,0.517404490349473,65.0,2025-01-01,Pratapgarh,fz7bJo3egPX,172,Prayagraj Division,immunization,0.512883222349699,61.0,Ratio of Pentavalent 3 to BCG,6,indicator_6,0.20032209520700364,57.0,173,0.9743982691787614,4,quality,1.4203386809411418,31.0,0.9743982691787614,2025,3
p,0.517404490349473,65.0,2025-01-01,Pratapgarh,fz7bJo3egPX,172,Prayagraj Division,communicable_diseases,0.5,1.0,% of PW screened for HIV against estimated pregnancy,11,indicator_11,1.0,1.0,173,100.0,4,coverage,4.962712300475453,59.0,100.0,2025,3
p,0.517404490349473,65.0,2025-01-01,Pratapgarh,fz7bJo3egPX,172,Prayagraj Division,family_planning,0.08583862015608403,70.0,Permanent Method accepted per 1000 EC,8,indicator_8,0.13330914727234985,45.0,173,2.926917394598956,4,coverage,4.962712300475453,59.0,2.926917394598956,2025,3
p,0.517404490349473,65.0,2025-01-01,Pratapgarh,fz7bJo3egPX,172,Prayagraj Division,family_planning,0.08583862015608403,70.0,Reversible Method accepted per 1000 EC,9,indicator_9,0.03836809303981819,72.0,173,11.554555628261385,4,coverage,4.962712300475453,59.0,11.554555628261385,2025,3
p,0.517404490349473,65.0,2025-01-01,Pratapgarh,fz7bJo3egPX,172,Prayagraj Division,finance,0.5624347363644672,60.0,Per ASHA expenditure of ASHA incentive fund,12,indicator_12,0.5624347363644672,60.0,173,5433.382137628113,4,coverage,4.962712300475453,59.0,5433.382137628113,2025,3
p,0.6911590025607238,2.0,2025-01-01,Prayagraj,tXgaew1Pd2Y,172,Prayagraj Division,ante_natal,1.0,1.0,% of pregnant women received 4 or more ANC and tested for Hb against estimated PW,1,indicator_1,1.0,1.0,175,100.0,4,coverage,5.822926114190582,9.0,100.0,2025,34
p,0.6911590025607238,2.0,2025-01-01,Prayagraj,tXgaew1Pd2Y,172,Prayagraj Division,delivery_care,0.8265584638882233,5.0,% of pregnant women delivered in institution against estimated delivery,2,indicator_2,0.5125154691856383,24.0,175,74.37105508261868,4,coverage,5.822926114190582,9.0,74.37105508261868,2025,34
n,0.6911590025607238,2.0,2025-01-01,Prayagraj,tXgaew1Pd2Y,172,Prayagraj Division,delivery_care,0.8265584638882233,5.0,Still birth ratio,4,indicator_4,0.9948735104672454,3.0,175,0.3163422401248497,4,quality,1.7273466708787304,7.0,0.3163422401248497,2025,34
p,0.6911590025607238,2.0,2025-01-01,Prayagraj,tXgaew1Pd2Y,172,Prayagraj Division,delivery_care,0.8265584638882233,5.0,% of C-section delivery against reported delivery (70% weightage to CHC),31,indicator_31,0.4861432060058932,8.0,175,3.442513368983957,4,quality,1.7273466708787304,7.0,19.01564171122995,2025,34
p,0.6911590025607238,2.0,2025-01-01,Prayagraj,tXgaew1Pd2Y,172,Prayagraj Division,delivery_care,0.8265584638882233,5.0,% of C-section delivery against reported delivery (30% to DH),32,indicator_32,0.4861432060058932,8.0,175,55.352941176470594,4,quality,1.7273466708787304,7.0,19.01564171122995,2025,34
p,0.6911590025607238,2.0,2025-01-01,Prayagraj,tXgaew1Pd2Y,172,Prayagraj Division,post_natal_care,0.9437586721055994,8.0,% of newborns received HBNC visits (Institutional Delivery and Home Delivery),5,indicator_5,0.9437586721055994,8.0,175,97.00107556361642,4,coverage,5.822926114190582,9.0,97.00107556361642,2025,34
p,0.6911590025607238,2.0,2025-01-01,Prayagraj,tXgaew1Pd2Y,172,Prayagraj Division,immunization,0.6211282771360197,37.0,"% of children received full immunization (BCG, Penta 1, 2, 3, Measles)",7,indicator_7,0.9959265998664476,2.0,175,99.8837107119188,4,coverage,5.822926114190582,9.0,99.8837107119188,2025,34
p,0.6911590025607238,2.0,2025-01-01,Prayagraj,tXgaew1Pd2Y,172,Prayagraj Division,immunization,0.6211282771360197,37.0,Ratio of Pentavalent 3 to BCG,6,indicator_6,0.2463299544055919,46.0,175,1.0071000565291124,4,quality,1.7273466708787304,7.0,1.0071000565291124,2025,34
p,0.6911590025607238,2.0,2025-01-01,Prayagraj,tXgaew1Pd2Y,172,Prayagraj Division,communicable_diseases,0.5,1.0,% of PW screened for HIV against estimated pregnancy,11,indicator_11,1.0,1.0,175,100.0,4,coverage,5.822926114190582,9.0,100.0,2025,34
p,0.6911590025607238,2.0,2025-01-01,Prayagraj,tXgaew1Pd2Y,172,Prayagraj Division,family_planning,0.35974964152113953,14.0,Permanent Method accepted per 1000 EC,8,indicator_8,0.41183525683098665,12.0,175,8.269181815966599,4,coverage,5.822926114190582,9.0,8.269181815966599,2025,34
p,0.6911590025607238,2.0,2025-01-01,Prayagraj,tXgaew1Pd2Y,172,Prayagraj Division,family_planning,0.35974964152113953,14.0,Reversible Method accepted per 1000 EC,9,indicator_9,0.30766402621129235,15.0,175,29.758829487041496,4,coverage,5.822926114190582,9.0,29.758829487041496,2025,34
p,0.6911590025607238,2.0,2025-01-01,Prayagraj,tXgaew1Pd2Y,172,Prayagraj Division,finance,0.6512260899906176,36.0,Per ASHA expenditure of ASHA incentive fund,12,indicator_12,0.6512260899906176,36.0,175,5959.116250258103,4,coverage,5.822926114190582,9.0,5959.116250258103,2025,34
p,0.5584082855145829,47.0,2025-01-01,Ambedkar Nagar,jM27ji8tyrM,176,Ayodhya Division,ante_natal,1.0,1.0,% of pregnant women received 4 or more ANC and tested for Hb against estimated PW,1,indicator_1,1.0,1.0,178,100.0,4,coverage,5.368366269620276,27.0,100.0,2025,8
p,0.5584082855145829,47.0,2025-01-01,Ambedkar Nagar,jM27ji8tyrM,176,Ayodhya Division,delivery_care,0.4331760491037784,63.0,% of pregnant women delivered in institution against estimated delivery,2,indicator_2,0.574567754241209,17.0,178,77.63338341338671,4,coverage,5.368366269620276,27.0,77.63338341338671,2025,8
n,0.5584082855145829,47.0,2025-01-01,Ambedkar Nagar,jM27ji8tyrM,176,Ayodhya Division,delivery_care,0.4331760491037784,63.0,Still birth ratio,4,indicator_4,0.0,75.0,178,18.087408048463868,4,quality,0.6527605439677375,75.0,18.087408048463868,2025,8
p,0.5584082855145829,47.0,2025-01-01,Ambedkar Nagar,jM27ji8tyrM,176,Ayodhya Division,delivery_care,0.4331760491037784,63.0,% of C-section delivery against reported delivery (70% weightage to CHC),31,indicator_31,0.3624801965350631,20.0,178,1.351351351351351,4,quality,0.6527605439677375,75.0,14.612612612612612,2025,8
p,0.5584082855145829,47.0,2025-01-01,Ambedkar Nagar,jM27ji8tyrM,176,Ayodhya Division,delivery_care,0.4331760491037784,63.0,% of C-section delivery against reported delivery (30% to DH),32,indicator_32,0.3624801965350631,20.0,178,45.555555555555564,4,quality,0.6527605439677375,75.0,14.612612612612612,2025,8
p,0.5584082855145829,47.0,2025-01-01,Ambedkar Nagar,jM27ji8tyrM,176,Ayodhya Division,post_natal_care,0.8933685136753106,11.0,% of newborns received HBNC visits (Institutional Delivery and Home Delivery),5,indicator_5,0.8933685136753106,11.0,178,94.31414971873647,4,coverage,5.368366269620276,27.0,94.31414971873647,2025,8
p,0.5584082855145829,47.0,2025-01-01,Ambedkar Nagar,jM27ji8tyrM,176,Ayodhya Division,immunization,0.6258025045046945,33.0,"% of children received full immunization (BCG, Penta 1, 2, 3, Measles)",7,indicator_7,0.9613246615767146,12.0,178,98.89587876857544,4,coverage,5.368366269620276,27.0,98.89587876857544,2025,8
p,0.5584082855145829,47.0,2025-01-01,Ambedkar Nagar,jM27ji8tyrM,176,Ayodhya Division,immunization,0.6258025045046945,33.0,Ratio of Pentavalent 3 to BCG,6,indicator_6,0.29028034743267445,33.0,178,1.0383394237105374,4,quality,0.6527605439677375,75.0,1.0383394237105374,2025,8
p,0.5584082855145829,47.0,2025-01-01,Ambedkar Nagar,jM27ji8tyrM,176,Ayodhya Division,communicable_diseases,0.5,1.0,% of PW screened for HIV against estimated pregnancy,11,indicator_11,1.0,1.0,178,100.0,4,coverage,5.368366269620276,27.0,100.0,2025,8
p,0.5584082855145829,47.0,2025-01-01,Ambedkar Nagar,jM27ji8tyrM,176,Ayodhya Division,family_planning,0.182315496512371,39.0,Permanent Method accepted per 1000 EC,8,indicator_8,0.1403345361580269,43.0,178,3.0616677242886863,4,coverage,5.368366269620276,27.0,3.0616677242886863,2025,8
p,0.5584082855145829,47.0,2025-01-01,Ambedkar Nagar,jM27ji8tyrM,176,Ayodhya Division,family_planning,0.182315496512371,39.0,Reversible Method accepted per 1000 EC,9,indicator_9,0.2242964568667151,33.0,178,24.123222423034463,4,coverage,5.368366269620276,27.0,24.123222423034463,2025,8
p,0.5584082855145829,47.0,2025-01-01,Ambedkar Nagar,jM27ji8tyrM,176,Ayodhya Division,finance,0.5744743471023012,56.0,Per ASHA expenditure of ASHA incentive fund,12,indicator_12,0.5744743471023012,56.0,178,5504.668741662961,4,coverage,5.368366269620276,27.0,5504.668741662961,2025,8
p,0.48816454348047494,70.0,2025-01-01,Azamgarh,NjckKfm3g0k,193,Azamgarh Division,ante_natal,0.8544816411559744,5.0,% of pregnant women received 4 or more ANC and tested for Hb against estimated PW,1,indicator_1,0.8544816411559744,5.0,191,97.276801995469,4,coverage,4.676000928847243,68.0,97.276801995469,2025,14
p,0.48816454348047494,70.0,2025-01-01,Azamgarh,NjckKfm3g0k,193,Azamgarh Division,delivery_care,0.6047562498485214,30.0,% of pregnant women delivered in institution against estimated delivery,2,indicator_2,0.5888340002909391,16.0,191,78.38341507813627,4,coverage,4.676000928847243,68.0,78.38341507813627,2025,14
n,0.48816454348047494,70.0,2025-01-01,Azamgarh,NjckKfm3g0k,193,Azamgarh Division,delivery_care,0.6047562498485214,30.0,Still birth ratio,4,indicator_4,0.5225912619248542,61.0,191,8.752549286199862,4,quality,1.1612126109140424,53.0,8.752549286199862,2025,14
p,0.48816454348047494,70.0,2025-01-01,Azamgarh,NjckKfm3g0k,193,Azamgarh Division,delivery_care,0.6047562498485214,30.0,% of C-section delivery against reported delivery (70% weightage to CHC),31,indicator_31,0.35142174366488554,23.0,191,2.163575844032335,4,quality,1.1612126109140424,53.0,14.218875714396775,2025,14
p,0.48816454348047494,70.0,2025-01-01,Azamgarh,NjckKfm3g0k,193,Azamgarh Division,delivery_care,0.6047562498485214,30.0,% of C-section delivery against reported delivery (30% to DH),32,indicator_32,0.35142174366488554,23.0,191,42.347908745247146,4,quality,1.1612126109140424,53.0,14.218875714396775,2025,14
p,0.48816454348047494,70.0,2025-01-01,Azamgarh,NjckKfm3g0k,193,Azamgarh Division,post_natal_care,1.0,1.0,% of newborns received HBNC visits (Institutional Delivery and Home Delivery),5,indicator_5,1.0,1.0,191,100.0,4,coverage,4.676000928847243,68.0,100.0,2025,14
p,0.48816454348047494,70.0,2025-01-01,Azamgarh,NjckKfm3g0k,193,Azamgarh Division,immunization,0.4415804644326888,68.0,"% of children received full immunization (BCG, Penta 1, 2, 3, Measles)",7,indicator_7,0.5959613235410749,34.0,191,88.46531926592306,4,coverage,4.676000928847243,68.0,88.46531926592306,2025,14
p,0.48816454348047494,70.0,2025-01-01,Azamgarh,NjckKfm3g0k,193,Azamgarh Division,immunization,0.4415804644326888,68.0,Ratio of Pentavalent 3 to BCG,6,indicator_6,0.28719960532430266,34.0,191,1.0361496723275316,4,quality,1.1612126109140424,53.0,1.0361496723275316,2025,14
p,0.48816454348047494,70.0,2025-01-01,Azamgarh,NjckKfm3g0k,193,Azamgarh Division,communicable_diseases,0.4009432666709761,3.0,% of PW screened for HIV against estimated pregnancy,11,indicator_11,0.8018865333419523,3.0,191,95.49496536389023,4,coverage,4.676000928847243,68.0,95.49496536389023,2025,14
p,0.48816454348047494,70.0,2025-01-01,Azamgarh,NjckKfm3g0k,193,Azamgarh Division,family_planning,0.11945008148409728,63.0,Permanent Method accepted per 1000 EC,8,indicator_8,0.2069418455875283,28.0,191,4.3392278781001865,4,coverage,4.676000928847243,68.0,4.3392278781001865,2025,14
p,0.48816454348047494,70.0,2025-01-01,Azamgarh,NjckKfm3g0k,193,Azamgarh Division,family_planning,0.11945008148409728,63.0,Reversible Method accepted per 1000 EC,9,indicator_9,0.03195831738066625,73.0,191,11.121257917084119,4,coverage,4.676000928847243,68.0,11.121257917084119,2025,14
p,0.48816454348047494,70.0,2025-01-01,Azamgarh,NjckKfm3g0k,193,Azamgarh Division,finance,0.5959372675491073,51.0,Per ASHA expenditure of ASHA incentive fund,12,indicator_12,0.5959372675491073,51.0,191,5631.750816377796,4,coverage,4.676000928847243,68.0,5631.750816377796,2025,14
p,0.6282230445178647,6.0,2025-01-01,Amethi,StsLkYw1G0m,176,Ayodhya Division,ante_natal,1.0,1.0,% of pregnant women received 4 or more ANC and tested for Hb against estimated PW,1,indicator_1,1.0,1.0,206,100.0,4,coverage,5.340913444999738,31.0,100.0,2025,75
p,0.6282230445178647,6.0,2025-01-01,Amethi,StsLkYw1G0m,176,Ayodhya Division,delivery_care,0.6598133056788923,20.0,% of pregnant women delivered in institution against estimated delivery,2,indicator_2,0.4157474728323465,36.0,206,69.28358770358034,4,coverage,5.340913444999738,31.0,69.28358770358034,2025,75
n,0.6282230445178647,6.0,2025-01-01,Amethi,StsLkYw1G0m,176,Ayodhya Division,delivery_care,0.6598133056788923,20.0,Still birth ratio,4,indicator_4,0.8754265793284824,24.0,206,2.449979583503471,4,quality,1.602960808338674,12.0,2.449979583503471,2025,75
p,0.6282230445178647,6.0,2025-01-01,Amethi,StsLkYw1G0m,176,Ayodhya Division,delivery_care,0.6598133056788923,20.0,% of C-section delivery against reported delivery (70% weightage to CHC),31,indicator_31,0.3441329324379239,25.0,206,3.2465859314609635,4,quality,1.602960808338674,12.0,13.959357139974479,2025,75
p,0.6282230445178647,6.0,2025-01-01,Amethi,StsLkYw1G0m,176,Ayodhya Division,delivery_care,0.6598133056788923,20.0,% of C-section delivery against reported delivery (30% to DH),32,indicator_32,0.3441329324379239,25.0,206,38.95582329317269,4,quality,1.602960808338674,12.0,13.959357139974479,2025,75
p,0.6282230445178647,6.0,2025-01-01,Amethi,StsLkYw1G0m,176,Ayodhya Division,post_natal_care,1.0,1.0,% of newborns received HBNC visits (Institutional Delivery and Home Delivery),5,indicator_5,1.0,1.0,206,100.0,4,coverage,5.340913444999738,31.0,100.0,2025,75
p,0.6282230445178647,6.0,2025-01-01,Amethi,StsLkYw1G0m,176,Ayodhya Division,immunization,0.6880980309328972,16.0,"% of children received full immunization (BCG, Penta 1, 2, 3, Measles)",7,indicator_7,0.9927947652935268,3.0,206,99.79430166764813,4,coverage,5.340913444999738,31.0,99.79430166764813,2025,75
p,0.6282230445178647,6.0,2025-01-01,Amethi,StsLkYw1G0m,176,Ayodhya Division,immunization,0.6880980309328972,16.0,Ratio of Pentavalent 3 to BCG,6,indicator_6,0.3834012965722677,21.0,206,1.10452858203415,4,quality,1.602960808338674,12.0,1.10452858203415,2025,75
p,0.6282230445178647,6.0,2025-01-01,Amethi,StsLkYw1G0m,176,Ayodhya Division,communicable_diseases,0.5,1.0,% of PW screened for HIV against estimated pregnancy,11,indicator_11,1.0,1.0,206,100.0,4,coverage,5.340913444999738,31.0,100.0,2025,75
p,0.6282230445178647,6.0,2025-01-01,Amethi,StsLkYw1G0m,176,Ayodhya Division,family_planning,0.16268822936469038,44.0,Permanent Method accepted per 1000 EC,8,indicator_8,0.15949950946406438,36.0,206,3.429261107873252,4,coverage,5.340913444999738,31.0,3.429261107873252,2025,75
p,0.6282230445178647,6.0,2025-01-01,Amethi,StsLkYw1G0m,176,Ayodhya Division,family_planning,0.16268822936469038,44.0,Reversible Method accepted per 1000 EC,9,indicator_9,0.16587694926531638,52.0,206,20.174092176073863,4,coverage,5.340913444999738,31.0,20.174092176073863,2025,75
p,0.6282230445178647,6.0,2025-01-01,Amethi,StsLkYw1G0m,176,Ayodhya Division,finance,0.6069947481444846,44.0,Per ASHA expenditure of ASHA incentive fund,12,indicator_12,0.6069947481444846,44.0,206,5697.222222222226,4,coverage,5.340913444999738,31.0,5697.222222222226,2025,75
p,0.5690576971039678,38.0,2025-01-01,Ayodhya,b4XkXzoGqFY,176,Ayodhya Division,ante_natal,1.0,1.0,% of pregnant women received 4 or more ANC and tested for Hb against estimated PW,1,indicator_1,1.0,1.0,177,100.0,4,coverage,5.030920721492536,54.0,100.0,2025,69
p,0.5690576971039678,38.0,2025-01-01,Ayodhya,b4XkXzoGqFY,176,Ayodhya Division,delivery_care,0.6688545467250185,18.0,% of pregnant women delivered in institution against estimated delivery,2,indicator_2,0.4363041898404779,34.0,177,70.36433372644075,4,coverage,5.030920721492536,54.0,70.36433372644075,2025,69
n,0.5690576971039678,38.0,2025-01-01,Ayodhya,b4XkXzoGqFY,176,Ayodhya Division,delivery_care,0.6688545467250185,18.0,Still birth ratio,4,indicator_4,0.6889140990681266,44.0,177,5.781584582441113,4,quality,1.466661910871863,27.0,5.781584582441113,2025,69
p,0.5690576971039678,38.0,2025-01-01,Ayodhya,b4XkXzoGqFY,176,Ayodhya Division,delivery_care,0.6688545467250185,18.0,% of C-section delivery against reported delivery (70% weightage to CHC),31,indicator_31,0.44067267563322543,14.0,177,1.293475136533487,4,quality,1.466661910871863,27.0,17.39666066574888,2025,69
p,0.5690576971039678,38.0,2025-01-01,Ayodhya,b4XkXzoGqFY,176,Ayodhya Division,delivery_care,0.6688545467250185,18.0,% of C-section delivery against reported delivery (30% to DH),32,indicator_32,0.44067267563322543,14.0,177,54.970760233918135,4,quality,1.466661910871863,27.0,17.39666066574888,2025,69
p,0.5690576971039678,38.0,2025-01-01,Ayodhya,b4XkXzoGqFY,176,Ayodhya Division,post_natal_care,1.0,1.0,% of newborns received HBNC visits (Institutional Delivery and Home Delivery),5,indicator_5,1.0,1.0,177,100.0,4,coverage,5.030920721492536,54.0,100.0,2025,69
p,0.5690576971039678,38.0,2025-01-01,Ayodhya,b4XkXzoGqFY,176,Ayodhya Division,immunization,0.6685375680852554,21.0,"% of children received full immunization (BCG, Penta 1, 2, 3, Measles)",7,indicator_7,1.0,1.0,177,100.0,4,coverage,5.030920721492536,54.0,100.0,2025,69
p,0.5690576971039678,38.0,2025-01-01,Ayodhya,b4XkXzoGqFY,176,Ayodhya Division,immunization,0.6685375680852554,21.0,Ratio of Pentavalent 3 to BCG,6,indicator_6,0.3370751361705109,28.0,177,1.0716005503324926,4,quality,1.466661910871863,27.0,1.0716005503324926,2025,69
p,0.5690576971039678,38.0,2025-01-01,Ayodhya,b4XkXzoGqFY,176,Ayodhya Division,communicable_diseases,0.5,1.0,% of PW screened for HIV against estimated pregnancy,11,indicator_11,1.0,1.0,177,100.0,4,coverage,5.030920721492536,54.0,100.0,2025,69
p,0.5690576971039678,38.0,2025-01-01,Ayodhya,b4XkXzoGqFY,176,Ayodhya Division,family_planning,0.06561317392051823,73.0,Permanent Method accepted per 1000 EC,8,indicator_8,0.08903015757131404,59.0,177,2.0776251265642136,4,coverage,5.030920721492536,54.0,2.0776251265642136,2025,69
p,0.5690576971039678,38.0,2025-01-01,Ayodhya,b4XkXzoGqFY,176,Ayodhya Division,family_planning,0.06561317392051823,73.0,Reversible Method accepted per 1000 EC,9,indicator_9,0.042196190269722426,70.0,177,11.813333135632208,4,coverage,5.030920721492536,54.0,11.813333135632208,2025,69
p,0.5690576971039678,38.0,2025-01-01,Ayodhya,b4XkXzoGqFY,176,Ayodhya Division,finance,0.4633901838110222,70.0,Per ASHA expenditure of ASHA incentive fund,12,indicator_12,0.4633901838110222,70.0,177,4846.938775510203,4,coverage,5.030920721492536,54.0,4846.938775510203,2025,69
p,0.5768188200612636,29.0,2025-01-01,Barabanki,tzH6nJu9SwS,176,Ayodhya Division,ante_natal,1.0,1.0,% of pregnant women received 4 or more ANC and tested for Hb against estimated PW,1,indicator_1,1.0,1.0,176,100.0,4,coverage,5.025155924643955,55.0,100.0,2025,41
p,0.5768188200612636,29.0,2025-01-01,Barabanki,tzH6nJu9SwS,176,Ayodhya Division,delivery_care,0.5863759284025256,33.0,% of pregnant women delivered in institution against estimated delivery,2,indicator_2,0.27971611839503363,57.0,176,62.13189391734552,4,coverage,5.025155924643955,55.0,62.13189391734552,2025,41
n,0.5768188200612636,29.0,2025-01-01,Barabanki,tzH6nJu9SwS,176,Ayodhya Division,delivery_care,0.5863759284025256,33.0,Still birth ratio,4,indicator_4,0.5221873910067184,62.0,176,8.759763486385868,4,quality,1.4496081402846503,28.0,8.759763486385868,2025,41
p,0.5768188200612636,29.0,2025-01-01,Barabanki,tzH6nJu9SwS,176,Ayodhya Division,delivery_care,0.5863759284025256,33.0,% of C-section delivery against reported delivery (70% weightage to CHC),31,indicator_31,0.4786121379029124,9.0,176,1.5551048005409058,4,quality,1.4496081402846503,28.0,18.74749756575761,2025,41
p,0.5768188200612636,29.0,2025-01-01,Barabanki,tzH6nJu9SwS,176,Ayodhya Division,delivery_care,0.5863759284025256,33.0,% of C-section delivery against reported delivery (30% to DH),32,indicator_32,0.4786121379029124,9.0,176,58.863080684596575,4,quality,1.4496081402846503,28.0,18.74749756575761,2025,41
p,0.5768188200612636,29.0,2025-01-01,Barabanki,tzH6nJu9SwS,176,Ayodhya Division,post_natal_care,1.0,1.0,% of newborns received HBNC visits (Institutional Delivery and Home Delivery),5,indicator_5,1.0,1.0,176,100.0,4,coverage,5.025155924643955,55.0,100.0,2025,41
p,0.5768188200612636,29.0,2025-01-01,Barabanki,tzH6nJu9SwS,176,Ayodhya Division,immunization,0.6924174218073109,14.0,"% of children received full immunization (BCG, Penta 1, 2, 3, Measles)",7,indicator_7,0.9360262322396024,15.0,176,98.17364764942944,4,coverage,5.025155924643955,55.0,98.17364764942944,2025,41
p,0.5768188200612636,29.0,2025-01-01,Barabanki,tzH6nJu9SwS,176,Ayodhya Division,immunization,0.6924174218073109,14.0,Ratio of Pentavalent 3 to BCG,6,indicator_6,0.4488086113750194,18.0,176,1.1510192498699332,4,quality,1.4496081402846503,28.0,1.1510192498699332,2025,41
p,0.5768188200612636,29.0,2025-01-01,Barabanki,tzH6nJu9SwS,176,Ayodhya Division,communicable_diseases,0.5,1.0,% of PW screened for HIV against estimated pregnancy,11,indicator_11,1.0,1.0,176,100.0,4,coverage,5.025155924643955,55.0,100.0,2025,41
p,0.5768188200612636,29.0,2025-01-01,Barabanki,tzH6nJu9SwS,176,Ayodhya Division,family_planning,0.11524385041842515,67.0,Permanent Method accepted per 1000 EC,8,indicator_8,0.10210136943282594,51.0,176,2.3283372417859027,4,coverage,5.025155924643955,55.0,2.3283372417859027,2025,41
p,0.5768188200612636,29.0,2025-01-01,Barabanki,tzH6nJu9SwS,176,Ayodhya Division,family_planning,0.11524385041842515,67.0,Reversible Method accepted per 1000 EC,9,indicator_9,0.12838633140402433,62.0,176,17.639744677230436,4,coverage,5.025155924643955,55.0,17.639744677230436,2025,41
p,0.5768188200612636,29.0,2025-01-01,Barabanki,tzH6nJu9SwS,176,Ayodhya Division,finance,0.5789258731724686,54.0,Per ASHA expenditure of ASHA incentive fund,12,indicator_12,0.5789258731724686,54.0,176,5531.0262529832935,4,coverage,5.025155924643955,55.0,5531.0262529832935,2025,41
p,0.5826621640861075,23.0,2025-01-01,Sultanpur,o4ZQTVcMI7U,176,Ayodhya Division,ante_natal,1.0,1.0,% of pregnant women received 4 or more ANC and tested for Hb against estimated PW,1,indicator_1,1.0,1.0,179,100.0,4,coverage,5.433736445796264,24.0,100.0,2025,40
p,0.5826621640861075,23.0,2025-01-01,Sultanpur,o4ZQTVcMI7U,176,Ayodhya Division,delivery_care,0.5658736063818979,37.0,% of pregnant women delivered in institution against estimated delivery,2,indicator_2,0.506878594354154,26.0,179,74.07470279771448,4,coverage,5.433736445796264,24.0,74.07470279771448,2025,40
n,0.5826621640861075,23.0,2025-01-01,Sultanpur,o4ZQTVcMI7U,176,Ayodhya Division,delivery_care,0.5658736063818979,37.0,Still birth ratio,4,indicator_4,0.5393695650073126,59.0,179,8.452844524646215,4,quality,1.4777336331943831,24.0,8.452844524646215,2025,40
p,0.5826621640861075,23.0,2025-01-01,Sultanpur,o4ZQTVcMI7U,176,Ayodhya Division,delivery_care,0.5658736063818979,37.0,% of C-section delivery against reported delivery (70% weightage to CHC),31,indicator_31,0.32568632989211377,30.0,179,1.9269102990033224,4,quality,1.4777336331943831,24.0,13.30256471572906,2025,40
p,0.5826621640861075,23.0,2025-01-01,Sultanpur,o4ZQTVcMI7U,176,Ayodhya Division,delivery_care,0.5658736063818979,37.0,% of C-section delivery against reported delivery (30% to DH),32,indicator_32,0.32568632989211377,30.0,179,39.84575835475578,4,quality,1.4777336331943831,24.0,13.30256471572906,2025,40
p,0.5826621640861075,23.0,2025-01-01,Sultanpur,o4ZQTVcMI7U,176,Ayodhya Division,post_natal_care,1.0,1.0,% of newborns received HBNC visits (Institutional Delivery and Home Delivery),5,indicator_5,1.0,1.0,179,100.0,4,coverage,5.433736445796264,24.0,100.0,2025,40
p,0.5826621640861075,23.0,2025-01-01,Sultanpur,o4ZQTVcMI7U,176,Ayodhya Division,immunization,0.8063388691474784,2.0,"% of children received full immunization (BCG, Penta 1, 2, 3, Measles)",7,indicator_7,1.0,1.0,179,100.0,4,coverage,5.433736445796264,24.0,100.0,2025,40
p,0.5826621640861075,23.0,2025-01-01,Sultanpur,o4ZQTVcMI7U,176,Ayodhya Division,immunization,0.8063388691474784,2.0,Ratio of Pentavalent 3 to BCG,6,indicator_6,0.6126777382949569,6.0,179,1.2674952919020717,4,quality,1.4777336331943831,24.0,1.2674952919020717,2025,40
p,0.5826621640861075,23.0,2025-01-01,Sultanpur,o4ZQTVcMI7U,176,Ayodhya Division,communicable_diseases,0.5,1.0,% of PW screened for HIV against estimated pregnancy,11,indicator_11,1.0,1.0,179,100.0,4,coverage,5.433736445796264,24.0,100.0,2025,40
p,0.5826621640861075,23.0,2025-01-01,Sultanpur,o4ZQTVcMI7U,176,Ayodhya Division,family_planning,0.16075663397176218,46.0,Permanent Method accepted per 1000 EC,8,indicator_8,0.102470983826322,50.0,179,2.3354266231983973,4,coverage,5.433736445796264,24.0,2.3354266231983973,2025,40
p,0.5826621640861075,23.0,2025-01-01,Sultanpur,o4ZQTVcMI7U,176,Ayodhya Division,family_planning,0.16075663397176218,46.0,Reversible Method accepted per 1000 EC,9,indicator_9,0.2190422841172024,35.0,179,23.76804290544195,4,coverage,5.433736445796264,24.0,23.76804290544195,2025,40
p,0.5826621640861075,23.0,2025-01-01,Sultanpur,o4ZQTVcMI7U,176,Ayodhya Division,finance,0.6053445834985851,45.0,Per ASHA expenditure of ASHA incentive fund,12,indicator_12,0.6053445834985851,45.0,179,5687.4515879163455,4,coverage,5.433736445796264,24.0,5687.4515879163455,2025,40
p,0.5185570775747552,64.0,2025-01-01,Hardoi,MTIkUw5q5pX,155,Lucknow Division,ante_natal,1.0,1.0,% of pregnant women received 4 or more ANC and tested for Hb against estimated PW,1,indicator_1,1.0,1.0,155,100.0,4,coverage,4.729783189795757,67.0,100.0,2025,64
p,0.5185570775747552,64.0,2025-01-01,Hardoi,MTIkUw5q5pX,155,Lucknow Division,delivery_care,0.3809771446160444,68.0,% of pregnant women delivered in institution against estimated delivery,2,indicator_2,0.2459240398715205,62.0,155,60.35531381197035,4,coverage,4.729783189795757,67.0,60.35531381197035,2025,64
n,0.5185570775747552,64.0,2025-01-01,Hardoi,MTIkUw5q5pX,155,Lucknow Division,delivery_care,0.3809771446160444,68.0,Still birth ratio,4,indicator_4,0.593033274300086,54.0,155,7.494269088344207,4,quality,1.2958363322582755,41.0,7.494269088344207,2025,64
p,0.5185570775747552,64.0,2025-01-01,Hardoi,MTIkUw5q5pX,155,Lucknow Division,delivery_care,0.3809771446160444,68.0,% of C-section delivery against reported delivery (70% weightage to CHC),31,indicator_31,0.1519870598382634,56.0,155,0.3707365299060801,4,quality,1.2958363322582755,41.0,7.117991465179979,2025,64
p,0.5185570775747552,64.0,2025-01-01,Hardoi,MTIkUw5q5pX,155,Lucknow Division,delivery_care,0.3809771446160444,68.0,% of C-section delivery against reported delivery (30% to DH),32,indicator_32,0.1519870598382634,56.0,155,22.86158631415241,4,quality,1.2958363322582755,41.0,7.117991465179979,2025,64
p,0.5185570775747552,64.0,2025-01-01,Hardoi,MTIkUw5q5pX,155,Lucknow Division,post_natal_care,1.0,1.0,% of newborns received HBNC visits (Institutional Delivery and Home Delivery),5,indicator_5,1.0,1.0,155,100.0,4,coverage,4.729783189795757,67.0,100.0,2025,64
p,0.5185570775747552,64.0,2025-01-01,Hardoi,MTIkUw5q5pX,155,Lucknow Division,immunization,0.7754079990599632,8.0,"% of children received full immunization (BCG, Penta 1, 2, 3, Measles)",7,indicator_7,1.0,1.0,155,100.0,4,coverage,4.729783189795757,67.0,100.0,2025,64
p,0.5185570775747552,64.0,2025-01-01,Hardoi,MTIkUw5q5pX,155,Lucknow Division,immunization,0.7754079990599632,8.0,Ratio of Pentavalent 3 to BCG,6,indicator_6,0.5508159981199262,12.0,155,1.2235247723524771,4,quality,1.2958363322582755,41.0,1.2235247723524771,2025,64
p,0.5185570775747552,64.0,2025-01-01,Hardoi,MTIkUw5q5pX,155,Lucknow Division,communicable_diseases,0.5,1.0,% of PW screened for HIV against estimated pregnancy,11,indicator_11,1.0,1.0,155,100.0,4,coverage,4.729783189795757,67.0,100.0,2025,64
p,0.5185570775747552,64.0,2025-01-01,Hardoi,MTIkUw5q5pX,155,Lucknow Division,family_planning,0.12745880505089552,59.0,Permanent Method accepted per 1000 EC,8,indicator_8,0.08728858851954219,61.0,155,2.0442209965263545,4,coverage,4.729783189795757,67.0,2.0442209965263545,2025,64
p,0.5185570775747552,64.0,2025-01-01,Hardoi,MTIkUw5q5pX,155,Lucknow Division,family_planning,0.12745880505089552,59.0,Reversible Method accepted per 1000 EC,9,indicator_9,0.16762902158224885,51.0,155,20.292531410941614,4,coverage,4.729783189795757,67.0,20.292531410941614,2025,64
p,0.5185570775747552,64.0,2025-01-01,Hardoi,MTIkUw5q5pX,155,Lucknow Division,finance,0.2289415398224461,74.0,Per ASHA expenditure of ASHA incentive fund,12,indicator_12,0.2289415398224461,74.0,155,3458.767013610889,4,coverage,4.729783189795757,67.0,3458.767013610889,2025,64
p,0.6039581328725071,13.0,2025-01-01,Lakhimpur Kheri,d9ZuMopgX29,155,Lucknow Division,ante_natal,1.0,1.0,% of pregnant women received 4 or more ANC and tested for Hb against estimated PW,1,indicator_1,1.0,1.0,153,100.0,4,coverage,5.6433912397972925,17.0,100.0,2025,22
p,0.6039581328725071,13.0,2025-01-01,Lakhimpur Kheri,d9ZuMopgX29,155,Lucknow Division,delivery_care,0.5121292914103922,47.0,% of pregnant women delivered in institution against estimated delivery,2,indicator_2,0.5471509879546289,21.0,153,76.1919780998732,4,coverage,5.6433912397972925,17.0,76.1919780998732,2025,22
n,0.6039581328725071,13.0,2025-01-01,Lakhimpur Kheri,d9ZuMopgX29,155,Lucknow Division,delivery_care,0.5121292914103922,47.0,Still birth ratio,4,indicator_4,0.7975602363282842,40.0,153,3.840877914951989,4,quality,1.1495555364262657,55.0,3.840877914951989,2025,22
p,0.6039581328725071,13.0,2025-01-01,Lakhimpur Kheri,d9ZuMopgX29,155,Lucknow Division,delivery_care,0.5121292914103922,47.0,% of C-section delivery against reported delivery (70% weightage to CHC),31,indicator_31,0.09583832497413176,65.0,153,1.1626850758470344,4,quality,1.1495555364262657,55.0,5.118812288518933,2025,22
p,0.6039581328725071,13.0,2025-01-01,Lakhimpur Kheri,d9ZuMopgX29,155,Lucknow Division,delivery_care,0.5121292914103922,47.0,% of C-section delivery against reported delivery (30% to DH),32,indicator_32,0.09583832497413176,65.0,153,14.349775784753366,4,quality,1.1495555364262657,55.0,5.118812288518933,2025,22
p,0.6039581328725071,13.0,2025-01-01,Lakhimpur Kheri,d9ZuMopgX29,155,Lucknow Division,post_natal_care,0.90250064902431,10.0,% of newborns received HBNC visits (Institutional Delivery and Home Delivery),5,indicator_5,0.90250064902431,10.0,153,94.80109739369,4,coverage,5.6433912397972925,17.0,94.80109739369,2025,22
p,0.6039581328725071,13.0,2025-01-01,Lakhimpur Kheri,d9ZuMopgX29,155,Lucknow Division,immunization,0.6280784875619251,30.0,"% of children received full immunization (BCG, Penta 1, 2, 3, Measles)",7,indicator_7,1.0,1.0,153,100.0,4,coverage,5.6433912397972925,17.0,100.0,2025,22
p,0.6039581328725071,13.0,2025-01-01,Lakhimpur Kheri,d9ZuMopgX29,155,Lucknow Division,immunization,0.6280784875619251,30.0,Ratio of Pentavalent 3 to BCG,6,indicator_6,0.25615697512384994,40.0,153,1.0140849749194432,4,quality,1.1495555364262657,55.0,1.0140849749194432,2025,22
p,0.6039581328725071,13.0,2025-01-01,Lakhimpur Kheri,d9ZuMopgX29,155,Lucknow Division,communicable_diseases,0.5,1.0,% of PW screened for HIV against estimated pregnancy,11,indicator_11,1.0,1.0,153,100.0,4,coverage,5.6433912397972925,17.0,100.0,2025,22
p,0.6039581328725071,13.0,2025-01-01,Lakhimpur Kheri,d9ZuMopgX29,155,Lucknow Division,family_planning,0.24141225882314965,28.0,Permanent Method accepted per 1000 EC,8,indicator_8,0.25372110778450074,26.0,153,5.236476572266514,4,coverage,5.6433912397972925,17.0,5.236476572266514,2025,22
p,0.6039581328725071,13.0,2025-01-01,Lakhimpur Kheri,d9ZuMopgX29,155,Lucknow Division,family_planning,0.24141225882314965,28.0,Reversible Method accepted per 1000 EC,9,indicator_9,0.2291034098617985,31.0,153,24.448170103150613,4,coverage,5.6433912397972925,17.0,24.448170103150613,2025,22
p,0.6039581328725071,13.0,2025-01-01,Lakhimpur Kheri,d9ZuMopgX29,155,Lucknow Division,finance,0.710915085172054,26.0,Per ASHA expenditure of ASHA incentive fund,12,indicator_12,0.710915085172054,26.0,153,6312.535132096685,4,coverage,5.6433912397972925,17.0,6312.535132096685,2025,22
p,0.5385821953520011,58.0,2025-01-01,Lucknow,MfHac5N78aK,155,Lucknow Division,ante_natal,1.0,1.0,% of pregnant women received 4 or more ANC and tested for Hb against estimated PW,1,indicator_1,1.0,1.0,157,100.0,4,coverage,5.2351802440226916,43.0,100.0,2025,53
p,0.5385821953520011,58.0,2025-01-01,Lucknow,MfHac5N78aK,155,Lucknow Division,delivery_care,0.9138072691280787,2.0,% of pregnant women delivered in institution against estimated delivery,2,indicator_2,0.8390173552432472,3.0,157,91.53652049587532,4,coverage,5.2351802440226916,43.0,91.53652049587532,2025,53
n,0.5385821953520011,58.0,2025-01-01,Lucknow,MfHac5N78aK,155,Lucknow Division,delivery_care,0.9138072691280787,2.0,Still birth ratio,4,indicator_4,0.4939486990243484,63.0,157,9.26418103120966,4,quality,1.5461435936506318,17.0,9.26418103120966,2025,53
p,0.5385821953520011,58.0,2025-01-01,Lucknow,MfHac5N78aK,155,Lucknow Division,delivery_care,0.9138072691280787,2.0,% of C-section delivery against reported delivery (70% weightage to CHC),31,indicator_31,0.7042278765583206,3.0,157,13.314763231197775,4,quality,1.5461435936506318,17.0,26.78055989099667,2025,53
p,0.5385821953520011,58.0,2025-01-01,Lucknow,MfHac5N78aK,155,Lucknow Division,delivery_care,0.9138072691280787,2.0,% of C-section delivery against reported delivery (30% to DH),32,indicator_32,0.7042278765583206,3.0,157,58.2007520971941,4,quality,1.5461435936506318,17.0,26.78055989099667,2025,53
p,0.5385821953520011,58.0,2025-01-01,Lucknow,MfHac5N78aK,155,Lucknow Division,post_natal_care,0.39234106480363856,27.0,% of newborns received HBNC visits (Institutional Delivery and Home Delivery),5,indicator_5,0.39234106480363856,27.0,157,67.59814716379375,4,coverage,5.2351802440226916,43.0,67.59814716379375,2025,53
p,0.5385821953520011,58.0,2025-01-01,Lucknow,MfHac5N78aK,155,Lucknow Division,immunization,0.6739835090339815,19.0,"% of children received full immunization (BCG, Penta 1, 2, 3, Measles)",7,indicator_7,1.0,1.0,157,100.0,4,coverage,5.2351802440226916,43.0,100.0,2025,53
p,0.5385821953520011,58.0,2025-01-01,Lucknow,MfHac5N78aK,155,Lucknow Division,immunization,0.6739835090339815,19.0,Ratio of Pentavalent 3 to BCG,6,indicator_6,0.3479670180679631,26.0,157,1.0793423581857593,4,quality,1.5461435936506318,17.0,1.0793423581857593,2025,53
p,0.5385821953520011,58.0,2025-01-01,Lucknow,MfHac5N78aK,155,Lucknow Division,communicable_diseases,0.5,1.0,% of PW screened for HIV against estimated pregnancy,11,indicator_11,1.0,1.0,157,100.0,4,coverage,5.2351802440226916,43.0,100.0,2025,53
p,0.5385821953520011,58.0,2025-01-01,Lucknow,MfHac5N78aK,155,Lucknow Division,family_planning,0.14124363014892696,54.0,Permanent Method accepted per 1000 EC,8,indicator_8,0.1446463466589213,41.0,157,3.1443703185521445,4,coverage,5.2351802440226916,43.0,3.1443703185521445,2025,53
p,0.5385821953520011,58.0,2025-01-01,Lucknow,MfHac5N78aK,155,Lucknow Division,family_planning,0.14124363014892696,54.0,Reversible Method accepted per 1000 EC,9,indicator_9,0.13784091363893264,59.0,157,18.27886982924316,4,coverage,5.2351802440226916,43.0,18.27886982924316,2025,53
p,0.5385821953520011,58.0,2025-01-01,Lucknow,MfHac5N78aK,155,Lucknow Division,finance,0.7213345636779528,23.0,Per ASHA expenditure of ASHA incentive fund,12,indicator_12,0.7213345636779528,23.0,157,6374.228923920495,4,coverage,5.2351802440226916,43.0,6374.228923920495,2025,53
p,0.5597689065646211,46.0,2025-01-01,Bahraich,iE0E3nLioFr,182,Gonda Division,ante_natal,1.0,1.0,% of pregnant women received 4 or more ANC and tested for Hb against estimated PW,1,indicator_1,1.0,1.0,180,100.0,4,coverage,5.537733470444773,19.0,100.0,2025,23
p,0.5597689065646211,46.0,2025-01-01,Bahraich,iE0E3nLioFr,182,Gonda Division,delivery_care,0.4632509524008922,57.0,% of pregnant women delivered in institution against estimated delivery,2,indicator_2,0.5049592836213223,27.0,180,73.97379721827197,4,coverage,5.537733470444773,19.0,73.97379721827197,2025,23
n,0.5597689065646211,46.0,2025-01-01,Bahraich,iE0E3nLioFr,182,Gonda Division,delivery_care,0.4632509524008922,57.0,Still birth ratio,4,indicator_4,0.4427438750238021,69.0,180,10.178834288577782,4,quality,0.9357195868243462,65.0,10.178834288577782,2025,23
p,0.5597689065646211,46.0,2025-01-01,Bahraich,iE0E3nLioFr,182,Gonda Division,delivery_care,0.4632509524008922,57.0,% of C-section delivery against reported delivery (70% weightage to CHC),31,indicator_31,0.22102484927877614,44.0,180,0.9830579376699434,4,quality,0.9357195868243462,65.0,9.576086226997145,2025,23
p,0.5597689065646211,46.0,2025-01-01,Bahraich,iE0E3nLioFr,182,Gonda Division,delivery_care,0.4632509524008922,57.0,% of C-section delivery against reported delivery (30% to DH),32,indicator_32,0.22102484927877614,44.0,180,29.62648556876061,4,quality,0.9357195868243462,65.0,9.576086226997145,2025,23
p,0.5597689065646211,46.0,2025-01-01,Bahraich,iE0E3nLioFr,182,Gonda Division,post_natal_care,0.7587123125128714,19.0,% of newborns received HBNC visits (Institutional Delivery and Home Delivery),5,indicator_5,0.7587123125128714,19.0,180,87.13395345923767,4,coverage,5.537733470444773,19.0,87.13395345923767,2025,23
p,0.5597689065646211,46.0,2025-01-01,Bahraich,iE0E3nLioFr,182,Gonda Division,immunization,0.6359754312608841,28.0,"% of children received full immunization (BCG, Penta 1, 2, 3, Measles)",7,indicator_7,1.0,1.0,180,100.0,4,coverage,5.537733470444773,19.0,100.0,2025,23
p,0.5597689065646211,46.0,2025-01-01,Bahraich,iE0E3nLioFr,182,Gonda Division,immunization,0.6359754312608841,28.0,Ratio of Pentavalent 3 to BCG,6,indicator_6,0.2719508625217681,36.0,180,1.0253110644641172,4,quality,0.9357195868243462,65.0,1.0253110644641172,2025,23
p,0.5597689065646211,46.0,2025-01-01,Bahraich,iE0E3nLioFr,182,Gonda Division,communicable_diseases,0.5,1.0,% of PW screened for HIV against estimated pregnancy,11,indicator_11,1.0,1.0,180,100.0,4,coverage,5.537733470444773,19.0,100.0,2025,23
p,0.5597689065646211,46.0,2025-01-01,Bahraich,iE0E3nLioFr,182,Gonda Division,family_planning,0.19957622403044809,35.0,Permanent Method accepted per 1000 EC,8,indicator_8,0.1463732652727043,40.0,180,3.1774934461599282,4,coverage,5.537733470444773,19.0,3.1774934461599282,2025,23
p,0.5597689065646211,46.0,2025-01-01,Bahraich,iE0E3nLioFr,182,Gonda Division,family_planning,0.19957622403044809,35.0,Reversible Method accepted per 1000 EC,9,indicator_9,0.25277918278819184,24.0,180,26.048640816148406,4,coverage,5.537733470444773,19.0,26.048640816148406,2025,23
p,0.5597689065646211,46.0,2025-01-01,Bahraich,iE0E3nLioFr,182,Gonda Division,finance,0.874909426249683,3.0,Per ASHA expenditure of ASHA incentive fund,12,indicator_12,0.874909426249683,3.0,180,7283.546563522759,4,coverage,5.537733470444773,19.0,7283.546563522759,2025,23
p,0.5665043128717029,41.0,2025-01-01,Rae Bareli,lLvTDpBDY8u,155,Lucknow Division,ante_natal,1.0,1.0,% of pregnant women received 4 or more ANC and tested for Hb against estimated PW,1,indicator_1,1.0,1.0,158,100.0,4,coverage,5.157309928859271,46.0,100.0,2025,59
p,0.5665043128717029,41.0,2025-01-01,Rae Bareli,lLvTDpBDY8u,155,Lucknow Division,delivery_care,0.42351452990543575,64.0,% of pregnant women delivered in institution against estimated delivery,2,indicator_2,0.30480143337609683,50.0,158,63.450725829428606,4,coverage,5.157309928859271,46.0,63.450725829428606,2025,59
n,0.5665043128717029,41.0,2025-01-01,Rae Bareli,lLvTDpBDY8u,155,Lucknow Division,delivery_care,0.42351452990543575,64.0,Still birth ratio,4,indicator_4,0.24241682562218755,71.0,158,13.75720394125302,4,quality,0.8819002834859986,70.0,13.75720394125302,2025,59
p,0.5665043128717029,41.0,2025-01-01,Rae Bareli,lLvTDpBDY8u,155,Lucknow Division,delivery_care,0.42351452990543575,64.0,% of C-section delivery against reported delivery (70% weightage to CHC),31,indicator_31,0.3616626653590115,21.0,158,2.002710435175425,4,quality,0.8819002834859986,70.0,14.583504364539197,2025,59
p,0.5665043128717029,41.0,2025-01-01,Rae Bareli,lLvTDpBDY8u,155,Lucknow Division,delivery_care,0.42351452990543575,64.0,% of C-section delivery against reported delivery (30% to DH),32,indicator_32,0.3616626653590115,21.0,158,43.938690199721314,4,quality,0.8819002834859986,70.0,14.583504364539197,2025,59
p,0.5665043128717029,41.0,2025-01-01,Rae Bareli,lLvTDpBDY8u,155,Lucknow Division,post_natal_care,1.0,1.0,% of newborns received HBNC visits (Institutional Delivery and Home Delivery),5,indicator_5,1.0,1.0,158,100.0,4,coverage,5.157309928859271,46.0,100.0,2025,59
p,0.5665043128717029,41.0,2025-01-01,Rae Bareli,lLvTDpBDY8u,155,Lucknow Division,immunization,0.6266995964368319,32.0,"% of children received full immunization (BCG, Penta 1, 2, 3, Measles)",7,indicator_7,0.9755784003688645,6.0,158,99.30280101590908,4,coverage,5.157309928859271,46.0,99.30280101590908,2025,59
p,0.5665043128717029,41.0,2025-01-01,Rae Bareli,lLvTDpBDY8u,155,Lucknow Division,immunization,0.6266995964368319,32.0,Ratio of Pentavalent 3 to BCG,6,indicator_6,0.2778207925047995,35.0,158,1.0294833342764982,4,quality,0.8819002834859986,70.0,1.0294833342764982,2025,59
p,0.5665043128717029,41.0,2025-01-01,Rae Bareli,lLvTDpBDY8u,155,Lucknow Division,communicable_diseases,0.5,1.0,% of PW screened for HIV against estimated pregnancy,11,indicator_11,1.0,1.0,158,100.0,4,coverage,5.157309928859271,46.0,100.0,2025,59
p,0.5665043128717029,41.0,2025-01-01,Rae Bareli,lLvTDpBDY8u,155,Lucknow Division,family_planning,0.11793896317472545,65.0,Permanent Method accepted per 1000 EC,8,indicator_8,0.1945636249611162,30.0,158,4.101807667272882,4,coverage,5.157309928859271,46.0,4.101807667272882,2025,59
p,0.5665043128717029,41.0,2025-01-01,Rae Bareli,lLvTDpBDY8u,155,Lucknow Division,family_planning,0.11793896317472545,65.0,Reversible Method accepted per 1000 EC,9,indicator_9,0.04131430138833467,71.0,158,11.753717876980774,4,coverage,5.157309928859271,46.0,11.753717876980774,2025,59
p,0.5665043128717029,41.0,2025-01-01,Rae Bareli,lLvTDpBDY8u,155,Lucknow Division,finance,0.6410521687648596,38.0,Per ASHA expenditure of ASHA incentive fund,12,indicator_12,0.6410521687648596,38.0,158,5898.876404494383,4,coverage,5.157309928859271,46.0,5898.876404494383,2025,59
p,0.5877738595096356,19.0,2025-01-01,Sitapur,XxaOowFtkiJ,155,Lucknow Division,ante_natal,1.0,1.0,% of pregnant women received 4 or more ANC and tested for Hb against estimated PW,1,indicator_1,1.0,1.0,154,100.0,4,coverage,5.8201578317533045,10.0,100.0,2025,60
p,0.5877738595096356,19.0,2025-01-01,Sitapur,XxaOowFtkiJ,155,Lucknow Division,delivery_care,0.4395509597946543,62.0,% of pregnant women delivered in institution against estimated delivery,2,indicator_2,0.4293931783850614,35.0,154,70.00099515727965,4,coverage,5.8201578317533045,10.0,70.00099515727965,2025,60
n,0.5877738595096356,19.0,2025-01-01,Sitapur,XxaOowFtkiJ,155,Lucknow Division,delivery_care,0.4395509597946543,62.0,Still birth ratio,4,indicator_4,0.6181056453874851,50.0,154,7.046410388843799,4,quality,1.3057750524705305,39.0,7.046410388843799,2025,60
p,0.5877738595096356,19.0,2025-01-01,Sitapur,XxaOowFtkiJ,155,Lucknow Division,delivery_care,0.4395509597946543,62.0,% of C-section delivery against reported delivery (70% weightage to CHC),31,indicator_31,0.1355770278057081,59.0,154,2.349426223942418,4,quality,1.3057750524705305,39.0,6.533711259985499,2025,60
p,0.5877738595096356,19.0,2025-01-01,Sitapur,XxaOowFtkiJ,155,Lucknow Division,delivery_care,0.4395509597946543,62.0,% of C-section delivery against reported delivery (30% to DH),32,indicator_32,0.1355770278057081,59.0,154,16.297043010752688,4,quality,1.3057750524705305,39.0,6.533711259985499,2025,60
p,0.5877738595096356,19.0,2025-01-01,Sitapur,XxaOowFtkiJ,155,Lucknow Division,post_natal_care,0.9868544666880528,2.0,% of newborns received HBNC visits (Institutional Delivery and Home Delivery),5,indicator_5,0.9868544666880528,2.0,154,99.29904818121449,4,coverage,5.8201578317533045,10.0,99.29904818121449,2025,60
p,0.5877738595096356,19.0,2025-01-01,Sitapur,XxaOowFtkiJ,155,Lucknow Division,immunization,0.7760461896386687,7.0,"% of children received full immunization (BCG, Penta 1, 2, 3, Measles)",7,indicator_7,1.0,1.0,154,100.0,4,coverage,5.8201578317533045,10.0,100.0,2025,60
p,0.5877738595096356,19.0,2025-01-01,Sitapur,XxaOowFtkiJ,155,Lucknow Division,immunization,0.7760461896386687,7.0,Ratio of Pentavalent 3 to BCG,6,indicator_6,0.5520923792773373,11.0,154,1.2244320074621893,4,quality,1.3057750524705305,39.0,1.2244320074621893,2025,60
p,0.5877738595096356,19.0,2025-01-01,Sitapur,XxaOowFtkiJ,155,Lucknow Division,communicable_diseases,0.5,1.0,% of PW screened for HIV against estimated pregnancy,11,indicator_11,1.0,1.0,154,100.0,4,coverage,5.8201578317533045,10.0,100.0,2025,60
p,0.5877738595096356,19.0,2025-01-01,Sitapur,XxaOowFtkiJ,155,Lucknow Division,family_planning,0.2539428934082021,26.0,Permanent Method accepted per 1000 EC,8,indicator_8,0.3353759553746125,17.0,154,6.802655727980515,4,coverage,5.8201578317533045,10.0,6.802655727980515,2025,60
p,0.5877738595096356,19.0,2025-01-01,Sitapur,XxaOowFtkiJ,155,Lucknow Division,family_planning,0.2539428934082021,26.0,Reversible Method accepted per 1000 EC,9,indicator_9,0.17250983144179186,50.0,154,20.62247177910595,4,coverage,5.8201578317533045,10.0,20.62247177910595,2025,60
p,0.5877738595096356,19.0,2025-01-01,Sitapur,XxaOowFtkiJ,155,Lucknow Division,finance,0.8960243998637858,2.0,Per ASHA expenditure of ASHA incentive fund,12,indicator_12,0.8960243998637858,2.0,154,7408.568443051202,4,coverage,5.8201578317533045,10.0,7408.568443051202,2025,60
p,0.6246416984141928,8.0,2025-01-01,Unnav,aT03mfdlNiF,155,Lucknow Division,ante_natal,1.0,1.0,% of pregnant women received 4 or more ANC and tested for Hb against estimated PW,1,indicator_1,1.0,1.0,156,100.0,4,coverage,5.039579597337977,53.0,100.0,2025,7
p,0.6246416984141928,8.0,2025-01-01,Unnav,aT03mfdlNiF,155,Lucknow Division,delivery_care,0.5686496384546661,36.0,% of pregnant women delivered in institution against estimated delivery,2,indicator_2,0.2951849593372625,53.0,156,62.94515064116777,4,coverage,5.039579597337977,53.0,62.94515064116777,2025,7
n,0.6246416984141928,8.0,2025-01-01,Unnav,aT03mfdlNiF,155,Lucknow Division,delivery_care,0.5686496384546661,36.0,Still birth ratio,4,indicator_4,0.8745446283062611,25.0,156,2.46573355573283,4,quality,1.8054960215314075,6.0,2.46573355573283,2025,7
p,0.6246416984141928,8.0,2025-01-01,Unnav,aT03mfdlNiF,155,Lucknow Division,delivery_care,0.5686496384546661,36.0,% of C-section delivery against reported delivery (70% weightage to CHC),31,indicator_31,0.2681096638602373,37.0,156,2.109500805152979,4,quality,1.8054960215314075,6.0,11.252543961547728,2025,7
p,0.6246416984141928,8.0,2025-01-01,Unnav,aT03mfdlNiF,155,Lucknow Division,delivery_care,0.5686496384546661,36.0,% of C-section delivery against reported delivery (30% to DH),32,indicator_32,0.2681096638602373,37.0,156,32.58631132646881,4,quality,1.8054960215314075,6.0,11.252543961547728,2025,7
p,0.6246416984141928,8.0,2025-01-01,Unnav,aT03mfdlNiF,155,Lucknow Division,post_natal_care,1.0,1.0,% of newborns received HBNC visits (Institutional Delivery and Home Delivery),5,indicator_5,1.0,1.0,156,100.0,4,coverage,5.039579597337977,53.0,100.0,2025,7
p,0.6246416984141928,8.0,2025-01-01,Unnav,aT03mfdlNiF,155,Lucknow Division,immunization,0.7959889669141228,3.0,"% of children received full immunization (BCG, Penta 1, 2, 3, Measles)",7,indicator_7,0.9291362044633366,17.0,156,97.97694798853392,4,coverage,5.039579597337977,53.0,97.97694798853392,2025,7
p,0.6246416984141928,8.0,2025-01-01,Unnav,aT03mfdlNiF,155,Lucknow Division,immunization,0.7959889669141228,3.0,Ratio of Pentavalent 3 to BCG,6,indicator_6,0.6628417293649089,5.0,156,1.3031512036786583,4,quality,1.8054960215314075,6.0,1.3031512036786583,2025,7
p,0.6246416984141928,8.0,2025-01-01,Unnav,aT03mfdlNiF,155,Lucknow Division,communicable_diseases,0.5,1.0,% of PW screened for HIV against estimated pregnancy,11,indicator_11,1.0,1.0,156,100.0,4,coverage,5.039579597337977,53.0,100.0,2025,7
p,0.6246416984141928,8.0,2025-01-01,Unnav,aT03mfdlNiF,155,Lucknow Division,family_planning,0.11792660055841622,66.0,Permanent Method accepted per 1000 EC,8,indicator_8,0.1097587267543426,47.0,156,2.4752090293007654,4,coverage,5.039579597337977,53.0,2.4752090293007654,2025,7
p,0.6246416984141928,8.0,2025-01-01,Unnav,aT03mfdlNiF,155,Lucknow Division,family_planning,0.11792660055841622,66.0,Reversible Method accepted per 1000 EC,9,indicator_9,0.12609447436248986,64.0,156,17.48481625800807,4,coverage,5.039579597337977,53.0,17.48481625800807,2025,7
p,0.6246416984141928,8.0,2025-01-01,Unnav,aT03mfdlNiF,155,Lucknow Division,finance,0.5794052324205444,53.0,Per ASHA expenditure of ASHA incentive fund,12,indicator_12,0.5794052324205444,53.0,156,5533.864541832669,4,coverage,5.039579597337977,53.0,5533.864541832669,2025,7
p,0.5734314807828187,33.0,2025-01-01,Bagpat,HJIS3IrQ0Nj,140,Meerut Division,ante_natal,1.0,1.0,% of pregnant women received 4 or more ANC and tested for Hb against estimated PW,1,indicator_1,1.0,1.0,139,100.0,4,coverage,5.530573621195607,20.0,100.0,2025,66
p,0.5734314807828187,33.0,2025-01-01,Bagpat,HJIS3IrQ0Nj,140,Meerut Division,delivery_care,0.5785645026097973,35.0,% of pregnant women delivered in institution against estimated delivery,2,indicator_2,0.5485477817455808,19.0,139,76.26541294521984,4,coverage,5.530573621195607,20.0,76.26541294521984,2025,66
n,0.5734314807828187,33.0,2025-01-01,Bagpat,HJIS3IrQ0Nj,140,Meerut Division,delivery_care,0.5785645026097973,35.0,Still birth ratio,4,indicator_4,0.8583202425772493,30.0,139,2.755543891877706,4,quality,1.2315694521200131,45.0,2.755543891877706,2025,66
p,0.5734314807828187,33.0,2025-01-01,Bagpat,HJIS3IrQ0Nj,140,Meerut Division,delivery_care,0.5785645026097973,35.0,% of C-section delivery against reported delivery (70% weightage to CHC),31,indicator_31,0.16441274175328086,49.0,139,0.8355488036460311,4,quality,1.2315694521200131,45.0,7.560408638076698,2025,66
p,0.5734314807828187,33.0,2025-01-01,Bagpat,HJIS3IrQ0Nj,140,Meerut Division,delivery_care,0.5785645026097973,35.0,% of C-section delivery against reported delivery (30% to DH),32,indicator_32,0.16441274175328086,49.0,139,23.251748251748253,4,quality,1.2315694521200131,45.0,7.560408638076698,2025,66
p,0.5734314807828187,33.0,2025-01-01,Bagpat,HJIS3IrQ0Nj,140,Meerut Division,post_natal_care,1.0,1.0,% of newborns received HBNC visits (Institutional Delivery and Home Delivery),5,indicator_5,1.0,1.0,139,100.0,4,coverage,5.530573621195607,20.0,100.0,2025,66
p,0.5734314807828187,33.0,2025-01-01,Bagpat,HJIS3IrQ0Nj,140,Meerut Division,immunization,0.6044182338947416,42.0,"% of children received full immunization (BCG, Penta 1, 2, 3, Measles)",7,indicator_7,1.0,1.0,139,100.0,4,coverage,5.530573621195607,20.0,100.0,2025,66
p,0.5734314807828187,33.0,2025-01-01,Bagpat,HJIS3IrQ0Nj,140,Meerut Division,immunization,0.6044182338947416,42.0,Ratio of Pentavalent 3 to BCG,6,indicator_6,0.20883646778948325,53.0,139,0.9804501743633096,4,quality,1.2315694521200131,45.0,0.9804501743633096,2025,66
p,0.5734314807828187,33.0,2025-01-01,Bagpat,HJIS3IrQ0Nj,140,Meerut Division,communicable_diseases,0.5,1.0,% of PW screened for HIV against estimated pregnancy,11,indicator_11,1.0,1.0,139,100.0,4,coverage,5.530573621195607,20.0,100.0,2025,66
p,0.5734314807828187,33.0,2025-01-01,Bagpat,HJIS3IrQ0Nj,140,Meerut Division,family_planning,0.22026133129671235,30.0,Permanent Method accepted per 1000 EC,8,indicator_8,0.08212183343356358,63.0,139,1.945120154908729,4,coverage,5.530573621195607,20.0,1.945120154908729,2025,66
p,0.5734314807828187,33.0,2025-01-01,Bagpat,HJIS3IrQ0Nj,140,Meerut Division,family_planning,0.22026133129671235,30.0,Reversible Method accepted per 1000 EC,9,indicator_9,0.35840082915986105,10.0,139,33.188612643130185,4,coverage,5.530573621195607,20.0,33.188612643130185,2025,66
p,0.5734314807828187,33.0,2025-01-01,Bagpat,HJIS3IrQ0Nj,140,Meerut Division,finance,0.5415031768566003,62.0,Per ASHA expenditure of ASHA incentive fund,12,indicator_12,0.5415031768566003,62.0,139,5309.446254071662,4,coverage,5.530573621195607,20.0,5309.446254071662,2025,66
p,0.4963040807071774,68.0,2025-01-01,Bulandshahar,ogBt4gWCiem,140,Meerut Division,ante_natal,1.0,1.0,% of pregnant women received 4 or more ANC and tested for Hb against estimated PW,1,indicator_1,1.0,1.0,142,100.0,4,coverage,5.0418566454706655,52.0,100.0,2025,52
p,0.4963040807071774,68.0,2025-01-01,Bulandshahar,ogBt4gWCiem,140,Meerut Division,delivery_care,0.4793350085953276,52.0,% of pregnant women delivered in institution against estimated delivery,2,indicator_2,0.44369363345322427,32.0,142,70.7528253222762,4,coverage,5.0418566454706655,52.0,70.7528253222762,2025,52
n,0.4963040807071774,68.0,2025-01-01,Bulandshahar,ogBt4gWCiem,140,Meerut Division,delivery_care,0.4793350085953276,52.0,Still birth ratio,4,indicator_4,0.8820020278073603,22.0,142,2.332524724762082,4,quality,1.0191493378426428,61.0,2.332524724762082,2025,52
p,0.4963040807071774,68.0,2025-01-01,Bulandshahar,ogBt4gWCiem,140,Meerut Division,delivery_care,0.4793350085953276,52.0,% of C-section delivery against reported delivery (70% weightage to CHC),31,indicator_31,0.05615468226269907,69.0,142,1.910187667560321,4,quality,1.0191493378426428,61.0,3.7058737360345937,2025,52
p,0.4963040807071774,68.0,2025-01-01,Bulandshahar,ogBt4gWCiem,140,Meerut Division,delivery_care,0.4793350085953276,52.0,% of C-section delivery against reported delivery (30% to DH),32,indicator_32,0.05615468226269907,69.0,142,7.895807895807898,4,quality,1.0191493378426428,61.0,3.7058737360345937,2025,52
p,0.4963040807071774,68.0,2025-01-01,Bulandshahar,ogBt4gWCiem,140,Meerut Division,post_natal_care,0.5687738263409623,23.0,% of newborns received HBNC visits (Institutional Delivery and Home Delivery),5,indicator_5,0.5687738263409623,23.0,142,77.00597126329541,4,coverage,5.0418566454706655,52.0,77.00597126329541,2025,52
p,0.4963040807071774,68.0,2025-01-01,Bulandshahar,ogBt4gWCiem,140,Meerut Division,immunization,0.5404963138862917,58.0,"% of children received full immunization (BCG, Penta 1, 2, 3, Measles)",7,indicator_7,1.0,1.0,142,100.0,4,coverage,5.0418566454706655,52.0,100.0,2025,52
p,0.4963040807071774,68.0,2025-01-01,Bulandshahar,ogBt4gWCiem,140,Meerut Division,immunization,0.5404963138862917,58.0,Ratio of Pentavalent 3 to BCG,6,indicator_6,0.08099262777258337,72.0,142,0.8895804372551498,4,quality,1.0191493378426428,61.0,0.8895804372551498,2025,52
p,0.4963040807071774,68.0,2025-01-01,Bulandshahar,ogBt4gWCiem,140,Meerut Division,communicable_diseases,0.5,1.0,% of PW screened for HIV against estimated pregnancy,11,indicator_11,1.0,1.0,142,100.0,4,coverage,5.0418566454706655,52.0,100.0,2025,52
p,0.4963040807071774,68.0,2025-01-01,Bulandshahar,ogBt4gWCiem,140,Meerut Division,family_planning,0.11882924905076392,64.0,Permanent Method accepted per 1000 EC,8,indicator_8,0.10518619188992044,48.0,142,2.3875056166462936,4,coverage,5.0418566454706655,52.0,2.3875056166462936,2025,52
p,0.4963040807071774,68.0,2025-01-01,Bulandshahar,ogBt4gWCiem,140,Meerut Division,family_planning,0.11882924905076392,64.0,Reversible Method accepted per 1000 EC,9,indicator_9,0.13247230621160744,60.0,142,17.91595458319272,4,coverage,5.0418566454706655,52.0,17.91595458319272,2025,52
p,0.4963040807071774,68.0,2025-01-01,Bulandshahar,ogBt4gWCiem,140,Meerut Division,finance,0.7917306875749501,11.0,Per ASHA expenditure of ASHA incentive fund,12,indicator_12,0.7917306875749501,11.0,142,6791.0447761194055,4,coverage,5.0418566454706655,52.0,6791.0447761194055,2025,52
p,0.5274317017968171,60.0,2025-01-01,Gautam Buddha Nagar,bNmwkrQeP3e,140,Meerut Division,ante_natal,1.0,1.0,% of pregnant women received 4 or more ANC and tested for Hb against estimated PW,1,indicator_1,1.0,1.0,141,100.0,4,coverage,5.111888607196727,49.0,100.0,2025,35
p,0.5274317017968171,60.0,2025-01-01,Gautam Buddha Nagar,bNmwkrQeP3e,140,Meerut Division,delivery_care,0.6537009842576772,21.0,% of pregnant women delivered in institution against estimated delivery,2,indicator_2,0.9427366218219496,2.0,141,96.9894430031313,4,coverage,5.111888607196727,49.0,96.9894430031313,2025,35
n,0.5274317017968171,60.0,2025-01-01,Gautam Buddha Nagar,bNmwkrQeP3e,140,Meerut Division,delivery_care,0.6537009842576772,21.0,Still birth ratio,4,indicator_4,0.5695541013953788,57.0,141,7.913669064748201,4,quality,1.0114778110225202,62.0,7.913669064748201,2025,35
p,0.5274317017968171,60.0,2025-01-01,Gautam Buddha Nagar,bNmwkrQeP3e,140,Meerut Division,delivery_care,0.6537009842576772,21.0,% of C-section delivery against reported delivery (70% weightage to CHC),31,indicator_31,0.22440611477785166,43.0,141,2.181457610312345,4,quality,1.0114778110225202,62.0,9.696476394164247,2025,35
p,0.5274317017968171,60.0,2025-01-01,Gautam Buddha Nagar,bNmwkrQeP3e,140,Meerut Division,delivery_care,0.6537009842576772,21.0,% of C-section delivery against reported delivery (30% to DH),32,indicator_32,0.22440611477785166,43.0,141,27.231520223152017,4,quality,1.0114778110225202,62.0,9.696476394164247,2025,35
p,0.5274317017968171,60.0,2025-01-01,Gautam Buddha Nagar,bNmwkrQeP3e,140,Meerut Division,post_natal_care,0.0,29.0,% of newborns received HBNC visits (Institutional Delivery and Home Delivery),5,indicator_5,0.0,29.0,141,46.677567037279275,4,coverage,5.111888607196727,49.0,46.677567037279275,2025,35
p,0.5274317017968171,60.0,2025-01-01,Gautam Buddha Nagar,bNmwkrQeP3e,140,Meerut Division,immunization,0.6087587974246449,41.0,"% of children received full immunization (BCG, Penta 1, 2, 3, Measles)",7,indicator_7,1.0,1.0,141,100.0,4,coverage,5.111888607196727,49.0,100.0,2025,35
p,0.5274317017968171,60.0,2025-01-01,Gautam Buddha Nagar,bNmwkrQeP3e,140,Meerut Division,immunization,0.6087587974246449,41.0,Ratio of Pentavalent 3 to BCG,6,indicator_6,0.2175175948492899,52.0,141,0.9866206064593958,4,quality,1.0114778110225202,62.0,0.9866206064593958,2025,35
p,0.5274317017968171,60.0,2025-01-01,Gautam Buddha Nagar,bNmwkrQeP3e,140,Meerut Division,communicable_diseases,0.5,1.0,% of PW screened for HIV against estimated pregnancy,11,indicator_11,1.0,1.0,141,100.0,4,coverage,5.111888607196727,49.0,100.0,2025,35
p,0.5274317017968171,60.0,2025-01-01,Gautam Buddha Nagar,bNmwkrQeP3e,140,Meerut Division,family_planning,0.18289940509772284,38.0,Permanent Method accepted per 1000 EC,8,indicator_8,0.15216818707756094,37.0,141,3.2886428268472567,4,coverage,5.111888607196727,49.0,3.2886428268472567,2025,35
p,0.5274317017968171,60.0,2025-01-01,Gautam Buddha Nagar,bNmwkrQeP3e,140,Meerut Division,family_planning,0.18289940509772284,38.0,Reversible Method accepted per 1000 EC,9,indicator_9,0.21363062311788475,36.0,141,23.40221725890414,4,coverage,5.111888607196727,49.0,23.40221725890414,2025,35
p,0.5274317017968171,60.0,2025-01-01,Gautam Buddha Nagar,bNmwkrQeP3e,140,Meerut Division,finance,0.8033531751793322,7.0,Per ASHA expenditure of ASHA incentive fund,12,indicator_12,0.8033531751793322,7.0,141,6859.861591695501,4,coverage,5.111888607196727,49.0,6859.861591695501,2025,35
p,0.5823326089103384,24.0,2025-01-01,Ghaziabad,M5NHlfAaKYI,140,Meerut Division,ante_natal,1.0,1.0,% of pregnant women received 4 or more ANC and tested for Hb against estimated PW,1,indicator_1,1.0,1.0,140,100.0,4,coverage,5.295432324957312,35.0,100.0,2025,39
p,0.5823326089103384,24.0,2025-01-01,Ghaziabad,M5NHlfAaKYI,140,Meerut Division,delivery_care,0.8707542271746482,4.0,% of pregnant women delivered in institution against estimated delivery,2,indicator_2,0.4007308630456034,40.0,140,68.49410651855212,4,coverage,5.295432324957312,35.0,68.49410651855212,2025,39
n,0.5823326089103384,24.0,2025-01-01,Ghaziabad,M5NHlfAaKYI,140,Meerut Division,delivery_care,0.8707542271746482,4.0,Still birth ratio,4,indicator_4,0.9247858942552152,15.0,140,1.568291987453664,4,quality,2.0577011750879146,2.0,1.568291987453664,2025,39
p,0.5823326089103384,24.0,2025-01-01,Ghaziabad,M5NHlfAaKYI,140,Meerut Division,delivery_care,0.8707542271746482,4.0,% of C-section delivery against reported delivery (70% weightage to CHC),31,indicator_31,0.643372962111563,4.0,140,18.32873472605439,4,quality,2.0577011750879146,2.0,24.61381689930079,2025,39
p,0.5823326089103384,24.0,2025-01-01,Ghaziabad,M5NHlfAaKYI,140,Meerut Division,delivery_care,0.8707542271746482,4.0,% of C-section delivery against reported delivery (30% to DH),32,indicator_32,0.643372962111563,4.0,140,39.27900863687571,4,quality,2.0577011750879146,2.0,24.61381689930079,2025,39
p,0.5823326089103384,24.0,2025-01-01,Ghaziabad,M5NHlfAaKYI,140,Meerut Division,post_natal_care,0.8532990731520204,13.0,% of newborns received HBNC visits (Institutional Delivery and Home Delivery),5,indicator_5,0.8532990731520204,13.0,140,92.1775496625796,4,coverage,5.295432324957312,35.0,92.1775496625796,2025,39
p,0.5823326089103384,24.0,2025-01-01,Ghaziabad,M5NHlfAaKYI,140,Meerut Division,immunization,0.7447711593605683,10.0,"% of children received full immunization (BCG, Penta 1, 2, 3, Measles)",7,indicator_7,1.0,1.0,140,100.0,4,coverage,5.295432324957312,35.0,100.0,2025,39
p,0.5823326089103384,24.0,2025-01-01,Ghaziabad,M5NHlfAaKYI,140,Meerut Division,immunization,0.7447711593605683,10.0,Ratio of Pentavalent 3 to BCG,6,indicator_6,0.4895423187211366,14.0,140,1.1799722387467777,4,quality,2.0577011750879146,2.0,1.1799722387467777,2025,39
p,0.5823326089103384,24.0,2025-01-01,Ghaziabad,M5NHlfAaKYI,140,Meerut Division,communicable_diseases,0.5,1.0,% of PW screened for HIV against estimated pregnancy,11,indicator_11,1.0,1.0,140,100.0,4,coverage,5.295432324957312,35.0,100.0,2025,39
p,0.5823326089103384,24.0,2025-01-01,Ghaziabad,M5NHlfAaKYI,140,Meerut Division,family_planning,0.12090960408436358,61.0,Permanent Method accepted per 1000 EC,8,indicator_8,0.06679199028960235,68.0,140,1.6510864079723775,4,coverage,5.295432324957312,35.0,1.6510864079723775,2025,39
p,0.5823326089103384,24.0,2025-01-01,Ghaziabad,M5NHlfAaKYI,140,Meerut Division,family_planning,0.12090960408436358,61.0,Reversible Method accepted per 1000 EC,9,indicator_9,0.1750272178791248,48.0,140,20.792645875587414,4,coverage,5.295432324957312,35.0,20.792645875587414,2025,39
p,0.5823326089103384,24.0,2025-01-01,Ghaziabad,M5NHlfAaKYI,140,Meerut Division,finance,0.7995831805909607,9.0,Per ASHA expenditure of ASHA incentive fund,12,indicator_12,0.7995831805909607,9.0,140,6837.539432176654,4,coverage,5.295432324957312,35.0,6837.539432176654,2025,39
p,0.5539512989237234,51.0,2025-01-01,Hapur,CZ8kLjgqvSH,140,Meerut Division,ante_natal,1.0,1.0,% of pregnant women received 4 or more ANC and tested for Hb against estimated PW,1,indicator_1,1.0,1.0,204,100.0,4,coverage,5.4882458398824525,21.0,100.0,2025,46
p,0.5539512989237234,51.0,2025-01-01,Hapur,CZ8kLjgqvSH,140,Meerut Division,delivery_care,0.5097582412636102,48.0,% of pregnant women delivered in institution against estimated delivery,2,indicator_2,0.5906055272412024,15.0,204,78.47655109324654,4,coverage,5.4882458398824525,21.0,78.47655109324654,2025,46
n,0.5539512989237234,51.0,2025-01-01,Hapur,CZ8kLjgqvSH,140,Meerut Division,delivery_care,0.5097582412636102,48.0,Still birth ratio,4,indicator_4,0.9249503984220095,14.0,204,1.5653535090007826,4,quality,0.9318097974858188,66.0,1.5653535090007826,2025,46
p,0.5539512989237234,51.0,2025-01-01,Hapur,CZ8kLjgqvSH,140,Meerut Division,delivery_care,0.5097582412636102,48.0,% of C-section delivery against reported delivery (70% weightage to CHC),31,indicator_31,0.0068593990638092465,73.0,204,1.6210173281162659,4,quality,0.9318097974858188,66.0,1.9507121296813863,2025,46
p,0.5539512989237234,51.0,2025-01-01,Hapur,CZ8kLjgqvSH,140,Meerut Division,delivery_care,0.5097582412636102,48.0,% of C-section delivery against reported delivery (30% to DH),32,indicator_32,0.0068593990638092465,73.0,204,2.72,4,quality,0.9318097974858188,66.0,1.9507121296813863,2025,46
p,0.5539512989237234,51.0,2025-01-01,Hapur,CZ8kLjgqvSH,140,Meerut Division,post_natal_care,1.0,1.0,% of newborns received HBNC visits (Institutional Delivery and Home Delivery),5,indicator_5,1.0,1.0,204,100.0,4,coverage,5.4882458398824525,21.0,100.0,2025,46
p,0.5539512989237234,51.0,2025-01-01,Hapur,CZ8kLjgqvSH,140,Meerut Division,immunization,0.5,63.0,"% of children received full immunization (BCG, Penta 1, 2, 3, Measles)",7,indicator_7,1.0,1.0,204,100.0,4,coverage,5.4882458398824525,21.0,100.0,2025,46
p,0.5539512989237234,51.0,2025-01-01,Hapur,CZ8kLjgqvSH,140,Meerut Division,immunization,0.5,63.0,Ratio of Pentavalent 3 to BCG,6,indicator_6,0.0,75.0,204,0.8320119318627835,4,quality,0.9318097974858188,66.0,0.8320119318627835,2025,46
p,0.5539512989237234,51.0,2025-01-01,Hapur,CZ8kLjgqvSH,140,Meerut Division,communicable_diseases,0.5,1.0,% of PW screened for HIV against estimated pregnancy,11,indicator_11,1.0,1.0,204,100.0,4,coverage,5.4882458398824525,21.0,100.0,2025,46
p,0.5539512989237234,51.0,2025-01-01,Hapur,CZ8kLjgqvSH,140,Meerut Division,family_planning,0.1465075439006044,51.0,Permanent Method accepted per 1000 EC,8,indicator_8,0.08940963939815026,58.0,204,2.0849037700826805,4,coverage,5.4882458398824525,21.0,2.0849037700826805,2025,46
p,0.5539512989237234,51.0,2025-01-01,Hapur,CZ8kLjgqvSH,140,Meerut Division,family_planning,0.1465075439006044,51.0,Reversible Method accepted per 1000 EC,9,indicator_9,0.20360544840305853,40.0,204,22.724520333289572,4,coverage,5.4882458398824525,21.0,22.724520333289572,2025,46
p,0.5539512989237234,51.0,2025-01-01,Hapur,CZ8kLjgqvSH,140,Meerut Division,finance,0.6046252248400426,46.0,Per ASHA expenditure of ASHA incentive fund,12,indicator_12,0.6046252248400426,46.0,204,5683.192261185006,4,coverage,5.4882458398824525,21.0,5683.192261185006,2025,46
p,0.5511906688485689,53.0,2025-01-01,Aligarh,frD2HOp3wAs,201,Alligarh Division,ante_natal,1.0,1.0,% of pregnant women received 4 or more ANC and tested for Hb against estimated PW,1,indicator_1,1.0,1.0,143,100.0,4,coverage,5.3242826678520965,33.0,100.0,2025,44
p,0.5511906688485689,53.0,2025-01-01,Aligarh,frD2HOp3wAs,201,Alligarh Division,delivery_care,0.5278473138508128,43.0,% of pregnant women delivered in institution against estimated delivery,2,indicator_2,0.6854857495945587,8.0,143,83.4647709007158,4,coverage,5.3242826678520965,33.0,83.4647709007158,2025,44
n,0.5511906688485689,53.0,2025-01-01,Aligarh,frD2HOp3wAs,201,Alligarh Division,delivery_care,0.5278473138508128,43.0,Still birth ratio,4,indicator_4,0.4354412549547991,70.0,143,10.309278350515463,4,quality,0.8208730228084404,73.0,10.309278350515463,2025,44
p,0.5511906688485689,53.0,2025-01-01,Aligarh,frD2HOp3wAs,201,Alligarh Division,delivery_care,0.5278473138508128,43.0,% of C-section delivery against reported delivery (70% weightage to CHC),31,indicator_31,0.23130746850154035,42.0,143,2.2263450834879404,4,quality,0.8208730228084404,73.0,9.942199520224998,2025,44
p,0.5511906688485689,53.0,2025-01-01,Aligarh,frD2HOp3wAs,201,Alligarh Division,delivery_care,0.5278473138508128,43.0,% of C-section delivery against reported delivery (30% to DH),32,indicator_32,0.23130746850154035,42.0,143,27.94585987261147,4,quality,0.8208730228084404,73.0,9.942199520224998,2025,44
p,0.5511906688485689,53.0,2025-01-01,Aligarh,frD2HOp3wAs,201,Alligarh Division,post_natal_care,0.8446878055325482,14.0,% of newborns received HBNC visits (Institutional Delivery and Home Delivery),5,indicator_5,0.8446878055325482,14.0,143,91.71837592221624,4,coverage,5.3242826678520965,33.0,91.71837592221624,2025,44
p,0.5511906688485689,53.0,2025-01-01,Aligarh,frD2HOp3wAs,201,Alligarh Division,immunization,0.4243926995198968,71.0,"% of children received full immunization (BCG, Penta 1, 2, 3, Measles)",7,indicator_7,0.6946610996876925,30.0,143,91.28304556963705,4,coverage,5.3242826678520965,33.0,91.28304556963705,2025,44
p,0.5511906688485689,53.0,2025-01-01,Aligarh,frD2HOp3wAs,201,Alligarh Division,immunization,0.4243926995198968,71.0,Ratio of Pentavalent 3 to BCG,6,indicator_6,0.15412429935210106,66.0,143,0.9415614773258532,4,quality,0.8208730228084404,73.0,0.9415614773258532,2025,44
p,0.5511906688485689,53.0,2025-01-01,Aligarh,frD2HOp3wAs,201,Alligarh Division,communicable_diseases,0.5,1.0,% of PW screened for HIV against estimated pregnancy,11,indicator_11,1.0,1.0,143,100.0,4,coverage,5.3242826678520965,33.0,100.0,2025,44
p,0.5511906688485689,53.0,2025-01-01,Aligarh,frD2HOp3wAs,201,Alligarh Division,family_planning,0.15558433722739595,49.0,Permanent Method accepted per 1000 EC,8,indicator_8,0.18168735633293734,32.0,143,3.854834656802528,4,coverage,5.3242826678520965,33.0,3.854834656802528,2025,44
p,0.5511906688485689,53.0,2025-01-01,Aligarh,frD2HOp3wAs,201,Alligarh Division,family_planning,0.15558433722739595,49.0,Reversible Method accepted per 1000 EC,9,indicator_9,0.12948131812185454,61.0,143,17.7137652457862,4,coverage,5.3242826678520965,33.0,17.7137652457862,2025,44
p,0.5511906688485689,53.0,2025-01-01,Aligarh,frD2HOp3wAs,201,Alligarh Division,finance,0.7882793385825059,12.0,Per ASHA expenditure of ASHA incentive fund,12,indicator_12,0.7882793385825059,12.0,143,6770.609318996419,4,coverage,5.3242826678520965,33.0,6770.609318996419,2025,44
p,0.5561572722386401,49.0,2025-01-01,Meerut,v8YGmR7nOdj,140,Meerut Division,ante_natal,0.6373141601419503,8.0,% of pregnant women received 4 or more ANC and tested for Hb against estimated PW,1,indicator_1,0.6373141601419503,8.0,138,93.21277835168743,4,coverage,5.179808353496831,45.0,93.21277835168743,2025,30
p,0.5561572722386401,49.0,2025-01-01,Meerut,v8YGmR7nOdj,140,Meerut Division,delivery_care,0.6379792767810432,22.0,% of pregnant women delivered in institution against estimated delivery,2,indicator_2,0.6312048809712502,11.0,138,80.61101595245026,4,coverage,5.179808353496831,45.0,80.61101595245026,2025,30
n,0.5561572722386401,49.0,2025-01-01,Meerut,v8YGmR7nOdj,140,Meerut Division,delivery_care,0.6379792767810432,22.0,Still birth ratio,4,indicator_4,0.2013012571085193,73.0,138,14.491636475757346,4,quality,0.8376027928505188,71.0,14.491636475757346,2025,30
p,0.5561572722386401,49.0,2025-01-01,Meerut,v8YGmR7nOdj,140,Meerut Division,delivery_care,0.6379792767810432,22.0,% of C-section delivery against reported delivery (70% weightage to CHC),31,indicator_31,0.54071584613168,6.0,138,7.552447552447552,4,quality,0.8376027928505188,71.0,20.95870393727815,2025,30
p,0.5561572722386401,49.0,2025-01-01,Meerut,v8YGmR7nOdj,140,Meerut Division,delivery_care,0.6379792767810432,22.0,% of C-section delivery against reported delivery (30% to DH),32,indicator_32,0.54071584613168,6.0,138,52.23996883521621,4,quality,0.8376027928505188,71.0,20.95870393727815,2025,30
p,0.5561572722386401,49.0,2025-01-01,Meerut,v8YGmR7nOdj,140,Meerut Division,post_natal_care,1.0,1.0,% of newborns received HBNC visits (Institutional Delivery and Home Delivery),5,indicator_5,1.0,1.0,138,100.0,4,coverage,5.179808353496831,45.0,100.0,2025,30
p,0.5561572722386401,49.0,2025-01-01,Meerut,v8YGmR7nOdj,140,Meerut Division,immunization,0.4669771385634362,66.0,"% of children received full immunization (BCG, Penta 1, 2, 3, Measles)",7,indicator_7,0.838368587516553,23.0,138,95.38567258972796,4,coverage,5.179808353496831,45.0,95.38567258972796,2025,30
p,0.5561572722386401,49.0,2025-01-01,Meerut,v8YGmR7nOdj,140,Meerut Division,immunization,0.4669771385634362,66.0,Ratio of Pentavalent 3 to BCG,6,indicator_6,0.09558568961031948,70.0,138,0.8999529956249774,4,quality,0.8376027928505188,71.0,0.8999529956249774,2025,30
p,0.5561572722386401,49.0,2025-01-01,Meerut,v8YGmR7nOdj,140,Meerut Division,communicable_diseases,0.5,1.0,% of PW screened for HIV against estimated pregnancy,11,indicator_11,1.0,1.0,138,100.0,4,coverage,5.179808353496831,45.0,100.0,2025,30
p,0.5561572722386401,49.0,2025-01-01,Meerut,v8YGmR7nOdj,140,Meerut Division,family_planning,0.14302078353317366,53.0,Permanent Method accepted per 1000 EC,8,indicator_8,0.10179234319227697,53.0,138,2.3224099702178265,4,coverage,5.179808353496831,45.0,2.3224099702178265,2025,30
p,0.5561572722386401,49.0,2025-01-01,Meerut,v8YGmR7nOdj,140,Meerut Division,family_planning,0.14302078353317366,53.0,Reversible Method accepted per 1000 EC,9,indicator_9,0.18424922387407036,44.0,138,21.416048987109352,4,coverage,5.179808353496831,45.0,21.416048987109352,2025,30
p,0.5561572722386401,49.0,2025-01-01,Meerut,v8YGmR7nOdj,140,Meerut Division,finance,0.7868791578007309,13.0,Per ASHA expenditure of ASHA incentive fund,12,indicator_12,0.7868791578007309,13.0,138,6762.318840579709,4,coverage,5.179808353496831,45.0,6762.318840579709,2025,30
p,0.5407894578429081,56.0,2025-01-01,Etah,ZLcx4iOVyN5,201,Alligarh Division,ante_natal,1.0,1.0,% of pregnant women received 4 or more ANC and tested for Hb against estimated PW,1,indicator_1,1.0,1.0,201,100.0,4,coverage,5.305064252524546,34.0,100.0,2025,21
p,0.5407894578429081,56.0,2025-01-01,Etah,ZLcx4iOVyN5,201,Alligarh Division,delivery_care,0.5226387678353276,44.0,% of pregnant women delivered in institution against estimated delivery,2,indicator_2,0.3313439627021953,45.0,201,64.8461691287886,4,coverage,5.305064252524546,34.0,64.8461691287886,2025,21
n,0.5407894578429081,56.0,2025-01-01,Etah,ZLcx4iOVyN5,201,Alligarh Division,delivery_care,0.5226387678353276,44.0,Still birth ratio,4,indicator_4,0.9324016571535816,10.0,201,1.4322543683758235,4,quality,1.380830042716911,33.0,1.4322543683758235,2025,21
p,0.5407894578429081,56.0,2025-01-01,Etah,ZLcx4iOVyN5,201,Alligarh Division,delivery_care,0.5226387678353276,44.0,% of C-section delivery against reported delivery (70% weightage to CHC),31,indicator_31,0.15208534182510294,55.0,201,0.6987143655673561,4,quality,1.380830042716911,33.0,7.1214908013984335,2025,21
p,0.5407894578429081,56.0,2025-01-01,Etah,ZLcx4iOVyN5,201,Alligarh Division,delivery_care,0.5226387678353276,44.0,% of C-section delivery against reported delivery (30% to DH),32,indicator_32,0.15208534182510294,55.0,201,22.107969151670947,4,quality,1.380830042716911,33.0,7.1214908013984335,2025,21
p,0.5407894578429081,56.0,2025-01-01,Etah,ZLcx4iOVyN5,201,Alligarh Division,post_natal_care,1.0,1.0,% of newborns received HBNC visits (Institutional Delivery and Home Delivery),5,indicator_5,1.0,1.0,201,100.0,4,coverage,5.305064252524546,34.0,100.0,2025,21
p,0.5407894578429081,56.0,2025-01-01,Etah,ZLcx4iOVyN5,201,Alligarh Division,immunization,0.6481715218691132,27.0,"% of children received full immunization (BCG, Penta 1, 2, 3, Measles)",7,indicator_7,1.0,1.0,201,100.0,4,coverage,5.305064252524546,34.0,100.0,2025,21
p,0.5407894578429081,56.0,2025-01-01,Etah,ZLcx4iOVyN5,201,Alligarh Division,immunization,0.6481715218691132,27.0,Ratio of Pentavalent 3 to BCG,6,indicator_6,0.29634304373822634,32.0,201,1.042648709315376,4,quality,1.380830042716911,33.0,1.042648709315376,2025,21
p,0.5407894578429081,56.0,2025-01-01,Etah,ZLcx4iOVyN5,201,Alligarh Division,communicable_diseases,0.5,1.0,% of PW screened for HIV against estimated pregnancy,11,indicator_11,1.0,1.0,201,100.0,4,coverage,5.305064252524546,34.0,100.0,2025,21
p,0.5407894578429081,56.0,2025-01-01,Etah,ZLcx4iOVyN5,201,Alligarh Division,family_planning,0.14783233430526238,50.0,Permanent Method accepted per 1000 EC,8,indicator_8,0.16837620379322868,35.0,201,3.5995203642467257,4,coverage,5.305064252524546,34.0,3.5995203642467257,2025,21
p,0.5407894578429081,56.0,2025-01-01,Etah,ZLcx4iOVyN5,201,Alligarh Division,family_planning,0.14783233430526238,50.0,Reversible Method accepted per 1000 EC,9,indicator_9,0.12728846481729608,63.0,201,17.565529430940472,4,coverage,5.305064252524546,34.0,17.565529430940472,2025,21
p,0.5407894578429081,56.0,2025-01-01,Etah,ZLcx4iOVyN5,201,Alligarh Division,finance,0.6780556212118259,30.0,Per ASHA expenditure of ASHA incentive fund,12,indicator_12,0.6780556212118259,30.0,201,6117.974058060532,4,coverage,5.305064252524546,34.0,6117.974058060532,2025,21
p,0.7147722474565049,1.0,2025-01-01,Hathras,m1IAjmqkoFC,201,Alligarh Division,ante_natal,1.0,1.0,% of pregnant women received 4 or more ANC and tested for Hb against estimated PW,1,indicator_1,1.0,1.0,144,100.0,4,coverage,7.270878546419812,1.0,100.0,2025,48
p,0.7147722474565049,1.0,2025-01-01,Hathras,m1IAjmqkoFC,201,Alligarh Division,delivery_care,0.7102381588222468,14.0,% of pregnant women delivered in institution against estimated delivery,2,indicator_2,1.0,1.0,144,100.0,4,coverage,7.270878546419812,1.0,100.0,2025,48
n,0.7147722474565049,1.0,2025-01-01,Hathras,m1IAjmqkoFC,201,Alligarh Division,delivery_care,0.7102381588222468,14.0,Still birth ratio,4,indicator_4,0.9217430669628004,17.0,144,1.6226449112052646,4,quality,1.3416433434570465,34.0,1.6226449112052646,2025,48
p,0.7147722474565049,1.0,2025-01-01,Hathras,m1IAjmqkoFC,201,Alligarh Division,delivery_care,0.7102381588222468,14.0,% of C-section delivery against reported delivery (70% weightage to CHC),31,indicator_31,0.10448570475197012,64.0,144,4.296935160942553,4,quality,1.3416433434570465,34.0,5.4267027801990535,2025,48
p,0.7147722474565049,1.0,2025-01-01,Hathras,m1IAjmqkoFC,201,Alligarh Division,delivery_care,0.7102381588222468,14.0,% of C-section delivery against reported delivery (30% to DH),32,indicator_32,0.10448570475197012,64.0,144,8.062827225130889,4,quality,1.3416433434570465,34.0,5.4267027801990535,2025,48
p,0.7147722474565049,1.0,2025-01-01,Hathras,m1IAjmqkoFC,201,Alligarh Division,post_natal_care,0.9082003850257276,9.0,% of newborns received HBNC visits (Institutional Delivery and Home Delivery),5,indicator_5,0.9082003850257276,9.0,144,95.10502118453077,4,coverage,7.270878546419812,1.0,95.10502118453077,2025,48
p,0.7147722474565049,1.0,2025-01-01,Hathras,m1IAjmqkoFC,201,Alligarh Division,immunization,0.6577072858711379,24.0,"% of children received full immunization (BCG, Penta 1, 2, 3, Measles)",7,indicator_7,1.0,1.0,144,100.0,4,coverage,7.270878546419812,1.0,100.0,2025,48
p,0.7147722474565049,1.0,2025-01-01,Hathras,m1IAjmqkoFC,201,Alligarh Division,immunization,0.6577072858711379,24.0,Ratio of Pentavalent 3 to BCG,6,indicator_6,0.3154145717422758,30.0,144,1.0562045031318774,4,quality,1.3416433434570465,34.0,1.0562045031318774,2025,48
p,0.7147722474565049,1.0,2025-01-01,Hathras,m1IAjmqkoFC,201,Alligarh Division,communicable_diseases,0.5,1.0,% of PW screened for HIV against estimated pregnancy,11,indicator_11,1.0,1.0,144,100.0,4,coverage,7.270878546419812,1.0,100.0,2025,48
p,0.7147722474565049,1.0,2025-01-01,Hathras,m1IAjmqkoFC,201,Alligarh Division,family_planning,0.7832124177182479,1.0,Permanent Method accepted per 1000 EC,8,indicator_8,0.7754756103379155,3.0,144,15.243978275056325,4,coverage,7.270878546419812,1.0,15.243978275056325,2025,48
p,0.7147722474565049,1.0,2025-01-01,Hathras,m1IAjmqkoFC,201,Alligarh Division,family_planning,0.7832124177182479,1.0,Reversible Method accepted per 1000 EC,9,indicator_9,0.7909492250985806,3.0,144,62.428673434655714,4,coverage,7.270878546419812,1.0,62.428673434655714,2025,48
p,0.7147722474565049,1.0,2025-01-01,Hathras,m1IAjmqkoFC,201,Alligarh Division,finance,0.7962533259575889,10.0,Per ASHA expenditure of ASHA incentive fund,12,indicator_12,0.7962533259575889,10.0,144,6817.8233438485795,4,coverage,7.270878546419812,1.0,6817.8233438485795,2025,48
p,0.5616904546149859,45.0,2025-01-01,Kasganj,hITp09XOBLZ,201,Alligarh Division,ante_natal,1.0,1.0,% of pregnant women received 4 or more ANC and tested for Hb against estimated PW,1,indicator_1,1.0,1.0,202,100.0,4,coverage,4.651528996355796,69.0,100.0,2025,70
p,0.5616904546149859,45.0,2025-01-01,Kasganj,hITp09XOBLZ,201,Alligarh Division,delivery_care,0.5460016749006881,40.0,% of pregnant women delivered in institution against estimated delivery,2,indicator_2,0.4142498763752522,37.0,202,69.20485327267805,4,coverage,4.651528996355796,69.0,69.20485327267805,2025,70
n,0.5616904546149859,45.0,2025-01-01,Kasganj,hITp09XOBLZ,201,Alligarh Division,delivery_care,0.5460016749006881,40.0,Still birth ratio,4,indicator_4,0.6355396717537951,49.0,202,6.734992679355782,4,quality,1.1878599662422222,48.0,6.734992679355782,2025,70
p,0.5616904546149859,45.0,2025-01-01,Kasganj,hITp09XOBLZ,201,Alligarh Division,delivery_care,0.5460016749006881,40.0,% of C-section delivery against reported delivery (70% weightage to CHC),31,indicator_31,0.2941077382865085,32.0,202,2.0422055820285907,4,quality,1.1878599662422222,48.0,12.178207009024293,2025,70
p,0.5616904546149859,45.0,2025-01-01,Kasganj,hITp09XOBLZ,201,Alligarh Division,delivery_care,0.5460016749006881,40.0,% of C-section delivery against reported delivery (30% to DH),32,indicator_32,0.2941077382865085,32.0,202,35.82887700534759,4,quality,1.1878599662422222,48.0,12.178207009024293,2025,70
p,0.5616904546149859,45.0,2025-01-01,Kasganj,hITp09XOBLZ,201,Alligarh Division,post_natal_care,1.0,1.0,% of newborns received HBNC visits (Institutional Delivery and Home Delivery),5,indicator_5,1.0,1.0,202,100.0,4,coverage,4.651528996355796,69.0,100.0,2025,70
p,0.5616904546149859,45.0,2025-01-01,Kasganj,hITp09XOBLZ,201,Alligarh Division,immunization,0.38995924000089255,72.0,"% of children received full immunization (BCG, Penta 1, 2, 3, Measles)",7,indicator_7,0.5217059237998664,36.0,202,86.34544218805826,4,coverage,4.651528996355796,69.0,86.34544218805826,2025,70
p,0.5616904546149859,45.0,2025-01-01,Kasganj,hITp09XOBLZ,201,Alligarh Division,immunization,0.38995924000089255,72.0,Ratio of Pentavalent 3 to BCG,6,indicator_6,0.25821255620191874,39.0,202,1.0155460551884958,4,quality,1.1878599662422222,48.0,1.0155460551884958,2025,70
p,0.5616904546149859,45.0,2025-01-01,Kasganj,hITp09XOBLZ,201,Alligarh Division,communicable_diseases,0.5,1.0,% of PW screened for HIV against estimated pregnancy,11,indicator_11,1.0,1.0,202,100.0,4,coverage,4.651528996355796,69.0,100.0,2025,70
p,0.5616904546149859,45.0,2025-01-01,Kasganj,hITp09XOBLZ,201,Alligarh Division,family_planning,0.04908423309382555,74.0,Permanent Method accepted per 1000 EC,8,indicator_8,0.07257444926237053,66.0,202,1.7619967455604384,4,coverage,4.651528996355796,69.0,1.7619967455604384,2025,70
p,0.5616904546149859,45.0,2025-01-01,Kasganj,hITp09XOBLZ,201,Alligarh Division,family_planning,0.04908423309382555,74.0,Reversible Method accepted per 1000 EC,9,indicator_9,0.025594016925280568,74.0,202,10.691034307522116,4,coverage,4.651528996355796,69.0,10.691034307522116,2025,70
p,0.5616904546149859,45.0,2025-01-01,Kasganj,hITp09XOBLZ,201,Alligarh Division,finance,0.6174047299930266,42.0,Per ASHA expenditure of ASHA incentive fund,12,indicator_12,0.6174047299930266,42.0,202,5758.859784283513,4,coverage,4.651528996355796,69.0,5758.859784283513,2025,70
p,0.5734631292828108,32.0,2025-01-01,Ballia,oNDvGBE5fLq,193,Azamgarh Division,ante_natal,1.0,1.0,% of pregnant women received 4 or more ANC and tested for Hb against estimated PW,1,indicator_1,1.0,1.0,193,100.0,4,coverage,4.816867027517488,65.0,100.0,2025,5
p,0.5734631292828108,32.0,2025-01-01,Ballia,oNDvGBE5fLq,193,Azamgarh Division,delivery_care,0.4441390765635825,61.0,% of pregnant women delivered in institution against estimated delivery,2,indicator_2,0.1474356400096898,73.0,193,55.177398174640906,4,coverage,4.816867027517488,65.0,55.177398174640906,2025,5
n,0.5734631292828108,32.0,2025-01-01,Ballia,oNDvGBE5fLq,193,Azamgarh Division,delivery_care,0.4441390765635825,61.0,Still birth ratio,4,indicator_4,0.8799575504051574,23.0,193,2.369044485390892,4,quality,1.1774777866533166,49.0,2.369044485390892,2025,5
p,0.5734631292828108,32.0,2025-01-01,Ballia,oNDvGBE5fLq,193,Azamgarh Division,delivery_care,0.4441390765635825,61.0,% of C-section delivery against reported delivery (70% weightage to CHC),31,indicator_31,0.15251201963795008,54.0,193,2.3055881203595154,4,quality,1.1774777866533166,49.0,7.136682691307465,2025,5
p,0.5734631292828108,32.0,2025-01-01,Ballia,oNDvGBE5fLq,193,Azamgarh Division,delivery_care,0.4441390765635825,61.0,% of C-section delivery against reported delivery (30% to DH),32,indicator_32,0.15251201963795008,54.0,193,18.409236690186017,4,quality,1.1774777866533166,49.0,7.136682691307465,2025,5
p,0.5734631292828108,32.0,2025-01-01,Ballia,oNDvGBE5fLq,193,Azamgarh Division,post_natal_care,1.0,1.0,% of newborns received HBNC visits (Institutional Delivery and Home Delivery),5,indicator_5,1.0,1.0,193,100.0,4,coverage,4.816867027517488,65.0,100.0,2025,5
p,0.5734631292828108,32.0,2025-01-01,Ballia,oNDvGBE5fLq,193,Azamgarh Division,immunization,0.4954289414774151,64.0,"% of children received full immunization (BCG, Penta 1, 2, 3, Measles)",7,indicator_7,0.8458496663446212,22.0,193,95.59924584609169,4,coverage,4.816867027517488,65.0,95.59924584609169,2025,5
p,0.5734631292828108,32.0,2025-01-01,Ballia,oNDvGBE5fLq,193,Azamgarh Division,immunization,0.4954289414774151,64.0,Ratio of Pentavalent 3 to BCG,6,indicator_6,0.14500821661020907,67.0,193,0.9350818843935504,4,quality,1.1774777866533166,49.0,0.9350818843935504,2025,5
p,0.5734631292828108,32.0,2025-01-01,Ballia,oNDvGBE5fLq,193,Azamgarh Division,communicable_diseases,0.5,1.0,% of PW screened for HIV against estimated pregnancy,11,indicator_11,1.0,1.0,193,100.0,4,coverage,4.816867027517488,65.0,100.0,2025,5
p,0.5734631292828108,32.0,2025-01-01,Ballia,oNDvGBE5fLq,193,Azamgarh Division,family_planning,0.14451587151919326,52.0,Permanent Method accepted per 1000 EC,8,indicator_8,0.17866335230136166,34.0,193,3.7968328085249667,4,coverage,4.816867027517488,65.0,3.7968328085249667,2025,5
p,0.5734631292828108,32.0,2025-01-01,Ballia,oNDvGBE5fLq,193,Azamgarh Division,family_planning,0.14451587151919326,52.0,Reversible Method accepted per 1000 EC,9,indicator_9,0.1103683907370249,65.0,193,16.421740667996275,4,coverage,4.816867027517488,65.0,16.421740667996275,2025,5
p,0.5734631292828108,32.0,2025-01-01,Ballia,oNDvGBE5fLq,193,Azamgarh Division,finance,0.5345499781247912,63.0,Per ASHA expenditure of ASHA incentive fund,12,indicator_12,0.5345499781247912,63.0,193,5268.276324614353,4,coverage,4.816867027517488,65.0,5268.276324614353,2025,5
p,0.5817586738566386,26.0,2025-01-01,Maunathbhanjan,CBSB9v92AwT,193,Azamgarh Division,ante_natal,1.0,1.0,% of pregnant women received 4 or more ANC and tested for Hb against estimated PW,1,indicator_1,1.0,1.0,192,100.0,4,coverage,5.749719747925138,14.0,100.0,2025,6
p,0.5817586738566386,26.0,2025-01-01,Maunathbhanjan,CBSB9v92AwT,193,Azamgarh Division,delivery_care,0.7776932292883915,8.0,% of pregnant women delivered in institution against estimated delivery,2,indicator_2,0.7067564400348205,6.0,192,84.58305326495301,4,coverage,5.749719747925138,14.0,84.58305326495301,2025,6
n,0.5817586738566386,26.0,2025-01-01,Maunathbhanjan,CBSB9v92AwT,193,Azamgarh Division,delivery_care,0.7776932292883915,8.0,Still birth ratio,4,indicator_4,1.0,1.0,192,0.22476961114857272,4,quality,1.5533057317112535,16.0,0.22476961114857272,2025,6
p,0.5817586738566386,26.0,2025-01-01,Maunathbhanjan,CBSB9v92AwT,193,Azamgarh Division,delivery_care,0.7776932292883915,8.0,% of C-section delivery against reported delivery (70% weightage to CHC),31,indicator_31,0.3131616239151769,31.0,192,7.3646850044365575,4,quality,1.5533057317112535,16.0,12.856621784984783,2025,6
p,0.5817586738566386,26.0,2025-01-01,Maunathbhanjan,CBSB9v92AwT,193,Azamgarh Division,delivery_care,0.7776932292883915,8.0,% of C-section delivery against reported delivery (30% to DH),32,indicator_32,0.3131616239151769,31.0,192,25.671140939597315,4,quality,1.5533057317112535,16.0,12.856621784984783,2025,6
p,0.5817586738566386,26.0,2025-01-01,Maunathbhanjan,CBSB9v92AwT,193,Azamgarh Division,post_natal_care,1.0,1.0,% of newborns received HBNC visits (Institutional Delivery and Home Delivery),5,indicator_5,1.0,1.0,192,100.0,4,coverage,5.749719747925138,14.0,100.0,2025,6
p,0.5817586738566386,26.0,2025-01-01,Maunathbhanjan,CBSB9v92AwT,193,Azamgarh Division,immunization,0.6200720538980383,38.0,"% of children received full immunization (BCG, Penta 1, 2, 3, Measles)",7,indicator_7,1.0,1.0,192,100.0,4,coverage,5.749719747925138,14.0,100.0,2025,6
p,0.5817586738566386,26.0,2025-01-01,Maunathbhanjan,CBSB9v92AwT,193,Azamgarh Division,immunization,0.6200720538980383,38.0,Ratio of Pentavalent 3 to BCG,6,indicator_6,0.24014410779607656,48.0,192,1.002703237291488,4,quality,1.5533057317112535,16.0,1.002703237291488,2025,6
p,0.5817586738566386,26.0,2025-01-01,Maunathbhanjan,CBSB9v92AwT,193,Azamgarh Division,communicable_diseases,0.5,1.0,% of PW screened for HIV against estimated pregnancy,11,indicator_11,1.0,1.0,192,100.0,4,coverage,5.749719747925138,14.0,100.0,2025,6
p,0.5817586738566386,26.0,2025-01-01,Maunathbhanjan,CBSB9v92AwT,193,Azamgarh Division,family_planning,0.24214020228720504,27.0,Permanent Method accepted per 1000 EC,8,indicator_8,0.2754886857501326,21.0,192,5.653989161981769,4,coverage,5.749719747925138,14.0,5.653989161981769,2025,6
p,0.5817586738566386,26.0,2025-01-01,Maunathbhanjan,CBSB9v92AwT,193,Azamgarh Division,family_planning,0.24214020228720504,27.0,Reversible Method accepted per 1000 EC,9,indicator_9,0.20879171882427755,39.0,192,23.07510968657715,4,coverage,5.749719747925138,14.0,23.07510968657715,2025,6
p,0.5817586738566386,26.0,2025-01-01,Maunathbhanjan,CBSB9v92AwT,193,Azamgarh Division,finance,0.5586829033159071,61.0,Per ASHA expenditure of ASHA incentive fund,12,indicator_12,0.5586829033159071,61.0,192,5411.167512690357,4,coverage,5.749719747925138,14.0,5411.167512690357,2025,6
p,0.5353496962349951,59.0,2025-01-01,Budaun,eA37kyBRRuZ,150,Bareilly Division,ante_natal,1.0,1.0,% of pregnant women received 4 or more ANC and tested for Hb against estimated PW,1,indicator_1,1.0,1.0,149,100.0,4,coverage,5.101506034714807,51.0,100.0,2025,58
p,0.5353496962349951,59.0,2025-01-01,Budaun,eA37kyBRRuZ,150,Bareilly Division,delivery_care,0.491429448574171,49.0,% of pregnant women delivered in institution against estimated delivery,2,indicator_2,0.3806277768102179,42.0,149,67.43720961777179,4,coverage,5.101506034714807,51.0,67.43720961777179,2025,58
n,0.5353496962349951,59.0,2025-01-01,Budaun,eA37kyBRRuZ,150,Bareilly Division,delivery_care,0.491429448574171,49.0,Still birth ratio,4,indicator_4,0.8147191388227479,37.0,149,3.5343746437122334,4,quality,1.1543334273241923,54.0,3.5343746437122334,2025,58
p,0.5353496962349951,59.0,2025-01-01,Budaun,eA37kyBRRuZ,150,Bareilly Division,delivery_care,0.491429448574171,49.0,% of C-section delivery against reported delivery (70% weightage to CHC),31,indicator_31,0.1394707150447734,58.0,149,0.6602216458382457,4,quality,1.1543334273241923,54.0,6.6723462348893205,2025,58
p,0.5353496962349951,59.0,2025-01-01,Budaun,eA37kyBRRuZ,150,Bareilly Division,delivery_care,0.491429448574171,49.0,% of C-section delivery against reported delivery (30% to DH),32,indicator_32,0.1394707150447734,58.0,149,20.70063694267516,4,quality,1.1543334273241923,54.0,6.6723462348893205,2025,58
p,0.5353496962349951,59.0,2025-01-01,Budaun,eA37kyBRRuZ,150,Bareilly Division,post_natal_care,0.7241056233427687,21.0,% of newborns received HBNC visits (Institutional Delivery and Home Delivery),5,indicator_5,0.7241056233427687,21.0,149,85.28864059590316,4,coverage,5.101506034714807,51.0,85.28864059590316,2025,58
p,0.5353496962349951,59.0,2025-01-01,Budaun,eA37kyBRRuZ,150,Bareilly Division,immunization,0.5813183714730036,52.0,"% of children received full immunization (BCG, Penta 1, 2, 3, Measles)",7,indicator_7,0.9624931694893364,11.0,149,98.92923786633672,4,coverage,5.101506034714807,51.0,98.92923786633672,2025,58
p,0.5353496962349951,59.0,2025-01-01,Budaun,eA37kyBRRuZ,150,Bareilly Division,immunization,0.5813183714730036,52.0,Ratio of Pentavalent 3 to BCG,6,indicator_6,0.2001435734566708,58.0,149,0.9742713782427672,4,quality,1.1543334273241923,54.0,0.9742713782427672,2025,58
p,0.5353496962349951,59.0,2025-01-01,Budaun,eA37kyBRRuZ,150,Bareilly Division,communicable_diseases,0.5,1.0,% of PW screened for HIV against estimated pregnancy,11,indicator_11,1.0,1.0,149,100.0,4,coverage,5.101506034714807,51.0,100.0,2025,58
p,0.5353496962349951,59.0,2025-01-01,Budaun,eA37kyBRRuZ,150,Bareilly Division,family_planning,0.21846062621618612,32.0,Permanent Method accepted per 1000 EC,8,indicator_8,0.08606692096152374,62.0,149,2.0207888265934058,4,coverage,5.101506034714807,51.0,2.0207888265934058,2025,58
p,0.5353496962349951,59.0,2025-01-01,Budaun,eA37kyBRRuZ,150,Bareilly Division,family_planning,0.21846062621618612,32.0,Reversible Method accepted per 1000 EC,9,indicator_9,0.3508543314708485,11.0,149,32.678473076640856,4,coverage,5.101506034714807,51.0,32.678473076640856,2025,58
p,0.5353496962349951,59.0,2025-01-01,Budaun,eA37kyBRRuZ,150,Bareilly Division,finance,0.5973582126401108,48.0,Per ASHA expenditure of ASHA incentive fund,12,indicator_12,0.5973582126401108,48.0,149,5640.1642403882015,4,coverage,5.101506034714807,51.0,5640.1642403882015,2025,58
p,0.5211791593706548,63.0,2025-01-01,Bareilly,vVqY3DPcpHf,150,Bareilly Division,ante_natal,1.0,1.0,% of pregnant women received 4 or more ANC and tested for Hb against estimated PW,1,indicator_1,1.0,1.0,150,100.0,4,coverage,5.280909053683573,37.0,100.0,2025,56
p,0.5211791593706548,63.0,2025-01-01,Bareilly,vVqY3DPcpHf,150,Bareilly Division,delivery_care,0.5145379223698695,45.0,% of pregnant women delivered in institution against estimated delivery,2,indicator_2,0.3300862408322195,46.0,150,64.78004583155669,4,coverage,5.280909053683573,37.0,64.78004583155669,2025,56
n,0.5211791593706548,63.0,2025-01-01,Bareilly,vVqY3DPcpHf,150,Bareilly Division,delivery_care,0.5145379223698695,45.0,Still birth ratio,4,indicator_4,0.6521791195070188,46.0,150,6.437768240343348,4,quality,0.9739109854927112,64.0,6.437768240343348,2025,56
p,0.5211791593706548,63.0,2025-01-01,Bareilly,vVqY3DPcpHf,150,Bareilly Division,delivery_care,0.5145379223698695,45.0,% of C-section delivery against reported delivery (70% weightage to CHC),31,indicator_31,0.28067420338518523,35.0,150,3.4473435176422877,4,quality,0.9739109854927112,64.0,11.699905168231954,2025,56
p,0.5211791593706548,63.0,2025-01-01,Bareilly,vVqY3DPcpHf,150,Bareilly Division,delivery_care,0.5145379223698695,45.0,% of C-section delivery against reported delivery (30% to DH),32,indicator_32,0.28067420338518523,35.0,150,30.955882352941174,4,quality,0.9739109854927112,64.0,11.699905168231954,2025,56
p,0.5211791593706548,63.0,2025-01-01,Bareilly,vVqY3DPcpHf,150,Bareilly Division,post_natal_care,1.0,1.0,% of newborns received HBNC visits (Institutional Delivery and Home Delivery),5,indicator_5,1.0,1.0,150,100.0,4,coverage,5.280909053683573,37.0,100.0,2025,56
p,0.5211791593706548,63.0,2025-01-01,Bareilly,vVqY3DPcpHf,150,Bareilly Division,immunization,0.5205288313002536,60.0,"% of children received full immunization (BCG, Penta 1, 2, 3, Measles)",7,indicator_7,1.0,1.0,150,100.0,4,coverage,5.280909053683573,37.0,100.0,2025,56
p,0.5211791593706548,63.0,2025-01-01,Bareilly,vVqY3DPcpHf,150,Bareilly Division,immunization,0.5205288313002536,60.0,Ratio of Pentavalent 3 to BCG,6,indicator_6,0.041057662600507264,74.0,150,0.8611951839169336,4,quality,0.9739109854927112,64.0,0.8611951839169336,2025,56
p,0.5211791593706548,63.0,2025-01-01,Bareilly,vVqY3DPcpHf,150,Bareilly Division,communicable_diseases,0.5,1.0,% of PW screened for HIV against estimated pregnancy,11,indicator_11,1.0,1.0,150,100.0,4,coverage,5.280909053683573,37.0,100.0,2025,56
p,0.5211791593706548,63.0,2025-01-01,Bareilly,vVqY3DPcpHf,150,Bareilly Division,family_planning,0.17720626902558498,42.0,Permanent Method accepted per 1000 EC,8,indicator_8,0.11201917883013587,46.0,150,2.5185655847054025,4,coverage,5.280909053683573,37.0,2.5185655847054025,2025,56
p,0.5211791593706548,63.0,2025-01-01,Bareilly,vVqY3DPcpHf,150,Bareilly Division,family_planning,0.17720626902558498,42.0,Reversible Method accepted per 1000 EC,9,indicator_9,0.24239335922103405,26.0,150,25.346564203854648,4,coverage,5.280909053683573,37.0,25.346564203854648,2025,56
p,0.5211791593706548,63.0,2025-01-01,Bareilly,vVqY3DPcpHf,150,Bareilly Division,finance,0.596410274800184,50.0,Per ASHA expenditure of ASHA incentive fund,12,indicator_12,0.596410274800184,50.0,150,5634.5514950166125,4,coverage,5.280909053683573,37.0,5634.5514950166125,2025,56
p,0.5716493806272385,35.0,2025-01-01,Pilibhit,c96jwckSd6j,150,Bareilly Division,ante_natal,1.0,1.0,% of pregnant women received 4 or more ANC and tested for Hb against estimated PW,1,indicator_1,1.0,1.0,151,100.0,4,coverage,5.237556209868236,42.0,100.0,2025,29
p,0.5716493806272385,35.0,2025-01-01,Pilibhit,c96jwckSd6j,150,Bareilly Division,delivery_care,0.6720987500392561,17.0,% of pregnant women delivered in institution against estimated delivery,2,indicator_2,0.3917709372877604,41.0,151,68.0230486096417,4,coverage,5.237556209868236,42.0,68.0230486096417,2025,29
n,0.5716493806272385,35.0,2025-01-01,Pilibhit,c96jwckSd6j,150,Bareilly Division,delivery_care,0.6720987500392561,17.0,Still birth ratio,4,indicator_4,0.8128729975274961,38.0,151,3.5673515981735164,4,quality,1.3072961600573545,38.0,3.5673515981735164,2025,29
p,0.5716493806272385,35.0,2025-01-01,Pilibhit,c96jwckSd6j,150,Bareilly Division,delivery_care,0.6720987500392561,17.0,% of C-section delivery against reported delivery (70% weightage to CHC),31,indicator_31,0.4058261576512559,16.0,151,0.932050511124474,4,quality,1.3072961600573545,38.0,16.155948238349193,2025,29
p,0.5716493806272385,35.0,2025-01-01,Pilibhit,c96jwckSd6j,150,Bareilly Division,delivery_care,0.6720987500392561,17.0,% of C-section delivery against reported delivery (30% to DH),32,indicator_32,0.4058261576512559,16.0,151,51.67837626854021,4,quality,1.3072961600573545,38.0,16.155948238349193,2025,29
p,0.5716493806272385,35.0,2025-01-01,Pilibhit,c96jwckSd6j,150,Bareilly Division,post_natal_care,1.0,1.0,% of newborns received HBNC visits (Institutional Delivery and Home Delivery),5,indicator_5,1.0,1.0,151,100.0,4,coverage,5.237556209868236,42.0,100.0,2025,29
p,0.5716493806272385,35.0,2025-01-01,Pilibhit,c96jwckSd6j,150,Bareilly Division,immunization,0.5119342343117178,62.0,"% of children received full immunization (BCG, Penta 1, 2, 3, Measles)",7,indicator_7,0.935271463744833,16.0,151,98.15210017359965,4,coverage,5.237556209868236,42.0,98.15210017359965,2025,29
p,0.5716493806272385,35.0,2025-01-01,Pilibhit,c96jwckSd6j,150,Bareilly Division,immunization,0.5119342343117178,62.0,Ratio of Pentavalent 3 to BCG,6,indicator_6,0.08859700487860257,71.0,151,0.8949855295020968,4,quality,1.3072961600573545,38.0,0.8949855295020968,2025,29
p,0.5716493806272385,35.0,2025-01-01,Pilibhit,c96jwckSd6j,150,Bareilly Division,communicable_diseases,0.5,1.0,% of PW screened for HIV against estimated pregnancy,11,indicator_11,1.0,1.0,151,100.0,4,coverage,5.237556209868236,42.0,100.0,2025,29
p,0.5716493806272385,35.0,2025-01-01,Pilibhit,c96jwckSd6j,150,Bareilly Division,family_planning,0.12408957158707727,60.0,Permanent Method accepted per 1000 EC,8,indicator_8,0.10436229753657736,49.0,151,2.3717029276351806,4,coverage,5.237556209868236,42.0,2.3717029276351806,2025,29
p,0.5716493806272385,35.0,2025-01-01,Pilibhit,c96jwckSd6j,150,Bareilly Division,family_planning,0.12408957158707727,60.0,Reversible Method accepted per 1000 EC,9,indicator_9,0.14381684563757718,56.0,151,18.682839920375216,4,coverage,5.237556209868236,42.0,18.682839920375216,2025,29
p,0.5716493806272385,35.0,2025-01-01,Pilibhit,c96jwckSd6j,150,Bareilly Division,finance,0.6623346656614878,33.0,Per ASHA expenditure of ASHA incentive fund,12,indicator_12,0.6623346656614878,33.0,151,6024.890190336746,4,coverage,5.237556209868236,42.0,6024.890190336746,2025,29
p,0.4509740649734991,74.0,2025-01-01,Shahjahanpur,GaiLSoQq1ue,150,Bareilly Division,ante_natal,1.0,1.0,% of pregnant women received 4 or more ANC and tested for Hb against estimated PW,1,indicator_1,1.0,1.0,152,100.0,4,coverage,4.4956549673778685,73.0,100.0,2025,28
p,0.4509740649734991,74.0,2025-01-01,Shahjahanpur,GaiLSoQq1ue,150,Bareilly Division,delivery_care,0.33049570740764617,70.0,% of pregnant women delivered in institution against estimated delivery,2,indicator_2,0.20008025310266428,70.0,152,57.94512884888972,4,coverage,4.4956549673778685,73.0,57.94512884888972,2025,28
n,0.4509740649734991,74.0,2025-01-01,Shahjahanpur,GaiLSoQq1ue,150,Bareilly Division,delivery_care,0.33049570740764617,70.0,Still birth ratio,4,indicator_4,0.4743290872089798,65.0,152,9.614639063348069,4,quality,0.7466668607653177,74.0,9.614639063348069,2025,28
p,0.4509740649734991,74.0,2025-01-01,Shahjahanpur,GaiLSoQq1ue,150,Bareilly Division,delivery_care,0.33049570740764617,70.0,% of C-section delivery against reported delivery (70% weightage to CHC),31,indicator_31,0.15853889095564716,52.0,152,1.2774229380727575,4,quality,0.7466668607653177,74.0,7.351269817231341,2025,28
p,0.4509740649734991,74.0,2025-01-01,Shahjahanpur,GaiLSoQq1ue,150,Bareilly Division,delivery_care,0.33049570740764617,70.0,% of C-section delivery against reported delivery (30% to DH),32,indicator_32,0.15853889095564716,52.0,152,21.5235792019347,4,quality,0.7466668607653177,74.0,7.351269817231341,2025,28
p,0.4509740649734991,74.0,2025-01-01,Shahjahanpur,GaiLSoQq1ue,150,Bareilly Division,post_natal_care,1.0,1.0,% of newborns received HBNC visits (Institutional Delivery and Home Delivery),5,indicator_5,1.0,1.0,152,100.0,4,coverage,4.4956549673778685,73.0,100.0,2025,28
p,0.4509740649734991,74.0,2025-01-01,Shahjahanpur,GaiLSoQq1ue,150,Bareilly Division,immunization,0.5422262524858529,57.0,"% of children received full immunization (BCG, Penta 1, 2, 3, Measles)",7,indicator_7,0.9706536223710148,9.0,152,99.1622062035776,4,coverage,4.4956549673778685,73.0,99.1622062035776,2025,28
p,0.4509740649734991,74.0,2025-01-01,Shahjahanpur,GaiLSoQq1ue,150,Bareilly Division,immunization,0.5422262524858529,57.0,Ratio of Pentavalent 3 to BCG,6,indicator_6,0.11379888260069072,69.0,152,0.9128986960882648,4,quality,0.7466668607653177,74.0,0.9128986960882648,2025,28
p,0.4509740649734991,74.0,2025-01-01,Shahjahanpur,GaiLSoQq1ue,150,Bareilly Division,communicable_diseases,0.5,1.0,% of PW screened for HIV against estimated pregnancy,11,indicator_11,1.0,1.0,152,100.0,4,coverage,4.4956549673778685,73.0,100.0,2025,28
p,0.4509740649734991,74.0,2025-01-01,Shahjahanpur,GaiLSoQq1ue,150,Bareilly Division,family_planning,0.16246054595209486,45.0,Permanent Method accepted per 1000 EC,8,indicator_8,0.09577272735211972,55.0,152,2.206950850122649,4,coverage,4.4956549673778685,73.0,2.206950850122649,2025,28
p,0.4509740649734991,74.0,2025-01-01,Shahjahanpur,GaiLSoQq1ue,150,Bareilly Division,family_planning,0.16246054595209486,45.0,Reversible Method accepted per 1000 EC,9,indicator_9,0.22914836455206994,30.0,152,24.451209018307253,4,coverage,4.4956549673778685,73.0,24.451209018307253,2025,28
p,0.4509740649734991,74.0,2025-01-01,Shahjahanpur,GaiLSoQq1ue,150,Bareilly Division,finance,0.0,75.0,Per ASHA expenditure of ASHA incentive fund,12,indicator_12,0.0,75.0,152,2103.202846975089,4,coverage,4.4956549673778685,73.0,2103.202846975089,2025,28
p,0.5387038382342362,57.0,2025-01-01,Basti,J1P16zQEOUT,185,Basti Division,ante_natal,1.0,1.0,% of pregnant women received 4 or more ANC and tested for Hb against estimated PW,1,indicator_1,1.0,1.0,185,100.0,4,coverage,4.864886462256834,63.0,100.0,2025,71
p,0.5387038382342362,57.0,2025-01-01,Basti,J1P16zQEOUT,185,Basti Division,delivery_care,0.626448213789291,26.0,% of pregnant women delivered in institution against estimated delivery,2,indicator_2,0.11503054032159918,74.0,185,53.47373690448546,4,coverage,4.864886462256834,63.0,53.47373690448546,2025,71
n,0.5387038382342362,57.0,2025-01-01,Basti,J1P16zQEOUT,185,Basti Division,delivery_care,0.626448213789291,26.0,Still birth ratio,4,indicator_4,0.7584558265684203,42.0,185,4.539385847797062,4,quality,1.5151009209476671,19.0,4.539385847797062,2025,71
p,0.5387038382342362,57.0,2025-01-01,Basti,J1P16zQEOUT,185,Basti Division,delivery_care,0.626448213789291,26.0,% of C-section delivery against reported delivery (70% weightage to CHC),31,indicator_31,0.5029291372389268,7.0,185,2.6406790317510214,4,quality,1.5151009209476671,19.0,19.61330583070029,2025,71
p,0.5387038382342362,57.0,2025-01-01,Basti,J1P16zQEOUT,185,Basti Division,delivery_care,0.626448213789291,26.0,% of C-section delivery against reported delivery (30% to DH),32,indicator_32,0.5029291372389268,7.0,185,59.21610169491526,4,quality,1.5151009209476671,19.0,19.61330583070029,2025,71
p,0.5387038382342362,57.0,2025-01-01,Basti,J1P16zQEOUT,185,Basti Division,post_natal_care,1.0,1.0,% of newborns received HBNC visits (Institutional Delivery and Home Delivery),5,indicator_5,1.0,1.0,185,100.0,4,coverage,4.864886462256834,63.0,100.0,2025,71
p,0.5387038382342362,57.0,2025-01-01,Basti,J1P16zQEOUT,185,Basti Division,immunization,0.62685797857016,31.0,"% of children received full immunization (BCG, Penta 1, 2, 3, Measles)",7,indicator_7,1.0,1.0,185,100.0,4,coverage,4.864886462256834,63.0,100.0,2025,71
p,0.5387038382342362,57.0,2025-01-01,Basti,J1P16zQEOUT,185,Basti Division,immunization,0.62685797857016,31.0,Ratio of Pentavalent 3 to BCG,6,indicator_6,0.2537159571403199,42.0,185,1.012349931115922,4,quality,1.5151009209476671,19.0,1.012349931115922,2025,71
p,0.5387038382342362,57.0,2025-01-01,Basti,J1P16zQEOUT,185,Basti Division,communicable_diseases,0.5,1.0,% of PW screened for HIV against estimated pregnancy,11,indicator_11,1.0,1.0,185,100.0,4,coverage,4.864886462256834,63.0,100.0,2025,71
p,0.5387038382342362,57.0,2025-01-01,Basti,J1P16zQEOUT,185,Basti Division,family_planning,0.1358172821137297,56.0,Permanent Method accepted per 1000 EC,8,indicator_8,0.09622604896995196,54.0,185,2.215645776261601,4,coverage,4.864886462256834,63.0,2.215645776261601,2025,71
p,0.5387038382342362,57.0,2025-01-01,Basti,J1P16zQEOUT,185,Basti Division,family_planning,0.1358172821137297,56.0,Reversible Method accepted per 1000 EC,9,indicator_9,0.17540851525750747,47.0,185,20.818421392565952,4,coverage,4.864886462256834,63.0,20.818421392565952,2025,71
p,0.5387038382342362,57.0,2025-01-01,Basti,J1P16zQEOUT,185,Basti Division,finance,0.4782213577077751,68.0,Per ASHA expenditure of ASHA incentive fund,12,indicator_12,0.4782213577077751,68.0,185,4934.754240974334,4,coverage,4.864886462256834,63.0,4934.754240974334,2025,71
p,0.5673927092449864,40.0,2025-01-01,Sant Kabir Nagar,fe1yBApr2sl,185,Basti Division,ante_natal,1.0,1.0,% of pregnant women received 4 or more ANC and tested for Hb against estimated PW,1,indicator_1,1.0,1.0,186,100.0,4,coverage,5.288936332801437,36.0,100.0,2025,11
p,0.5673927092449864,40.0,2025-01-01,Sant Kabir Nagar,fe1yBApr2sl,185,Basti Division,delivery_care,0.910657655449803,3.0,% of pregnant women delivered in institution against estimated delivery,2,indicator_2,0.29107642030554,54.0,186,62.729148873154685,4,coverage,5.288936332801437,36.0,62.729148873154685,2025,11
n,0.5673927092449864,40.0,2025-01-01,Sant Kabir Nagar,fe1yBApr2sl,185,Basti Division,delivery_care,0.910657655449803,3.0,Still birth ratio,4,indicator_4,0.9978934405667884,2.0,186,0.2623983206507478,4,quality,1.969153379604052,3.0,0.2623983206507478,2025,11
p,0.5673927092449864,40.0,2025-01-01,Sant Kabir Nagar,fe1yBApr2sl,185,Basti Division,delivery_care,0.910657655449803,3.0,% of C-section delivery against reported delivery (70% weightage to CHC),31,indicator_31,0.7215015527385403,2.0,186,13.317422434367545,4,quality,1.969153379604052,3.0,27.39559019947012,2025,11
p,0.5673927092449864,40.0,2025-01-01,Sant Kabir Nagar,fe1yBApr2sl,185,Basti Division,delivery_care,0.910657655449803,3.0,% of C-section delivery against reported delivery (30% to DH),32,indicator_32,0.7215015527385403,2.0,186,60.24464831804281,4,quality,1.969153379604052,3.0,27.39559019947012,2025,11
p,0.5673927092449864,40.0,2025-01-01,Sant Kabir Nagar,fe1yBApr2sl,185,Basti Division,post_natal_care,1.0,1.0,% of newborns received HBNC visits (Institutional Delivery and Home Delivery),5,indicator_5,1.0,1.0,186,100.0,4,coverage,5.288936332801437,36.0,100.0,2025,11
p,0.5673927092449864,40.0,2025-01-01,Sant Kabir Nagar,fe1yBApr2sl,185,Basti Division,immunization,0.6248791931493614,35.0,"% of children received full immunization (BCG, Penta 1, 2, 3, Measles)",7,indicator_7,1.0,1.0,186,100.0,4,coverage,5.288936332801437,36.0,100.0,2025,11
p,0.5673927092449864,40.0,2025-01-01,Sant Kabir Nagar,fe1yBApr2sl,185,Basti Division,immunization,0.6248791931493614,35.0,Ratio of Pentavalent 3 to BCG,6,indicator_6,0.24975838629872274,45.0,186,1.0095369412846145,4,quality,1.969153379604052,3.0,1.0095369412846145,2025,11
p,0.5673927092449864,40.0,2025-01-01,Sant Kabir Nagar,fe1yBApr2sl,185,Basti Division,communicable_diseases,0.5,1.0,% of PW screened for HIV against estimated pregnancy,11,indicator_11,1.0,1.0,186,100.0,4,coverage,5.288936332801437,36.0,100.0,2025,11
p,0.5673927092449864,40.0,2025-01-01,Sant Kabir Nagar,fe1yBApr2sl,185,Basti Division,family_planning,0.3169352918706158,16.0,Permanent Method accepted per 1000 EC,8,indicator_8,0.20564624693652409,29.0,186,4.314377674330782,4,coverage,5.288936332801437,36.0,4.314377674330782,2025,11
p,0.5673927092449864,40.0,2025-01-01,Sant Kabir Nagar,fe1yBApr2sl,185,Basti Division,family_planning,0.3169352918706158,16.0,Reversible Method accepted per 1000 EC,9,indicator_9,0.4282243368047075,7.0,186,37.908647736040585,4,coverage,5.288936332801437,36.0,37.908647736040585,2025,11
p,0.5673927092449864,40.0,2025-01-01,Sant Kabir Nagar,fe1yBApr2sl,185,Basti Division,finance,0.3639893287546632,72.0,Per ASHA expenditure of ASHA incentive fund,12,indicator_12,0.3639893287546632,72.0,186,4258.385744234801,4,coverage,5.288936332801437,36.0,4258.385744234801,2025,11
p,0.4603202821325157,73.0,2025-01-01,Siddharth Nagar,cP0p8qfm3il,185,Basti Division,ante_natal,1.0,1.0,% of pregnant women received 4 or more ANC and tested for Hb against estimated PW,1,indicator_1,1.0,1.0,184,100.0,4,coverage,4.6299959534620445,71.0,100.0,2025,1
p,0.4603202821325157,73.0,2025-01-01,Siddharth Nagar,cP0p8qfm3il,185,Basti Division,delivery_care,0.4059129114572693,66.0,% of pregnant women delivered in institution against estimated delivery,2,indicator_2,0.0,75.0,184,47.42613704158532,4,coverage,4.6299959534620445,71.0,47.42613704158532,2025,1
n,0.4603202821325157,73.0,2025-01-01,Siddharth Nagar,cP0p8qfm3il,185,Basti Division,delivery_care,0.4059129114572693,66.0,Still birth ratio,4,indicator_4,0.8546248183228117,31.0,184,2.8215539192072123,4,quality,1.265461354623773,44.0,2.8215539192072123,2025,1
p,0.4603202821325157,73.0,2025-01-01,Siddharth Nagar,cP0p8qfm3il,185,Basti Division,delivery_care,0.4059129114572693,66.0,% of C-section delivery against reported delivery (70% weightage to CHC),31,indicator_31,0.18155695802449806,47.0,184,3.604153940134392,4,quality,1.265461354623773,44.0,8.170829518485274,2025,1
p,0.4603202821325157,73.0,2025-01-01,Siddharth Nagar,cP0p8qfm3il,185,Basti Division,delivery_care,0.4059129114572693,66.0,% of C-section delivery against reported delivery (30% to DH),32,indicator_32,0.18155695802449806,47.0,184,18.82640586797066,4,quality,1.265461354623773,44.0,8.170829518485274,2025,1
p,0.4603202821325157,73.0,2025-01-01,Siddharth Nagar,cP0p8qfm3il,185,Basti Division,post_natal_care,0.5512554046554572,24.0,% of newborns received HBNC visits (Institutional Delivery and Home Delivery),5,indicator_5,0.5512554046554572,24.0,184,76.07184639735738,4,coverage,4.6299959534620445,71.0,76.07184639735738,2025,1
p,0.4603202821325157,73.0,2025-01-01,Siddharth Nagar,cP0p8qfm3il,185,Basti Division,immunization,0.6004805377654135,43.0,"% of children received full immunization (BCG, Penta 1, 2, 3, Measles)",7,indicator_7,0.9716814972543638,8.0,184,99.1915504453663,4,coverage,4.6299959534620445,71.0,99.1915504453663,2025,1
p,0.4603202821325157,73.0,2025-01-01,Siddharth Nagar,cP0p8qfm3il,185,Basti Division,immunization,0.6004805377654135,43.0,Ratio of Pentavalent 3 to BCG,6,indicator_6,0.2292795782764633,51.0,184,0.9949808711522936,4,quality,1.265461354623773,44.0,0.9949808711522936,2025,1
p,0.4603202821325157,73.0,2025-01-01,Siddharth Nagar,cP0p8qfm3il,185,Basti Division,communicable_diseases,0.5,1.0,% of PW screened for HIV against estimated pregnancy,11,indicator_11,1.0,1.0,184,100.0,4,coverage,4.6299959534620445,71.0,100.0,2025,1
p,0.4603202821325157,73.0,2025-01-01,Siddharth Nagar,cP0p8qfm3il,185,Basti Division,family_planning,0.17908265512996716,41.0,Permanent Method accepted per 1000 EC,8,indicator_8,0.06532187804959201,69.0,184,1.6228889498322066,4,coverage,4.6299959534620445,71.0,1.6228889498322066,2025,1
p,0.4603202821325157,73.0,2025-01-01,Siddharth Nagar,cP0p8qfm3il,185,Basti Division,family_planning,0.17908265512996716,41.0,Reversible Method accepted per 1000 EC,9,indicator_9,0.2928434322103423,17.0,184,28.75696455441627,4,coverage,4.6299959534620445,71.0,28.75696455441627,2025,1
p,0.4603202821325157,73.0,2025-01-01,Siddharth Nagar,cP0p8qfm3il,185,Basti Division,finance,0.7488937412922894,19.0,Per ASHA expenditure of ASHA incentive fund,12,indicator_12,0.7488937412922894,19.0,184,6537.40697218958,4,coverage,4.6299959534620445,71.0,6537.40697218958,2025,1
p,0.5697978039246764,37.0,2025-01-01,Banda,DggJGxqbWHn,170,Chitrakoot Division,ante_natal,1.0,1.0,% of pregnant women received 4 or more ANC and tested for Hb against estimated PW,1,indicator_1,1.0,1.0,170,100.0,4,coverage,4.932247950243344,61.0,100.0,2025,47
p,0.5697978039246764,37.0,2025-01-01,Banda,DggJGxqbWHn,170,Chitrakoot Division,delivery_care,0.2533752012336896,74.0,% of pregnant women delivered in institution against estimated delivery,2,indicator_2,0.21852645663642356,68.0,170,58.9149170255766,4,coverage,4.932247950243344,61.0,58.9149170255766,2025,47
n,0.5697978039246764,37.0,2025-01-01,Banda,DggJGxqbWHn,170,Chitrakoot Division,delivery_care,0.2533752012336896,74.0,Still birth ratio,4,indicator_4,0.223564303276602,72.0,170,14.093959731543624,4,quality,1.0849183042677175,59.0,14.093959731543624,2025,47
p,0.5697978039246764,37.0,2025-01-01,Banda,DggJGxqbWHn,170,Chitrakoot Division,delivery_care,0.2533752012336896,74.0,% of C-section delivery against reported delivery (70% weightage to CHC),31,indicator_31,0.15901742189402154,51.0,170,0.40056550424128173,4,quality,1.0849183042677175,59.0,7.368307940880983,2025,47
p,0.5697978039246764,37.0,2025-01-01,Banda,DggJGxqbWHn,170,Chitrakoot Division,delivery_care,0.2533752012336896,74.0,% of C-section delivery against reported delivery (30% to DH),32,indicator_32,0.15901742189402154,51.0,170,23.626373626373624,4,quality,1.0849183042677175,59.0,7.368307940880983,2025,47
p,0.5697978039246764,37.0,2025-01-01,Banda,DggJGxqbWHn,170,Chitrakoot Division,post_natal_care,0.8242090379435137,17.0,% of newborns received HBNC visits (Institutional Delivery and Home Delivery),5,indicator_5,0.8242090379435137,17.0,170,90.62639821029086,4,coverage,4.932247950243344,61.0,90.62639821029086,2025,47
p,0.5697978039246764,37.0,2025-01-01,Banda,DggJGxqbWHn,170,Chitrakoot Division,immunization,0.6820229703302095,17.0,"% of children received full immunization (BCG, Penta 1, 2, 3, Measles)",7,indicator_7,0.6617093615633249,32.0,170,90.34232429456344,4,coverage,4.932247950243344,61.0,90.34232429456344,2025,47
p,0.5697978039246764,37.0,2025-01-01,Banda,DggJGxqbWHn,170,Chitrakoot Division,immunization,0.6820229703302095,17.0,Ratio of Pentavalent 3 to BCG,6,indicator_6,0.7023365790970939,4.0,170,1.3312236286919832,4,quality,1.0849183042677175,59.0,1.3312236286919832,2025,47
p,0.5697978039246764,37.0,2025-01-01,Banda,DggJGxqbWHn,170,Chitrakoot Division,communicable_diseases,0.5,1.0,% of PW screened for HIV against estimated pregnancy,11,indicator_11,1.0,1.0,170,100.0,4,coverage,4.932247950243344,61.0,100.0,2025,47
p,0.5697978039246764,37.0,2025-01-01,Banda,DggJGxqbWHn,170,Chitrakoot Division,family_planning,0.3017566208461228,19.0,Permanent Method accepted per 1000 EC,8,indicator_8,0.3574947523886242,15.0,170,7.226904867562637,4,coverage,4.932247950243344,61.0,7.226904867562637,2025,47
p,0.5697978039246764,37.0,2025-01-01,Banda,DggJGxqbWHn,170,Chitrakoot Division,family_planning,0.3017566208461228,19.0,Reversible Method accepted per 1000 EC,9,indicator_9,0.2460184893036213,25.0,170,25.591621230969494,4,coverage,4.932247950243344,61.0,25.591621230969494,2025,47
p,0.5697978039246764,37.0,2025-01-01,Banda,DggJGxqbWHn,170,Chitrakoot Division,finance,0.6242898524078361,41.0,Per ASHA expenditure of ASHA incentive fund,12,indicator_12,0.6242898524078361,41.0,170,5799.6266334785305,4,coverage,4.932247950243344,61.0,5799.6266334785305,2025,47
p,0.6194068319087165,10.0,2025-01-01,Chitrakoot,i2fSZZ3QAJJ,170,Chitrakoot Division,ante_natal,1.0,1.0,% of pregnant women received 4 or more ANC and tested for Hb against estimated PW,1,indicator_1,1.0,1.0,171,100.0,4,coverage,5.812622646473512,11.0,100.0,2025,38
p,0.6194068319087165,10.0,2025-01-01,Chitrakoot,i2fSZZ3QAJJ,170,Chitrakoot Division,delivery_care,0.33765421091984743,69.0,% of pregnant women delivered in institution against estimated delivery,2,indicator_2,0.4764860302563539,28.0,171,72.47684829788192,4,coverage,5.812622646473512,11.0,72.47684829788192,2025,38
n,0.6194068319087165,10.0,2025-01-01,Chitrakoot,i2fSZZ3QAJJ,170,Chitrakoot Division,delivery_care,0.33765421091984743,69.0,Still birth ratio,4,indicator_4,0.4730732309028519,66.0,171,9.637071970473652,4,quality,1.2711867651658493,43.0,9.637071970473652,2025,38
p,0.6194068319087165,10.0,2025-01-01,Chitrakoot,i2fSZZ3QAJJ,170,Chitrakoot Division,delivery_care,0.33765421091984743,69.0,% of C-section delivery against reported delivery (70% weightage to CHC),31,indicator_31,0.03170168580016828,71.0,171,1.38217000691085,4,quality,1.2711867651658493,43.0,2.8352232849932366,2025,38
p,0.6194068319087165,10.0,2025-01-01,Chitrakoot,i2fSZZ3QAJJ,170,Chitrakoot Division,delivery_care,0.33765421091984743,69.0,% of C-section delivery against reported delivery (30% to DH),32,indicator_32,0.03170168580016828,71.0,171,6.225680933852139,4,quality,1.2711867651658493,43.0,2.8352232849932366,2025,38
p,0.6194068319087165,10.0,2025-01-01,Chitrakoot,i2fSZZ3QAJJ,170,Chitrakoot Division,post_natal_care,1.0,1.0,% of newborns received HBNC visits (Institutional Delivery and Home Delivery),5,indicator_5,1.0,1.0,171,100.0,4,coverage,5.812622646473512,11.0,100.0,2025,38
p,0.6194068319087165,10.0,2025-01-01,Chitrakoot,i2fSZZ3QAJJ,170,Chitrakoot Division,immunization,0.7830620073549595,5.0,"% of children received full immunization (BCG, Penta 1, 2, 3, Measles)",7,indicator_7,0.7997121662470896,25.0,171,94.28209141385365,4,coverage,5.812622646473512,11.0,94.28209141385365,2025,38
p,0.6194068319087165,10.0,2025-01-01,Chitrakoot,i2fSZZ3QAJJ,170,Chitrakoot Division,immunization,0.7830620073549595,5.0,Ratio of Pentavalent 3 to BCG,6,indicator_6,0.7664118484628293,2.0,171,1.376767495972794,4,quality,1.2711867651658493,43.0,1.376767495972794,2025,38
p,0.6194068319087165,10.0,2025-01-01,Chitrakoot,i2fSZZ3QAJJ,170,Chitrakoot Division,communicable_diseases,0.5,1.0,% of PW screened for HIV against estimated pregnancy,11,indicator_11,1.0,1.0,171,100.0,4,coverage,5.812622646473512,11.0,100.0,2025,38
p,0.6194068319087165,10.0,2025-01-01,Chitrakoot,i2fSZZ3QAJJ,170,Chitrakoot Division,family_planning,0.3843579532228968,11.0,Permanent Method accepted per 1000 EC,8,indicator_8,0.5782439472462808,8.0,171,11.46098034293684,4,coverage,5.812622646473512,11.0,11.46098034293684,2025,38
p,0.6194068319087165,10.0,2025-01-01,Chitrakoot,i2fSZZ3QAJJ,170,Chitrakoot Division,family_planning,0.3843579532228968,11.0,Reversible Method accepted per 1000 EC,9,indicator_9,0.1904719591995127,43.0,171,21.836702862869615,4,coverage,5.812622646473512,11.0,21.836702862869615,2025,38
p,0.6194068319087165,10.0,2025-01-01,Chitrakoot,i2fSZZ3QAJJ,170,Chitrakoot Division,finance,0.7677085435242751,17.0,Per ASHA expenditure of ASHA incentive fund,12,indicator_12,0.7677085435242751,17.0,171,6648.809523809523,4,coverage,5.812622646473512,11.0,6648.809523809523,2025,38
p,0.5890559963086501,18.0,2025-01-01,Hamirpur,VSI7HobT5qL,170,Chitrakoot Division,ante_natal,1.0,1.0,% of pregnant women received 4 or more ANC and tested for Hb against estimated PW,1,indicator_1,1.0,1.0,168,100.0,4,coverage,4.984062997122974,57.0,100.0,2025,36
p,0.5890559963086501,18.0,2025-01-01,Hamirpur,VSI7HobT5qL,170,Chitrakoot Division,delivery_care,0.3190606472676291,71.0,% of pregnant women delivered in institution against estimated delivery,2,indicator_2,0.29062013947115456,55.0,168,62.705160427097155,4,coverage,4.984062997122974,57.0,62.705160427097155,2025,36
n,0.5890559963086501,18.0,2025-01-01,Hamirpur,VSI7HobT5qL,170,Chitrakoot Division,delivery_care,0.3190606472676291,71.0,Still birth ratio,4,indicator_4,0.4445654909246629,68.0,168,10.14629542236904,4,quality,1.3186265856378183,36.0,10.14629542236904,2025,36
p,0.5890559963086501,18.0,2025-01-01,Hamirpur,VSI7HobT5qL,170,Chitrakoot Division,delivery_care,0.3190606472676291,71.0,% of C-section delivery against reported delivery (70% weightage to CHC),31,indicator_31,0.11099815570353494,62.0,168,0.87070091423596,4,quality,1.3186265856378183,36.0,5.658578999011454,2025,36
p,0.5890559963086501,18.0,2025-01-01,Hamirpur,VSI7HobT5qL,170,Chitrakoot Division,delivery_care,0.3190606472676291,71.0,% of C-section delivery against reported delivery (30% to DH),32,indicator_32,0.11099815570353494,62.0,168,16.830294530154276,4,quality,1.3186265856378183,36.0,5.658578999011454,2025,36
p,0.5890559963086501,18.0,2025-01-01,Hamirpur,VSI7HobT5qL,170,Chitrakoot Division,post_natal_care,1.0,1.0,% of newborns received HBNC visits (Institutional Delivery and Home Delivery),5,indicator_5,1.0,1.0,168,100.0,4,coverage,4.984062997122974,57.0,100.0,2025,36
p,0.5890559963086501,18.0,2025-01-01,Hamirpur,VSI7HobT5qL,170,Chitrakoot Division,immunization,0.6485379012640393,26.0,"% of children received full immunization (BCG, Penta 1, 2, 3, Measles)",7,indicator_7,0.5340128635184579,35.0,168,86.69678632597997,4,coverage,4.984062997122974,57.0,86.69678632597997,2025,36
p,0.5890559963086501,18.0,2025-01-01,Hamirpur,VSI7HobT5qL,170,Chitrakoot Division,immunization,0.6485379012640393,26.0,Ratio of Pentavalent 3 to BCG,6,indicator_6,0.7630629390096207,3.0,168,1.3743871347323005,4,quality,1.3186265856378183,36.0,1.3743871347323005,2025,36
p,0.5890559963086501,18.0,2025-01-01,Hamirpur,VSI7HobT5qL,170,Chitrakoot Division,communicable_diseases,0.5,1.0,% of PW screened for HIV against estimated pregnancy,11,indicator_11,1.0,1.0,168,100.0,4,coverage,4.984062997122974,57.0,100.0,2025,36
p,0.5890559963086501,18.0,2025-01-01,Hamirpur,VSI7HobT5qL,170,Chitrakoot Division,family_planning,0.3359835286179301,15.0,Permanent Method accepted per 1000 EC,8,indicator_8,0.2828232931854792,20.0,168,5.79467045182078,4,coverage,4.984062997122974,57.0,5.79467045182078,2025,36
p,0.5890559963086501,18.0,2025-01-01,Hamirpur,VSI7HobT5qL,170,Chitrakoot Division,family_planning,0.3359835286179301,15.0,Reversible Method accepted per 1000 EC,9,indicator_9,0.3891437640503811,8.0,168,35.26682006118768,4,coverage,4.984062997122974,57.0,35.26682006118768,2025,36
p,0.5890559963086501,18.0,2025-01-01,Hamirpur,VSI7HobT5qL,170,Chitrakoot Division,finance,0.4874629368975027,67.0,Per ASHA expenditure of ASHA incentive fund,12,indicator_12,0.4874629368975027,67.0,168,4989.473684210529,4,coverage,4.984062997122974,57.0,4989.473684210529,2025,36
p,0.5817590574565534,25.0,2025-01-01,Mahoba,sUQMxIc3yXj,170,Chitrakoot Division,ante_natal,0.96685120579792,4.0,% of pregnant women received 4 or more ANC and tested for Hb against estimated PW,1,indicator_1,0.96685120579792,4.0,169,99.379660883061,4,coverage,5.480076073535772,22.0,99.379660883061,2025,42
p,0.5817590574565534,25.0,2025-01-01,Mahoba,sUQMxIc3yXj,170,Chitrakoot Division,delivery_care,0.15886518853331535,75.0,% of pregnant women delivered in institution against estimated delivery,2,indicator_2,0.1592685641288228,72.0,169,55.79950070567753,4,coverage,5.480076073535772,22.0,55.79950070567753,2025,42
n,0.5817590574565534,25.0,2025-01-01,Mahoba,sUQMxIc3yXj,170,Chitrakoot Division,delivery_care,0.15886518853331535,75.0,Still birth ratio,4,indicator_4,0.10259019640104246,74.0,169,16.25487646293888,4,quality,1.2099585989360828,46.0,16.25487646293888,2025,42
p,0.5817590574565534,25.0,2025-01-01,Mahoba,sUQMxIc3yXj,170,Chitrakoot Division,delivery_care,0.15886518853331535,75.0,% of C-section delivery against reported delivery (70% weightage to CHC),31,indicator_31,0.1073684025350404,63.0,169,0.19329896907216496,4,quality,1.2099585989360828,46.0,5.529341413010041,2025,42
p,0.5817590574565534,25.0,2025-01-01,Mahoba,sUQMxIc3yXj,170,Chitrakoot Division,delivery_care,0.15886518853331535,75.0,% of C-section delivery against reported delivery (30% to DH),32,indicator_32,0.1073684025350404,63.0,169,17.980107115531748,4,quality,1.2099585989360828,46.0,5.529341413010041,2025,42
p,0.5817590574565534,25.0,2025-01-01,Mahoba,sUQMxIc3yXj,170,Chitrakoot Division,post_natal_care,0.9817095257364158,3.0,% of newborns received HBNC visits (Institutional Delivery and Home Delivery),5,indicator_5,0.9817095257364158,3.0,169,99.02470741222366,4,coverage,5.480076073535772,22.0,99.02470741222366,2025,42
p,0.5817590574565534,25.0,2025-01-01,Mahoba,sUQMxIc3yXj,170,Chitrakoot Division,immunization,0.8850060670468167,1.0,"% of children received full immunization (BCG, Penta 1, 2, 3, Measles)",7,indicator_7,0.7700121340936334,27.0,169,93.4342013264878,4,coverage,5.480076073535772,22.0,93.4342013264878,2025,42
p,0.5817590574565534,25.0,2025-01-01,Mahoba,sUQMxIc3yXj,170,Chitrakoot Division,immunization,0.8850060670468167,1.0,Ratio of Pentavalent 3 to BCG,6,indicator_6,1.0,1.0,169,1.5427989130434785,4,quality,1.2099585989360828,46.0,1.5427989130434785,2025,42
p,0.5817590574565534,25.0,2025-01-01,Mahoba,sUQMxIc3yXj,170,Chitrakoot Division,communicable_diseases,0.5,1.0,% of PW screened for HIV against estimated pregnancy,11,indicator_11,1.0,1.0,169,100.0,4,coverage,5.480076073535772,22.0,100.0,2025,42
p,0.5817590574565534,25.0,2025-01-01,Mahoba,sUQMxIc3yXj,170,Chitrakoot Division,family_planning,0.44786924641887627,7.0,Permanent Method accepted per 1000 EC,8,indicator_8,0.6201842943363232,6.0,169,12.265416323585086,4,coverage,5.480076073535772,22.0,12.265416323585086,2025,42
p,0.5817590574565534,25.0,2025-01-01,Mahoba,sUQMxIc3yXj,170,Chitrakoot Division,family_planning,0.44786924641887627,7.0,Reversible Method accepted per 1000 EC,9,indicator_9,0.2755541985014293,21.0,169,27.588220780461477,4,coverage,5.480076073535772,22.0,27.588220780461477,2025,42
p,0.5817590574565534,25.0,2025-01-01,Mahoba,sUQMxIc3yXj,170,Chitrakoot Division,finance,0.7064961509412275,27.0,Per ASHA expenditure of ASHA incentive fund,12,indicator_12,0.7064961509412275,27.0,169,6286.370597243489,4,coverage,5.480076073535772,22.0,6286.370597243489,2025,42
p,0.4955032924971288,69.0,2025-01-01,Balrampur,uS0pNSxN3sS,182,Gonda Division,ante_natal,1.0,1.0,% of pregnant women received 4 or more ANC and tested for Hb against estimated PW,1,indicator_1,1.0,1.0,182,100.0,4,coverage,4.149512343051161,74.0,100.0,2025,72
p,0.4955032924971288,69.0,2025-01-01,Balrampur,uS0pNSxN3sS,182,Gonda Division,delivery_care,0.4721356036214084,53.0,% of pregnant women delivered in institution against estimated delivery,2,indicator_2,0.2861123136324077,56.0,182,62.46816660921049,4,coverage,4.149512343051161,74.0,62.46816660921049,2025,72
n,0.4955032924971288,69.0,2025-01-01,Balrampur,uS0pNSxN3sS,182,Gonda Division,delivery_care,0.4721356036214084,53.0,Still birth ratio,4,indicator_4,0.5789574959461674,55.0,182,7.745699627804044,4,quality,1.19813328995308,47.0,7.745699627804044,2025,72
p,0.4955032924971288,69.0,2025-01-01,Balrampur,uS0pNSxN3sS,182,Gonda Division,delivery_care,0.4721356036214084,53.0,% of C-section delivery against reported delivery (70% weightage to CHC),31,indicator_31,0.27566850064282505,36.0,182,0.8778625954198473,4,quality,1.19813328995308,47.0,11.521676812574484,2025,72
p,0.4955032924971288,69.0,2025-01-01,Balrampur,uS0pNSxN3sS,182,Gonda Division,delivery_care,0.4721356036214084,53.0,% of C-section delivery against reported delivery (30% to DH),32,indicator_32,0.27566850064282505,36.0,182,36.35724331926863,4,quality,1.19813328995308,47.0,11.521676812574484,2025,72
p,0.4955032924971288,69.0,2025-01-01,Balrampur,uS0pNSxN3sS,182,Gonda Division,post_natal_care,0.9810405370589952,4.0,% of newborns received HBNC visits (Institutional Delivery and Home Delivery),5,indicator_5,0.9810405370589952,4.0,182,98.98903530831907,4,coverage,4.149512343051161,74.0,98.98903530831907,2025,72
p,0.4955032924971288,69.0,2025-01-01,Balrampur,uS0pNSxN3sS,182,Gonda Division,immunization,0.6717536466820438,20.0,"% of children received full immunization (BCG, Penta 1, 2, 3, Measles)",7,indicator_7,1.0,1.0,182,100.0,4,coverage,4.149512343051161,74.0,100.0,2025,72
p,0.4955032924971288,69.0,2025-01-01,Balrampur,uS0pNSxN3sS,182,Gonda Division,immunization,0.6717536466820438,20.0,Ratio of Pentavalent 3 to BCG,6,indicator_6,0.3435072933640877,27.0,182,1.0761724439265947,4,quality,1.19813328995308,47.0,1.0761724439265947,2025,72
p,0.4955032924971288,69.0,2025-01-01,Balrampur,uS0pNSxN3sS,182,Gonda Division,communicable_diseases,0.22564978637023064,5.0,% of PW screened for HIV against estimated pregnancy,11,indicator_11,0.4512995727404612,5.0,182,87.52273395973091,4,coverage,4.149512343051161,74.0,87.52273395973091,2025,72
p,0.4955032924971288,69.0,2025-01-01,Balrampur,uS0pNSxN3sS,182,Gonda Division,family_planning,0.0925711902247799,69.0,Permanent Method accepted per 1000 EC,8,indicator_8,0.04367939191067883,73.0,182,1.2077756813739138,4,coverage,4.149512343051161,74.0,1.2077756813739138,2025,72
p,0.4955032924971288,69.0,2025-01-01,Balrampur,uS0pNSxN3sS,182,Gonda Division,family_planning,0.0925711902247799,69.0,Reversible Method accepted per 1000 EC,9,indicator_9,0.14146298853888098,57.0,182,18.52372032750036,4,coverage,4.149512343051161,74.0,18.52372032750036,2025,72
p,0.4955032924971288,69.0,2025-01-01,Balrampur,uS0pNSxN3sS,182,Gonda Division,finance,0.245917539169737,73.0,Per ASHA expenditure of ASHA incentive fund,12,indicator_12,0.245917539169737,73.0,182,3559.282002834195,4,coverage,4.149512343051161,74.0,3559.282002834195,2025,72
p,0.5211885236992002,62.0,2025-01-01,Gonda,y8WarEkWCul,182,Gonda Division,ante_natal,1.0,1.0,% of pregnant women received 4 or more ANC and tested for Hb against estimated PW,1,indicator_1,1.0,1.0,183,100.0,4,coverage,4.820420687808971,64.0,100.0,2025,2
p,0.5211885236992002,62.0,2025-01-01,Gonda,y8WarEkWCul,182,Gonda Division,delivery_care,0.4564814275896682,59.0,% of pregnant women delivered in institution against estimated delivery,2,indicator_2,0.34672875655075924,44.0,183,65.65500717222646,4,coverage,4.820420687808971,64.0,65.65500717222646,2025,2
n,0.5211885236992002,62.0,2025-01-01,Gonda,y8WarEkWCul,182,Gonda Division,delivery_care,0.4564814275896682,59.0,Still birth ratio,4,indicator_4,0.4926514725097662,64.0,183,9.287352919410939,4,quality,0.919944146831906,69.0,9.287352919410939,2025,2
p,0.5211885236992002,62.0,2025-01-01,Gonda,y8WarEkWCul,182,Gonda Division,delivery_care,0.4564814275896682,59.0,% of C-section delivery against reported delivery (70% weightage to CHC),31,indicator_31,0.2650320268542397,38.0,183,0.7022900763358778,4,quality,0.919944146831906,69.0,11.142964505650813,2025,2
p,0.5211885236992002,62.0,2025-01-01,Gonda,y8WarEkWCul,182,Gonda Division,delivery_care,0.4564814275896682,59.0,% of C-section delivery against reported delivery (30% to DH),32,indicator_32,0.2650320268542397,38.0,183,35.50453817405233,4,quality,0.919944146831906,69.0,11.142964505650813,2025,2
p,0.5211885236992002,62.0,2025-01-01,Gonda,y8WarEkWCul,182,Gonda Division,post_natal_care,0.7481770896279706,20.0,% of newborns received HBNC visits (Institutional Delivery and Home Delivery),5,indicator_5,0.7481770896279706,20.0,183,86.57218974321025,4,coverage,4.820420687808971,64.0,86.57218974321025,2025,2
p,0.5211885236992002,62.0,2025-01-01,Gonda,y8WarEkWCul,182,Gonda Division,immunization,0.5718477885356952,53.0,"% of children received full immunization (BCG, Penta 1, 2, 3, Measles)",7,indicator_7,0.9814349296034904,5.0,183,99.46999588824964,4,coverage,4.820420687808971,64.0,99.46999588824964,2025,2
p,0.5211885236992002,62.0,2025-01-01,Gonda,y8WarEkWCul,182,Gonda Division,immunization,0.5718477885356952,53.0,Ratio of Pentavalent 3 to BCG,6,indicator_6,0.16226064746790006,65.0,183,0.9473446876409172,4,quality,0.919944146831906,69.0,0.9473446876409172,2025,2
p,0.5211885236992002,62.0,2025-01-01,Gonda,y8WarEkWCul,182,Gonda Division,communicable_diseases,0.5,1.0,% of PW screened for HIV against estimated pregnancy,11,indicator_11,1.0,1.0,183,100.0,4,coverage,4.820420687808971,64.0,100.0,2025,2
p,0.5211885236992002,62.0,2025-01-01,Gonda,y8WarEkWCul,182,Gonda Division,family_planning,0.13564233800533218,57.0,Permanent Method accepted per 1000 EC,8,indicator_8,0.08879181572987695,60.0,183,2.0730536156862915,4,coverage,4.820420687808971,64.0,2.0730536156862915,2025,2
p,0.5211885236992002,62.0,2025-01-01,Gonda,y8WarEkWCul,182,Gonda Division,family_planning,0.13564233800533218,57.0,Reversible Method accepted per 1000 EC,9,indicator_9,0.1824928602807874,45.0,183,21.29731966405138,4,coverage,4.820420687808971,64.0,21.29731966405138,2025,2
p,0.5211885236992002,62.0,2025-01-01,Gonda,y8WarEkWCul,182,Gonda Division,finance,0.4727952360160865,69.0,Per ASHA expenditure of ASHA incentive fund,12,indicator_12,0.4727952360160865,69.0,183,4902.626143405134,4,coverage,4.820420687808971,64.0,4902.626143405134,2025,2
p,0.6582671503112626,4.0,2025-01-01,Shrawasti,oyTwneTbWDx,182,Gonda Division,ante_natal,1.0,1.0,% of pregnant women received 4 or more ANC and tested for Hb against estimated PW,1,indicator_1,1.0,1.0,181,100.0,4,coverage,6.679172984698661,2.0,100.0,2025,18
p,0.6582671503112626,4.0,2025-01-01,Shrawasti,oyTwneTbWDx,182,Gonda Division,delivery_care,0.5141940561365493,46.0,% of pregnant women delivered in institution against estimated delivery,2,indicator_2,0.5606475184656171,18.0,181,76.90154284537194,4,coverage,6.679172984698661,2.0,76.90154284537194,2025,18
n,0.6582671503112626,4.0,2025-01-01,Shrawasti,oyTwneTbWDx,182,Gonda Division,delivery_care,0.5141940561365493,46.0,Still birth ratio,4,indicator_4,0.6112045318101866,51.0,181,7.169682485489927,4,quality,1.1761237288158048,50.0,7.169682485489927,2025,18
p,0.6582671503112626,4.0,2025-01-01,Shrawasti,oyTwneTbWDx,182,Gonda Division,delivery_care,0.5141940561365493,46.0,% of C-section delivery against reported delivery (70% weightage to CHC),31,indicator_31,0.185365059066922,46.0,181,1.4556682840758712,4,quality,1.1761237288158048,50.0,8.30641719156566,2025,18
p,0.6582671503112626,4.0,2025-01-01,Shrawasti,oyTwneTbWDx,182,Gonda Division,delivery_care,0.5141940561365493,46.0,% of C-section delivery against reported delivery (30% to DH),32,indicator_32,0.185365059066922,46.0,181,24.291497975708502,4,quality,1.1761237288158048,50.0,8.30641719156566,2025,18
p,0.6582671503112626,4.0,2025-01-01,Shrawasti,oyTwneTbWDx,182,Gonda Division,post_natal_care,1.0,1.0,% of newborns received HBNC visits (Institutional Delivery and Home Delivery),5,indicator_5,1.0,1.0,181,100.0,4,coverage,6.679172984698661,2.0,100.0,2025,18
p,0.6582671503112626,4.0,2025-01-01,Shrawasti,oyTwneTbWDx,182,Gonda Division,immunization,0.6897770689693481,15.0,"% of children received full immunization (BCG, Penta 1, 2, 3, Measles)",7,indicator_7,1.0,1.0,181,100.0,4,coverage,6.679172984698661,2.0,100.0,2025,18
p,0.6582671503112626,4.0,2025-01-01,Shrawasti,oyTwneTbWDx,182,Gonda Division,immunization,0.6897770689693481,15.0,Ratio of Pentavalent 3 to BCG,6,indicator_6,0.3795541379386963,22.0,181,1.1017940717628705,4,quality,1.1761237288158048,50.0,1.1017940717628705,2025,18
p,0.6582671503112626,4.0,2025-01-01,Shrawasti,oyTwneTbWDx,182,Gonda Division,communicable_diseases,0.5,1.0,% of PW screened for HIV against estimated pregnancy,11,indicator_11,1.0,1.0,181,100.0,4,coverage,6.679172984698661,2.0,100.0,2025,18
p,0.6582671503112626,4.0,2025-01-01,Shrawasti,oyTwneTbWDx,182,Gonda Division,family_planning,0.6421128471352808,3.0,Permanent Method accepted per 1000 EC,8,indicator_8,0.28422569427056155,19.0,181,5.82156917752084,4,coverage,6.679172984698661,2.0,5.82156917752084,2025,18
p,0.6582671503112626,4.0,2025-01-01,Shrawasti,oyTwneTbWDx,182,Gonda Division,family_planning,0.6421128471352808,3.0,Reversible Method accepted per 1000 EC,9,indicator_9,1.0,1.0,181,76.56040395088453,4,coverage,6.679172984698661,2.0,76.56040395088453,2025,18
p,0.6582671503112626,4.0,2025-01-01,Shrawasti,oyTwneTbWDx,182,Gonda Division,finance,0.8342997719624822,5.0,Per ASHA expenditure of ASHA incentive fund,12,indicator_12,0.8342997719624822,5.0,181,7043.096568236233,4,coverage,6.679172984698661,2.0,7043.096568236233,2025,18
p,0.5554817847678473,50.0,2025-01-01,Deoria,Tf9b9qcbghH,188,Gorakhpur Division,ante_natal,1.0,1.0,% of pregnant women received 4 or more ANC and tested for Hb against estimated PW,1,indicator_1,1.0,1.0,190,100.0,4,coverage,5.32829869757223,32.0,100.0,2025,19
p,0.5554817847678473,50.0,2025-01-01,Deoria,Tf9b9qcbghH,188,Gorakhpur Division,delivery_care,0.5860990571875223,34.0,% of pregnant women delivered in institution against estimated delivery,2,indicator_2,0.3016934032728689,51.0,190,63.28732468071087,4,coverage,5.32829869757223,32.0,63.28732468071087,2025,19
n,0.5554817847678473,50.0,2025-01-01,Deoria,Tf9b9qcbghH,188,Gorakhpur Division,delivery_care,0.5860990571875223,34.0,Still birth ratio,4,indicator_4,0.9597738197546112,7.0,190,0.9433153245862276,4,quality,1.4775765745975027,25.0,0.9433153245862276,2025,19
p,0.5554817847678473,50.0,2025-01-01,Deoria,Tf9b9qcbghH,188,Gorakhpur Division,delivery_care,0.5860990571875223,34.0,% of C-section delivery against reported delivery (70% weightage to CHC),31,indicator_31,0.2484149742675434,41.0,190,2.463414634146341,4,quality,1.4775765745975027,25.0,10.551313320825516,2025,19
p,0.5554817847678473,50.0,2025-01-01,Deoria,Tf9b9qcbghH,188,Gorakhpur Division,delivery_care,0.5860990571875223,34.0,% of C-section delivery against reported delivery (30% to DH),32,indicator_32,0.2484149742675434,41.0,190,29.423076923076927,4,quality,1.4775765745975027,25.0,10.551313320825516,2025,19
p,0.5554817847678473,50.0,2025-01-01,Deoria,Tf9b9qcbghH,188,Gorakhpur Division,post_natal_care,1.0,1.0,% of newborns received HBNC visits (Institutional Delivery and Home Delivery),5,indicator_5,1.0,1.0,190,100.0,4,coverage,5.32829869757223,32.0,100.0,2025,19
p,0.5554817847678473,50.0,2025-01-01,Deoria,Tf9b9qcbghH,188,Gorakhpur Division,immunization,0.6346938902876739,29.0,"% of children received full immunization (BCG, Penta 1, 2, 3, Measles)",7,indicator_7,1.0,1.0,190,100.0,4,coverage,5.32829869757223,32.0,100.0,2025,19
p,0.5554817847678473,50.0,2025-01-01,Deoria,Tf9b9qcbghH,188,Gorakhpur Division,immunization,0.6346938902876739,29.0,Ratio of Pentavalent 3 to BCG,6,indicator_6,0.269387780575348,38.0,190,1.0234892591849023,4,quality,1.4775765745975027,25.0,1.0234892591849023,2025,19
p,0.5554817847678473,50.0,2025-01-01,Deoria,Tf9b9qcbghH,188,Gorakhpur Division,communicable_diseases,0.5,1.0,% of PW screened for HIV against estimated pregnancy,11,indicator_11,1.0,1.0,190,100.0,4,coverage,5.32829869757223,32.0,100.0,2025,19
p,0.5554817847678473,50.0,2025-01-01,Deoria,Tf9b9qcbghH,188,Gorakhpur Division,family_planning,0.17194211323790046,43.0,Permanent Method accepted per 1000 EC,8,indicator_8,0.1791291150495447,33.0,190,3.8057663615134465,4,coverage,5.32829869757223,32.0,3.8057663615134465,2025,19
p,0.5554817847678473,50.0,2025-01-01,Deoria,Tf9b9qcbghH,188,Gorakhpur Division,family_planning,0.17194211323790046,43.0,Reversible Method accepted per 1000 EC,9,indicator_9,0.16475511142625618,53.0,190,20.098256484807074,4,coverage,5.32829869757223,32.0,20.098256484807074,2025,19
p,0.5554817847678473,50.0,2025-01-01,Deoria,Tf9b9qcbghH,188,Gorakhpur Division,finance,0.6827210678235612,28.0,Per ASHA expenditure of ASHA incentive fund,12,indicator_12,0.6827210678235612,28.0,190,6145.5981941309265,4,coverage,5.32829869757223,32.0,6145.5981941309265,2025,19
p,0.58544812783387,21.0,2025-01-01,Gorakhpur,vR85cHdsw1w,188,Gorakhpur Division,ante_natal,1.0,1.0,% of pregnant women received 4 or more ANC and tested for Hb against estimated PW,1,indicator_1,1.0,1.0,188,100.0,4,coverage,5.274699116985898,39.0,100.0,2025,45
p,0.58544812783387,21.0,2025-01-01,Gorakhpur,vR85cHdsw1w,188,Gorakhpur Division,delivery_care,0.7590056406579383,10.0,% of pregnant women delivered in institution against estimated delivery,2,indicator_2,0.24266604264837224,65.0,188,60.18402831244165,4,coverage,5.274699116985898,39.0,60.18402831244165,2025,45
n,0.58544812783387,21.0,2025-01-01,Gorakhpur,vR85cHdsw1w,188,Gorakhpur Division,delivery_care,0.7590056406579383,10.0,Still birth ratio,4,indicator_4,0.8661774729756759,27.0,188,2.61519302615193,4,quality,1.6390999974437963,10.0,2.61519302615193,2025,45
p,0.58544812783387,21.0,2025-01-01,Gorakhpur,vR85cHdsw1w,188,Gorakhpur Division,delivery_care,0.7590056406579383,10.0,% of C-section delivery against reported delivery (70% weightage to CHC),31,indicator_31,0.5840867031748833,5.0,188,6.03310197544047,4,quality,1.6390999974437963,10.0,22.502925984035322,2025,45
p,0.58544812783387,21.0,2025-01-01,Gorakhpur,vR85cHdsw1w,188,Gorakhpur Division,delivery_care,0.7590056406579383,10.0,% of C-section delivery against reported delivery (30% to DH),32,indicator_32,0.5840867031748833,5.0,188,60.93251533742332,4,quality,1.6390999974437963,10.0,22.502925984035322,2025,45
p,0.58544812783387,21.0,2025-01-01,Gorakhpur,vR85cHdsw1w,188,Gorakhpur Division,post_natal_care,1.0,1.0,% of newborns received HBNC visits (Institutional Delivery and Home Delivery),5,indicator_5,1.0,1.0,188,100.0,4,coverage,5.274699116985898,39.0,100.0,2025,45
p,0.58544812783387,21.0,2025-01-01,Gorakhpur,vR85cHdsw1w,188,Gorakhpur Division,immunization,0.5944179106466185,48.0,"% of children received full immunization (BCG, Penta 1, 2, 3, Measles)",7,indicator_7,1.0,1.0,188,100.0,4,coverage,5.274699116985898,39.0,100.0,2025,45
p,0.58544812783387,21.0,2025-01-01,Gorakhpur,vR85cHdsw1w,188,Gorakhpur Division,immunization,0.5944179106466185,48.0,Ratio of Pentavalent 3 to BCG,6,indicator_6,0.18883582129323706,62.0,188,0.9662339752185808,4,quality,1.6390999974437963,10.0,0.9662339752185808,2025,45
p,0.58544812783387,21.0,2025-01-01,Gorakhpur,vR85cHdsw1w,188,Gorakhpur Division,communicable_diseases,0.5,1.0,% of PW screened for HIV against estimated pregnancy,11,indicator_11,1.0,1.0,188,100.0,4,coverage,5.274699116985898,39.0,100.0,2025,45
p,0.58544812783387,21.0,2025-01-01,Gorakhpur,vR85cHdsw1w,188,Gorakhpur Division,family_planning,0.23084526260083815,29.0,Permanent Method accepted per 1000 EC,8,indicator_8,0.23757112804464275,27.0,188,4.9267122119098845,4,coverage,5.274699116985898,39.0,4.9267122119098845,2025,45
p,0.58544812783387,21.0,2025-01-01,Gorakhpur,vR85cHdsw1w,188,Gorakhpur Division,family_planning,0.23084526260083815,29.0,Reversible Method accepted per 1000 EC,9,indicator_9,0.2241193971570336,34.0,188,24.11125327293837,4,coverage,5.274699116985898,39.0,24.11125327293837,2025,45
p,0.58544812783387,21.0,2025-01-01,Gorakhpur,vR85cHdsw1w,188,Gorakhpur Division,finance,0.5703425491358507,59.0,Per ASHA expenditure of ASHA incentive fund,12,indicator_12,0.5703425491358507,59.0,188,5480.204342273307,4,coverage,5.274699116985898,39.0,5480.204342273307,2025,45
p,0.5753327560159971,31.0,2025-01-01,Kushinagar,xUeHwd9FQkg,188,Gorakhpur Division,ante_natal,1.0,1.0,% of pregnant women received 4 or more ANC and tested for Hb against estimated PW,1,indicator_1,1.0,1.0,189,100.0,4,coverage,5.108393222798329,50.0,100.0,2025,9
p,0.5753327560159971,31.0,2025-01-01,Kushinagar,xUeHwd9FQkg,188,Gorakhpur Division,delivery_care,0.5526635595820443,39.0,% of pregnant women delivered in institution against estimated delivery,2,indicator_2,0.2655884626616751,58.0,189,61.38914848089625,4,coverage,5.108393222798329,50.0,61.38914848089625,2025,9
n,0.5753327560159971,31.0,2025-01-01,Kushinagar,xUeHwd9FQkg,188,Gorakhpur Division,delivery_care,0.5526635595820443,39.0,Still birth ratio,4,indicator_4,0.8669378854525703,26.0,189,2.6016100530139408,4,quality,1.2972728154495652,40.0,2.6016100530139408,2025,9
p,0.5753327560159971,31.0,2025-01-01,Kushinagar,xUeHwd9FQkg,188,Gorakhpur Division,delivery_care,0.5526635595820443,39.0,% of C-section delivery against reported delivery (70% weightage to CHC),31,indicator_31,0.2627321653159439,39.0,189,1.8799710773680405,4,quality,1.2972728154495652,40.0,11.061077793373315,2025,9
p,0.5753327560159971,31.0,2025-01-01,Kushinagar,xUeHwd9FQkg,188,Gorakhpur Division,delivery_care,0.5526635595820443,39.0,% of C-section delivery against reported delivery (30% to DH),32,indicator_32,0.2627321653159439,39.0,189,32.48366013071895,4,quality,1.2972728154495652,40.0,11.061077793373315,2025,9
p,0.5753327560159971,31.0,2025-01-01,Kushinagar,xUeHwd9FQkg,188,Gorakhpur Division,post_natal_care,0.9621646115238291,6.0,% of newborns received HBNC visits (Institutional Delivery and Home Delivery),5,indicator_5,0.9621646115238291,6.0,189,97.98252503436086,4,coverage,5.108393222798329,50.0,97.98252503436086,2025,9
p,0.5753327560159971,31.0,2025-01-01,Kushinagar,xUeHwd9FQkg,188,Gorakhpur Division,immunization,0.571333371366359,54.0,"% of children received full immunization (BCG, Penta 1, 2, 3, Measles)",7,indicator_7,0.9750639780516672,7.0,189,99.28811505256675,4,coverage,5.108393222798329,50.0,99.28811505256675,2025,9
p,0.5753327560159971,31.0,2025-01-01,Kushinagar,xUeHwd9FQkg,188,Gorakhpur Division,immunization,0.571333371366359,54.0,Ratio of Pentavalent 3 to BCG,6,indicator_6,0.1676027646810508,64.0,189,0.951141795007966,4,quality,1.2972728154495652,40.0,0.951141795007966,2025,9
p,0.5753327560159971,31.0,2025-01-01,Kushinagar,xUeHwd9FQkg,188,Gorakhpur Division,communicable_diseases,0.5,1.0,% of PW screened for HIV against estimated pregnancy,11,indicator_11,1.0,1.0,189,100.0,4,coverage,5.108393222798329,50.0,100.0,2025,9
p,0.5753327560159971,31.0,2025-01-01,Kushinagar,xUeHwd9FQkg,188,Gorakhpur Division,family_planning,0.2011345354336239,34.0,Permanent Method accepted per 1000 EC,8,indicator_8,0.2616559144790237,25.0,189,5.38866997187904,4,coverage,5.108393222798329,50.0,5.38866997187904,2025,9
p,0.5753327560159971,31.0,2025-01-01,Kushinagar,xUeHwd9FQkg,188,Gorakhpur Division,family_planning,0.2011345354336239,34.0,Reversible Method accepted per 1000 EC,9,indicator_9,0.14061315638822408,58.0,189,18.4662720882256,4,coverage,5.108393222798329,50.0,18.4662720882256,2025,9
p,0.5753327560159971,31.0,2025-01-01,Kushinagar,xUeHwd9FQkg,188,Gorakhpur Division,finance,0.5033070996939085,65.0,Per ASHA expenditure of ASHA incentive fund,12,indicator_12,0.5033070996939085,65.0,189,5083.287062742922,4,coverage,5.108393222798329,50.0,5083.287062742922,2025,9
p,0.672499618924495,3.0,2025-01-01,Maharajganj,AcnMkNGgc3S,188,Gorakhpur Division,ante_natal,1.0,1.0,% of pregnant women received 4 or more ANC and tested for Hb against estimated PW,1,indicator_1,1.0,1.0,187,100.0,4,coverage,5.989492077180332,4.0,100.0,2025,10
p,0.672499618924495,3.0,2025-01-01,Maharajganj,AcnMkNGgc3S,188,Gorakhpur Division,delivery_care,0.6321916032439511,24.0,% of pregnant women delivered in institution against estimated delivery,2,indicator_2,0.2405227250059452,67.0,187,60.07134582443234,4,coverage,5.989492077180332,4.0,60.07134582443234,2025,10
n,0.672499618924495,3.0,2025-01-01,Maharajganj,AcnMkNGgc3S,188,Gorakhpur Division,delivery_care,0.6321916032439511,24.0,Still birth ratio,4,indicator_4,0.8648157301775373,28.0,187,2.6395173453996983,4,quality,1.4965812542866492,22.0,2.6395173453996983,2025,10
p,0.672499618924495,3.0,2025-01-01,Maharajganj,AcnMkNGgc3S,188,Gorakhpur Division,delivery_care,0.6321916032439511,24.0,% of C-section delivery against reported delivery (70% weightage to CHC),31,indicator_31,0.3956181772741854,17.0,187,2.1125242509161457,4,quality,1.4965812542866492,22.0,15.79249246583738,2025,10
p,0.672499618924495,3.0,2025-01-01,Maharajganj,AcnMkNGgc3S,188,Gorakhpur Division,delivery_care,0.6321916032439511,24.0,% of C-section delivery against reported delivery (30% to DH),32,indicator_32,0.3956181772741854,17.0,187,47.7124183006536,4,quality,1.4965812542866492,22.0,15.79249246583738,2025,10
p,0.672499618924495,3.0,2025-01-01,Maharajganj,AcnMkNGgc3S,188,Gorakhpur Division,post_natal_care,1.0,1.0,% of newborns received HBNC visits (Institutional Delivery and Home Delivery),5,indicator_5,1.0,1.0,187,100.0,4,coverage,5.989492077180332,4.0,100.0,2025,10
p,0.672499618924495,3.0,2025-01-01,Maharajganj,AcnMkNGgc3S,188,Gorakhpur Division,immunization,0.6180736734174631,39.0,"% of children received full immunization (BCG, Penta 1, 2, 3, Measles)",7,indicator_7,1.0,1.0,187,100.0,4,coverage,5.989492077180332,4.0,100.0,2025,10
p,0.672499618924495,3.0,2025-01-01,Maharajganj,AcnMkNGgc3S,188,Gorakhpur Division,immunization,0.6180736734174631,39.0,Ratio of Pentavalent 3 to BCG,6,indicator_6,0.2361473468349263,49.0,187,0.9998623916334112,4,quality,1.4965812542866492,22.0,0.9998623916334112,2025,10
p,0.672499618924495,3.0,2025-01-01,Maharajganj,AcnMkNGgc3S,188,Gorakhpur Division,communicable_diseases,0.5,1.0,% of PW screened for HIV against estimated pregnancy,11,indicator_11,1.0,1.0,187,100.0,4,coverage,5.989492077180332,4.0,100.0,2025,10
p,0.672499618924495,3.0,2025-01-01,Maharajganj,AcnMkNGgc3S,188,Gorakhpur Division,family_planning,0.4402137089049782,8.0,Permanent Method accepted per 1000 EC,8,indicator_8,0.420104805793951,10.0,187,8.427795732901023,4,coverage,5.989492077180332,4.0,8.427795732901023,2025,10
p,0.672499618924495,3.0,2025-01-01,Maharajganj,AcnMkNGgc3S,188,Gorakhpur Division,family_planning,0.4402137089049782,8.0,Reversible Method accepted per 1000 EC,9,indicator_9,0.4603226120160054,5.0,187,40.07847549934695,4,coverage,5.989492077180332,4.0,40.07847549934695,2025,10
p,0.672499618924495,3.0,2025-01-01,Maharajganj,AcnMkNGgc3S,188,Gorakhpur Division,finance,0.868541934364431,4.0,Per ASHA expenditure of ASHA incentive fund,12,indicator_12,0.868541934364431,4.0,187,7245.84460765365,4,coverage,5.989492077180332,4.0,7245.84460765365,2025,10
p,0.5717416013777066,34.0,2025-01-01,Jalaun,NL5xiiHZQSC,165,Jhansi Division,ante_natal,1.0,1.0,% of pregnant women received 4 or more ANC and tested for Hb against estimated PW,1,indicator_1,1.0,1.0,165,100.0,4,coverage,4.6412974553707125,70.0,100.0,2025,4
p,0.5717416013777066,34.0,2025-01-01,Jalaun,NL5xiiHZQSC,165,Jhansi Division,delivery_care,0.4655819772339623,55.0,% of pregnant women delivered in institution against estimated delivery,2,indicator_2,0.2428244073683709,64.0,165,60.19235415752832,4,coverage,4.6412974553707125,70.0,60.19235415752832,2025,4
n,0.5717416013777066,34.0,2025-01-01,Jalaun,NL5xiiHZQSC,165,Jhansi Division,delivery_care,0.4655819772339623,55.0,Still birth ratio,4,indicator_4,0.8126447572667215,39.0,165,3.571428571428571,4,quality,1.5931038643063773,14.0,3.571428571428571,2025,4
p,0.5717416013777066,34.0,2025-01-01,Jalaun,NL5xiiHZQSC,165,Jhansi Division,delivery_care,0.4655819772339623,55.0,% of C-section delivery against reported delivery (70% weightage to CHC),31,indicator_31,0.17063838353339722,48.0,165,1.9190654985398412,4,quality,1.5931038643063773,14.0,7.782072998605512,2025,4
p,0.5717416013777066,34.0,2025-01-01,Jalaun,NL5xiiHZQSC,165,Jhansi Division,delivery_care,0.4655819772339623,55.0,% of C-section delivery against reported delivery (30% to DH),32,indicator_32,0.17063838353339722,48.0,165,21.462423832092078,4,quality,1.5931038643063773,14.0,7.782072998605512,2025,4
p,0.5717416013777066,34.0,2025-01-01,Jalaun,NL5xiiHZQSC,165,Jhansi Division,post_natal_care,0.8404176948164491,15.0,% of newborns received HBNC visits (Institutional Delivery and Home Delivery),5,indicator_5,0.8404176948164491,15.0,165,91.49068322981368,4,coverage,4.6412974553707125,70.0,91.49068322981368,2025,4
p,0.5717416013777066,34.0,2025-01-01,Jalaun,NL5xiiHZQSC,165,Jhansi Division,immunization,0.4582189950760849,67.0,"% of children received full immunization (BCG, Penta 1, 2, 3, Measles)",7,indicator_7,0.3066172666459113,39.0,165,80.20499293320971,4,coverage,4.6412974553707125,70.0,80.20499293320971,2025,4
p,0.5717416013777066,34.0,2025-01-01,Jalaun,NL5xiiHZQSC,165,Jhansi Division,immunization,0.4582189950760849,67.0,Ratio of Pentavalent 3 to BCG,6,indicator_6,0.6098207235062585,7.0,165,1.265464562985224,4,quality,1.5931038643063773,14.0,1.265464562985224,2025,4
p,0.5717416013777066,34.0,2025-01-01,Jalaun,NL5xiiHZQSC,165,Jhansi Division,communicable_diseases,0.5,1.0,% of PW screened for HIV against estimated pregnancy,11,indicator_11,1.0,1.0,165,100.0,4,coverage,4.6412974553707125,70.0,100.0,2025,4
p,0.5717416013777066,34.0,2025-01-01,Jalaun,NL5xiiHZQSC,165,Jhansi Division,family_planning,0.29622921808329605,20.0,Permanent Method accepted per 1000 EC,8,indicator_8,0.3137636769501023,18.0,165,6.388121857978481,4,coverage,4.6412974553707125,70.0,6.388121857978481,2025,4
p,0.5717416013777066,34.0,2025-01-01,Jalaun,NL5xiiHZQSC,165,Jhansi Division,family_planning,0.29622921808329605,20.0,Reversible Method accepted per 1000 EC,9,indicator_9,0.2786947592164898,20.0,165,27.80052115445444,4,coverage,4.6412974553707125,70.0,27.80052115445444,2025,4
p,0.5717416013777066,34.0,2025-01-01,Jalaun,NL5xiiHZQSC,165,Jhansi Division,finance,0.6589796503733899,35.0,Per ASHA expenditure of ASHA incentive fund,12,indicator_12,0.6589796503733899,35.0,165,6005.02512562814,4,coverage,4.6412974553707125,70.0,6005.02512562814,2025,4
p,0.581264090072954,28.0,2025-01-01,Jhansi,Mq751wBMqGF,165,Jhansi Division,ante_natal,1.0,1.0,% of pregnant women received 4 or more ANC and tested for Hb against estimated PW,1,indicator_1,1.0,1.0,166,100.0,4,coverage,4.9060619860530235,62.0,100.0,2025,25
p,0.581264090072954,28.0,2025-01-01,Jhansi,Mq751wBMqGF,165,Jhansi Division,delivery_care,0.5979296753741982,31.0,% of pregnant women delivered in institution against estimated delivery,2,indicator_2,0.25660150517975155,60.0,166,60.91666940982852,4,coverage,4.9060619860530235,62.0,60.91666940982852,2025,25
n,0.581264090072954,28.0,2025-01-01,Jhansi,Mq751wBMqGF,165,Jhansi Division,delivery_care,0.5979296753741982,31.0,Still birth ratio,4,indicator_4,0.8412976052900919,33.0,166,3.059613106987761,4,quality,1.32792193820727,35.0,3.059613106987761,2025,25
p,0.581264090072954,28.0,2025-01-01,Jhansi,Mq751wBMqGF,165,Jhansi Division,delivery_care,0.5979296753741982,31.0,% of C-section delivery against reported delivery (70% weightage to CHC),31,indicator_31,0.3479449578263757,24.0,166,4.661168877733955,4,quality,1.32792193820727,35.0,14.09508453963784,2025,25
p,0.581264090072954,28.0,2025-01-01,Jhansi,Mq751wBMqGF,165,Jhansi Division,delivery_care,0.5979296753741982,31.0,% of C-section delivery against reported delivery (30% to DH),32,indicator_32,0.3479449578263757,24.0,166,36.10755441741357,4,quality,1.32792193820727,35.0,14.09508453963784,2025,25
p,0.581264090072954,28.0,2025-01-01,Jhansi,Mq751wBMqGF,165,Jhansi Division,post_natal_care,0.4889524993984713,25.0,% of newborns received HBNC visits (Institutional Delivery and Home Delivery),5,indicator_5,0.4889524993984713,25.0,166,72.749703908409,4,coverage,4.9060619860530235,62.0,72.749703908409,2025,25
p,0.581264090072954,28.0,2025-01-01,Jhansi,Mq751wBMqGF,165,Jhansi Division,immunization,0.5693396875454012,55.0,"% of children received full immunization (BCG, Penta 1, 2, 3, Measles)",7,indicator_7,1.0,1.0,166,100.0,4,coverage,4.9060619860530235,62.0,100.0,2025,25
p,0.581264090072954,28.0,2025-01-01,Jhansi,Mq751wBMqGF,165,Jhansi Division,immunization,0.5693396875454012,55.0,Ratio of Pentavalent 3 to BCG,6,indicator_6,0.13867937509080236,68.0,166,0.9305834262356002,4,quality,1.32792193820727,35.0,0.9305834262356002,2025,25
p,0.581264090072954,28.0,2025-01-01,Jhansi,Mq751wBMqGF,165,Jhansi Division,communicable_diseases,0.5,1.0,% of PW screened for HIV against estimated pregnancy,11,indicator_11,1.0,1.0,166,100.0,4,coverage,4.9060619860530235,62.0,100.0,2025,25
p,0.581264090072954,28.0,2025-01-01,Jhansi,Mq751wBMqGF,165,Jhansi Division,family_planning,0.3715260625442721,12.0,Permanent Method accepted per 1000 EC,8,indicator_8,0.5826437561947606,7.0,166,11.545370789647652,4,coverage,4.9060619860530235,62.0,11.545370789647652,2025,25
p,0.581264090072954,28.0,2025-01-01,Jhansi,Mq751wBMqGF,165,Jhansi Division,family_planning,0.3715260625442721,12.0,Reversible Method accepted per 1000 EC,9,indicator_9,0.16040836889378354,55.0,166,19.804418807710206,4,coverage,4.9060619860530235,62.0,19.804418807710206,2025,25
p,0.581264090072954,28.0,2025-01-01,Jhansi,Mq751wBMqGF,165,Jhansi Division,finance,0.4174558563862572,71.0,Per ASHA expenditure of ASHA incentive fund,12,indicator_12,0.4174558563862572,71.0,166,4574.961360123647,4,coverage,4.9060619860530235,62.0,4574.961360123647,2025,25
p,0.4169827634503259,75.0,2025-01-01,Lalitpur,fagfcadhxej,165,Jhansi Division,ante_natal,0.0,9.0,% of pregnant women received 4 or more ANC and tested for Hb against estimated PW,1,indicator_1,0.0,9.0,167,81.28622377160085,4,coverage,3.175836240091415,75.0,81.28622377160085,2025,68
p,0.4169827634503259,75.0,2025-01-01,Lalitpur,fagfcadhxej,165,Jhansi Division,delivery_care,0.2622786095400373,73.0,% of pregnant women delivered in institution against estimated delivery,2,indicator_2,0.2411133138755556,66.0,167,60.102395362728004,4,coverage,3.175836240091415,75.0,60.102395362728004,2025,68
n,0.4169827634503259,75.0,2025-01-01,Lalitpur,fagfcadhxej,165,Jhansi Division,delivery_care,0.2622786095400373,73.0,Still birth ratio,4,indicator_4,0.467784445933098,67.0,167,9.731543624161072,4,quality,0.9277154396961496,67.0,9.731543624161072,2025,68
p,0.4169827634503259,75.0,2025-01-01,Lalitpur,fagfcadhxej,165,Jhansi Division,delivery_care,0.2622786095400373,73.0,% of C-section delivery against reported delivery (70% weightage to CHC),31,indicator_31,0.038969034405729235,70.0,167,0.4081632653061225,4,quality,0.9277154396961496,67.0,3.0939776814534725,2025,68
p,0.4169827634503259,75.0,2025-01-01,Lalitpur,fagfcadhxej,165,Jhansi Division,delivery_care,0.2622786095400373,73.0,% of C-section delivery against reported delivery (30% to DH),32,indicator_32,0.038969034405729235,70.0,167,9.36087798579729,4,quality,0.9277154396961496,67.0,3.0939776814534725,2025,68
p,0.4169827634503259,75.0,2025-01-01,Lalitpur,fagfcadhxej,165,Jhansi Division,post_natal_care,0.8584022680332599,12.0,% of newborns received HBNC visits (Institutional Delivery and Home Delivery),5,indicator_5,0.8584022680332599,12.0,167,92.4496644295302,4,coverage,3.175836240091415,75.0,92.4496644295302,2025,68
p,0.4169827634503259,75.0,2025-01-01,Lalitpur,fagfcadhxej,165,Jhansi Division,immunization,0.2104809796786612,75.0,"% of children received full immunization (BCG, Penta 1, 2, 3, Measles)",7,indicator_7,0.0,40.0,167,71.4515431166908,4,coverage,3.175836240091415,75.0,71.4515431166908,2025,68
p,0.4169827634503259,75.0,2025-01-01,Lalitpur,fagfcadhxej,165,Jhansi Division,immunization,0.2104809796786612,75.0,Ratio of Pentavalent 3 to BCG,6,indicator_6,0.4209619593573224,19.0,167,1.1312262121462848,4,quality,0.9277154396961496,67.0,1.1312262121462848,2025,68
p,0.4169827634503259,75.0,2025-01-01,Lalitpur,fagfcadhxej,165,Jhansi Division,communicable_diseases,0.0,6.0,% of PW screened for HIV against estimated pregnancy,11,indicator_11,0.0,6.0,167,77.26033110164269,4,coverage,3.175836240091415,75.0,77.26033110164269,2025,68
p,0.4169827634503259,75.0,2025-01-01,Lalitpur,fagfcadhxej,165,Jhansi Division,family_planning,0.6823175239648628,2.0,Permanent Method accepted per 1000 EC,8,indicator_8,1.0,1.0,167,19.55046379816137,4,coverage,3.175836240091415,75.0,19.55046379816137,2025,68
p,0.4169827634503259,75.0,2025-01-01,Lalitpur,fagfcadhxej,165,Jhansi Division,family_planning,0.6823175239648628,2.0,Reversible Method accepted per 1000 EC,9,indicator_9,0.3646350479297255,9.0,167,33.610042794137684,4,coverage,3.175836240091415,75.0,33.610042794137684,2025,68
p,0.4169827634503259,75.0,2025-01-01,Lalitpur,fagfcadhxej,165,Jhansi Division,finance,0.7116856102528741,25.0,Per ASHA expenditure of ASHA incentive fund,12,indicator_12,0.7116856102528741,25.0,167,6317.097415506955,4,coverage,3.175836240091415,75.0,6317.097415506955,2025,68
p,0.5619736959647988,44.0,2025-01-01,Auraiya,Bd6E8zkVvVt,161,Kanpur Nagar Division,ante_natal,1.0,1.0,% of pregnant women received 4 or more ANC and tested for Hb against estimated PW,1,indicator_1,1.0,1.0,162,100.0,4,coverage,5.9756835719202765,5.0,100.0,2025,37
p,0.5619736959647988,44.0,2025-01-01,Auraiya,Bd6E8zkVvVt,161,Kanpur Nagar Division,delivery_care,0.4814471903368529,50.0,% of pregnant women delivered in institution against estimated delivery,2,indicator_2,0.4632540695927202,29.0,162,71.78119301128089,4,coverage,5.9756835719202765,5.0,71.78119301128089,2025,37
n,0.5619736959647988,44.0,2025-01-01,Auraiya,Bd6E8zkVvVt,161,Kanpur Nagar Division,delivery_care,0.4814471903368529,50.0,Still birth ratio,4,indicator_4,0.9511312266242752,9.0,162,1.0976948408342482,4,quality,1.4473893573450929,30.0,1.0976948408342482,2025,37
p,0.5619736959647988,44.0,2025-01-01,Auraiya,Bd6E8zkVvVt,161,Kanpur Nagar Division,delivery_care,0.4814471903368529,50.0,% of C-section delivery against reported delivery (70% weightage to CHC),31,indicator_31,0.01497813739678176,72.0,162,0.18848167539267016,4,quality,1.4473893573450929,30.0,2.2397803100297717,2025,37
p,0.5619736959647988,44.0,2025-01-01,Auraiya,Bd6E8zkVvVt,161,Kanpur Nagar Division,delivery_care,0.4814471903368529,50.0,% of C-section delivery against reported delivery (30% to DH),32,indicator_32,0.01497813739678176,72.0,162,7.026143790849672,4,quality,1.4473893573450929,30.0,2.2397803100297717,2025,37
p,0.5619736959647988,44.0,2025-01-01,Auraiya,Bd6E8zkVvVt,161,Kanpur Nagar Division,post_natal_care,1.0,1.0,% of newborns received HBNC visits (Institutional Delivery and Home Delivery),5,indicator_5,1.0,1.0,162,100.0,4,coverage,5.9756835719202765,5.0,100.0,2025,37
p,0.5619736959647988,44.0,2025-01-01,Auraiya,Bd6E8zkVvVt,161,Kanpur Nagar Division,immunization,0.6644938607454879,22.0,"% of children received full immunization (BCG, Penta 1, 2, 3, Measles)",7,indicator_7,0.8477077281669394,21.0,162,95.65229064391266,4,coverage,5.9756835719202765,5.0,95.65229064391266,2025,37
p,0.5619736959647988,44.0,2025-01-01,Auraiya,Bd6E8zkVvVt,161,Kanpur Nagar Division,immunization,0.6644938607454879,22.0,Ratio of Pentavalent 3 to BCG,6,indicator_6,0.4812799933240363,15.0,162,1.1740994854202402,4,quality,1.4473893573450929,30.0,1.1740994854202402,2025,37
p,0.5619736959647988,44.0,2025-01-01,Auraiya,Bd6E8zkVvVt,161,Kanpur Nagar Division,communicable_diseases,0.5,1.0,% of PW screened for HIV against estimated pregnancy,11,indicator_11,1.0,1.0,162,100.0,4,coverage,5.9756835719202765,5.0,100.0,2025,37
p,0.5619736959647988,44.0,2025-01-01,Auraiya,Bd6E8zkVvVt,161,Kanpur Nagar Division,family_planning,0.5466039709158976,4.0,Permanent Method accepted per 1000 EC,8,indicator_8,0.26370602438528273,24.0,162,5.427992063547416,4,coverage,5.9756835719202765,5.0,5.427992063547416,2025,37
p,0.5619736959647988,44.0,2025-01-01,Auraiya,Bd6E8zkVvVt,161,Kanpur Nagar Division,family_planning,0.5466039709158976,4.0,Reversible Method accepted per 1000 EC,9,indicator_9,0.8295019174465126,2.0,162,65.03481665126407,4,coverage,5.9756835719202765,5.0,65.03481665126407,2025,37
p,0.5619736959647988,44.0,2025-01-01,Auraiya,Bd6E8zkVvVt,161,Kanpur Nagar Division,finance,0.5715138323288192,58.0,Per ASHA expenditure of ASHA incentive fund,12,indicator_12,0.5715138323288192,58.0,162,5487.139516757598,4,coverage,5.9756835719202765,5.0,5487.139516757598,2025,37
p,0.6116549774275472,11.0,2025-01-01,Etawah,Pm0jLk6EAiE,161,Kanpur Nagar Division,ante_natal,1.0,1.0,% of pregnant women received 4 or more ANC and tested for Hb against estimated PW,1,indicator_1,1.0,1.0,161,100.0,4,coverage,5.826616003397317,8.0,100.0,2025,62
p,0.6116549774275472,11.0,2025-01-01,Etawah,Pm0jLk6EAiE,161,Kanpur Nagar Division,delivery_care,0.6368701428743776,23.0,% of pregnant women delivered in institution against estimated delivery,2,indicator_2,0.5087697597029044,25.0,161,74.17412866559137,4,coverage,5.826616003397317,8.0,74.17412866559137,2025,62
n,0.6116549774275472,11.0,2025-01-01,Etawah,Pm0jLk6EAiE,161,Kanpur Nagar Division,delivery_care,0.6368701428743776,23.0,Still birth ratio,4,indicator_4,0.8896117349577871,21.0,161,2.196595277320154,4,quality,1.6000538641086717,13.0,2.196595277320154,2025,62
p,0.6116549774275472,11.0,2025-01-01,Etawah,Pm0jLk6EAiE,161,Kanpur Nagar Division,delivery_care,0.6368701428743776,23.0,% of C-section delivery against reported delivery (70% weightage to CHC),31,indicator_31,0.25611446698122065,40.0,161,1.3337468982630272,4,quality,1.6000538641086717,13.0,10.825454234975837,2025,62
p,0.6116549774275472,11.0,2025-01-01,Etawah,Pm0jLk6EAiE,161,Kanpur Nagar Division,delivery_care,0.6368701428743776,23.0,% of C-section delivery against reported delivery (30% to DH),32,indicator_32,0.25611446698122065,40.0,161,32.9727713539724,4,quality,1.6000538641086717,13.0,10.825454234975837,2025,62
p,0.6116549774275472,11.0,2025-01-01,Etawah,Pm0jLk6EAiE,161,Kanpur Nagar Division,post_natal_care,1.0,1.0,% of newborns received HBNC visits (Institutional Delivery and Home Delivery),5,indicator_5,1.0,1.0,161,100.0,4,coverage,5.826616003397317,8.0,100.0,2025,62
p,0.6116549774275472,11.0,2025-01-01,Etawah,Pm0jLk6EAiE,161,Kanpur Nagar Division,immunization,0.7213675548111519,12.0,"% of children received full immunization (BCG, Penta 1, 2, 3, Measles)",7,indicator_7,0.98840744745264,4.0,161,99.6690505134342,4,coverage,5.826616003397317,8.0,99.6690505134342,2025,62
p,0.6116549774275472,11.0,2025-01-01,Etawah,Pm0jLk6EAiE,161,Kanpur Nagar Division,immunization,0.7213675548111519,12.0,Ratio of Pentavalent 3 to BCG,6,indicator_6,0.4543276621696638,17.0,161,1.1549421193232414,4,quality,1.6000538641086717,13.0,1.1549421193232414,2025,62
p,0.6116549774275472,11.0,2025-01-01,Etawah,Pm0jLk6EAiE,161,Kanpur Nagar Division,communicable_diseases,0.5,1.0,% of PW screened for HIV against estimated pregnancy,11,indicator_11,1.0,1.0,161,100.0,4,coverage,5.826616003397317,8.0,100.0,2025,62
p,0.6116549774275472,11.0,2025-01-01,Etawah,Pm0jLk6EAiE,161,Kanpur Nagar Division,family_planning,0.2617197565113916,24.0,Permanent Method accepted per 1000 EC,8,indicator_8,0.18217211953009046,31.0,161,3.8641326475188857,4,coverage,5.826616003397317,8.0,3.8641326475188857,2025,62
p,0.6116549774275472,11.0,2025-01-01,Etawah,Pm0jLk6EAiE,161,Kanpur Nagar Division,family_planning,0.2617197565113916,24.0,Reversible Method accepted per 1000 EC,9,indicator_9,0.3412673934926928,12.0,161,32.03040074087944,4,coverage,5.826616003397317,8.0,32.03040074087944,2025,62
p,0.6116549774275472,11.0,2025-01-01,Etawah,Pm0jLk6EAiE,161,Kanpur Nagar Division,finance,0.8059992832189887,6.0,Per ASHA expenditure of ASHA incentive fund,12,indicator_12,0.8059992832189887,6.0,161,6875.529212531752,4,coverage,5.826616003397317,8.0,6875.529212531752,2025,62
p,0.473924883677986,71.0,2025-01-01,Farrukhabad,uEEwlAGZXWW,161,Kanpur Nagar Division,ante_natal,1.0,1.0,% of pregnant women received 4 or more ANC and tested for Hb against estimated PW,1,indicator_1,1.0,1.0,159,100.0,4,coverage,5.374374126226647,26.0,100.0,2025,49
p,0.473924883677986,71.0,2025-01-01,Farrukhabad,uEEwlAGZXWW,161,Kanpur Nagar Division,delivery_care,0.27515690974569545,72.0,% of pregnant women delivered in institution against estimated delivery,2,indicator_2,0.2501577127428068,61.0,159,60.57789434931611,4,coverage,5.374374126226647,26.0,60.57789434931611,2025,49
n,0.473924883677986,71.0,2025-01-01,Farrukhabad,uEEwlAGZXWW,161,Kanpur Nagar Division,delivery_care,0.27515690974569545,72.0,Still birth ratio,4,indicator_4,0.5703103598668365,56.0,159,7.900160293107397,4,quality,0.8240900968490458,72.0,7.900160293107397,2025,49
p,0.473924883677986,71.0,2025-01-01,Farrukhabad,uEEwlAGZXWW,161,Kanpur Nagar Division,delivery_care,0.27515690974569545,72.0,% of C-section delivery against reported delivery (70% weightage to CHC),31,indicator_31,0.002501328313721485,74.0,159,0.5374968006142821,4,quality,0.8240900968490458,72.0,1.795542751153559,2025,49
p,0.473924883677986,71.0,2025-01-01,Farrukhabad,uEEwlAGZXWW,161,Kanpur Nagar Division,delivery_care,0.27515690974569545,72.0,% of C-section delivery against reported delivery (30% to DH),32,indicator_32,0.002501328313721485,74.0,159,4.7309833024118735,4,quality,0.8240900968490458,72.0,1.795542751153559,2025,49
p,0.473924883677986,71.0,2025-01-01,Farrukhabad,uEEwlAGZXWW,161,Kanpur Nagar Division,post_natal_care,1.0,1.0,% of newborns received HBNC visits (Institutional Delivery and Home Delivery),5,indicator_5,1.0,1.0,159,100.0,4,coverage,5.374374126226647,26.0,100.0,2025,49
p,0.473924883677986,71.0,2025-01-01,Farrukhabad,uEEwlAGZXWW,161,Kanpur Nagar Division,immunization,0.6256392043342439,34.0,"% of children received full immunization (BCG, Penta 1, 2, 3, Measles)",7,indicator_7,1.0,1.0,159,100.0,4,coverage,5.374374126226647,26.0,100.0,2025,49
p,0.473924883677986,71.0,2025-01-01,Farrukhabad,uEEwlAGZXWW,161,Kanpur Nagar Division,immunization,0.6256392043342439,34.0,Ratio of Pentavalent 3 to BCG,6,indicator_6,0.2512784086684878,44.0,159,1.0106173533961471,4,quality,0.8240900968490458,72.0,1.0106173533961471,2025,49
p,0.473924883677986,71.0,2025-01-01,Farrukhabad,uEEwlAGZXWW,161,Kanpur Nagar Division,communicable_diseases,0.5,1.0,% of PW screened for HIV against estimated pregnancy,11,indicator_11,1.0,1.0,159,100.0,4,coverage,5.374374126226647,26.0,100.0,2025,49
p,0.473924883677986,71.0,2025-01-01,Farrukhabad,uEEwlAGZXWW,161,Kanpur Nagar Division,family_planning,0.1793739464881479,40.0,Permanent Method accepted per 1000 EC,8,indicator_8,0.090870270928208,57.0,159,2.1129193836570064,4,coverage,5.374374126226647,26.0,2.1129193836570064,2025,49
p,0.473924883677986,71.0,2025-01-01,Farrukhabad,uEEwlAGZXWW,161,Kanpur Nagar Division,family_planning,0.1793739464881479,40.0,Reversible Method accepted per 1000 EC,9,indicator_9,0.2678776220480878,22.0,159,27.069287952888807,4,coverage,5.374374126226647,26.0,27.069287952888807,2025,49
p,0.473924883677986,71.0,2025-01-01,Farrukhabad,uEEwlAGZXWW,161,Kanpur Nagar Division,finance,0.7654685205075428,18.0,Per ASHA expenditure of ASHA incentive fund,12,indicator_12,0.7654685205075428,18.0,159,6635.546334716461,4,coverage,5.374374126226647,26.0,6635.546334716461,2025,49
p,0.4974401769757802,67.0,2025-01-01,Kannauj,IhQbDYRiF8w,161,Kanpur Nagar Division,ante_natal,1.0,1.0,% of pregnant women received 4 or more ANC and tested for Hb against estimated PW,1,indicator_1,1.0,1.0,160,100.0,4,coverage,5.35019384988274,29.0,100.0,2025,73
p,0.4974401769757802,67.0,2025-01-01,Kannauj,IhQbDYRiF8w,161,Kanpur Nagar Division,delivery_care,0.4642873695800328,56.0,% of pregnant women delivered in institution against estimated delivery,2,indicator_2,0.5962373635949617,13.0,160,78.77263848591329,4,coverage,5.35019384988274,29.0,78.77263848591329,2025,73
n,0.4974401769757802,67.0,2025-01-01,Kannauj,IhQbDYRiF8w,161,Kanpur Nagar Division,delivery_care,0.4642873695800328,56.0,Still birth ratio,4,indicator_4,0.6820204256047,45.0,160,5.904723779023218,4,quality,1.1154726426734274,57.0,5.904723779023218,2025,73
p,0.4974401769757802,67.0,2025-01-01,Kannauj,IhQbDYRiF8w,161,Kanpur Nagar Division,delivery_care,0.4642873695800328,56.0,% of C-section delivery against reported delivery (70% weightage to CHC),31,indicator_31,0.057302159770218276,68.0,160,0.024795437639474338,4,quality,1.1154726426734274,57.0,3.7467297436413616,2025,73
p,0.4974401769757802,67.0,2025-01-01,Kannauj,IhQbDYRiF8w,161,Kanpur Nagar Division,delivery_care,0.4642873695800328,56.0,% of C-section delivery against reported delivery (30% to DH),32,indicator_32,0.057302159770218276,68.0,160,12.431243124312429,4,quality,1.1154726426734274,57.0,3.7467297436413616,2025,73
p,0.4974401769757802,67.0,2025-01-01,Kannauj,IhQbDYRiF8w,161,Kanpur Nagar Division,post_natal_care,1.0,1.0,% of newborns received HBNC visits (Institutional Delivery and Home Delivery),5,indicator_5,1.0,1.0,160,100.0,4,coverage,5.35019384988274,29.0,100.0,2025,73
p,0.4974401769757802,67.0,2025-01-01,Kannauj,IhQbDYRiF8w,161,Kanpur Nagar Division,immunization,0.5677946529954518,56.0,"% of children received full immunization (BCG, Penta 1, 2, 3, Measles)",7,indicator_7,0.7594392486923947,28.0,160,93.13236176347836,4,coverage,5.35019384988274,29.0,93.13236176347836,2025,73
p,0.4974401769757802,67.0,2025-01-01,Kannauj,IhQbDYRiF8w,161,Kanpur Nagar Division,immunization,0.5677946529954518,56.0,Ratio of Pentavalent 3 to BCG,6,indicator_6,0.376150057298509,23.0,160,1.099374495560936,4,quality,1.1154726426734274,57.0,1.099374495560936,2025,73
p,0.4974401769757802,67.0,2025-01-01,Kannauj,IhQbDYRiF8w,161,Kanpur Nagar Division,communicable_diseases,0.5,1.0,% of PW screened for HIV against estimated pregnancy,11,indicator_11,1.0,1.0,160,100.0,4,coverage,5.35019384988274,29.0,100.0,2025,73
p,0.4974401769757802,67.0,2025-01-01,Kannauj,IhQbDYRiF8w,161,Kanpur Nagar Division,family_planning,0.1565195041791526,47.0,Permanent Method accepted per 1000 EC,8,indicator_8,0.07889316470137689,64.0,160,1.883192739472971,4,coverage,5.35019384988274,29.0,1.883192739472971,2025,73
p,0.4974401769757802,67.0,2025-01-01,Kannauj,IhQbDYRiF8w,161,Kanpur Nagar Division,family_planning,0.1565195041791526,47.0,Reversible Method accepted per 1000 EC,9,indicator_9,0.2341458436569283,29.0,160,24.789036170603843,4,coverage,5.35019384988274,29.0,24.789036170603843,2025,73
p,0.4974401769757802,67.0,2025-01-01,Kannauj,IhQbDYRiF8w,161,Kanpur Nagar Division,finance,0.6814782292370792,29.0,Per ASHA expenditure of ASHA incentive fund,12,indicator_12,0.6814782292370792,29.0,160,6138.239339752407,4,coverage,5.35019384988274,29.0,6138.239339752407,2025,73
p,0.5753447754017551,30.0,2025-01-01,Kanpur Dehat,k3D0AumUCiC,161,Kanpur Nagar Division,ante_natal,1.0,1.0,% of pregnant women received 4 or more ANC and tested for Hb against estimated PW,1,indicator_1,1.0,1.0,163,100.0,4,coverage,4.987380501393865,56.0,100.0,2025,57
p,0.5753447754017551,30.0,2025-01-01,Kanpur Dehat,k3D0AumUCiC,161,Kanpur Nagar Division,delivery_care,0.4617896656882097,58.0,% of pregnant women delivered in institution against estimated delivery,2,indicator_2,0.30075367317978025,52.0,163,63.23791943957893,4,coverage,4.987380501393865,56.0,63.23791943957893,2025,57
n,0.5753447754017551,30.0,2025-01-01,Kanpur Dehat,k3D0AumUCiC,161,Kanpur Nagar Division,delivery_care,0.4617896656882097,58.0,Still birth ratio,4,indicator_4,0.8229864021859573,35.0,163,3.3866995073891633,4,quality,1.5263016713065574,18.0,3.3866995073891633,2025,57
p,0.5753447754017551,30.0,2025-01-01,Kanpur Dehat,k3D0AumUCiC,161,Kanpur Nagar Division,delivery_care,0.4617896656882097,58.0,% of C-section delivery against reported delivery (70% weightage to CHC),31,indicator_31,0.1308144608494457,60.0,163,1.221498371335505,4,quality,1.5263016713065574,18.0,6.364139769025763,2025,57
p,0.5753447754017551,30.0,2025-01-01,Kanpur Dehat,k3D0AumUCiC,161,Kanpur Nagar Division,delivery_care,0.4617896656882097,58.0,% of C-section delivery against reported delivery (30% to DH),32,indicator_32,0.1308144608494457,60.0,163,18.363636363636363,4,quality,1.5263016713065574,18.0,6.364139769025763,2025,57
p,0.5753447754017551,30.0,2025-01-01,Kanpur Dehat,k3D0AumUCiC,161,Kanpur Nagar Division,post_natal_care,1.0,1.0,% of newborns received HBNC visits (Institutional Delivery and Home Delivery),5,indicator_5,1.0,1.0,163,100.0,4,coverage,4.987380501393865,56.0,100.0,2025,57
p,0.5753447754017551,30.0,2025-01-01,Kanpur Dehat,k3D0AumUCiC,161,Kanpur Nagar Division,immunization,0.7602108944062405,9.0,"% of children received full immunization (BCG, Penta 1, 2, 3, Measles)",7,indicator_7,0.9479209805413266,13.0,163,98.51322435845906,4,coverage,4.987380501393865,56.0,98.51322435845906,2025,57
p,0.5753447754017551,30.0,2025-01-01,Kanpur Dehat,k3D0AumUCiC,161,Kanpur Nagar Division,immunization,0.7602108944062405,9.0,Ratio of Pentavalent 3 to BCG,6,indicator_6,0.5725008082711543,9.0,163,1.2389380530973448,4,quality,1.5263016713065574,18.0,1.2389380530973448,2025,57
p,0.5753447754017551,30.0,2025-01-01,Kanpur Dehat,k3D0AumUCiC,161,Kanpur Nagar Division,communicable_diseases,0.5,1.0,% of PW screened for HIV against estimated pregnancy,11,indicator_11,1.0,1.0,163,100.0,4,coverage,4.987380501393865,56.0,100.0,2025,57
p,0.5753447754017551,30.0,2025-01-01,Kanpur Dehat,k3D0AumUCiC,161,Kanpur Nagar Division,family_planning,0.08074569438040892,71.0,Permanent Method accepted per 1000 EC,8,indicator_8,0.10193083240078388,52.0,163,2.325066259685705,4,coverage,4.987380501393865,56.0,2.325066259685705,2025,57
p,0.5753447754017551,30.0,2025-01-01,Kanpur Dehat,k3D0AumUCiC,161,Kanpur Nagar Division,family_planning,0.08074569438040892,71.0,Reversible Method accepted per 1000 EC,9,indicator_9,0.059560556360033975,68.0,163,12.987155821958725,4,coverage,4.987380501393865,56.0,12.987155821958725,2025,57
p,0.5753447754017551,30.0,2025-01-01,Kanpur Dehat,k3D0AumUCiC,161,Kanpur Nagar Division,finance,0.5772144589119399,55.0,Per ASHA expenditure of ASHA incentive fund,12,indicator_12,0.5772144589119399,55.0,163,5520.892959358896,4,coverage,4.987380501393865,56.0,5520.892959358896,2025,57
p,0.5006335917666375,66.0,2025-01-01,Kanpur Nagar,QVMRMhzVrrS,161,Kanpur Nagar Division,ante_natal,0.9897271210861271,3.0,% of pregnant women received 4 or more ANC and tested for Hb against estimated PW,1,indicator_1,0.9897271210861271,3.0,164,99.80775564278434,4,coverage,4.980601645716923,58.0,99.80775564278434,2025,65
p,0.5006335917666375,66.0,2025-01-01,Kanpur Nagar,QVMRMhzVrrS,161,Kanpur Nagar Division,delivery_care,0.5558647668481114,38.0,% of pregnant women delivered in institution against estimated delivery,2,indicator_2,0.2016754862639743,69.0,164,58.02899641849915,4,coverage,4.980601645716923,58.0,58.02899641849915,2025,65
n,0.5006335917666375,66.0,2025-01-01,Kanpur Nagar,QVMRMhzVrrS,161,Kanpur Nagar Division,delivery_care,0.5558647668481114,38.0,Still birth ratio,4,indicator_4,0.5367585760572351,60.0,164,8.499483676225276,4,quality,1.4745156075077874,26.0,8.499483676225276,2025,65
p,0.5006335917666375,66.0,2025-01-01,Kanpur Nagar,QVMRMhzVrrS,161,Kanpur Nagar Division,delivery_care,0.5558647668481114,38.0,% of C-section delivery against reported delivery (70% weightage to CHC),31,indicator_31,0.4645801191115624,12.0,164,6.434195725534309,4,quality,1.4745156075077874,26.0,18.24788666905504,2025,65
p,0.5006335917666375,66.0,2025-01-01,Kanpur Nagar,QVMRMhzVrrS,161,Kanpur Nagar Division,delivery_care,0.5558647668481114,38.0,% of C-section delivery against reported delivery (30% to DH),32,indicator_32,0.4645801191115624,12.0,164,45.813165537270095,4,quality,1.4745156075077874,26.0,18.24788666905504,2025,65
p,0.5006335917666375,66.0,2025-01-01,Kanpur Nagar,QVMRMhzVrrS,161,Kanpur Nagar Division,post_natal_care,1.0,1.0,% of newborns received HBNC visits (Institutional Delivery and Home Delivery),5,indicator_5,1.0,1.0,164,100.0,4,coverage,4.980601645716923,58.0,100.0,2025,65
p,0.5006335917666375,66.0,2025-01-01,Kanpur Nagar,QVMRMhzVrrS,161,Kanpur Nagar Division,immunization,0.736588456169495,11.0,"% of children received full immunization (BCG, Penta 1, 2, 3, Measles)",7,indicator_7,1.0,1.0,164,100.0,4,coverage,4.980601645716923,58.0,100.0,2025,65
p,0.5006335917666375,66.0,2025-01-01,Kanpur Nagar,QVMRMhzVrrS,161,Kanpur Nagar Division,immunization,0.736588456169495,11.0,Ratio of Pentavalent 3 to BCG,6,indicator_6,0.47317691233898995,16.0,164,1.1683399209486165,4,quality,1.4745156075077874,26.0,1.1683399209486165,2025,65
p,0.5006335917666375,66.0,2025-01-01,Kanpur Nagar,QVMRMhzVrrS,161,Kanpur Nagar Division,communicable_diseases,0.4709730437009525,2.0,% of PW screened for HIV against estimated pregnancy,11,indicator_11,0.9419460874019048,2.0,164,98.67987324926514,4,coverage,4.980601645716923,58.0,98.67987324926514,2025,65
p,0.5006335917666375,66.0,2025-01-01,Kanpur Nagar,QVMRMhzVrrS,161,Kanpur Nagar Division,family_planning,0.12004322067851222,62.0,Permanent Method accepted per 1000 EC,8,indicator_8,0.04825174661070837,72.0,164,1.2954756383888897,4,coverage,4.980601645716923,58.0,1.2954756383888897,2025,65
p,0.5006335917666375,66.0,2025-01-01,Kanpur Nagar,QVMRMhzVrrS,161,Kanpur Nagar Division,family_planning,0.12004322067851222,62.0,Reversible Method accepted per 1000 EC,9,indicator_9,0.1918346947463161,42.0,164,21.928823121794235,4,coverage,4.980601645716923,58.0,21.928823121794235,2025,65
p,0.5006335917666375,66.0,2025-01-01,Kanpur Nagar,QVMRMhzVrrS,161,Kanpur Nagar Division,finance,0.6071665096078919,43.0,Per ASHA expenditure of ASHA incentive fund,12,indicator_12,0.6071665096078919,43.0,164,5698.239222829388,4,coverage,4.980601645716923,58.0,5698.239222829388,2025,65
p,0.5410474619190704,55.0,2025-01-01,Bhadohi,PeUY1vj02UQ,200,Mirzapur Division,ante_natal,0.8484115045128039,6.0,% of pregnant women received 4 or more ANC and tested for Hb against estimated PW,1,indicator_1,0.8484115045128039,6.0,198,97.16320681665293,4,coverage,5.273099850423792,41.0,97.16320681665293,2025,50
p,0.5410474619190704,55.0,2025-01-01,Bhadohi,PeUY1vj02UQ,200,Mirzapur Division,delivery_care,0.538708747318267,42.0,% of pregnant women delivered in institution against estimated delivery,2,indicator_2,0.6552891593045455,9.0,198,81.87721950099727,4,coverage,5.273099850423792,41.0,81.87721950099727,2025,50
n,0.5410474619190704,55.0,2025-01-01,Bhadohi,PeUY1vj02UQ,200,Mirzapur Division,delivery_care,0.538708747318267,42.0,Still birth ratio,4,indicator_4,0.7841986416653149,41.0,198,4.07955124936257,4,quality,1.0775291996938998,60.0,4.07955124936257,2025,50
p,0.5410474619190704,55.0,2025-01-01,Bhadohi,PeUY1vj02UQ,200,Mirzapur Division,delivery_care,0.538708747318267,42.0,% of C-section delivery against reported delivery (70% weightage to CHC),31,indicator_31,0.08831922049247028,66.0,198,4.287690179806361,4,quality,1.0775291996938998,60.0,4.851094108523412,2025,50
p,0.5410474619190704,55.0,2025-01-01,Bhadohi,PeUY1vj02UQ,200,Mirzapur Division,delivery_care,0.538708747318267,42.0,% of C-section delivery against reported delivery (30% to DH),32,indicator_32,0.08831922049247028,66.0,198,6.165703275529865,4,quality,1.0775291996938998,60.0,4.851094108523412,2025,50
p,0.5410474619190704,55.0,2025-01-01,Bhadohi,PeUY1vj02UQ,200,Mirzapur Division,post_natal_care,0.5835138068579167,22.0,% of newborns received HBNC visits (Institutional Delivery and Home Delivery),5,indicator_5,0.5835138068579167,22.0,198,77.7919428862825,4,coverage,5.273099850423792,41.0,77.7919428862825,2025,50
p,0.5410474619190704,55.0,2025-01-01,Bhadohi,PeUY1vj02UQ,200,Mirzapur Division,immunization,0.4296720917096512,70.0,"% of children received full immunization (BCG, Penta 1, 2, 3, Measles)",7,indicator_7,0.6543328458831879,33.0,198,90.13173615472,4,coverage,5.273099850423792,41.0,90.13173615472,2025,50
p,0.5410474619190704,55.0,2025-01-01,Bhadohi,PeUY1vj02UQ,200,Mirzapur Division,immunization,0.4296720917096512,70.0,Ratio of Pentavalent 3 to BCG,6,indicator_6,0.20501133753611456,55.0,198,0.9777313215778948,4,quality,1.0775291996938998,60.0,0.9777313215778948,2025,50
p,0.5410474619190704,55.0,2025-01-01,Bhadohi,PeUY1vj02UQ,200,Mirzapur Division,communicable_diseases,0.5,1.0,% of PW screened for HIV against estimated pregnancy,11,indicator_11,1.0,1.0,198,100.0,4,coverage,5.273099850423792,41.0,100.0,2025,50
p,0.5410474619190704,55.0,2025-01-01,Bhadohi,PeUY1vj02UQ,200,Mirzapur Division,family_planning,0.3651987109489514,13.0,Permanent Method accepted per 1000 EC,8,indicator_8,0.463848438307281,9.0,198,9.266819593205028,4,coverage,5.273099850423792,41.0,9.266819593205028,2025,50
p,0.5410474619190704,55.0,2025-01-01,Bhadohi,PeUY1vj02UQ,200,Mirzapur Division,family_planning,0.3651987109489514,13.0,Reversible Method accepted per 1000 EC,9,indicator_9,0.2665489835906218,23.0,198,26.97947264058843,4,coverage,5.273099850423792,41.0,26.97947264058843,2025,50
p,0.5410474619190704,55.0,2025-01-01,Bhadohi,PeUY1vj02UQ,200,Mirzapur Division,finance,0.8011551119674362,8.0,Per ASHA expenditure of ASHA incentive fund,12,indicator_12,0.8011551119674362,8.0,198,6846.846846846851,4,coverage,5.273099850423792,41.0,6846.846846846851,2025,50
p,0.6465091657442015,5.0,2025-01-01,Mirzapur,UAicdMLyuk4,200,Mirzapur Division,ante_natal,1.0,1.0,% of pregnant women received 4 or more ANC and tested for Hb against estimated PW,1,indicator_1,1.0,1.0,199,100.0,4,coverage,5.908933603512068,6.0,100.0,2025,20
p,0.6465091657442015,5.0,2025-01-01,Mirzapur,UAicdMLyuk4,200,Mirzapur Division,delivery_care,0.7603736056077985,9.0,% of pregnant women delivered in institution against estimated delivery,2,indicator_2,0.7754272665658969,4.0,199,88.19334388823887,4,coverage,5.908933603512068,6.0,88.19334388823887,2025,20
n,0.6465091657442015,5.0,2025-01-01,Mirzapur,UAicdMLyuk4,200,Mirzapur Division,delivery_care,0.7603736056077985,9.0,Still birth ratio,4,indicator_4,0.6488816102250359,47.0,199,6.4966704563911,4,quality,1.570152935930922,15.0,6.4966704563911,2025,20
p,0.6465091657442015,5.0,2025-01-01,Mirzapur,UAicdMLyuk4,200,Mirzapur Division,delivery_care,0.7603736056077985,9.0,% of C-section delivery against reported delivery (70% weightage to CHC),31,indicator_31,0.4284059700162316,15.0,199,1.4503816793893132,4,quality,1.570152935930922,15.0,16.959903853773213,2025,20
p,0.6465091657442015,5.0,2025-01-01,Mirzapur,UAicdMLyuk4,200,Mirzapur Division,delivery_care,0.7603736056077985,9.0,% of C-section delivery against reported delivery (30% to DH),32,indicator_32,0.4284059700162316,15.0,199,53.148788927335644,4,quality,1.570152935930922,15.0,16.959903853773213,2025,20
p,0.6465091657442015,5.0,2025-01-01,Mirzapur,UAicdMLyuk4,200,Mirzapur Division,post_natal_care,0.8333872564418426,16.0,% of newborns received HBNC visits (Institutional Delivery and Home Delivery),5,indicator_5,0.8333872564418426,16.0,199,91.11580315088516,4,coverage,5.908933603512068,6.0,91.11580315088516,2025,20
p,0.6465091657442015,5.0,2025-01-01,Mirzapur,UAicdMLyuk4,200,Mirzapur Division,immunization,0.5994976039046429,44.0,"% of children received full immunization (BCG, Penta 1, 2, 3, Measles)",7,indicator_7,0.7061298521196312,29.0,199,91.6104607539456,4,coverage,5.908933603512068,6.0,91.6104607539456,2025,20
p,0.6465091657442015,5.0,2025-01-01,Mirzapur,UAicdMLyuk4,200,Mirzapur Division,immunization,0.5994976039046429,44.0,Ratio of Pentavalent 3 to BCG,6,indicator_6,0.4928653556896546,13.0,199,1.1823342101619825,4,quality,1.570152935930922,15.0,1.1823342101619825,2025,20
p,0.6465091657442015,5.0,2025-01-01,Mirzapur,UAicdMLyuk4,200,Mirzapur Division,communicable_diseases,0.5,1.0,% of PW screened for HIV against estimated pregnancy,11,indicator_11,1.0,1.0,199,100.0,4,coverage,5.908933603512068,6.0,100.0,2025,20
p,0.6465091657442015,5.0,2025-01-01,Mirzapur,UAicdMLyuk4,200,Mirzapur Division,family_planning,0.40664104943713,9.0,Permanent Method accepted per 1000 EC,8,indicator_8,0.7580847988303028,4.0,199,14.9104141660288,4,coverage,5.908933603512068,6.0,14.9104141660288,2025,20
p,0.6465091657442015,5.0,2025-01-01,Mirzapur,UAicdMLyuk4,200,Mirzapur Division,family_planning,0.40664104943713,9.0,Reversible Method accepted per 1000 EC,9,indicator_9,0.05519730004395725,69.0,199,12.692201821137125,4,coverage,5.908933603512068,6.0,12.692201821137125,2025,20
p,0.6465091657442015,5.0,2025-01-01,Mirzapur,UAicdMLyuk4,200,Mirzapur Division,finance,0.7807071295104364,15.0,Per ASHA expenditure of ASHA incentive fund,12,indicator_12,0.7807071295104364,15.0,199,6725.774225774225,4,coverage,5.908933603512068,6.0,6725.774225774225,2025,20
p,0.5631670647025024,42.0,2025-01-01,Sonbhadra,NNk3JP90QZ5,200,Mirzapur Division,ante_natal,0.9991390663714874,2.0,% of pregnant women received 4 or more ANC and tested for Hb against estimated PW,1,indicator_1,0.9991390663714874,2.0,200,99.98388868072851,4,coverage,5.479801281047865,23.0,99.98388868072851,2025,74
p,0.5631670647025024,42.0,2025-01-01,Sonbhadra,NNk3JP90QZ5,200,Mirzapur Division,delivery_care,0.5915660121279555,32.0,% of pregnant women delivered in institution against estimated delivery,2,indicator_2,0.44872125235604177,31.0,200,71.01714666948007,4,coverage,5.479801281047865,23.0,71.01714666948007,2025,74
n,0.5631670647025024,42.0,2025-01-01,Sonbhadra,NNk3JP90QZ5,200,Mirzapur Division,delivery_care,0.5915660121279555,32.0,Still birth ratio,4,indicator_4,0.6104645120271686,52.0,200,7.1829011913104415,4,quality,1.1631200098822227,52.0,7.1829011913104415,2025,74
p,0.5631670647025024,42.0,2025-01-01,Sonbhadra,NNk3JP90QZ5,200,Mirzapur Division,delivery_care,0.5915660121279555,32.0,% of C-section delivery against reported delivery (70% weightage to CHC),31,indicator_31,0.357756136000328,22.0,200,2.410575427682737,4,quality,1.1631200098822227,52.0,14.444412145172306,2025,74
p,0.5631670647025024,42.0,2025-01-01,Sonbhadra,NNk3JP90QZ5,200,Mirzapur Division,delivery_care,0.5915660121279555,32.0,% of C-section delivery against reported delivery (30% to DH),32,indicator_32,0.357756136000328,22.0,200,42.5233644859813,4,quality,1.1631200098822227,52.0,14.444412145172306,2025,74
p,0.5631670647025024,42.0,2025-01-01,Sonbhadra,NNk3JP90QZ5,200,Mirzapur Division,post_natal_care,0.8027036320352241,18.0,% of newborns received HBNC visits (Institutional Delivery and Home Delivery),5,indicator_5,0.8027036320352241,18.0,200,89.47967764540995,4,coverage,5.479801281047865,23.0,89.47967764540995,2025,74
p,0.5631670647025024,42.0,2025-01-01,Sonbhadra,NNk3JP90QZ5,200,Mirzapur Division,immunization,0.3567870509842748,74.0,"% of children received full immunization (BCG, Penta 1, 2, 3, Measles)",7,indicator_7,0.5186747401138235,37.0,200,86.25890657129189,4,coverage,5.479801281047865,23.0,86.25890657129189,2025,74
p,0.5631670647025024,42.0,2025-01-01,Sonbhadra,NNk3JP90QZ5,200,Mirzapur Division,immunization,0.3567870509842748,74.0,Ratio of Pentavalent 3 to BCG,6,indicator_6,0.1948993618547261,59.0,200,0.970543860909548,4,quality,1.1631200098822227,52.0,0.970543860909548,2025,74
p,0.5631670647025024,42.0,2025-01-01,Sonbhadra,NNk3JP90QZ5,200,Mirzapur Division,communicable_diseases,0.5,1.0,% of PW screened for HIV against estimated pregnancy,11,indicator_11,1.0,1.0,200,100.0,4,coverage,5.479801281047865,23.0,100.0,2025,74
p,0.5631670647025024,42.0,2025-01-01,Sonbhadra,NNk3JP90QZ5,200,Mirzapur Division,family_planning,0.5187989960974398,5.0,Permanent Method accepted per 1000 EC,8,indicator_8,0.8261550140440941,2.0,200,16.216033554702012,4,coverage,5.479801281047865,23.0,16.216033554702012,2025,74
p,0.5631670647025024,42.0,2025-01-01,Sonbhadra,NNk3JP90QZ5,200,Mirzapur Division,family_planning,0.5187989960974398,5.0,Reversible Method accepted per 1000 EC,9,indicator_9,0.21144297815078555,38.0,200,23.25433352513272,4,coverage,5.479801281047865,23.0,23.25433352513272,2025,74
p,0.5631670647025024,42.0,2025-01-01,Sonbhadra,NNk3JP90QZ5,200,Mirzapur Division,finance,0.6729645979764093,31.0,Per ASHA expenditure of ASHA incentive fund,12,indicator_12,0.6729645979764093,31.0,200,6087.830080367393,4,coverage,5.479801281047865,23.0,6087.830080367393,2025,74
p,0.5525186232794,52.0,2025-01-01,Amroha,hgquAmZaNBu,134,Moradabad Division,ante_natal,1.0,1.0,% of pregnant women received 4 or more ANC and tested for Hb against estimated PW,1,indicator_1,1.0,1.0,137,100.0,4,coverage,5.274652271463269,40.0,100.0,2025,33
p,0.5525186232794,52.0,2025-01-01,Amroha,hgquAmZaNBu,134,Moradabad Division,delivery_care,0.7116757300665782,13.0,% of pregnant women delivered in institution against estimated delivery,2,indicator_2,0.5480992351397695,20.0,137,76.24183111743547,4,coverage,5.274652271463269,40.0,76.24183111743547,2025,33
n,0.5525186232794,52.0,2025-01-01,Amroha,hgquAmZaNBu,134,Moradabad Division,delivery_care,0.7116757300665782,13.0,Still birth ratio,4,indicator_4,0.9174595759026398,18.0,137,1.6991593632623858,4,quality,1.8343241912756982,4.0,1.6991593632623858,2025,33
p,0.5525186232794,52.0,2025-01-01,Amroha,hgquAmZaNBu,134,Moradabad Division,delivery_care,0.7116757300665782,13.0,% of C-section delivery against reported delivery (70% weightage to CHC),31,indicator_31,0.3347341895786625,29.0,137,2.6009582477754964,4,quality,1.8343241912756982,4.0,13.624714319321539,2025,33
p,0.5525186232794,52.0,2025-01-01,Amroha,hgquAmZaNBu,134,Moradabad Division,delivery_care,0.7116757300665782,13.0,% of C-section delivery against reported delivery (30% to DH),32,indicator_32,0.3347341895786625,29.0,137,39.346811819595644,4,quality,1.8343241912756982,4.0,13.624714319321539,2025,33
p,0.5525186232794,52.0,2025-01-01,Amroha,hgquAmZaNBu,134,Moradabad Division,post_natal_care,1.0,1.0,% of newborns received HBNC visits (Institutional Delivery and Home Delivery),5,indicator_5,1.0,1.0,137,100.0,4,coverage,5.274652271463269,40.0,100.0,2025,33
p,0.5525186232794,52.0,2025-01-01,Amroha,hgquAmZaNBu,134,Moradabad Division,immunization,0.7910652128971978,4.0,"% of children received full immunization (BCG, Penta 1, 2, 3, Measles)",7,indicator_7,1.0,1.0,137,100.0,4,coverage,5.274652271463269,40.0,100.0,2025,33
p,0.5525186232794,52.0,2025-01-01,Amroha,hgquAmZaNBu,134,Moradabad Division,immunization,0.7910652128971978,4.0,Ratio of Pentavalent 3 to BCG,6,indicator_6,0.5821304257943956,8.0,137,1.2457826598666144,4,quality,1.8343241912756982,4.0,1.2457826598666144,2025,33
p,0.5525186232794,52.0,2025-01-01,Amroha,hgquAmZaNBu,134,Moradabad Division,communicable_diseases,0.5,1.0,% of PW screened for HIV against estimated pregnancy,11,indicator_11,1.0,1.0,137,100.0,4,coverage,5.274652271463269,40.0,100.0,2025,33
p,0.5525186232794,52.0,2025-01-01,Amroha,hgquAmZaNBu,134,Moradabad Division,family_planning,0.1148152454349618,68.0,Permanent Method accepted per 1000 EC,8,indicator_8,0.14694888775007575,39.0,137,3.188534161466204,4,coverage,5.274652271463269,40.0,3.188534161466204,2025,33
p,0.5525186232794,52.0,2025-01-01,Amroha,hgquAmZaNBu,134,Moradabad Division,family_planning,0.1148152454349618,68.0,Reversible Method accepted per 1000 EC,9,indicator_9,0.08268160311984787,66.0,137,14.550127316404962,4,coverage,5.274652271463269,40.0,14.550127316404962,2025,33
p,0.5525186232794,52.0,2025-01-01,Amroha,hgquAmZaNBu,134,Moradabad Division,finance,0.4969225454535766,66.0,Per ASHA expenditure of ASHA incentive fund,12,indicator_12,0.4969225454535766,66.0,137,5045.484080571801,4,coverage,5.274652271463269,40.0,5045.484080571801,2025,33
p,0.5626341071957798,43.0,2025-01-01,Bijnor,uCYjHW7FuGG,134,Moradabad Division,ante_natal,1.0,1.0,% of pregnant women received 4 or more ANC and tested for Hb against estimated PW,1,indicator_1,1.0,1.0,134,100.0,4,coverage,4.958310511312749,60.0,100.0,2025,15
p,0.5626341071957798,43.0,2025-01-01,Bijnor,uCYjHW7FuGG,134,Moradabad Division,delivery_care,0.707670382920507,15.0,% of pregnant women delivered in institution against estimated delivery,2,indicator_2,0.5196791948647064,22.0,134,74.74767981474167,4,coverage,4.958310511312749,60.0,74.74767981474167,2025,15
n,0.5626341071957798,43.0,2025-01-01,Bijnor,uCYjHW7FuGG,134,Moradabad Division,delivery_care,0.707670382920507,15.0,Still birth ratio,4,indicator_4,0.9244626380670834,16.0,134,1.5740661958648856,4,quality,1.310681283627126,37.0,1.5740661958648856,2025,15
p,0.5626341071957798,43.0,2025-01-01,Bijnor,uCYjHW7FuGG,134,Moradabad Division,delivery_care,0.707670382920507,15.0,% of C-section delivery against reported delivery (70% weightage to CHC),31,indicator_31,0.33943465791486543,28.0,134,1.0757507844016136,4,quality,1.310681283627126,37.0,13.792074785074336,2025,15
p,0.5626341071957798,43.0,2025-01-01,Bijnor,uCYjHW7FuGG,134,Moradabad Division,delivery_care,0.707670382920507,15.0,% of C-section delivery against reported delivery (30% to DH),32,indicator_32,0.33943465791486543,28.0,134,43.46349745331069,4,quality,1.310681283627126,37.0,13.792074785074336,2025,15
p,0.5626341071957798,43.0,2025-01-01,Bijnor,uCYjHW7FuGG,134,Moradabad Division,post_natal_care,0.9601881960371004,7.0,% of newborns received HBNC visits (Institutional Delivery and Home Delivery),5,indicator_5,0.9601881960371004,7.0,134,97.87713775206329,4,coverage,4.958310511312749,60.0,97.87713775206329,2025,15
p,0.5626341071957798,43.0,2025-01-01,Bijnor,uCYjHW7FuGG,134,Moradabad Division,immunization,0.4877222697408538,65.0,"% of children received full immunization (BCG, Penta 1, 2, 3, Measles)",7,indicator_7,0.9286605518365306,18.0,134,97.96336884002613,4,coverage,4.958310511312749,60.0,97.96336884002613,2025,15
p,0.5626341071957798,43.0,2025-01-01,Bijnor,uCYjHW7FuGG,134,Moradabad Division,immunization,0.4877222697408538,65.0,Ratio of Pentavalent 3 to BCG,6,indicator_6,0.0467839876451771,73.0,134,0.8652653812086939,4,quality,1.310681283627126,37.0,0.8652653812086939,2025,15
p,0.5626341071957798,43.0,2025-01-01,Bijnor,uCYjHW7FuGG,134,Moradabad Division,communicable_diseases,0.5,1.0,% of PW screened for HIV against estimated pregnancy,11,indicator_11,1.0,1.0,134,100.0,4,coverage,4.958310511312749,60.0,100.0,2025,15
p,0.5626341071957798,43.0,2025-01-01,Bijnor,uCYjHW7FuGG,134,Moradabad Division,family_planning,0.019795591569648212,75.0,Permanent Method accepted per 1000 EC,8,indicator_8,0.03959118313929643,74.0,134,1.1293618755691788,4,coverage,4.958310511312749,60.0,1.1293618755691788,2025,15
p,0.5626341071957798,43.0,2025-01-01,Bijnor,uCYjHW7FuGG,134,Moradabad Division,family_planning,0.019795591569648212,75.0,Reversible Method accepted per 1000 EC,9,indicator_9,0.0,75.0,134,8.960891234929239,4,coverage,4.958310511312749,60.0,8.960891234929239,2025,15
p,0.5626341071957798,43.0,2025-01-01,Bijnor,uCYjHW7FuGG,134,Moradabad Division,finance,0.5101913854351153,64.0,Per ASHA expenditure of ASHA incentive fund,12,indicator_12,0.5101913854351153,64.0,134,5124.0489579887535,4,coverage,4.958310511312749,60.0,5124.0489579887535,2025,15
p,0.5676658187661572,39.0,2025-01-01,Moradabad,YQNQoPjAIpV,134,Moradabad Division,ante_natal,1.0,1.0,% of pregnant women received 4 or more ANC and tested for Hb against estimated PW,1,indicator_1,1.0,1.0,135,100.0,4,coverage,5.348330228060911,30.0,100.0,2025,51
p,0.5676658187661572,39.0,2025-01-01,Moradabad,YQNQoPjAIpV,134,Moradabad Division,delivery_care,0.6295432268159984,25.0,% of pregnant women delivered in institution against estimated delivery,2,indicator_2,0.2448672146032745,63.0,135,60.299752425146586,4,coverage,5.348330228060911,30.0,60.299752425146586,2025,51
n,0.5676658187661572,39.0,2025-01-01,Moradabad,YQNQoPjAIpV,134,Moradabad Division,delivery_care,0.6295432268159984,25.0,Still birth ratio,4,indicator_4,0.9581214929362484,8.0,135,0.972830241122924,4,quality,1.6033600114123876,11.0,0.972830241122924,2025,51
p,0.5676658187661572,39.0,2025-01-01,Moradabad,YQNQoPjAIpV,134,Moradabad Division,delivery_care,0.6295432268159984,25.0,% of C-section delivery against reported delivery (70% weightage to CHC),31,indicator_31,0.3428204864542361,26.0,135,3.1885073580939034,4,quality,1.6033600114123876,11.0,13.912627419573296,2025,51
p,0.5676658187661572,39.0,2025-01-01,Moradabad,YQNQoPjAIpV,134,Moradabad Division,delivery_care,0.6295432268159984,25.0,% of C-section delivery against reported delivery (30% to DH),32,indicator_32,0.3428204864542361,26.0,135,38.93557422969188,4,quality,1.6033600114123876,11.0,13.912627419573296,2025,51
p,0.5676658187661572,39.0,2025-01-01,Moradabad,YQNQoPjAIpV,134,Moradabad Division,post_natal_care,1.0,1.0,% of newborns received HBNC visits (Institutional Delivery and Home Delivery),5,indicator_5,1.0,1.0,135,100.0,4,coverage,5.348330228060911,30.0,100.0,2025,51
p,0.5676658187661572,39.0,2025-01-01,Moradabad,YQNQoPjAIpV,134,Moradabad Division,immunization,0.6512090160109516,25.0,"% of children received full immunization (BCG, Penta 1, 2, 3, Measles)",7,indicator_7,1.0,1.0,135,100.0,4,coverage,5.348330228060911,30.0,100.0,2025,51
p,0.5676658187661572,39.0,2025-01-01,Moradabad,YQNQoPjAIpV,134,Moradabad Division,immunization,0.6512090160109516,25.0,Ratio of Pentavalent 3 to BCG,6,indicator_6,0.30241803202190315,31.0,135,1.0469667318982387,4,quality,1.6033600114123876,11.0,1.0469667318982387,2025,51
p,0.5676658187661572,39.0,2025-01-01,Moradabad,YQNQoPjAIpV,134,Moradabad Division,communicable_diseases,0.5,1.0,% of PW screened for HIV against estimated pregnancy,11,indicator_11,1.0,1.0,135,100.0,4,coverage,5.348330228060911,30.0,100.0,2025,51
p,0.5676658187661572,39.0,2025-01-01,Moradabad,YQNQoPjAIpV,134,Moradabad Division,family_planning,0.21687077595874105,33.0,Permanent Method accepted per 1000 EC,8,indicator_8,0.14255554495982065,42.0,135,3.104267738772676,4,coverage,5.348330228060911,30.0,3.104267738772676,2025,51
p,0.5676658187661572,39.0,2025-01-01,Moradabad,YQNQoPjAIpV,134,Moradabad Division,family_planning,0.21687077595874105,33.0,Reversible Method accepted per 1000 EC,9,indicator_9,0.29118600695766145,18.0,135,28.644923414971924,4,coverage,5.348330228060911,30.0,28.644923414971924,2025,51
p,0.5676658187661572,39.0,2025-01-01,Moradabad,YQNQoPjAIpV,134,Moradabad Division,finance,0.6697214615401539,32.0,Per ASHA expenditure of ASHA incentive fund,12,indicator_12,0.6697214615401539,32.0,135,6068.627450980395,4,coverage,5.348330228060911,30.0,6068.627450980395,2025,51
p,0.6017905333889386,15.0,2025-01-01,Rampur,IU006h5U7jj,134,Moradabad Division,ante_natal,1.0,1.0,% of pregnant women received 4 or more ANC and tested for Hb against estimated PW,1,indicator_1,1.0,1.0,136,100.0,4,coverage,5.277845584731906,38.0,100.0,2025,26
p,0.6017905333889386,15.0,2025-01-01,Rampur,IU006h5U7jj,134,Moradabad Division,delivery_care,0.5448989735782533,41.0,% of pregnant women delivered in institution against estimated delivery,2,indicator_2,0.3784617892011611,43.0,136,67.32333528204359,4,coverage,5.277845584731906,38.0,67.32333528204359,2025,26
n,0.6017905333889386,15.0,2025-01-01,Rampur,IU006h5U7jj,134,Moradabad Division,delivery_care,0.5448989735782533,41.0,Still birth ratio,4,indicator_4,0.8430902145470169,32.0,136,3.0275923759719263,4,quality,1.2795975668257602,42.0,3.0275923759719263,2025,26
p,0.6017905333889386,15.0,2025-01-01,Rampur,IU006h5U7jj,134,Moradabad Division,delivery_care,0.5448989735782533,41.0,% of C-section delivery against reported delivery (70% weightage to CHC),31,indicator_31,0.20657245849329106,45.0,136,3.967761934283943,4,quality,1.2795975668257602,42.0,9.061507959450696,2025,26
p,0.6017905333889386,15.0,2025-01-01,Rampur,IU006h5U7jj,134,Moradabad Division,delivery_care,0.5448989735782533,41.0,% of C-section delivery against reported delivery (30% to DH),32,indicator_32,0.20657245849329106,45.0,136,20.94691535150645,4,quality,1.2795975668257602,42.0,9.061507959450696,2025,26
p,0.6017905333889386,15.0,2025-01-01,Rampur,IU006h5U7jj,134,Moradabad Division,post_natal_care,1.0,1.0,% of newborns received HBNC visits (Institutional Delivery and Home Delivery),5,indicator_5,1.0,1.0,136,100.0,4,coverage,5.277845584731906,38.0,100.0,2025,26
p,0.6017905333889386,15.0,2025-01-01,Rampur,IU006h5U7jj,134,Moradabad Division,immunization,0.6149674468927261,40.0,"% of children received full immunization (BCG, Penta 1, 2, 3, Measles)",7,indicator_7,1.0,1.0,136,100.0,4,coverage,5.277845584731906,38.0,100.0,2025,26
p,0.6017905333889386,15.0,2025-01-01,Rampur,IU006h5U7jj,134,Moradabad Division,immunization,0.6149674468927261,40.0,Ratio of Pentavalent 3 to BCG,6,indicator_6,0.2299348937854521,50.0,136,0.9954466608846488,4,quality,1.2795975668257602,42.0,0.9954466608846488,2025,26
p,0.6017905333889386,15.0,2025-01-01,Rampur,IU006h5U7jj,134,Moradabad Division,communicable_diseases,0.5,1.0,% of PW screened for HIV against estimated pregnancy,11,indicator_11,1.0,1.0,136,100.0,4,coverage,5.277845584731906,38.0,100.0,2025,26
p,0.6017905333889386,15.0,2025-01-01,Rampur,IU006h5U7jj,134,Moradabad Division,family_planning,0.1312699181362702,58.0,Permanent Method accepted per 1000 EC,8,indicator_8,0.06200534924628329,70.0,136,1.5592763360760546,4,coverage,5.277845584731906,38.0,1.5592763360760546,2025,26
p,0.6017905333889386,15.0,2025-01-01,Rampur,IU006h5U7jj,134,Moradabad Division,family_planning,0.1312699181362702,58.0,Reversible Method accepted per 1000 EC,9,indicator_9,0.2005344870262571,41.0,136,22.51692484064828,4,coverage,5.277845584731906,38.0,22.51692484064828,2025,26
p,0.6017905333889386,15.0,2025-01-01,Rampur,IU006h5U7jj,134,Moradabad Division,finance,0.6368439592582044,39.0,Per ASHA expenditure of ASHA incentive fund,12,indicator_12,0.6368439592582044,39.0,136,5873.959571938167,4,coverage,5.277845584731906,38.0,5873.959571938167,2025,26
p,0.5712459212288068,36.0,2025-01-01,Sambhal,YzHpzrN0eLv,134,Moradabad Division,ante_natal,1.0,1.0,% of pregnant women received 4 or more ANC and tested for Hb against estimated PW,1,indicator_1,1.0,1.0,205,100.0,4,coverage,5.748687435026031,15.0,100.0,2025,13
p,0.5712459212288068,36.0,2025-01-01,Sambhal,YzHpzrN0eLv,134,Moradabad Division,delivery_care,0.4810475738072459,51.0,% of pregnant women delivered in institution against estimated delivery,2,indicator_2,0.5157506692250602,23.0,205,74.5411420461343,4,coverage,5.748687435026031,15.0,74.5411420461343,2025,13
n,0.5712459212288068,36.0,2025-01-01,Sambhal,YzHpzrN0eLv,134,Moradabad Division,delivery_care,0.4810475738072459,51.0,Still birth ratio,4,indicator_4,0.9273920521966776,12.0,205,1.5217391304347825,4,quality,1.1103283557762282,58.0,1.5217391304347825,2025,13
p,0.5712459212288068,36.0,2025-01-01,Sambhal,YzHpzrN0eLv,134,Moradabad Division,delivery_care,0.4810475738072459,51.0,% of C-section delivery against reported delivery (70% weightage to CHC),31,indicator_31,0.0,75.0,205,1.0718678615357582,4,quality,1.1103283557762282,58.0,1.7064828018798115,2025,13
p,0.5712459212288068,36.0,2025-01-01,Sambhal,YzHpzrN0eLv,134,Moradabad Division,delivery_care,0.4810475738072459,51.0,% of C-section delivery against reported delivery (30% to DH),32,indicator_32,0.0,75.0,205,3.187250996015936,4,quality,1.1103283557762282,58.0,1.7064828018798115,2025,13
p,0.5712459212288068,36.0,2025-01-01,Sambhal,YzHpzrN0eLv,134,Moradabad Division,post_natal_care,1.0,1.0,% of newborns received HBNC visits (Institutional Delivery and Home Delivery),5,indicator_5,1.0,1.0,205,100.0,4,coverage,5.748687435026031,15.0,100.0,2025,13
p,0.5712459212288068,36.0,2025-01-01,Sambhal,YzHpzrN0eLv,134,Moradabad Division,immunization,0.5914681517897753,49.0,"% of children received full immunization (BCG, Penta 1, 2, 3, Measles)",7,indicator_7,1.0,1.0,205,100.0,4,coverage,5.748687435026031,15.0,100.0,2025,13
p,0.5712459212288068,36.0,2025-01-01,Sambhal,YzHpzrN0eLv,134,Moradabad Division,immunization,0.5914681517897753,49.0,Ratio of Pentavalent 3 to BCG,6,indicator_6,0.1829363035795505,63.0,205,0.9620406748324474,4,quality,1.1103283557762282,58.0,0.9620406748324474,2025,13
p,0.5712459212288068,36.0,2025-01-01,Sambhal,YzHpzrN0eLv,134,Moradabad Division,communicable_diseases,0.5,1.0,% of PW screened for HIV against estimated pregnancy,11,indicator_11,1.0,1.0,205,100.0,4,coverage,5.748687435026031,15.0,100.0,2025,13
p,0.5712459212288068,36.0,2025-01-01,Sambhal,YzHpzrN0eLv,134,Moradabad Division,family_planning,0.2914666307336912,21.0,Permanent Method accepted per 1000 EC,8,indicator_8,0.14013811336901538,44.0,205,3.05790024094953,4,coverage,5.748687435026031,15.0,3.05790024094953,2025,13
p,0.5712459212288068,36.0,2025-01-01,Sambhal,YzHpzrN0eLv,134,Moradabad Division,family_planning,0.2914666307336912,21.0,Reversible Method accepted per 1000 EC,9,indicator_9,0.4427951480983669,6.0,205,38.8936274793681,4,coverage,5.748687435026031,15.0,38.8936274793681,2025,13
p,0.5712459212288068,36.0,2025-01-01,Sambhal,YzHpzrN0eLv,134,Moradabad Division,finance,0.6500035043335869,37.0,Per ASHA expenditure of ASHA incentive fund,12,indicator_12,0.6500035043335869,37.0,205,5951.877313590695,4,coverage,5.748687435026031,15.0,5951.877313590695,2025,13
p,0.6265924413389145,7.0,2025-01-01,Muzaffarnagar,MVQs2RrS1Nw,132,Saharanpur Division,ante_natal,1.0,1.0,% of pregnant women received 4 or more ANC and tested for Hb against estimated PW,1,indicator_1,1.0,1.0,133,100.0,4,coverage,5.714974689520409,16.0,100.0,2025,17
p,0.6265924413389145,7.0,2025-01-01,Muzaffarnagar,MVQs2RrS1Nw,132,Saharanpur Division,delivery_care,0.7823149822406587,6.0,% of pregnant women delivered in institution against estimated delivery,2,indicator_2,0.6028035718032414,12.0,133,79.11784941641181,4,coverage,5.714974689520409,16.0,79.11784941641181,2025,17
n,0.6265924413389145,7.0,2025-01-01,Muzaffarnagar,MVQs2RrS1Nw,132,Saharanpur Division,delivery_care,0.7823149822406587,6.0,Still birth ratio,4,indicator_4,0.9704552820214912,6.0,133,0.7525162261311259,4,quality,1.7212410418356783,8.0,0.7525162261311259,2025,17
p,0.6265924413389145,7.0,2025-01-01,Muzaffarnagar,MVQs2RrS1Nw,132,Saharanpur Division,delivery_care,0.7823149822406587,6.0,% of C-section delivery against reported delivery (70% weightage to CHC),31,indicator_31,0.3868430464486216,18.0,133,3.1118794764139297,4,quality,1.7212410418356783,8.0,15.48005339020381,2025,17
p,0.6265924413389145,7.0,2025-01-01,Muzaffarnagar,MVQs2RrS1Nw,132,Saharanpur Division,delivery_care,0.7823149822406587,6.0,% of C-section delivery against reported delivery (30% to DH),32,indicator_32,0.3868430464486216,18.0,133,44.33912585571353,4,quality,1.7212410418356783,8.0,15.48005339020381,2025,17
p,0.6265924413389145,7.0,2025-01-01,Muzaffarnagar,MVQs2RrS1Nw,132,Saharanpur Division,post_natal_care,1.0,1.0,% of newborns received HBNC visits (Institutional Delivery and Home Delivery),5,indicator_5,1.0,1.0,133,100.0,4,coverage,5.714974689520409,16.0,100.0,2025,17
p,0.6265924413389145,7.0,2025-01-01,Muzaffarnagar,MVQs2RrS1Nw,132,Saharanpur Division,immunization,0.6819713566827826,18.0,"% of children received full immunization (BCG, Penta 1, 2, 3, Measles)",7,indicator_7,1.0,1.0,133,100.0,4,coverage,5.714974689520409,16.0,100.0,2025,17
p,0.6265924413389145,7.0,2025-01-01,Muzaffarnagar,MVQs2RrS1Nw,132,Saharanpur Division,immunization,0.6819713566827826,18.0,Ratio of Pentavalent 3 to BCG,6,indicator_6,0.3639427133655652,24.0,133,1.0906976744186043,4,quality,1.7212410418356783,8.0,1.0906976744186043,2025,17
p,0.6265924413389145,7.0,2025-01-01,Muzaffarnagar,MVQs2RrS1Nw,132,Saharanpur Division,communicable_diseases,0.5,1.0,% of PW screened for HIV against estimated pregnancy,11,indicator_11,1.0,1.0,133,100.0,4,coverage,5.714974689520409,16.0,100.0,2025,17
p,0.6265924413389145,7.0,2025-01-01,Muzaffarnagar,MVQs2RrS1Nw,132,Saharanpur Division,family_planning,0.18664375769487415,37.0,Permanent Method accepted per 1000 EC,8,indicator_8,0.09383002406076812,56.0,133,2.1696888688631275,4,coverage,5.714974689520409,16.0,2.1696888688631275,2025,17
p,0.6265924413389145,7.0,2025-01-01,Muzaffarnagar,MVQs2RrS1Nw,132,Saharanpur Division,family_planning,0.18664375769487415,37.0,Reversible Method accepted per 1000 EC,9,indicator_9,0.27945749132898023,19.0,133,27.852081473591603,4,coverage,5.714974689520409,16.0,27.852081473591603,2025,17
p,0.6265924413389145,7.0,2025-01-01,Muzaffarnagar,MVQs2RrS1Nw,132,Saharanpur Division,finance,0.7388836023274202,20.0,Per ASHA expenditure of ASHA incentive fund,12,indicator_12,0.7388836023274202,20.0,133,6478.136882129274,4,coverage,5.714974689520409,16.0,6478.136882129274,2025,17
p,0.589600608775367,17.0,2025-01-01,Saharanpur,FKYZ3JbWq84,132,Saharanpur Division,ante_natal,1.0,1.0,% of pregnant women received 4 or more ANC and tested for Hb against estimated PW,1,indicator_1,1.0,1.0,132,100.0,4,coverage,5.430787731715058,25.0,100.0,2025,31
p,0.589600608775367,17.0,2025-01-01,Saharanpur,FKYZ3JbWq84,132,Saharanpur Division,delivery_care,0.7224674329755411,12.0,% of pregnant women delivered in institution against estimated delivery,2,indicator_2,0.3053592293962942,49.0,132,63.48005132095321,4,coverage,5.430787731715058,25.0,63.48005132095321,2025,31
n,0.589600608775367,17.0,2025-01-01,Saharanpur,FKYZ3JbWq84,132,Saharanpur Division,delivery_care,0.7224674329755411,12.0,Still birth ratio,4,indicator_4,0.9265323750998076,13.0,132,1.5370952315890147,4,quality,1.8151804888551013,5.0,1.5370952315890147,2025,31
p,0.589600608775367,17.0,2025-01-01,Saharanpur,FKYZ3JbWq84,132,Saharanpur Division,delivery_care,0.7224674329755411,12.0,% of C-section delivery against reported delivery (70% weightage to CHC),31,indicator_31,0.4677553472152606,11.0,132,3.1105228325612178,4,quality,1.8151804888551013,5.0,18.360940862019905,2025,31
p,0.589600608775367,17.0,2025-01-01,Saharanpur,FKYZ3JbWq84,132,Saharanpur Division,delivery_care,0.7224674329755411,12.0,% of C-section delivery against reported delivery (30% to DH),32,indicator_32,0.4677553472152606,11.0,132,53.945249597423505,4,quality,1.8151804888551013,5.0,18.360940862019905,2025,31
p,0.589600608775367,17.0,2025-01-01,Saharanpur,FKYZ3JbWq84,132,Saharanpur Division,post_natal_care,1.0,1.0,% of newborns received HBNC visits (Institutional Delivery and Home Delivery),5,indicator_5,1.0,1.0,132,100.0,4,coverage,5.430787731715058,25.0,100.0,2025,31
p,0.589600608775367,17.0,2025-01-01,Saharanpur,FKYZ3JbWq84,132,Saharanpur Division,immunization,0.7104463832700165,13.0,"% of children received full immunization (BCG, Penta 1, 2, 3, Measles)",7,indicator_7,1.0,1.0,132,100.0,4,coverage,5.430787731715058,25.0,100.0,2025,31
p,0.589600608775367,17.0,2025-01-01,Saharanpur,FKYZ3JbWq84,132,Saharanpur Division,immunization,0.7104463832700165,13.0,Ratio of Pentavalent 3 to BCG,6,indicator_6,0.4208927665400331,20.0,132,1.1311770307925646,4,quality,1.8151804888551013,5.0,1.1311770307925646,2025,31
p,0.589600608775367,17.0,2025-01-01,Saharanpur,FKYZ3JbWq84,132,Saharanpur Division,communicable_diseases,0.5,1.0,% of PW screened for HIV against estimated pregnancy,11,indicator_11,1.0,1.0,132,100.0,4,coverage,5.430787731715058,25.0,100.0,2025,31
p,0.589600608775367,17.0,2025-01-01,Saharanpur,FKYZ3JbWq84,132,Saharanpur Division,family_planning,0.1938071877709308,36.0,Permanent Method accepted per 1000 EC,8,indicator_8,0.07410800195960852,65.0,132,1.7914110221096968,4,coverage,5.430787731715058,25.0,1.7914110221096968,2025,31
p,0.589600608775367,17.0,2025-01-01,Saharanpur,FKYZ3JbWq84,132,Saharanpur Division,family_planning,0.1938071877709308,36.0,Reversible Method accepted per 1000 EC,9,indicator_9,0.31350637358225303,13.0,132,30.153769322435775,4,coverage,5.430787731715058,25.0,30.153769322435775,2025,31
p,0.589600608775367,17.0,2025-01-01,Saharanpur,FKYZ3JbWq84,132,Saharanpur Division,finance,0.7378141267769037,21.0,Per ASHA expenditure of ASHA incentive fund,12,indicator_12,0.7378141267769037,21.0,132,6471.804511278195,4,coverage,5.430787731715058,25.0,6471.804511278195,2025,31
p,0.469448542571563,72.0,2025-01-01,Shamli,AdiUcz9BXhx,132,Saharanpur Division,ante_natal,0.7703646180557346,7.0,% of pregnant women received 4 or more ANC and tested for Hb against estimated PW,1,indicator_1,0.7703646180557346,7.0,203,95.70265484817206,4,coverage,4.745311353617822,66.0,95.70265484817206,2025,32
p,0.469448542571563,72.0,2025-01-01,Shamli,AdiUcz9BXhx,132,Saharanpur Division,delivery_care,0.661904506802314,19.0,% of pregnant women delivered in institution against estimated delivery,2,indicator_2,0.4390179813745807,33.0,203,70.50700823065237,4,coverage,4.745311353617822,66.0,70.50700823065237,2025,32
n,0.469448542571563,72.0,2025-01-01,Shamli,AdiUcz9BXhx,132,Saharanpur Division,delivery_care,0.661904506802314,19.0,Still birth ratio,4,indicator_4,0.9770724289004628,4.0,203,0.6343165239454488,4,quality,1.5034466157405255,20.0,0.6343165239454488,2025,32
p,0.469448542571563,72.0,2025-01-01,Shamli,AdiUcz9BXhx,132,Saharanpur Division,delivery_care,0.661904506802314,19.0,% of C-section delivery against reported delivery (70% weightage to CHC),31,indicator_31,0.2848115550659493,34.0,203,3.1266846361185987,4,quality,1.5034466157405255,20.0,11.847215830648873,2025,32
p,0.469448542571563,72.0,2025-01-01,Shamli,AdiUcz9BXhx,132,Saharanpur Division,delivery_care,0.661904506802314,19.0,% of C-section delivery against reported delivery (30% to DH),32,indicator_32,0.2848115550659493,34.0,203,32.19512195121951,4,quality,1.5034466157405255,20.0,11.847215830648873,2025,32
p,0.469448542571563,72.0,2025-01-01,Shamli,AdiUcz9BXhx,132,Saharanpur Division,post_natal_care,1.0,1.0,% of newborns received HBNC visits (Institutional Delivery and Home Delivery),5,indicator_5,1.0,1.0,203,100.0,4,coverage,4.745311353617822,66.0,100.0,2025,32
p,0.469448542571563,72.0,2025-01-01,Shamli,AdiUcz9BXhx,132,Saharanpur Division,immunization,0.3723745343373947,73.0,"% of children received full immunization (BCG, Penta 1, 2, 3, Measles)",7,indicator_7,0.503186436900676,38.0,203,85.81673941481573,4,coverage,4.745311353617822,66.0,85.81673941481573,2025,32
p,0.469448542571563,72.0,2025-01-01,Shamli,AdiUcz9BXhx,132,Saharanpur Division,immunization,0.3723745343373947,73.0,Ratio of Pentavalent 3 to BCG,6,indicator_6,0.2415626317741134,47.0,203,1.0037115056675694,4,quality,1.5034466157405255,20.0,1.0037115056675694,2025,32
p,0.469448542571563,72.0,2025-01-01,Shamli,AdiUcz9BXhx,132,Saharanpur Division,communicable_diseases,0.5,1.0,% of PW screened for HIV against estimated pregnancy,11,indicator_11,1.0,1.0,203,100.0,4,coverage,4.745311353617822,66.0,100.0,2025,32
p,0.469448542571563,72.0,2025-01-01,Shamli,AdiUcz9BXhx,132,Saharanpur Division,family_planning,0.15595053313120266,48.0,Permanent Method accepted per 1000 EC,8,indicator_8,0.0,75.0,203,0.3699839866521388,4,coverage,4.745311353617822,66.0,0.3699839866521388,2025,32
p,0.469448542571563,72.0,2025-01-01,Shamli,AdiUcz9BXhx,132,Saharanpur Division,family_planning,0.15595053313120266,48.0,Reversible Method accepted per 1000 EC,9,indicator_9,0.3119010662624053,14.0,203,30.045251329854725,4,coverage,4.745311353617822,66.0,30.045251329854725,2025,32
p,0.469448542571563,72.0,2025-01-01,Shamli,AdiUcz9BXhx,132,Saharanpur Division,finance,0.720841251024425,24.0,Per ASHA expenditure of ASHA incentive fund,12,indicator_12,0.720841251024425,24.0,203,6371.308016877635,4,coverage,4.745311353617822,66.0,6371.308016877635,2025,32
p,0.6217890818225664,9.0,2025-01-01,Chandauli,ClbehnmwSec,195,Varanasi Division,ante_natal,1.0,1.0,% of pregnant women received 4 or more ANC and tested for Hb against estimated PW,1,indicator_1,1.0,1.0,196,100.0,4,coverage,5.794417671039376,12.0,100.0,2025,61
p,0.6217890818225664,9.0,2025-01-01,Chandauli,ClbehnmwSec,195,Varanasi Division,delivery_care,0.7797618289514842,7.0,% of pregnant women delivered in institution against estimated delivery,2,indicator_2,0.5931697257934394,14.0,196,78.61136091653002,4,coverage,5.794417671039376,12.0,78.61136091653002,2025,61
n,0.6217890818225664,9.0,2025-01-01,Chandauli,ClbehnmwSec,195,Varanasi Division,delivery_care,0.7797618289514842,7.0,Still birth ratio,4,indicator_4,0.8198714488970309,36.0,196,3.442340791738382,4,quality,1.4842999399106684,23.0,3.442340791738382,2025,61
p,0.6217890818225664,9.0,2025-01-01,Chandauli,ClbehnmwSec,195,Varanasi Division,delivery_care,0.7797618289514842,7.0,% of C-section delivery against reported delivery (70% weightage to CHC),31,indicator_31,0.463122156081991,13.0,196,2.6501766784452303,4,quality,1.4842999399106684,23.0,18.195975805237477,2025,61
p,0.6217890818225664,9.0,2025-01-01,Chandauli,ClbehnmwSec,195,Varanasi Division,delivery_care,0.7797618289514842,7.0,% of C-section delivery against reported delivery (30% to DH),32,indicator_32,0.463122156081991,13.0,196,54.469507101086045,4,quality,1.4842999399106684,23.0,18.195975805237477,2025,61
p,0.6217890818225664,9.0,2025-01-01,Chandauli,ClbehnmwSec,195,Varanasi Division,post_natal_care,1.0,1.0,% of newborns received HBNC visits (Institutional Delivery and Home Delivery),5,indicator_5,1.0,1.0,196,100.0,4,coverage,5.794417671039376,12.0,100.0,2025,61
p,0.6217890818225664,9.0,2025-01-01,Chandauli,ClbehnmwSec,195,Varanasi Division,immunization,0.4315797626223105,69.0,"% of children received full immunization (BCG, Penta 1, 2, 3, Measles)",7,indicator_7,0.6618531903129747,31.0,196,90.3464303834214,4,coverage,5.794417671039376,12.0,90.3464303834214,2025,61
p,0.6217890818225664,9.0,2025-01-01,Chandauli,ClbehnmwSec,195,Varanasi Division,immunization,0.4315797626223105,69.0,Ratio of Pentavalent 3 to BCG,6,indicator_6,0.2013063349316463,56.0,196,0.9750978539613984,4,quality,1.4842999399106684,23.0,0.9750978539613984,2025,61
p,0.6217890818225664,9.0,2025-01-01,Chandauli,ClbehnmwSec,195,Varanasi Division,communicable_diseases,0.5,1.0,% of PW screened for HIV against estimated pregnancy,11,indicator_11,1.0,1.0,196,100.0,4,coverage,5.794417671039376,12.0,100.0,2025,61
p,0.6217890818225664,9.0,2025-01-01,Chandauli,ClbehnmwSec,195,Varanasi Division,family_planning,0.4704252056037477,6.0,Permanent Method accepted per 1000 EC,8,indicator_8,0.7053572790022862,5.0,196,13.899075036456576,4,coverage,5.794417671039376,12.0,13.899075036456576,2025,61
p,0.6217890818225664,9.0,2025-01-01,Chandauli,ClbehnmwSec,195,Varanasi Division,family_planning,0.4704252056037477,6.0,Reversible Method accepted per 1000 EC,9,indicator_9,0.2354931322052091,28.0,196,24.88011221995541,4,coverage,5.794417671039376,12.0,24.88011221995541,2025,61
p,0.6217890818225664,9.0,2025-01-01,Chandauli,ClbehnmwSec,195,Varanasi Division,finance,0.5985443437254667,47.0,Per ASHA expenditure of ASHA incentive fund,12,indicator_12,0.5985443437254667,47.0,196,5647.187329328235,4,coverage,5.794417671039376,12.0,5647.187329328235,2025,61
p,0.5562206529638177,48.0,2025-01-01,Ghazipur,dScWdMRN8PL,195,Varanasi Division,ante_natal,1.0,1.0,% of pregnant women received 4 or more ANC and tested for Hb against estimated PW,1,indicator_1,1.0,1.0,195,100.0,4,coverage,5.367280794968216,28.0,100.0,2025,67
p,0.5562206529638177,48.0,2025-01-01,Ghazipur,dScWdMRN8PL,195,Varanasi Division,delivery_care,0.6135568845519821,28.0,% of pregnant women delivered in institution against estimated delivery,2,indicator_2,0.2573056243444168,59.0,195,60.95368767429802,4,coverage,5.367280794968216,28.0,60.95368767429802,2025,67
n,0.5562206529638177,48.0,2025-01-01,Ghazipur,dScWdMRN8PL,195,Varanasi Division,delivery_care,0.6135568845519821,28.0,Still birth ratio,4,indicator_4,0.9002432166829467,20.0,195,2.0066889632107023,4,quality,1.4484262215892252,29.0,2.0066889632107023,2025,67
p,0.5562206529638177,48.0,2025-01-01,Ghazipur,dScWdMRN8PL,195,Varanasi Division,delivery_care,0.6135568845519821,28.0,% of C-section delivery against reported delivery (70% weightage to CHC),31,indicator_31,0.3415609063142913,27.0,195,4.939919893190922,4,quality,1.4484262215892252,29.0,13.867779990807414,2025,67
p,0.5562206529638177,48.0,2025-01-01,Ghazipur,dScWdMRN8PL,195,Varanasi Division,delivery_care,0.6135568845519821,28.0,% of C-section delivery against reported delivery (30% to DH),32,indicator_32,0.3415609063142913,27.0,195,34.69945355191257,4,quality,1.4484262215892252,29.0,13.867779990807414,2025,67
p,0.5562206529638177,48.0,2025-01-01,Ghazipur,dScWdMRN8PL,195,Varanasi Division,post_natal_care,1.0,1.0,% of newborns received HBNC visits (Institutional Delivery and Home Delivery),5,indicator_5,1.0,1.0,195,100.0,4,coverage,5.367280794968216,28.0,100.0,2025,67
p,0.5562206529638177,48.0,2025-01-01,Ghazipur,dScWdMRN8PL,195,Varanasi Division,immunization,0.5849749854892607,50.0,"% of children received full immunization (BCG, Penta 1, 2, 3, Measles)",7,indicator_7,0.9633278723865342,10.0,195,98.95306734600777,4,coverage,5.367280794968216,28.0,98.95306734600777,2025,67
p,0.5562206529638177,48.0,2025-01-01,Ghazipur,dScWdMRN8PL,195,Varanasi Division,immunization,0.5849749854892607,50.0,Ratio of Pentavalent 3 to BCG,6,indicator_6,0.2066220985919872,54.0,195,0.978876229566202,4,quality,1.4484262215892252,29.0,0.978876229566202,2025,67
p,0.5562206529638177,48.0,2025-01-01,Ghazipur,dScWdMRN8PL,195,Varanasi Division,communicable_diseases,0.5,1.0,% of PW screened for HIV against estimated pregnancy,11,indicator_11,1.0,1.0,195,100.0,4,coverage,5.367280794968216,28.0,100.0,2025,67
p,0.5562206529638177,48.0,2025-01-01,Ghazipur,dScWdMRN8PL,195,Varanasi Division,family_planning,0.2599404862109422,25.0,Permanent Method accepted per 1000 EC,8,indicator_8,0.3376729631292495,16.0,195,6.84671343884521,4,coverage,5.367280794968216,28.0,6.84671343884521,2025,67
p,0.5562206529638177,48.0,2025-01-01,Ghazipur,dScWdMRN8PL,195,Varanasi Division,family_planning,0.2599404862109422,25.0,Reversible Method accepted per 1000 EC,9,indicator_9,0.1822080092926349,46.0,195,21.27806387605561,4,coverage,5.367280794968216,28.0,21.27806387605561,2025,67
p,0.5562206529638177,48.0,2025-01-01,Ghazipur,dScWdMRN8PL,195,Varanasi Division,finance,0.6267663258153796,40.0,Per ASHA expenditure of ASHA incentive fund,12,indicator_12,0.6267663258153796,40.0,195,5814.289846687876,4,coverage,5.367280794968216,28.0,5814.289846687876,2025,67
p,0.5814445087251768,27.0,2025-01-01,Jaunpur,gmw76vAUMqz,195,Varanasi Division,ante_natal,1.0,1.0,% of pregnant women received 4 or more ANC and tested for Hb against estimated PW,1,indicator_1,1.0,1.0,194,100.0,4,coverage,5.144611590668613,48.0,100.0,2025,54
p,0.5814445087251768,27.0,2025-01-01,Jaunpur,gmw76vAUMqz,195,Varanasi Division,delivery_care,0.6094867912964584,29.0,% of pregnant women delivered in institution against estimated delivery,2,indicator_2,0.19573825197516087,71.0,194,57.71685307664707,4,coverage,5.144611590668613,48.0,57.71685307664707,2025,54
n,0.5814445087251768,27.0,2025-01-01,Jaunpur,gmw76vAUMqz,195,Varanasi Division,delivery_care,0.6094867912964584,29.0,Still birth ratio,4,indicator_4,0.8610150964693203,29.0,194,2.707406691162251,4,quality,1.4993103504451208,21.0,2.707406691162251,2025,54
p,0.5814445087251768,27.0,2025-01-01,Jaunpur,gmw76vAUMqz,195,Varanasi Division,delivery_care,0.6094867912964584,29.0,% of C-section delivery against reported delivery (70% weightage to CHC),31,indicator_31,0.3858535127224471,19.0,194,4.497751124437781,4,quality,1.4993103504451208,21.0,15.444820980697902,2025,54
p,0.5814445087251768,27.0,2025-01-01,Jaunpur,gmw76vAUMqz,195,Varanasi Division,delivery_care,0.6094867912964584,29.0,% of C-section delivery against reported delivery (30% to DH),32,indicator_32,0.3858535127224471,19.0,194,40.98798397863817,4,quality,1.4993103504451208,21.0,15.444820980697902,2025,54
p,0.5814445087251768,27.0,2025-01-01,Jaunpur,gmw76vAUMqz,195,Varanasi Division,post_natal_care,1.0,1.0,% of newborns received HBNC visits (Institutional Delivery and Home Delivery),5,indicator_5,1.0,1.0,194,100.0,4,coverage,5.144611590668613,48.0,100.0,2025,54
p,0.5814445087251768,27.0,2025-01-01,Jaunpur,gmw76vAUMqz,195,Varanasi Division,immunization,0.5844654496103492,51.0,"% of children received full immunization (BCG, Penta 1, 2, 3, Measles)",7,indicator_7,0.9164891579673448,19.0,194,97.61589432694191,4,coverage,5.144611590668613,48.0,97.61589432694191,2025,54
p,0.5814445087251768,27.0,2025-01-01,Jaunpur,gmw76vAUMqz,195,Varanasi Division,immunization,0.5844654496103492,51.0,Ratio of Pentavalent 3 to BCG,6,indicator_6,0.2524417412533536,43.0,194,1.0114442350522528,4,quality,1.4993103504451208,21.0,1.0114442350522528,2025,54
p,0.5814445087251768,27.0,2025-01-01,Jaunpur,gmw76vAUMqz,195,Varanasi Division,communicable_diseases,0.5,1.0,% of PW screened for HIV against estimated pregnancy,11,indicator_11,1.0,1.0,194,100.0,4,coverage,5.144611590668613,48.0,100.0,2025,54
p,0.5814445087251768,27.0,2025-01-01,Jaunpur,gmw76vAUMqz,195,Varanasi Division,family_planning,0.2200086436639728,31.0,Permanent Method accepted per 1000 EC,8,indicator_8,0.26749673174915883,22.0,194,5.5006996496115805,4,coverage,5.144611590668613,48.0,5.5006996496115805,2025,54
p,0.5814445087251768,27.0,2025-01-01,Jaunpur,gmw76vAUMqz,195,Varanasi Division,family_planning,0.2200086436639728,31.0,Reversible Method accepted per 1000 EC,9,indicator_9,0.17252055557878676,49.0,194,20.623196725541106,4,coverage,5.144611590668613,48.0,20.623196725541106,2025,54
p,0.5814445087251768,27.0,2025-01-01,Jaunpur,gmw76vAUMqz,195,Varanasi Division,finance,0.5923668933981627,52.0,Per ASHA expenditure of ASHA incentive fund,12,indicator_12,0.5923668933981627,52.0,194,5610.610610610609,4,coverage,5.144611590668613,48.0,5610.610610610609,2025,54
p,0.5962490664560566,16.0,2025-01-01,Varanasi,LeuBT7KfuuA,195,Varanasi Division,ante_natal,1.0,1.0,% of pregnant women received 4 or more ANC and tested for Hb against estimated PW,1,indicator_1,1.0,1.0,197,100.0,4,coverage,5.2069315920168835,44.0,100.0,2025,55
p,0.5962490664560566,16.0,2025-01-01,Varanasi,LeuBT7KfuuA,195,Varanasi Division,delivery_care,1.226177824273753,1.0,% of pregnant women delivered in institution against estimated delivery,2,indicator_2,0.7058169169844472,7.0,197,84.53365890885641,4,coverage,5.2069315920168835,44.0,84.53365890885641,2025,55
n,0.5962490664560566,16.0,2025-01-01,Varanasi,LeuBT7KfuuA,195,Varanasi Division,delivery_care,1.226177824273753,1.0,Still birth ratio,4,indicator_4,0.972716555836813,5.0,197,0.7121239095602635,4,quality,2.2935434991640107,1.0,0.7121239095602635,2025,55
p,0.5962490664560566,16.0,2025-01-01,Varanasi,LeuBT7KfuuA,195,Varanasi Division,delivery_care,1.226177824273753,1.0,% of C-section delivery against reported delivery (70% weightage to CHC),31,indicator_31,1.0,1.0,197,25.01008471157725,4,quality,2.2935434991640107,1.0,37.3115446345043,2025,55
p,0.5962490664560566,16.0,2025-01-01,Varanasi,LeuBT7KfuuA,195,Varanasi Division,delivery_care,1.226177824273753,1.0,% of C-section delivery against reported delivery (30% to DH),32,indicator_32,1.0,1.0,197,66.01495112133411,4,quality,2.2935434991640107,1.0,37.3115446345043,2025,55
p,0.5962490664560566,16.0,2025-01-01,Varanasi,LeuBT7KfuuA,195,Varanasi Division,post_natal_care,0.3010633098288625,28.0,% of newborns received HBNC visits (Institutional Delivery and Home Delivery),5,indicator_5,0.3010633098288625,28.0,197,62.73099519316361,4,coverage,5.2069315920168835,44.0,62.73099519316361,2025,55
p,0.5962490664560566,16.0,2025-01-01,Varanasi,LeuBT7KfuuA,195,Varanasi Division,immunization,0.6604134716635991,23.0,"% of children received full immunization (BCG, Penta 1, 2, 3, Measles)",7,indicator_7,1.0,1.0,197,100.0,4,coverage,5.2069315920168835,44.0,100.0,2025,55
p,0.5962490664560566,16.0,2025-01-01,Varanasi,LeuBT7KfuuA,195,Varanasi Division,immunization,0.6604134716635991,23.0,Ratio of Pentavalent 3 to BCG,6,indicator_6,0.3208269433271982,29.0,197,1.0600515463917526,4,quality,2.2935434991640107,1.0,1.0600515463917526,2025,55
p,0.5962490664560566,16.0,2025-01-01,Varanasi,LeuBT7KfuuA,195,Varanasi Division,communicable_diseases,0.5,1.0,% of PW screened for HIV against estimated pregnancy,11,indicator_11,1.0,1.0,197,100.0,4,coverage,5.2069315920168835,44.0,100.0,2025,55
p,0.5962490664560566,16.0,2025-01-01,Varanasi,LeuBT7KfuuA,195,Varanasi Division,family_planning,0.312881888144261,18.0,Permanent Method accepted per 1000 EC,8,indicator_8,0.3879469950908387,13.0,197,7.810993493927642,4,coverage,5.2069315920168835,44.0,7.810993493927642,2025,55
p,0.5962490664560566,16.0,2025-01-01,Varanasi,LeuBT7KfuuA,195,Varanasi Division,family_planning,0.312881888144261,18.0,Reversible Method accepted per 1000 EC,9,indicator_9,0.2378167811976833,27.0,197,25.03718975956959,4,coverage,5.2069315920168835,44.0,25.03718975956959,2025,55
p,0.5962490664560566,16.0,2025-01-01,Varanasi,LeuBT7KfuuA,195,Varanasi Division,finance,0.5742875889150523,57.0,Per ASHA expenditure of ASHA incentive fund,12,indicator_12,0.5742875889150523,57.0,197,5503.562945368167,4,coverage,5.2069315920168835,44.0,5503.562945368167,2025,55
p,0.011801139793759394,52.0,2025-01-01,Agra,N5WWbRtsjWp,146,Agra Division,communicable_diseases,0.08850854845319545,52.0,Total case notification rate of TB against expected TB cases,10,indicator_10,0.1770170969063909,52.0,146,70.0339558573854,4,quality,0.1770170969063909,52.0,70.0339558573854,2025,12
p,0.02054057969771229,35.0,2025-01-01,Firozabad,eJTsuE56XDF,146,Agra Division,communicable_diseases,0.15405434773284216,35.0,Total case notification rate of TB against expected TB cases,10,indicator_10,0.3081086954656843,35.0,147,74.80719794344472,4,quality,0.3081086954656843,35.0,74.80719794344472,2025,27
p,0.04367675415723383,9.0,2025-01-01,Mainpuri,XBLhrSWGytu,146,Agra Division,communicable_diseases,0.3275756561792537,9.0,Total case notification rate of TB against expected TB cases,10,indicator_10,0.6551513123585074,9.0,148,87.44354110207769,4,quality,0.6551513123585074,9.0,87.44354110207769,2025,43
p,0.03351358549848675,20.0,2025-01-01,Mathura,KP2BUB1npih,146,Agra Division,communicable_diseases,0.2513518912386506,20.0,Total case notification rate of TB against expected TB cases,10,indicator_10,0.5027037824773012,20.0,145,81.89269746646795,4,quality,0.5027037824773012,20.0,81.89269746646795,2025,24
p,0.022900453289774775,28.0,2025-01-01,Fatehpur,ibLiLcaKzw2,172,Prayagraj Division,communicable_diseases,0.17175339967331082,28.0,Total case notification rate of TB against expected TB cases,10,indicator_10,0.34350679934662165,28.0,172,76.09609609609609,4,quality,0.34350679934662165,28.0,76.09609609609609,2025,16
p,0.02135040264298989,33.0,2025-01-01,Kaushambi,PAj0oVY0Dxu,172,Prayagraj Division,communicable_diseases,0.1601280198224242,33.0,Total case notification rate of TB against expected TB cases,10,indicator_10,0.3202560396448484,33.0,174,75.249500998004,4,quality,0.3202560396448484,33.0,75.249500998004,2025,63
p,0.007488611684940947,63.0,2025-01-01,Pratapgarh,fz7bJo3egPX,172,Prayagraj Division,communicable_diseases,0.056164587637057097,63.0,Total case notification rate of TB against expected TB cases,10,indicator_10,0.1123291752741142,63.0,173,67.67857142857143,4,quality,0.1123291752741142,63.0,67.67857142857143,2025,3
p,0.0018214682981090309,73.0,2025-01-01,Prayagraj,tXgaew1Pd2Y,172,Prayagraj Division,communicable_diseases,0.013661012235817732,73.0,Total case notification rate of TB against expected TB cases,10,indicator_10,0.027322024471635464,73.0,175,64.58333333333334,4,quality,0.027322024471635464,73.0,64.58333333333334,2025,34
p,0.017275012623824557,39.0,2025-01-01,Ambedkar Nagar,jM27ji8tyrM,176,Ayodhya Division,communicable_diseases,0.12956259467868414,39.0,Total case notification rate of TB against expected TB cases,10,indicator_10,0.25912518935736834,39.0,178,73.02363488182559,4,quality,0.25912518935736834,39.0,73.02363488182559,2025,8
p,0.016688161907730082,40.0,2025-01-01,Azamgarh,NjckKfm3g0k,193,Azamgarh Division,communicable_diseases,0.12516121430797558,40.0,Total case notification rate of TB against expected TB cases,10,indicator_10,0.2503224286159512,40.0,191,72.70311313591496,4,quality,0.2503224286159512,40.0,72.70311313591496,2025,14
p,0.06628282531487349,2.0,2025-01-01,Amethi,StsLkYw1G0m,176,Ayodhya Division,communicable_diseases,0.4971211898615512,2.0,Total case notification rate of TB against expected TB cases,10,indicator_10,0.9942423797231024,2.0,206,99.79035639412994,4,quality,0.9942423797231024,2.0,99.79035639412994,2025,75
p,0.0393658772682115,11.0,2025-01-01,Ayodhya,b4XkXzoGqFY,176,Ayodhya Division,communicable_diseases,0.2952440795115862,11.0,Total case notification rate of TB against expected TB cases,10,indicator_10,0.5904881590231724,11.0,177,85.08905852417303,4,quality,0.5904881590231724,11.0,85.08905852417303,2025,69
p,0.010150717882631959,54.0,2025-01-01,Barabanki,tzH6nJu9SwS,176,Ayodhya Division,communicable_diseases,0.0761303841197397,54.0,Total case notification rate of TB against expected TB cases,10,indicator_10,0.1522607682394794,54.0,176,69.13254073095554,4,quality,0.1522607682394794,54.0,69.13254073095554,2025,41
p,0.03451944029710177,18.0,2025-01-01,Sultanpur,o4ZQTVcMI7U,176,Ayodhya Division,communicable_diseases,0.2588958022282633,18.0,Total case notification rate of TB against expected TB cases,10,indicator_10,0.5177916044565266,18.0,179,82.44206773618541,4,quality,0.5177916044565266,18.0,82.44206773618541,2025,40
p,0.028103858433329732,25.0,2025-01-01,Hardoi,MTIkUw5q5pX,155,Lucknow Division,communicable_diseases,0.21077893824997296,25.0,Total case notification rate of TB against expected TB cases,10,indicator_10,0.4215578764999459,25.0,155,78.93805309734512,4,quality,0.4215578764999459,25.0,78.93805309734512,2025,64
p,0.009281275205519869,57.0,2025-01-01,Lakhimpur Kheri,d9ZuMopgX29,155,Lucknow Division,communicable_diseases,0.06960956404139901,57.0,Total case notification rate of TB against expected TB cases,10,indicator_10,0.13921912808279802,57.0,153,68.65767501605653,4,quality,0.13921912808279802,57.0,68.65767501605653,2025,22
p,0.014774885759806441,45.0,2025-01-01,Lucknow,MfHac5N78aK,155,Lucknow Division,communicable_diseases,0.11081164319854828,45.0,Total case notification rate of TB against expected TB cases,10,indicator_10,0.22162328639709655,45.0,157,71.65813424345848,4,quality,0.22162328639709655,45.0,71.65813424345848,2025,53
p,0.02862341586475502,24.0,2025-01-01,Bahraich,iE0E3nLioFr,182,Gonda Division,communicable_diseases,0.21467561898566265,24.0,Total case notification rate of TB against expected TB cases,10,indicator_10,0.4293512379713253,24.0,180,79.22182109907743,4,quality,0.4293512379713253,24.0,79.22182109907743,2025,23
p,0.033198177186120774,21.0,2025-01-01,Rae Bareli,lLvTDpBDY8u,155,Lucknow Division,communicable_diseases,0.24898632889590586,21.0,Total case notification rate of TB against expected TB cases,10,indicator_10,0.4979726577918117,21.0,158,81.72043010752688,4,quality,0.4979726577918117,21.0,81.72043010752688,2025,59
p,0.014802199691156774,44.0,2025-01-01,Sitapur,XxaOowFtkiJ,155,Lucknow Division,communicable_diseases,0.11101649768367583,44.0,Total case notification rate of TB against expected TB cases,10,indicator_10,0.22203299536735166,44.0,154,71.67305236270755,4,quality,0.22203299536735166,44.0,71.67305236270755,2025,60
p,0.020768317043872275,34.0,2025-01-01,Unnav,aT03mfdlNiF,155,Lucknow Division,communicable_diseases,0.15576237782904204,34.0,Total case notification rate of TB against expected TB cases,10,indicator_10,0.3115247556580841,34.0,156,74.93158182813356,4,quality,0.3115247556580841,34.0,74.93158182813356,2025,7
p,0.03724466441781736,16.0,2025-01-01,Bagpat,HJIS3IrQ0Nj,140,Meerut Division,communicable_diseases,0.2793349831336302,16.0,Total case notification rate of TB against expected TB cases,10,indicator_10,0.5586699662672604,16.0,139,83.93051031487515,4,quality,0.5586699662672604,16.0,83.93051031487515,2025,66
p,0.009612401146589287,56.0,2025-01-01,Bulandshahar,ogBt4gWCiem,140,Meerut Division,communicable_diseases,0.07209300859941965,56.0,Total case notification rate of TB against expected TB cases,10,indicator_10,0.1441860171988393,56.0,142,68.83852691218131,4,quality,0.1441860171988393,56.0,68.83852691218131,2025,52
p,0.0164531625625036,41.0,2025-01-01,Gautam Buddha Nagar,bNmwkrQeP3e,140,Meerut Division,communicable_diseases,0.123398719218777,41.0,Total case notification rate of TB against expected TB cases,10,indicator_10,0.246797438437554,41.0,141,72.57476294675419,4,quality,0.246797438437554,41.0,72.57476294675419,2025,35
p,0.019652346300506343,36.0,2025-01-01,Ghaziabad,M5NHlfAaKYI,140,Meerut Division,communicable_diseases,0.14739259725379755,36.0,Total case notification rate of TB against expected TB cases,10,indicator_10,0.2947851945075951,36.0,140,74.32206925323321,4,quality,0.2947851945075951,36.0,74.32206925323321,2025,39
p,0.011455836764025687,53.0,2025-01-01,Hapur,CZ8kLjgqvSH,140,Meerut Division,communicable_diseases,0.08591877573019266,53.0,Total case notification rate of TB against expected TB cases,10,indicator_10,0.17183755146038532,53.0,204,69.84536082474226,4,quality,0.17183755146038532,53.0,69.84536082474226,2025,46
p,0.02328199056177967,27.0,2025-01-01,Aligarh,frD2HOp3wAs,201,Alligarh Division,communicable_diseases,0.17461492921334748,27.0,Total case notification rate of TB against expected TB cases,10,indicator_10,0.34922985842669496,27.0,143,76.30448127685699,4,quality,0.34922985842669496,27.0,76.30448127685699,2025,44
p,0.022351881442740057,30.0,2025-01-01,Meerut,v8YGmR7nOdj,140,Meerut Division,communicable_diseases,0.1676391108205504,30.0,Total case notification rate of TB against expected TB cases,10,indicator_10,0.3352782216411008,30.0,138,75.79648121730861,4,quality,0.3352782216411008,30.0,75.79648121730861,2025,30
p,0.039311448775038296,12.0,2025-01-01,Etah,ZLcx4iOVyN5,201,Alligarh Division,communicable_diseases,0.2948358658127872,12.0,Total case notification rate of TB against expected TB cases,10,indicator_10,0.5896717316255744,12.0,201,85.05933117583602,4,quality,0.5896717316255744,12.0,85.05933117583602,2025,21
p,0.022471967575722705,29.0,2025-01-01,Hathras,m1IAjmqkoFC,201,Alligarh Division,communicable_diseases,0.16853975681792027,29.0,Total case notification rate of TB against expected TB cases,10,indicator_10,0.3370795136358405,29.0,144,75.86206896551724,4,quality,0.3370795136358405,29.0,75.86206896551724,2025,48
p,0.006200991499471285,67.0,2025-01-01,Kasganj,hITp09XOBLZ,201,Alligarh Division,communicable_diseases,0.046507436246034636,67.0,Total case notification rate of TB against expected TB cases,10,indicator_10,0.09301487249206927,67.0,202,66.9753086419753,4,quality,0.09301487249206927,67.0,66.9753086419753,2025,70
p,0.026711985858081988,26.0,2025-01-01,Ballia,oNDvGBE5fLq,193,Azamgarh Division,communicable_diseases,0.2003398939356149,26.0,Total case notification rate of TB against expected TB cases,10,indicator_10,0.4006797878712298,26.0,193,78.17785051827605,4,quality,0.4006797878712298,26.0,78.17785051827605,2025,5
p,0.03925331622299887,13.0,2025-01-01,Maunathbhanjan,CBSB9v92AwT,193,Azamgarh Division,communicable_diseases,0.2943998716724915,13.0,Total case notification rate of TB against expected TB cases,10,indicator_10,0.588799743344983,13.0,192,85.02758077226163,4,quality,0.588799743344983,13.0,85.02758077226163,2025,6
p,0.017787736796498237,37.0,2025-01-01,Budaun,eA37kyBRRuZ,150,Bareilly Division,communicable_diseases,0.13340802597373674,37.0,Total case notification rate of TB against expected TB cases,10,indicator_10,0.26681605194747354,37.0,149,73.30367074527253,4,quality,0.26681605194747354,37.0,73.30367074527253,2025,58
p,0.0029672456792577467,71.0,2025-01-01,Bareilly,vVqY3DPcpHf,150,Bareilly Division,communicable_diseases,0.0222543425944331,71.0,Total case notification rate of TB against expected TB cases,10,indicator_10,0.0445086851888662,71.0,150,65.20912547528516,4,quality,0.0445086851888662,71.0,65.20912547528516,2025,56
p,0.04799206147587818,5.0,2025-01-01,Pilibhit,c96jwckSd6j,150,Bareilly Division,communicable_diseases,0.35994046106908634,5.0,Total case notification rate of TB against expected TB cases,10,indicator_10,0.7198809221381727,5.0,151,89.80044345898004,4,quality,0.7198809221381727,5.0,89.80044345898004,2025,29
p,0.009076988616192922,58.0,2025-01-01,Shahjahanpur,GaiLSoQq1ue,150,Bareilly Division,communicable_diseases,0.06807741462144691,58.0,Total case notification rate of TB against expected TB cases,10,indicator_10,0.13615482924289382,58.0,152,68.54609929078013,4,quality,0.13615482924289382,58.0,68.54609929078013,2025,28
p,0.013817212870775229,50.0,2025-01-01,Basti,J1P16zQEOUT,185,Basti Division,communicable_diseases,0.10362909653081423,50.0,Total case notification rate of TB against expected TB cases,10,indicator_10,0.20725819306162846,50.0,185,71.13507960965589,4,quality,0.20725819306162846,50.0,71.13507960965589,2025,71
p,0.042606457317247104,10.0,2025-01-01,Sant Kabir Nagar,fe1yBApr2sl,185,Basti Division,communicable_diseases,0.3195484298793532,10.0,Total case notification rate of TB against expected TB cases,10,indicator_10,0.6390968597587064,10.0,186,86.85897435897436,4,quality,0.6390968597587064,10.0,86.85897435897436,2025,11
p,0.06666666666666668,1.0,2025-01-01,Siddharth Nagar,cP0p8qfm3il,185,Basti Division,communicable_diseases,0.5,1.0,Total case notification rate of TB against expected TB cases,10,indicator_10,1.0,1.0,184,100.0,4,quality,1.0,1.0,100.0,2025,1
p,0.009056899295181005,59.0,2025-01-01,Banda,DggJGxqbWHn,170,Chitrakoot Division,communicable_diseases,0.06792674471385754,59.0,Total case notification rate of TB against expected TB cases,10,indicator_10,0.13585348942771508,59.0,170,68.53512705530642,4,quality,0.13585348942771508,59.0,68.53512705530642,2025,47
p,0.0320341237471382,22.0,2025-01-01,Chitrakoot,i2fSZZ3QAJJ,170,Chitrakoot Division,communicable_diseases,0.24025592810353644,22.0,Total case notification rate of TB against expected TB cases,10,indicator_10,0.4805118562070729,22.0,171,81.08465608465606,4,quality,0.4805118562070729,22.0,81.08465608465606,2025,38
p,0.004835488125847182,68.0,2025-01-01,Hamirpur,VSI7HobT5qL,170,Chitrakoot Division,communicable_diseases,0.03626616094385386,68.0,Total case notification rate of TB against expected TB cases,10,indicator_10,0.07253232188770772,68.0,168,66.22950819672131,4,quality,0.07253232188770772,68.0,66.22950819672131,2025,36
p,0.008848037780770056,61.0,2025-01-01,Mahoba,sUQMxIc3yXj,170,Chitrakoot Division,communicable_diseases,0.06636028335577543,61.0,Total case notification rate of TB against expected TB cases,10,indicator_10,0.13272056671155086,61.0,169,68.42105263157895,4,quality,0.13272056671155086,61.0,68.42105263157895,2025,42
p,0.033555717506467374,19.0,2025-01-01,Balrampur,uS0pNSxN3sS,182,Gonda Division,communicable_diseases,0.2516678812985053,19.0,Total case notification rate of TB against expected TB cases,10,indicator_10,0.5033357625970106,19.0,182,81.91570881226053,4,quality,0.5033357625970106,19.0,81.91570881226053,2025,72
p,0.030216668085595363,23.0,2025-01-01,Gonda,y8WarEkWCul,182,Gonda Division,communicable_diseases,0.2266250106419652,23.0,Total case notification rate of TB against expected TB cases,10,indicator_10,0.4532500212839304,23.0,183,80.09201171058135,4,quality,0.4532500212839304,23.0,80.09201171058135,2025,2
p,0.05411828303514809,3.0,2025-01-01,Shrawasti,oyTwneTbWDx,182,Gonda Division,communicable_diseases,0.40588712276361066,3.0,Total case notification rate of TB against expected TB cases,10,indicator_10,0.8117742455272213,3.0,181,93.14641744548288,4,quality,0.8117742455272213,3.0,93.14641744548288,2025,18
p,0.004516060998799229,69.0,2025-01-01,Deoria,Tf9b9qcbghH,188,Gorakhpur Division,communicable_diseases,0.03387045749099422,69.0,Total case notification rate of TB against expected TB cases,10,indicator_10,0.06774091498198842,69.0,190,66.05504587155964,4,quality,0.06774091498198842,69.0,66.05504587155964,2025,19
p,0.043697074855939814,8.0,2025-01-01,Gorakhpur,vR85cHdsw1w,188,Gorakhpur Division,communicable_diseases,0.3277280614195485,8.0,Total case notification rate of TB against expected TB cases,10,indicator_10,0.655456122839097,8.0,188,87.45463970969412,4,quality,0.655456122839097,8.0,87.45463970969412,2025,45
p,0.01424759617025051,46.0,2025-01-01,Kushinagar,xUeHwd9FQkg,188,Gorakhpur Division,communicable_diseases,0.1068569712768788,46.0,Total case notification rate of TB against expected TB cases,10,indicator_10,0.2137139425537576,46.0,189,71.37014314928425,4,quality,0.2137139425537576,46.0,71.37014314928425,2025,9
p,0.04476449340366236,7.0,2025-01-01,Maharajganj,AcnMkNGgc3S,188,Gorakhpur Division,communicable_diseases,0.3357337005274677,7.0,Total case notification rate of TB against expected TB cases,10,indicator_10,0.6714674010549354,7.0,187,88.03763440860214,4,quality,0.6714674010549354,7.0,88.03763440860214,2025,10
p,0.0216093785046943,32.0,2025-01-01,Jalaun,NL5xiiHZQSC,165,Jhansi Division,communicable_diseases,0.1620703387852072,32.0,Total case notification rate of TB against expected TB cases,10,indicator_10,0.3241406775704144,32.0,165,75.39094650205763,4,quality,0.3241406775704144,32.0,75.39094650205763,2025,4
p,0.0005906810035842206,74.0,2025-01-01,Jhansi,Mq751wBMqGF,165,Jhansi Division,communicable_diseases,0.004430107526881655,74.0,Total case notification rate of TB against expected TB cases,10,indicator_10,0.00886021505376331,74.0,166,63.9111111111111,4,quality,0.00886021505376331,74.0,63.9111111111111,2025,25
p,0.00891375943906606,60.0,2025-01-01,Lalitpur,fagfcadhxej,165,Jhansi Division,communicable_diseases,0.06685319579299545,60.0,Total case notification rate of TB against expected TB cases,10,indicator_10,0.1337063915859909,60.0,167,68.45694799658996,4,quality,0.1337063915859909,60.0,68.45694799658996,2025,68
p,0.01411813502762016,48.0,2025-01-01,Auraiya,Bd6E8zkVvVt,161,Kanpur Nagar Division,communicable_diseases,0.1058860127071512,48.0,Total case notification rate of TB against expected TB cases,10,indicator_10,0.2117720254143024,48.0,162,71.2994350282486,4,quality,0.2117720254143024,48.0,71.2994350282486,2025,37
p,0.04612401835191236,6.0,2025-01-01,Etawah,Pm0jLk6EAiE,161,Kanpur Nagar Division,communicable_diseases,0.3459301376393427,6.0,Total case notification rate of TB against expected TB cases,10,indicator_10,0.6918602752786854,6.0,161,88.7801696020874,4,quality,0.6918602752786854,6.0,88.7801696020874,2025,62
p,0.00679562142153196,65.0,2025-01-01,Farrukhabad,uEEwlAGZXWW,161,Kanpur Nagar Division,communicable_diseases,0.050967160661489694,65.0,Total case notification rate of TB against expected TB cases,10,indicator_10,0.1019343213229794,65.0,159,67.30007917656373,4,quality,0.1019343213229794,65.0,67.30007917656373,2025,49
p,0.053818082469800764,4.0,2025-01-01,Kannauj,IhQbDYRiF8w,161,Kanpur Nagar Division,communicable_diseases,0.4036356185235057,4.0,Total case notification rate of TB against expected TB cases,10,indicator_10,0.8072712370470113,4.0,160,92.98245614035088,4,quality,0.8072712370470113,4.0,92.98245614035088,2025,73
p,0.016235073933169857,42.0,2025-01-01,Kanpur Dehat,k3D0AumUCiC,161,Kanpur Nagar Division,communicable_diseases,0.12176305449877392,42.0,Total case notification rate of TB against expected TB cases,10,indicator_10,0.24352610899754784,42.0,163,72.45564892623716,4,quality,0.24352610899754784,42.0,72.45564892623716,2025,57
p,0.0072082494827444875,64.0,2025-01-01,Kanpur Nagar,QVMRMhzVrrS,161,Kanpur Nagar Division,communicable_diseases,0.05406187112058365,64.0,Total case notification rate of TB against expected TB cases,10,indicator_10,0.10812374224116728,64.0,164,67.52544529262087,4,quality,0.10812374224116728,64.0,67.52544529262087,2025,65
p,0.010011683141995636,55.0,2025-01-01,Bhadohi,PeUY1vj02UQ,200,Mirzapur Division,communicable_diseases,0.07508762356496726,55.0,Total case notification rate of TB against expected TB cases,10,indicator_10,0.15017524712993452,55.0,198,69.0566037735849,4,quality,0.15017524712993452,55.0,69.0566037735849,2025,50
p,0.013752246947449451,51.0,2025-01-01,Mirzapur,UAicdMLyuk4,200,Mirzapur Division,communicable_diseases,0.10314185210587087,51.0,Total case notification rate of TB against expected TB cases,10,indicator_10,0.20628370421174172,51.0,199,71.09959700633277,4,quality,0.20628370421174172,51.0,71.09959700633277,2025,20
p,0.014064694408014215,49.0,2025-01-01,Sonbhadra,NNk3JP90QZ5,200,Mirzapur Division,communicable_diseases,0.1054852080601066,49.0,Total case notification rate of TB against expected TB cases,10,indicator_10,0.2109704161202132,49.0,200,71.27024722932651,4,quality,0.2109704161202132,49.0,71.27024722932651,2025,74
p,0.03732148579816096,15.0,2025-01-01,Amroha,hgquAmZaNBu,134,Moradabad Division,communicable_diseases,0.2799111434862072,15.0,Total case notification rate of TB against expected TB cases,10,indicator_10,0.5598222869724143,15.0,137,83.9724680432645,4,quality,0.5598222869724143,15.0,83.9724680432645,2025,33
p,0.017737943051309484,38.0,2025-01-01,Bijnor,uCYjHW7FuGG,134,Moradabad Division,communicable_diseases,0.13303457288482112,38.0,Total case notification rate of TB against expected TB cases,10,indicator_10,0.26606914576964225,38.0,134,73.27647476901208,4,quality,0.26606914576964225,38.0,73.27647476901208,2025,15
p,0.021879101869926098,31.0,2025-01-01,Moradabad,YQNQoPjAIpV,134,Moradabad Division,communicable_diseases,0.1640932640244457,31.0,Total case notification rate of TB against expected TB cases,10,indicator_10,0.3281865280488914,31.0,135,75.53826199740597,4,quality,0.3281865280488914,31.0,75.53826199740597,2025,51
p,0.014205536563712304,47.0,2025-01-01,Rampur,IU006h5U7jj,134,Moradabad Division,communicable_diseases,0.10654152422784227,47.0,Total case notification rate of TB against expected TB cases,10,indicator_10,0.21308304845568454,47.0,136,71.34717134717134,4,quality,0.21308304845568454,47.0,71.34717134717134,2025,26
p,0.03769485910992038,14.0,2025-01-01,Sambhal,YzHpzrN0eLv,134,Moradabad Division,communicable_diseases,0.28271144332440284,14.0,Total case notification rate of TB against expected TB cases,10,indicator_10,0.5654228866488057,14.0,205,84.17639429312581,4,quality,0.5654228866488057,14.0,84.17639429312581,2025,13
p,0.0,75.0,2025-01-01,Muzaffarnagar,MVQs2RrS1Nw,132,Saharanpur Division,communicable_diseases,0.0,75.0,Total case notification rate of TB against expected TB cases,10,indicator_10,0.0,75.0,133,63.5884973673552,4,quality,0.0,75.0,63.5884973673552,2025,17
p,0.008610500930071697,62.0,2025-01-01,Saharanpur,FKYZ3JbWq84,132,Saharanpur Division,communicable_diseases,0.06457875697553772,62.0,Total case notification rate of TB against expected TB cases,10,indicator_10,0.12915751395107544,62.0,132,68.29131652661064,4,quality,0.12915751395107544,62.0,68.29131652661064,2025,31
p,0.004169686928307631,70.0,2025-01-01,Shamli,AdiUcz9BXhx,132,Saharanpur Division,communicable_diseases,0.03127265196230723,70.0,Total case notification rate of TB against expected TB cases,10,indicator_10,0.06254530392461446,70.0,203,65.86586586586587,4,quality,0.06254530392461446,70.0,65.86586586586587,2025,32
p,0.006682133587584097,66.0,2025-01-01,Chandauli,ClbehnmwSec,195,Varanasi Division,communicable_diseases,0.05011600190688072,66.0,Total case notification rate of TB against expected TB cases,10,indicator_10,0.10023200381376143,66.0,196,67.23809523809524,4,quality,0.10023200381376143,66.0,67.23809523809524,2025,61
p,0.01588533485042754,43.0,2025-01-01,Ghazipur,dScWdMRN8PL,195,Varanasi Division,communicable_diseases,0.11914001137820653,43.0,Total case notification rate of TB against expected TB cases,10,indicator_10,0.23828002275641305,43.0,195,72.264631043257,4,quality,0.23828002275641305,43.0,72.264631043257,2025,67
p,0.03480830371154038,17.0,2025-01-01,Jaunpur,gmw76vAUMqz,195,Varanasi Division,communicable_diseases,0.26106227783655284,17.0,Total case notification rate of TB against expected TB cases,10,indicator_10,0.5221245556731057,17.0,194,82.59983700081499,4,quality,0.5221245556731057,17.0,82.59983700081499,2025,54
p,0.002852857036375016,72.0,2025-01-01,Varanasi,LeuBT7KfuuA,195,Varanasi Division,communicable_diseases,0.02139642777281261,72.0,Total case notification rate of TB against expected TB cases,10,indicator_10,0.04279285554562523,72.0,197,65.14664953971311,4,quality,0.04279285554562523,72.0,65.14664953971311,2025,55
n,0.603775793574442,14.0,2025-01-01,Agra,N5WWbRtsjWp,146,Agra Division,data_quality,0.4951774605506853,58.0,% of facilities reported outlier for the identified indicators of ranking,13,indicator_13,0.11329831822535474,70.0,146,4.5561343333333335,4,data_quality,0.4951774605506853,58.0,4.5561343333333335,2025,12
p,0.603775793574442,14.0,2025-01-01,Agra,N5WWbRtsjWp,146,Agra Division,data_quality,0.4951774605506853,58.0,% of facilities reported non blank value (including zero) for the identified indicators of ranking,14,indicator_14,0.8770566028760161,17.0,146,98.51836333333334,4,data_quality,0.4951774605506853,58.0,98.51836333333334,2025,12
n,0.5507175913602529,54.0,2025-01-01,Firozabad,eJTsuE56XDF,146,Agra Division,data_quality,0.3967745625719227,68.0,% of facilities reported outlier for the identified indicators of ranking,13,indicator_13,0.0,75.0,147,5.015821333333333,4,data_quality,0.3967745625719227,68.0,5.015821333333333,2025,27
p,0.5507175913602529,54.0,2025-01-01,Firozabad,eJTsuE56XDF,146,Agra Division,data_quality,0.3967745625719227,68.0,% of facilities reported non blank value (including zero) for the identified indicators of ranking,14,indicator_14,0.7935491251438453,37.0,147,97.53532666666666,4,data_quality,0.3967745625719227,68.0,97.53532666666666,2025,27
n,0.5831213552246322,22.0,2025-01-01,Mainpuri,XBLhrSWGytu,146,Agra Division,data_quality,0.8285404087129772,8.0,% of facilities reported outlier for the identified indicators of ranking,13,indicator_13,0.7162664106155778,19.0,148,2.1097026666666667,4,data_quality,0.8285404087129772,8.0,2.1097026666666667,2025,43
p,0.5831213552246322,22.0,2025-01-01,Mainpuri,XBLhrSWGytu,146,Agra Division,data_quality,0.8285404087129772,8.0,% of facilities reported non blank value (including zero) for the identified indicators of ranking,14,indicator_14,0.9408144068103764,5.0,148,99.26890999999999,4,data_quality,0.8285404087129772,8.0,99.26890999999999,2025,43
n,0.6088786985119655,12.0,2025-01-01,Mathura,KP2BUB1npih,146,Agra Division,data_quality,0.6356003519855085,38.0,% of facilities reported outlier for the identified indicators of ranking,13,indicator_13,0.3701087761160686,59.0,145,3.5141733333333334,4,data_quality,0.6356003519855085,38.0,3.5141733333333334,2025,24
p,0.6088786985119655,12.0,2025-01-01,Mathura,KP2BUB1npih,146,Agra Division,data_quality,0.6356003519855085,38.0,% of facilities reported non blank value (including zero) for the identified indicators of ranking,14,indicator_14,0.9010919278549484,11.0,145,98.80130333333334,4,data_quality,0.6356003519855085,38.0,98.80130333333334,2025,24
n,0.5253538404959708,61.0,2025-01-01,Fatehpur,ibLiLcaKzw2,172,Prayagraj Division,data_quality,0.7995983513074425,13.0,% of facilities reported outlier for the identified indicators of ranking,13,indicator_13,0.7621389444394425,11.0,172,1.9235833333333328,4,data_quality,0.7995983513074425,13.0,1.9235833333333328,2025,16
p,0.5253538404959708,61.0,2025-01-01,Fatehpur,ibLiLcaKzw2,172,Prayagraj Division,data_quality,0.7995983513074425,13.0,% of facilities reported non blank value (including zero) for the identified indicators of ranking,14,indicator_14,0.8370577581754424,25.0,172,98.04750333333334,4,data_quality,0.7995983513074425,13.0,98.04750333333334,2025,16
n,0.5871923824685789,20.0,2025-01-01,Kaushambi,PAj0oVY0Dxu,172,Prayagraj Division,data_quality,0.6847951101186851,30.0,% of facilities reported outlier for the identified indicators of ranking,13,indicator_13,0.6663795638460732,25.0,174,2.3121093333333333,4,data_quality,0.6847951101186851,30.0,2.3121093333333333,2025,63
p,0.5871923824685789,20.0,2025-01-01,Kaushambi,PAj0oVY0Dxu,172,Prayagraj Division,data_quality,0.6847951101186851,30.0,% of facilities reported non blank value (including zero) for the identified indicators of ranking,14,indicator_14,0.7032106563912969,49.0,174,96.47187666666666,4,data_quality,0.6847951101186851,30.0,96.47187666666666,2025,63
n,0.517404490349473,65.0,2025-01-01,Pratapgarh,fz7bJo3egPX,172,Prayagraj Division,data_quality,0.4593387912751665,65.0,% of facilities reported outlier for the identified indicators of ranking,13,indicator_13,0.6155482501774839,30.0,173,2.518348,4,data_quality,0.4593387912751665,65.0,2.518348,2025,3
p,0.517404490349473,65.0,2025-01-01,Pratapgarh,fz7bJo3egPX,172,Prayagraj Division,data_quality,0.4593387912751665,65.0,% of facilities reported non blank value (including zero) for the identified indicators of ranking,14,indicator_14,0.3031293323728491,72.0,173,91.76218333333333,4,data_quality,0.4593387912751665,65.0,91.76218333333333,2025,3
n,0.6911590025607238,2.0,2025-01-01,Prayagraj,tXgaew1Pd2Y,172,Prayagraj Division,data_quality,0.9390374177805147,1.0,% of facilities reported outlier for the identified indicators of ranking,13,indicator_13,0.9836502313077156,2.0,175,1.0248422,4,data_quality,0.9390374177805147,1.0,1.0248422,2025,34
p,0.6911590025607238,2.0,2025-01-01,Prayagraj,tXgaew1Pd2Y,172,Prayagraj Division,data_quality,0.9390374177805147,1.0,% of facilities reported non blank value (including zero) for the identified indicators of ranking,14,indicator_14,0.8944246042533142,14.0,175,98.72281666666667,4,data_quality,0.9390374177805147,1.0,98.72281666666667,2025,34
n,0.5584082855145829,47.0,2025-01-01,Ambedkar Nagar,jM27ji8tyrM,176,Ayodhya Division,data_quality,0.7849991563769099,14.0,% of facilities reported outlier for the identified indicators of ranking,13,indicator_13,0.8666415449644743,3.0,178,1.4995833333333335,4,data_quality,0.7849991563769099,14.0,1.4995833333333335,2025,8
p,0.5584082855145829,47.0,2025-01-01,Ambedkar Nagar,jM27ji8tyrM,176,Ayodhya Division,data_quality,0.7849991563769099,14.0,% of facilities reported non blank value (including zero) for the identified indicators of ranking,14,indicator_14,0.7033567677893455,48.0,178,96.47359666666668,4,data_quality,0.7849991563769099,14.0,96.47359666666668,2025,8
n,0.48816454348047494,70.0,2025-01-01,Azamgarh,NjckKfm3g0k,193,Azamgarh Division,data_quality,0.4950848708152794,59.0,% of facilities reported outlier for the identified indicators of ranking,13,indicator_13,0.4462915826794793,49.0,191,3.2050756666666667,4,data_quality,0.4950848708152794,59.0,3.2050756666666667,2025,14
p,0.48816454348047494,70.0,2025-01-01,Azamgarh,NjckKfm3g0k,193,Azamgarh Division,data_quality,0.4950848708152794,59.0,% of facilities reported non blank value (including zero) for the identified indicators of ranking,14,indicator_14,0.5438781589510796,63.0,191,94.59624,4,data_quality,0.4950848708152794,59.0,94.59624,2025,14
n,0.6282230445178647,6.0,2025-01-01,Amethi,StsLkYw1G0m,176,Ayodhya Division,data_quality,0.8264904714765198,10.0,% of facilities reported outlier for the identified indicators of ranking,13,indicator_13,0.8187794360801424,5.0,206,1.6937749999999998,4,data_quality,0.8264904714765198,10.0,1.6937749999999998,2025,75
p,0.6282230445178647,6.0,2025-01-01,Amethi,StsLkYw1G0m,176,Ayodhya Division,data_quality,0.8264904714765198,10.0,% of facilities reported non blank value (including zero) for the identified indicators of ranking,14,indicator_14,0.8342015068728973,27.0,206,98.01388,4,data_quality,0.8264904714765198,10.0,98.01388,2025,75
n,0.5690576971039678,38.0,2025-01-01,Ayodhya,b4XkXzoGqFY,176,Ayodhya Division,data_quality,0.6794276080650394,32.0,% of facilities reported outlier for the identified indicators of ranking,13,indicator_13,0.6322588075255905,28.0,177,2.450548,4,data_quality,0.6794276080650394,32.0,2.450548,2025,69
p,0.5690576971039678,38.0,2025-01-01,Ayodhya,b4XkXzoGqFY,176,Ayodhya Division,data_quality,0.6794276080650394,32.0,% of facilities reported non blank value (including zero) for the identified indicators of ranking,14,indicator_14,0.7265964086044884,45.0,177,96.74717,4,data_quality,0.6794276080650394,32.0,96.74717,2025,69
n,0.5768188200612636,29.0,2025-01-01,Barabanki,tzH6nJu9SwS,176,Ayodhya Division,data_quality,0.725839411996783,21.0,% of facilities reported outlier for the identified indicators of ranking,13,indicator_13,0.6746884243052707,24.0,176,2.2783976666666668,4,data_quality,0.725839411996783,21.0,2.2783976666666668,2025,41
p,0.5768188200612636,29.0,2025-01-01,Barabanki,tzH6nJu9SwS,176,Ayodhya Division,data_quality,0.725839411996783,21.0,% of facilities reported non blank value (including zero) for the identified indicators of ranking,14,indicator_14,0.7769903996882955,38.0,176,97.3404,4,data_quality,0.725839411996783,21.0,97.3404,2025,41
n,0.5826621640861075,23.0,2025-01-01,Sultanpur,o4ZQTVcMI7U,176,Ayodhya Division,data_quality,0.6094874607669887,42.0,% of facilities reported outlier for the identified indicators of ranking,13,indicator_13,0.6435202772302824,26.0,179,2.404856666666667,4,data_quality,0.6094874607669887,42.0,2.404856666666667,2025,40
p,0.5826621640861075,23.0,2025-01-01,Sultanpur,o4ZQTVcMI7U,176,Ayodhya Division,data_quality,0.6094874607669887,42.0,% of facilities reported non blank value (including zero) for the identified indicators of ranking,14,indicator_14,0.575454644303695,61.0,179,94.96795333333334,4,data_quality,0.6094874607669887,42.0,94.96795333333334,2025,40
n,0.5185570775747552,64.0,2025-01-01,Hardoi,MTIkUw5q5pX,155,Lucknow Division,data_quality,0.5842455471890986,47.0,% of facilities reported outlier for the identified indicators of ranking,13,indicator_13,0.7861705169097079,9.0,155,1.8260796666666663,4,data_quality,0.5842455471890986,47.0,1.8260796666666663,2025,64
p,0.5185570775747552,64.0,2025-01-01,Hardoi,MTIkUw5q5pX,155,Lucknow Division,data_quality,0.5842455471890986,47.0,% of facilities reported non blank value (including zero) for the identified indicators of ranking,14,indicator_14,0.3823205774684895,69.0,155,92.69441,4,data_quality,0.5842455471890986,47.0,92.69441,2025,64
n,0.6039581328725071,13.0,2025-01-01,Lakhimpur Kheri,d9ZuMopgX29,155,Lucknow Division,data_quality,0.7554750722880159,17.0,% of facilities reported outlier for the identified indicators of ranking,13,indicator_13,0.6920617351741598,21.0,153,2.2079086666666665,4,data_quality,0.7554750722880159,17.0,2.2079086666666665,2025,22
p,0.6039581328725071,13.0,2025-01-01,Lakhimpur Kheri,d9ZuMopgX29,155,Lucknow Division,data_quality,0.7554750722880159,17.0,% of facilities reported non blank value (including zero) for the identified indicators of ranking,14,indicator_14,0.8188884094018719,33.0,153,97.83361666666669,4,data_quality,0.7554750722880159,17.0,97.83361666666669,2025,22
n,0.5385821953520011,58.0,2025-01-01,Lucknow,MfHac5N78aK,155,Lucknow Division,data_quality,0.4324696975355643,66.0,% of facilities reported outlier for the identified indicators of ranking,13,indicator_13,0.35035515562059805,61.0,157,3.59432,4,data_quality,0.4324696975355643,66.0,3.59432,2025,53
p,0.5385821953520011,58.0,2025-01-01,Lucknow,MfHac5N78aK,155,Lucknow Division,data_quality,0.4324696975355643,66.0,% of facilities reported non blank value (including zero) for the identified indicators of ranking,14,indicator_14,0.5145842394505306,64.0,157,94.25139666666666,4,data_quality,0.4324696975355643,66.0,94.25139666666666,2025,53
n,0.5597689065646211,46.0,2025-01-01,Bahraich,iE0E3nLioFr,182,Gonda Division,data_quality,0.6410268470667325,37.0,% of facilities reported outlier for the identified indicators of ranking,13,indicator_13,0.4111762442190939,56.0,180,3.3475496666666666,4,data_quality,0.6410268470667325,37.0,3.3475496666666666,2025,23
p,0.5597689065646211,46.0,2025-01-01,Bahraich,iE0E3nLioFr,182,Gonda Division,data_quality,0.6410268470667325,37.0,% of facilities reported non blank value (including zero) for the identified indicators of ranking,14,indicator_14,0.8708774499143711,20.0,180,98.44562333333332,4,data_quality,0.6410268470667325,37.0,98.44562333333332,2025,23
n,0.5665043128717029,41.0,2025-01-01,Rae Bareli,lLvTDpBDY8u,155,Lucknow Division,data_quality,0.8194514935767583,12.0,% of facilities reported outlier for the identified indicators of ranking,13,indicator_13,0.7647748417941949,10.0,158,1.912888666666667,4,data_quality,0.8194514935767583,12.0,1.912888666666667,2025,59
p,0.5665043128717029,41.0,2025-01-01,Rae Bareli,lLvTDpBDY8u,155,Lucknow Division,data_quality,0.8194514935767583,12.0,% of facilities reported non blank value (including zero) for the identified indicators of ranking,14,indicator_14,0.8741281453593216,18.0,158,98.48389000000002,4,data_quality,0.8194514935767583,12.0,98.48389000000002,2025,59
n,0.5877738595096356,19.0,2025-01-01,Sitapur,XxaOowFtkiJ,155,Lucknow Division,data_quality,0.5635583361402323,51.0,% of facilities reported outlier for the identified indicators of ranking,13,indicator_13,0.5030714932770116,43.0,154,2.974701666666667,4,data_quality,0.5635583361402323,51.0,2.974701666666667,2025,60
p,0.5877738595096356,19.0,2025-01-01,Sitapur,XxaOowFtkiJ,155,Lucknow Division,data_quality,0.5635583361402323,51.0,% of facilities reported non blank value (including zero) for the identified indicators of ranking,14,indicator_14,0.6240451790034531,57.0,154,95.53995333333334,4,data_quality,0.5635583361402323,51.0,95.53995333333334,2025,60
n,0.6246416984141928,8.0,2025-01-01,Unnav,aT03mfdlNiF,155,Lucknow Division,data_quality,0.8415166191145026,7.0,% of facilities reported outlier for the identified indicators of ranking,13,indicator_13,0.8537998020513712,4.0,156,1.5516863333333333,4,data_quality,0.8415166191145026,7.0,1.5516863333333333,2025,7
p,0.6246416984141928,8.0,2025-01-01,Unnav,aT03mfdlNiF,155,Lucknow Division,data_quality,0.8415166191145026,7.0,% of facilities reported non blank value (including zero) for the identified indicators of ranking,14,indicator_14,0.829233436177634,30.0,156,97.95539666666666,4,data_quality,0.8415166191145026,7.0,97.95539666666666,2025,7
n,0.5734314807828187,33.0,2025-01-01,Bagpat,HJIS3IrQ0Nj,140,Meerut Division,data_quality,0.6131097128088869,41.0,% of facilities reported outlier for the identified indicators of ranking,13,indicator_13,0.3293231035474779,63.0,139,3.679653666666667,4,data_quality,0.6131097128088869,41.0,3.679653666666667,2025,66
p,0.5734314807828187,33.0,2025-01-01,Bagpat,HJIS3IrQ0Nj,140,Meerut Division,data_quality,0.6131097128088869,41.0,% of facilities reported non blank value (including zero) for the identified indicators of ranking,14,indicator_14,0.896896322070296,13.0,139,98.75191333333332,4,data_quality,0.6131097128088869,41.0,98.75191333333332,2025,66
n,0.4963040807071774,68.0,2025-01-01,Bulandshahar,ogBt4gWCiem,140,Meerut Division,data_quality,0.4611850757647841,63.0,% of facilities reported outlier for the identified indicators of ranking,13,indicator_13,0.42286426856366494,54.0,142,3.3001276666666666,4,data_quality,0.4611850757647841,63.0,3.3001276666666666,2025,52
p,0.4963040807071774,68.0,2025-01-01,Bulandshahar,ogBt4gWCiem,140,Meerut Division,data_quality,0.4611850757647841,63.0,% of facilities reported non blank value (including zero) for the identified indicators of ranking,14,indicator_14,0.4995058829659033,65.0,142,94.07389666666668,4,data_quality,0.4611850757647841,63.0,94.07389666666668,2025,52
n,0.5274317017968171,60.0,2025-01-01,Gautam Buddha Nagar,bNmwkrQeP3e,140,Meerut Division,data_quality,0.5960363695776696,44.0,% of facilities reported outlier for the identified indicators of ranking,13,indicator_13,0.3279076355408381,64.0,141,3.6853966666666667,4,data_quality,0.5960363695776696,44.0,3.6853966666666667,2025,35
p,0.5274317017968171,60.0,2025-01-01,Gautam Buddha Nagar,bNmwkrQeP3e,140,Meerut Division,data_quality,0.5960363695776696,44.0,% of facilities reported non blank value (including zero) for the identified indicators of ranking,14,indicator_14,0.8641651036145012,23.0,141,98.36660666666668,4,data_quality,0.5960363695776696,44.0,98.36660666666668,2025,35
n,0.5823326089103384,24.0,2025-01-01,Ghaziabad,M5NHlfAaKYI,140,Meerut Division,data_quality,0.4606185445366162,64.0,% of facilities reported outlier for the identified indicators of ranking,13,indicator_13,0.05292111921069239,73.0,140,4.801103666666667,4,data_quality,0.4606185445366162,64.0,4.801103666666667,2025,39
p,0.5823326089103384,24.0,2025-01-01,Ghaziabad,M5NHlfAaKYI,140,Meerut Division,data_quality,0.4606185445366162,64.0,% of facilities reported non blank value (including zero) for the identified indicators of ranking,14,indicator_14,0.8683159698625401,21.0,140,98.41546999999998,4,data_quality,0.4606185445366162,64.0,98.41546999999998,2025,39
n,0.5539512989237234,51.0,2025-01-01,Hapur,CZ8kLjgqvSH,140,Meerut Division,data_quality,0.6297379488291931,39.0,% of facilities reported outlier for the identified indicators of ranking,13,indicator_13,0.4337916092775273,52.0,204,3.255792,4,data_quality,0.6297379488291931,39.0,3.255792,2025,46
p,0.5539512989237234,51.0,2025-01-01,Hapur,CZ8kLjgqvSH,140,Meerut Division,data_quality,0.6297379488291931,39.0,% of facilities reported non blank value (including zero) for the identified indicators of ranking,14,indicator_14,0.8256842883808589,32.0,204,97.91361666666668,4,data_quality,0.6297379488291931,39.0,97.91361666666668,2025,46
n,0.5511906688485689,53.0,2025-01-01,Aligarh,frD2HOp3wAs,201,Alligarh Division,data_quality,0.7075681140226661,24.0,% of facilities reported outlier for the identified indicators of ranking,13,indicator_13,0.5867706822456382,33.0,143,2.635107666666667,4,data_quality,0.7075681140226661,24.0,2.635107666666667,2025,44
p,0.5511906688485689,53.0,2025-01-01,Aligarh,frD2HOp3wAs,201,Alligarh Division,data_quality,0.7075681140226661,24.0,% of facilities reported non blank value (including zero) for the identified indicators of ranking,14,indicator_14,0.8283655457996939,31.0,143,97.94518,4,data_quality,0.7075681140226661,24.0,97.94518,2025,44
n,0.5561572722386401,49.0,2025-01-01,Meerut,v8YGmR7nOdj,140,Meerut Division,data_quality,0.7749826457440838,16.0,% of facilities reported outlier for the identified indicators of ranking,13,indicator_13,0.7481325561921861,12.0,138,1.980411666666667,4,data_quality,0.7749826457440838,16.0,1.980411666666667,2025,30
p,0.5561572722386401,49.0,2025-01-01,Meerut,v8YGmR7nOdj,140,Meerut Division,data_quality,0.7749826457440838,16.0,% of facilities reported non blank value (including zero) for the identified indicators of ranking,14,indicator_14,0.8018327352959816,36.0,138,97.63284,4,data_quality,0.7749826457440838,16.0,97.63284,2025,30
n,0.5407894578429081,56.0,2025-01-01,Etah,ZLcx4iOVyN5,201,Alligarh Division,data_quality,0.4753158574673879,61.0,% of facilities reported outlier for the identified indicators of ranking,13,indicator_13,0.01662281459860888,74.0,201,4.948377333333334,4,data_quality,0.4753158574673879,61.0,4.948377333333334,2025,21
p,0.5407894578429081,56.0,2025-01-01,Etah,ZLcx4iOVyN5,201,Alligarh Division,data_quality,0.4753158574673879,61.0,% of facilities reported non blank value (including zero) for the identified indicators of ranking,14,indicator_14,0.9340089003361672,7.0,201,99.18879666666665,4,data_quality,0.4753158574673879,61.0,99.18879666666665,2025,21
n,0.7147722474565049,1.0,2025-01-01,Hathras,m1IAjmqkoFC,201,Alligarh Division,data_quality,0.703020607323571,26.0,% of facilities reported outlier for the identified indicators of ranking,13,indicator_13,0.4351001099996672,51.0,144,3.2504830000000005,4,data_quality,0.703020607323571,26.0,3.2504830000000005,2025,48
p,0.7147722474565049,1.0,2025-01-01,Hathras,m1IAjmqkoFC,201,Alligarh Division,data_quality,0.703020607323571,26.0,% of facilities reported non blank value (including zero) for the identified indicators of ranking,14,indicator_14,0.9709411046474749,2.0,144,99.62355666666667,4,data_quality,0.703020607323571,26.0,99.62355666666667,2025,48
n,0.5616904546149859,45.0,2025-01-01,Kasganj,hITp09XOBLZ,201,Alligarh Division,data_quality,0.8619892855422566,4.0,% of facilities reported outlier for the identified indicators of ranking,13,indicator_13,0.7239785710845132,17.0,202,2.0784119999999997,4,data_quality,0.8619892855422566,4.0,2.0784119999999997,2025,70
p,0.5616904546149859,45.0,2025-01-01,Kasganj,hITp09XOBLZ,201,Alligarh Division,data_quality,0.8619892855422566,4.0,% of facilities reported non blank value (including zero) for the identified indicators of ranking,14,indicator_14,1.0,1.0,202,99.96563333333334,4,data_quality,0.8619892855422566,4.0,99.96563333333334,2025,70
n,0.5734631292828108,32.0,2025-01-01,Ballia,oNDvGBE5fLq,193,Azamgarh Division,data_quality,0.8692007083571189,2.0,% of facilities reported outlier for the identified indicators of ranking,13,indicator_13,1.0,1.0,193,0.9585060333333332,4,data_quality,0.8692007083571189,2.0,0.9585060333333332,2025,5
p,0.5734631292828108,32.0,2025-01-01,Ballia,oNDvGBE5fLq,193,Azamgarh Division,data_quality,0.8692007083571189,2.0,% of facilities reported non blank value (including zero) for the identified indicators of ranking,14,indicator_14,0.738401416714238,43.0,193,96.88613666666667,4,data_quality,0.8692007083571189,2.0,96.88613666666667,2025,5
n,0.5817586738566386,26.0,2025-01-01,Maunathbhanjan,CBSB9v92AwT,193,Azamgarh Division,data_quality,0.4744515427377292,62.0,% of facilities reported outlier for the identified indicators of ranking,13,indicator_13,0.200237909371582,67.0,192,4.203393,4,data_quality,0.4744515427377292,62.0,4.203393,2025,6
p,0.5817586738566386,26.0,2025-01-01,Maunathbhanjan,CBSB9v92AwT,193,Azamgarh Division,data_quality,0.4744515427377292,62.0,% of facilities reported non blank value (including zero) for the identified indicators of ranking,14,indicator_14,0.7486651761038763,39.0,192,97.00696,4,data_quality,0.4744515427377292,62.0,97.00696,2025,6
n,0.5353496962349951,59.0,2025-01-01,Budaun,eA37kyBRRuZ,150,Bareilly Division,data_quality,0.5914686604953091,45.0,% of facilities reported outlier for the identified indicators of ranking,13,indicator_13,0.4848119642069719,47.0,149,3.0487863333333336,4,data_quality,0.5914686604953091,45.0,3.0487863333333336,2025,58
p,0.5353496962349951,59.0,2025-01-01,Budaun,eA37kyBRRuZ,150,Bareilly Division,data_quality,0.5914686604953091,45.0,% of facilities reported non blank value (including zero) for the identified indicators of ranking,14,indicator_14,0.6981253567836463,50.0,149,96.41201333333332,4,data_quality,0.5914686604953091,45.0,96.41201333333332,2025,58
n,0.5211791593706548,63.0,2025-01-01,Bareilly,vVqY3DPcpHf,150,Bareilly Division,data_quality,0.5209557837945124,54.0,% of facilities reported outlier for the identified indicators of ranking,13,indicator_13,0.14401370285419998,69.0,150,4.431512333333334,4,data_quality,0.5209557837945124,54.0,4.431512333333334,2025,56
p,0.5211791593706548,63.0,2025-01-01,Bareilly,vVqY3DPcpHf,150,Bareilly Division,data_quality,0.5209557837945124,54.0,% of facilities reported non blank value (including zero) for the identified indicators of ranking,14,indicator_14,0.8978978647348247,12.0,150,98.76370333333334,4,data_quality,0.5209557837945124,54.0,98.76370333333334,2025,56
n,0.5716493806272385,35.0,2025-01-01,Pilibhit,c96jwckSd6j,150,Bareilly Division,data_quality,0.676629446494329,34.0,% of facilities reported outlier for the identified indicators of ranking,13,indicator_13,0.5232243925763752,41.0,151,2.892935,4,data_quality,0.676629446494329,34.0,2.892935,2025,29
p,0.5716493806272385,35.0,2025-01-01,Pilibhit,c96jwckSd6j,150,Bareilly Division,data_quality,0.676629446494329,34.0,% of facilities reported non blank value (including zero) for the identified indicators of ranking,14,indicator_14,0.8300345004122829,29.0,151,97.96482666666668,4,data_quality,0.676629446494329,34.0,97.96482666666668,2025,29
n,0.4509740649734991,74.0,2025-01-01,Shahjahanpur,GaiLSoQq1ue,150,Bareilly Division,data_quality,0.5074297154864336,57.0,% of facilities reported outlier for the identified indicators of ranking,13,indicator_13,0.4654904849683895,48.0,152,3.1271796666666667,4,data_quality,0.5074297154864336,57.0,3.1271796666666667,2025,28
p,0.4509740649734991,74.0,2025-01-01,Shahjahanpur,GaiLSoQq1ue,150,Bareilly Division,data_quality,0.5074297154864336,57.0,% of facilities reported non blank value (including zero) for the identified indicators of ranking,14,indicator_14,0.5493689460044776,62.0,152,94.66087666666668,4,data_quality,0.5074297154864336,57.0,94.66087666666668,2025,28
n,0.5387038382342362,57.0,2025-01-01,Basti,J1P16zQEOUT,185,Basti Division,data_quality,0.5668567301030141,50.0,% of facilities reported outlier for the identified indicators of ranking,13,indicator_13,0.6871335995668532,22.0,185,2.2279036666666667,4,data_quality,0.5668567301030141,50.0,2.2279036666666667,2025,71
p,0.5387038382342362,57.0,2025-01-01,Basti,J1P16zQEOUT,185,Basti Division,data_quality,0.5668567301030141,50.0,% of facilities reported non blank value (including zero) for the identified indicators of ranking,14,indicator_14,0.4465798606391747,66.0,185,93.45086,4,data_quality,0.5668567301030141,50.0,93.45086,2025,71
n,0.5673927092449864,40.0,2025-01-01,Sant Kabir Nagar,fe1yBApr2sl,185,Basti Division,data_quality,0.4176003087564364,67.0,% of facilities reported outlier for the identified indicators of ranking,13,indicator_13,0.4870276329440473,46.0,186,3.0397966666666663,4,data_quality,0.4176003087564364,67.0,3.0397966666666663,2025,11
p,0.5673927092449864,40.0,2025-01-01,Sant Kabir Nagar,fe1yBApr2sl,185,Basti Division,data_quality,0.4176003087564364,67.0,% of facilities reported non blank value (including zero) for the identified indicators of ranking,14,indicator_14,0.3481729845688256,70.0,186,92.29243,4,data_quality,0.4176003087564364,67.0,92.29243,2025,11
n,0.4603202821325157,73.0,2025-01-01,Siddharth Nagar,cP0p8qfm3il,185,Basti Division,data_quality,0.3364489746339727,71.0,% of facilities reported outlier for the identified indicators of ranking,13,indicator_13,0.05365830618750923,72.0,184,4.7981126666666665,4,data_quality,0.3364489746339727,71.0,4.7981126666666665,2025,1
p,0.4603202821325157,73.0,2025-01-01,Siddharth Nagar,cP0p8qfm3il,185,Basti Division,data_quality,0.3364489746339727,71.0,% of facilities reported non blank value (including zero) for the identified indicators of ranking,14,indicator_14,0.6192396430804362,58.0,184,95.48338333333334,4,data_quality,0.3364489746339727,71.0,95.48338333333334,2025,1
n,0.5697978039246764,37.0,2025-01-01,Banda,DggJGxqbWHn,170,Chitrakoot Division,data_quality,0.8432669347863614,6.0,% of facilities reported outlier for the identified indicators of ranking,13,indicator_13,0.7986780486758491,8.0,170,1.775332666666667,4,data_quality,0.8432669347863614,6.0,1.775332666666667,2025,47
p,0.5697978039246764,37.0,2025-01-01,Banda,DggJGxqbWHn,170,Chitrakoot Division,data_quality,0.8432669347863614,6.0,% of facilities reported non blank value (including zero) for the identified indicators of ranking,14,indicator_14,0.8878558208968738,16.0,170,98.64549,4,data_quality,0.8432669347863614,6.0,98.64549,2025,47
n,0.6194068319087165,10.0,2025-01-01,Chitrakoot,i2fSZZ3QAJJ,170,Chitrakoot Division,data_quality,0.7357643556637949,20.0,% of facilities reported outlier for the identified indicators of ranking,13,indicator_13,0.742307111305843,14.0,171,2.0040473333333333,4,data_quality,0.7357643556637949,20.0,2.0040473333333333,2025,38
p,0.6194068319087165,10.0,2025-01-01,Chitrakoot,i2fSZZ3QAJJ,170,Chitrakoot Division,data_quality,0.7357643556637949,20.0,% of facilities reported non blank value (including zero) for the identified indicators of ranking,14,indicator_14,0.7292216000217471,44.0,171,96.77807333333334,4,data_quality,0.7357643556637949,20.0,96.77807333333334,2025,38
n,0.5890559963086501,18.0,2025-01-01,Hamirpur,VSI7HobT5qL,170,Chitrakoot Division,data_quality,0.8443834539563195,5.0,% of facilities reported outlier for the identified indicators of ranking,13,indicator_13,0.8176572654664855,6.0,168,1.6983279999999998,4,data_quality,0.8443834539563195,5.0,1.6983279999999998,2025,36
p,0.5890559963086501,18.0,2025-01-01,Hamirpur,VSI7HobT5qL,170,Chitrakoot Division,data_quality,0.8443834539563195,5.0,% of facilities reported non blank value (including zero) for the identified indicators of ranking,14,indicator_14,0.8711096424461536,19.0,168,98.44835666666668,4,data_quality,0.8443834539563195,5.0,98.44835666666668,2025,36
n,0.5817590574565534,25.0,2025-01-01,Mahoba,sUQMxIc3yXj,170,Chitrakoot Division,data_quality,0.678783729792149,33.0,% of facilities reported outlier for the identified indicators of ranking,13,indicator_13,0.6104602387363552,31.0,169,2.5389916666666665,4,data_quality,0.678783729792149,33.0,2.5389916666666665,2025,42
p,0.5817590574565534,25.0,2025-01-01,Mahoba,sUQMxIc3yXj,170,Chitrakoot Division,data_quality,0.678783729792149,33.0,% of facilities reported non blank value (including zero) for the identified indicators of ranking,14,indicator_14,0.7471072208479427,41.0,169,96.98861999999998,4,data_quality,0.678783729792149,33.0,96.98861999999998,2025,42
n,0.4955032924971288,69.0,2025-01-01,Balrampur,uS0pNSxN3sS,182,Gonda Division,data_quality,0.6949679181508965,27.0,% of facilities reported outlier for the identified indicators of ranking,13,indicator_13,0.5535335972861989,38.0,182,2.769961,4,data_quality,0.6949679181508965,27.0,2.769961,2025,72
p,0.4955032924971288,69.0,2025-01-01,Balrampur,uS0pNSxN3sS,182,Gonda Division,data_quality,0.6949679181508965,27.0,% of facilities reported non blank value (including zero) for the identified indicators of ranking,14,indicator_14,0.8364022390155942,26.0,182,98.03978666666669,4,data_quality,0.6949679181508965,27.0,98.03978666666669,2025,72
n,0.5211885236992002,62.0,2025-01-01,Gonda,y8WarEkWCul,182,Gonda Division,data_quality,0.6924876736157082,29.0,% of facilities reported outlier for the identified indicators of ranking,13,indicator_13,0.7286457788150372,16.0,183,2.0594756666666667,4,data_quality,0.6924876736157082,29.0,2.0594756666666667,2025,2
p,0.5211885236992002,62.0,2025-01-01,Gonda,y8WarEkWCul,182,Gonda Division,data_quality,0.6924876736157082,29.0,% of facilities reported non blank value (including zero) for the identified indicators of ranking,14,indicator_14,0.656329568416379,56.0,183,95.92,4,data_quality,0.6924876736157082,29.0,95.92,2025,2
n,0.6582671503112626,4.0,2025-01-01,Shrawasti,oyTwneTbWDx,182,Gonda Division,data_quality,0.6729035137181583,35.0,% of facilities reported outlier for the identified indicators of ranking,13,indicator_13,0.3886612739545613,58.0,181,3.4389000000000003,4,data_quality,0.6729035137181583,35.0,3.4389000000000003,2025,18
p,0.6582671503112626,4.0,2025-01-01,Shrawasti,oyTwneTbWDx,182,Gonda Division,data_quality,0.6729035137181583,35.0,% of facilities reported non blank value (including zero) for the identified indicators of ranking,14,indicator_14,0.9571457534817552,4.0,181,99.46115999999999,4,data_quality,0.6729035137181583,35.0,99.46115999999999,2025,18
n,0.5554817847678473,50.0,2025-01-01,Deoria,Tf9b9qcbghH,188,Gorakhpur Division,data_quality,0.5087838331159913,56.0,% of facilities reported outlier for the identified indicators of ranking,13,indicator_13,0.5964468672178374,32.0,190,2.595848333333333,4,data_quality,0.5087838331159913,56.0,2.595848333333333,2025,19
p,0.5554817847678473,50.0,2025-01-01,Deoria,Tf9b9qcbghH,188,Gorakhpur Division,data_quality,0.5087838331159913,56.0,% of facilities reported non blank value (including zero) for the identified indicators of ranking,14,indicator_14,0.4211207990141453,67.0,190,93.15116,4,data_quality,0.5087838331159913,56.0,93.15116,2025,19
n,0.58544812783387,21.0,2025-01-01,Gorakhpur,vR85cHdsw1w,188,Gorakhpur Division,data_quality,0.6226409343594514,40.0,% of facilities reported outlier for the identified indicators of ranking,13,indicator_13,0.5046332813556129,42.0,188,2.9683650000000004,4,data_quality,0.6226409343594514,40.0,2.9683650000000004,2025,45
p,0.58544812783387,21.0,2025-01-01,Gorakhpur,vR85cHdsw1w,188,Gorakhpur Division,data_quality,0.6226409343594514,40.0,% of facilities reported non blank value (including zero) for the identified indicators of ranking,14,indicator_14,0.7406485873632901,42.0,188,96.91259,4,data_quality,0.6226409343594514,40.0,96.91259,2025,45
n,0.5753327560159971,31.0,2025-01-01,Kushinagar,xUeHwd9FQkg,188,Gorakhpur Division,data_quality,0.7414417673306878,18.0,% of facilities reported outlier for the identified indicators of ranking,13,indicator_13,0.5535691708915663,37.0,189,2.769816666666667,4,data_quality,0.7414417673306878,18.0,2.769816666666667,2025,9
p,0.5753327560159971,31.0,2025-01-01,Kushinagar,xUeHwd9FQkg,188,Gorakhpur Division,data_quality,0.7414417673306878,18.0,% of facilities reported non blank value (including zero) for the identified indicators of ranking,14,indicator_14,0.9293143637698092,8.0,189,99.13353333333332,4,data_quality,0.7414417673306878,18.0,99.13353333333332,2025,9
n,0.672499618924495,3.0,2025-01-01,Maharajganj,AcnMkNGgc3S,188,Gorakhpur Division,data_quality,0.8671403174668141,3.0,% of facilities reported outlier for the identified indicators of ranking,13,indicator_13,0.806117040004261,7.0,187,1.7451503333333331,4,data_quality,0.8671403174668141,3.0,1.7451503333333331,2025,10
p,0.672499618924495,3.0,2025-01-01,Maharajganj,AcnMkNGgc3S,188,Gorakhpur Division,data_quality,0.8671403174668141,3.0,% of facilities reported non blank value (including zero) for the identified indicators of ranking,14,indicator_14,0.9281635949293672,9.0,187,99.11998666666666,4,data_quality,0.8671403174668141,3.0,99.11998666666666,2025,10
n,0.5717416013777066,34.0,2025-01-01,Jalaun,NL5xiiHZQSC,165,Jhansi Division,data_quality,0.7805742336628365,15.0,% of facilities reported outlier for the identified indicators of ranking,13,indicator_13,0.7446170952830147,13.0,165,1.994675,4,data_quality,0.7805742336628365,15.0,1.994675,2025,4
p,0.5717416013777066,34.0,2025-01-01,Jalaun,NL5xiiHZQSC,165,Jhansi Division,data_quality,0.7805742336628365,15.0,% of facilities reported non blank value (including zero) for the identified indicators of ranking,14,indicator_14,0.8165313720426582,34.0,165,97.80586999999998,4,data_quality,0.7805742336628365,15.0,97.80586999999998,2025,4
n,0.581264090072954,28.0,2025-01-01,Jhansi,Mq751wBMqGF,165,Jhansi Division,data_quality,0.8283258089446716,9.0,% of facilities reported outlier for the identified indicators of ranking,13,indicator_13,0.7197383287745306,18.0,166,2.095616,4,data_quality,0.8283258089446716,9.0,2.095616,2025,25
p,0.581264090072954,28.0,2025-01-01,Jhansi,Mq751wBMqGF,165,Jhansi Division,data_quality,0.8283258089446716,9.0,% of facilities reported non blank value (including zero) for the identified indicators of ranking,14,indicator_14,0.9369132891148124,6.0,166,99.22298666666666,4,data_quality,0.8283258089446716,9.0,99.22298666666666,2025,25
n,0.4169827634503259,75.0,2025-01-01,Lalitpur,fagfcadhxej,165,Jhansi Division,data_quality,0.7170632573224415,23.0,% of facilities reported outlier for the identified indicators of ranking,13,indicator_13,0.6248432306949375,29.0,167,2.4806353333333337,4,data_quality,0.7170632573224415,23.0,2.4806353333333337,2025,68
p,0.4169827634503259,75.0,2025-01-01,Lalitpur,fagfcadhxej,165,Jhansi Division,data_quality,0.7170632573224415,23.0,% of facilities reported non blank value (including zero) for the identified indicators of ranking,14,indicator_14,0.8092832839499454,35.0,167,97.72054666666666,4,data_quality,0.7170632573224415,23.0,97.72054666666666,2025,68
n,0.5619736959647988,44.0,2025-01-01,Auraiya,Bd6E8zkVvVt,161,Kanpur Nagar Division,data_quality,0.3355108367355375,72.0,% of facilities reported outlier for the identified indicators of ranking,13,indicator_13,0.2684694811205167,65.0,162,3.926556,4,data_quality,0.3355108367355375,72.0,3.926556,2025,37
p,0.5619736959647988,44.0,2025-01-01,Auraiya,Bd6E8zkVvVt,161,Kanpur Nagar Division,data_quality,0.3355108367355375,72.0,% of facilities reported non blank value (including zero) for the identified indicators of ranking,14,indicator_14,0.4025521923505582,68.0,162,92.93257333333332,4,data_quality,0.3355108367355375,72.0,92.93257333333332,2025,37
n,0.6116549774275472,11.0,2025-01-01,Etawah,Pm0jLk6EAiE,161,Kanpur Nagar Division,data_quality,0.58271826463574,48.0,% of facilities reported outlier for the identified indicators of ranking,13,indicator_13,0.5014346966494486,44.0,161,2.9813426666666665,4,data_quality,0.58271826463574,48.0,2.9813426666666665,2025,62
p,0.6116549774275472,11.0,2025-01-01,Etawah,Pm0jLk6EAiE,161,Kanpur Nagar Division,data_quality,0.58271826463574,48.0,% of facilities reported non blank value (including zero) for the identified indicators of ranking,14,indicator_14,0.6640018326220313,55.0,161,96.01031666666668,4,data_quality,0.58271826463574,48.0,96.01031666666668,2025,62
n,0.473924883677986,71.0,2025-01-01,Farrukhabad,uEEwlAGZXWW,161,Kanpur Nagar Division,data_quality,0.303469677364699,74.0,% of facilities reported outlier for the identified indicators of ranking,13,indicator_13,0.42822585992597945,53.0,159,3.278374,4,data_quality,0.303469677364699,74.0,3.278374,2025,49
p,0.473924883677986,71.0,2025-01-01,Farrukhabad,uEEwlAGZXWW,161,Kanpur Nagar Division,data_quality,0.303469677364699,74.0,% of facilities reported non blank value (including zero) for the identified indicators of ranking,14,indicator_14,0.1787134948034185,73.0,159,90.29758000000001,4,data_quality,0.303469677364699,74.0,90.29758000000001,2025,49
n,0.4974401769757802,67.0,2025-01-01,Kannauj,IhQbDYRiF8w,161,Kanpur Nagar Division,data_quality,0.3319787206935109,73.0,% of facilities reported outlier for the identified indicators of ranking,13,indicator_13,0.3570385569985157,60.0,160,3.567203333333333,4,data_quality,0.3319787206935109,73.0,3.567203333333333,2025,73
p,0.4974401769757802,67.0,2025-01-01,Kannauj,IhQbDYRiF8w,161,Kanpur Nagar Division,data_quality,0.3319787206935109,73.0,% of facilities reported non blank value (including zero) for the identified indicators of ranking,14,indicator_14,0.3069188843885061,71.0,160,91.80679333333332,4,data_quality,0.3319787206935109,73.0,91.80679333333332,2025,73
n,0.5753447754017551,30.0,2025-01-01,Kanpur Dehat,k3D0AumUCiC,161,Kanpur Nagar Division,data_quality,0.7054964861086344,25.0,% of facilities reported outlier for the identified indicators of ranking,13,indicator_13,0.5673160279162924,36.0,163,2.7140413333333333,4,data_quality,0.7054964861086344,25.0,2.7140413333333333,2025,57
p,0.5753447754017551,30.0,2025-01-01,Kanpur Dehat,k3D0AumUCiC,161,Kanpur Nagar Division,data_quality,0.7054964861086344,25.0,% of facilities reported non blank value (including zero) for the identified indicators of ranking,14,indicator_14,0.8436769443009763,24.0,163,98.12542333333334,4,data_quality,0.7054964861086344,25.0,98.12542333333334,2025,57
n,0.5006335917666375,66.0,2025-01-01,Kanpur Nagar,QVMRMhzVrrS,161,Kanpur Nagar Division,data_quality,0.3514622077582837,70.0,% of facilities reported outlier for the identified indicators of ranking,13,indicator_13,0.5781192307139649,35.0,164,2.6702093333333337,4,data_quality,0.3514622077582837,70.0,2.6702093333333337,2025,65
p,0.5006335917666375,66.0,2025-01-01,Kanpur Nagar,QVMRMhzVrrS,161,Kanpur Nagar Division,data_quality,0.3514622077582837,70.0,% of facilities reported non blank value (including zero) for the identified indicators of ranking,14,indicator_14,0.1248051848026026,74.0,164,89.66297999999998,4,data_quality,0.3514622077582837,70.0,89.66297999999998,2025,65
n,0.5410474619190704,55.0,2025-01-01,Bhadohi,PeUY1vj02UQ,200,Mirzapur Division,data_quality,0.5883609595561213,46.0,% of facilities reported outlier for the identified indicators of ranking,13,indicator_13,0.4993140825576624,45.0,198,2.9899466666666665,4,data_quality,0.5883609595561213,46.0,2.9899466666666665,2025,50
p,0.5410474619190704,55.0,2025-01-01,Bhadohi,PeUY1vj02UQ,200,Mirzapur Division,data_quality,0.5883609595561213,46.0,% of facilities reported non blank value (including zero) for the identified indicators of ranking,14,indicator_14,0.6774078365545803,53.0,198,96.16813,4,data_quality,0.5883609595561213,46.0,96.16813,2025,50
n,0.6465091657442015,5.0,2025-01-01,Mirzapur,UAicdMLyuk4,200,Mirzapur Division,data_quality,0.739516982240011,19.0,% of facilities reported outlier for the identified indicators of ranking,13,indicator_13,0.7309968408584531,15.0,199,2.0499366666666665,4,data_quality,0.739516982240011,19.0,2.0499366666666665,2025,20
p,0.6465091657442015,5.0,2025-01-01,Mirzapur,UAicdMLyuk4,200,Mirzapur Division,data_quality,0.739516982240011,19.0,% of facilities reported non blank value (including zero) for the identified indicators of ranking,14,indicator_14,0.7480371236215689,40.0,199,96.99956666666668,4,data_quality,0.739516982240011,19.0,96.99956666666668,2025,20
n,0.5631670647025024,42.0,2025-01-01,Sonbhadra,NNk3JP90QZ5,200,Mirzapur Division,data_quality,0.6015282265358165,43.0,% of facilities reported outlier for the identified indicators of ranking,13,indicator_13,0.5346440949922394,39.0,200,2.846601666666667,4,data_quality,0.6015282265358165,43.0,2.846601666666667,2025,74
p,0.5631670647025024,42.0,2025-01-01,Sonbhadra,NNk3JP90QZ5,200,Mirzapur Division,data_quality,0.6015282265358165,43.0,% of facilities reported non blank value (including zero) for the identified indicators of ranking,14,indicator_14,0.6684123580793936,54.0,200,96.06223666666666,4,data_quality,0.6015282265358165,43.0,96.06223666666666,2025,74
n,0.5525186232794,52.0,2025-01-01,Amroha,hgquAmZaNBu,134,Moradabad Division,data_quality,0.3929342954840108,69.0,% of facilities reported outlier for the identified indicators of ranking,13,indicator_13,0.17872023239932391,68.0,137,4.2906970000000015,4,data_quality,0.3929342954840108,69.0,4.2906970000000015,2025,33
p,0.5525186232794,52.0,2025-01-01,Amroha,hgquAmZaNBu,134,Moradabad Division,data_quality,0.3929342954840108,69.0,% of facilities reported non blank value (including zero) for the identified indicators of ranking,14,indicator_14,0.6071483585686976,59.0,137,95.34104666666668,4,data_quality,0.3929342954840108,69.0,95.34104666666668,2025,33
n,0.5626341071957798,43.0,2025-01-01,Bijnor,uCYjHW7FuGG,134,Moradabad Division,data_quality,0.7235066043322741,22.0,% of facilities reported outlier for the identified indicators of ranking,13,indicator_13,0.5806230210076763,34.0,134,2.660050666666667,4,data_quality,0.7235066043322741,22.0,2.660050666666667,2025,15
p,0.5626341071957798,43.0,2025-01-01,Bijnor,uCYjHW7FuGG,134,Moradabad Division,data_quality,0.7235066043322741,22.0,% of facilities reported non blank value (including zero) for the identified indicators of ranking,14,indicator_14,0.8663901876568717,22.0,134,98.3928,4,data_quality,0.7235066043322741,22.0,98.3928,2025,15
n,0.5676658187661572,39.0,2025-01-01,Moradabad,YQNQoPjAIpV,134,Moradabad Division,data_quality,0.5210990140063532,53.0,% of facilities reported outlier for the identified indicators of ranking,13,indicator_13,0.21206527051685295,66.0,135,4.155405666666667,4,data_quality,0.5210990140063532,53.0,4.155405666666667,2025,51
p,0.5676658187661572,39.0,2025-01-01,Moradabad,YQNQoPjAIpV,134,Moradabad Division,data_quality,0.5210990140063532,53.0,% of facilities reported non blank value (including zero) for the identified indicators of ranking,14,indicator_14,0.8301327574958535,28.0,135,97.96598333333333,4,data_quality,0.5210990140063532,53.0,97.96598333333333,2025,51
n,0.6017905333889386,15.0,2025-01-01,Rampur,IU006h5U7jj,134,Moradabad Division,data_quality,0.8231382830921374,11.0,% of facilities reported outlier for the identified indicators of ranking,13,indicator_13,0.6849128371495637,23.0,136,2.236914,4,data_quality,0.8231382830921374,11.0,2.236914,2025,26
p,0.6017905333889386,15.0,2025-01-01,Rampur,IU006h5U7jj,134,Moradabad Division,data_quality,0.8231382830921374,11.0,% of facilities reported non blank value (including zero) for the identified indicators of ranking,14,indicator_14,0.9613637290347112,3.0,136,99.51081333333332,4,data_quality,0.8231382830921374,11.0,99.51081333333332,2025,26
n,0.5712459212288068,36.0,2025-01-01,Sambhal,YzHpzrN0eLv,134,Moradabad Division,data_quality,0.5698910092099485,49.0,% of facilities reported outlier for the identified indicators of ranking,13,indicator_13,0.4455481518365935,50.0,205,3.2080919999999997,4,data_quality,0.5698910092099485,49.0,3.2080919999999997,2025,13
p,0.5712459212288068,36.0,2025-01-01,Sambhal,YzHpzrN0eLv,134,Moradabad Division,data_quality,0.5698910092099485,49.0,% of facilities reported non blank value (including zero) for the identified indicators of ranking,14,indicator_14,0.6942338665833035,51.0,205,96.36620333333332,4,data_quality,0.5698910092099485,49.0,96.36620333333332,2025,13
n,0.6265924413389145,7.0,2025-01-01,Muzaffarnagar,MVQs2RrS1Nw,132,Saharanpur Division,data_quality,0.6542236295758762,36.0,% of facilities reported outlier for the identified indicators of ranking,13,indicator_13,0.3922908497317589,57.0,133,3.424173666666667,4,data_quality,0.6542236295758762,36.0,3.424173666666667,2025,17
p,0.6265924413389145,7.0,2025-01-01,Muzaffarnagar,MVQs2RrS1Nw,132,Saharanpur Division,data_quality,0.6542236295758762,36.0,% of facilities reported non blank value (including zero) for the identified indicators of ranking,14,indicator_14,0.9161564094199935,10.0,133,98.97864,4,data_quality,0.6542236295758762,36.0,98.97864,2025,17
n,0.589600608775367,17.0,2025-01-01,Saharanpur,FKYZ3JbWq84,132,Saharanpur Division,data_quality,0.5326803036867821,52.0,% of facilities reported outlier for the identified indicators of ranking,13,indicator_13,0.3490593890989935,62.0,132,3.599577333333334,4,data_quality,0.5326803036867821,52.0,3.599577333333334,2025,31
p,0.589600608775367,17.0,2025-01-01,Saharanpur,FKYZ3JbWq84,132,Saharanpur Division,data_quality,0.5326803036867821,52.0,% of facilities reported non blank value (including zero) for the identified indicators of ranking,14,indicator_14,0.7163012182745707,47.0,132,96.62597666666666,4,data_quality,0.5326803036867821,52.0,96.62597666666666,2025,31
n,0.469448542571563,72.0,2025-01-01,Shamli,AdiUcz9BXhx,132,Saharanpur Division,data_quality,0.26432338973836544,75.0,% of facilities reported outlier for the identified indicators of ranking,13,indicator_13,0.5286467794767309,40.0,203,2.870934666666667,4,data_quality,0.26432338973836544,75.0,2.870934666666667,2025,32
p,0.469448542571563,72.0,2025-01-01,Shamli,AdiUcz9BXhx,132,Saharanpur Division,data_quality,0.26432338973836544,75.0,% of facilities reported non blank value (including zero) for the identified indicators of ranking,14,indicator_14,0.0,75.0,203,88.19379333333332,4,data_quality,0.26432338973836544,75.0,88.19379333333332,2025,32
n,0.6217890818225664,9.0,2025-01-01,Chandauli,ClbehnmwSec,195,Varanasi Division,data_quality,0.6827062054628175,31.0,% of facilities reported outlier for the identified indicators of ranking,13,indicator_13,0.6426720973184739,27.0,196,2.4082980000000003,4,data_quality,0.6827062054628175,31.0,2.4082980000000003,2025,61
p,0.6217890818225664,9.0,2025-01-01,Chandauli,ClbehnmwSec,195,Varanasi Division,data_quality,0.6827062054628175,31.0,% of facilities reported non blank value (including zero) for the identified indicators of ranking,14,indicator_14,0.7227403136071612,46.0,196,96.70177666666666,4,data_quality,0.6827062054628175,31.0,96.70177666666666,2025,61
n,0.5562206529638177,48.0,2025-01-01,Ghazipur,dScWdMRN8PL,195,Varanasi Division,data_quality,0.5092009259666082,55.0,% of facilities reported outlier for the identified indicators of ranking,13,indicator_13,0.4118809795235779,55.0,195,3.3446903333333338,4,data_quality,0.5092009259666082,55.0,3.3446903333333338,2025,67
p,0.5562206529638177,48.0,2025-01-01,Ghazipur,dScWdMRN8PL,195,Varanasi Division,data_quality,0.5092009259666082,55.0,% of facilities reported non blank value (including zero) for the identified indicators of ranking,14,indicator_14,0.6065208724096383,60.0,195,95.33366,4,data_quality,0.5092009259666082,55.0,95.33366,2025,67
n,0.5814445087251768,27.0,2025-01-01,Jaunpur,gmw76vAUMqz,195,Varanasi Division,data_quality,0.6925818965879722,28.0,% of facilities reported outlier for the identified indicators of ranking,13,indicator_13,0.7073247014678237,20.0,194,2.145982,4,data_quality,0.6925818965879722,28.0,2.145982,2025,54
p,0.5814445087251768,27.0,2025-01-01,Jaunpur,gmw76vAUMqz,195,Varanasi Division,data_quality,0.6925818965879722,28.0,% of facilities reported non blank value (including zero) for the identified indicators of ranking,14,indicator_14,0.6778390917081206,52.0,194,96.17320666666666,4,data_quality,0.6925818965879722,28.0,96.17320666666666,2025,54
n,0.5962490664560566,16.0,2025-01-01,Varanasi,LeuBT7KfuuA,195,Varanasi Division,data_quality,0.4810869685533177,60.0,% of facilities reported outlier for the identified indicators of ranking,13,indicator_13,0.0711220709582681,71.0,197,4.727256666666666,4,data_quality,0.4810869685533177,60.0,4.727256666666666,2025,55
p,0.5962490664560566,16.0,2025-01-01,Varanasi,LeuBT7KfuuA,195,Varanasi Division,data_quality,0.4810869685533177,60.0,% of facilities reported non blank value (including zero) for the identified indicators of ranking,14,indicator_14,0.8910518661483674,15.0,197,98.68311333333334,4,data_quality,0.4810869685533177,60.0,98.68311333333334,2025,55
