block_name,block_id,calc_type,date,district,district_id,division,domain_name,indicator_name,indicator_id,perc_point,quarter,type_name,year,block_id_num,district_id_num
Mathura Chatta,BEiGzI07UOM,p,2023-07-01,Mathura,KP2BUB1npih,,JSY,% JSY Incentive,36,0.7810650887573964,2,JSY,2024,408,24
Kalakaker,qmMPEkTsow1,p,2023-07-01,Pratapgarh,fz7bJo3egPX,,JSY,% JSY Incentive,36,0.8416666666666667,2,JSY,2024,840,3
Ghazipur Barachwar,SQuL6ZdC6LY,p,2023-07-01,Ghazipur,dScWdMRN8PL,,JSY,% JSY Incentive,36,0.9201807228915664,2,JSY,2024,882,67
Ballia Siar,mH7MZIxUv1s,p,2023-07-01,Ballia,oNDvGBE5fLq,,JSY,% JSY Incentive,36,0.6407942238267148,2,JSY,2024,205,5
Bahadurpur,tqyaSDfRN87,p,2023-07-01,Prayagraj,tXgaew1Pd2Y,,JSY,% JSY Incentive,36,0.17337602927721865,2,JSY,2024,312,34
Lachmipur,fnVx6XeAGvW,p,2023-07-01,Maharajganj,AcnMkNGgc3S,,JSY,% JSY Incentive,36,0.5605326876513317,2,JSY,2024,529,10
Biswan,gSwqRR5qMEE,p,2023-07-01,Sitapur,XxaOowFtkiJ,,JSY,% JSY Incentive,36,1.1697905181918409,2,JSY,2024,637,60
Pahari,Xj8oMwQWDUl,p,2023-07-01,Chitrakoot,i2fSZZ3QAJJ,,JSY,% JSY Incentive,36,0.9087523277467412,2,JSY,2024,161,38
Kushinagar Motichak,BhMAwU8XZey,p,2023-07-01,Kushinagar,xUeHwd9FQkg,,JSY,% JSY Incentive,36,0.0,2,JSY,2024,658,9
Uruwa,ZYDAjKxE7WN,p,2023-07-01,Prayagraj,tXgaew1Pd2Y,,JSY,% JSY Incentive,36,0.4833512352309345,2,JSY,2024,399,34
Sakaldeeha,J2ufTjaikuE,p,2023-07-01,Chandauli,ClbehnmwSec,,JSY,% JSY Incentive,36,0.9465116279069768,2,JSY,2024,808,61
Soron,lBW2OFwomV0,p,2023-07-01,Kasganj,hITp09XOBLZ,,JSY,% JSY Incentive,36,0.7414880201765448,2,JSY,2024,693,70
Sangipur,EgafD8LSM5T,p,2023-07-01,Pratapgarh,fz7bJo3egPX,,JSY,% JSY Incentive,36,0.26718547341115434,2,JSY,2024,236,3
Dubeypur,C2FFe2TBScZ,p,2023-07-01,Sultanpur,o4ZQTVcMI7U,,JSY,% JSY Incentive,36,0.8949152542372881,2,JSY,2024,648,40
Laharpur,tIk5hphkbm1,p,2023-07-01,Sitapur,XxaOowFtkiJ,,JSY,% JSY Incentive,36,0.7538461538461538,2,JSY,2024,733,60
Nawabganj Bahraich,F2HjseXcv3G,p,2023-07-01,Bahraich,iE0E3nLioFr,,JSY,% JSY Incentive,36,0.0,2,JSY,2024,827,23
Pasgawa,el8CoMxhsji,p,2023-07-01,Lakhimpur Kheri,d9ZuMopgX29,,JSY,% JSY Incentive,36,0.2443609022556391,2,JSY,2024,108,22
Meerut MEERUT,FX5OPO64IaR,p,2023-07-01,Meerut,v8YGmR7nOdj,,JSY,% JSY Incentive,36,0.5896551724137931,2,JSY,2024,367,30
Deoria Larr,NVFxlXHdSmv,p,2023-07-01,Deoria,Tf9b9qcbghH,,JSY,% JSY Incentive,36,0.4970149253731344,2,JSY,2024,52,19
Milkipur,qQSBi5m4QpM,p,2023-07-01,Ayodhya,b4XkXzoGqFY,,JSY,% JSY Incentive,36,0.14571948998178508,2,JSY,2024,781,69
Nidholikala,w3fNposwL8t,p,2023-07-01,Etah,ZLcx4iOVyN5,,JSY,% JSY Incentive,36,0.0,2,JSY,2024,435,21
Pawansa,f6vmbanfxRo,p,2023-07-01,Sambhal,YzHpzrN0eLv,,JSY,% JSY Incentive,36,1.04177545691906,2,JSY,2024,105,13
Dahagawan,yxi8x9cQDKH,p,2023-07-01,Budaun,eA37kyBRRuZ,,JSY,% JSY Incentive,36,0.5811823480432973,2,JSY,2024,200,58
Meerut Rajpura,Vqeqm6XaBle,p,2023-07-01,Meerut,v8YGmR7nOdj,,JSY,% JSY Incentive,36,0.6363636363636364,2,JSY,2024,134,30
Dariyabad,Rf7c1xtIt4m,p,2023-07-01,Barabanki,tzH6nJu9SwS,,JSY,% JSY Incentive,36,0.9722222222222222,2,JSY,2024,11,41
Mahsi,EdjW9d0OX1h,p,2023-07-01,Bahraich,iE0E3nLioFr,,JSY,% JSY Incentive,36,0.0,2,JSY,2024,568,23
Unnav Hilauli,oeicJPH2lIq,p,2023-07-01,Unnav,aT03mfdlNiF,,JSY,% JSY Incentive,36,0.9711538461538459,2,JSY,2024,724,7
Meerut Parikshatgarh,oNOcph5dm8a,p,2023-07-01,Meerut,v8YGmR7nOdj,,JSY,% JSY Incentive,36,0.572139303482587,2,JSY,2024,772,30
Siswa,hm9hIxLNVN8,p,2023-07-01,Maharajganj,AcnMkNGgc3S,,JSY,% JSY Incentive,36,0.8235867446393762,2,JSY,2024,767,10
Fatehpur,iRCOLiyhze6,p,2023-07-01,Barabanki,tzH6nJu9SwS,,JSY,% JSY Incentive,36,0.8169856459330144,2,JSY,2024,490,41
Mahuwa,kKjIKi66mY2,p,2023-07-01,Banda,DggJGxqbWHn,,JSY,% JSY Incentive,36,1.0114678899082572,2,JSY,2024,373,47
Kushinagar Visunpura,lgWV1VzPmhE,p,2023-07-01,Kushinagar,xUeHwd9FQkg,,JSY,% JSY Incentive,36,0.8056300268096515,2,JSY,2024,874,9
Mathura Goverdhan,bztOHPUBTjU,p,2023-07-01,Mathura,KP2BUB1npih,,JSY,% JSY Incentive,36,0.0,2,JSY,2024,49,24
Shivgarh Pratapgarh,GMBAMYjK1nv,p,2023-07-01,Pratapgarh,fz7bJo3egPX,,JSY,% JSY Incentive,36,0.6046511627906976,2,JSY,2024,588,3
Varanasi Pindara,Cr1PwYBuSs1,p,2023-07-01,Varanasi,LeuBT7KfuuA,,JSY,% JSY Incentive,36,0.0,2,JSY,2024,167,55
Agra Jaitpur Kala,PlRYdgqkTLD,p,2023-07-01,Agra,N5WWbRtsjWp,,JSY,% JSY Incentive,36,0.916289592760181,2,JSY,2024,191,12
Pratappur,rnqodqKeG71,p,2023-07-01,Prayagraj,tXgaew1Pd2Y,,JSY,% JSY Incentive,36,0.0,2,JSY,2024,353,34
Naraynpur,cGCEhMelufW,p,2023-07-01,Mirzapur,UAicdMLyuk4,,JSY,% JSY Incentive,36,0.0845771144278607,2,JSY,2024,689,20
Laxmanpur,loZ8Meaktfa,p,2023-07-01,Pratapgarh,fz7bJo3egPX,,JSY,% JSY Incentive,36,0.26618705035971224,2,JSY,2024,614,3
Ghazipur Mahmudabad,ISeQXIbXref,p,2023-07-01,Ghazipur,dScWdMRN8PL,,JSY,% JSY Incentive,36,0.4839622641509434,2,JSY,2024,413,67
Chandauli DHQ,kqqVceYxMn2,p,2023-07-01,Chandauli,ClbehnmwSec,,JSY,% JSY Incentive,36,0.28392330383480824,2,JSY,2024,792,61
Bulandshahar Danpur,RyFHMa78ezE,p,2023-07-01,Bulandshahar,ogBt4gWCiem,,JSY,% JSY Incentive,36,1.0,2,JSY,2024,746,52
Khutar,ROeKhlePe7w,p,2023-07-01,Shahjahanpur,GaiLSoQq1ue,,JSY,% JSY Incentive,36,0.9976851851851852,2,JSY,2024,114,28
Sant Ravidas Nagar Deegh,RT2WzsnRZJi,p,2023-07-01,Bhadohi,PeUY1vj02UQ,,JSY,% JSY Incentive,36,0.9968051118210862,2,JSY,2024,155,50
Rae Bareli Deenshah Gaura,Sk3orHKxNQG,p,2023-07-01,Rae Bareli,lLvTDpBDY8u,,JSY,% JSY Incentive,36,0.5251798561151079,2,JSY,2024,913,59
Shargarh,FjccMEGL0Hr,p,2023-07-01,Bareilly,vVqY3DPcpHf,,JSY,% JSY Incentive,36,0.40110650069156295,2,JSY,2024,148,56
Deoria Rampur Karkhna,S0dqgoK82zn,p,2023-07-01,Deoria,Tf9b9qcbghH,,JSY,% JSY Incentive,36,0.9966722129783694,2,JSY,2024,635,19
Kushinagar Kaptanganj,YIfO8FmqA6j,p,2023-07-01,Kushinagar,xUeHwd9FQkg,,JSY,% JSY Incentive,36,0.5202444614209321,2,JSY,2024,85,9
Poora Bazar,JOYvKXzcb8E,p,2023-07-01,Ayodhya,b4XkXzoGqFY,,JSY,% JSY Incentive,36,0.603415559772296,2,JSY,2024,492,69
Dataganj,YbOAqVBdm86,p,2023-07-01,Budaun,eA37kyBRRuZ,,JSY,% JSY Incentive,36,0.530161427357689,2,JSY,2024,541,58
Sarojninagar,ciUK1Y4Eaxf,p,2023-07-01,Lucknow,MfHac5N78aK,,JSY,% JSY Incentive,36,0.6257309941520468,2,JSY,2024,651,53
Haisar Bazar,K98xeQTVavi,p,2023-07-01,Sant Kabir Nagar,fe1yBApr2sl,,JSY,% JSY Incentive,36,0.0,2,JSY,2024,150,11
Azamgarh Mirzapur,bYn0jt3AvMQ,p,2023-07-01,Azamgarh,NjckKfm3g0k,,JSY,% JSY Incentive,36,0.0,2,JSY,2024,55,14
Nawabganj,BWxu1bDp2ht,p,2023-07-01,Bareilly,vVqY3DPcpHf,,JSY,% JSY Incentive,36,0.980309423347398,2,JSY,2024,776,56
Mohamudabad,grxxI8LtNsw,p,2023-07-01,Farrukhabad,uEEwlAGZXWW,,JSY,% JSY Incentive,36,0.0,2,JSY,2024,379,49
Gorakhpur DHQ,oER6x75izaS,p,2023-07-01,Gorakhpur,vR85cHdsw1w,,JSY,% JSY Incentive,36,0.5571151984511132,2,JSY,2024,567,45
Pilibhit DHQ,Ez4mS8TGHyp,p,2023-07-01,Pilibhit,c96jwckSd6j,,JSY,% JSY Incentive,36,0.32908847184986595,2,JSY,2024,866,29
Sidhouli,RWbJEn9kMN0,p,2023-07-01,Shahjahanpur,GaiLSoQq1ue,,JSY,% JSY Incentive,36,0.3690685413005272,2,JSY,2024,469,28
Bisauli,MWJyDwqvBqS,p,2023-07-01,Budaun,eA37kyBRRuZ,,JSY,% JSY Incentive,36,0.9414414414414416,2,JSY,2024,398,58
Baharia,TcWp3YBgjTX,p,2023-07-01,Prayagraj,tXgaew1Pd2Y,,JSY,% JSY Incentive,36,0.0,2,JSY,2024,133,34
Harakh,zM7L5Up3Rp4,p,2023-07-01,Barabanki,tzH6nJu9SwS,,JSY,% JSY Incentive,36,0.2020725388601036,2,JSY,2024,328,41
C S M Nagar Musafirkhana,rpRvuw2Iiug,p,2023-07-01,Amethi,StsLkYw1G0m,,JSY,% JSY Incentive,36,1.1355633802816902,2,JSY,2024,21,75
Faridpur,Hi4F69xrBS5,p,2023-07-01,Bareilly,vVqY3DPcpHf,,JSY,% JSY Incentive,36,1.1813063063063065,2,JSY,2024,565,56
Lucknow DHQ,NyYp5W4XZfR,p,2023-07-01,Lucknow,MfHac5N78aK,,JSY,% JSY Incentive,36,0.3849215122706168,2,JSY,2024,228,53
Chobeypur,EbQXwXsACBg,p,2023-07-01,Kanpur Nagar,QVMRMhzVrrS,,JSY,% JSY Incentive,36,0.7521663778162911,2,JSY,2024,835,65
Umarda,QlnYDSaHYHx,p,2023-07-01,Kannauj,IhQbDYRiF8w,,JSY,% JSY Incentive,36,0.6555023923444976,2,JSY,2024,4,73
Balrampur,HkZSq61JwqL,p,2023-07-01,Balrampur,uS0pNSxN3sS,,JSY,% JSY Incentive,36,0.17659352142110762,2,JSY,2024,844,72
Rae Bareli Jagatpur,yFYFE5vVAAA,p,2023-07-01,Rae Bareli,lLvTDpBDY8u,,JSY,% JSY Incentive,36,0.9724310776942356,2,JSY,2024,221,59
Majhganwa,XmU9noLyhIA,p,2023-07-01,Bareilly,vVqY3DPcpHf,,JSY,% JSY Incentive,36,0.7943368107302533,2,JSY,2024,187,56
Jalalpur,OmRJBPDSih0,p,2023-07-01,Jaunpur,gmw76vAUMqz,,JSY,% JSY Incentive,36,0.9010011123470524,2,JSY,2024,298,54
Kushinagar Ramkola,XZ4UCP8boX8,p,2023-07-01,Kushinagar,xUeHwd9FQkg,,JSY,% JSY Incentive,36,0.0,2,JSY,2024,467,9
Iglas,XYBTVZE0LeN,p,2023-07-01,Aligarh,frD2HOp3wAs,,JSY,% JSY Incentive,36,0.5837320574162679,2,JSY,2024,295,44
Bulandshahar Uncha gaon,vlW7Ky7ubGA,p,2023-07-01,Bulandshahar,ogBt4gWCiem,,JSY,% JSY Incentive,36,0.0,2,JSY,2024,291,52
Khlilabad,Go3zUv1lOWw,p,2023-07-01,Sant Kabir Nagar,fe1yBApr2sl,,JSY,% JSY Incentive,36,0.4758942457231726,2,JSY,2024,146,11
Jalaun Nadigaun,S5qj59ohege,p,2023-07-01,Jalaun,NL5xiiHZQSC,,JSY,% JSY Incentive,36,0.1836734693877551,2,JSY,2024,44,4
Dostpur,AGFzimgfzIo,p,2023-07-01,Sultanpur,o4ZQTVcMI7U,,JSY,% JSY Incentive,36,0.7320754716981132,2,JSY,2024,487,40
Ghorahawal,Cea63kQpiOw,p,2023-07-01,Sonbhadra,NNk3JP90QZ5,,JSY,% JSY Incentive,36,0.29178007621121393,2,JSY,2024,137,74
Persendi,qyrJ0VLceRJ,p,2023-07-01,Sitapur,XxaOowFtkiJ,,JSY,% JSY Incentive,36,0.4983633387888707,2,JSY,2024,415,60
Skiit,H5UJopTvZPy,p,2023-07-01,Etah,ZLcx4iOVyN5,,JSY,% JSY Incentive,36,0.2769607843137255,2,JSY,2024,267,21
Tajpur,ETOgxiqqzTT,p,2023-07-01,Moradabad,YQNQoPjAIpV,,JSY,% JSY Incentive,36,0.0,2,JSY,2024,307,51
Bulandshahar Sikandrabad,IjocfjQxUOy,p,2023-07-01,Bulandshahar,ogBt4gWCiem,,JSY,% JSY Incentive,36,0.8877551020408163,2,JSY,2024,60,52
Babaganj,yepP1LEwWeE,p,2023-07-01,Pratapgarh,fz7bJo3egPX,,JSY,% JSY Incentive,36,0.8387850467289719,2,JSY,2024,730,3
Deoria Barhaz,E5A2kSTc3PM,p,2023-07-01,Deoria,Tf9b9qcbghH,,JSY,% JSY Incentive,36,0.0,2,JSY,2024,301,19
Bhojipura,m5Tn9LTc2Dy,p,2023-07-01,Bareilly,vVqY3DPcpHf,,JSY,% JSY Incentive,36,0.7472527472527473,2,JSY,2024,184,56
Jogia,SCLwreLwByy,p,2023-07-01,Siddharth Nagar,cP0p8qfm3il,,JSY,% JSY Incentive,36,0.8037135278514589,2,JSY,2024,426,1
Ghughali,pNfKKA9YCVD,p,2023-07-01,Maharajganj,AcnMkNGgc3S,,JSY,% JSY Incentive,36,0.9718468468468467,2,JSY,2024,731,10
Auraiya Ajitmal,guhyL5WpMTF,p,2023-07-01,Auraiya,Bd6E8zkVvVt,,JSY,% JSY Incentive,36,0.9375866851595008,2,JSY,2024,528,37
Koraon,snr8f1gc8vd,p,2023-07-01,Prayagraj,tXgaew1Pd2Y,,JSY,% JSY Incentive,36,0.4190672153635117,2,JSY,2024,145,34
Bhiyaon,KZ9A7NuGOta,p,2023-07-01,Ambedkar Nagar,jM27ji8tyrM,,JSY,% JSY Incentive,36,0.04692891649413389,2,JSY,2024,162,8
Agra Etmadpur,xiUPA06ix22,p,2023-07-01,Agra,N5WWbRtsjWp,,JSY,% JSY Incentive,36,0.9236363636363636,2,JSY,2024,663,12
Meerut Jani Khurd,Sl9Xsytpbd8,p,2023-07-01,Meerut,v8YGmR7nOdj,,JSY,% JSY Incentive,36,0.8947368421052632,2,JSY,2024,156,30
Ghazipur Sadar,VivEa0lrJEt,p,2023-07-01,Ghazipur,dScWdMRN8PL,,JSY,% JSY Incentive,36,0.13320825515947468,2,JSY,2024,411,67
Simbhaoli,mSef7qX2gGM,p,2023-07-01,Hapur,CZ8kLjgqvSH,,JSY,% JSY Incentive,36,0.4307692307692308,2,JSY,2024,511,46
Mathura Mathura,gucZ0cBoa0r,p,2023-07-01,Mathura,KP2BUB1npih,,JSY,% JSY Incentive,36,0.44851657940663175,2,JSY,2024,741,24
Sohartgarh,fhrJdvxaNc3,p,2023-07-01,Siddharth Nagar,cP0p8qfm3il,,JSY,% JSY Incentive,36,0.8085808580858086,2,JSY,2024,445,1
Jawan,nYlhMfttxtb,p,2023-07-01,Aligarh,frD2HOp3wAs,,JSY,% JSY Incentive,36,0.8135338345864662,2,JSY,2024,350,44
Mainpuri Barnahal,EeFlmvJs36p,p,2023-07-01,Mainpuri,XBLhrSWGytu,,JSY,% JSY Incentive,36,0.9842381786339754,2,JSY,2024,306,43
Sahjanwa,NEdgkoHIHTS,p,2023-07-01,Gorakhpur,vR85cHdsw1w,,JSY,% JSY Incentive,36,0.9941747572815534,2,JSY,2024,384,45
Kudreha,gwFahuoicRH,p,2023-07-01,Basti,J1P16zQEOUT,,JSY,% JSY Incentive,36,0.458955223880597,2,JSY,2024,237,71
Badani,fvt1qfVGM3G,p,2023-07-01,Siddharth Nagar,cP0p8qfm3il,,JSY,% JSY Incentive,36,0.2844364937388193,2,JSY,2024,163,1
Muzaffarnagar Morna,RAawnADvz9B,p,2023-07-01,Muzaffarnagar,MVQs2RrS1Nw,,JSY,% JSY Incentive,36,0.6923076923076923,2,JSY,2024,440,17
Campierganj,noXyISQsTiJ,p,2023-07-01,Gorakhpur,vR85cHdsw1w,,JSY,% JSY Incentive,36,0.8503054989816701,2,JSY,2024,81,45
Varanasi DHQ,cFRa7gJ9JI1,p,2023-07-01,Varanasi,LeuBT7KfuuA,,JSY,% JSY Incentive,36,0.03980857080704808,2,JSY,2024,260,55
Gunnour,WtDIWivefft,p,2023-07-01,Sambhal,YzHpzrN0eLv,,JSY,% JSY Incentive,36,0.6302665520206363,2,JSY,2024,729,13
Mudia Nawi Bux,pzDsoCMcPwD,p,2023-07-01,Bareilly,vVqY3DPcpHf,,JSY,% JSY Incentive,36,0.0,2,JSY,2024,539,56
Hamirpur Dhagwa,X8nyWuBobaz,p,2023-07-01,Hamirpur,VSI7HobT5qL,,JSY,% JSY Incentive,36,0.3887240356083086,2,JSY,2024,333,36
Ballia Bairiya,WZYAC5DYYJk,p,2023-07-01,Ballia,oNDvGBE5fLq,,JSY,% JSY Incentive,36,0.0,2,JSY,2024,832,5
Dhanupur,ooMZMhdhlnd,p,2023-07-01,Prayagraj,tXgaew1Pd2Y,,JSY,% JSY Incentive,36,0.0,2,JSY,2024,809,34
Sidhauli,NAhNn2JVtnF,p,2023-07-01,Sitapur,XxaOowFtkiJ,,JSY,% JSY Incentive,36,0.9354330708661416,2,JSY,2024,865,60
Kushinagar Seavrahi,p7wG9B3Zqol,p,2023-07-01,Kushinagar,xUeHwd9FQkg,,JSY,% JSY Incentive,36,0.036056338028169016,2,JSY,2024,406,9
Binauli,h3yrIIH1cGT,p,2023-07-01,Bagpat,HJIS3IrQ0Nj,,JSY,% JSY Incentive,36,0.7032258064516129,2,JSY,2024,475,66
Chjlate,MIhBWjsHb4j,p,2023-07-01,Moradabad,YQNQoPjAIpV,,JSY,% JSY Incentive,36,0.9730941704035876,2,JSY,2024,749,51
Agra Khaundali,NWLheaE7Ac4,p,2023-07-01,Agra,N5WWbRtsjWp,,JSY,% JSY Incentive,36,0.957422324510932,2,JSY,2024,601,12
Dumaria,nH12F0E43cT,p,2023-07-01,Siddharth Nagar,cP0p8qfm3il,,JSY,% JSY Incentive,36,0.0,2,JSY,2024,118,1
Maunathbhanjan Ranipur,s9bnhPCNlnj,p,2023-07-01,Maunathbhanjan,CBSB9v92AwT,,JSY,% JSY Incentive,36,0.8028571428571428,2,JSY,2024,2,6
Etawah Thakha,vVEYFNLCthf,p,2023-07-01,Etawah,Pm0jLk6EAiE,,JSY,% JSY Incentive,36,0.3475177304964539,2,JSY,2024,130,62
C S M Nagar Bhadar,l02BWTHnGkg,p,2023-07-01,Amethi,StsLkYw1G0m,,JSY,% JSY Incentive,36,0.9084967320261438,2,JSY,2024,424,75
Fatehpur Khaga,uEEKeL3UnB2,p,2023-07-01,Fatehpur,ibLiLcaKzw2,,JSY,% JSY Incentive,36,0.0,2,JSY,2024,218,16
Phardhan,deLO0JKgzP6,p,2023-07-01,Lakhimpur Kheri,d9ZuMopgX29,,JSY,% JSY Incentive,36,0.0,2,JSY,2024,206,22
Banki,zrtAHVhGVAe,p,2023-07-01,Barabanki,tzH6nJu9SwS,,JSY,% JSY Incentive,36,0.05783267827063447,2,JSY,2024,707,41
Etawah DHQ,H82DYZCKRwR,p,2023-07-01,Etawah,Pm0jLk6EAiE,,JSY,% JSY Incentive,36,0.3347547974413646,2,JSY,2024,46,62
Asafpur,A8jhC64rvlS,p,2023-07-01,Budaun,eA37kyBRRuZ,,JSY,% JSY Incentive,36,0.5781710914454278,2,JSY,2024,183,58
Ballia Beruarbari,MTIyIVsTiFD,p,2023-07-01,Ballia,oNDvGBE5fLq,,JSY,% JSY Incentive,36,0.14621848739495802,2,JSY,2024,128,5
Madhouganj,iBHysCEYPjb,p,2023-07-01,Hardoi,MTIkUw5q5pX,,JSY,% JSY Incentive,36,0.9438700147710488,2,JSY,2024,212,64
Rae Bareli Rohania,c89kPtwHW5H,p,2023-07-01,Rae Bareli,lLvTDpBDY8u,,JSY,% JSY Incentive,36,0.9282700421940928,2,JSY,2024,912,59
Fatehpur Khjuha,O3U9QEmpjTV,p,2023-07-01,Fatehpur,ibLiLcaKzw2,,JSY,% JSY Incentive,36,0.10106382978723404,2,JSY,2024,292,16
Chakiya,VpPC8KPVwrC,p,2023-07-01,Chandauli,ClbehnmwSec,,JSY,% JSY Incentive,36,1.0158959537572254,2,JSY,2024,713,61
Marouri,B6BzDe4ryaa,p,2023-07-01,Pilibhit,c96jwckSd6j,,JSY,% JSY Incentive,36,0.0,2,JSY,2024,92,29
Sandi,OG07uORb7i2,p,2023-07-01,Hardoi,MTIkUw5q5pX,,JSY,% JSY Incentive,36,0.8930390492359932,2,JSY,2024,723,64
Payagpur,m1nYwKqPcyp,p,2023-07-01,Bahraich,iE0E3nLioFr,,JSY,% JSY Incentive,36,0.43583333333333335,2,JSY,2024,727,23
Ghazipur Saidpur,OFvD8TPE8bU,p,2023-07-01,Ghazipur,dScWdMRN8PL,,JSY,% JSY Incentive,36,0.3120617110799439,2,JSY,2024,893,67
Chittaura,jNYEM4EP98K,p,2023-07-01,Bahraich,iE0E3nLioFr,,JSY,% JSY Incentive,36,0.0,2,JSY,2024,132,23
Saharanpur Sadholi Kadeem,y5bGR23eUwH,p,2023-07-01,Saharanpur,FKYZ3JbWq84,,JSY,% JSY Incentive,36,0.5852803738317757,2,JSY,2024,877,31
Bareily DHQ,fRl1gRWCXvz,p,2023-07-01,Bareilly,vVqY3DPcpHf,,JSY,% JSY Incentive,36,0.1383754451415974,2,JSY,2024,428,56
Saharanpur Muzzafrabad,dTPUQF80iDV,p,2023-07-01,Saharanpur,FKYZ3JbWq84,,JSY,% JSY Incentive,36,0.8526200873362445,2,JSY,2024,892,31
Rae Bareli Khiaro,Q889SJwv9Ok,p,2023-07-01,Rae Bareli,lLvTDpBDY8u,,JSY,% JSY Incentive,36,0.7966804979253111,2,JSY,2024,144,59
Muzaffarnagar Sadar,xInsVC065RU,p,2023-07-01,Muzaffarnagar,MVQs2RrS1Nw,,JSY,% JSY Incentive,36,0.8950749464668094,2,JSY,2024,556,17
Rudauli,AAOPzLEjW4T,p,2023-07-01,Ayodhya,b4XkXzoGqFY,,JSY,% JSY Incentive,36,0.33905146316851664,2,JSY,2024,444,69
Bijnor Kotwali,j5nQ6oNNVnX,p,2023-07-01,Bijnor,uCYjHW7FuGG,,JSY,% JSY Incentive,36,0.6974037600716204,2,JSY,2024,537,15
Jahangir Ganj,oB6hTaKvzgv,p,2023-07-01,Ambedkar Nagar,jM27ji8tyrM,,JSY,% JSY Incentive,36,1.2333333333333334,2,JSY,2024,389,8
Unnav Asoha,CpShKssApxk,p,2023-07-01,Unnav,aT03mfdlNiF,,JSY,% JSY Incentive,36,0.9040590405904059,2,JSY,2024,107,7
Meerut Machra,qeUdKRqslg0,p,2023-07-01,Meerut,v8YGmR7nOdj,,JSY,% JSY Incentive,36,1.032085561497326,2,JSY,2024,95,30
Muzaffarnagar Jansath,IClJwvvGCfX,p,2023-07-01,Muzaffarnagar,MVQs2RrS1Nw,,JSY,% JSY Incentive,36,0.4303797468354431,2,JSY,2024,327,17
Bijnor Haldaur,R2Jott0TJjX,p,2023-07-01,Bijnor,uCYjHW7FuGG,,JSY,% JSY Incentive,36,1.5467289719626167,2,JSY,2024,544,15
City,qFq9YH9cPE2,p,2023-07-01,Mirzapur,UAicdMLyuk4,,JSY,% JSY Incentive,36,0.44606413994169103,2,JSY,2024,885,20
Firozabad Firozabad,R0tPbvDqGLH,p,2023-07-01,Firozabad,eJTsuE56XDF,,JSY,% JSY Incentive,36,0.6715548846236791,2,JSY,2024,427,27
Atrauli,O5BIieG3GQR,p,2023-07-01,Aligarh,frD2HOp3wAs,,JSY,% JSY Incentive,36,0.4546109510086455,2,JSY,2024,654,44
C S M Nagar Sangrampur,KwM7Z0rplba,p,2023-07-01,Amethi,StsLkYw1G0m,,JSY,% JSY Incentive,36,0.9823529411764704,2,JSY,2024,766,75
Behedi,fO0hzktt79F,p,2023-07-01,Bareilly,vVqY3DPcpHf,,JSY,% JSY Incentive,36,0.0,2,JSY,2024,140,56
Patti,QGFqwtIZDnf,p,2023-07-01,Pratapgarh,fz7bJo3egPX,,JSY,% JSY Incentive,36,0.5289169295478444,2,JSY,2024,580,3
Unnav Auras,wk2JVEOAFPl,p,2023-07-01,Unnav,aT03mfdlNiF,,JSY,% JSY Incentive,36,0.0,2,JSY,2024,855,7
Baldirai,VPN370bubCz,p,2023-07-01,Sultanpur,o4ZQTVcMI7U,,JSY,% JSY Incentive,36,0.8817891373801917,2,JSY,2024,299,40
Risia,wgoGe5KFMCX,p,2023-07-01,Bahraich,iE0E3nLioFr,,JSY,% JSY Incentive,36,0.0,2,JSY,2024,76,23
Saharanpur Sarsawa,J4lOM1HGEln,p,2023-07-01,Saharanpur,FKYZ3JbWq84,,JSY,% JSY Incentive,36,0.8199566160520607,2,JSY,2024,374,31
Agra Shashambad,CSr734nIeVU,p,2023-07-01,Agra,N5WWbRtsjWp,,JSY,% JSY Incentive,36,0.9873949579831932,2,JSY,2024,249,12
Barkhani,pkRX2naWpN3,p,2023-07-01,Hardoi,MTIkUw5q5pX,,JSY,% JSY Incentive,36,0.0,2,JSY,2024,305,64
Maunathbhanjan F.Mandaon,YXOk9K2OqNI,p,2023-07-01,Maunathbhanjan,CBSB9v92AwT,,JSY,% JSY Incentive,36,0.05200945626477541,2,JSY,2024,459,6
Mitoli,Owih8es2MY7,p,2023-07-01,Lakhimpur Kheri,d9ZuMopgX29,,JSY,% JSY Incentive,36,0.7047279214986619,2,JSY,2024,222,22
Azamgarh Jahanaganj,O2VQy7yy72b,p,2023-07-01,Azamgarh,NjckKfm3g0k,,JSY,% JSY Incentive,36,0.21649484536082475,2,JSY,2024,268,14
Dadroul,CzrcP2SLElb,p,2023-07-01,Shahjahanpur,GaiLSoQq1ue,,JSY,% JSY Incentive,36,0.8152610441767069,2,JSY,2024,502,28
Mathura Faraha,txI2jZXppyQ,p,2023-07-01,Mathura,KP2BUB1npih,,JSY,% JSY Incentive,36,0.8461538461538461,2,JSY,2024,633,24
Kurwar,Sz7oQppp6s9,p,2023-07-01,Sultanpur,o4ZQTVcMI7U,,JSY,% JSY Incentive,36,1.1952380952380952,2,JSY,2024,602,40
Firozabad Tundla,TJrLeyFzLWY,p,2023-07-01,Firozabad,eJTsuE56XDF,,JSY,% JSY Incentive,36,0.7429264349232013,2,JSY,2024,277,27
Bilhari,B1rNgGH3FaM,p,2023-07-01,Moradabad,YQNQoPjAIpV,,JSY,% JSY Incentive,36,1.026685393258427,2,JSY,2024,620,51
Unnav Safipur,iudStsVG8zs,p,2023-07-01,Unnav,aT03mfdlNiF,,JSY,% JSY Incentive,36,1.0935390549662487,2,JSY,2024,62,7
Sitalpur,PUVxtkWZlNI,p,2023-07-01,Etah,ZLcx4iOVyN5,,JSY,% JSY Incentive,36,0.09002217294900222,2,JSY,2024,390,21
Saltova,tLE0KpRqOMk,p,2023-07-01,Basti,J1P16zQEOUT,,JSY,% JSY Incentive,36,0.3782051282051282,2,JSY,2024,208,71
Mauaima,dawiYinsnkV,p,2023-07-01,Prayagraj,tXgaew1Pd2Y,,JSY,% JSY Incentive,36,0.6611328125,2,JSY,2024,207,34
Hamirpur DHQ,KZozTRTvHgU,p,2023-07-01,Hamirpur,VSI7HobT5qL,,JSY,% JSY Incentive,36,0.9937040923399788,2,JSY,2024,902,36
PP Kamaicha,wDcv6om3WT1,p,2023-07-01,Sultanpur,o4ZQTVcMI7U,,JSY,% JSY Incentive,36,0.7511737089201878,2,JSY,2024,655,40
Sursa,dBCX7zX8Feb,p,2023-07-01,Hardoi,MTIkUw5q5pX,,JSY,% JSY Incentive,36,1.1289682539682542,2,JSY,2024,779,64
Khekra,Ga0Whh9BsGr,p,2023-07-01,Bagpat,HJIS3IrQ0Nj,,JSY,% JSY Incentive,36,0.3262411347517731,2,JSY,2024,243,66
Sahabganj,Aq89pvDpWBA,p,2023-07-01,Chandauli,ClbehnmwSec,,JSY,% JSY Incentive,36,0.0,2,JSY,2024,365,61
Haseran,wjAvKvlMzv0,p,2023-07-01,Kannauj,IhQbDYRiF8w,,JSY,% JSY Incentive,36,0.7569832402234636,2,JSY,2024,517,73
Ganjdunwara,rhv6cneiTR1,p,2023-07-01,Kasganj,hITp09XOBLZ,,JSY,% JSY Incentive,36,0.3475274725274725,2,JSY,2024,123,70
Saharanpur Nanota,ZUTLEFlviBI,p,2023-07-01,Saharanpur,FKYZ3JbWq84,,JSY,% JSY Incentive,36,0.0,2,JSY,2024,457,31
Auraiya Achhalda,iT6mwbFSnli,p,2023-07-01,Auraiya,Bd6E8zkVvVt,,JSY,% JSY Incentive,36,0.7242798353909465,2,JSY,2024,638,37
Rampur Mathura,tvZfs4DYlev,p,2023-07-01,Sitapur,XxaOowFtkiJ,,JSY,% JSY Incentive,36,0.6805970149253732,2,JSY,2024,516,60
Nathnagar,rOs2X9fLu4i,p,2023-07-01,Sant Kabir Nagar,fe1yBApr2sl,,JSY,% JSY Incentive,36,0.11411764705882352,2,JSY,2024,387,11
Meerut Hastinapur,MK6uVgXBbvK,p,2023-07-01,Meerut,v8YGmR7nOdj,,JSY,% JSY Incentive,36,0.7708333333333334,2,JSY,2024,59,30
Ballia Hanumanganj,cu4HLxXXRm1,p,2023-07-01,Ballia,oNDvGBE5fLq,,JSY,% JSY Incentive,36,0.1910828025477707,2,JSY,2024,708,5
Naugarh,UuA1Z7kFP5w,p,2023-07-01,Chandauli,ClbehnmwSec,,JSY,% JSY Incentive,36,0.8457300275482094,2,JSY,2024,690,61
Basti Sader,zshpWWwvLd3,p,2023-07-01,Basti,J1P16zQEOUT,,JSY,% JSY Incentive,36,0.4480234260614934,2,JSY,2024,244,71
Ghaziabad Muradnagar,qpjXx2KEA28,p,2023-07-01,Ghaziabad,M5NHlfAaKYI,,JSY,% JSY Incentive,36,0.8663594470046083,2,JSY,2024,903,39
Ahirori,JNhW47eyrRv,p,2023-07-01,Hardoi,MTIkUw5q5pX,,JSY,% JSY Incentive,36,0.0,2,JSY,2024,477,64
Barhalganj,h0bQr9x9gzJ,p,2023-07-01,Gorakhpur,vR85cHdsw1w,,JSY,% JSY Incentive,36,0.18467852257181944,2,JSY,2024,90,45
Hathras Sikandra Rao,ws066anR0wR,p,2023-07-01,Hathras,m1IAjmqkoFC,,JSY,% JSY Incentive,36,0.6221590909090909,2,JSY,2024,129,48
Shamli Thana Bhawan,PrrfSkPnkmn,p,2023-07-01,Shamli,AdiUcz9BXhx,,JSY,% JSY Incentive,36,0.9807976366322008,2,JSY,2024,621,32
Ghazipur DHQ,PEDIETmpZdA,p,2023-07-01,Ghazipur,dScWdMRN8PL,,JSY,% JSY Incentive,36,0.0,2,JSY,2024,486,67
Deoria DHQ,Kr0p5SNoG3J,p,2023-07-01,Deoria,Tf9b9qcbghH,,JSY,% JSY Incentive,36,0.8356832971800434,2,JSY,2024,867,19
Saharanpur Punwarka,PqdYyxvXbjJ,p,2023-07-01,Saharanpur,FKYZ3JbWq84,,JSY,% JSY Incentive,36,0.763265306122449,2,JSY,2024,392,31
Chayal,QGh6NT0LgVl,p,2023-07-01,Kaushambi,PAj0oVY0Dxu,,JSY,% JSY Incentive,36,0.8026315789473685,2,JSY,2024,106,63
Awagarh,vXfCZfdMkdf,p,2023-07-01,Etah,ZLcx4iOVyN5,,JSY,% JSY Incentive,36,0.4649042844120328,2,JSY,2024,378,21
Agra Bichpuri,RjTiJ3wL4Ir,p,2023-07-01,Agra,N5WWbRtsjWp,,JSY,% JSY Incentive,36,0.0,2,JSY,2024,836,12
Bithrichainpur,xIm2KLhn48h,p,2023-07-01,Bareilly,vVqY3DPcpHf,,JSY,% JSY Incentive,36,0.7936267071320182,2,JSY,2024,67,56
Sultanpur DHQ,L7J6pfX9JCH,p,2023-07-01,Sultanpur,o4ZQTVcMI7U,,JSY,% JSY Incentive,36,0.6240902474526928,2,JSY,2024,550,40
Sant Ravidas Nagar Suriyawa,oZ8M2HNNfYK,p,2023-07-01,Bhadohi,PeUY1vj02UQ,,JSY,% JSY Incentive,36,0.5720588235294117,2,JSY,2024,474,50
Kayamganj,vJadmkIZlfo,p,2023-07-01,Farrukhabad,uEEwlAGZXWW,,JSY,% JSY Incentive,36,0.0,2,JSY,2024,138,49
Reharabazar,ow9RguNdOD4,p,2023-07-01,Balrampur,uS0pNSxN3sS,,JSY,% JSY Incentive,36,0.0,2,JSY,2024,656,72
Baberu,QAfsawYvIW0,p,2023-07-01,Banda,DggJGxqbWHn,,JSY,% JSY Incentive,36,0.9704102219233356,2,JSY,2024,624,47
Pali,nxstNxWEDHb,p,2023-07-01,Gorakhpur,vR85cHdsw1w,,JSY,% JSY Incentive,36,1.0,2,JSY,2024,71,45
Lalganj Pratapgarh,lZg8HzmVg9D,p,2023-07-01,Pratapgarh,fz7bJo3egPX,,JSY,% JSY Incentive,36,0.24764150943396224,2,JSY,2024,849,3
Mathura Mant,EWInJymroFJ,p,2023-07-01,Mathura,KP2BUB1npih,,JSY,% JSY Incentive,36,0.14366197183098592,2,JSY,2024,590,24
Ramnagar Jaunpur,SiApLfkyuVz,p,2023-07-01,Jaunpur,gmw76vAUMqz,,JSY,% JSY Incentive,36,0.9273504273504274,2,JSY,2024,889,54
Sardar Nagar,plaloKJOZO2,p,2023-07-01,Gorakhpur,vR85cHdsw1w,,JSY,% JSY Incentive,36,0.0,2,JSY,2024,250,45
Kushinagar Hata,BYiQDRJhWWk,p,2023-07-01,Kushinagar,xUeHwd9FQkg,,JSY,% JSY Incentive,36,0.0,2,JSY,2024,548,9
Tanda,c228prMIirC,p,2023-07-01,Ambedkar Nagar,jM27ji8tyrM,,JSY,% JSY Incentive,36,0.315702479338843,2,JSY,2024,340,8
Gautam Buddha Nagar DHQ,H3RUhD0AAjW,p,2023-07-01,Gautam Buddha Nagar,bNmwkrQeP3e,,JSY,% JSY Incentive,36,0.08064516129032258,2,JSY,2024,796,35
Asmoli,Xkw9hBGJS6I,p,2023-07-01,Sambhal,YzHpzrN0eLv,,JSY,% JSY Incentive,36,0.6325167037861915,2,JSY,2024,668,13
Ghatampur,ZjM4my40rTY,p,2023-07-01,Kanpur Nagar,QVMRMhzVrrS,,JSY,% JSY Incentive,36,0.0,2,JSY,2024,527,65
Meerut Kharkhoda,KHpYLDYW8Pp,p,2023-07-01,Meerut,v8YGmR7nOdj,,JSY,% JSY Incentive,36,0.7515337423312883,2,JSY,2024,99,30
Azamgarh Palhani,dIVl43wpljo,p,2023-07-01,Azamgarh,NjckKfm3g0k,,JSY,% JSY Incentive,36,1.0,2,JSY,2024,153,14
Meerut Daurala,adk9clLdGC3,p,2023-07-01,Meerut,v8YGmR7nOdj,,JSY,% JSY Incentive,36,1.0,2,JSY,2024,589,30
Sujanganj,dQvMLUi5rMw,p,2023-07-01,Jaunpur,gmw76vAUMqz,,JSY,% JSY Incentive,36,0.8504854368932039,2,JSY,2024,209,54
kasganj,jvUzHuel9I6,p,2023-07-01,Kasganj,hITp09XOBLZ,,JSY,% JSY Incentive,36,0.30590793765857194,2,JSY,2024,257,70
Moth,cvjZcBpUtSR,p,2023-07-01,Jhansi,Mq751wBMqGF,,JSY,% JSY Incentive,36,0.9451553930530164,2,JSY,2024,519,25
Muzaffarnagar Shahpur,XuOunfUuyUX,p,2023-07-01,Muzaffarnagar,MVQs2RrS1Nw,,JSY,% JSY Incentive,36,0.8452138492871691,2,JSY,2024,737,17
Kaurihar,V9DOCawlsCk,p,2023-07-01,Prayagraj,tXgaew1Pd2Y,,JSY,% JSY Incentive,36,0.0,2,JSY,2024,605,34
Garhmukteshwar,lY8m4U7kmq2,p,2023-07-01,Hapur,CZ8kLjgqvSH,,JSY,% JSY Incentive,36,0.7015810276679841,2,JSY,2024,13,46
Bikapur,pw5oJhc8fpc,p,2023-07-01,Ayodhya,b4XkXzoGqFY,,JSY,% JSY Incentive,36,1.145922746781116,2,JSY,2024,199,69
Sarswan,EXoRpuAixOF,p,2023-07-01,Kaushambi,PAj0oVY0Dxu,,JSY,% JSY Incentive,36,0.0,2,JSY,2024,483,63
Azamgarh Rani Ki Sarai,DYvPZYv80ET,p,2023-07-01,Azamgarh,NjckKfm3g0k,,JSY,% JSY Incentive,36,0.0,2,JSY,2024,255,14
C S M Nagar Fursatganj,j4mknIwFS2j,p,2023-07-01,Amethi,StsLkYw1G0m,,JSY,% JSY Incentive,36,0.9780092592592592,2,JSY,2024,896,75
Kanpur Dehat Rasulabad,jc9CoHdLFLu,p,2023-07-01,Kanpur Dehat,k3D0AumUCiC,,JSY,% JSY Incentive,36,1.1823361823361824,2,JSY,2024,264,57
Meerut Saroorpur,cRH5g6dZ1xf,p,2023-07-01,Meerut,v8YGmR7nOdj,,JSY,% JSY Incentive,36,1.0,2,JSY,2024,3,30
Saharanpur Daoband,oNfXWvtDaWv,p,2023-07-01,Saharanpur,FKYZ3JbWq84,,JSY,% JSY Incentive,36,0.3,2,JSY,2024,652,31
Deoria Bankata,EmKRIMSIXim,p,2023-07-01,Deoria,Tf9b9qcbghH,,JSY,% JSY Incentive,36,0.8525121555915721,2,JSY,2024,782,19
Kamalganj,xmoNxfjNe2l,p,2023-07-01,Farrukhabad,uEEwlAGZXWW,,JSY,% JSY Incentive,36,0.0,2,JSY,2024,338,49
Fatehpur Haswa,LWEb9Onpgzi,p,2023-07-01,Fatehpur,ibLiLcaKzw2,,JSY,% JSY Incentive,36,0.9949409780775716,2,JSY,2024,875,16
Gautam Buddha Nagar Dadri,kRWfFb08HmE,p,2023-07-01,Gautam Buddha Nagar,bNmwkrQeP3e,,JSY,% JSY Incentive,36,0.9246861924686192,2,JSY,2024,127,35
Kanpur Dehat Derapur,Dt0dgcTvEpm,p,2023-07-01,Kanpur Dehat,k3D0AumUCiC,,JSY,% JSY Incentive,36,0.6786469344608879,2,JSY,2024,862,57
Masaudha,aAl7bU1AYg2,p,2023-07-01,Ayodhya,b4XkXzoGqFY,,JSY,% JSY Incentive,36,0.9752953813104188,2,JSY,2024,382,69
Shamli Kairana,y1VjuyuoJ29,p,2023-07-01,Shamli,AdiUcz9BXhx,,JSY,% JSY Incentive,36,0.9487554904831624,2,JSY,2024,242,32
Maskanwa,JLjbfCaudqg,p,2023-07-01,Gonda,y8WarEkWCul,,JSY,% JSY Incentive,36,0.0,2,JSY,2024,557,2
Varanasi Kashi Vidhyapith,tJRXhxV3GJh,p,2023-07-01,Varanasi,LeuBT7KfuuA,,JSY,% JSY Incentive,36,0.6007905138339921,2,JSY,2024,640,55
Mainpuri Kurawali,PZAj1qhZHhE,p,2023-07-01,Mainpuri,XBLhrSWGytu,,JSY,% JSY Incentive,36,0.92991239048811,2,JSY,2024,526,43
Kachhuna,zOlFDV0qaZN,p,2023-07-01,Hardoi,MTIkUw5q5pX,,JSY,% JSY Incentive,36,0.6087516087516087,2,JSY,2024,748,64
Ramnagar Barabanki,KNS89BltpLw,p,2023-07-01,Barabanki,tzH6nJu9SwS,,JSY,% JSY Incentive,36,0.8080614203454894,2,JSY,2024,569,41
Dhanapur,F1Ddi7jawvX,p,2023-07-01,Chandauli,ClbehnmwSec,,JSY,% JSY Incentive,36,0.16646415552855404,2,JSY,2024,203,61
Moradabad DHQ,WHjh3bRw6D7,p,2023-07-01,Moradabad,YQNQoPjAIpV,,JSY,% JSY Incentive,36,0.08636258393146562,2,JSY,2024,438,51
Muratganj,gO0bpL7Tygs,p,2023-07-01,Kaushambi,PAj0oVY0Dxu,,JSY,% JSY Incentive,36,0.3708920187793428,2,JSY,2024,126,63
Rae Bareli Dalamau,KtYM7svxHgY,p,2023-07-01,Rae Bareli,lLvTDpBDY8u,,JSY,% JSY Incentive,36,0.8626817447495961,2,JSY,2024,259,59
Kasmanda,E8Ds6nIiHXM,p,2023-07-01,Sitapur,XxaOowFtkiJ,,JSY,% JSY Incentive,36,0.263671875,2,JSY,2024,560,60
Deoria Bhagelpur,ULhLz5tR5rr,p,2023-07-01,Deoria,Tf9b9qcbghH,,JSY,% JSY Incentive,36,0.8773841961852861,2,JSY,2024,451,19
Shivpur,axbfDth7CE1,p,2023-07-01,Bahraich,iE0E3nLioFr,,JSY,% JSY Incentive,36,0.0,2,JSY,2024,64,23
Isanagar,qbwnjNH34Cw,p,2023-07-01,Lakhimpur Kheri,d9ZuMopgX29,,JSY,% JSY Incentive,36,0.7380457380457379,2,JSY,2024,425,22
Tarabganj,QW8N7nXhELz,p,2023-07-01,Gonda,y8WarEkWCul,,JSY,% JSY Incentive,36,0.6536964980544747,2,JSY,2024,797,2
Chitrakootdham Karwi,csfXDnN3Xo3,p,2023-07-01,Chitrakoot,i2fSZZ3QAJJ,,JSY,% JSY Incentive,36,0.0,2,JSY,2024,83,38
Rae Bareli Shivgarh,BYGgaeM7fof,p,2023-07-01,Rae Bareli,lLvTDpBDY8u,,JSY,% JSY Incentive,36,0.9133489461358314,2,JSY,2024,296,59
BKTalabe,ApSm0CuGVfL,p,2023-07-01,Lucknow,MfHac5N78aK,,JSY,% JSY Incentive,36,0.6751188589540412,2,JSY,2024,501,53
Barhani,kneJKc3fNtp,p,2023-07-01,Chandauli,ClbehnmwSec,,JSY,% JSY Incentive,36,0.969811320754717,2,JSY,2024,837,61
Maunathbhanjan DHQ,Obe6UPmf0LR,p,2023-07-01,Maunathbhanjan,CBSB9v92AwT,,JSY,% JSY Incentive,36,0.1318660647103085,2,JSY,2024,465,6
Barkhera,aP18Pdo2sLv,p,2023-07-01,Pilibhit,c96jwckSd6j,,JSY,% JSY Incentive,36,0.6758620689655173,2,JSY,2024,771,29
Parsupur,Ae5sVkqEY53,p,2023-07-01,Gonda,y8WarEkWCul,,JSY,% JSY Incentive,36,0.4397076735688185,2,JSY,2024,872,2
Fatehpur  Bahua,gAuwshptXMU,p,2023-07-01,Fatehpur,ibLiLcaKzw2,,JSY,% JSY Incentive,36,0.0,2,JSY,2024,143,16
Kunderki,gmAXrJ45VMf,p,2023-07-01,Moradabad,YQNQoPjAIpV,,JSY,% JSY Incentive,36,0.18762886597938144,2,JSY,2024,768,51
Ramnagar,M1F33pLSfxi,p,2023-07-01,Ambedkar Nagar,jM27ji8tyrM,,JSY,% JSY Incentive,36,0.5603543743078627,2,JSY,2024,448,8
Azamgarh Harriya,sODyhiqy8iZ,p,2023-07-01,Azamgarh,NjckKfm3g0k,,JSY,% JSY Incentive,36,0.0,2,JSY,2024,599,14
Ballia Rasra,tws6xITzNhV,p,2023-07-01,Ballia,oNDvGBE5fLq,,JSY,% JSY Incentive,36,0.0,2,JSY,2024,447,5
Maunathbhanjan Doharighat,y2tYqTLUS24,p,2023-07-01,Maunathbhanjan,CBSB9v92AwT,,JSY,% JSY Incentive,36,0.0,2,JSY,2024,297,6
Agra Jagner,JGBdoOZp18V,p,2023-07-01,Agra,N5WWbRtsjWp,,JSY,% JSY Incentive,36,0.9472049689440992,2,JSY,2024,344,12
Unnav DHQ,CYb7f3DOpb0,p,2023-07-01,Unnav,aT03mfdlNiF,,JSY,% JSY Incentive,36,0.28992805755395684,2,JSY,2024,352,7
Phoolbhar,kKTBu6UpSYl,p,2023-07-01,Lakhimpur Kheri,d9ZuMopgX29,,JSY,% JSY Incentive,36,0.0,2,JSY,2024,587,22
Fatehganj(West),KRQvi7JBiuf,p,2023-07-01,Bareilly,vVqY3DPcpHf,,JSY,% JSY Incentive,36,0.6002460024600246,2,JSY,2024,468,56
Nougarh,VQaZwzfLvV1,p,2023-07-01,Siddharth Nagar,cP0p8qfm3il,,JSY,% JSY Incentive,36,0.37117903930131,2,JSY,2024,785,1
Masouli,YsCQwRlNGrw,p,2023-07-01,Barabanki,tzH6nJu9SwS,,JSY,% JSY Incentive,36,0.0,2,JSY,2024,512,41
Maunathbhanjan Ghosi,d3k76C0y5y9,p,2023-07-01,Maunathbhanjan,CBSB9v92AwT,,JSY,% JSY Incentive,36,0.0,2,JSY,2024,452,6
Varanasi Sewapuri,NJxCMa3k532,p,2023-07-01,Varanasi,LeuBT7KfuuA,,JSY,% JSY Incentive,36,0.5697823303457106,2,JSY,2024,432,55
Uska Bazar,WvXTe5mm0Jg,p,2023-07-01,Siddharth Nagar,cP0p8qfm3il,,JSY,% JSY Incentive,36,0.30655391120507397,2,JSY,2024,503,1
Nindura,QvnprpIbIJp,p,2023-07-01,Barabanki,tzH6nJu9SwS,,JSY,% JSY Incentive,36,0.8896164639850327,2,JSY,2024,627,41
Mithwal,OHdFJxcZU3t,p,2023-07-01,Siddharth Nagar,cP0p8qfm3il,,JSY,% JSY Incentive,36,0.4513422818791946,2,JSY,2024,57,1
Chibramau,lqFb50V1HFl,p,2023-07-01,Kannauj,IhQbDYRiF8w,,JSY,% JSY Incentive,36,0.4568868980963046,2,JSY,2024,506,73
Saharanpur Gangoha,BHNN3R3Nfyk,p,2023-07-01,Saharanpur,FKYZ3JbWq84,,JSY,% JSY Incentive,36,0.729957805907173,2,JSY,2024,743,31
Bijnor Chandok,shhTmT0DeTX,p,2023-07-01,Bijnor,uCYjHW7FuGG,,JSY,% JSY Incentive,36,0.0,2,JSY,2024,773,15
Ballia Navanagar,kepTOn7He9W,p,2023-07-01,Ballia,oNDvGBE5fLq,,JSY,% JSY Incentive,36,0.4462809917355372,2,JSY,2024,472,5
Maunathbhanjan Ratanpura,u9ZAWcpGHu9,p,2023-07-01,Maunathbhanjan,CBSB9v92AwT,,JSY,% JSY Incentive,36,0.8757861635220126,2,JSY,2024,489,6
Mawai,QSXk2hR3eYG,p,2023-07-01,Ayodhya,b4XkXzoGqFY,,JSY,% JSY Incentive,36,0.3055118110236221,2,JSY,2024,232,69
Ghazipur Badhora,KkUxdrYeeXC,p,2023-07-01,Ghazipur,dScWdMRN8PL,,JSY,% JSY Incentive,36,0.051347881899871634,2,JSY,2024,712,67
Talgram,zFNrX1gsn6L,p,2023-07-01,Kannauj,IhQbDYRiF8w,,JSY,% JSY Incentive,36,0.10842627013630733,2,JSY,2024,273,73
Mainpuri Kerhal,HNZwOODMyul,p,2023-07-01,Mainpuri,XBLhrSWGytu,,JSY,% JSY Incentive,36,0.92809364548495,2,JSY,2024,598,43
Sahughat,knCO4emeZY1,p,2023-07-01,Basti,J1P16zQEOUT,,JSY,% JSY Incentive,36,0.6972860125260961,2,JSY,2024,254,71
Hathras Mursan,NHwhqnwjZ0d,p,2023-07-01,Hathras,m1IAjmqkoFC,,JSY,% JSY Incentive,36,0.3624454148471616,2,JSY,2024,386,48
Rae Bareli DHQ,qXzAAhlpnux,p,2023-07-01,Rae Bareli,lLvTDpBDY8u,,JSY,% JSY Incentive,36,0.3303364269141532,2,JSY,2024,738,59
Bawan,tbi6Bsb6jlU,p,2023-07-01,Hardoi,MTIkUw5q5pX,,JSY,% JSY Incentive,36,0.9835082458770614,2,JSY,2024,185,64
Sitapur DHQ,ql65TcOIaDt,p,2023-07-01,Sitapur,XxaOowFtkiJ,,JSY,% JSY Incentive,36,1.2927908937605397,2,JSY,2024,281,60
Baraut,JIEAUI17z3o,p,2023-07-01,Bagpat,HJIS3IrQ0Nj,,JSY,% JSY Incentive,36,0.19089193015573386,2,JSY,2024,870,66
Kanth,eRgWsRn98MG,p,2023-07-01,Shahjahanpur,GaiLSoQq1ue,,JSY,% JSY Incentive,36,0.8784773060029283,2,JSY,2024,484,28
Hariyanwa,ruw57rtPpxr,p,2023-07-01,Hardoi,MTIkUw5q5pX,,JSY,% JSY Incentive,36,0.7359375,2,JSY,2024,758,64
Maunathbhanjan Kopaganj,tGyBIzhjmij,p,2023-07-01,Maunathbhanjan,CBSB9v92AwT,,JSY,% JSY Incentive,36,0.2962962962962963,2,JSY,2024,433,6
Chandauli,QglkJx8TDdn,p,2023-07-01,Chandauli,ClbehnmwSec,,JSY,% JSY Incentive,36,0.8654485049833887,2,JSY,2024,211,61
C S M Nagar Jamon,R35oHPkysFc,p,2023-07-01,Amethi,StsLkYw1G0m,,JSY,% JSY Incentive,36,0.3339622641509434,2,JSY,2024,456,75
Machhalishahar,p6cTEKZv0Bb,p,2023-07-01,Jaunpur,gmw76vAUMqz,,JSY,% JSY Incentive,36,0.8962818003913894,2,JSY,2024,396,54
Meja,En85jBKx0aq,p,2023-07-01,Prayagraj,tXgaew1Pd2Y,,JSY,% JSY Incentive,36,0.4360753221010902,2,JSY,2024,325,34
Sant Ravidas Nagar Abholi,iFwP6fSzMVI,p,2023-07-01,Bhadohi,PeUY1vj02UQ,,JSY,% JSY Incentive,36,0.28205128205128205,2,JSY,2024,909,50
Rudhouli,X4NDrvDmL4p,p,2023-07-01,Basti,J1P16zQEOUT,,JSY,% JSY Incentive,36,0.8387096774193549,2,JSY,2024,833,71
Deoria Patherdewa,uwDViZiXmha,p,2023-07-01,Deoria,Tf9b9qcbghH,,JSY,% JSY Incentive,36,0.0,2,JSY,2024,513,19
Manjhanpur,ppVmu0WT8Jb,p,2023-07-01,Kaushambi,PAj0oVY0Dxu,,JSY,% JSY Incentive,36,0.42318059299191374,2,JSY,2024,303,63
Visheshwerganj,NGqtRmZHnOm,p,2023-07-01,Bahraich,iE0E3nLioFr,,JSY,% JSY Incentive,36,0.6854410201912858,2,JSY,2024,74,23
Panchperwa,XAFh3sUMv2B,p,2023-07-01,Balrampur,uS0pNSxN3sS,,JSY,% JSY Incentive,36,0.4038286235186873,2,JSY,2024,515,72
Jungle Kauriya,ewq9OZKKqta,p,2023-07-01,Gorakhpur,vR85cHdsw1w,,JSY,% JSY Incentive,36,0.8697674418604651,2,JSY,2024,375,45
Pouli,IFHbGZd8LVv,p,2023-07-01,Sant Kabir Nagar,fe1yBApr2sl,,JSY,% JSY Incentive,36,0.0,2,JSY,2024,420,11
C S M Nagar Bazar Shukul,HZYH9FeKSbz,p,2023-07-01,Amethi,StsLkYw1G0m,,JSY,% JSY Incentive,36,0.6918990703851262,2,JSY,2024,697,75
Azamgarh Fhoolpur,qzyZ63I1bIh,p,2023-07-01,Azamgarh,NjckKfm3g0k,,JSY,% JSY Incentive,36,0.5769230769230769,2,JSY,2024,446,14
Khiarabad,ch0hBYu0VuS,p,2023-07-01,Sitapur,XxaOowFtkiJ,,JSY,% JSY Incentive,36,0.0,2,JSY,2024,329,60
Hergaon,nwuxQQpdi7D,p,2023-07-01,Sitapur,XxaOowFtkiJ,,JSY,% JSY Incentive,36,0.8504027617951668,2,JSY,2024,815,60
MoBadshahpur,Y1OSp1Ck66B,p,2023-07-01,Jaunpur,gmw76vAUMqz,,JSY,% JSY Incentive,36,0.6714659685863874,2,JSY,2024,414,54
Junawai,gspBjXC9nc5,p,2023-07-01,Sambhal,YzHpzrN0eLv,,JSY,% JSY Incentive,36,0.8372753074739829,2,JSY,2024,756,13
Azamgarh Ahiraulla,bqyQpybBJt7,p,2023-07-01,Azamgarh,NjckKfm3g0k,,JSY,% JSY Incentive,36,1.3903420523138832,2,JSY,2024,272,14
Khsrha,RtFh5dTx40I,p,2023-07-01,Siddharth Nagar,cP0p8qfm3il,,JSY,% JSY Incentive,36,0.36493738819320215,2,JSY,2024,372,1
Bulandshahar Lakhaothi,u7AfLScMrQL,p,2023-07-01,Bulandshahar,ogBt4gWCiem,,JSY,% JSY Incentive,36,0.0,2,JSY,2024,82,52
C S M Nagar Amethi,myKgoGwviVc,p,2023-07-01,Amethi,StsLkYw1G0m,,JSY,% JSY Incentive,36,0.985645933014354,2,JSY,2024,358,75
Gilaula,LNX0N5jnA5h,p,2023-07-01,Shrawasti,oyTwneTbWDx,,JSY,% JSY Incentive,36,0.0,2,JSY,2024,677,18
Usawan,HJ6IPhQigva,p,2023-07-01,Budaun,eA37kyBRRuZ,,JSY,% JSY Incentive,36,0.21696696696696696,2,JSY,2024,695,58
Rae Bareli Chtoh,mbfOsRukNYs,p,2023-07-01,Rae Bareli,lLvTDpBDY8u,,JSY,% JSY Incentive,36,0.9089108910891088,2,JSY,2024,181,59
Lalitpur  DHQ,OlW82qQAtpe,p,2023-07-01,Lalitpur,fagfcadhxej,,JSY,% JSY Incentive,36,1.0679089026915114,2,JSY,2024,482,68
Bulandshahar Dibai,YDOGtOLeFg1,p,2023-07-01,Bulandshahar,ogBt4gWCiem,,JSY,% JSY Incentive,36,1.0145299145299145,2,JSY,2024,750,52
Uruwa Gorakhpur,Mohx3LmGLM5,p,2023-07-01,Gorakhpur,vR85cHdsw1w,,JSY,% JSY Incentive,36,0.5424063116370809,2,JSY,2024,498,45
Azamgarh Biliria Ganj,YpJFFqOo3Eh,p,2023-07-01,Azamgarh,NjckKfm3g0k,,JSY,% JSY Incentive,36,1.5278350515463917,2,JSY,2024,214,14
Ballia Pandah,F6ojCWU9pCH,p,2023-07-01,Ballia,oNDvGBE5fLq,,JSY,% JSY Incentive,36,0.10887096774193547,2,JSY,2024,604,5
Bhadurpur,Rhej6WFZaSI,p,2023-07-01,Basti,J1P16zQEOUT,,JSY,% JSY Incentive,36,0.7692307692307693,2,JSY,2024,721,71
Sant Ravidas Nagar Gyanpur,I13T5ZdIFEi,p,2023-07-01,Bhadohi,PeUY1vj02UQ,,JSY,% JSY Incentive,36,0.1248,2,JSY,2024,864,50
Baskhari,ABuWCL4zW6t,p,2023-07-01,Ambedkar Nagar,jM27ji8tyrM,,JSY,% JSY Incentive,36,0.6224066390041494,2,JSY,2024,504,8
Varanasi Harraua,YAHDIDrUMwP,p,2023-07-01,Varanasi,LeuBT7KfuuA,,JSY,% JSY Incentive,36,0.1225296442687747,2,JSY,2024,740,55
Nighasan,K3Wk4SSTOVC,p,2023-07-01,Lakhimpur Kheri,d9ZuMopgX29,,JSY,% JSY Incentive,36,0.0,2,JSY,2024,786,22
Shamli Kandhla,bJF2UI9uVXK,p,2023-07-01,Shamli,AdiUcz9BXhx,,JSY,% JSY Incentive,36,0.9074585635359116,2,JSY,2024,551,32
Hathras Sahpau,AcznJJtvLKq,p,2023-07-01,Hathras,m1IAjmqkoFC,,JSY,% JSY Incentive,36,0.2986111111111111,2,JSY,2024,887,48
Gosaiganj,qnglbY5alFS,p,2023-07-01,Lucknow,MfHac5N78aK,,JSY,% JSY Incentive,36,0.6564039408866995,2,JSY,2024,395,53
Sirsiya,rUTBm0fGdMX,p,2023-07-01,Shrawasti,oyTwneTbWDx,,JSY,% JSY Incentive,36,0.4186173108328797,2,JSY,2024,317,18
Jalapur,zvRpdDBNAj1,p,2023-07-01,Ambedkar Nagar,jM27ji8tyrM,,JSY,% JSY Incentive,36,0.36597938144329895,2,JSY,2024,370,8
Bulandshahar Pahasu,BFS0IOjIJM6,p,2023-07-01,Bulandshahar,ogBt4gWCiem,,JSY,% JSY Incentive,36,1.0889212827988335,2,JSY,2024,700,52
Chargawan,X2K6bByVLd2,p,2023-07-01,Gorakhpur,vR85cHdsw1w,,JSY,% JSY Incentive,36,0.0,2,JSY,2024,653,45
Azamgarh Tahebpur,cbIIWsiZRDy,p,2023-07-01,Azamgarh,NjckKfm3g0k,,JSY,% JSY Incentive,36,0.0,2,JSY,2024,717,14
Mahrajganj,FBVobg8QhyC,p,2023-07-01,Jaunpur,gmw76vAUMqz,,JSY,% JSY Incentive,36,1.0,2,JSY,2024,320,54
Unnav Purwa,RLKVIOQ3q6x,p,2023-07-01,Unnav,aT03mfdlNiF,,JSY,% JSY Incentive,36,0.8554421768707483,2,JSY,2024,385,7
Varanasi Chiraigoan,pzUMM4ITvbI,p,2023-07-01,Varanasi,LeuBT7KfuuA,,JSY,% JSY Incentive,36,0.10022779043280182,2,JSY,2024,678,55
Soraon,Gs9FnVq3FME,p,2023-07-01,Prayagraj,tXgaew1Pd2Y,,JSY,% JSY Incentive,36,0.0,2,JSY,2024,368,34
Mundapanday,FPqrFlrWiLm,p,2023-07-01,Moradabad,YQNQoPjAIpV,,JSY,% JSY Incentive,36,0.8998035363457759,2,JSY,2024,84,51
Azamgarh Tarwa,UqPfQ9syNvH,p,2023-07-01,Azamgarh,NjckKfm3g0k,,JSY,% JSY Incentive,36,0.4324009324009324,2,JSY,2024,409,14
Mainpuri Jagir,BkcbTCyupP9,p,2023-07-01,Mainpuri,XBLhrSWGytu,,JSY,% JSY Incentive,36,1.0,2,JSY,2024,642,43
Naroli,SedCcdeSesp,p,2023-07-01,Sambhal,YzHpzrN0eLv,,JSY,% JSY Incentive,36,0.4669494521032167,2,JSY,2024,166,13
Kanpur Dehat Melasa,QavHaYYE31I,p,2023-07-01,Kanpur Dehat,k3D0AumUCiC,,JSY,% JSY Incentive,36,0.766109785202864,2,JSY,2024,35,57
Pisawan,yubhT8MSy2O,p,2023-07-01,Sitapur,XxaOowFtkiJ,,JSY,% JSY Incentive,36,1.0,2,JSY,2024,173,60
Tulsipur,q6Maei9E55U,p,2023-07-01,Balrampur,uS0pNSxN3sS,,JSY,% JSY Incentive,36,0.2442002442002442,2,JSY,2024,151,72
Deoria Tarkulwa ,rz3th45E7Sa,p,2023-07-01,Deoria,Tf9b9qcbghH,,JSY,% JSY Incentive,36,0.8121387283236994,2,JSY,2024,583,19
Chirgaon,CNdl7yi4n8S,p,2023-07-01,Jhansi,Mq751wBMqGF,,JSY,% JSY Incentive,36,0.9548387096774194,2,JSY,2024,523,25
Gainsdasbujhurg,bwQadqgE3oJ,p,2023-07-01,Balrampur,uS0pNSxN3sS,,JSY,% JSY Incentive,36,0.19457013574660634,2,JSY,2024,315,72
Agra Bah,TNFp3ouQZzy,p,2023-07-01,Agra,N5WWbRtsjWp,,JSY,% JSY Incentive,36,0.6490727532097005,2,JSY,2024,499,12
Gajraula,F4PpXNqeUpP,p,2023-07-01,Amroha,hgquAmZaNBu,,JSY,% JSY Incentive,36,0.22003577817531306,2,JSY,2024,247,33
Bijnor Najibabad,c6v4wYwFFOK,p,2023-07-01,Bijnor,uCYjHW7FuGG,,JSY,% JSY Incentive,36,0.0,2,JSY,2024,622,15
Tondarpur,jvwEe3kpMPg,p,2023-07-01,Hardoi,MTIkUw5q5pX,,JSY,% JSY Incentive,36,1.2349869451697129,2,JSY,2024,73,64
Ghazipur Manihari,APE5J6eTM3s,p,2023-07-01,Ghazipur,dScWdMRN8PL,,JSY,% JSY Incentive,36,0.4863813229571984,2,JSY,2024,238,67
Gonda DHQ,dbHdyWgjMbk,p,2023-07-01,Gonda,y8WarEkWCul,,JSY,% JSY Incentive,36,0.7461773700305809,2,JSY,2024,302,2
Ghaziabad Loni,isevBbVYacc,p,2023-07-01,Ghaziabad,M5NHlfAaKYI,,JSY,% JSY Incentive,36,1.2007266121707538,2,JSY,2024,577,39
Hamirpur Muskura,Ye7mS631ryY,p,2023-07-01,Hamirpur,VSI7HobT5qL,,JSY,% JSY Incentive,36,0.0,2,JSY,2024,763,36
Lalitpur Talbehat,hByPwhy4hFw,p,2023-07-01,Lalitpur,fagfcadhxej,,JSY,% JSY Incentive,36,0.6491053677932406,2,JSY,2024,507,68
Thakurdwara,aO4ZhXYOBeK,p,2023-07-01,Moradabad,YQNQoPjAIpV,,JSY,% JSY Incentive,36,0.93158953722334,2,JSY,2024,744,51
Kakori,iK1PfQ9wLbz,p,2023-07-01,Lucknow,MfHac5N78aK,,JSY,% JSY Incentive,36,0.8327338129496403,2,JSY,2024,842,53
Brahmpur,P39P0iQKIWH,p,2023-07-01,Gorakhpur,vR85cHdsw1w,,JSY,% JSY Incentive,36,0.6559139784946236,2,JSY,2024,684,45
Bulandshahar Anoopshahr,rBDpTYpQ340,p,2023-07-01,Bulandshahar,ogBt4gWCiem,,JSY,% JSY Incentive,36,0.9376899696048632,2,JSY,2024,265,52
Milak,TLMPAZhmOLv,p,2023-07-01,Rampur,IU006h5U7jj,,JSY,% JSY Incentive,36,0.5525352848928384,2,JSY,2024,362,26
Bulandshahar Janhgirabad,VhF9wHMOsI2,p,2023-07-01,Bulandshahar,ogBt4gWCiem,,JSY,% JSY Incentive,36,0.0,2,JSY,2024,460,52
Meerut DHQ,yzzRWFcfXzt,p,2023-07-01,Meerut,v8YGmR7nOdj,,JSY,% JSY Incentive,36,0.34291115311909265,2,JSY,2024,275,30
Unnav Sikanderpur Sirausi,OC6qHC6pCm8,p,2023-07-01,Unnav,aT03mfdlNiF,,JSY,% JSY Incentive,36,0.9903846153846154,2,JSY,2024,330,7
Sirthu,HtBQrKnRi8A,p,2023-07-01,Kaushambi,PAj0oVY0Dxu,,JSY,% JSY Incentive,36,0.4282576866764276,2,JSY,2024,334,63
Kuadanda,fpNl2OeBSp3,p,2023-07-01,Bareilly,vVqY3DPcpHf,,JSY,% JSY Incentive,36,0.0,2,JSY,2024,213,56
Saharanpur Balliyakhare,qxErDQBKuLE,p,2023-07-01,Saharanpur,FKYZ3JbWq84,,JSY,% JSY Incentive,36,0.2865671641791045,2,JSY,2024,18,31
Hamirpur Kurara,JcfBKD9Fdaw,p,2023-07-01,Hamirpur,VSI7HobT5qL,,JSY,% JSY Incentive,36,0.0,2,JSY,2024,131,36
Azamgarh Sathiyaon,hjSHCmJGFAP,p,2023-07-01,Azamgarh,NjckKfm3g0k,,JSY,% JSY Incentive,36,0.7554347826086957,2,JSY,2024,619,14
Nakha,UbmM3fTe8D0,p,2023-07-01,Lakhimpur Kheri,d9ZuMopgX29,,JSY,% JSY Incentive,36,0.7309803921568627,2,JSY,2024,582,22
Ikauna,a5QF4ok7kUq,p,2023-07-01,Shrawasti,oyTwneTbWDx,,JSY,% JSY Incentive,36,0.9806763285024156,2,JSY,2024,688,18
Kunda,XnEGHve0wKr,p,2023-07-01,Pratapgarh,fz7bJo3egPX,,JSY,% JSY Incentive,36,0.4414039262343843,2,JSY,2024,136,3
Kanpur Nagar DHQ,NeyEJQ4zV6i,p,2023-07-01,Kanpur Nagar,QVMRMhzVrrS,,JSY,% JSY Incentive,36,0.17897162006492826,2,JSY,2024,6,65
Agra Pinhat,sGuuKBoA9Rh,p,2023-07-01,Agra,N5WWbRtsjWp,,JSY,% JSY Incentive,36,0.9671641791044776,2,JSY,2024,854,12
Bangra,W9mkfkYcPh8,p,2023-07-01,Jhansi,Mq751wBMqGF,,JSY,% JSY Incentive,36,0.9077490774907748,2,JSY,2024,33,25
Chamraua,zph89qUJBah,p,2023-07-01,Rampur,IU006h5U7jj,,JSY,% JSY Incentive,36,0.33503184713375794,2,JSY,2024,22,26
Hamirpur Gohand,SEb6dTDNGdm,p,2023-07-01,Hamirpur,VSI7HobT5qL,,JSY,% JSY Incentive,36,0.4558303886925795,2,JSY,2024,319,36
Vihar,klR8OoJpYaw,p,2023-07-01,Pratapgarh,fz7bJo3egPX,,JSY,% JSY Incentive,36,0.4358452138492872,2,JSY,2024,665,3
Manda,CGzm91g5LUD,p,2023-07-01,Prayagraj,tXgaew1Pd2Y,,JSY,% JSY Incentive,36,0.4255663430420712,2,JSY,2024,828,34
Miaoon,n0U0QMMNJZe,p,2023-07-01,Budaun,eA37kyBRRuZ,,JSY,% JSY Incentive,36,0.4839924670433145,2,JSY,2024,520,58
Jaspura,iD2sVe31G90,p,2023-07-01,Banda,DggJGxqbWHn,,JSY,% JSY Incentive,36,0.8706199460916442,2,JSY,2024,159,47
Kalan,gGoFUoVcUmI,p,2023-07-01,Shahjahanpur,GaiLSoQq1ue,,JSY,% JSY Incentive,36,0.9793340987370838,2,JSY,2024,113,28
Jalaun JALAUN,SmB8HLGFIyw,p,2023-07-01,Jalaun,NL5xiiHZQSC,,JSY,% JSY Incentive,36,0.7058823529411765,2,JSY,2024,360,4
Firozabad Madanpur,TEd7x916bEz,p,2023-07-01,Firozabad,eJTsuE56XDF,,JSY,% JSY Incentive,36,0.9534412955465588,2,JSY,2024,388,27
Jamalpur,Dga9ieikVr5,p,2023-07-01,Mirzapur,UAicdMLyuk4,,JSY,% JSY Incentive,36,0.0,2,JSY,2024,39,20
Kushinagar Kesya,JTRnaTY9yhN,p,2023-07-01,Kushinagar,xUeHwd9FQkg,,JSY,% JSY Incentive,36,0.0,2,JSY,2024,53,9
Amapur,ayWFJQ6ulBH,p,2023-07-01,Kasganj,hITp09XOBLZ,,JSY,% JSY Incentive,36,0.0,2,JSY,2024,726,70
Behjam,qoqWCWNVx1j,p,2023-07-01,Lakhimpur Kheri,d9ZuMopgX29,,JSY,% JSY Incentive,36,0.8154506437768241,2,JSY,2024,545,22
Azamgarh Thekma,QeJhMnDGzrC,p,2023-07-01,Azamgarh,NjckKfm3g0k,,JSY,% JSY Incentive,36,0.7805555555555556,2,JSY,2024,366,14
Pihani,lr3CfswaZMq,p,2023-07-01,Hardoi,MTIkUw5q5pX,,JSY,% JSY Incentive,36,0.0,2,JSY,2024,762,64
C S M Nagar Tiloi,vRgViyJ0IS6,p,2023-07-01,Amethi,StsLkYw1G0m,,JSY,% JSY Incentive,36,1.0037878787878791,2,JSY,2024,462,75
Agra Fatehpur Sikhri,tZd8rrGLhlU,p,2023-07-01,Agra,N5WWbRtsjWp,,JSY,% JSY Incentive,36,0.7875,2,JSY,2024,751,12
Reusa,W91p7yS5r9P,p,2023-07-01,Sitapur,XxaOowFtkiJ,,JSY,% JSY Incentive,36,0.09433962264150944,2,JSY,2024,443,60
Kara,UBoDZuuvpRs,p,2023-07-01,Kaushambi,PAj0oVY0Dxu,,JSY,% JSY Incentive,36,0.7303958177744585,2,JSY,2024,458,63
Baksha,UUtQaeoOtV1,p,2023-07-01,Jaunpur,gmw76vAUMqz,,JSY,% JSY Incentive,36,0.8187274909963985,2,JSY,2024,160,54
Mainpuri Kishni,yWnYeaWXCE1,p,2023-07-01,Mainpuri,XBLhrSWGytu,,JSY,% JSY Incentive,36,0.9902319902319904,2,JSY,2024,246,43
Azamgarh Momadpur,Yj3IUe7pBJn,p,2023-07-01,Azamgarh,NjckKfm3g0k,,JSY,% JSY Incentive,36,0.0,2,JSY,2024,798,14
Kannauj,w5PW1t5ovb8,p,2023-07-01,Kannauj,IhQbDYRiF8w,,JSY,% JSY Incentive,36,0.4618181818181818,2,JSY,2024,540,73
Gautam Buddha Nagar Jever,dnrD7zqEOQ2,p,2023-07-01,Gautam Buddha Nagar,bNmwkrQeP3e,,JSY,% JSY Incentive,36,0.8361408882082695,2,JSY,2024,753,35
Bisalpur,cCWLrzUi4yN,p,2023-07-01,Pilibhit,c96jwckSd6j,,JSY,% JSY Incentive,36,0.6057401812688822,2,JSY,2024,417,29
Dudhi,vqGMYi6W3ep,p,2023-07-01,Sonbhadra,NNk3JP90QZ5,,JSY,% JSY Incentive,36,0.2833052276559865,2,JSY,2024,650,74
Kanpur Dehat Serwenkheda,OnFJhLr5Af4,p,2023-07-01,Kanpur Dehat,k3D0AumUCiC,,JSY,% JSY Incentive,36,1.0516304347826086,2,JSY,2024,547,57
Jasra,vAlop9evcWY,p,2023-07-01,Prayagraj,tXgaew1Pd2Y,,JSY,% JSY Incentive,36,0.6619718309859155,2,JSY,2024,43,34
Rampur,MENKSvmhb6i,p,2023-07-01,Jaunpur,gmw76vAUMqz,,JSY,% JSY Incentive,36,0.8960176991150443,2,JSY,2024,881,54
Marhera,PS1fneX0UVV,p,2023-07-01,Etah,ZLcx4iOVyN5,,JSY,% JSY Incentive,36,0.0,2,JSY,2024,735,21
Deoria Goribazar,x6V2gbPDLjh,p,2023-07-01,Deoria,Tf9b9qcbghH,,JSY,% JSY Incentive,36,0.0,2,JSY,2024,816,19
Sandila,tZXCzgn6lut,p,2023-07-01,Hardoi,MTIkUw5q5pX,,JSY,% JSY Incentive,36,0.1325811001410437,2,JSY,2024,201,64
Akaberpur,HHlxYUknESU,p,2023-07-01,Ambedkar Nagar,jM27ji8tyrM,,JSY,% JSY Incentive,36,0.6760078662733531,2,JSY,2024,347,8
Sambhal,XW2FOqHQemu,p,2023-07-01,Sambhal,YzHpzrN0eLv,,JSY,% JSY Incentive,36,0.2940851299060254,2,JSY,2024,51,13
Lakhimpur DHQ,PDw9OZ2oKqK,p,2023-07-01,Lakhimpur Kheri,d9ZuMopgX29,,JSY,% JSY Incentive,36,0.7108433734939759,2,JSY,2024,177,22
Jalalabad,CJnQGhWTHo0,p,2023-07-01,Shahjahanpur,GaiLSoQq1ue,,JSY,% JSY Incentive,36,0.0,2,JSY,2024,70,28
Chaka,hty8pfH1ySe,p,2023-07-01,Prayagraj,tXgaew1Pd2Y,,JSY,% JSY Incentive,36,0.0,2,JSY,2024,376,34
Azamgarh Lalganj,CqNwKYL7iqH,p,2023-07-01,Azamgarh,NjckKfm3g0k,,JSY,% JSY Incentive,36,0.7212475633528265,2,JSY,2024,745,14
Muftiganj,sfvcD32u4kK,p,2023-07-01,Jaunpur,gmw76vAUMqz,,JSY,% JSY Incentive,36,1.0506329113924051,2,JSY,2024,94,54
Kemasin,FhvPjqLG12y,p,2023-07-01,Banda,DggJGxqbWHn,,JSY,% JSY Incentive,36,1.0171265461465269,2,JSY,2024,15,47
Gaura,b29DRuniQju,p,2023-07-01,Pratapgarh,fz7bJo3egPX,,JSY,% JSY Incentive,36,0.0,2,JSY,2024,626,3
Aligarh DHQ,Ae6KfBl84FW,p,2023-07-01,Aligarh,frD2HOp3wAs,,JSY,% JSY Incentive,36,0.4392905866302865,2,JSY,2024,793,44
Patara,u5oq1jMz6Kb,p,2023-07-01,Kanpur Nagar,QVMRMhzVrrS,,JSY,% JSY Incentive,36,1.4340175953079182,2,JSY,2024,810,65
Gugrapur,ZawkcSeJU8n,p,2023-07-01,Kannauj,IhQbDYRiF8w,,JSY,% JSY Incentive,36,0.6505747126436782,2,JSY,2024,158,73
Kalyanpur,laYVNN7jnnN,p,2023-07-01,Kanpur Nagar,QVMRMhzVrrS,,JSY,% JSY Incentive,36,0.5647181628392485,2,JSY,2024,189,65
Mishirikh,Gfmfuy8CQrI,p,2023-07-01,Sitapur,XxaOowFtkiJ,,JSY,% JSY Incentive,36,0.0,2,JSY,2024,901,60
Kanpur Dehat Rajpur,RCZZTOaqXrm,p,2023-07-01,Kanpur Dehat,k3D0AumUCiC,,JSY,% JSY Incentive,36,0.3594202898550725,2,JSY,2024,632,57
Unnav Nawabganj,ziD9Ib1XELX,p,2023-07-01,Unnav,aT03mfdlNiF,,JSY,% JSY Incentive,36,0.5703363914373089,2,JSY,2024,332,7
Hapur DHQ,Mt3m2kDHXcq,p,2023-07-01,Hapur,CZ8kLjgqvSH,,JSY,% JSY Incentive,36,0.009635974304068522,2,JSY,2024,93,46
Baghpat,q2bkBgTq2b1,p,2023-07-01,Bagpat,HJIS3IrQ0Nj,,JSY,% JSY Incentive,36,0.3851992409867173,2,JSY,2024,38,66
Tandiyanwa,DSmdrNpxWTp,p,2023-07-01,Hardoi,MTIkUw5q5pX,,JSY,% JSY Incentive,36,0.0,2,JSY,2024,790,64
Babina,jtzi71zh7X8,p,2023-07-01,Jhansi,Mq751wBMqGF,,JSY,% JSY Incentive,36,0.95136186770428,2,JSY,2024,522,25
Lambhua,O0G9BMkbU7f,p,2023-07-01,Sultanpur,o4ZQTVcMI7U,,JSY,% JSY Incentive,36,0.0,2,JSY,2024,649,40
Samrer,Wa8qn4d8H22,p,2023-07-01,Budaun,eA37kyBRRuZ,,JSY,% JSY Incentive,36,0.41793313069908816,2,JSY,2024,103,58
Dhani,m89LQqFOgTd,p,2023-07-01,Maharajganj,AcnMkNGgc3S,,JSY,% JSY Incentive,36,0.0,2,JSY,2024,670,10
Unnav Hasanganj,g9AzjVVJKJh,p,2023-07-01,Unnav,aT03mfdlNiF,,JSY,% JSY Incentive,36,0.7925925925925926,2,JSY,2024,172,7
Feranda,PgG4CRGzrlZ,p,2023-07-01,Maharajganj,AcnMkNGgc3S,,JSY,% JSY Incentive,36,0.8601583113456465,2,JSY,2024,845,10
Nichlol,WFDYOeK31Ef,p,2023-07-01,Maharajganj,AcnMkNGgc3S,,JSY,% JSY Incentive,36,0.5706488781079442,2,JSY,2024,119,10
Bijnor Nehtaur,rAeHXnn5JSw,p,2023-07-01,Bijnor,uCYjHW7FuGG,,JSY,% JSY Incentive,36,0.2829736211031175,2,JSY,2024,818,15
Varanasi Araji Lines,IyYYBHo9msY,p,2023-07-01,Varanasi,LeuBT7KfuuA,,JSY,% JSY Incentive,36,0.20351526364477326,2,JSY,2024,364,55
Agra Akola,iqYgALY5y5A,p,2023-07-01,Agra,N5WWbRtsjWp,,JSY,% JSY Incentive,36,0.6486486486486487,2,JSY,2024,47,12
Fatehpur Hathgam,OA8wf7skznm,p,2023-07-01,Fatehpur,ibLiLcaKzw2,,JSY,% JSY Incentive,36,0.8874734607218684,2,JSY,2024,521,16
Kothanwa,zR4FjrKQweN,p,2023-07-01,Hardoi,MTIkUw5q5pX,,JSY,% JSY Incentive,36,0.9584569732937686,2,JSY,2024,806,64
Meerut MAWANA,zoMU7oDZFvZ,p,2023-07-01,Meerut,v8YGmR7nOdj,,JSY,% JSY Incentive,36,0.9222797927461139,2,JSY,2024,509,30
Kushinagar DHQ,IiY5fP1UuFV,p,2023-07-01,Kushinagar,xUeHwd9FQkg,,JSY,% JSY Incentive,36,0.0,2,JSY,2024,536,9
Agra Fathehabad,vKblzOJTuGM,p,2023-07-01,Agra,N5WWbRtsjWp,,JSY,% JSY Incentive,36,0.1632047477744807,2,JSY,2024,895,12
Samsabad,istRPh0AKbM,p,2023-07-01,Farrukhabad,uEEwlAGZXWW,,JSY,% JSY Incentive,36,0.9258373205741628,2,JSY,2024,563,49
Shamli Shamli,QgLrwudkb0M,p,2023-07-01,Shamli,AdiUcz9BXhx,,JSY,% JSY Incentive,36,0.1837528135870677,2,JSY,2024,497,32
Khajni,i8SnEC5fIxD,p,2023-07-01,Gorakhpur,vR85cHdsw1w,,JSY,% JSY Incentive,36,0.0,2,JSY,2024,791,45
Aeliya,DPIQ2VWtvGl,p,2023-07-01,Sitapur,XxaOowFtkiJ,,JSY,% JSY Incentive,36,0.7845303867403315,2,JSY,2024,906,60
Shankargarh,omKjHTDECWY,p,2023-07-01,Prayagraj,tXgaew1Pd2Y,,JSY,% JSY Incentive,36,0.0,2,JSY,2024,434,34
Sondhi,EcaeGqA47MY,p,2023-07-01,Jaunpur,gmw76vAUMqz,,JSY,% JSY Incentive,36,0.6198630136986302,2,JSY,2024,270,54
Bijnor Seohara,X5WeRBwPtNl,p,2023-07-01,Bijnor,uCYjHW7FuGG,,JSY,% JSY Incentive,36,0.14355099838100374,2,JSY,2024,359,15
Rajgarh,fi3XI1IhyQO,p,2023-07-01,Mirzapur,UAicdMLyuk4,,JSY,% JSY Incentive,36,1.2441505595116988,2,JSY,2024,473,20
Bghouli,kvn8lGZHRgM,p,2023-07-01,Sant Kabir Nagar,fe1yBApr2sl,,JSY,% JSY Incentive,36,0.9969788519637462,2,JSY,2024,252,11
Rajapur ,nU3oS2SGD3b,p,2023-07-01,Farrukhabad,uEEwlAGZXWW,,JSY,% JSY Incentive,36,0.0,2,JSY,2024,841,49
Sant Ravidas Nagar Aurai,h1MfXB88qMN,p,2023-07-01,Bhadohi,PeUY1vj02UQ,,JSY,% JSY Incentive,36,0.31802325581395346,2,JSY,2024,596,50
Ambedkar Nagar  DHQ,dgOT0Nq7Zja,p,2023-07-01,Ambedkar Nagar,jM27ji8tyrM,,JSY,% JSY Incentive,36,0.0,2,JSY,2024,170,8
Badlapur,HU9Fxw66kJA,p,2023-07-01,Jaunpur,gmw76vAUMqz,,JSY,% JSY Incentive,36,0.7967599410898379,2,JSY,2024,227,54
Bulandshahar B.B.Nagar,cp2Je1Z1Zo6,p,2023-07-01,Bulandshahar,ogBt4gWCiem,,JSY,% JSY Incentive,36,0.9146005509641874,2,JSY,2024,607,52
Naothnawan,pK8QXOdmwvY,p,2023-07-01,Maharajganj,AcnMkNGgc3S,,JSY,% JSY Incentive,36,0.42461287693561534,2,JSY,2024,248,10
Saharanpur Nangal,TkRtB84gkNd,p,2023-07-01,Saharanpur,FKYZ3JbWq84,,JSY,% JSY Incentive,36,0.3981623277182236,2,JSY,2024,600,31
Bhathat,kzpItiarBRF,p,2023-07-01,Gorakhpur,vR85cHdsw1w,,JSY,% JSY Incentive,36,1.319569120287253,2,JSY,2024,899,45
Gautam Buddha Nagar Dankaur,FGqvmr1orP5,p,2023-07-01,Gautam Buddha Nagar,bNmwkrQeP3e,,JSY,% JSY Incentive,36,0.6457564575645757,2,JSY,2024,685,35
Jaitipur,l14UZLO07Q9,p,2023-07-01,Shahjahanpur,GaiLSoQq1ue,,JSY,% JSY Incentive,36,0.6371134020618556,2,JSY,2024,564,28
Ballia Garwar,jh6PK3SOcHL,p,2023-07-01,Ballia,oNDvGBE5fLq,,JSY,% JSY Incentive,36,0.7285714285714285,2,JSY,2024,570,5
Mehadawal,qEXJSGxJGJX,p,2023-07-01,Sant Kabir Nagar,fe1yBApr2sl,,JSY,% JSY Incentive,36,0.5485714285714286,2,JSY,2024,341,11
Shahbad,Bgu9MPGC8NW,p,2023-07-01,Rampur,IU006h5U7jj,,JSY,% JSY Incentive,36,0.4821179749187181,2,JSY,2024,618,26
Bijnor Afjialgarh,wwaYoRwSd1k,p,2023-07-01,Bijnor,uCYjHW7FuGG,,JSY,% JSY Incentive,36,0.8177257525083612,2,JSY,2024,219,15
Muzaffarnagar Casthawal,c0nWxLrugon,p,2023-07-01,Muzaffarnagar,MVQs2RrS1Nw,,JSY,% JSY Incentive,36,0.0,2,JSY,2024,343,17
Bakeganj,dCxTVCyf17s,p,2023-07-01,Lakhimpur Kheri,d9ZuMopgX29,,JSY,% JSY Incentive,36,0.0,2,JSY,2024,197,22
Rae Bareli Salon,Gr3MErPlauk,p,2023-07-01,Rae Bareli,lLvTDpBDY8u,,JSY,% JSY Incentive,36,0.9355797819623388,2,JSY,2024,115,59
Katehari,UKkd5HV5vPT,p,2023-07-01,Ambedkar Nagar,jM27ji8tyrM,,JSY,% JSY Incentive,36,0.4070058381984987,2,JSY,2024,897,8
Kushinagar Nabu Naurangia,vgRr0JIJR7M,p,2023-07-01,Kushinagar,xUeHwd9FQkg,,JSY,% JSY Incentive,36,0.0,2,JSY,2024,241,9
Auraiya Airwa Katra,JUDfktiXVjn,p,2023-07-01,Auraiya,Bd6E8zkVvVt,,JSY,% JSY Incentive,36,0.9585635359116024,2,JSY,2024,534,37
Hallia,dzvrdlSVdNw,p,2023-07-01,Mirzapur,UAicdMLyuk4,,JSY,% JSY Incentive,36,0.16936170212765958,2,JSY,2024,86,20
Mujhana,pgmL8MQQwKP,p,2023-07-01,Gonda,y8WarEkWCul,,JSY,% JSY Incentive,36,1.1150895140664965,2,JSY,2024,48,2
Bijnor Jalilpur,EdO6OYkMy4n,p,2023-07-01,Bijnor,uCYjHW7FuGG,,JSY,% JSY Incentive,36,0.12412831241283125,2,JSY,2024,572,15
Chaniya,P0KHYXl7qFF,p,2023-07-01,Chandauli,ClbehnmwSec,,JSY,% JSY Incentive,36,0.941944847605225,2,JSY,2024,224,61
Hardoi DHQ,kBVkJI1qaWb,p,2023-07-01,Hardoi,MTIkUw5q5pX,,JSY,% JSY Incentive,36,0.6403071814030719,2,JSY,2024,125,64
Karnjakala,bU9RuaPWXkH,p,2023-07-01,Jaunpur,gmw76vAUMqz,,JSY,% JSY Incentive,36,0.9925558312655088,2,JSY,2024,859,54
Saharanpur Nukkur,Il5dY2TsnrT,p,2023-07-01,Saharanpur,FKYZ3JbWq84,,JSY,% JSY Incentive,36,0.7854609929078015,2,JSY,2024,603,31
Maholi,KEc8Ha9MyTJ,p,2023-07-01,Sitapur,XxaOowFtkiJ,,JSY,% JSY Incentive,36,0.4783983140147524,2,JSY,2024,401,60
Sirkoni,nftiI8Ch1nw,p,2023-07-01,Jaunpur,gmw76vAUMqz,,JSY,% JSY Incentive,36,1.3507462686567164,2,JSY,2024,907,54
Jalaun Rampura,iQBAMBoxYul,p,2023-07-01,Jalaun,NL5xiiHZQSC,,JSY,% JSY Incentive,36,1.1117764471057885,2,JSY,2024,141,4
Chaprauli,koZRGrwQvrl,p,2023-07-01,Bagpat,HJIS3IrQ0Nj,,JSY,% JSY Incentive,36,0.3991097922848665,2,JSY,2024,822,66
Sirauli Gaus Pur,ZfE3mnPPu5Y,p,2023-07-01,Barabanki,tzH6nJu9SwS,,JSY,% JSY Incentive,36,0.2705035971223021,2,JSY,2024,641,41
Bhabni,dOCMMkuHb5N,p,2023-07-01,Sonbhadra,NNk3JP90QZ5,,JSY,% JSY Incentive,36,0.550098231827112,2,JSY,2024,342,74
Ghazipur Jamania,hepZfdzFqgL,p,2023-07-01,Ghazipur,dScWdMRN8PL,,JSY,% JSY Incentive,36,0.0,2,JSY,2024,783,67
Etawah Basrehar,JBG7yZn3ZhD,p,2023-07-01,Etawah,Pm0jLk6EAiE,,JSY,% JSY Incentive,36,0.9379982285208148,2,JSY,2024,258,62
Bilgram,TqhQTNCu0rW,p,2023-07-01,Hardoi,MTIkUw5q5pX,,JSY,% JSY Incentive,36,0.0,2,JSY,2024,894,64
Lalitpur Madawara,DQg8KWOYf9m,p,2023-07-01,Lalitpur,fagfcadhxej,,JSY,% JSY Incentive,36,0.8465909090909091,2,JSY,2024,530,68
Jalaun Dakor,V41lCBcSsRJ,p,2023-07-01,Jalaun,NL5xiiHZQSC,,JSY,% JSY Incentive,36,0.6612021857923497,2,JSY,2024,586,4
Lalitpur Bar,qMddUgnDzYX,p,2023-07-01,Lalitpur,fagfcadhxej,,JSY,% JSY Incentive,36,0.8084153983885407,2,JSY,2024,714,68
Kushinagar Tamkuhi,CApqqM6FvRV,p,2023-07-01,Kushinagar,xUeHwd9FQkg,,JSY,% JSY Incentive,36,0.13779264214046824,2,JSY,2024,269,9
Sahabad,NvR1ROHQCYV,p,2023-07-01,Hardoi,MTIkUw5q5pX,,JSY,% JSY Incentive,36,1.0343053173241852,2,JSY,2024,680,64
Pipraich,X9URGLOiulW,p,2023-07-01,Gorakhpur,vR85cHdsw1w,,JSY,% JSY Incentive,36,0.4671875,2,JSY,2024,278,45
Kone,zBM33fSxbqN,p,2023-07-01,Mirzapur,UAicdMLyuk4,,JSY,% JSY Incentive,36,0.0,2,JSY,2024,168,20
Kanpur Dehat Sandalpur,Bc5VrfyFJO4,p,2023-07-01,Kanpur Dehat,k3D0AumUCiC,,JSY,% JSY Incentive,36,0.8078947368421052,2,JSY,2024,266,57
Hadhermau,tob7bPRXBV3,p,2023-07-01,Gonda,y8WarEkWCul,,JSY,% JSY Incentive,36,0.4725609756097561,2,JSY,2024,87,2
Kushinagar Khadda,OHnlTAIgKxY,p,2023-07-01,Kushinagar,xUeHwd9FQkg,,JSY,% JSY Incentive,36,0.0,2,JSY,2024,251,9
Lalitpur Birdha,ilEX3iUSCkP,p,2023-07-01,Lalitpur,fagfcadhxej,,JSY,% JSY Incentive,36,0.8407350689127105,2,JSY,2024,660,68
Siddhaur,IdkC83lgdBj,p,2023-07-01,Barabanki,tzH6nJu9SwS,,JSY,% JSY Incentive,36,1.5054726368159204,2,JSY,2024,19,41
Chhanve,T5YmZQx2cme,p,2023-07-01,Mirzapur,UAicdMLyuk4,,JSY,% JSY Incentive,36,0.07089241034195162,2,JSY,2024,202,20
Agra DHQ,CUTzCqh1nRn,p,2023-07-01,Agra,N5WWbRtsjWp,,JSY,% JSY Incentive,36,0.0656552166248197,2,JSY,2024,555,12
Azamgarh Maharajganj,Wyo5sWkkK3V,p,2023-07-01,Azamgarh,NjckKfm3g0k,,JSY,% JSY Incentive,36,0.8495762711864406,2,JSY,2024,574,14
Behander,VoR9CT9z1Rx,p,2023-07-01,Hardoi,MTIkUw5q5pX,,JSY,% JSY Incentive,36,0.8463810930576071,2,JSY,2024,858,64
Rae Bareli Uchahar,tv4Qque6scf,p,2023-07-01,Rae Bareli,lLvTDpBDY8u,,JSY,% JSY Incentive,36,0.6946428571428571,2,JSY,2024,50,59
Bada Gaon,l7op2G8Asvm,p,2023-07-01,Jhansi,Mq751wBMqGF,,JSY,% JSY Incentive,36,0.9646739130434784,2,JSY,2024,225,25
Karchhana,INQHpWL0ZBk,p,2023-07-01,Prayagraj,tXgaew1Pd2Y,,JSY,% JSY Incentive,36,0.4398826979472141,2,JSY,2024,505,34
Joya,ouPBHlLzBAu,p,2023-07-01,Amroha,hgquAmZaNBu,,JSY,% JSY Incentive,36,0.2636103151862464,2,JSY,2024,26,33
Tilhar,o9TtE34iDMB,p,2023-07-01,Shahjahanpur,GaiLSoQq1ue,,JSY,% JSY Incentive,36,0.9736526946107784,2,JSY,2024,287,28
Banda,tjhsboDAHva,p,2023-07-01,Shahjahanpur,GaiLSoQq1ue,,JSY,% JSY Incentive,36,0.8593155893536122,2,JSY,2024,323,28
Sersoul,o9odKTTIYVk,p,2023-07-01,Kanpur Nagar,QVMRMhzVrrS,,JSY,% JSY Incentive,36,0.3620689655172414,2,JSY,2024,288,65
Wajeerganj,Yzv8XKcvFMn,p,2023-07-01,Gonda,y8WarEkWCul,,JSY,% JSY Incentive,36,0.0,2,JSY,2024,5,2
Fatehpur Asthar,niYGeZzm6Zu,p,2023-07-01,Fatehpur,ibLiLcaKzw2,,JSY,% JSY Incentive,36,0.6261682242990654,2,JSY,2024,799,16
Itawa,B0QTEnRTAZg,p,2023-07-01,Siddharth Nagar,cP0p8qfm3il,,JSY,% JSY Incentive,36,0.7473684210526316,2,JSY,2024,672,1
Tejwapur,QTCGfCQMXd3,p,2023-07-01,Bahraich,iE0E3nLioFr,,JSY,% JSY Incentive,36,0.32395209580838324,2,JSY,2024,705,23
Ballia Reoti,ZEh2syBgHks,p,2023-07-01,Ballia,oNDvGBE5fLq,,JSY,% JSY Incentive,36,0.7110091743119266,2,JSY,2024,89,5
Aliganj,uHgTlwfqKI8,p,2023-07-01,Etah,ZLcx4iOVyN5,,JSY,% JSY Incentive,36,0.5964757709251102,2,JSY,2024,109,21
Unnav Bighapur,SvNkFaLvfio,p,2023-07-01,Unnav,aT03mfdlNiF,,JSY,% JSY Incentive,36,0.8262108262108262,2,JSY,2024,45,7
Goura,omXlDQQZhm0,p,2023-07-01,Basti,J1P16zQEOUT,,JSY,% JSY Incentive,36,0.5851955307262571,2,JSY,2024,318,71
Kabari,GfFQEUX1ZYy,p,2023-07-01,Mahoba,sUQMxIc3yXj,,JSY,% JSY Incentive,36,0.6524475524475525,2,JSY,2024,846,42
Gautam Buddha Nagar Bisrakh,y9wSctfMKAu,p,2023-07-01,Gautam Buddha Nagar,bNmwkrQeP3e,,JSY,% JSY Incentive,36,0.4307692307692308,2,JSY,2024,190,35
Mihipurwa,jo7VYHdzhDi,p,2023-07-01,Bahraich,iE0E3nLioFr,,JSY,% JSY Incentive,36,0.0,2,JSY,2024,709,23
Gagiri,S842tHqLUI1,p,2023-07-01,Aligarh,frD2HOp3wAs,,JSY,% JSY Incentive,36,0.5748462064251538,2,JSY,2024,464,44
Fatehpur Deomai,Cge552Satby,p,2023-07-01,Fatehpur,ibLiLcaKzw2,,JSY,% JSY Incentive,36,0.9729381443298968,2,JSY,2024,423,16
Saidnagar,Afucmep9Fdq,p,2023-07-01,Rampur,IU006h5U7jj,,JSY,% JSY Incentive,36,0.012216404886561954,2,JSY,2024,742,26
Etawah Mahewa,g6QRDUGvU6j,p,2023-07-01,Etawah,Pm0jLk6EAiE,,JSY,% JSY Incentive,36,0.9356783919597992,2,JSY,2024,584,62
Kumbhi,lbRa62r2r1d,p,2023-07-01,Lakhimpur Kheri,d9ZuMopgX29,,JSY,% JSY Incentive,36,0.6486825595984943,2,JSY,2024,397,22
Bulandshahar Arniya,BWEaFP6tBWO,p,2023-07-01,Bulandshahar,ogBt4gWCiem,,JSY,% JSY Incentive,36,0.37965260545905705,2,JSY,2024,154,52
Mithora,YhzzNFiy1cg,p,2023-07-01,Maharajganj,AcnMkNGgc3S,,JSY,% JSY Incentive,36,0.9812067260138476,2,JSY,2024,615,10
C S M Nagar Jagdishpur,btuo0MWP5ET,p,2023-07-01,Amethi,StsLkYw1G0m,,JSY,% JSY Incentive,36,0.5867158671586716,2,JSY,2024,309,75
Jalaun Madhougarh,GGmtoqpI9Je,p,2023-07-01,Jalaun,NL5xiiHZQSC,,JSY,% JSY Incentive,36,0.9166666666666666,2,JSY,2024,180,4
Muzaffarnagar Purkaji,kE3pd8aET6C,p,2023-07-01,Muzaffarnagar,MVQs2RrS1Nw,,JSY,% JSY Incentive,36,0.6692546583850931,2,JSY,2024,531,17
Dharmapur,K2hjVgS0LFm,p,2023-07-01,Jaunpur,gmw76vAUMqz,,JSY,% JSY Incentive,36,0.9800664451827242,2,JSY,2024,345,54
C S M Nagar Bhetua,J7htJUPglZb,p,2023-07-01,Amethi,StsLkYw1G0m,,JSY,% JSY Incentive,36,1.0,2,JSY,2024,429,75
Bhawalkheda,FHp906GIA29,p,2023-07-01,Shahjahanpur,GaiLSoQq1ue,,JSY,% JSY Incentive,36,0.4617224880382775,2,JSY,2024,17,28
Bhadaiyan,vXwJYqDZIzf,p,2023-07-01,Sultanpur,o4ZQTVcMI7U,,JSY,% JSY Incentive,36,0.6621004566210046,2,JSY,2024,279,40
Azamgarh DHQ,MVd5w4juglR,p,2023-07-01,Azamgarh,NjckKfm3g0k,,JSY,% JSY Incentive,36,0.1868386243386244,2,JSY,2024,357,14
Kerakat,joT95cJHrTQ,p,2023-07-01,Jaunpur,gmw76vAUMqz,,JSY,% JSY Incentive,36,0.9107505070993914,2,JSY,2024,56,54
Ravertganj,Hz4rBdA4kWR,p,2023-07-01,Sonbhadra,NNk3JP90QZ5,,JSY,% JSY Incentive,36,0.3000652315720809,2,JSY,2024,576,74
Hathras Hasayan,TY8SzPsUCPQ,p,2023-07-01,Hathras,m1IAjmqkoFC,,JSY,% JSY Incentive,36,0.2471111111111111,2,JSY,2024,355,48
Badoukher Khurd,EFUeXhmIy8J,p,2023-07-01,Banda,DggJGxqbWHn,,JSY,% JSY Incentive,36,0.4667949951876805,2,JSY,2024,293,47
Nawabganj Gonda,FMAaW4X6ueM,p,2023-07-01,Gonda,y8WarEkWCul,,JSY,% JSY Incentive,36,0.11878453038674032,2,JSY,2024,716,2
Mohamdi Kheri,SiLZVlguB9v,p,2023-07-01,Lakhimpur Kheri,d9ZuMopgX29,,JSY,% JSY Incentive,36,0.7129707112970711,2,JSY,2024,165,22
Gondlamau,HWAP9AgN3Ym,p,2023-07-01,Sitapur,XxaOowFtkiJ,,JSY,% JSY Incentive,36,0.5943396226415094,2,JSY,2024,542,60
Kanpur Dehat Miatha,qt0Ra0vMorS,p,2023-07-01,Kanpur Dehat,k3D0AumUCiC,,JSY,% JSY Incentive,36,0.6229508196721312,2,JSY,2024,888,57
Gursaria,h9b0ymhftGb,p,2023-07-01,Jhansi,Mq751wBMqGF,,JSY,% JSY Incentive,36,0.9501557632398754,2,JSY,2024,326,25
Chopen,rqYozNDUgyg,p,2023-07-01,Sonbhadra,NNk3JP90QZ5,,JSY,% JSY Incentive,36,0.7057220708446866,2,JSY,2024,194,74
Keaserganj,RXv1GaQ6IyV,p,2023-07-01,Bahraich,iE0E3nLioFr,,JSY,% JSY Incentive,36,0.7294117647058823,2,JSY,2024,274,23
Banikoder,sCFJS0l4C5z,p,2023-07-01,Barabanki,tzH6nJu9SwS,,JSY,% JSY Incentive,36,0.6372549019607843,2,JSY,2024,10,41
Ramnagar Chitrakoot,QRMxe3qUWkI,p,2023-07-01,Chitrakoot,i2fSZZ3QAJJ,,JSY,% JSY Incentive,36,0.7774798927613941,2,JSY,2024,331,38
Dalelnagar,G7D5lGOMxxz,p,2023-07-01,Bareilly,vVqY3DPcpHf,,JSY,% JSY Incentive,36,0.5510204081632653,2,JSY,2024,245,56
Maunathbhanjan Pardha,la9bHITzK55,p,2023-07-01,Maunathbhanjan,CBSB9v92AwT,,JSY,% JSY Incentive,36,0.8943089430894309,2,JSY,2024,681,6
Dhanpatganj,LNiRZH5vfaY,p,2023-07-01,Sultanpur,o4ZQTVcMI7U,,JSY,% JSY Incentive,36,0.0,2,JSY,2024,787,40
Fatehpur DHQ,HHTQ2caXrBL,p,2023-07-01,Fatehpur,ibLiLcaKzw2,,JSY,% JSY Incentive,36,0.2247159878082572,2,JSY,2024,625,16
Shivrajpur,krPd5gR8BjY,p,2023-07-01,Kanpur Nagar,QVMRMhzVrrS,,JSY,% JSY Incentive,36,0.9135802469135802,2,JSY,2024,220,65
Khair,AN2dWDiHkBb,p,2023-07-01,Aligarh,frD2HOp3wAs,,JSY,% JSY Incentive,36,0.5883748517200474,2,JSY,2024,68,44
Fatehpur Bhittora,w25YwsZC9ZT,p,2023-07-01,Fatehpur,ibLiLcaKzw2,,JSY,% JSY Incentive,36,1.0921052631578947,2,JSY,2024,1,16
Manikpur,lNpqSHtjFu3,p,2023-07-01,Chitrakoot,i2fSZZ3QAJJ,,JSY,% JSY Incentive,36,0.7933789954337901,2,JSY,2024,349,38
Etawah Badpura,DQKs9hxWhSr,p,2023-07-01,Etawah,Pm0jLk6EAiE,,JSY,% JSY Incentive,36,0.5384615384615384,2,JSY,2024,508,62
Agra Barauli Ahir,PskcWzXXxHt,p,2023-07-01,Agra,N5WWbRtsjWp,,JSY,% JSY Incentive,36,0.5635775862068966,2,JSY,2024,644,12
Bijnor  DHQ  ,pE27TXbzXZ5,p,2023-07-01,Bijnor,uCYjHW7FuGG,,JSY,% JSY Incentive,36,0.21326345494859908,2,JSY,2024,496,15
Bagpat DHQ,kaWQCx3sgxl,p,2023-07-01,Bagpat,HJIS3IrQ0Nj,,JSY,% JSY Incentive,36,0.9444444444444444,2,JSY,2024,176,66
Dhanaura,KocU1z4MS42,p,2023-07-01,Amroha,hgquAmZaNBu,,JSY,% JSY Incentive,36,0.17773788150807898,2,JSY,2024,30,33
Lalitpur Mahroni,hSxXTcaWSE8,p,2023-07-01,Lalitpur,fagfcadhxej,,JSY,% JSY Incentive,36,0.7937158469945356,2,JSY,2024,377,68
Akhandnagar,bUb6dbgNp7o,p,2023-07-01,Sultanpur,o4ZQTVcMI7U,,JSY,% JSY Incentive,36,1.0,2,JSY,2024,485,40
Bijnor Kiratpur,rzAzyO3UWpL,p,2023-07-01,Bijnor,uCYjHW7FuGG,,JSY,% JSY Incentive,36,0.3813169984686065,2,JSY,2024,623,15
Partawal,rslNb3Z3IB9,p,2023-07-01,Maharajganj,AcnMkNGgc3S,,JSY,% JSY Incentive,36,0.6725082146768894,2,JSY,2024,192,10
Mathura Nandganv,RiVugbfNzS2,p,2023-07-01,Mathura,KP2BUB1npih,,JSY,% JSY Incentive,36,0.4591836734693878,2,JSY,2024,23,24
Huzoorpur,CjshmDK5t8E,p,2023-07-01,Bahraich,iE0E3nLioFr,,JSY,% JSY Incentive,36,0.29706601466992666,2,JSY,2024,412,23
Mathura Chaumuha,sbVBq9HPEgp,p,2023-07-01,Mathura,KP2BUB1npih,,JSY,% JSY Incentive,36,1.0,2,JSY,2024,553,24
Kakwan,fPJnAq2xoTU,p,2023-07-01,Kanpur Nagar,QVMRMhzVrrS,,JSY,% JSY Incentive,36,0.956,2,JSY,2024,514,65
Hamirpur Moudha,dDqSL7Hp2TV,p,2023-07-01,Hamirpur,VSI7HobT5qL,,JSY,% JSY Incentive,36,0.647887323943662,2,JSY,2024,262,36
Bulandshahar Khurja,a5WBFfhetVT,p,2023-07-01,Bulandshahar,ogBt4gWCiem,,JSY,% JSY Incentive,36,0.0,2,JSY,2024,595,52
Mirganj,gfXniA8E2yB,p,2023-07-01,Bareilly,vVqY3DPcpHf,,JSY,% JSY Incentive,36,0.9639389736477116,2,JSY,2024,284,56
Vikramjot,r1D91q65KwQ,p,2023-07-01,Basti,J1P16zQEOUT,,JSY,% JSY Incentive,36,0.9972451790633609,2,JSY,2024,198,71
Firozabad Hathwant,ipancoUtUKq,p,2023-07-01,Firozabad,eJTsuE56XDF,,JSY,% JSY Incentive,36,0.7048872180451128,2,JSY,2024,419,27
Sidhpura,DCamfBCJMSi,p,2023-07-01,Kasganj,hITp09XOBLZ,,JSY,% JSY Incentive,36,0.6760355029585798,2,JSY,2024,100,70
Harington Ganj,XEfvLa6Zzxn,p,2023-07-01,Ayodhya,b4XkXzoGqFY,,JSY,% JSY Incentive,36,0.699228791773779,2,JSY,2024,761,69
Jalaun Mahewa,IG6BUMkoNfw,p,2023-07-01,Jalaun,NL5xiiHZQSC,,JSY,% JSY Incentive,36,0.3992094861660079,2,JSY,2024,139,4
Dhaulana,IywKKXqWKqi,p,2023-07-01,Hapur,CZ8kLjgqvSH,,JSY,% JSY Incentive,36,0.7937608318890814,2,JSY,2024,830,46
Firozabad Araon,njhb7CY73zh,p,2023-07-01,Firozabad,eJTsuE56XDF,,JSY,% JSY Incentive,36,0.4810810810810811,2,JSY,2024,788,27
Sridattganj,n9AVoLqOsfk,p,2023-07-01,Balrampur,uS0pNSxN3sS,,JSY,% JSY Incentive,36,0.4963609898107715,2,JSY,2024,839,72
Bulandshahar Shikarpur,a3X4KgFjlsz,p,2023-07-01,Bulandshahar,ogBt4gWCiem,,JSY,% JSY Incentive,36,0.9635036496350364,2,JSY,2024,890,52
Bulandshahar Gulaothi,FXjd8I3tis1,p,2023-07-01,Bulandshahar,ogBt4gWCiem,,JSY,% JSY Incentive,36,0.22123893805309736,2,JSY,2024,410,52
Bheetargaon,prVsNzGqemV,p,2023-07-01,Kanpur Nagar,QVMRMhzVrrS,,JSY,% JSY Incentive,36,0.9450354609929078,2,JSY,2024,829,65
Madnapur,Siyf9v1S9St,p,2023-07-01,Shahjahanpur,GaiLSoQq1ue,,JSY,% JSY Incentive,36,0.8907766990291263,2,JSY,2024,240,28
Muzaffarnagar Khthauli,e6v2BeJjdF0,p,2023-07-01,Muzaffarnagar,MVQs2RrS1Nw,,JSY,% JSY Incentive,36,0.7198660714285714,2,JSY,2024,769,17
Agra Sainya,mqJOhnNW2ce,p,2023-07-01,Agra,N5WWbRtsjWp,,JSY,% JSY Incentive,36,0.9853658536585366,2,JSY,2024,394,12
Shamli Unn,hYGI5A3Mq94,p,2023-07-01,Shamli,AdiUcz9BXhx,,JSY,% JSY Incentive,36,0.556203164029975,2,JSY,2024,339,32
Fatehpur Dhata,w0PTR0Qc2H7,p,2023-07-01,Fatehpur,ibLiLcaKzw2,,JSY,% JSY Incentive,36,0.0,2,JSY,2024,439,16
Kaushambi DHQ,qaNCPibFPR2,p,2023-07-01,Kaushambi,PAj0oVY0Dxu,,JSY,% JSY Incentive,36,0.0,2,JSY,2024,878,63
Hreaiya,QB1bWVUZvNY,p,2023-07-01,Basti,J1P16zQEOUT,,JSY,% JSY Incentive,36,0.9652014652014652,2,JSY,2024,886,71
Sahawar,KjLfuqjRVec,p,2023-07-01,Kasganj,hITp09XOBLZ,,JSY,% JSY Incentive,36,0.9802414928649836,2,JSY,2024,416,70
Lotan,rvgyhTDiBPh,p,2023-07-01,Siddharth Nagar,cP0p8qfm3il,,JSY,% JSY Incentive,36,0.0,2,JSY,2024,669,1
Chandaus,oV5iZQFUzGo,p,2023-07-01,Aligarh,frD2HOp3wAs,,JSY,% JSY Incentive,36,0.8051209103840683,2,JSY,2024,466,44
Farrukhabad  DHQ,pAJMw6V9F29,p,2023-07-01,Farrukhabad,uEEwlAGZXWW,,JSY,% JSY Incentive,36,0.32879490150637314,2,JSY,2024,636,49
Hamirpur Nauranga,F4fL0v4ObFM,p,2023-07-01,Hamirpur,VSI7HobT5qL,,JSY,% JSY Incentive,36,0.6863636363636364,2,JSY,2024,234,36
Gola,KV5wZ2pPQe1,p,2023-07-01,Gorakhpur,vR85cHdsw1w,,JSY,% JSY Incentive,36,0.4002911208151383,2,JSY,2024,775,45
Rae Bareli Setawan,E6hdzl0I5tt,p,2023-07-01,Rae Bareli,lLvTDpBDY8u,,JSY,% JSY Incentive,36,0.9533898305084746,2,JSY,2024,72,59
Varanasi Badagoan,J2vP2MAp32p,p,2023-07-01,Varanasi,LeuBT7KfuuA,,JSY,% JSY Incentive,36,0.4856486796785304,2,JSY,2024,699,55
Tappal,ARlYpTrc811,p,2023-07-01,Aligarh,frD2HOp3wAs,,JSY,% JSY Incentive,36,0.9038737446197992,2,JSY,2024,579,44
Hamirpur Sumerpur,q73Py9jt80A,p,2023-07-01,Hamirpur,VSI7HobT5qL,,JSY,% JSY Incentive,36,0.0,2,JSY,2024,905,36
Jalaun Kadaura,aoQgD2b6JtI,p,2023-07-01,Jalaun,NL5xiiHZQSC,,JSY,% JSY Incentive,36,0.8003629764065335,2,JSY,2024,500,4
Prayagraj DHQ,engUwg3VX3b,p,2023-07-01,Prayagraj,tXgaew1Pd2Y,,JSY,% JSY Incentive,36,0.1973829708809436,2,JSY,2024,675,34
Maunathbhanjan Mohmmada Bad,rLdutISw29n,p,2023-07-01,Maunathbhanjan,CBSB9v92AwT,,JSY,% JSY Incentive,36,0.0,2,JSY,2024,58,6
Kushinagar Fajilnagar,B3CnhXWWije,p,2023-07-01,Kushinagar,xUeHwd9FQkg,,JSY,% JSY Incentive,36,0.4332155477031802,2,JSY,2024,734,9
Phulpur,uiUVlKvhhxF,p,2023-07-01,Prayagraj,tXgaew1Pd2Y,,JSY,% JSY Incentive,36,0.7488954344624448,2,JSY,2024,646,34
Sakran,zghTOXwIiKT,p,2023-07-01,Sitapur,XxaOowFtkiJ,,JSY,% JSY Incentive,36,0.0,2,JSY,2024,471,60
Machrehta,eiVpF4VfZGS,p,2023-07-01,Sitapur,XxaOowFtkiJ,,JSY,% JSY Incentive,36,1.208523592085236,2,JSY,2024,698,60
Amaria,uIkxxtBPd1K,p,2023-07-01,Pilibhit,c96jwckSd6j,,JSY,% JSY Incentive,36,0.3758434547908232,2,JSY,2024,97,29
Tarun,t25KkXmkJth,p,2023-07-01,Ayodhya,b4XkXzoGqFY,,JSY,% JSY Incentive,36,0.3728222996515679,2,JSY,2024,647,69
Unnav Ganj Moardabad,RzW4W8GzuhH,p,2023-07-01,Unnav,aT03mfdlNiF,,JSY,% JSY Incentive,36,1.524590163934426,2,JSY,2024,495,7
Swar,nwSfqFHkPxa,p,2023-07-01,Rampur,IU006h5U7jj,,JSY,% JSY Incentive,36,0.0,2,JSY,2024,195,26
Jaithra,mK3aOsGURLr,p,2023-07-01,Etah,ZLcx4iOVyN5,,JSY,% JSY Incentive,36,0.9974651457541192,2,JSY,2024,356,21
Kohandaur,es3YNWUdqOh,p,2023-07-01,Pratapgarh,fz7bJo3egPX,,JSY,% JSY Incentive,36,0.8457711442786071,2,JSY,2024,543,3
Khudaganj,Y5b8fuW0nqo,p,2023-07-01,Shahjahanpur,GaiLSoQq1ue,,JSY,% JSY Incentive,36,0.9347826086956522,2,JSY,2024,826,28
Kushinagar Dudhai,xm14yPwUttg,p,2023-07-01,Kushinagar,xUeHwd9FQkg,,JSY,% JSY Incentive,36,0.0,2,JSY,2024,63,9
Amaniganj,pYWjwOoijbJ,p,2023-07-01,Ayodhya,b4XkXzoGqFY,,JSY,% JSY Incentive,36,0.9284467713787086,2,JSY,2024,898,69
Kasganj DHQ,UuNK1H4MurF,p,2023-07-01,Kasganj,hITp09XOBLZ,,JSY,% JSY Incentive,36,0.7781456953642384,2,JSY,2024,455,70
Dewa,LsCBHm1wj5S,p,2023-07-01,Barabanki,tzH6nJu9SwS,,JSY,% JSY Incentive,36,1.3739237392373924,2,JSY,2024,728,41
Amroha DHQ,Ygt5E2MGGWd,p,2023-07-01,Amroha,hgquAmZaNBu,,JSY,% JSY Incentive,36,0.0,2,JSY,2024,179,33
Kaundhiyara,UBw5aJTPmZ3,p,2023-07-01,Prayagraj,tXgaew1Pd2Y,,JSY,% JSY Incentive,36,0.7959999999999999,2,JSY,2024,581,34
Auraiya Auriya,baHOn9wfzJ1,p,2023-07-01,Auraiya,Bd6E8zkVvVt,,JSY,% JSY Incentive,36,0.0,2,JSY,2024,900,37
Bhamora,HZQTgHfOykd,p,2023-07-01,Bareilly,vVqY3DPcpHf,,JSY,% JSY Incentive,36,0.2640750670241287,2,JSY,2024,639,56
Lalaurikhera,BwBmhT0ClWR,p,2023-07-01,Pilibhit,c96jwckSd6j,,JSY,% JSY Incentive,36,0.13786764705882354,2,JSY,2024,549,29
Maharajganj,d5GGshi37vh,p,2023-07-01,Maharajganj,AcnMkNGgc3S,,JSY,% JSY Incentive,36,0.5163727959697733,2,JSY,2024,696,10
Hathras Sasni,Sy6tfTi18KA,p,2023-07-01,Hathras,m1IAjmqkoFC,,JSY,% JSY Incentive,36,0.4987794955248169,2,JSY,2024,694,48
Ballia Maniyar,eFwNuT9zZod,p,2023-07-01,Ballia,oNDvGBE5fLq,,JSY,% JSY Incentive,36,0.0,2,JSY,2024,348,5
Sikhar,moqnzHZCfQg,p,2023-07-01,Mirzapur,UAicdMLyuk4,,JSY,% JSY Incentive,36,0.0,2,JSY,2024,802,20
Ghazipur Jakahania,NbXqavwiDug,p,2023-07-01,Ghazipur,dScWdMRN8PL,,JSY,% JSY Incentive,36,0.43506493506493504,2,JSY,2024,610,67
Ghaziabad Rjapur,Ne0VFmnLotb,p,2023-07-01,Ghaziabad,M5NHlfAaKYI,,JSY,% JSY Incentive,36,1.0325318246110324,2,JSY,2024,863,39
Mankapur,yRVebIQF3pX,p,2023-07-01,Gonda,y8WarEkWCul,,JSY,% JSY Incentive,36,0.5849056603773585,2,JSY,2024,820,2
Lalganj Mirzapur,udEnBPS78Sf,p,2023-07-01,Mirzapur,UAicdMLyuk4,,JSY,% JSY Incentive,36,0.8708609271523179,2,JSY,2024,152,20
Balha,ww1Qb6eAFFD,p,2023-07-01,Bahraich,iE0E3nLioFr,,JSY,% JSY Incentive,36,0.0,2,JSY,2024,795,23
Ghazipur Birona,zv6Gc6aGnXd,p,2023-07-01,Ghazipur,dScWdMRN8PL,,JSY,% JSY Incentive,36,0.18760757314974186,2,JSY,2024,710,67
Malanwan,L7LEJCs3NnM,p,2023-07-01,Hardoi,MTIkUw5q5pX,,JSY,% JSY Incentive,36,0.9971870604781996,2,JSY,2024,722,64
Ghazipur Kasimabad,oJK3Sqdic6n,p,2023-07-01,Ghazipur,dScWdMRN8PL,,JSY,% JSY Incentive,36,0.16326530612244894,2,JSY,2024,20,67
Agra Achnera,eV15qufBx79,p,2023-07-01,Agra,N5WWbRtsjWp,,JSY,% JSY Incentive,36,0.6576271186440678,2,JSY,2024,755,12
Kanpur Dehat Amrodha,cIW3SsdBXzj,p,2023-07-01,Kanpur Dehat,k3D0AumUCiC,,JSY,% JSY Incentive,36,0.5492537313432836,2,JSY,2024,147,57
Muzaffarnagar Budana,gh2z6ozRHvl,p,2023-07-01,Muzaffarnagar,MVQs2RrS1Nw,,JSY,% JSY Incentive,36,0.9030470914127424,2,JSY,2024,263,17
Etawah Bherthna,xraYmPK0pc5,p,2023-07-01,Etawah,Pm0jLk6EAiE,,JSY,% JSY Incentive,36,0.4834337349397591,2,JSY,2024,186,62
Puradali,ctD8xxTsymJ,p,2023-07-01,Barabanki,tzH6nJu9SwS,,JSY,% JSY Incentive,36,0.7241379310344828,2,JSY,2024,171,41
Barsathi,CqlV6Koe6vJ,p,2023-07-01,Jaunpur,gmw76vAUMqz,,JSY,% JSY Incentive,36,0.9098143236074272,2,JSY,2024,31,54
Rae Bareli Lalganj,sd2I8M3xhLQ,p,2023-07-01,Rae Bareli,lLvTDpBDY8u,,JSY,% JSY Incentive,36,0.8994307400379506,2,JSY,2024,634,59
Shahjahanpur DHQ,jc5MqfKVzRH,p,2023-07-01,Shahjahanpur,GaiLSoQq1ue,,JSY,% JSY Incentive,36,0.17968463513017968,2,JSY,2024,661,28
Firozabad Narkhi,GcLGdTGiU8M,p,2023-07-01,Firozabad,eJTsuE56XDF,,JSY,% JSY Incentive,36,0.7102425876010782,2,JSY,2024,794,27
Mauranipur,cmHMhMayFWq,p,2023-07-01,Jhansi,Mq751wBMqGF,,JSY,% JSY Incentive,36,0.9769230769230768,2,JSY,2024,720,25
Bijnor Noorpur,aHuzZgGIslk,p,2023-07-01,Bijnor,uCYjHW7FuGG,,JSY,% JSY Incentive,36,0.029761904761904764,2,JSY,2024,14,15
Nawabganj ,s5vWj2I9NyF,p,2023-07-01,Farrukhabad,uEEwlAGZXWW,,JSY,% JSY Incentive,36,0.9423459244532804,2,JSY,2024,718,49
Belsar,KTP3RqHdGlM,p,2023-07-01,Gonda,y8WarEkWCul,,JSY,% JSY Incentive,36,0.0012406947890818859,2,JSY,2024,479,2
Mandhata,ZjQLMtbMM7E,p,2023-07-01,Pratapgarh,fz7bJo3egPX,,JSY,% JSY Incentive,36,0.5276872964169381,2,JSY,2024,316,3
Panwari,ESC202G5t07,p,2023-07-01,Mahoba,sUQMxIc3yXj,,JSY,% JSY Incentive,36,0.3860640301318267,2,JSY,2024,571,42
Ballia Dubhar,bmh3vNuN7xM,p,2023-07-01,Ballia,oNDvGBE5fLq,,JSY,% JSY Incentive,36,0.1875,2,JSY,2024,16,5
Puwaya,FJZd1VoPnSp,p,2023-07-01,Shahjahanpur,GaiLSoQq1ue,,JSY,% JSY Incentive,36,0.0,2,JSY,2024,764,28
Behta,nKJmMxPaEZ9,p,2023-07-01,Sitapur,XxaOowFtkiJ,,JSY,% JSY Incentive,36,0.9535374868004224,2,JSY,2024,657,60
Dubealiya,I6SfaoTpBWQ,p,2023-07-01,Basti,J1P16zQEOUT,,JSY,% JSY Incentive,36,0.8757763975155279,2,JSY,2024,645,71
Heryasethghrwa,H1Z5zG9mjfG,p,2023-07-01,Balrampur,uS0pNSxN3sS,,JSY,% JSY Incentive,36,0.4990803188228081,2,JSY,2024,354,72
Rae Bareli Bachrawa,Y3jGyfeDYe1,p,2023-07-01,Rae Bareli,lLvTDpBDY8u,,JSY,% JSY Incentive,36,0.8972431077694235,2,JSY,2024,554,59
Sant Ravidas Nagar Bhadohi,LA0OjaZZFYz,p,2023-07-01,Bhadohi,PeUY1vj02UQ,,JSY,% JSY Incentive,36,0.17603393425238606,2,JSY,2024,430,50
Dobhi,OTeT1SgY1F7,p,2023-07-01,Jaunpur,gmw76vAUMqz,,JSY,% JSY Incentive,36,0.905940594059406,2,JSY,2024,813,54
Bharawan,wPymOYKUUFI,p,2023-07-01,Hardoi,MTIkUw5q5pX,,JSY,% JSY Incentive,36,1.120879120879121,2,JSY,2024,310,64
Mainpuri Bewar,Dn4n2S6qEWw,p,2023-07-01,Mainpuri,XBLhrSWGytu,,JSY,% JSY Incentive,36,0.5355704697986577,2,JSY,2024,271,43
Bijua,Jmwf6ICjPJQ,p,2023-07-01,Lakhimpur Kheri,d9ZuMopgX29,,JSY,% JSY Incentive,36,0.0,2,JSY,2024,37,22
Pilana,FXgVpTS1KKY,p,2023-07-01,Bagpat,HJIS3IrQ0Nj,,JSY,% JSY Incentive,36,0.7188498402555911,2,JSY,2024,182,66
Chinhat,aKYlZcPC3HU,p,2023-07-01,Lucknow,MfHac5N78aK,,JSY,% JSY Incentive,36,0.7241379310344828,2,JSY,2024,442,53
Gonda,jkV9lhxAuuK,p,2023-07-01,Aligarh,frD2HOp3wAs,,JSY,% JSY Incentive,36,0.7973333333333333,2,JSY,2024,34,44
Ballia Bansdih,G4HRu37srJN,p,2023-07-01,Ballia,oNDvGBE5fLq,,JSY,% JSY Incentive,36,0.0,2,JSY,2024,80,5
Ramia Behar,yl4FsPXJXvw,p,2023-07-01,Lakhimpur Kheri,d9ZuMopgX29,,JSY,% JSY Incentive,36,0.4251428571428572,2,JSY,2024,204,22
Sant Ravidas Nagar DHQ,Yn3eQ5gagvS,p,2023-07-01,Bhadohi,PeUY1vj02UQ,,JSY,% JSY Incentive,36,0.22306525037936267,2,JSY,2024,102,50
Etawah Jasventnagar,L3tm8ZCQ4VU,p,2023-07-01,Etawah,Pm0jLk6EAiE,,JSY,% JSY Incentive,36,0.0,2,JSY,2024,235,62
Deoria Desai Deoria,KsXL0whELQG,p,2023-07-01,Deoria,Tf9b9qcbghH,,JSY,% JSY Incentive,36,1.4009009009009008,2,JSY,2024,879,19
Deoria Bhatperrani,rY5nGyzGedU,p,2023-07-01,Deoria,Tf9b9qcbghH,,JSY,% JSY Incentive,36,0.8651362984218077,2,JSY,2024,876,19
Mathura Raya,CGmxoB5JV9G,p,2023-07-01,Mathura,KP2BUB1npih,,JSY,% JSY Incentive,36,0.0967741935483871,2,JSY,2024,597,24
Qaderchowk,aDSCuqsggsN,p,2023-07-01,Budaun,eA37kyBRRuZ,,JSY,% JSY Incentive,36,0.7101096224116931,2,JSY,2024,226,58
Kauriram,W4M075uGpIs,p,2023-07-01,Gorakhpur,vR85cHdsw1w,,JSY,% JSY Incentive,36,0.7896613190730838,2,JSY,2024,121,45
Ramnagar Basti,jiDSxIFBh1G,p,2023-07-01,Basti,J1P16zQEOUT,,JSY,% JSY Incentive,36,0.991304347826087,2,JSY,2024,351,71
Hasanpur,rWNzTUgiIT6,p,2023-07-01,Amroha,hgquAmZaNBu,,JSY,% JSY Incentive,36,0.28002489110143125,2,JSY,2024,732,33
Kyara,ukz0TmnwKtW,p,2023-07-01,Bareilly,vVqY3DPcpHf,,JSY,% JSY Incentive,36,0.5063291139240507,2,JSY,2024,337,56
Jaunpur DHQ,i81wO4m0rn2,p,2023-07-01,Jaunpur,gmw76vAUMqz,,JSY,% JSY Incentive,36,0.1632864544781643,2,JSY,2024,404,54
Auraiya Sahar,ogSTp4HnpXK,p,2023-07-01,Auraiya,Bd6E8zkVvVt,,JSY,% JSY Incentive,36,1.1649076517150396,2,JSY,2024,704,37
Jagat,wQ2zvEh08Xs,p,2023-07-01,Budaun,eA37kyBRRuZ,,JSY,% JSY Incentive,36,0.0,2,JSY,2024,282,58
Meerut Sardhana,zpWs8PEVrYv,p,2023-07-01,Meerut,v8YGmR7nOdj,,JSY,% JSY Incentive,36,0.8519637462235649,2,JSY,2024,289,30
Bilsi,FBjTmOT2uLU,p,2023-07-01,Budaun,eA37kyBRRuZ,,JSY,% JSY Incentive,36,1.0076400679117148,2,JSY,2024,838,58
Hathras Sadabad,nGMlBiXPa8W,p,2023-07-01,Hathras,m1IAjmqkoFC,,JSY,% JSY Incentive,36,0.7111416781292985,2,JSY,2024,831,48
Harpalpur,TY7glMGf9aG,p,2023-07-01,Hardoi,MTIkUw5q5pX,,JSY,% JSY Incentive,36,0.9575208913649024,2,JSY,2024,884,64
Jalaun Konch,vMmgCa5r21L,p,2023-07-01,Jalaun,NL5xiiHZQSC,,JSY,% JSY Incentive,36,0.6625386996904025,2,JSY,2024,575,4
Barzmanganj,arETnjnVPdJ,p,2023-07-01,Maharajganj,AcnMkNGgc3S,,JSY,% JSY Incentive,36,0.3421368547418968,2,JSY,2024,805,10
Auraiya Bidhuna,Uqr9pGSBzRf,p,2023-07-01,Auraiya,Bd6E8zkVvVt,,JSY,% JSY Incentive,36,0.25842696629213485,2,JSY,2024,313,37
Itiathok,Zkst7ZD9ogq,p,2023-07-01,Gonda,y8WarEkWCul,,JSY,% JSY Incentive,36,0.0,2,JSY,2024,229,2
Pallia,dQnnkXYAcff,p,2023-07-01,Lakhimpur Kheri,d9ZuMopgX29,,JSY,% JSY Incentive,36,0.9642857142857144,2,JSY,2024,290,22
Saharanpur DHQ,oJLTrPrhs93,p,2023-07-01,Saharanpur,FKYZ3JbWq84,,JSY,% JSY Incentive,36,0.0042273636103970285,2,JSY,2024,256,31
Sadar,dlErcN5wTNz,p,2023-07-01,Pratapgarh,fz7bJo3egPX,,JSY,% JSY Incentive,36,0.27228525121555913,2,JSY,2024,280,3
Kaptanganj Basti,XyOAuYi23Qw,p,2023-07-01,Basti,J1P16zQEOUT,,JSY,% JSY Incentive,36,0.8048780487804879,2,JSY,2024,36,71
C S M Nagar Shahgarh,scpjZUfh7zI,p,2023-07-01,Amethi,StsLkYw1G0m,,JSY,% JSY Incentive,36,0.941908713692946,2,JSY,2024,135,75
Islam Nagar,BU3H8j3vtpl,p,2023-07-01,Budaun,eA37kyBRRuZ,,JSY,% JSY Incentive,36,0.8908355795148248,2,JSY,2024,157,58
Bijoli,Pf9sH55x9lG,p,2023-07-01,Aligarh,frD2HOp3wAs,,JSY,% JSY Incentive,36,100.0,2,JSY,2024,421,44
Fatehpur Amuali,janjc2a7UuX,p,2023-07-01,Fatehpur,ibLiLcaKzw2,,JSY,% JSY Incentive,36,0.0,2,JSY,2024,40,16
Rajpura,YxWlmBfIHmq,p,2023-07-01,Sambhal,YzHpzrN0eLv,,JSY,% JSY Incentive,36,0.6447985004686035,2,JSY,2024,780,13
Quazeedevar,i9BEhkE3w1b,p,2023-07-01,Gonda,y8WarEkWCul,,JSY,% JSY Incentive,36,0.19399538106235567,2,JSY,2024,110,2
Muzaffarnagar DHQ,LwbNBvrbL9f,p,2023-07-01,Muzaffarnagar,MVQs2RrS1Nw,,JSY,% JSY Incentive,36,0.1358204807558705,2,JSY,2024,871,17
Bilsanda,GHjV9QTEXyn,p,2023-07-01,Pilibhit,c96jwckSd6j,,JSY,% JSY Incentive,36,0.29159212880143115,2,JSY,2024,566,29
Firozabad Aeka,v4LM2W1q50L,p,2023-07-01,Firozabad,eJTsuE56XDF,,JSY,% JSY Incentive,36,0.5123674911660777,2,JSY,2024,811,27
Hathras Maho,tisCSlmEcvz,p,2023-07-01,Hathras,m1IAjmqkoFC,,JSY,% JSY Incentive,36,1.1115702479338845,2,JSY,2024,701,48
Fakharpur,C9qOAPWGoUS,p,2023-07-01,Bahraich,iE0E3nLioFr,,JSY,% JSY Incentive,36,0.0,2,JSY,2024,283,23
Mainpuri Sultanganj,Ri9nZlNp7vJ,p,2023-07-01,Mainpuri,XBLhrSWGytu,,JSY,% JSY Incentive,36,0.0,2,JSY,2024,28,43
Maya Bazar,a2rjHSkns9X,p,2023-07-01,Ayodhya,b4XkXzoGqFY,,JSY,% JSY Incentive,36,0.379182156133829,2,JSY,2024,66,69
Aaspurdavsra,iobObmzVNqo,p,2023-07-01,Pratapgarh,fz7bJo3egPX,,JSY,% JSY Incentive,36,0.5108695652173914,2,JSY,2024,585,3
Motigarpur,hcBv6xoPmri,p,2023-07-01,Sultanpur,o4ZQTVcMI7U,,JSY,% JSY Incentive,36,0.7413249211356467,2,JSY,2024,760,40
Ghaziabad DHQ,HYVom1xMtdc,p,2023-07-01,Ghaziabad,M5NHlfAaKYI,,JSY,% JSY Incentive,36,0.08346429195041034,2,JSY,2024,725,39
Hathras DHQ,NZZfSO3tDC5,p,2023-07-01,Hathras,m1IAjmqkoFC,,JSY,% JSY Incentive,36,0.4853061224489796,2,JSY,2024,757,48
Saidabad,UtcpvEmyolV,p,2023-07-01,Prayagraj,tXgaew1Pd2Y,,JSY,% JSY Incentive,36,0.3723849372384937,2,JSY,2024,117,34
Mainpuri Ghiror,GdimZzDSdCV,p,2023-07-01,Mainpuri,XBLhrSWGytu,,JSY,% JSY Incentive,36,0.5704809286898839,2,JSY,2024,29,43
Holagarh,SkcYjFliQxI,p,2023-07-01,Prayagraj,tXgaew1Pd2Y,,JSY,% JSY Incentive,36,0.7313691507798961,2,JSY,2024,65,34
Etawah Chkernagar,eLIy5rJdmIo,p,2023-07-01,Etawah,Pm0jLk6EAiE,,JSY,% JSY Incentive,36,0.7615658362989324,2,JSY,2024,32,62
RSangramgarh,dRG9GGcp4gQ,p,2023-07-01,Pratapgarh,fz7bJo3egPX,,JSY,% JSY Incentive,36,0.0,2,JSY,2024,535,3
Kanpur Dehat Ghinjhak,HddGvNsPs8y,p,2023-07-01,Kanpur Dehat,k3D0AumUCiC,,JSY,% JSY Incentive,36,0.7855626326963907,2,JSY,2024,431,57
Belkharnath,VmevjLb8Eme,p,2023-07-01,Pratapgarh,fz7bJo3egPX,,JSY,% JSY Incentive,36,0.8542857142857143,2,JSY,2024,848,3
Auraiya Bhagyanagar,UqkEQavyage,p,2023-07-01,Auraiya,Bd6E8zkVvVt,,JSY,% JSY Incentive,36,1.16580310880829,2,JSY,2024,561,37
Lodha,fDgjRPtNpqt,p,2023-07-01,Aligarh,frD2HOp3wAs,,JSY,% JSY Incentive,36,0.7435344827586207,2,JSY,2024,111,44
Azamgarh Atraullia,wCrGRYFB5Qo,p,2023-07-01,Azamgarh,NjckKfm3g0k,,JSY,% JSY Incentive,36,0.7481481481481481,2,JSY,2024,674,14
Saharanpur Rampur Maniharan,obGw4WWLMlw,p,2023-07-01,Saharanpur,FKYZ3JbWq84,,JSY,% JSY Incentive,36,1.148148148148148,2,JSY,2024,789,31
Ramnagar,svsS1G8o1pm,p,2023-07-01,Bareilly,vVqY3DPcpHf,,JSY,% JSY Incentive,36,0.2756286266924565,2,JSY,2024,449,56
Azamgarh Azmatgarh,QlDZDhfK4iZ,p,2023-07-01,Azamgarh,NjckKfm3g0k,,JSY,% JSY Incentive,36,0.8613445378151261,2,JSY,2024,79,14
Sohawal,CUsMlPeoyMI,p,2023-07-01,Ayodhya,b4XkXzoGqFY,,JSY,% JSY Incentive,36,0.7013574660633484,2,JSY,2024,736,69
Ghaziabad Bhojpur,r0L9AlrGA7C,p,2023-07-01,Ghaziabad,M5NHlfAaKYI,,JSY,% JSY Incentive,36,0.9918533604887984,2,JSY,2024,98,39
Rae Bareli Maharajganj,NbdKCUBY7yL,p,2023-07-01,Rae Bareli,lLvTDpBDY8u,,JSY,% JSY Incentive,36,1.0056285178236395,2,JSY,2024,363,59
Nereani,PPxFR8laHqe,p,2023-07-01,Banda,DggJGxqbWHn,,JSY,% JSY Incentive,36,0.9579111457521434,2,JSY,2024,747,47
Deoria Bhttni,AzV6zQXaRba,p,2023-07-01,Deoria,Tf9b9qcbghH,,JSY,% JSY Incentive,36,0.8378787878787879,2,JSY,2024,441,19
Etah DHQ,MoUVR7OhsJp,p,2023-07-01,Etah,ZLcx4iOVyN5,,JSY,% JSY Incentive,36,0.7711111111111111,2,JSY,2024,643,21
Mathura DHQ,K2r1bjs4mb5,p,2023-07-01,Mathura,KP2BUB1npih,,JSY,% JSY Incentive,36,0.0,2,JSY,2024,558,24
Unnav C.Karen,miCbY8KENnd,p,2023-07-01,Unnav,aT03mfdlNiF,,JSY,% JSY Incentive,36,0.8475177304964538,2,JSY,2024,814,7
Kushinagar Sukhroli,SgYEydzGGbJ,p,2023-07-01,Kushinagar,xUeHwd9FQkg,,JSY,% JSY Incentive,36,0.0,2,JSY,2024,69,9
Haidergarh,rFyFe7T2XXz,p,2023-07-01,Barabanki,tzH6nJu9SwS,,JSY,% JSY Incentive,36,0.0,2,JSY,2024,702,41
Mirzapur Shahjahanpur,Gj3mY1laAQs,p,2023-07-01,Shahjahanpur,GaiLSoQq1ue,,JSY,% JSY Incentive,36,0.0,2,JSY,2024,739,28
Bahraich DHQ,sGS6zRDhdsB,p,2023-07-01,Bahraich,iE0E3nLioFr,,JSY,% JSY Incentive,36,0.6295424836601308,2,JSY,2024,777,23
Jalaun Kuthound,V1ktVWnBTTW,p,2023-07-01,Jalaun,NL5xiiHZQSC,,JSY,% JSY Incentive,36,0.9147424511545292,2,JSY,2024,193,4
Bahjoi,uqiwsVkCjJB,p,2023-07-01,Sambhal,YzHpzrN0eLv,,JSY,% JSY Incentive,36,0.765466297322253,2,JSY,2024,196,13
Baraun,XIqs5K6oAlM,p,2023-07-01,Farrukhabad,uEEwlAGZXWW,,JSY,% JSY Incentive,36,0.5346153846153846,2,JSY,2024,346,49
Agra Kahiragarh,hO5EeDRnO8S,p,2023-07-01,Agra,N5WWbRtsjWp,,JSY,% JSY Incentive,36,0.4366438356164384,2,JSY,2024,231,12
Block Amroha,o9uEgq78lMK,p,2023-07-01,Amroha,hgquAmZaNBu,,JSY,% JSY Incentive,36,0.3643652561247216,2,JSY,2024,703,33
Fatehpur Gpalganj,QiCjYBLbYGE,p,2023-07-01,Fatehpur,ibLiLcaKzw2,,JSY,% JSY Incentive,36,0.8366013071895425,2,JSY,2024,480,16
Jalaun  DHQ,L75X9VvSfGc,p,2023-07-01,Jalaun,NL5xiiHZQSC,,JSY,% JSY Incentive,36,0.5263157894736842,2,JSY,2024,861,4
Mahmudabad Sitapur,gCv411YjGXv,p,2023-07-01,Sitapur,XxaOowFtkiJ,,JSY,% JSY Incentive,36,0.6431095406360424,2,JSY,2024,606,60
Jalsar,MGuYssW76Oy,p,2023-07-01,Etah,ZLcx4iOVyN5,,JSY,% JSY Incentive,36,0.6185053380782918,2,JSY,2024,276,21
Jhansi DHQ,o2TR0og834Q,p,2023-07-01,Jhansi,Mq751wBMqGF,,JSY,% JSY Incentive,36,0.2887114451229059,2,JSY,2024,91,25
Budaun DHQ,i8KzqsutvXl,p,2023-07-01,Budaun,eA37kyBRRuZ,,JSY,% JSY Incentive,36,0.15472230621913113,2,JSY,2024,223,58
Jmunaha,lbYsetq7442,p,2023-07-01,Shrawasti,oyTwneTbWDx,,JSY,% JSY Incentive,36,0.4515366430260047,2,JSY,2024,470,18
Wazirganj,xct9yyij86y,p,2023-07-01,Budaun,eA37kyBRRuZ,,JSY,% JSY Incentive,36,0.5851351351351352,2,JSY,2024,869,58
Kaneli,JyfWW9uiTL5,p,2023-07-01,Kaushambi,PAj0oVY0Dxu,,JSY,% JSY Incentive,36,0.6760124610591899,2,JSY,2024,770,63
Khuthan,yQrRCA2ngHE,p,2023-07-01,Jaunpur,gmw76vAUMqz,,JSY,% JSY Incentive,36,1.118320610687023,2,JSY,2024,774,54
Parasrampur,nE41ZrKaU9G,p,2023-07-01,Basti,J1P16zQEOUT,,JSY,% JSY Incentive,36,0.703125,2,JSY,2024,178,71
Ujhani,EjPcZNiYzP2,p,2023-07-01,Budaun,eA37kyBRRuZ,,JSY,% JSY Incentive,36,0.0,2,JSY,2024,719,58
Etawah Saifai,kxTyOTd53rb,p,2023-07-01,Etawah,Pm0jLk6EAiE,,JSY,% JSY Incentive,36,0.0,2,JSY,2024,608,62
Puranpur,WQzG2MmpgAg,p,2023-07-01,Pilibhit,c96jwckSd6j,,JSY,% JSY Incentive,36,0.2312283403927609,2,JSY,2024,324,29
Bhagtepurtanda,f4VnN0yydmT,p,2023-07-01,Moradabad,YQNQoPjAIpV,,JSY,% JSY Incentive,36,0.40237691001697795,2,JSY,2024,308,51
Piprauli,cDxHC5dDWRe,p,2023-07-01,Gorakhpur,vR85cHdsw1w,,JSY,% JSY Incentive,36,0.3914246196403873,2,JSY,2024,164,45
Belghat,l4r3ouFQPZS,p,2023-07-01,Gorakhpur,vR85cHdsw1w,,JSY,% JSY Incentive,36,0.7180451127819549,2,JSY,2024,683,45
Billahaur,oiZGLrWMq7u,p,2023-07-01,Kanpur Nagar,QVMRMhzVrrS,,JSY,% JSY Incentive,36,0.5589353612167299,2,JSY,2024,817,65
Mohanlalganj,VKvevXLweem,p,2023-07-01,Lucknow,MfHac5N78aK,,JSY,% JSY Incentive,36,0.9094707520891364,2,JSY,2024,215,53
Deoria Bethalpur,LPTjBQ9rRWx,p,2023-07-01,Deoria,Tf9b9qcbghH,,JSY,% JSY Incentive,36,0.5954356846473029,2,JSY,2024,510,19
Unnav Miyaganj,odvvm2fnyz9,p,2023-07-01,Unnav,aT03mfdlNiF,,JSY,% JSY Incentive,36,0.8294701986754967,2,JSY,2024,78,7
Bamaur,yfN8RlEk6Eo,p,2023-07-01,Jhansi,Mq751wBMqGF,,JSY,% JSY Incentive,36,1.0025839793281657,2,JSY,2024,41,25
Mathura Baldav,j3WnhnsAIht,p,2023-07-01,Mathura,KP2BUB1npih,,JSY,% JSY Incentive,36,1.0,2,JSY,2024,613,24
Jalalabad Kannauj,OWrTCTjWjzI,p,2023-07-01,Kannauj,IhQbDYRiF8w,,JSY,% JSY Incentive,36,0.5880398671096345,2,JSY,2024,686,73
Meerut Rohta,nSWcYd5JkhS,p,2023-07-01,Meerut,v8YGmR7nOdj,,JSY,% JSY Incentive,36,1.1901408450704225,2,JSY,2024,217,30
Bansgaon,oqobaBlkco3,p,2023-07-01,Gorakhpur,vR85cHdsw1w,,JSY,% JSY Incentive,36,1.0,2,JSY,2024,286,45
Azamgarh Mehnagar,KjTOOkkFXwn,p,2023-07-01,Azamgarh,NjckKfm3g0k,,JSY,% JSY Incentive,36,0.0,2,JSY,2024,210,14
Rae Bareli Rahi,smTNQ0RRpOL,p,2023-07-01,Rae Bareli,lLvTDpBDY8u,,JSY,% JSY Incentive,36,0.4915555555555556,2,JSY,2024,216,59
Uttroula,uReShtGh7bZ,p,2023-07-01,Balrampur,uS0pNSxN3sS,,JSY,% JSY Incentive,36,0.2313701923076923,2,JSY,2024,77,72
Unnav Bangarmau,BGRBILNZiPW,p,2023-07-01,Unnav,aT03mfdlNiF,,JSY,% JSY Incentive,36,0.7438524590163934,2,JSY,2024,679,7
Azamgarh Pawai,lcnwkO2gp49,p,2023-07-01,Azamgarh,NjckKfm3g0k,,JSY,% JSY Incentive,36,0.8681672025723473,2,JSY,2024,383,14
Firozabad Shikohabad,rgR8kKaylIH,p,2023-07-01,Firozabad,eJTsuE56XDF,,JSY,% JSY Incentive,36,0.0,2,JSY,2024,784,27
Jaitpur,HuW3JM0nGTz,p,2023-07-01,Mahoba,sUQMxIc3yXj,,JSY,% JSY Incentive,36,0.0,2,JSY,2024,61,42
Suratganj,HLaiapcp8KF,p,2023-07-01,Barabanki,tzH6nJu9SwS,,JSY,% JSY Incentive,36,0.495618305744888,2,JSY,2024,691,41
Ghazipur Gondaur,mhI69xut9he,p,2023-07-01,Ghazipur,dScWdMRN8PL,,JSY,% JSY Incentive,36,0.2934472934472934,2,JSY,2024,804,67
Karaudikala,Tt3G0qCamwa,p,2023-07-01,Sultanpur,o4ZQTVcMI7U,,JSY,% JSY Incentive,36,0.0,2,JSY,2024,914,40
Bisanda,emjMgvubuGe,p,2023-07-01,Banda,DggJGxqbWHn,,JSY,% JSY Incentive,36,0.9719363891487371,2,JSY,2024,88,47
Deoria Selampur,YRYbXgGEgwG,p,2023-07-01,Deoria,Tf9b9qcbghH,,JSY,% JSY Incentive,36,1.1604197901049476,2,JSY,2024,116,19
Muzaffarnagar Badhara,hiCT4rPYCVr,p,2023-07-01,Muzaffarnagar,MVQs2RrS1Nw,,JSY,% JSY Incentive,36,0.7699443413729128,2,JSY,2024,812,17
Dilhari,yslHqhvvXn0,p,2023-07-01,Moradabad,YQNQoPjAIpV,,JSY,% JSY Incentive,36,0.9869791666666666,2,JSY,2024,803,51
Deoria Bhaluni,rMbW2gza9HD,p,2023-07-01,Deoria,Tf9b9qcbghH,,JSY,% JSY Incentive,36,0.8429530201342282,2,JSY,2024,546,19
SChandrika,ZFpgvZ5wO0j,p,2023-07-01,Pratapgarh,fz7bJo3egPX,,JSY,% JSY Incentive,36,0.8634538152610441,2,JSY,2024,174,3
Kanpur Dehat Akberpur,XyAwdfjaKov,p,2023-07-01,Kanpur Dehat,k3D0AumUCiC,,JSY,% JSY Incentive,36,0.3684807256235828,2,JSY,2024,630,57
Unnav Bichhiya,EVsunDfk1Xx,p,2023-07-01,Unnav,aT03mfdlNiF,,JSY,% JSY Incentive,36,0.8181818181818182,2,JSY,2024,481,7
Rae Bareli Herchandrapur,jQRhw2yoQk2,p,2023-07-01,Rae Bareli,lLvTDpBDY8u,,JSY,% JSY Incentive,36,1.0092165898617511,2,JSY,2024,9,59
Pahadi,y74T9TfUPuz,p,2023-07-01,Mirzapur,UAicdMLyuk4,,JSY,% JSY Incentive,36,0.0,2,JSY,2024,369,20
Ballia Murli Chhapra,wn2e7ufbuPd,p,2023-07-01,Ballia,oNDvGBE5fLq,,JSY,% JSY Incentive,36,0.5698757763975155,2,JSY,2024,122,5
Paniyara,k0SXa6DYHlU,p,2023-07-01,Maharajganj,AcnMkNGgc3S,,JSY,% JSY Incentive,36,0.6033857315598549,2,JSY,2024,12,10
Sonbhadra DHQ,NBKbLavdozm,p,2023-07-01,Sonbhadra,NNk3JP90QZ5,,JSY,% JSY Incentive,36,0.15348837209302327,2,JSY,2024,120,74
Maunathbhanjan Badraon,DlJoJFtt9AE,p,2023-07-01,Maunathbhanjan,CBSB9v92AwT,,JSY,% JSY Incentive,36,0.11217948717948716,2,JSY,2024,823,6
Charkhari,voVPLJSfahW,p,2023-07-01,Mahoba,sUQMxIc3yXj,,JSY,% JSY Incentive,36,0.7768166089965398,2,JSY,2024,715,42
Hariharpur Rani,miFaxMESSJ2,p,2023-07-01,Shrawasti,oyTwneTbWDx,,JSY,% JSY Incentive,36,0.6959706959706959,2,JSY,2024,124,18
Dhnipur,DeIlv8osqJa,p,2023-07-01,Aligarh,frD2HOp3wAs,,JSY,% JSY Incentive,36,0.0,2,JSY,2024,711,44
Trivadi Ganj,gDpxx6NrC99,p,2023-07-01,Barabanki,tzH6nJu9SwS,,JSY,% JSY Incentive,36,0.9217970049916804,2,JSY,2024,407,41
Myoerpur,Gbo5ncDmsIv,p,2023-07-01,Sonbhadra,NNk3JP90QZ5,,JSY,% JSY Incentive,36,0.8423645320197044,2,JSY,2024,573,74
Kurebhar,wzWcav8jSNr,p,2023-07-01,Sultanpur,o4ZQTVcMI7U,,JSY,% JSY Incentive,36,0.0,2,JSY,2024,25,40
Bhanwapur,pWd385fXS6s,p,2023-07-01,Siddharth Nagar,cP0p8qfm3il,,JSY,% JSY Incentive,36,0.4512372634643377,2,JSY,2024,850,1
Dharora,gEphd9O9pPr,p,2023-07-01,Lakhimpur Kheri,d9ZuMopgX29,,JSY,% JSY Incentive,36,0.2813370473537605,2,JSY,2024,612,22
Niyamtabad,FyHWyWYiq51,p,2023-07-01,Chandauli,ClbehnmwSec,,JSY,% JSY Incentive,36,0.2083333333333333,2,JSY,2024,552,61
Sikrara,pb5hWAn45Rk,p,2023-07-01,Jaunpur,gmw76vAUMqz,,JSY,% JSY Incentive,36,0.8863049095607235,2,JSY,2024,361,54
Khuniywa,WhN8Tp15uxY,p,2023-07-01,Siddharth Nagar,cP0p8qfm3il,,JSY,% JSY Incentive,36,0.0,2,JSY,2024,819,1
Gangeshwari,bkkdTIrC9mc,p,2023-07-01,Amroha,hgquAmZaNBu,,JSY,% JSY Incentive,36,0.6919374247894103,2,JSY,2024,518,33
Handia,Qk15i4lxQ0C,p,2023-07-01,Prayagraj,tXgaew1Pd2Y,,JSY,% JSY Incentive,36,0.526791478373144,2,JSY,2024,629,34
Bulandshahar Siyana,jJP9OWvYMuH,p,2023-07-01,Bulandshahar,ogBt4gWCiem,,JSY,% JSY Incentive,36,0.11809427268119616,2,JSY,2024,800,52
Jaisinghpur,BKeRkKcuOgW,p,2023-07-01,Sultanpur,o4ZQTVcMI7U,,JSY,% JSY Incentive,36,0.0,2,JSY,2024,594,40
Chatra,I0SrxhvmkHK,p,2023-07-01,Sonbhadra,NNk3JP90QZ5,,JSY,% JSY Incentive,36,0.0,2,JSY,2024,142,74
Akrabad,WFVLpMb2xKo,p,2023-07-01,Aligarh,frD2HOp3wAs,,JSY,% JSY Incentive,36,1.2414772727272727,2,JSY,2024,856,44
Binawar,QdKW8E0HxRg,p,2023-07-01,Budaun,eA37kyBRRuZ,,JSY,% JSY Incentive,36,0.5186625194401244,2,JSY,2024,880,58
Hapur,MoftawJk2Oh,p,2023-07-01,Hapur,CZ8kLjgqvSH,,JSY,% JSY Incentive,36,0.827027027027027,2,JSY,2024,801,46
Bijnor Dhampur,hFYPDvQ1x7I,p,2023-07-01,Bijnor,uCYjHW7FuGG,,JSY,% JSY Incentive,36,0.08579088471849866,2,JSY,2024,687,15
Lalitpur Jakhaura,cBlMjL2O6oW,p,2023-07-01,Lalitpur,fagfcadhxej,,JSY,% JSY Incentive,36,0.5786516853932584,2,JSY,2024,461,68
Kadipur,f8FnEAgiGOz,p,2023-07-01,Sultanpur,o4ZQTVcMI7U,,JSY,% JSY Incentive,36,1.2803970223325063,2,JSY,2024,405,40
Malihabad,c8dGu0p6B0M,p,2023-07-01,Lucknow,MfHac5N78aK,,JSY,% JSY Incentive,36,0.5540765391014975,2,JSY,2024,304,53
Fatehpur Teliyani,sGcpaNGqN8u,p,2023-07-01,Fatehpur,ibLiLcaKzw2,,JSY,% JSY Incentive,36,0.9544468546637744,2,JSY,2024,494,16
Bidhuna,dbmh0v75n2G,p,2023-07-01,Kanpur Nagar,QVMRMhzVrrS,,JSY,% JSY Incentive,36,0.9905838041431262,2,JSY,2024,436,65
Bhiti,RiDtZZsck6S,p,2023-07-01,Ambedkar Nagar,jM27ji8tyrM,,JSY,% JSY Incentive,36,0.6910569105691057,2,JSY,2024,42,8
Barabanki DHQ,jqG1GfySEy7,p,2023-07-01,Barabanki,tzH6nJu9SwS,,JSY,% JSY Incentive,36,0.511326860841424,2,JSY,2024,437,41
Jarwal,PK0wuMfp3LE,p,2023-07-01,Bahraich,iE0E3nLioFr,,JSY,% JSY Incentive,36,0.0,2,JSY,2024,659,23
Mau,RMNCveuyYds,p,2023-07-01,Chitrakoot,i2fSZZ3QAJJ,,JSY,% JSY Incentive,36,0.6125,2,JSY,2024,562,38
C S M Nagar Gauriganj,WM5EPg47DVT,p,2023-07-01,Amethi,StsLkYw1G0m,,JSY,% JSY Incentive,36,1.154639175257732,2,JSY,2024,824,75
Suithakala,qyXPcuW4JMr,p,2023-07-01,Jaunpur,gmw76vAUMqz,,JSY,% JSY Incentive,36,0.822463768115942,2,JSY,2024,525,54
Mainpuri Mainpuri,covI1BtEX12,p,2023-07-01,Mainpuri,XBLhrSWGytu,,JSY,% JSY Incentive,36,1.0,2,JSY,2024,96,43
Auraiya DHQ,lMDCwvmApOX,p,2023-07-01,Auraiya,Bd6E8zkVvVt,,JSY,% JSY Incentive,36,0.24779735682819384,2,JSY,2024,538,37
Madhiyahoo,B9itA8m0ytx,p,2023-07-01,Jaunpur,gmw76vAUMqz,,JSY,% JSY Incentive,36,0.7672811059907834,2,JSY,2024,524,54
Pahla,I2ZGoBUtTtO,p,2023-07-01,Sitapur,XxaOowFtkiJ,,JSY,% JSY Incentive,36,0.5227272727272727,2,JSY,2024,682,60
C S M Nagar Singhpur,vlnVnG5JxVJ,p,2023-07-01,Amethi,StsLkYw1G0m,,JSY,% JSY Incentive,36,0.9241071428571428,2,JSY,2024,591,75
Tindwari,UVNiCb7ffry,p,2023-07-01,Banda,DggJGxqbWHn,,JSY,% JSY Incentive,36,0.9470529470529472,2,JSY,2024,904,47
Patiyali,at47ZXktqxv,p,2023-07-01,Kasganj,hITp09XOBLZ,,JSY,% JSY Incentive,36,0.5984147952443857,2,JSY,2024,706,70
Ghazipur Davkali,kcQKXLIXWNj,p,2023-07-01,Ghazipur,dScWdMRN8PL,,JSY,% JSY Incentive,36,0.29768467475192945,2,JSY,2024,400,67
Katrabazar,SiNGqVJoMtb,p,2023-07-01,Gonda,y8WarEkWCul,,JSY,% JSY Incentive,36,0.0,2,JSY,2024,847,2
Shrawasti DHQ,GK26msJSJoZ,p,2023-07-01,Shrawasti,oyTwneTbWDx,,JSY,% JSY Incentive,36,0.0,2,JSY,2024,391,18
Bulandshahar DHQ,JZJD7vQ6YIE,p,2023-07-01,Bulandshahar,ogBt4gWCiem,,JSY,% JSY Incentive,36,0.0,2,JSY,2024,403,52
Mirzapur DHQ,WxMksp7j6w7,p,2023-07-01,Mirzapur,UAicdMLyuk4,,JSY,% JSY Incentive,36,0.0,2,JSY,2024,821,20
Mainpuri DHQ,O8puBy9wDpN,p,2023-07-01,Mainpuri,XBLhrSWGytu,,JSY,% JSY Incentive,36,0.0,2,JSY,2024,559,43
Nigohi,oSPqI1SUnmV,p,2023-07-01,Shahjahanpur,GaiLSoQq1ue,,JSY,% JSY Incentive,36,0.35495283018867924,2,JSY,2024,754,28
Sahaswan,QsfJqnMcwds,p,2023-07-01,Budaun,eA37kyBRRuZ,,JSY,% JSY Incentive,36,0.4413054067218704,2,JSY,2024,335,58
Balrampur DHQ,G7snWO0Hmy7,p,2023-07-01,Balrampur,uS0pNSxN3sS,,JSY,% JSY Incentive,36,0.0,2,JSY,2024,253,72
Manjhwan,BLgq44ZJkKh,p,2023-07-01,Mirzapur,UAicdMLyuk4,,JSY,% JSY Incentive,36,0.3854351687388988,2,JSY,2024,533,20
Gagaha,aJ8DEEvimsM,p,2023-07-01,Gorakhpur,vR85cHdsw1w,,JSY,% JSY Incentive,36,0.4373576309794989,2,JSY,2024,778,45
Firozabad Jasrana,C4DRedrM3Pb,p,2023-07-01,Firozabad,eJTsuE56XDF,,JSY,% JSY Incentive,36,0.9383983572895276,2,JSY,2024,857,27
Rae Bareli Sarani,H1W08wOkXWC,p,2023-07-01,Rae Bareli,lLvTDpBDY8u,,JSY,% JSY Incentive,36,0.0,2,JSY,2024,609,59
Colonalganj,SxFTKbP1SXZ,p,2023-07-01,Gonda,y8WarEkWCul,,JSY,% JSY Incentive,36,0.0,2,JSY,2024,27,2
Kannauj DHQ,pxVGfZhiG9T,p,2023-07-01,Kannauj,IhQbDYRiF8w,,JSY,% JSY Incentive,36,0.0,2,JSY,2024,101,73
Rampur DHQ,TfKrN4hWv8C,p,2023-07-01,Rampur,IU006h5U7jj,,JSY,% JSY Incentive,36,0.4769765421372719,2,JSY,2024,673,26
Unnav Sumerpur,Fy5oqtT0JAR,p,2023-07-01,Unnav,aT03mfdlNiF,,JSY,% JSY Incentive,36,0.0,2,JSY,2024,671,7
Ghazipur Sadat,w2mC1IzGqJO,p,2023-07-01,Ghazipur,dScWdMRN8PL,,JSY,% JSY Incentive,36,0.0,2,JSY,2024,532,67
Sambhal DHQ,E3NqDNq6JJg,p,2023-07-01,Sambhal,YzHpzrN0eLv,,JSY,% JSY Incentive,36,0.0,2,JSY,2024,611,13
Banda DHQ ,QIufPcB6Kr6,p,2023-07-01,Banda,DggJGxqbWHn,,JSY,% JSY Incentive,36,0.0,2,JSY,2024,418,47
Deoria Majhgawon,UlR3pGm65VX,p,2023-07-01,Deoria,Tf9b9qcbghH,,JSY,% JSY Incentive,36,0.057459677419354836,2,JSY,2024,54,19
Mall,ksTeBOfYw9L,p,2023-07-01,Lucknow,MfHac5N78aK,,JSY,% JSY Incentive,36,0.9647979139504564,2,JSY,2024,491,53
Ghazipur Mardeh,iMSgdsfQfK3,p,2023-07-01,Ghazipur,dScWdMRN8PL,,JSY,% JSY Incentive,36,0.18466898954703834,2,JSY,2024,322,67
Bansi,dMZKc4fIqCl,p,2023-07-01,Siddharth Nagar,cP0p8qfm3il,,JSY,% JSY Incentive,36,0.0,2,JSY,2024,463,1
Fatehpur  Vijaipur,X3gyut5H2FR,p,2023-07-01,Fatehpur,ibLiLcaKzw2,,JSY,% JSY Incentive,36,0.0,2,JSY,2024,628,16
Firozabad DHQ,fAXjUK5F5Xr,p,2023-07-01,Firozabad,eJTsuE56XDF,,JSY,% JSY Incentive,36,0.0,2,JSY,2024,873,27
Belahar Kala,Orx7pmg4L68,p,2023-07-01,Sant Kabir Nagar,fe1yBApr2sl,,JSY,% JSY Incentive,36,0.0,2,JSY,2024,617,11
Pandari Kripal,GtDp6Qz9pSx,p,2023-07-01,Gonda,y8WarEkWCul,,JSY,% JSY Incentive,36,0.0,2,JSY,2024,493,2
Kushinagar Padrouna,vvIR3mOcYGz,p,2023-07-01,Kushinagar,xUeHwd9FQkg,,JSY,% JSY Incentive,36,0.0,2,JSY,2024,662,9
Basti DHQ,hIlEZsYKlhK,p,2023-07-01,Basti,J1P16zQEOUT,,JSY,% JSY Incentive,36,0.0,2,JSY,2024,75,71
Azamgarh Martinganj,q7hwjHjsWmD,p,2023-07-01,Azamgarh,NjckKfm3g0k,,JSY,% JSY Incentive,36,0.2573913043478261,2,JSY,2024,300,14
Bhagwatpur,xDTc9JFJJPU,p,2023-07-01,Prayagraj,tXgaew1Pd2Y,,JSY,% JSY Incentive,36,0.0,2,JSY,2024,911,34
Mathura Nauhjheel,r2eMDAoHzuI,p,2023-07-01,Mathura,KP2BUB1npih,,JSY,% JSY Incentive,36,0.36887921653971706,2,JSY,2024,851,24
Ballia DHQ,RHjnoE1DdVp,p,2023-07-01,Ballia,oNDvGBE5fLq,,JSY,% JSY Incentive,36,0.0,2,JSY,2024,450,5
Sant Kabir Nagar DHQ,Cv8WrBixKYV,p,2023-07-01,Sant Kabir Nagar,fe1yBApr2sl,,JSY,% JSY Incentive,36,0.0,2,JSY,2024,478,11
Bulandshahar Bulandshahr,bMszXRRjCCv,p,2023-07-01,Bulandshahar,ogBt4gWCiem,,JSY,% JSY Incentive,36,0.08997882851093861,2,JSY,2024,860,52
Saurikh,wOa6hyubQ9S,p,2023-07-01,Kannauj,IhQbDYRiF8w,,JSY,% JSY Incentive,36,0.4320855614973262,2,JSY,2024,765,73
Bamanjeet,eeLkdiQv8Ex,p,2023-07-01,Gonda,y8WarEkWCul,,JSY,% JSY Incentive,36,0.2511078286558346,2,JSY,2024,453,2
Ballia Nagra,L91X7r5wkfW,p,2023-07-01,Ballia,oNDvGBE5fLq,,JSY,% JSY Incentive,36,0.2028169014084507,2,JSY,2024,752,5
Ghazipur Karanda,J01CgvckM2C,p,2023-07-01,Ghazipur,dScWdMRN8PL,,JSY,% JSY Incentive,36,0.0,2,JSY,2024,692,67
Rupaideeh,l9TKc1gE8KO,p,2023-07-01,Gonda,y8WarEkWCul,,JSY,% JSY Incentive,36,0.0,2,JSY,2024,578,2
Maharajganj DHQ,entrhoaBv1i,p,2023-07-01,Maharajganj,AcnMkNGgc3S,,JSY,% JSY Incentive,36,0.0,2,JSY,2024,336,10
Gaisandi,fOvbWnMTlvE,p,2023-07-01,Balrampur,uS0pNSxN3sS,,JSY,% JSY Incentive,36,0.5250875145857643,2,JSY,2024,853,72
Siddharth Nagar DHQ,EE0yO6YSNwL,p,2023-07-01,Siddharth Nagar,cP0p8qfm3il,,JSY,% JSY Incentive,36,0.2362002567394095,2,JSY,2024,422,1
C S M Nagar DHQ,KgdLnhdQNJs,p,2023-07-01,Amethi,StsLkYw1G0m,,JSY,% JSY Incentive,36,0.0,2,JSY,2024,908,75
Unnav Fatehpur -84,uhbQ7To0pN9,p,2023-07-01,Unnav,aT03mfdlNiF,,JSY,% JSY Incentive,36,0.3096774193548387,2,JSY,2024,24,7
Varanasi Cholapur,HonPmXiTJw7,p,2023-07-01,Varanasi,LeuBT7KfuuA,,JSY,% JSY Incentive,36,0.11076923076923076,2,JSY,2024,321,55
Nawada,CUfl7clOb3K,p,2023-07-01,Kaushambi,PAj0oVY0Dxu,,JSY,% JSY Incentive,36,0.0,2,JSY,2024,825,63
Rae Bareli Deeh,lruABl36XZQ,p,2023-07-01,Rae Bareli,lLvTDpBDY8u,,JSY,% JSY Incentive,36,1.0,2,JSY,2024,169,59
Ballia Bellhri,s2dEYvDCkAZ,p,2023-07-01,Ballia,oNDvGBE5fLq,,JSY,% JSY Incentive,36,0.0,2,JSY,2024,868,5
Marihan Patehara,sh5GrKleZLD,p,2023-07-01,Mirzapur,UAicdMLyuk4,,JSY,% JSY Incentive,36,0.2116182572614108,2,JSY,2024,843,20
Bilaspur,DNtrijn28qb,p,2023-07-01,Rampur,IU006h5U7jj,,JSY,% JSY Incentive,36,0.2319034852546917,2,JSY,2024,488,26
Khorabar,Yz8M2ESnoFT,p,2023-07-01,Gorakhpur,vR85cHdsw1w,,JSY,% JSY Incentive,36,0.0,2,JSY,2024,175,45
Bankuti,Ek8aj4Sjo0n,p,2023-07-01,Basti,J1P16zQEOUT,,JSY,% JSY Incentive,36,0.0,2,JSY,2024,616,71
Azamgarh Koilsa,S32hqFqb1zY,p,2023-07-01,Azamgarh,NjckKfm3g0k,,JSY,% JSY Incentive,36,0.2800925925925926,2,JSY,2024,239,14
Deoria Ruderpur,tbaPfFzYkRT,p,2023-07-01,Deoria,Tf9b9qcbghH,,JSY,% JSY Incentive,36,0.0,2,JSY,2024,592,19
Ballia Chilkahar,lLzGu8T43H8,p,2023-07-01,Ballia,oNDvGBE5fLq,,JSY,% JSY Incentive,36,0.0,2,JSY,2024,852,5
Semariyawa,T2yKNxqQdgI,p,2023-07-01,Sant Kabir Nagar,fe1yBApr2sl,,JSY,% JSY Incentive,36,0.0,2,JSY,2024,891,11
Pratapgarh DHQ,l7DJJezKzTw,p,2023-07-01,Pratapgarh,fz7bJo3egPX,,JSY,% JSY Incentive,36,0.35770813548591324,2,JSY,2024,667,3
Chitrakoot DHQ,kuE3K1lT4Ik,p,2023-07-01,Chitrakoot,i2fSZZ3QAJJ,,JSY,% JSY Incentive,36,0.0,2,JSY,2024,233,38
Birdpur,N5oPV77d3Vf,p,2023-07-01,Siddharth Nagar,cP0p8qfm3il,,JSY,% JSY Incentive,36,0.5190409026798307,2,JSY,2024,8,1
Ballia Sohaw,aNOBGjwlNho,p,2023-07-01,Ballia,oNDvGBE5fLq,,JSY,% JSY Incentive,36,0.0,2,JSY,2024,676,5
Nagawa,YPsEnS75cQ8,p,2023-07-01,Sonbhadra,NNk3JP90QZ5,,JSY,% JSY Incentive,36,0.3686635944700461,2,JSY,2024,393,74
Santha,nS9UOwtscu1,p,2023-07-01,Sant Kabir Nagar,fe1yBApr2sl,,JSY,% JSY Incentive,36,0.0,2,JSY,2024,104,11
Rae Bareli Amawa,pvZgEadkY59,p,2023-07-01,Rae Bareli,lLvTDpBDY8u,,JSY,% JSY Incentive,36,0.7896825396825397,2,JSY,2024,807,59
Ghazipur Rawatipur,y8eD89Cg95c,p,2023-07-01,Ghazipur,dScWdMRN8PL,,JSY,% JSY Incentive,36,0.18993135011441648,2,JSY,2024,381,67
Ayodhya DHQ,bMK9VNDswXt,p,2023-07-01,Ayodhya,b4XkXzoGqFY,,JSY,% JSY Incentive,36,0.0,2,JSY,2024,834,69
Shamli DHQ,qVXCL4F9Nfc,p,2023-07-01,Shamli,AdiUcz9BXhx,,JSY,% JSY Incentive,36,0.0,2,JSY,2024,371,32
Bulandshahar Agota,mQeabczYlwZ,p,2023-07-01,Bulandshahar,ogBt4gWCiem,,JSY,% JSY Incentive,36,0.0,2,JSY,2024,910,52
Ghazipur Birona,zv6Gc6aGnXd,p,2023-07-01,Ghazipur,dScWdMRN8PL,Varanasi Division,delivery_care,% of pregnant women delivered in institution against estimated delivery,2,57.15046525440507,2,coverage,2024,710,67
Ghazipur Birona,zv6Gc6aGnXd,p,2023-07-01,Ghazipur,dScWdMRN8PL,Varanasi Division,immunization,"% of children received full immunization (BCG, Penta 1, 2, 3, Measles)",7,100.0,2,coverage,2024,710,67
Ghazipur Jakahania,NbXqavwiDug,p,2023-07-01,Ghazipur,dScWdMRN8PL,Varanasi Division,delivery_care,% of pregnant women delivered in institution against estimated delivery,2,65.98997932241133,2,coverage,2024,610,67
Ghazipur Jakahania,NbXqavwiDug,p,2023-07-01,Ghazipur,dScWdMRN8PL,Varanasi Division,immunization,"% of children received full immunization (BCG, Penta 1, 2, 3, Measles)",7,96.2570281124498,2,coverage,2024,610,67
Ghazipur Manihari,APE5J6eTM3s,p,2023-07-01,Ghazipur,dScWdMRN8PL,Varanasi Division,delivery_care,% of pregnant women delivered in institution against estimated delivery,2,50.376623376623385,2,coverage,2024,238,67
Ghazipur Manihari,APE5J6eTM3s,p,2023-07-01,Ghazipur,dScWdMRN8PL,Varanasi Division,immunization,"% of children received full immunization (BCG, Penta 1, 2, 3, Measles)",7,100.0,2,coverage,2024,238,67
Ghazipur Kasimabad,oJK3Sqdic6n,p,2023-07-01,Ghazipur,dScWdMRN8PL,Varanasi Division,delivery_care,% of pregnant women delivered in institution against estimated delivery,2,62.24714828897338,2,coverage,2024,20,67
Ghazipur Kasimabad,oJK3Sqdic6n,p,2023-07-01,Ghazipur,dScWdMRN8PL,Varanasi Division,immunization,"% of children received full immunization (BCG, Penta 1, 2, 3, Measles)",7,100.0,2,coverage,2024,20,67
Ghazipur Gondaur,mhI69xut9he,p,2023-07-01,Ghazipur,dScWdMRN8PL,Varanasi Division,delivery_care,% of pregnant women delivered in institution against estimated delivery,2,41.73693926527597,2,coverage,2024,804,67
Ghazipur Gondaur,mhI69xut9he,p,2023-07-01,Ghazipur,dScWdMRN8PL,Varanasi Division,immunization,"% of children received full immunization (BCG, Penta 1, 2, 3, Measles)",7,94.20100689912366,2,coverage,2024,804,67
Ghazipur Mahmudabad,ISeQXIbXref,p,2023-07-01,Ghazipur,dScWdMRN8PL,Varanasi Division,delivery_care,% of pregnant women delivered in institution against estimated delivery,2,74.5695858791582,2,coverage,2024,413,67
Ghazipur Mahmudabad,ISeQXIbXref,p,2023-07-01,Ghazipur,dScWdMRN8PL,Varanasi Division,immunization,"% of children received full immunization (BCG, Penta 1, 2, 3, Measles)",7,100.0,2,coverage,2024,413,67
Ghazipur Barachwar,SQuL6ZdC6LY,p,2023-07-01,Ghazipur,dScWdMRN8PL,Varanasi Division,delivery_care,% of pregnant women delivered in institution against estimated delivery,2,62.88804422944022,2,coverage,2024,882,67
Ghazipur Barachwar,SQuL6ZdC6LY,p,2023-07-01,Ghazipur,dScWdMRN8PL,Varanasi Division,immunization,"% of children received full immunization (BCG, Penta 1, 2, 3, Measles)",7,100.0,2,coverage,2024,882,67
Ghazipur Jamania,hepZfdzFqgL,p,2023-07-01,Ghazipur,dScWdMRN8PL,Varanasi Division,delivery_care,% of pregnant women delivered in institution against estimated delivery,2,56.790076335877856,2,coverage,2024,783,67
Ghazipur Jamania,hepZfdzFqgL,p,2023-07-01,Ghazipur,dScWdMRN8PL,Varanasi Division,immunization,"% of children received full immunization (BCG, Penta 1, 2, 3, Measles)",7,99.69883146608842,2,coverage,2024,783,67
Ghazipur Saidpur,OFvD8TPE8bU,p,2023-07-01,Ghazipur,dScWdMRN8PL,Varanasi Division,delivery_care,% of pregnant women delivered in institution against estimated delivery,2,94.42636079815394,2,coverage,2024,893,67
Ghazipur Saidpur,OFvD8TPE8bU,p,2023-07-01,Ghazipur,dScWdMRN8PL,Varanasi Division,immunization,"% of children received full immunization (BCG, Penta 1, 2, 3, Measles)",7,100.0,2,coverage,2024,893,67
Ghazipur DHQ,PEDIETmpZdA,p,2023-07-01,Ghazipur,dScWdMRN8PL,Varanasi Division,delivery_care,% of pregnant women delivered in institution against estimated delivery,2,100.0,2,coverage,2024,486,67
Ghazipur DHQ,PEDIETmpZdA,p,2023-07-01,Ghazipur,dScWdMRN8PL,Varanasi Division,immunization,"% of children received full immunization (BCG, Penta 1, 2, 3, Measles)",7,89.84397998233734,2,coverage,2024,486,67
Ghazipur Rawatipur,y8eD89Cg95c,p,2023-07-01,Ghazipur,dScWdMRN8PL,Varanasi Division,delivery_care,% of pregnant women delivered in institution against estimated delivery,2,51.18736553882261,2,coverage,2024,381,67
Ghazipur Rawatipur,y8eD89Cg95c,p,2023-07-01,Ghazipur,dScWdMRN8PL,Varanasi Division,immunization,"% of children received full immunization (BCG, Penta 1, 2, 3, Measles)",7,96.3855421686747,2,coverage,2024,381,67
Ghazipur Davkali,kcQKXLIXWNj,p,2023-07-01,Ghazipur,dScWdMRN8PL,Varanasi Division,delivery_care,% of pregnant women delivered in institution against estimated delivery,2,73.57258693279277,2,coverage,2024,400,67
Ghazipur Davkali,kcQKXLIXWNj,p,2023-07-01,Ghazipur,dScWdMRN8PL,Varanasi Division,immunization,"% of children received full immunization (BCG, Penta 1, 2, 3, Measles)",7,100.0,2,coverage,2024,400,67
Ghazipur Badhora,KkUxdrYeeXC,p,2023-07-01,Ghazipur,dScWdMRN8PL,Varanasi Division,delivery_care,% of pregnant women delivered in institution against estimated delivery,2,62.438388625592424,2,coverage,2024,712,67
Ghazipur Badhora,KkUxdrYeeXC,p,2023-07-01,Ghazipur,dScWdMRN8PL,Varanasi Division,immunization,"% of children received full immunization (BCG, Penta 1, 2, 3, Measles)",7,100.0,2,coverage,2024,712,67
Ghazipur Karanda,J01CgvckM2C,p,2023-07-01,Ghazipur,dScWdMRN8PL,Varanasi Division,delivery_care,% of pregnant women delivered in institution against estimated delivery,2,70.26805385556915,2,coverage,2024,692,67
Ghazipur Karanda,J01CgvckM2C,p,2023-07-01,Ghazipur,dScWdMRN8PL,Varanasi Division,immunization,"% of children received full immunization (BCG, Penta 1, 2, 3, Measles)",7,95.0309023485785,2,coverage,2024,692,67
Ghazipur Sadar,VivEa0lrJEt,p,2023-07-01,Ghazipur,dScWdMRN8PL,Varanasi Division,delivery_care,% of pregnant women delivered in institution against estimated delivery,2,40.02786169855656,2,coverage,2024,411,67
Ghazipur Sadar,VivEa0lrJEt,p,2023-07-01,Ghazipur,dScWdMRN8PL,Varanasi Division,immunization,"% of children received full immunization (BCG, Penta 1, 2, 3, Measles)",7,100.0,2,coverage,2024,411,67
Ghazipur Mardeh,iMSgdsfQfK3,p,2023-07-01,Ghazipur,dScWdMRN8PL,Varanasi Division,delivery_care,% of pregnant women delivered in institution against estimated delivery,2,55.145695364238435,2,coverage,2024,322,67
Ghazipur Mardeh,iMSgdsfQfK3,p,2023-07-01,Ghazipur,dScWdMRN8PL,Varanasi Division,immunization,"% of children received full immunization (BCG, Penta 1, 2, 3, Measles)",7,100.0,2,coverage,2024,322,67
Ghazipur Sadat,w2mC1IzGqJO,p,2023-07-01,Ghazipur,dScWdMRN8PL,Varanasi Division,delivery_care,% of pregnant women delivered in institution against estimated delivery,2,47.26521060842433,2,coverage,2024,532,67
Ghazipur Sadat,w2mC1IzGqJO,p,2023-07-01,Ghazipur,dScWdMRN8PL,Varanasi Division,immunization,"% of children received full immunization (BCG, Penta 1, 2, 3, Measles)",7,100.0,2,coverage,2024,532,67
Kanpur Dehat Rasulabad,jc9CoHdLFLu,p,2023-07-01,Kanpur Dehat,k3D0AumUCiC,Kanpur Nagar Division,delivery_care,% of pregnant women delivered in institution against estimated delivery,2,60.84489795918368,2,coverage,2024,264,57
Kanpur Dehat Rasulabad,jc9CoHdLFLu,p,2023-07-01,Kanpur Dehat,k3D0AumUCiC,Kanpur Nagar Division,immunization,"% of children received full immunization (BCG, Penta 1, 2, 3, Measles)",7,92.92662819455894,2,coverage,2024,264,57
Kanpur Dehat Amrodha,cIW3SsdBXzj,p,2023-07-01,Kanpur Dehat,k3D0AumUCiC,Kanpur Nagar Division,delivery_care,% of pregnant women delivered in institution against estimated delivery,2,83.70146288603937,2,coverage,2024,147,57
Kanpur Dehat Amrodha,cIW3SsdBXzj,p,2023-07-01,Kanpur Dehat,k3D0AumUCiC,Kanpur Nagar Division,immunization,"% of children received full immunization (BCG, Penta 1, 2, 3, Measles)",7,100.0,2,coverage,2024,147,57
Kanpur Dehat Serwenkheda,OnFJhLr5Af4,p,2023-07-01,Kanpur Dehat,k3D0AumUCiC,Kanpur Nagar Division,delivery_care,% of pregnant women delivered in institution against estimated delivery,2,49.94776828110162,2,coverage,2024,547,57
Kanpur Dehat Serwenkheda,OnFJhLr5Af4,p,2023-07-01,Kanpur Dehat,k3D0AumUCiC,Kanpur Nagar Division,immunization,"% of children received full immunization (BCG, Penta 1, 2, 3, Measles)",7,100.0,2,coverage,2024,547,57
Kanpur Dehat Derapur,Dt0dgcTvEpm,p,2023-07-01,Kanpur Dehat,k3D0AumUCiC,Kanpur Nagar Division,delivery_care,% of pregnant women delivered in institution against estimated delivery,2,75.93397745571659,2,coverage,2024,862,57
Kanpur Dehat Derapur,Dt0dgcTvEpm,p,2023-07-01,Kanpur Dehat,k3D0AumUCiC,Kanpur Nagar Division,immunization,"% of children received full immunization (BCG, Penta 1, 2, 3, Measles)",7,100.0,2,coverage,2024,862,57
Kanpur Dehat Rajpur,RCZZTOaqXrm,p,2023-07-01,Kanpur Dehat,k3D0AumUCiC,Kanpur Nagar Division,delivery_care,% of pregnant women delivered in institution against estimated delivery,2,88.75734901122395,2,coverage,2024,632,57
Kanpur Dehat Rajpur,RCZZTOaqXrm,p,2023-07-01,Kanpur Dehat,k3D0AumUCiC,Kanpur Nagar Division,immunization,"% of children received full immunization (BCG, Penta 1, 2, 3, Measles)",7,100.0,2,coverage,2024,632,57
Kanpur Dehat Miatha,qt0Ra0vMorS,p,2023-07-01,Kanpur Dehat,k3D0AumUCiC,Kanpur Nagar Division,delivery_care,% of pregnant women delivered in institution against estimated delivery,2,58.1858407079646,2,coverage,2024,888,57
Kanpur Dehat Miatha,qt0Ra0vMorS,p,2023-07-01,Kanpur Dehat,k3D0AumUCiC,Kanpur Nagar Division,immunization,"% of children received full immunization (BCG, Penta 1, 2, 3, Measles)",7,100.0,2,coverage,2024,888,57
Kanpur Dehat Akberpur,XyAwdfjaKov,p,2023-07-01,Kanpur Dehat,k3D0AumUCiC,Kanpur Nagar Division,delivery_care,% of pregnant women delivered in institution against estimated delivery,2,100.0,2,coverage,2024,630,57
Kanpur Dehat Akberpur,XyAwdfjaKov,p,2023-07-01,Kanpur Dehat,k3D0AumUCiC,Kanpur Nagar Division,immunization,"% of children received full immunization (BCG, Penta 1, 2, 3, Measles)",7,100.0,2,coverage,2024,630,57
Kanpur Dehat Melasa,QavHaYYE31I,p,2023-07-01,Kanpur Dehat,k3D0AumUCiC,Kanpur Nagar Division,delivery_care,% of pregnant women delivered in institution against estimated delivery,2,58.980828869467146,2,coverage,2024,35,57
Kanpur Dehat Melasa,QavHaYYE31I,p,2023-07-01,Kanpur Dehat,k3D0AumUCiC,Kanpur Nagar Division,immunization,"% of children received full immunization (BCG, Penta 1, 2, 3, Measles)",7,100.0,2,coverage,2024,35,57
Kanpur Dehat Ghinjhak,HddGvNsPs8y,p,2023-07-01,Kanpur Dehat,k3D0AumUCiC,Kanpur Nagar Division,delivery_care,% of pregnant women delivered in institution against estimated delivery,2,60.324096981692236,2,coverage,2024,431,57
Kanpur Dehat Ghinjhak,HddGvNsPs8y,p,2023-07-01,Kanpur Dehat,k3D0AumUCiC,Kanpur Nagar Division,immunization,"% of children received full immunization (BCG, Penta 1, 2, 3, Measles)",7,83.75812093953024,2,coverage,2024,431,57
Kanpur Dehat Sandalpur,Bc5VrfyFJO4,p,2023-07-01,Kanpur Dehat,k3D0AumUCiC,Kanpur Nagar Division,delivery_care,% of pregnant women delivered in institution against estimated delivery,2,60.230662504335754,2,coverage,2024,266,57
Kanpur Dehat Sandalpur,Bc5VrfyFJO4,p,2023-07-01,Kanpur Dehat,k3D0AumUCiC,Kanpur Nagar Division,immunization,"% of children received full immunization (BCG, Penta 1, 2, 3, Measles)",7,79.88787666433078,2,coverage,2024,266,57
Bijnor Noorpur,aHuzZgGIslk,p,2023-07-01,Bijnor,uCYjHW7FuGG,Moradabad Division,delivery_care,% of pregnant women delivered in institution against estimated delivery,2,70.28579031399681,2,coverage,2024,14,15
Bijnor Noorpur,aHuzZgGIslk,p,2023-07-01,Bijnor,uCYjHW7FuGG,Moradabad Division,immunization,"% of children received full immunization (BCG, Penta 1, 2, 3, Measles)",7,83.89593635777253,2,coverage,2024,14,15
Bijnor Chandok,shhTmT0DeTX,p,2023-07-01,Bijnor,uCYjHW7FuGG,Moradabad Division,delivery_care,% of pregnant women delivered in institution against estimated delivery,2,70.08167330677291,2,coverage,2024,773,15
Bijnor Chandok,shhTmT0DeTX,p,2023-07-01,Bijnor,uCYjHW7FuGG,Moradabad Division,immunization,"% of children received full immunization (BCG, Penta 1, 2, 3, Measles)",7,100.0,2,coverage,2024,773,15
Bijnor Afjialgarh,wwaYoRwSd1k,p,2023-07-01,Bijnor,uCYjHW7FuGG,Moradabad Division,delivery_care,% of pregnant women delivered in institution against estimated delivery,2,84.47368421052632,2,coverage,2024,219,15
Bijnor Afjialgarh,wwaYoRwSd1k,p,2023-07-01,Bijnor,uCYjHW7FuGG,Moradabad Division,immunization,"% of children received full immunization (BCG, Penta 1, 2, 3, Measles)",7,97.32890365448506,2,coverage,2024,219,15
Bijnor Jalilpur,EdO6OYkMy4n,p,2023-07-01,Bijnor,uCYjHW7FuGG,Moradabad Division,delivery_care,% of pregnant women delivered in institution against estimated delivery,2,67.49599025479647,2,coverage,2024,572,15
Bijnor Jalilpur,EdO6OYkMy4n,p,2023-07-01,Bijnor,uCYjHW7FuGG,Moradabad Division,immunization,"% of children received full immunization (BCG, Penta 1, 2, 3, Measles)",7,100.0,2,coverage,2024,572,15
Bijnor Seohara,X5WeRBwPtNl,p,2023-07-01,Bijnor,uCYjHW7FuGG,Moradabad Division,delivery_care,% of pregnant women delivered in institution against estimated delivery,2,68.60530902265721,2,coverage,2024,359,15
Bijnor Seohara,X5WeRBwPtNl,p,2023-07-01,Bijnor,uCYjHW7FuGG,Moradabad Division,immunization,"% of children received full immunization (BCG, Penta 1, 2, 3, Measles)",7,98.5781990521327,2,coverage,2024,359,15
Bijnor Kotwali,j5nQ6oNNVnX,p,2023-07-01,Bijnor,uCYjHW7FuGG,Moradabad Division,delivery_care,% of pregnant women delivered in institution against estimated delivery,2,75.56032835609653,2,coverage,2024,537,15
Bijnor Kotwali,j5nQ6oNNVnX,p,2023-07-01,Bijnor,uCYjHW7FuGG,Moradabad Division,immunization,"% of children received full immunization (BCG, Penta 1, 2, 3, Measles)",7,100.0,2,coverage,2024,537,15
Bijnor  DHQ  ,pE27TXbzXZ5,p,2023-07-01,Bijnor,uCYjHW7FuGG,Moradabad Division,delivery_care,% of pregnant women delivered in institution against estimated delivery,2,100.0,2,coverage,2024,496,15
Bijnor  DHQ  ,pE27TXbzXZ5,p,2023-07-01,Bijnor,uCYjHW7FuGG,Moradabad Division,immunization,"% of children received full immunization (BCG, Penta 1, 2, 3, Measles)",7,100.0,2,coverage,2024,496,15
Bijnor Haldaur,R2Jott0TJjX,p,2023-07-01,Bijnor,uCYjHW7FuGG,Moradabad Division,delivery_care,% of pregnant women delivered in institution against estimated delivery,2,63.23556140141098,2,coverage,2024,544,15
Bijnor Haldaur,R2Jott0TJjX,p,2023-07-01,Bijnor,uCYjHW7FuGG,Moradabad Division,immunization,"% of children received full immunization (BCG, Penta 1, 2, 3, Measles)",7,95.83383649317715,2,coverage,2024,544,15
Bijnor Kiratpur,rzAzyO3UWpL,p,2023-07-01,Bijnor,uCYjHW7FuGG,Moradabad Division,delivery_care,% of pregnant women delivered in institution against estimated delivery,2,91.27106227106228,2,coverage,2024,623,15
Bijnor Kiratpur,rzAzyO3UWpL,p,2023-07-01,Bijnor,uCYjHW7FuGG,Moradabad Division,immunization,"% of children received full immunization (BCG, Penta 1, 2, 3, Measles)",7,100.0,2,coverage,2024,623,15
Bijnor Dhampur,hFYPDvQ1x7I,p,2023-07-01,Bijnor,uCYjHW7FuGG,Moradabad Division,delivery_care,% of pregnant women delivered in institution against estimated delivery,2,69.91063174114022,2,coverage,2024,687,15
Bijnor Dhampur,hFYPDvQ1x7I,p,2023-07-01,Bijnor,uCYjHW7FuGG,Moradabad Division,immunization,"% of children received full immunization (BCG, Penta 1, 2, 3, Measles)",7,98.70635152222546,2,coverage,2024,687,15
Bijnor Najibabad,c6v4wYwFFOK,p,2023-07-01,Bijnor,uCYjHW7FuGG,Moradabad Division,delivery_care,% of pregnant women delivered in institution against estimated delivery,2,71.71580765908436,2,coverage,2024,622,15
Bijnor Najibabad,c6v4wYwFFOK,p,2023-07-01,Bijnor,uCYjHW7FuGG,Moradabad Division,immunization,"% of children received full immunization (BCG, Penta 1, 2, 3, Measles)",7,100.0,2,coverage,2024,622,15
Bijnor Nehtaur,rAeHXnn5JSw,p,2023-07-01,Bijnor,uCYjHW7FuGG,Moradabad Division,delivery_care,% of pregnant women delivered in institution against estimated delivery,2,76.19573153608536,2,coverage,2024,818,15
Bijnor Nehtaur,rAeHXnn5JSw,p,2023-07-01,Bijnor,uCYjHW7FuGG,Moradabad Division,immunization,"% of children received full immunization (BCG, Penta 1, 2, 3, Measles)",7,100.0,2,coverage,2024,818,15
Hathras Sahpau,AcznJJtvLKq,p,2023-07-01,Hathras,m1IAjmqkoFC,Alligarh Division,delivery_care,% of pregnant women delivered in institution against estimated delivery,2,71.06094997898276,2,coverage,2024,887,48
Hathras Sahpau,AcznJJtvLKq,p,2023-07-01,Hathras,m1IAjmqkoFC,Alligarh Division,immunization,"% of children received full immunization (BCG, Penta 1, 2, 3, Measles)",7,100.0,2,coverage,2024,887,48
Hathras Mursan,NHwhqnwjZ0d,p,2023-07-01,Hathras,m1IAjmqkoFC,Alligarh Division,delivery_care,% of pregnant women delivered in institution against estimated delivery,2,79.80327279266318,2,coverage,2024,386,48
Hathras Mursan,NHwhqnwjZ0d,p,2023-07-01,Hathras,m1IAjmqkoFC,Alligarh Division,immunization,"% of children received full immunization (BCG, Penta 1, 2, 3, Measles)",7,97.71158735924446,2,coverage,2024,386,48
Hathras DHQ,NZZfSO3tDC5,p,2023-07-01,Hathras,m1IAjmqkoFC,Alligarh Division,delivery_care,% of pregnant women delivered in institution against estimated delivery,2,100.0,2,coverage,2024,757,48
Hathras DHQ,NZZfSO3tDC5,p,2023-07-01,Hathras,m1IAjmqkoFC,Alligarh Division,immunization,"% of children received full immunization (BCG, Penta 1, 2, 3, Measles)",7,99.31251227656652,2,coverage,2024,757,48
Hathras Hasayan,TY8SzPsUCPQ,p,2023-07-01,Hathras,m1IAjmqkoFC,Alligarh Division,delivery_care,% of pregnant women delivered in institution against estimated delivery,2,92.4786746563271,2,coverage,2024,355,48
Hathras Hasayan,TY8SzPsUCPQ,p,2023-07-01,Hathras,m1IAjmqkoFC,Alligarh Division,immunization,"% of children received full immunization (BCG, Penta 1, 2, 3, Measles)",7,100.0,2,coverage,2024,355,48
Hathras Sasni,Sy6tfTi18KA,p,2023-07-01,Hathras,m1IAjmqkoFC,Alligarh Division,delivery_care,% of pregnant women delivered in institution against estimated delivery,2,65.88675684177414,2,coverage,2024,694,48
Hathras Sasni,Sy6tfTi18KA,p,2023-07-01,Hathras,m1IAjmqkoFC,Alligarh Division,immunization,"% of children received full immunization (BCG, Penta 1, 2, 3, Measles)",7,96.20333598093724,2,coverage,2024,694,48
Hathras Maho,tisCSlmEcvz,p,2023-07-01,Hathras,m1IAjmqkoFC,Alligarh Division,delivery_care,% of pregnant women delivered in institution against estimated delivery,2,65.24589499290492,2,coverage,2024,701,48
Hathras Maho,tisCSlmEcvz,p,2023-07-01,Hathras,m1IAjmqkoFC,Alligarh Division,immunization,"% of children received full immunization (BCG, Penta 1, 2, 3, Measles)",7,100.0,2,coverage,2024,701,48
Hathras Sadabad,nGMlBiXPa8W,p,2023-07-01,Hathras,m1IAjmqkoFC,Alligarh Division,delivery_care,% of pregnant women delivered in institution against estimated delivery,2,100.0,2,coverage,2024,831,48
Hathras Sadabad,nGMlBiXPa8W,p,2023-07-01,Hathras,m1IAjmqkoFC,Alligarh Division,immunization,"% of children received full immunization (BCG, Penta 1, 2, 3, Measles)",7,100.0,2,coverage,2024,831,48
Hathras Sikandra Rao,ws066anR0wR,p,2023-07-01,Hathras,m1IAjmqkoFC,Alligarh Division,delivery_care,% of pregnant women delivered in institution against estimated delivery,2,76.94925785295132,2,coverage,2024,129,48
Hathras Sikandra Rao,ws066anR0wR,p,2023-07-01,Hathras,m1IAjmqkoFC,Alligarh Division,immunization,"% of children received full immunization (BCG, Penta 1, 2, 3, Measles)",7,100.0,2,coverage,2024,129,48
Haidergarh,rFyFe7T2XXz,p,2023-07-01,Barabanki,tzH6nJu9SwS,Ayodhya Division,delivery_care,% of pregnant women delivered in institution against estimated delivery,2,56.70860927152318,2,coverage,2024,702,41
Haidergarh,rFyFe7T2XXz,p,2023-07-01,Barabanki,tzH6nJu9SwS,Ayodhya Division,immunization,"% of children received full immunization (BCG, Penta 1, 2, 3, Measles)",7,95.95621769534813,2,coverage,2024,702,41
Dewa,LsCBHm1wj5S,p,2023-07-01,Barabanki,tzH6nJu9SwS,Ayodhya Division,delivery_care,% of pregnant women delivered in institution against estimated delivery,2,61.64455550507346,2,coverage,2024,728,41
Dewa,LsCBHm1wj5S,p,2023-07-01,Barabanki,tzH6nJu9SwS,Ayodhya Division,immunization,"% of children received full immunization (BCG, Penta 1, 2, 3, Measles)",7,100.0,2,coverage,2024,728,41
Trivadi Ganj,gDpxx6NrC99,p,2023-07-01,Barabanki,tzH6nJu9SwS,Ayodhya Division,delivery_care,% of pregnant women delivered in institution against estimated delivery,2,55.205532148745185,2,coverage,2024,407,41
Trivadi Ganj,gDpxx6NrC99,p,2023-07-01,Barabanki,tzH6nJu9SwS,Ayodhya Division,immunization,"% of children received full immunization (BCG, Penta 1, 2, 3, Measles)",7,98.87141535615172,2,coverage,2024,407,41
Dariyabad,Rf7c1xtIt4m,p,2023-07-01,Barabanki,tzH6nJu9SwS,Ayodhya Division,delivery_care,% of pregnant women delivered in institution against estimated delivery,2,52.04109589041096,2,coverage,2024,11,41
Dariyabad,Rf7c1xtIt4m,p,2023-07-01,Barabanki,tzH6nJu9SwS,Ayodhya Division,immunization,"% of children received full immunization (BCG, Penta 1, 2, 3, Measles)",7,100.0,2,coverage,2024,11,41
Masouli,YsCQwRlNGrw,p,2023-07-01,Barabanki,tzH6nJu9SwS,Ayodhya Division,delivery_care,% of pregnant women delivered in institution against estimated delivery,2,80.61353673505174,2,coverage,2024,512,41
Masouli,YsCQwRlNGrw,p,2023-07-01,Barabanki,tzH6nJu9SwS,Ayodhya Division,immunization,"% of children received full immunization (BCG, Penta 1, 2, 3, Measles)",7,82.04038257173221,2,coverage,2024,512,41
Barabanki DHQ,jqG1GfySEy7,p,2023-07-01,Barabanki,tzH6nJu9SwS,Ayodhya Division,delivery_care,% of pregnant women delivered in institution against estimated delivery,2,100.0,2,coverage,2024,437,41
Barabanki DHQ,jqG1GfySEy7,p,2023-07-01,Barabanki,tzH6nJu9SwS,Ayodhya Division,immunization,"% of children received full immunization (BCG, Penta 1, 2, 3, Measles)",7,61.14819759679573,2,coverage,2024,437,41
Siddhaur,IdkC83lgdBj,p,2023-07-01,Barabanki,tzH6nJu9SwS,Ayodhya Division,delivery_care,% of pregnant women delivered in institution against estimated delivery,2,68.94525235243798,2,coverage,2024,19,41
Siddhaur,IdkC83lgdBj,p,2023-07-01,Barabanki,tzH6nJu9SwS,Ayodhya Division,immunization,"% of children received full immunization (BCG, Penta 1, 2, 3, Measles)",7,100.0,2,coverage,2024,19,41
Fatehpur,iRCOLiyhze6,p,2023-07-01,Barabanki,tzH6nJu9SwS,Ayodhya Division,delivery_care,% of pregnant women delivered in institution against estimated delivery,2,46.91427225624117,2,coverage,2024,490,41
Fatehpur,iRCOLiyhze6,p,2023-07-01,Barabanki,tzH6nJu9SwS,Ayodhya Division,immunization,"% of children received full immunization (BCG, Penta 1, 2, 3, Measles)",7,95.29019980970504,2,coverage,2024,490,41
Suratganj,HLaiapcp8KF,p,2023-07-01,Barabanki,tzH6nJu9SwS,Ayodhya Division,delivery_care,% of pregnant women delivered in institution against estimated delivery,2,72.51859956236324,2,coverage,2024,691,41
Suratganj,HLaiapcp8KF,p,2023-07-01,Barabanki,tzH6nJu9SwS,Ayodhya Division,immunization,"% of children received full immunization (BCG, Penta 1, 2, 3, Measles)",7,100.0,2,coverage,2024,691,41
Banikoder,sCFJS0l4C5z,p,2023-07-01,Barabanki,tzH6nJu9SwS,Ayodhya Division,delivery_care,% of pregnant women delivered in institution against estimated delivery,2,58.70943075615972,2,coverage,2024,10,41
Banikoder,sCFJS0l4C5z,p,2023-07-01,Barabanki,tzH6nJu9SwS,Ayodhya Division,immunization,"% of children received full immunization (BCG, Penta 1, 2, 3, Measles)",7,100.0,2,coverage,2024,10,41
Harakh,zM7L5Up3Rp4,p,2023-07-01,Barabanki,tzH6nJu9SwS,Ayodhya Division,delivery_care,% of pregnant women delivered in institution against estimated delivery,2,45.789699570815436,2,coverage,2024,328,41
Harakh,zM7L5Up3Rp4,p,2023-07-01,Barabanki,tzH6nJu9SwS,Ayodhya Division,immunization,"% of children received full immunization (BCG, Penta 1, 2, 3, Measles)",7,100.0,2,coverage,2024,328,41
Puradali,ctD8xxTsymJ,p,2023-07-01,Barabanki,tzH6nJu9SwS,Ayodhya Division,delivery_care,% of pregnant women delivered in institution against estimated delivery,2,74.63086163086163,2,coverage,2024,171,41
Puradali,ctD8xxTsymJ,p,2023-07-01,Barabanki,tzH6nJu9SwS,Ayodhya Division,immunization,"% of children received full immunization (BCG, Penta 1, 2, 3, Measles)",7,100.0,2,coverage,2024,171,41
Ramnagar Barabanki,KNS89BltpLw,p,2023-07-01,Barabanki,tzH6nJu9SwS,Ayodhya Division,delivery_care,% of pregnant women delivered in institution against estimated delivery,2,45.97107507105835,2,coverage,2024,569,41
Ramnagar Barabanki,KNS89BltpLw,p,2023-07-01,Barabanki,tzH6nJu9SwS,Ayodhya Division,immunization,"% of children received full immunization (BCG, Penta 1, 2, 3, Measles)",7,90.84768659236744,2,coverage,2024,569,41
Sirauli Gaus Pur,ZfE3mnPPu5Y,p,2023-07-01,Barabanki,tzH6nJu9SwS,Ayodhya Division,delivery_care,% of pregnant women delivered in institution against estimated delivery,2,100.0,2,coverage,2024,641,41
Sirauli Gaus Pur,ZfE3mnPPu5Y,p,2023-07-01,Barabanki,tzH6nJu9SwS,Ayodhya Division,immunization,"% of children received full immunization (BCG, Penta 1, 2, 3, Measles)",7,100.0,2,coverage,2024,641,41
Banki,zrtAHVhGVAe,p,2023-07-01,Barabanki,tzH6nJu9SwS,Ayodhya Division,delivery_care,% of pregnant women delivered in institution against estimated delivery,2,20.61234607388453,2,coverage,2024,707,41
Banki,zrtAHVhGVAe,p,2023-07-01,Barabanki,tzH6nJu9SwS,Ayodhya Division,immunization,"% of children received full immunization (BCG, Penta 1, 2, 3, Measles)",7,98.40090453884672,2,coverage,2024,707,41
Nindura,QvnprpIbIJp,p,2023-07-01,Barabanki,tzH6nJu9SwS,Ayodhya Division,delivery_care,% of pregnant women delivered in institution against estimated delivery,2,70.23279439118615,2,coverage,2024,627,41
Nindura,QvnprpIbIJp,p,2023-07-01,Barabanki,tzH6nJu9SwS,Ayodhya Division,immunization,"% of children received full immunization (BCG, Penta 1, 2, 3, Measles)",7,96.35838150289018,2,coverage,2024,627,41
Mauranipur,cmHMhMayFWq,p,2023-07-01,Jhansi,Mq751wBMqGF,Jhansi Division,delivery_care,% of pregnant women delivered in institution against estimated delivery,2,87.24314936318025,2,coverage,2024,720,25
Mauranipur,cmHMhMayFWq,p,2023-07-01,Jhansi,Mq751wBMqGF,Jhansi Division,immunization,"% of children received full immunization (BCG, Penta 1, 2, 3, Measles)",7,100.0,2,coverage,2024,720,25
Jhansi DHQ,o2TR0og834Q,p,2023-07-01,Jhansi,Mq751wBMqGF,Jhansi Division,delivery_care,% of pregnant women delivered in institution against estimated delivery,2,78.25260291526509,2,coverage,2024,91,25
Jhansi DHQ,o2TR0og834Q,p,2023-07-01,Jhansi,Mq751wBMqGF,Jhansi Division,immunization,"% of children received full immunization (BCG, Penta 1, 2, 3, Measles)",7,100.0,2,coverage,2024,91,25
Bada Gaon,l7op2G8Asvm,p,2023-07-01,Jhansi,Mq751wBMqGF,Jhansi Division,delivery_care,% of pregnant women delivered in institution against estimated delivery,2,61.08505540581014,2,coverage,2024,225,25
Bada Gaon,l7op2G8Asvm,p,2023-07-01,Jhansi,Mq751wBMqGF,Jhansi Division,immunization,"% of children received full immunization (BCG, Penta 1, 2, 3, Measles)",7,100.0,2,coverage,2024,225,25
Chirgaon,CNdl7yi4n8S,p,2023-07-01,Jhansi,Mq751wBMqGF,Jhansi Division,delivery_care,% of pregnant women delivered in institution against estimated delivery,2,100.0,2,coverage,2024,523,25
Chirgaon,CNdl7yi4n8S,p,2023-07-01,Jhansi,Mq751wBMqGF,Jhansi Division,immunization,"% of children received full immunization (BCG, Penta 1, 2, 3, Measles)",7,100.0,2,coverage,2024,523,25
Bangra,W9mkfkYcPh8,p,2023-07-01,Jhansi,Mq751wBMqGF,Jhansi Division,delivery_care,% of pregnant women delivered in institution against estimated delivery,2,67.63054647361047,2,coverage,2024,33,25
Bangra,W9mkfkYcPh8,p,2023-07-01,Jhansi,Mq751wBMqGF,Jhansi Division,immunization,"% of children received full immunization (BCG, Penta 1, 2, 3, Measles)",7,100.0,2,coverage,2024,33,25
Gursaria,h9b0ymhftGb,p,2023-07-01,Jhansi,Mq751wBMqGF,Jhansi Division,delivery_care,% of pregnant women delivered in institution against estimated delivery,2,79.14908034849952,2,coverage,2024,326,25
Gursaria,h9b0ymhftGb,p,2023-07-01,Jhansi,Mq751wBMqGF,Jhansi Division,immunization,"% of children received full immunization (BCG, Penta 1, 2, 3, Measles)",7,99.63334148130043,2,coverage,2024,326,25
Bamaur,yfN8RlEk6Eo,p,2023-07-01,Jhansi,Mq751wBMqGF,Jhansi Division,delivery_care,% of pregnant women delivered in institution against estimated delivery,2,59.574257425742566,2,coverage,2024,41,25
Bamaur,yfN8RlEk6Eo,p,2023-07-01,Jhansi,Mq751wBMqGF,Jhansi Division,immunization,"% of children received full immunization (BCG, Penta 1, 2, 3, Measles)",7,99.33333333333331,2,coverage,2024,41,25
Moth,cvjZcBpUtSR,p,2023-07-01,Jhansi,Mq751wBMqGF,Jhansi Division,delivery_care,% of pregnant women delivered in institution against estimated delivery,2,66.30148715637675,2,coverage,2024,519,25
Moth,cvjZcBpUtSR,p,2023-07-01,Jhansi,Mq751wBMqGF,Jhansi Division,immunization,"% of children received full immunization (BCG, Penta 1, 2, 3, Measles)",7,100.0,2,coverage,2024,519,25
Babina,jtzi71zh7X8,p,2023-07-01,Jhansi,Mq751wBMqGF,Jhansi Division,delivery_care,% of pregnant women delivered in institution against estimated delivery,2,63.92992467473179,2,coverage,2024,522,25
Babina,jtzi71zh7X8,p,2023-07-01,Jhansi,Mq751wBMqGF,Jhansi Division,immunization,"% of children received full immunization (BCG, Penta 1, 2, 3, Measles)",7,100.0,2,coverage,2024,522,25
Agra Achnera,eV15qufBx79,p,2023-07-01,Agra,N5WWbRtsjWp,Agra Division,delivery_care,% of pregnant women delivered in institution against estimated delivery,2,100.0,2,coverage,2024,755,12
Agra Achnera,eV15qufBx79,p,2023-07-01,Agra,N5WWbRtsjWp,Agra Division,immunization,"% of children received full immunization (BCG, Penta 1, 2, 3, Measles)",7,95.16200621393698,2,coverage,2024,755,12
Agra Khaundali,NWLheaE7Ac4,p,2023-07-01,Agra,N5WWbRtsjWp,Agra Division,delivery_care,% of pregnant women delivered in institution against estimated delivery,2,100.0,2,coverage,2024,601,12
Agra Khaundali,NWLheaE7Ac4,p,2023-07-01,Agra,N5WWbRtsjWp,Agra Division,immunization,"% of children received full immunization (BCG, Penta 1, 2, 3, Measles)",7,100.0,2,coverage,2024,601,12
Agra Sainya,mqJOhnNW2ce,p,2023-07-01,Agra,N5WWbRtsjWp,Agra Division,delivery_care,% of pregnant women delivered in institution against estimated delivery,2,100.0,2,coverage,2024,394,12
Agra Sainya,mqJOhnNW2ce,p,2023-07-01,Agra,N5WWbRtsjWp,Agra Division,immunization,"% of children received full immunization (BCG, Penta 1, 2, 3, Measles)",7,94.28759028233749,2,coverage,2024,394,12
Agra Shashambad,CSr734nIeVU,p,2023-07-01,Agra,N5WWbRtsjWp,Agra Division,delivery_care,% of pregnant women delivered in institution against estimated delivery,2,100.0,2,coverage,2024,249,12
Agra Shashambad,CSr734nIeVU,p,2023-07-01,Agra,N5WWbRtsjWp,Agra Division,immunization,"% of children received full immunization (BCG, Penta 1, 2, 3, Measles)",7,100.0,2,coverage,2024,249,12
Agra Fathehabad,vKblzOJTuGM,p,2023-07-01,Agra,N5WWbRtsjWp,Agra Division,delivery_care,% of pregnant women delivered in institution against estimated delivery,2,100.0,2,coverage,2024,895,12
Agra Fathehabad,vKblzOJTuGM,p,2023-07-01,Agra,N5WWbRtsjWp,Agra Division,immunization,"% of children received full immunization (BCG, Penta 1, 2, 3, Measles)",7,98.49407241268824,2,coverage,2024,895,12
Agra Jagner,JGBdoOZp18V,p,2023-07-01,Agra,N5WWbRtsjWp,Agra Division,delivery_care,% of pregnant women delivered in institution against estimated delivery,2,100.0,2,coverage,2024,344,12
Agra Jagner,JGBdoOZp18V,p,2023-07-01,Agra,N5WWbRtsjWp,Agra Division,immunization,"% of children received full immunization (BCG, Penta 1, 2, 3, Measles)",7,100.0,2,coverage,2024,344,12
Agra Barauli Ahir,PskcWzXXxHt,p,2023-07-01,Agra,N5WWbRtsjWp,Agra Division,delivery_care,% of pregnant women delivered in institution against estimated delivery,2,81.5147340221967,2,coverage,2024,644,12
Agra Barauli Ahir,PskcWzXXxHt,p,2023-07-01,Agra,N5WWbRtsjWp,Agra Division,immunization,"% of children received full immunization (BCG, Penta 1, 2, 3, Measles)",7,97.48743718592964,2,coverage,2024,644,12
Agra Kahiragarh,hO5EeDRnO8S,p,2023-07-01,Agra,N5WWbRtsjWp,Agra Division,delivery_care,% of pregnant women delivered in institution against estimated delivery,2,92.12954186413904,2,coverage,2024,231,12
Agra Kahiragarh,hO5EeDRnO8S,p,2023-07-01,Agra,N5WWbRtsjWp,Agra Division,immunization,"% of children received full immunization (BCG, Penta 1, 2, 3, Measles)",7,87.75428799361788,2,coverage,2024,231,12
Agra Etmadpur,xiUPA06ix22,p,2023-07-01,Agra,N5WWbRtsjWp,Agra Division,delivery_care,% of pregnant women delivered in institution against estimated delivery,2,100.0,2,coverage,2024,663,12
Agra Etmadpur,xiUPA06ix22,p,2023-07-01,Agra,N5WWbRtsjWp,Agra Division,immunization,"% of children received full immunization (BCG, Penta 1, 2, 3, Measles)",7,90.03718927383049,2,coverage,2024,663,12
Agra Bichpuri,RjTiJ3wL4Ir,p,2023-07-01,Agra,N5WWbRtsjWp,Agra Division,delivery_care,% of pregnant women delivered in institution against estimated delivery,2,100.0,2,coverage,2024,836,12
Agra Bichpuri,RjTiJ3wL4Ir,p,2023-07-01,Agra,N5WWbRtsjWp,Agra Division,immunization,"% of children received full immunization (BCG, Penta 1, 2, 3, Measles)",7,100.0,2,coverage,2024,836,12
Agra Pinhat,sGuuKBoA9Rh,p,2023-07-01,Agra,N5WWbRtsjWp,Agra Division,delivery_care,% of pregnant women delivered in institution against estimated delivery,2,100.0,2,coverage,2024,854,12
Agra Pinhat,sGuuKBoA9Rh,p,2023-07-01,Agra,N5WWbRtsjWp,Agra Division,immunization,"% of children received full immunization (BCG, Penta 1, 2, 3, Measles)",7,100.0,2,coverage,2024,854,12
Agra Fatehpur Sikhri,tZd8rrGLhlU,p,2023-07-01,Agra,N5WWbRtsjWp,Agra Division,delivery_care,% of pregnant women delivered in institution against estimated delivery,2,92.1843766913224,2,coverage,2024,751,12
Agra Fatehpur Sikhri,tZd8rrGLhlU,p,2023-07-01,Agra,N5WWbRtsjWp,Agra Division,immunization,"% of children received full immunization (BCG, Penta 1, 2, 3, Measles)",7,93.87755102040815,2,coverage,2024,751,12
Agra Akola,iqYgALY5y5A,p,2023-07-01,Agra,N5WWbRtsjWp,Agra Division,delivery_care,% of pregnant women delivered in institution against estimated delivery,2,100.0,2,coverage,2024,47,12
Agra Akola,iqYgALY5y5A,p,2023-07-01,Agra,N5WWbRtsjWp,Agra Division,immunization,"% of children received full immunization (BCG, Penta 1, 2, 3, Measles)",7,100.0,2,coverage,2024,47,12
Agra Jaitpur Kala,PlRYdgqkTLD,p,2023-07-01,Agra,N5WWbRtsjWp,Agra Division,delivery_care,% of pregnant women delivered in institution against estimated delivery,2,97.35056636654079,2,coverage,2024,191,12
Agra Jaitpur Kala,PlRYdgqkTLD,p,2023-07-01,Agra,N5WWbRtsjWp,Agra Division,immunization,"% of children received full immunization (BCG, Penta 1, 2, 3, Measles)",7,80.72748606629509,2,coverage,2024,191,12
Agra Bah,TNFp3ouQZzy,p,2023-07-01,Agra,N5WWbRtsjWp,Agra Division,delivery_care,% of pregnant women delivered in institution against estimated delivery,2,100.0,2,coverage,2024,499,12
Agra Bah,TNFp3ouQZzy,p,2023-07-01,Agra,N5WWbRtsjWp,Agra Division,immunization,"% of children received full immunization (BCG, Penta 1, 2, 3, Measles)",7,98.11980760822037,2,coverage,2024,499,12
Agra DHQ,CUTzCqh1nRn,p,2023-07-01,Agra,N5WWbRtsjWp,Agra Division,delivery_care,% of pregnant women delivered in institution against estimated delivery,2,78.6924734890939,2,coverage,2024,555,12
Agra DHQ,CUTzCqh1nRn,p,2023-07-01,Agra,N5WWbRtsjWp,Agra Division,immunization,"% of children received full immunization (BCG, Penta 1, 2, 3, Measles)",7,75.72980386181074,2,coverage,2024,555,12
Dobhi,OTeT1SgY1F7,p,2023-07-01,Jaunpur,gmw76vAUMqz,Varanasi Division,delivery_care,% of pregnant women delivered in institution against estimated delivery,2,70.59274817598939,2,coverage,2024,813,54
Dobhi,OTeT1SgY1F7,p,2023-07-01,Jaunpur,gmw76vAUMqz,Varanasi Division,immunization,"% of children received full immunization (BCG, Penta 1, 2, 3, Measles)",7,100.0,2,coverage,2024,813,54
Sujanganj,dQvMLUi5rMw,p,2023-07-01,Jaunpur,gmw76vAUMqz,Varanasi Division,delivery_care,% of pregnant women delivered in institution against estimated delivery,2,53.39575971731447,2,coverage,2024,209,54
Sujanganj,dQvMLUi5rMw,p,2023-07-01,Jaunpur,gmw76vAUMqz,Varanasi Division,immunization,"% of children received full immunization (BCG, Penta 1, 2, 3, Measles)",7,90.29264810849394,2,coverage,2024,209,54
Ramnagar Jaunpur,SiApLfkyuVz,p,2023-07-01,Jaunpur,gmw76vAUMqz,Varanasi Division,delivery_care,% of pregnant women delivered in institution against estimated delivery,2,49.975162938171565,2,coverage,2024,889,54
Ramnagar Jaunpur,SiApLfkyuVz,p,2023-07-01,Jaunpur,gmw76vAUMqz,Varanasi Division,immunization,"% of children received full immunization (BCG, Penta 1, 2, 3, Measles)",7,100.0,2,coverage,2024,889,54
MoBadshahpur,Y1OSp1Ck66B,p,2023-07-01,Jaunpur,gmw76vAUMqz,Varanasi Division,delivery_care,% of pregnant women delivered in institution against estimated delivery,2,69.14127282033783,2,coverage,2024,414,54
MoBadshahpur,Y1OSp1Ck66B,p,2023-07-01,Jaunpur,gmw76vAUMqz,Varanasi Division,immunization,"% of children received full immunization (BCG, Penta 1, 2, 3, Measles)",7,100.0,2,coverage,2024,414,54
Mahrajganj,FBVobg8QhyC,p,2023-07-01,Jaunpur,gmw76vAUMqz,Varanasi Division,delivery_care,% of pregnant women delivered in institution against estimated delivery,2,34.21973094170404,2,coverage,2024,320,54
Mahrajganj,FBVobg8QhyC,p,2023-07-01,Jaunpur,gmw76vAUMqz,Varanasi Division,immunization,"% of children received full immunization (BCG, Penta 1, 2, 3, Measles)",7,98.36956521739133,2,coverage,2024,320,54
Jalalpur,OmRJBPDSih0,p,2023-07-01,Jaunpur,gmw76vAUMqz,Varanasi Division,delivery_care,% of pregnant women delivered in institution against estimated delivery,2,95.60109289617485,2,coverage,2024,298,54
Jalalpur,OmRJBPDSih0,p,2023-07-01,Jaunpur,gmw76vAUMqz,Varanasi Division,immunization,"% of children received full immunization (BCG, Penta 1, 2, 3, Measles)",7,100.0,2,coverage,2024,298,54
Suithakala,qyXPcuW4JMr,p,2023-07-01,Jaunpur,gmw76vAUMqz,Varanasi Division,delivery_care,% of pregnant women delivered in institution against estimated delivery,2,60.90534897593954,2,coverage,2024,525,54
Suithakala,qyXPcuW4JMr,p,2023-07-01,Jaunpur,gmw76vAUMqz,Varanasi Division,immunization,"% of children received full immunization (BCG, Penta 1, 2, 3, Measles)",7,100.0,2,coverage,2024,525,54
Sikrara,pb5hWAn45Rk,p,2023-07-01,Jaunpur,gmw76vAUMqz,Varanasi Division,delivery_care,% of pregnant women delivered in institution against estimated delivery,2,48.44424131627056,2,coverage,2024,361,54
Sikrara,pb5hWAn45Rk,p,2023-07-01,Jaunpur,gmw76vAUMqz,Varanasi Division,immunization,"% of children received full immunization (BCG, Penta 1, 2, 3, Measles)",7,100.0,2,coverage,2024,361,54
Dharmapur,K2hjVgS0LFm,p,2023-07-01,Jaunpur,gmw76vAUMqz,Varanasi Division,delivery_care,% of pregnant women delivered in institution against estimated delivery,2,36.22446750409612,2,coverage,2024,345,54
Dharmapur,K2hjVgS0LFm,p,2023-07-01,Jaunpur,gmw76vAUMqz,Varanasi Division,immunization,"% of children received full immunization (BCG, Penta 1, 2, 3, Measles)",7,100.0,2,coverage,2024,345,54
Badlapur,HU9Fxw66kJA,p,2023-07-01,Jaunpur,gmw76vAUMqz,Varanasi Division,delivery_care,% of pregnant women delivered in institution against estimated delivery,2,60.905593275137406,2,coverage,2024,227,54
Badlapur,HU9Fxw66kJA,p,2023-07-01,Jaunpur,gmw76vAUMqz,Varanasi Division,immunization,"% of children received full immunization (BCG, Penta 1, 2, 3, Measles)",7,100.0,2,coverage,2024,227,54
Jaunpur DHQ,i81wO4m0rn2,p,2023-07-01,Jaunpur,gmw76vAUMqz,Varanasi Division,delivery_care,% of pregnant women delivered in institution against estimated delivery,2,100.0,2,coverage,2024,404,54
Jaunpur DHQ,i81wO4m0rn2,p,2023-07-01,Jaunpur,gmw76vAUMqz,Varanasi Division,immunization,"% of children received full immunization (BCG, Penta 1, 2, 3, Measles)",7,100.0,2,coverage,2024,404,54
Barsathi,CqlV6Koe6vJ,p,2023-07-01,Jaunpur,gmw76vAUMqz,Varanasi Division,delivery_care,% of pregnant women delivered in institution against estimated delivery,2,45.19218545522528,2,coverage,2024,31,54
Barsathi,CqlV6Koe6vJ,p,2023-07-01,Jaunpur,gmw76vAUMqz,Varanasi Division,immunization,"% of children received full immunization (BCG, Penta 1, 2, 3, Measles)",7,100.0,2,coverage,2024,31,54
Madhiyahoo,B9itA8m0ytx,p,2023-07-01,Jaunpur,gmw76vAUMqz,Varanasi Division,delivery_care,% of pregnant women delivered in institution against estimated delivery,2,44.47270137680014,2,coverage,2024,524,54
Madhiyahoo,B9itA8m0ytx,p,2023-07-01,Jaunpur,gmw76vAUMqz,Varanasi Division,immunization,"% of children received full immunization (BCG, Penta 1, 2, 3, Measles)",7,100.0,2,coverage,2024,524,54
Khuthan,yQrRCA2ngHE,p,2023-07-01,Jaunpur,gmw76vAUMqz,Varanasi Division,delivery_care,% of pregnant women delivered in institution against estimated delivery,2,34.890064868555825,2,coverage,2024,774,54
Khuthan,yQrRCA2ngHE,p,2023-07-01,Jaunpur,gmw76vAUMqz,Varanasi Division,immunization,"% of children received full immunization (BCG, Penta 1, 2, 3, Measles)",7,94.06896551724138,2,coverage,2024,774,54
Baksha,UUtQaeoOtV1,p,2023-07-01,Jaunpur,gmw76vAUMqz,Varanasi Division,delivery_care,% of pregnant women delivered in institution against estimated delivery,2,78.40803538518244,2,coverage,2024,160,54
Baksha,UUtQaeoOtV1,p,2023-07-01,Jaunpur,gmw76vAUMqz,Varanasi Division,immunization,"% of children received full immunization (BCG, Penta 1, 2, 3, Measles)",7,100.0,2,coverage,2024,160,54
Machhalishahar,p6cTEKZv0Bb,p,2023-07-01,Jaunpur,gmw76vAUMqz,Varanasi Division,delivery_care,% of pregnant women delivered in institution against estimated delivery,2,77.7700312174818,2,coverage,2024,396,54
Machhalishahar,p6cTEKZv0Bb,p,2023-07-01,Jaunpur,gmw76vAUMqz,Varanasi Division,immunization,"% of children received full immunization (BCG, Penta 1, 2, 3, Measles)",7,100.0,2,coverage,2024,396,54
Karnjakala,bU9RuaPWXkH,p,2023-07-01,Jaunpur,gmw76vAUMqz,Varanasi Division,delivery_care,% of pregnant women delivered in institution against estimated delivery,2,41.55819622181597,2,coverage,2024,859,54
Karnjakala,bU9RuaPWXkH,p,2023-07-01,Jaunpur,gmw76vAUMqz,Varanasi Division,immunization,"% of children received full immunization (BCG, Penta 1, 2, 3, Measles)",7,100.0,2,coverage,2024,859,54
Muftiganj,sfvcD32u4kK,p,2023-07-01,Jaunpur,gmw76vAUMqz,Varanasi Division,delivery_care,% of pregnant women delivered in institution against estimated delivery,2,62.99708879184861,2,coverage,2024,94,54
Muftiganj,sfvcD32u4kK,p,2023-07-01,Jaunpur,gmw76vAUMqz,Varanasi Division,immunization,"% of children received full immunization (BCG, Penta 1, 2, 3, Measles)",7,100.0,2,coverage,2024,94,54
Rampur,MENKSvmhb6i,p,2023-07-01,Jaunpur,gmw76vAUMqz,Varanasi Division,delivery_care,% of pregnant women delivered in institution against estimated delivery,2,48.42161974278763,2,coverage,2024,881,54
Rampur,MENKSvmhb6i,p,2023-07-01,Jaunpur,gmw76vAUMqz,Varanasi Division,immunization,"% of children received full immunization (BCG, Penta 1, 2, 3, Measles)",7,100.0,2,coverage,2024,881,54
Sondhi,EcaeGqA47MY,p,2023-07-01,Jaunpur,gmw76vAUMqz,Varanasi Division,delivery_care,% of pregnant women delivered in institution against estimated delivery,2,53.45822495057746,2,coverage,2024,270,54
Sondhi,EcaeGqA47MY,p,2023-07-01,Jaunpur,gmw76vAUMqz,Varanasi Division,immunization,"% of children received full immunization (BCG, Penta 1, 2, 3, Measles)",7,100.0,2,coverage,2024,270,54
Kerakat,joT95cJHrTQ,p,2023-07-01,Jaunpur,gmw76vAUMqz,Varanasi Division,delivery_care,% of pregnant women delivered in institution against estimated delivery,2,54.09556057185855,2,coverage,2024,56,54
Kerakat,joT95cJHrTQ,p,2023-07-01,Jaunpur,gmw76vAUMqz,Varanasi Division,immunization,"% of children received full immunization (BCG, Penta 1, 2, 3, Measles)",7,100.0,2,coverage,2024,56,54
Sirkoni,nftiI8Ch1nw,p,2023-07-01,Jaunpur,gmw76vAUMqz,Varanasi Division,delivery_care,% of pregnant women delivered in institution against estimated delivery,2,27.45241809672387,2,coverage,2024,907,54
Sirkoni,nftiI8Ch1nw,p,2023-07-01,Jaunpur,gmw76vAUMqz,Varanasi Division,immunization,"% of children received full immunization (BCG, Penta 1, 2, 3, Measles)",7,100.0,2,coverage,2024,907,54
Hamirpur Sumerpur,q73Py9jt80A,p,2023-07-01,Hamirpur,VSI7HobT5qL,Chitrakoot Division,delivery_care,% of pregnant women delivered in institution against estimated delivery,2,90.82644327080679,2,coverage,2024,905,36
Hamirpur Sumerpur,q73Py9jt80A,p,2023-07-01,Hamirpur,VSI7HobT5qL,Chitrakoot Division,immunization,"% of children received full immunization (BCG, Penta 1, 2, 3, Measles)",7,96.90949227373068,2,coverage,2024,905,36
Hamirpur Nauranga,F4fL0v4ObFM,p,2023-07-01,Hamirpur,VSI7HobT5qL,Chitrakoot Division,delivery_care,% of pregnant women delivered in institution against estimated delivery,2,98.44193216855088,2,coverage,2024,234,36
Hamirpur Nauranga,F4fL0v4ObFM,p,2023-07-01,Hamirpur,VSI7HobT5qL,Chitrakoot Division,immunization,"% of children received full immunization (BCG, Penta 1, 2, 3, Measles)",7,92.8378658916338,2,coverage,2024,234,36
Hamirpur DHQ,KZozTRTvHgU,p,2023-07-01,Hamirpur,VSI7HobT5qL,Chitrakoot Division,delivery_care,% of pregnant women delivered in institution against estimated delivery,2,100.0,2,coverage,2024,902,36
Hamirpur DHQ,KZozTRTvHgU,p,2023-07-01,Hamirpur,VSI7HobT5qL,Chitrakoot Division,immunization,"% of children received full immunization (BCG, Penta 1, 2, 3, Measles)",7,100.0,2,coverage,2024,902,36
Hamirpur Dhagwa,X8nyWuBobaz,p,2023-07-01,Hamirpur,VSI7HobT5qL,Chitrakoot Division,delivery_care,% of pregnant women delivered in institution against estimated delivery,2,46.66896156052783,2,coverage,2024,333,36
Hamirpur Dhagwa,X8nyWuBobaz,p,2023-07-01,Hamirpur,VSI7HobT5qL,Chitrakoot Division,immunization,"% of children received full immunization (BCG, Penta 1, 2, 3, Measles)",7,83.56997971602433,2,coverage,2024,333,36
Hamirpur Gohand,SEb6dTDNGdm,p,2023-07-01,Hamirpur,VSI7HobT5qL,Chitrakoot Division,delivery_care,% of pregnant women delivered in institution against estimated delivery,2,39.13311331133114,2,coverage,2024,319,36
Hamirpur Gohand,SEb6dTDNGdm,p,2023-07-01,Hamirpur,VSI7HobT5qL,Chitrakoot Division,immunization,"% of children received full immunization (BCG, Penta 1, 2, 3, Measles)",7,78.22222222222223,2,coverage,2024,319,36
Hamirpur Muskura,Ye7mS631ryY,p,2023-07-01,Hamirpur,VSI7HobT5qL,Chitrakoot Division,delivery_care,% of pregnant women delivered in institution against estimated delivery,2,78.62420382165604,2,coverage,2024,763,36
Hamirpur Muskura,Ye7mS631ryY,p,2023-07-01,Hamirpur,VSI7HobT5qL,Chitrakoot Division,immunization,"% of children received full immunization (BCG, Penta 1, 2, 3, Measles)",7,89.55223880597015,2,coverage,2024,763,36
Hamirpur Kurara,JcfBKD9Fdaw,p,2023-07-01,Hamirpur,VSI7HobT5qL,Chitrakoot Division,delivery_care,% of pregnant women delivered in institution against estimated delivery,2,58.584887764780284,2,coverage,2024,131,36
Hamirpur Kurara,JcfBKD9Fdaw,p,2023-07-01,Hamirpur,VSI7HobT5qL,Chitrakoot Division,immunization,"% of children received full immunization (BCG, Penta 1, 2, 3, Measles)",7,97.44572158365266,2,coverage,2024,131,36
Hamirpur Moudha,dDqSL7Hp2TV,p,2023-07-01,Hamirpur,VSI7HobT5qL,Chitrakoot Division,delivery_care,% of pregnant women delivered in institution against estimated delivery,2,83.18531591951994,2,coverage,2024,262,36
Hamirpur Moudha,dDqSL7Hp2TV,p,2023-07-01,Hamirpur,VSI7HobT5qL,Chitrakoot Division,immunization,"% of children received full immunization (BCG, Penta 1, 2, 3, Measles)",7,98.96613190730837,2,coverage,2024,262,36
Lalganj Mirzapur,udEnBPS78Sf,p,2023-07-01,Mirzapur,UAicdMLyuk4,Mirzapur Division,delivery_care,% of pregnant women delivered in institution against estimated delivery,2,100.0,2,coverage,2024,152,20
Lalganj Mirzapur,udEnBPS78Sf,p,2023-07-01,Mirzapur,UAicdMLyuk4,Mirzapur Division,immunization,"% of children received full immunization (BCG, Penta 1, 2, 3, Measles)",7,100.0,2,coverage,2024,152,20
Manjhwan,BLgq44ZJkKh,p,2023-07-01,Mirzapur,UAicdMLyuk4,Mirzapur Division,delivery_care,% of pregnant women delivered in institution against estimated delivery,2,78.75695978789217,2,coverage,2024,533,20
Manjhwan,BLgq44ZJkKh,p,2023-07-01,Mirzapur,UAicdMLyuk4,Mirzapur Division,immunization,"% of children received full immunization (BCG, Penta 1, 2, 3, Measles)",7,100.0,2,coverage,2024,533,20
Sikhar,moqnzHZCfQg,p,2023-07-01,Mirzapur,UAicdMLyuk4,Mirzapur Division,delivery_care,% of pregnant women delivered in institution against estimated delivery,2,66.67862350539515,2,coverage,2024,802,20
Sikhar,moqnzHZCfQg,p,2023-07-01,Mirzapur,UAicdMLyuk4,Mirzapur Division,immunization,"% of children received full immunization (BCG, Penta 1, 2, 3, Measles)",7,74.22680412371135,2,coverage,2024,802,20
Jamalpur,Dga9ieikVr5,p,2023-07-01,Mirzapur,UAicdMLyuk4,Mirzapur Division,delivery_care,% of pregnant women delivered in institution against estimated delivery,2,88.00995652783621,2,coverage,2024,39,20
Jamalpur,Dga9ieikVr5,p,2023-07-01,Mirzapur,UAicdMLyuk4,Mirzapur Division,immunization,"% of children received full immunization (BCG, Penta 1, 2, 3, Measles)",7,99.58929330123213,2,coverage,2024,39,20
City,qFq9YH9cPE2,p,2023-07-01,Mirzapur,UAicdMLyuk4,Mirzapur Division,delivery_care,% of pregnant women delivered in institution against estimated delivery,2,93.72715835823242,2,coverage,2024,885,20
City,qFq9YH9cPE2,p,2023-07-01,Mirzapur,UAicdMLyuk4,Mirzapur Division,immunization,"% of children received full immunization (BCG, Penta 1, 2, 3, Measles)",7,100.0,2,coverage,2024,885,20
Mirzapur DHQ,WxMksp7j6w7,p,2023-07-01,Mirzapur,UAicdMLyuk4,Mirzapur Division,delivery_care,% of pregnant women delivered in institution against estimated delivery,2,100.0,2,coverage,2024,821,20
Mirzapur DHQ,WxMksp7j6w7,p,2023-07-01,Mirzapur,UAicdMLyuk4,Mirzapur Division,immunization,"% of children received full immunization (BCG, Penta 1, 2, 3, Measles)",7,100.0,2,coverage,2024,821,20
Marihan Patehara,sh5GrKleZLD,p,2023-07-01,Mirzapur,UAicdMLyuk4,Mirzapur Division,delivery_care,% of pregnant women delivered in institution against estimated delivery,2,100.0,2,coverage,2024,843,20
Marihan Patehara,sh5GrKleZLD,p,2023-07-01,Mirzapur,UAicdMLyuk4,Mirzapur Division,immunization,"% of children received full immunization (BCG, Penta 1, 2, 3, Measles)",7,100.0,2,coverage,2024,843,20
Pahadi,y74T9TfUPuz,p,2023-07-01,Mirzapur,UAicdMLyuk4,Mirzapur Division,delivery_care,% of pregnant women delivered in institution against estimated delivery,2,100.0,2,coverage,2024,369,20
Pahadi,y74T9TfUPuz,p,2023-07-01,Mirzapur,UAicdMLyuk4,Mirzapur Division,immunization,"% of children received full immunization (BCG, Penta 1, 2, 3, Measles)",7,95.4233409610984,2,coverage,2024,369,20
Rajgarh,fi3XI1IhyQO,p,2023-07-01,Mirzapur,UAicdMLyuk4,Mirzapur Division,delivery_care,% of pregnant women delivered in institution against estimated delivery,2,97.43021232161504,2,coverage,2024,473,20
Rajgarh,fi3XI1IhyQO,p,2023-07-01,Mirzapur,UAicdMLyuk4,Mirzapur Division,immunization,"% of children received full immunization (BCG, Penta 1, 2, 3, Measles)",7,98.71682193707157,2,coverage,2024,473,20
Hallia,dzvrdlSVdNw,p,2023-07-01,Mirzapur,UAicdMLyuk4,Mirzapur Division,delivery_care,% of pregnant women delivered in institution against estimated delivery,2,100.0,2,coverage,2024,86,20
Hallia,dzvrdlSVdNw,p,2023-07-01,Mirzapur,UAicdMLyuk4,Mirzapur Division,immunization,"% of children received full immunization (BCG, Penta 1, 2, 3, Measles)",7,100.0,2,coverage,2024,86,20
Kone,zBM33fSxbqN,p,2023-07-01,Mirzapur,UAicdMLyuk4,Mirzapur Division,delivery_care,% of pregnant women delivered in institution against estimated delivery,2,87.39951130116066,2,coverage,2024,168,20
Kone,zBM33fSxbqN,p,2023-07-01,Mirzapur,UAicdMLyuk4,Mirzapur Division,immunization,"% of children received full immunization (BCG, Penta 1, 2, 3, Measles)",7,100.0,2,coverage,2024,168,20
Naraynpur,cGCEhMelufW,p,2023-07-01,Mirzapur,UAicdMLyuk4,Mirzapur Division,delivery_care,% of pregnant women delivered in institution against estimated delivery,2,85.24344176285416,2,coverage,2024,689,20
Naraynpur,cGCEhMelufW,p,2023-07-01,Mirzapur,UAicdMLyuk4,Mirzapur Division,immunization,"% of children received full immunization (BCG, Penta 1, 2, 3, Measles)",7,100.0,2,coverage,2024,689,20
Chhanve,T5YmZQx2cme,p,2023-07-01,Mirzapur,UAicdMLyuk4,Mirzapur Division,delivery_care,% of pregnant women delivered in institution against estimated delivery,2,93.2809274896127,2,coverage,2024,202,20
Chhanve,T5YmZQx2cme,p,2023-07-01,Mirzapur,UAicdMLyuk4,Mirzapur Division,immunization,"% of children received full immunization (BCG, Penta 1, 2, 3, Measles)",7,100.0,2,coverage,2024,202,20
Prayagraj DHQ,engUwg3VX3b,p,2023-07-01,Prayagraj,tXgaew1Pd2Y,Prayagraj Division,delivery_care,% of pregnant women delivered in institution against estimated delivery,2,51.58076354275073,2,coverage,2024,675,34
Prayagraj DHQ,engUwg3VX3b,p,2023-07-01,Prayagraj,tXgaew1Pd2Y,Prayagraj Division,immunization,"% of children received full immunization (BCG, Penta 1, 2, 3, Measles)",7,100.0,2,coverage,2024,675,34
Phulpur,uiUVlKvhhxF,p,2023-07-01,Prayagraj,tXgaew1Pd2Y,Prayagraj Division,delivery_care,% of pregnant women delivered in institution against estimated delivery,2,83.14173742651862,2,coverage,2024,646,34
Phulpur,uiUVlKvhhxF,p,2023-07-01,Prayagraj,tXgaew1Pd2Y,Prayagraj Division,immunization,"% of children received full immunization (BCG, Penta 1, 2, 3, Measles)",7,100.0,2,coverage,2024,646,34
Saidabad,UtcpvEmyolV,p,2023-07-01,Prayagraj,tXgaew1Pd2Y,Prayagraj Division,delivery_care,% of pregnant women delivered in institution against estimated delivery,2,70.49575994781475,2,coverage,2024,117,34
Saidabad,UtcpvEmyolV,p,2023-07-01,Prayagraj,tXgaew1Pd2Y,Prayagraj Division,immunization,"% of children received full immunization (BCG, Penta 1, 2, 3, Measles)",7,100.0,2,coverage,2024,117,34
Karchhana,INQHpWL0ZBk,p,2023-07-01,Prayagraj,tXgaew1Pd2Y,Prayagraj Division,delivery_care,% of pregnant women delivered in institution against estimated delivery,2,88.36837678721615,2,coverage,2024,505,34
Karchhana,INQHpWL0ZBk,p,2023-07-01,Prayagraj,tXgaew1Pd2Y,Prayagraj Division,immunization,"% of children received full immunization (BCG, Penta 1, 2, 3, Measles)",7,97.67836919592298,2,coverage,2024,505,34
Koraon,snr8f1gc8vd,p,2023-07-01,Prayagraj,tXgaew1Pd2Y,Prayagraj Division,delivery_care,% of pregnant women delivered in institution against estimated delivery,2,74.38689112461402,2,coverage,2024,145,34
Koraon,snr8f1gc8vd,p,2023-07-01,Prayagraj,tXgaew1Pd2Y,Prayagraj Division,immunization,"% of children received full immunization (BCG, Penta 1, 2, 3, Measles)",7,92.47484909456742,2,coverage,2024,145,34
Handia,Qk15i4lxQ0C,p,2023-07-01,Prayagraj,tXgaew1Pd2Y,Prayagraj Division,delivery_care,% of pregnant women delivered in institution against estimated delivery,2,86.48252536640359,2,coverage,2024,629,34
Handia,Qk15i4lxQ0C,p,2023-07-01,Prayagraj,tXgaew1Pd2Y,Prayagraj Division,immunization,"% of children received full immunization (BCG, Penta 1, 2, 3, Measles)",7,100.0,2,coverage,2024,629,34
Baharia,TcWp3YBgjTX,p,2023-07-01,Prayagraj,tXgaew1Pd2Y,Prayagraj Division,delivery_care,% of pregnant women delivered in institution against estimated delivery,2,78.52887758808572,2,coverage,2024,133,34
Baharia,TcWp3YBgjTX,p,2023-07-01,Prayagraj,tXgaew1Pd2Y,Prayagraj Division,immunization,"% of children received full immunization (BCG, Penta 1, 2, 3, Measles)",7,92.93225727561752,2,coverage,2024,133,34
Bhagwatpur,xDTc9JFJJPU,p,2023-07-01,Prayagraj,tXgaew1Pd2Y,Prayagraj Division,delivery_care,% of pregnant women delivered in institution against estimated delivery,2,82.56186824677587,2,coverage,2024,911,34
Bhagwatpur,xDTc9JFJJPU,p,2023-07-01,Prayagraj,tXgaew1Pd2Y,Prayagraj Division,immunization,"% of children received full immunization (BCG, Penta 1, 2, 3, Measles)",7,87.43400211193241,2,coverage,2024,911,34
Shankargarh,omKjHTDECWY,p,2023-07-01,Prayagraj,tXgaew1Pd2Y,Prayagraj Division,delivery_care,% of pregnant women delivered in institution against estimated delivery,2,88.965819456617,2,coverage,2024,434,34
Shankargarh,omKjHTDECWY,p,2023-07-01,Prayagraj,tXgaew1Pd2Y,Prayagraj Division,immunization,"% of children received full immunization (BCG, Penta 1, 2, 3, Measles)",7,100.0,2,coverage,2024,434,34
Kaundhiyara,UBw5aJTPmZ3,p,2023-07-01,Prayagraj,tXgaew1Pd2Y,Prayagraj Division,delivery_care,% of pregnant women delivered in institution against estimated delivery,2,83.02998965873837,2,coverage,2024,581,34
Kaundhiyara,UBw5aJTPmZ3,p,2023-07-01,Prayagraj,tXgaew1Pd2Y,Prayagraj Division,immunization,"% of children received full immunization (BCG, Penta 1, 2, 3, Measles)",7,100.0,2,coverage,2024,581,34
Manda,CGzm91g5LUD,p,2023-07-01,Prayagraj,tXgaew1Pd2Y,Prayagraj Division,delivery_care,% of pregnant women delivered in institution against estimated delivery,2,79.44375772558716,2,coverage,2024,828,34
Manda,CGzm91g5LUD,p,2023-07-01,Prayagraj,tXgaew1Pd2Y,Prayagraj Division,immunization,"% of children received full immunization (BCG, Penta 1, 2, 3, Measles)",7,88.70162297128591,2,coverage,2024,828,34
Soraon,Gs9FnVq3FME,p,2023-07-01,Prayagraj,tXgaew1Pd2Y,Prayagraj Division,delivery_care,% of pregnant women delivered in institution against estimated delivery,2,69.18618567276458,2,coverage,2024,368,34
Soraon,Gs9FnVq3FME,p,2023-07-01,Prayagraj,tXgaew1Pd2Y,Prayagraj Division,immunization,"% of children received full immunization (BCG, Penta 1, 2, 3, Measles)",7,100.0,2,coverage,2024,368,34
Jasra,vAlop9evcWY,p,2023-07-01,Prayagraj,tXgaew1Pd2Y,Prayagraj Division,delivery_care,% of pregnant women delivered in institution against estimated delivery,2,90.9878844361603,2,coverage,2024,43,34
Jasra,vAlop9evcWY,p,2023-07-01,Prayagraj,tXgaew1Pd2Y,Prayagraj Division,immunization,"% of children received full immunization (BCG, Penta 1, 2, 3, Measles)",7,100.0,2,coverage,2024,43,34
Uruwa,ZYDAjKxE7WN,p,2023-07-01,Prayagraj,tXgaew1Pd2Y,Prayagraj Division,delivery_care,% of pregnant women delivered in institution against estimated delivery,2,72.19847328244275,2,coverage,2024,399,34
Uruwa,ZYDAjKxE7WN,p,2023-07-01,Prayagraj,tXgaew1Pd2Y,Prayagraj Division,immunization,"% of children received full immunization (BCG, Penta 1, 2, 3, Measles)",7,100.0,2,coverage,2024,399,34
Holagarh,SkcYjFliQxI,p,2023-07-01,Prayagraj,tXgaew1Pd2Y,Prayagraj Division,delivery_care,% of pregnant women delivered in institution against estimated delivery,2,69.91323210412148,2,coverage,2024,65,34
Holagarh,SkcYjFliQxI,p,2023-07-01,Prayagraj,tXgaew1Pd2Y,Prayagraj Division,immunization,"% of children received full immunization (BCG, Penta 1, 2, 3, Measles)",7,95.59978090195362,2,coverage,2024,65,34
Bahadurpur,tqyaSDfRN87,p,2023-07-01,Prayagraj,tXgaew1Pd2Y,Prayagraj Division,delivery_care,% of pregnant women delivered in institution against estimated delivery,2,69.02245968140893,2,coverage,2024,312,34
Bahadurpur,tqyaSDfRN87,p,2023-07-01,Prayagraj,tXgaew1Pd2Y,Prayagraj Division,immunization,"% of children received full immunization (BCG, Penta 1, 2, 3, Measles)",7,100.0,2,coverage,2024,312,34
Chaka,hty8pfH1ySe,p,2023-07-01,Prayagraj,tXgaew1Pd2Y,Prayagraj Division,delivery_care,% of pregnant women delivered in institution against estimated delivery,2,74.70110816294678,2,coverage,2024,376,34
Chaka,hty8pfH1ySe,p,2023-07-01,Prayagraj,tXgaew1Pd2Y,Prayagraj Division,immunization,"% of children received full immunization (BCG, Penta 1, 2, 3, Measles)",7,100.0,2,coverage,2024,376,34
Dhanupur,ooMZMhdhlnd,p,2023-07-01,Prayagraj,tXgaew1Pd2Y,Prayagraj Division,delivery_care,% of pregnant women delivered in institution against estimated delivery,2,79.09788322204858,2,coverage,2024,809,34
Dhanupur,ooMZMhdhlnd,p,2023-07-01,Prayagraj,tXgaew1Pd2Y,Prayagraj Division,immunization,"% of children received full immunization (BCG, Penta 1, 2, 3, Measles)",7,100.0,2,coverage,2024,809,34
Meja,En85jBKx0aq,p,2023-07-01,Prayagraj,tXgaew1Pd2Y,Prayagraj Division,delivery_care,% of pregnant women delivered in institution against estimated delivery,2,85.30417295123179,2,coverage,2024,325,34
Meja,En85jBKx0aq,p,2023-07-01,Prayagraj,tXgaew1Pd2Y,Prayagraj Division,immunization,"% of children received full immunization (BCG, Penta 1, 2, 3, Measles)",7,100.0,2,coverage,2024,325,34
Pratappur,rnqodqKeG71,p,2023-07-01,Prayagraj,tXgaew1Pd2Y,Prayagraj Division,delivery_care,% of pregnant women delivered in institution against estimated delivery,2,94.021164021164,2,coverage,2024,353,34
Pratappur,rnqodqKeG71,p,2023-07-01,Prayagraj,tXgaew1Pd2Y,Prayagraj Division,immunization,"% of children received full immunization (BCG, Penta 1, 2, 3, Measles)",7,100.0,2,coverage,2024,353,34
Mauaima,dawiYinsnkV,p,2023-07-01,Prayagraj,tXgaew1Pd2Y,Prayagraj Division,delivery_care,% of pregnant women delivered in institution against estimated delivery,2,73.71584699453553,2,coverage,2024,207,34
Mauaima,dawiYinsnkV,p,2023-07-01,Prayagraj,tXgaew1Pd2Y,Prayagraj Division,immunization,"% of children received full immunization (BCG, Penta 1, 2, 3, Measles)",7,100.0,2,coverage,2024,207,34
Kaurihar,V9DOCawlsCk,p,2023-07-01,Prayagraj,tXgaew1Pd2Y,Prayagraj Division,delivery_care,% of pregnant women delivered in institution against estimated delivery,2,63.987997817785065,2,coverage,2024,605,34
Kaurihar,V9DOCawlsCk,p,2023-07-01,Prayagraj,tXgaew1Pd2Y,Prayagraj Division,immunization,"% of children received full immunization (BCG, Penta 1, 2, 3, Measles)",7,100.0,2,coverage,2024,605,34
Kushinagar Fajilnagar,B3CnhXWWije,p,2023-07-01,Kushinagar,xUeHwd9FQkg,Gorakhpur Division,delivery_care,% of pregnant women delivered in institution against estimated delivery,2,73.4561717352415,2,coverage,2024,734,9
Kushinagar Fajilnagar,B3CnhXWWije,p,2023-07-01,Kushinagar,xUeHwd9FQkg,Gorakhpur Division,immunization,"% of children received full immunization (BCG, Penta 1, 2, 3, Measles)",7,86.20467157052522,2,coverage,2024,734,9
Kushinagar Kesya,JTRnaTY9yhN,p,2023-07-01,Kushinagar,xUeHwd9FQkg,Gorakhpur Division,delivery_care,% of pregnant women delivered in institution against estimated delivery,2,57.13990201415352,2,coverage,2024,53,9
Kushinagar Kesya,JTRnaTY9yhN,p,2023-07-01,Kushinagar,xUeHwd9FQkg,Gorakhpur Division,immunization,"% of children received full immunization (BCG, Penta 1, 2, 3, Measles)",7,98.69415807560136,2,coverage,2024,53,9
Kushinagar Visunpura,lgWV1VzPmhE,p,2023-07-01,Kushinagar,xUeHwd9FQkg,Gorakhpur Division,delivery_care,% of pregnant women delivered in institution against estimated delivery,2,51.40049250055966,2,coverage,2024,874,9
Kushinagar Visunpura,lgWV1VzPmhE,p,2023-07-01,Kushinagar,xUeHwd9FQkg,Gorakhpur Division,immunization,"% of children received full immunization (BCG, Penta 1, 2, 3, Measles)",7,92.0293951384963,2,coverage,2024,874,9
Kushinagar Khadda,OHnlTAIgKxY,p,2023-07-01,Kushinagar,xUeHwd9FQkg,Gorakhpur Division,delivery_care,% of pregnant women delivered in institution against estimated delivery,2,63.603448275862064,2,coverage,2024,251,9
Kushinagar Khadda,OHnlTAIgKxY,p,2023-07-01,Kushinagar,xUeHwd9FQkg,Gorakhpur Division,immunization,"% of children received full immunization (BCG, Penta 1, 2, 3, Measles)",7,84.63212886373532,2,coverage,2024,251,9
Kushinagar Nabu Naurangia,vgRr0JIJR7M,p,2023-07-01,Kushinagar,xUeHwd9FQkg,Gorakhpur Division,delivery_care,% of pregnant women delivered in institution against estimated delivery,2,57.802756353521296,2,coverage,2024,241,9
Kushinagar Nabu Naurangia,vgRr0JIJR7M,p,2023-07-01,Kushinagar,xUeHwd9FQkg,Gorakhpur Division,immunization,"% of children received full immunization (BCG, Penta 1, 2, 3, Measles)",7,82.19667943805875,2,coverage,2024,241,9
Kushinagar Dudhai,xm14yPwUttg,p,2023-07-01,Kushinagar,xUeHwd9FQkg,Gorakhpur Division,delivery_care,% of pregnant women delivered in institution against estimated delivery,2,61.97905759162303,2,coverage,2024,63,9
Kushinagar Dudhai,xm14yPwUttg,p,2023-07-01,Kushinagar,xUeHwd9FQkg,Gorakhpur Division,immunization,"% of children received full immunization (BCG, Penta 1, 2, 3, Measles)",7,81.10758580905683,2,coverage,2024,63,9
Kushinagar Hata,BYiQDRJhWWk,p,2023-07-01,Kushinagar,xUeHwd9FQkg,Gorakhpur Division,delivery_care,% of pregnant women delivered in institution against estimated delivery,2,49.261473905061635,2,coverage,2024,548,9
Kushinagar Hata,BYiQDRJhWWk,p,2023-07-01,Kushinagar,xUeHwd9FQkg,Gorakhpur Division,immunization,"% of children received full immunization (BCG, Penta 1, 2, 3, Measles)",7,99.80135081446168,2,coverage,2024,548,9
Kushinagar Sukhroli,SgYEydzGGbJ,p,2023-07-01,Kushinagar,xUeHwd9FQkg,Gorakhpur Division,delivery_care,% of pregnant women delivered in institution against estimated delivery,2,46.89187976671153,2,coverage,2024,69,9
Kushinagar Sukhroli,SgYEydzGGbJ,p,2023-07-01,Kushinagar,xUeHwd9FQkg,Gorakhpur Division,immunization,"% of children received full immunization (BCG, Penta 1, 2, 3, Measles)",7,95.514272768464,2,coverage,2024,69,9
Kushinagar Ramkola,XZ4UCP8boX8,p,2023-07-01,Kushinagar,xUeHwd9FQkg,Gorakhpur Division,delivery_care,% of pregnant women delivered in institution against estimated delivery,2,54.04004449388209,2,coverage,2024,467,9
Kushinagar Ramkola,XZ4UCP8boX8,p,2023-07-01,Kushinagar,xUeHwd9FQkg,Gorakhpur Division,immunization,"% of children received full immunization (BCG, Penta 1, 2, 3, Measles)",7,82.77721604314122,2,coverage,2024,467,9
Kushinagar Motichak,BhMAwU8XZey,p,2023-07-01,Kushinagar,xUeHwd9FQkg,Gorakhpur Division,delivery_care,% of pregnant women delivered in institution against estimated delivery,2,54.08411892675853,2,coverage,2024,658,9
Kushinagar Motichak,BhMAwU8XZey,p,2023-07-01,Kushinagar,xUeHwd9FQkg,Gorakhpur Division,immunization,"% of children received full immunization (BCG, Penta 1, 2, 3, Measles)",7,86.61002050981541,2,coverage,2024,658,9
Kushinagar DHQ,IiY5fP1UuFV,p,2023-07-01,Kushinagar,xUeHwd9FQkg,Gorakhpur Division,delivery_care,% of pregnant women delivered in institution against estimated delivery,2,100.0,2,coverage,2024,536,9
Kushinagar DHQ,IiY5fP1UuFV,p,2023-07-01,Kushinagar,xUeHwd9FQkg,Gorakhpur Division,immunization,"% of children received full immunization (BCG, Penta 1, 2, 3, Measles)",7,84.13793103448276,2,coverage,2024,536,9
Kushinagar Tamkuhi,CApqqM6FvRV,p,2023-07-01,Kushinagar,xUeHwd9FQkg,Gorakhpur Division,delivery_care,% of pregnant women delivered in institution against estimated delivery,2,41.99750026038955,2,coverage,2024,269,9
Kushinagar Tamkuhi,CApqqM6FvRV,p,2023-07-01,Kushinagar,xUeHwd9FQkg,Gorakhpur Division,immunization,"% of children received full immunization (BCG, Penta 1, 2, 3, Measles)",7,97.62255417630968,2,coverage,2024,269,9
Kushinagar Kaptanganj,YIfO8FmqA6j,p,2023-07-01,Kushinagar,xUeHwd9FQkg,Gorakhpur Division,delivery_care,% of pregnant women delivered in institution against estimated delivery,2,48.662366658397424,2,coverage,2024,85,9
Kushinagar Kaptanganj,YIfO8FmqA6j,p,2023-07-01,Kushinagar,xUeHwd9FQkg,Gorakhpur Division,immunization,"% of children received full immunization (BCG, Penta 1, 2, 3, Measles)",7,73.3149586569782,2,coverage,2024,85,9
Kushinagar Seavrahi,p7wG9B3Zqol,p,2023-07-01,Kushinagar,xUeHwd9FQkg,Gorakhpur Division,delivery_care,% of pregnant women delivered in institution against estimated delivery,2,66.90236061357582,2,coverage,2024,406,9
Kushinagar Seavrahi,p7wG9B3Zqol,p,2023-07-01,Kushinagar,xUeHwd9FQkg,Gorakhpur Division,immunization,"% of children received full immunization (BCG, Penta 1, 2, 3, Measles)",7,91.47416272381486,2,coverage,2024,406,9
Kushinagar Padrouna,vvIR3mOcYGz,p,2023-07-01,Kushinagar,xUeHwd9FQkg,Gorakhpur Division,delivery_care,% of pregnant women delivered in institution against estimated delivery,2,40.16050285046046,2,coverage,2024,662,9
Kushinagar Padrouna,vvIR3mOcYGz,p,2023-07-01,Kushinagar,xUeHwd9FQkg,Gorakhpur Division,immunization,"% of children received full immunization (BCG, Penta 1, 2, 3, Measles)",7,82.03159604311236,2,coverage,2024,662,9
Azamgarh Palhani,dIVl43wpljo,p,2023-07-01,Azamgarh,NjckKfm3g0k,Azamgarh Division,delivery_care,% of pregnant women delivered in institution against estimated delivery,2,53.117986366019935,2,coverage,2024,153,14
Azamgarh Palhani,dIVl43wpljo,p,2023-07-01,Azamgarh,NjckKfm3g0k,Azamgarh Division,immunization,"% of children received full immunization (BCG, Penta 1, 2, 3, Measles)",7,81.48305084745763,2,coverage,2024,153,14
Azamgarh Fhoolpur,qzyZ63I1bIh,p,2023-07-01,Azamgarh,NjckKfm3g0k,Azamgarh Division,delivery_care,% of pregnant women delivered in institution against estimated delivery,2,74.54330834263838,2,coverage,2024,446,14
Azamgarh Fhoolpur,qzyZ63I1bIh,p,2023-07-01,Azamgarh,NjckKfm3g0k,Azamgarh Division,immunization,"% of children received full immunization (BCG, Penta 1, 2, 3, Measles)",7,95.18285806347671,2,coverage,2024,446,14
Azamgarh Azmatgarh,QlDZDhfK4iZ,p,2023-07-01,Azamgarh,NjckKfm3g0k,Azamgarh Division,delivery_care,% of pregnant women delivered in institution against estimated delivery,2,71.87290682696438,2,coverage,2024,79,14
Azamgarh Azmatgarh,QlDZDhfK4iZ,p,2023-07-01,Azamgarh,NjckKfm3g0k,Azamgarh Division,immunization,"% of children received full immunization (BCG, Penta 1, 2, 3, Measles)",7,100.0,2,coverage,2024,79,14
Azamgarh DHQ,MVd5w4juglR,p,2023-07-01,Azamgarh,NjckKfm3g0k,Azamgarh Division,delivery_care,% of pregnant women delivered in institution against estimated delivery,2,100.0,2,coverage,2024,357,14
Azamgarh DHQ,MVd5w4juglR,p,2023-07-01,Azamgarh,NjckKfm3g0k,Azamgarh Division,immunization,"% of children received full immunization (BCG, Penta 1, 2, 3, Measles)",7,100.0,2,coverage,2024,357,14
Azamgarh Tarwa,UqPfQ9syNvH,p,2023-07-01,Azamgarh,NjckKfm3g0k,Azamgarh Division,delivery_care,% of pregnant women delivered in institution against estimated delivery,2,99.50832958126968,2,coverage,2024,409,14
Azamgarh Tarwa,UqPfQ9syNvH,p,2023-07-01,Azamgarh,NjckKfm3g0k,Azamgarh Division,immunization,"% of children received full immunization (BCG, Penta 1, 2, 3, Measles)",7,100.0,2,coverage,2024,409,14
Azamgarh Thekma,QeJhMnDGzrC,p,2023-07-01,Azamgarh,NjckKfm3g0k,Azamgarh Division,delivery_care,% of pregnant women delivered in institution against estimated delivery,2,72.91780584876277,2,coverage,2024,366,14
Azamgarh Thekma,QeJhMnDGzrC,p,2023-07-01,Azamgarh,NjckKfm3g0k,Azamgarh Division,immunization,"% of children received full immunization (BCG, Penta 1, 2, 3, Measles)",7,100.0,2,coverage,2024,366,14
Azamgarh Lalganj,CqNwKYL7iqH,p,2023-07-01,Azamgarh,NjckKfm3g0k,Azamgarh Division,delivery_care,% of pregnant women delivered in institution against estimated delivery,2,77.29336188436831,2,coverage,2024,745,14
Azamgarh Lalganj,CqNwKYL7iqH,p,2023-07-01,Azamgarh,NjckKfm3g0k,Azamgarh Division,immunization,"% of children received full immunization (BCG, Penta 1, 2, 3, Measles)",7,100.0,2,coverage,2024,745,14
Azamgarh Maharajganj,Wyo5sWkkK3V,p,2023-07-01,Azamgarh,NjckKfm3g0k,Azamgarh Division,delivery_care,% of pregnant women delivered in institution against estimated delivery,2,81.54655294953803,2,coverage,2024,574,14
Azamgarh Maharajganj,Wyo5sWkkK3V,p,2023-07-01,Azamgarh,NjckKfm3g0k,Azamgarh Division,immunization,"% of children received full immunization (BCG, Penta 1, 2, 3, Measles)",7,88.37042354630293,2,coverage,2024,574,14
Azamgarh Jahanaganj,O2VQy7yy72b,p,2023-07-01,Azamgarh,NjckKfm3g0k,Azamgarh Division,delivery_care,% of pregnant women delivered in institution against estimated delivery,2,72.07943731899049,2,coverage,2024,268,14
Azamgarh Jahanaganj,O2VQy7yy72b,p,2023-07-01,Azamgarh,NjckKfm3g0k,Azamgarh Division,immunization,"% of children received full immunization (BCG, Penta 1, 2, 3, Measles)",7,85.9172586711241,2,coverage,2024,268,14
Azamgarh Rani Ki Sarai,DYvPZYv80ET,p,2023-07-01,Azamgarh,NjckKfm3g0k,Azamgarh Division,delivery_care,% of pregnant women delivered in institution against estimated delivery,2,90.9873772791024,2,coverage,2024,255,14
Azamgarh Rani Ki Sarai,DYvPZYv80ET,p,2023-07-01,Azamgarh,NjckKfm3g0k,Azamgarh Division,immunization,"% of children received full immunization (BCG, Penta 1, 2, 3, Measles)",7,80.09915014164307,2,coverage,2024,255,14
Azamgarh Ahiraulla,bqyQpybBJt7,p,2023-07-01,Azamgarh,NjckKfm3g0k,Azamgarh Division,delivery_care,% of pregnant women delivered in institution against estimated delivery,2,80.44654806593765,2,coverage,2024,272,14
Azamgarh Ahiraulla,bqyQpybBJt7,p,2023-07-01,Azamgarh,NjckKfm3g0k,Azamgarh Division,immunization,"% of children received full immunization (BCG, Penta 1, 2, 3, Measles)",7,85.70957639690127,2,coverage,2024,272,14
Azamgarh Biliria Ganj,YpJFFqOo3Eh,p,2023-07-01,Azamgarh,NjckKfm3g0k,Azamgarh Division,delivery_care,% of pregnant women delivered in institution against estimated delivery,2,73.18172377985462,2,coverage,2024,214,14
Azamgarh Biliria Ganj,YpJFFqOo3Eh,p,2023-07-01,Azamgarh,NjckKfm3g0k,Azamgarh Division,immunization,"% of children received full immunization (BCG, Penta 1, 2, 3, Measles)",7,89.5240592631441,2,coverage,2024,214,14
Azamgarh Atraullia,wCrGRYFB5Qo,p,2023-07-01,Azamgarh,NjckKfm3g0k,Azamgarh Division,delivery_care,% of pregnant women delivered in institution against estimated delivery,2,88.5811623246493,2,coverage,2024,674,14
Azamgarh Atraullia,wCrGRYFB5Qo,p,2023-07-01,Azamgarh,NjckKfm3g0k,Azamgarh Division,immunization,"% of children received full immunization (BCG, Penta 1, 2, 3, Measles)",7,100.0,2,coverage,2024,674,14
Azamgarh Martinganj,q7hwjHjsWmD,p,2023-07-01,Azamgarh,NjckKfm3g0k,Azamgarh Division,delivery_care,% of pregnant women delivered in institution against estimated delivery,2,88.82357117500887,2,coverage,2024,300,14
Azamgarh Martinganj,q7hwjHjsWmD,p,2023-07-01,Azamgarh,NjckKfm3g0k,Azamgarh Division,immunization,"% of children received full immunization (BCG, Penta 1, 2, 3, Measles)",7,100.0,2,coverage,2024,300,14
Azamgarh Harriya,sODyhiqy8iZ,p,2023-07-01,Azamgarh,NjckKfm3g0k,Azamgarh Division,delivery_care,% of pregnant women delivered in institution against estimated delivery,2,68.55007784120394,2,coverage,2024,599,14
Azamgarh Harriya,sODyhiqy8iZ,p,2023-07-01,Azamgarh,NjckKfm3g0k,Azamgarh Division,immunization,"% of children received full immunization (BCG, Penta 1, 2, 3, Measles)",7,100.0,2,coverage,2024,599,14
Azamgarh Mehnagar,KjTOOkkFXwn,p,2023-07-01,Azamgarh,NjckKfm3g0k,Azamgarh Division,delivery_care,% of pregnant women delivered in institution against estimated delivery,2,68.26933222268501,2,coverage,2024,210,14
Azamgarh Mehnagar,KjTOOkkFXwn,p,2023-07-01,Azamgarh,NjckKfm3g0k,Azamgarh Division,immunization,"% of children received full immunization (BCG, Penta 1, 2, 3, Measles)",7,100.0,2,coverage,2024,210,14
Azamgarh Koilsa,S32hqFqb1zY,p,2023-07-01,Azamgarh,NjckKfm3g0k,Azamgarh Division,delivery_care,% of pregnant women delivered in institution against estimated delivery,2,80.6407253494522,2,coverage,2024,239,14
Azamgarh Koilsa,S32hqFqb1zY,p,2023-07-01,Azamgarh,NjckKfm3g0k,Azamgarh Division,immunization,"% of children received full immunization (BCG, Penta 1, 2, 3, Measles)",7,72.81053234115626,2,coverage,2024,239,14
Azamgarh Tahebpur,cbIIWsiZRDy,p,2023-07-01,Azamgarh,NjckKfm3g0k,Azamgarh Division,delivery_care,% of pregnant women delivered in institution against estimated delivery,2,79.17796444618091,2,coverage,2024,717,14
Azamgarh Tahebpur,cbIIWsiZRDy,p,2023-07-01,Azamgarh,NjckKfm3g0k,Azamgarh Division,immunization,"% of children received full immunization (BCG, Penta 1, 2, 3, Measles)",7,84.29360694554066,2,coverage,2024,717,14
Azamgarh Pawai,lcnwkO2gp49,p,2023-07-01,Azamgarh,NjckKfm3g0k,Azamgarh Division,delivery_care,% of pregnant women delivered in institution against estimated delivery,2,68.25728708679368,2,coverage,2024,383,14
Azamgarh Pawai,lcnwkO2gp49,p,2023-07-01,Azamgarh,NjckKfm3g0k,Azamgarh Division,immunization,"% of children received full immunization (BCG, Penta 1, 2, 3, Measles)",7,90.92105263157896,2,coverage,2024,383,14
Azamgarh Momadpur,Yj3IUe7pBJn,p,2023-07-01,Azamgarh,NjckKfm3g0k,Azamgarh Division,delivery_care,% of pregnant women delivered in institution against estimated delivery,2,77.78268614178837,2,coverage,2024,798,14
Azamgarh Momadpur,Yj3IUe7pBJn,p,2023-07-01,Azamgarh,NjckKfm3g0k,Azamgarh Division,immunization,"% of children received full immunization (BCG, Penta 1, 2, 3, Measles)",7,100.0,2,coverage,2024,798,14
Azamgarh Sathiyaon,hjSHCmJGFAP,p,2023-07-01,Azamgarh,NjckKfm3g0k,Azamgarh Division,delivery_care,% of pregnant women delivered in institution against estimated delivery,2,85.17171717171716,2,coverage,2024,619,14
Azamgarh Sathiyaon,hjSHCmJGFAP,p,2023-07-01,Azamgarh,NjckKfm3g0k,Azamgarh Division,immunization,"% of children received full immunization (BCG, Penta 1, 2, 3, Measles)",7,100.0,2,coverage,2024,619,14
Azamgarh Mirzapur,bYn0jt3AvMQ,p,2023-07-01,Azamgarh,NjckKfm3g0k,Azamgarh Division,delivery_care,% of pregnant women delivered in institution against estimated delivery,2,73.38624659194184,2,coverage,2024,55,14
Azamgarh Mirzapur,bYn0jt3AvMQ,p,2023-07-01,Azamgarh,NjckKfm3g0k,Azamgarh Division,immunization,"% of children received full immunization (BCG, Penta 1, 2, 3, Measles)",7,100.0,2,coverage,2024,55,14
Auraiya Auriya,baHOn9wfzJ1,p,2023-07-01,Auraiya,Bd6E8zkVvVt,Kanpur Nagar Division,delivery_care,% of pregnant women delivered in institution against estimated delivery,2,37.240403257076395,2,coverage,2024,900,37
Auraiya Auriya,baHOn9wfzJ1,p,2023-07-01,Auraiya,Bd6E8zkVvVt,Kanpur Nagar Division,immunization,"% of children received full immunization (BCG, Penta 1, 2, 3, Measles)",7,100.0,2,coverage,2024,900,37
Auraiya DHQ,lMDCwvmApOX,p,2023-07-01,Auraiya,Bd6E8zkVvVt,Kanpur Nagar Division,delivery_care,% of pregnant women delivered in institution against estimated delivery,2,100.0,2,coverage,2024,538,37
Auraiya DHQ,lMDCwvmApOX,p,2023-07-01,Auraiya,Bd6E8zkVvVt,Kanpur Nagar Division,immunization,"% of children received full immunization (BCG, Penta 1, 2, 3, Measles)",7,80.28119507908612,2,coverage,2024,538,37
Auraiya Ajitmal,guhyL5WpMTF,p,2023-07-01,Auraiya,Bd6E8zkVvVt,Kanpur Nagar Division,delivery_care,% of pregnant women delivered in institution against estimated delivery,2,69.50318587292918,2,coverage,2024,528,37
Auraiya Ajitmal,guhyL5WpMTF,p,2023-07-01,Auraiya,Bd6E8zkVvVt,Kanpur Nagar Division,immunization,"% of children received full immunization (BCG, Penta 1, 2, 3, Measles)",7,100.0,2,coverage,2024,528,37
Auraiya Bhagyanagar,UqkEQavyage,p,2023-07-01,Auraiya,Bd6E8zkVvVt,Kanpur Nagar Division,delivery_care,% of pregnant women delivered in institution against estimated delivery,2,63.248315111577064,2,coverage,2024,561,37
Auraiya Bhagyanagar,UqkEQavyage,p,2023-07-01,Auraiya,Bd6E8zkVvVt,Kanpur Nagar Division,immunization,"% of children received full immunization (BCG, Penta 1, 2, 3, Measles)",7,100.0,2,coverage,2024,561,37
Auraiya Bidhuna,Uqr9pGSBzRf,p,2023-07-01,Auraiya,Bd6E8zkVvVt,Kanpur Nagar Division,delivery_care,% of pregnant women delivered in institution against estimated delivery,2,79.27042154976387,2,coverage,2024,313,37
Auraiya Bidhuna,Uqr9pGSBzRf,p,2023-07-01,Auraiya,Bd6E8zkVvVt,Kanpur Nagar Division,immunization,"% of children received full immunization (BCG, Penta 1, 2, 3, Measles)",7,100.0,2,coverage,2024,313,37
Auraiya Sahar,ogSTp4HnpXK,p,2023-07-01,Auraiya,Bd6E8zkVvVt,Kanpur Nagar Division,delivery_care,% of pregnant women delivered in institution against estimated delivery,2,77.85909273384183,2,coverage,2024,704,37
Auraiya Sahar,ogSTp4HnpXK,p,2023-07-01,Auraiya,Bd6E8zkVvVt,Kanpur Nagar Division,immunization,"% of children received full immunization (BCG, Penta 1, 2, 3, Measles)",7,80.19460774376647,2,coverage,2024,704,37
Auraiya Airwa Katra,JUDfktiXVjn,p,2023-07-01,Auraiya,Bd6E8zkVvVt,Kanpur Nagar Division,delivery_care,% of pregnant women delivered in institution against estimated delivery,2,55.0952380952381,2,coverage,2024,534,37
Auraiya Airwa Katra,JUDfktiXVjn,p,2023-07-01,Auraiya,Bd6E8zkVvVt,Kanpur Nagar Division,immunization,"% of children received full immunization (BCG, Penta 1, 2, 3, Measles)",7,100.0,2,coverage,2024,534,37
Auraiya Achhalda,iT6mwbFSnli,p,2023-07-01,Auraiya,Bd6E8zkVvVt,Kanpur Nagar Division,delivery_care,% of pregnant women delivered in institution against estimated delivery,2,55.32807570977918,2,coverage,2024,638,37
Auraiya Achhalda,iT6mwbFSnli,p,2023-07-01,Auraiya,Bd6E8zkVvVt,Kanpur Nagar Division,immunization,"% of children received full immunization (BCG, Penta 1, 2, 3, Measles)",7,70.80844285145359,2,coverage,2024,638,37
Bharawan,wPymOYKUUFI,p,2023-07-01,Hardoi,MTIkUw5q5pX,Lucknow Division,delivery_care,% of pregnant women delivered in institution against estimated delivery,2,53.393151553582754,2,coverage,2024,310,64
Bharawan,wPymOYKUUFI,p,2023-07-01,Hardoi,MTIkUw5q5pX,Lucknow Division,immunization,"% of children received full immunization (BCG, Penta 1, 2, 3, Measles)",7,86.90361831572207,2,coverage,2024,310,64
Harpalpur,TY7glMGf9aG,p,2023-07-01,Hardoi,MTIkUw5q5pX,Lucknow Division,delivery_care,% of pregnant women delivered in institution against estimated delivery,2,100.0,2,coverage,2024,884,64
Harpalpur,TY7glMGf9aG,p,2023-07-01,Hardoi,MTIkUw5q5pX,Lucknow Division,immunization,"% of children received full immunization (BCG, Penta 1, 2, 3, Measles)",7,94.57852395942638,2,coverage,2024,884,64
Bawan,tbi6Bsb6jlU,p,2023-07-01,Hardoi,MTIkUw5q5pX,Lucknow Division,delivery_care,% of pregnant women delivered in institution against estimated delivery,2,49.71391220586212,2,coverage,2024,185,64
Bawan,tbi6Bsb6jlU,p,2023-07-01,Hardoi,MTIkUw5q5pX,Lucknow Division,immunization,"% of children received full immunization (BCG, Penta 1, 2, 3, Measles)",7,95.6219596942321,2,coverage,2024,185,64
Malanwan,L7LEJCs3NnM,p,2023-07-01,Hardoi,MTIkUw5q5pX,Lucknow Division,delivery_care,% of pregnant women delivered in institution against estimated delivery,2,65.38533799963162,2,coverage,2024,722,64
Malanwan,L7LEJCs3NnM,p,2023-07-01,Hardoi,MTIkUw5q5pX,Lucknow Division,immunization,"% of children received full immunization (BCG, Penta 1, 2, 3, Measles)",7,100.0,2,coverage,2024,722,64
Pihani,lr3CfswaZMq,p,2023-07-01,Hardoi,MTIkUw5q5pX,Lucknow Division,delivery_care,% of pregnant women delivered in institution against estimated delivery,2,100.0,2,coverage,2024,762,64
Pihani,lr3CfswaZMq,p,2023-07-01,Hardoi,MTIkUw5q5pX,Lucknow Division,immunization,"% of children received full immunization (BCG, Penta 1, 2, 3, Measles)",7,79.10669975186104,2,coverage,2024,762,64
Sandila,tZXCzgn6lut,p,2023-07-01,Hardoi,MTIkUw5q5pX,Lucknow Division,delivery_care,% of pregnant women delivered in institution against estimated delivery,2,41.687967369136636,2,coverage,2024,201,64
Sandila,tZXCzgn6lut,p,2023-07-01,Hardoi,MTIkUw5q5pX,Lucknow Division,immunization,"% of children received full immunization (BCG, Penta 1, 2, 3, Measles)",7,100.0,2,coverage,2024,201,64
Bilgram,TqhQTNCu0rW,p,2023-07-01,Hardoi,MTIkUw5q5pX,Lucknow Division,delivery_care,% of pregnant women delivered in institution against estimated delivery,2,72.75686176212558,2,coverage,2024,894,64
Bilgram,TqhQTNCu0rW,p,2023-07-01,Hardoi,MTIkUw5q5pX,Lucknow Division,immunization,"% of children received full immunization (BCG, Penta 1, 2, 3, Measles)",7,100.0,2,coverage,2024,894,64
Barkhani,pkRX2naWpN3,p,2023-07-01,Hardoi,MTIkUw5q5pX,Lucknow Division,delivery_care,% of pregnant women delivered in institution against estimated delivery,2,66.20880587058039,2,coverage,2024,305,64
Barkhani,pkRX2naWpN3,p,2023-07-01,Hardoi,MTIkUw5q5pX,Lucknow Division,immunization,"% of children received full immunization (BCG, Penta 1, 2, 3, Measles)",7,100.0,2,coverage,2024,305,64
Madhouganj,iBHysCEYPjb,p,2023-07-01,Hardoi,MTIkUw5q5pX,Lucknow Division,delivery_care,% of pregnant women delivered in institution against estimated delivery,2,53.478325859491775,2,coverage,2024,212,64
Madhouganj,iBHysCEYPjb,p,2023-07-01,Hardoi,MTIkUw5q5pX,Lucknow Division,immunization,"% of children received full immunization (BCG, Penta 1, 2, 3, Measles)",7,100.0,2,coverage,2024,212,64
Ahirori,JNhW47eyrRv,p,2023-07-01,Hardoi,MTIkUw5q5pX,Lucknow Division,delivery_care,% of pregnant women delivered in institution against estimated delivery,2,66.2128514056225,2,coverage,2024,477,64
Ahirori,JNhW47eyrRv,p,2023-07-01,Hardoi,MTIkUw5q5pX,Lucknow Division,immunization,"% of children received full immunization (BCG, Penta 1, 2, 3, Measles)",7,100.0,2,coverage,2024,477,64
Hariyanwa,ruw57rtPpxr,p,2023-07-01,Hardoi,MTIkUw5q5pX,Lucknow Division,delivery_care,% of pregnant women delivered in institution against estimated delivery,2,53.69952305246423,2,coverage,2024,758,64
Hariyanwa,ruw57rtPpxr,p,2023-07-01,Hardoi,MTIkUw5q5pX,Lucknow Division,immunization,"% of children received full immunization (BCG, Penta 1, 2, 3, Measles)",7,85.29222864482979,2,coverage,2024,758,64
Kachhuna,zOlFDV0qaZN,p,2023-07-01,Hardoi,MTIkUw5q5pX,Lucknow Division,delivery_care,% of pregnant women delivered in institution against estimated delivery,2,57.717109747784605,2,coverage,2024,748,64
Kachhuna,zOlFDV0qaZN,p,2023-07-01,Hardoi,MTIkUw5q5pX,Lucknow Division,immunization,"% of children received full immunization (BCG, Penta 1, 2, 3, Measles)",7,94.59552495697076,2,coverage,2024,748,64
Behander,VoR9CT9z1Rx,p,2023-07-01,Hardoi,MTIkUw5q5pX,Lucknow Division,delivery_care,% of pregnant women delivered in institution against estimated delivery,2,60.21883173496077,2,coverage,2024,858,64
Behander,VoR9CT9z1Rx,p,2023-07-01,Hardoi,MTIkUw5q5pX,Lucknow Division,immunization,"% of children received full immunization (BCG, Penta 1, 2, 3, Measles)",7,96.28455714034159,2,coverage,2024,858,64
Hardoi DHQ,kBVkJI1qaWb,p,2023-07-01,Hardoi,MTIkUw5q5pX,Lucknow Division,delivery_care,% of pregnant women delivered in institution against estimated delivery,2,100.0,2,coverage,2024,125,64
Hardoi DHQ,kBVkJI1qaWb,p,2023-07-01,Hardoi,MTIkUw5q5pX,Lucknow Division,immunization,"% of children received full immunization (BCG, Penta 1, 2, 3, Measles)",7,77.22409049220424,2,coverage,2024,125,64
Tondarpur,jvwEe3kpMPg,p,2023-07-01,Hardoi,MTIkUw5q5pX,Lucknow Division,delivery_care,% of pregnant women delivered in institution against estimated delivery,2,37.93083807973963,2,coverage,2024,73,64
Tondarpur,jvwEe3kpMPg,p,2023-07-01,Hardoi,MTIkUw5q5pX,Lucknow Division,immunization,"% of children received full immunization (BCG, Penta 1, 2, 3, Measles)",7,100.0,2,coverage,2024,73,64
Sahabad,NvR1ROHQCYV,p,2023-07-01,Hardoi,MTIkUw5q5pX,Lucknow Division,delivery_care,% of pregnant women delivered in institution against estimated delivery,2,55.93429342934294,2,coverage,2024,680,64
Sahabad,NvR1ROHQCYV,p,2023-07-01,Hardoi,MTIkUw5q5pX,Lucknow Division,immunization,"% of children received full immunization (BCG, Penta 1, 2, 3, Measles)",7,87.09090909090908,2,coverage,2024,680,64
Kothanwa,zR4FjrKQweN,p,2023-07-01,Hardoi,MTIkUw5q5pX,Lucknow Division,delivery_care,% of pregnant women delivered in institution against estimated delivery,2,76.73555840821565,2,coverage,2024,806,64
Kothanwa,zR4FjrKQweN,p,2023-07-01,Hardoi,MTIkUw5q5pX,Lucknow Division,immunization,"% of children received full immunization (BCG, Penta 1, 2, 3, Measles)",7,100.0,2,coverage,2024,806,64
Tandiyanwa,DSmdrNpxWTp,p,2023-07-01,Hardoi,MTIkUw5q5pX,Lucknow Division,delivery_care,% of pregnant women delivered in institution against estimated delivery,2,56.469785575048725,2,coverage,2024,790,64
Tandiyanwa,DSmdrNpxWTp,p,2023-07-01,Hardoi,MTIkUw5q5pX,Lucknow Division,immunization,"% of children received full immunization (BCG, Penta 1, 2, 3, Measles)",7,100.0,2,coverage,2024,790,64
Sursa,dBCX7zX8Feb,p,2023-07-01,Hardoi,MTIkUw5q5pX,Lucknow Division,delivery_care,% of pregnant women delivered in institution against estimated delivery,2,41.624165838421135,2,coverage,2024,779,64
Sursa,dBCX7zX8Feb,p,2023-07-01,Hardoi,MTIkUw5q5pX,Lucknow Division,immunization,"% of children received full immunization (BCG, Penta 1, 2, 3, Measles)",7,100.0,2,coverage,2024,779,64
Sandi,OG07uORb7i2,p,2023-07-01,Hardoi,MTIkUw5q5pX,Lucknow Division,delivery_care,% of pregnant women delivered in institution against estimated delivery,2,49.539360872954006,2,coverage,2024,723,64
Sandi,OG07uORb7i2,p,2023-07-01,Hardoi,MTIkUw5q5pX,Lucknow Division,immunization,"% of children received full immunization (BCG, Penta 1, 2, 3, Measles)",7,98.88206581640686,2,coverage,2024,723,64
Belkharnath,VmevjLb8Eme,p,2023-07-01,Pratapgarh,fz7bJo3egPX,Prayagraj Division,delivery_care,% of pregnant women delivered in institution against estimated delivery,2,67.95433789954338,2,coverage,2024,848,3
Belkharnath,VmevjLb8Eme,p,2023-07-01,Pratapgarh,fz7bJo3egPX,Prayagraj Division,immunization,"% of children received full immunization (BCG, Penta 1, 2, 3, Measles)",7,92.01498991063707,2,coverage,2024,848,3
Aaspurdavsra,iobObmzVNqo,p,2023-07-01,Pratapgarh,fz7bJo3egPX,Prayagraj Division,delivery_care,% of pregnant women delivered in institution against estimated delivery,2,42.17565485362096,2,coverage,2024,585,3
Aaspurdavsra,iobObmzVNqo,p,2023-07-01,Pratapgarh,fz7bJo3egPX,Prayagraj Division,immunization,"% of children received full immunization (BCG, Penta 1, 2, 3, Measles)",7,70.9589574012838,2,coverage,2024,585,3
Mandhata,ZjQLMtbMM7E,p,2023-07-01,Pratapgarh,fz7bJo3egPX,Prayagraj Division,delivery_care,% of pregnant women delivered in institution against estimated delivery,2,46.4689426981501,2,coverage,2024,316,3
Mandhata,ZjQLMtbMM7E,p,2023-07-01,Pratapgarh,fz7bJo3egPX,Prayagraj Division,immunization,"% of children received full immunization (BCG, Penta 1, 2, 3, Measles)",7,86.28284976454503,2,coverage,2024,316,3
Pratapgarh DHQ,l7DJJezKzTw,p,2023-07-01,Pratapgarh,fz7bJo3egPX,Prayagraj Division,delivery_care,% of pregnant women delivered in institution against estimated delivery,2,100.0,2,coverage,2024,667,3
Pratapgarh DHQ,l7DJJezKzTw,p,2023-07-01,Pratapgarh,fz7bJo3egPX,Prayagraj Division,immunization,"% of children received full immunization (BCG, Penta 1, 2, 3, Measles)",7,65.86642043705756,2,coverage,2024,667,3
Vihar,klR8OoJpYaw,p,2023-07-01,Pratapgarh,fz7bJo3egPX,Prayagraj Division,delivery_care,% of pregnant women delivered in institution against estimated delivery,2,55.300528217959396,2,coverage,2024,665,3
Vihar,klR8OoJpYaw,p,2023-07-01,Pratapgarh,fz7bJo3egPX,Prayagraj Division,immunization,"% of children received full immunization (BCG, Penta 1, 2, 3, Measles)",7,100.0,2,coverage,2024,665,3
RSangramgarh,dRG9GGcp4gQ,p,2023-07-01,Pratapgarh,fz7bJo3egPX,Prayagraj Division,delivery_care,% of pregnant women delivered in institution against estimated delivery,2,70.87570376786488,2,coverage,2024,535,3
RSangramgarh,dRG9GGcp4gQ,p,2023-07-01,Pratapgarh,fz7bJo3egPX,Prayagraj Division,immunization,"% of children received full immunization (BCG, Penta 1, 2, 3, Measles)",7,91.95100612423448,2,coverage,2024,535,3
Gaura,b29DRuniQju,p,2023-07-01,Pratapgarh,fz7bJo3egPX,Prayagraj Division,delivery_care,% of pregnant women delivered in institution against estimated delivery,2,57.12400455062571,2,coverage,2024,626,3
Gaura,b29DRuniQju,p,2023-07-01,Pratapgarh,fz7bJo3egPX,Prayagraj Division,immunization,"% of children received full immunization (BCG, Penta 1, 2, 3, Measles)",7,85.75180564674983,2,coverage,2024,626,3
Babaganj,yepP1LEwWeE,p,2023-07-01,Pratapgarh,fz7bJo3egPX,Prayagraj Division,delivery_care,% of pregnant women delivered in institution against estimated delivery,2,59.37254901960785,2,coverage,2024,730,3
Babaganj,yepP1LEwWeE,p,2023-07-01,Pratapgarh,fz7bJo3egPX,Prayagraj Division,immunization,"% of children received full immunization (BCG, Penta 1, 2, 3, Measles)",7,95.28039977790115,2,coverage,2024,730,3
Kohandaur,es3YNWUdqOh,p,2023-07-01,Pratapgarh,fz7bJo3egPX,Prayagraj Division,delivery_care,% of pregnant women delivered in institution against estimated delivery,2,59.85419968304279,2,coverage,2024,543,3
Kohandaur,es3YNWUdqOh,p,2023-07-01,Pratapgarh,fz7bJo3egPX,Prayagraj Division,immunization,"% of children received full immunization (BCG, Penta 1, 2, 3, Measles)",7,98.99959983993595,2,coverage,2024,543,3
Patti,QGFqwtIZDnf,p,2023-07-01,Pratapgarh,fz7bJo3egPX,Prayagraj Division,delivery_care,% of pregnant women delivered in institution against estimated delivery,2,81.08924485125857,2,coverage,2024,580,3
Patti,QGFqwtIZDnf,p,2023-07-01,Pratapgarh,fz7bJo3egPX,Prayagraj Division,immunization,"% of children received full immunization (BCG, Penta 1, 2, 3, Measles)",7,95.22342064714942,2,coverage,2024,580,3
Sadar,dlErcN5wTNz,p,2023-07-01,Pratapgarh,fz7bJo3egPX,Prayagraj Division,delivery_care,% of pregnant women delivered in institution against estimated delivery,2,73.7206372730641,2,coverage,2024,280,3
Sadar,dlErcN5wTNz,p,2023-07-01,Pratapgarh,fz7bJo3egPX,Prayagraj Division,immunization,"% of children received full immunization (BCG, Penta 1, 2, 3, Measles)",7,100.0,2,coverage,2024,280,3
Kunda,XnEGHve0wKr,p,2023-07-01,Pratapgarh,fz7bJo3egPX,Prayagraj Division,delivery_care,% of pregnant women delivered in institution against estimated delivery,2,100.0,2,coverage,2024,136,3
Kunda,XnEGHve0wKr,p,2023-07-01,Pratapgarh,fz7bJo3egPX,Prayagraj Division,immunization,"% of children received full immunization (BCG, Penta 1, 2, 3, Measles)",7,96.93496137552953,2,coverage,2024,136,3
Shivgarh Pratapgarh,GMBAMYjK1nv,p,2023-07-01,Pratapgarh,fz7bJo3egPX,Prayagraj Division,delivery_care,% of pregnant women delivered in institution against estimated delivery,2,50.50869654184572,2,coverage,2024,588,3
Shivgarh Pratapgarh,GMBAMYjK1nv,p,2023-07-01,Pratapgarh,fz7bJo3egPX,Prayagraj Division,immunization,"% of children received full immunization (BCG, Penta 1, 2, 3, Measles)",7,94.91525423728814,2,coverage,2024,588,3
SChandrika,ZFpgvZ5wO0j,p,2023-07-01,Pratapgarh,fz7bJo3egPX,Prayagraj Division,delivery_care,% of pregnant women delivered in institution against estimated delivery,2,48.61684951355827,2,coverage,2024,174,3
SChandrika,ZFpgvZ5wO0j,p,2023-07-01,Pratapgarh,fz7bJo3egPX,Prayagraj Division,immunization,"% of children received full immunization (BCG, Penta 1, 2, 3, Measles)",7,98.7458193979933,2,coverage,2024,174,3
Sangipur,EgafD8LSM5T,p,2023-07-01,Pratapgarh,fz7bJo3egPX,Prayagraj Division,delivery_care,% of pregnant women delivered in institution against estimated delivery,2,84.90036900369005,2,coverage,2024,236,3
Sangipur,EgafD8LSM5T,p,2023-07-01,Pratapgarh,fz7bJo3egPX,Prayagraj Division,immunization,"% of children received full immunization (BCG, Penta 1, 2, 3, Measles)",7,84.83041371598956,2,coverage,2024,236,3
Kalakaker,qmMPEkTsow1,p,2023-07-01,Pratapgarh,fz7bJo3egPX,Prayagraj Division,delivery_care,% of pregnant women delivered in institution against estimated delivery,2,92.77732793522269,2,coverage,2024,840,3
Kalakaker,qmMPEkTsow1,p,2023-07-01,Pratapgarh,fz7bJo3egPX,Prayagraj Division,immunization,"% of children received full immunization (BCG, Penta 1, 2, 3, Measles)",7,82.87142208087232,2,coverage,2024,840,3
Laxmanpur,loZ8Meaktfa,p,2023-07-01,Pratapgarh,fz7bJo3egPX,Prayagraj Division,delivery_care,% of pregnant women delivered in institution against estimated delivery,2,50.19117940530833,2,coverage,2024,614,3
Laxmanpur,loZ8Meaktfa,p,2023-07-01,Pratapgarh,fz7bJo3egPX,Prayagraj Division,immunization,"% of children received full immunization (BCG, Penta 1, 2, 3, Measles)",7,91.59443660552307,2,coverage,2024,614,3
Lalganj Pratapgarh,lZg8HzmVg9D,p,2023-07-01,Pratapgarh,fz7bJo3egPX,Prayagraj Division,delivery_care,% of pregnant women delivered in institution against estimated delivery,2,100.0,2,coverage,2024,849,3
Lalganj Pratapgarh,lZg8HzmVg9D,p,2023-07-01,Pratapgarh,fz7bJo3egPX,Prayagraj Division,immunization,"% of children received full immunization (BCG, Penta 1, 2, 3, Measles)",7,96.44859813084112,2,coverage,2024,849,3
Panchperwa,XAFh3sUMv2B,p,2023-07-01,Balrampur,uS0pNSxN3sS,Gonda Division,delivery_care,% of pregnant women delivered in institution against estimated delivery,2,47.75042158516021,2,coverage,2024,515,72
Panchperwa,XAFh3sUMv2B,p,2023-07-01,Balrampur,uS0pNSxN3sS,Gonda Division,immunization,"% of children received full immunization (BCG, Penta 1, 2, 3, Measles)",7,97.98617373008715,2,coverage,2024,515,72
Balrampur DHQ,G7snWO0Hmy7,p,2023-07-01,Balrampur,uS0pNSxN3sS,Gonda Division,delivery_care,% of pregnant women delivered in institution against estimated delivery,2,100.0,2,coverage,2024,253,72
Balrampur DHQ,G7snWO0Hmy7,p,2023-07-01,Balrampur,uS0pNSxN3sS,Gonda Division,immunization,"% of children received full immunization (BCG, Penta 1, 2, 3, Measles)",7,87.95640326975477,2,coverage,2024,253,72
Sridattganj,n9AVoLqOsfk,p,2023-07-01,Balrampur,uS0pNSxN3sS,Gonda Division,delivery_care,% of pregnant women delivered in institution against estimated delivery,2,51.07849829351536,2,coverage,2024,839,72
Sridattganj,n9AVoLqOsfk,p,2023-07-01,Balrampur,uS0pNSxN3sS,Gonda Division,immunization,"% of children received full immunization (BCG, Penta 1, 2, 3, Measles)",7,100.0,2,coverage,2024,839,72
Uttroula,uReShtGh7bZ,p,2023-07-01,Balrampur,uS0pNSxN3sS,Gonda Division,delivery_care,% of pregnant women delivered in institution against estimated delivery,2,59.455490783047104,2,coverage,2024,77,72
Uttroula,uReShtGh7bZ,p,2023-07-01,Balrampur,uS0pNSxN3sS,Gonda Division,immunization,"% of children received full immunization (BCG, Penta 1, 2, 3, Measles)",7,100.0,2,coverage,2024,77,72
Reharabazar,ow9RguNdOD4,p,2023-07-01,Balrampur,uS0pNSxN3sS,Gonda Division,delivery_care,% of pregnant women delivered in institution against estimated delivery,2,47.49807890544467,2,coverage,2024,656,72
Reharabazar,ow9RguNdOD4,p,2023-07-01,Balrampur,uS0pNSxN3sS,Gonda Division,immunization,"% of children received full immunization (BCG, Penta 1, 2, 3, Measles)",7,90.75248461902508,2,coverage,2024,656,72
Heryasethghrwa,H1Z5zG9mjfG,p,2023-07-01,Balrampur,uS0pNSxN3sS,Gonda Division,delivery_care,% of pregnant women delivered in institution against estimated delivery,2,68.9085833914864,2,coverage,2024,354,72
Heryasethghrwa,H1Z5zG9mjfG,p,2023-07-01,Balrampur,uS0pNSxN3sS,Gonda Division,immunization,"% of children received full immunization (BCG, Penta 1, 2, 3, Measles)",7,100.0,2,coverage,2024,354,72
Gainsdasbujhurg,bwQadqgE3oJ,p,2023-07-01,Balrampur,uS0pNSxN3sS,Gonda Division,delivery_care,% of pregnant women delivered in institution against estimated delivery,2,48.55264922870556,2,coverage,2024,315,72
Gainsdasbujhurg,bwQadqgE3oJ,p,2023-07-01,Balrampur,uS0pNSxN3sS,Gonda Division,immunization,"% of children received full immunization (BCG, Penta 1, 2, 3, Measles)",7,95.30906011854358,2,coverage,2024,315,72
Gaisandi,fOvbWnMTlvE,p,2023-07-01,Balrampur,uS0pNSxN3sS,Gonda Division,delivery_care,% of pregnant women delivered in institution against estimated delivery,2,44.43140964995269,2,coverage,2024,853,72
Gaisandi,fOvbWnMTlvE,p,2023-07-01,Balrampur,uS0pNSxN3sS,Gonda Division,immunization,"% of children received full immunization (BCG, Penta 1, 2, 3, Measles)",7,90.5790177718326,2,coverage,2024,853,72
Tulsipur,q6Maei9E55U,p,2023-07-01,Balrampur,uS0pNSxN3sS,Gonda Division,delivery_care,% of pregnant women delivered in institution against estimated delivery,2,65.86991998732472,2,coverage,2024,151,72
Tulsipur,q6Maei9E55U,p,2023-07-01,Balrampur,uS0pNSxN3sS,Gonda Division,immunization,"% of children received full immunization (BCG, Penta 1, 2, 3, Measles)",7,92.8468554968795,2,coverage,2024,151,72
Balrampur,HkZSq61JwqL,p,2023-07-01,Balrampur,uS0pNSxN3sS,Gonda Division,delivery_care,% of pregnant women delivered in institution against estimated delivery,2,50.444761976385664,2,coverage,2024,844,72
Balrampur,HkZSq61JwqL,p,2023-07-01,Balrampur,uS0pNSxN3sS,Gonda Division,immunization,"% of children received full immunization (BCG, Penta 1, 2, 3, Measles)",7,100.0,2,coverage,2024,844,72
Baraut,JIEAUI17z3o,p,2023-07-01,Bagpat,HJIS3IrQ0Nj,Meerut Division,delivery_care,% of pregnant women delivered in institution against estimated delivery,2,96.06913073237507,2,coverage,2024,870,66
Baraut,JIEAUI17z3o,p,2023-07-01,Bagpat,HJIS3IrQ0Nj,Meerut Division,immunization,"% of children received full immunization (BCG, Penta 1, 2, 3, Measles)",7,100.0,2,coverage,2024,870,66
Baghpat,q2bkBgTq2b1,p,2023-07-01,Bagpat,HJIS3IrQ0Nj,Meerut Division,delivery_care,% of pregnant women delivered in institution against estimated delivery,2,66.51670450859552,2,coverage,2024,38,66
Baghpat,q2bkBgTq2b1,p,2023-07-01,Bagpat,HJIS3IrQ0Nj,Meerut Division,immunization,"% of children received full immunization (BCG, Penta 1, 2, 3, Measles)",7,97.69041769041769,2,coverage,2024,38,66
Binauli,h3yrIIH1cGT,p,2023-07-01,Bagpat,HJIS3IrQ0Nj,Meerut Division,delivery_care,% of pregnant women delivered in institution against estimated delivery,2,59.283940532592716,2,coverage,2024,475,66
Binauli,h3yrIIH1cGT,p,2023-07-01,Bagpat,HJIS3IrQ0Nj,Meerut Division,immunization,"% of children received full immunization (BCG, Penta 1, 2, 3, Measles)",7,100.0,2,coverage,2024,475,66
Khekra,Ga0Whh9BsGr,p,2023-07-01,Bagpat,HJIS3IrQ0Nj,Meerut Division,delivery_care,% of pregnant women delivered in institution against estimated delivery,2,54.43714517437146,2,coverage,2024,243,66
Khekra,Ga0Whh9BsGr,p,2023-07-01,Bagpat,HJIS3IrQ0Nj,Meerut Division,immunization,"% of children received full immunization (BCG, Penta 1, 2, 3, Measles)",7,100.0,2,coverage,2024,243,66
Bagpat DHQ,kaWQCx3sgxl,p,2023-07-01,Bagpat,HJIS3IrQ0Nj,Meerut Division,delivery_care,% of pregnant women delivered in institution against estimated delivery,2,100.0,2,coverage,2024,176,66
Bagpat DHQ,kaWQCx3sgxl,p,2023-07-01,Bagpat,HJIS3IrQ0Nj,Meerut Division,immunization,"% of children received full immunization (BCG, Penta 1, 2, 3, Measles)",7,100.0,2,coverage,2024,176,66
Pilana,FXgVpTS1KKY,p,2023-07-01,Bagpat,HJIS3IrQ0Nj,Meerut Division,delivery_care,% of pregnant women delivered in institution against estimated delivery,2,95.22894168466524,2,coverage,2024,182,66
Pilana,FXgVpTS1KKY,p,2023-07-01,Bagpat,HJIS3IrQ0Nj,Meerut Division,immunization,"% of children received full immunization (BCG, Penta 1, 2, 3, Measles)",7,100.0,2,coverage,2024,182,66
Chaprauli,koZRGrwQvrl,p,2023-07-01,Bagpat,HJIS3IrQ0Nj,Meerut Division,delivery_care,% of pregnant women delivered in institution against estimated delivery,2,63.44859813084112,2,coverage,2024,822,66
Chaprauli,koZRGrwQvrl,p,2023-07-01,Bagpat,HJIS3IrQ0Nj,Meerut Division,immunization,"% of children received full immunization (BCG, Penta 1, 2, 3, Measles)",7,100.0,2,coverage,2024,822,66
Deoria Bankata,EmKRIMSIXim,p,2023-07-01,Deoria,Tf9b9qcbghH,Gorakhpur Division,delivery_care,% of pregnant women delivered in institution against estimated delivery,2,59.84722222222222,2,coverage,2024,782,19
Deoria Bankata,EmKRIMSIXim,p,2023-07-01,Deoria,Tf9b9qcbghH,Gorakhpur Division,immunization,"% of children received full immunization (BCG, Penta 1, 2, 3, Measles)",7,99.38628791863931,2,coverage,2024,782,19
Deoria Majhgawon,UlR3pGm65VX,p,2023-07-01,Deoria,Tf9b9qcbghH,Gorakhpur Division,delivery_care,% of pregnant women delivered in institution against estimated delivery,2,41.91638795986622,2,coverage,2024,54,19
Deoria Majhgawon,UlR3pGm65VX,p,2023-07-01,Deoria,Tf9b9qcbghH,Gorakhpur Division,immunization,"% of children received full immunization (BCG, Penta 1, 2, 3, Measles)",7,93.9619985925405,2,coverage,2024,54,19
Deoria Tarkulwa ,rz3th45E7Sa,p,2023-07-01,Deoria,Tf9b9qcbghH,Gorakhpur Division,delivery_care,% of pregnant women delivered in institution against estimated delivery,2,55.1372278864701,2,coverage,2024,583,19
Deoria Tarkulwa ,rz3th45E7Sa,p,2023-07-01,Deoria,Tf9b9qcbghH,Gorakhpur Division,immunization,"% of children received full immunization (BCG, Penta 1, 2, 3, Measles)",7,99.52685777901476,2,coverage,2024,583,19
Deoria Rampur Karkhna,S0dqgoK82zn,p,2023-07-01,Deoria,Tf9b9qcbghH,Gorakhpur Division,delivery_care,% of pregnant women delivered in institution against estimated delivery,2,65.29248694254721,2,coverage,2024,635,19
Deoria Rampur Karkhna,S0dqgoK82zn,p,2023-07-01,Deoria,Tf9b9qcbghH,Gorakhpur Division,immunization,"% of children received full immunization (BCG, Penta 1, 2, 3, Measles)",7,100.0,2,coverage,2024,635,19
Deoria Bethalpur,LPTjBQ9rRWx,p,2023-07-01,Deoria,Tf9b9qcbghH,Gorakhpur Division,delivery_care,% of pregnant women delivered in institution against estimated delivery,2,45.56719514002074,2,coverage,2024,510,19
Deoria Bethalpur,LPTjBQ9rRWx,p,2023-07-01,Deoria,Tf9b9qcbghH,Gorakhpur Division,immunization,"% of children received full immunization (BCG, Penta 1, 2, 3, Measles)",7,91.64920682430409,2,coverage,2024,510,19
Deoria Bhaluni,rMbW2gza9HD,p,2023-07-01,Deoria,Tf9b9qcbghH,Gorakhpur Division,delivery_care,% of pregnant women delivered in institution against estimated delivery,2,66.93297587131367,2,coverage,2024,546,19
Deoria Bhaluni,rMbW2gza9HD,p,2023-07-01,Deoria,Tf9b9qcbghH,Gorakhpur Division,immunization,"% of children received full immunization (BCG, Penta 1, 2, 3, Measles)",7,100.0,2,coverage,2024,546,19
Deoria Ruderpur,tbaPfFzYkRT,p,2023-07-01,Deoria,Tf9b9qcbghH,Gorakhpur Division,delivery_care,% of pregnant women delivered in institution against estimated delivery,2,52.30300740516852,2,coverage,2024,592,19
Deoria Ruderpur,tbaPfFzYkRT,p,2023-07-01,Deoria,Tf9b9qcbghH,Gorakhpur Division,immunization,"% of children received full immunization (BCG, Penta 1, 2, 3, Measles)",7,100.0,2,coverage,2024,592,19
Deoria Barhaz,E5A2kSTc3PM,p,2023-07-01,Deoria,Tf9b9qcbghH,Gorakhpur Division,delivery_care,% of pregnant women delivered in institution against estimated delivery,2,59.24087448760489,2,coverage,2024,301,19
Deoria Barhaz,E5A2kSTc3PM,p,2023-07-01,Deoria,Tf9b9qcbghH,Gorakhpur Division,immunization,"% of children received full immunization (BCG, Penta 1, 2, 3, Measles)",7,100.0,2,coverage,2024,301,19
Deoria Bhttni,AzV6zQXaRba,p,2023-07-01,Deoria,Tf9b9qcbghH,Gorakhpur Division,delivery_care,% of pregnant women delivered in institution against estimated delivery,2,63.30766532187335,2,coverage,2024,441,19
Deoria Bhttni,AzV6zQXaRba,p,2023-07-01,Deoria,Tf9b9qcbghH,Gorakhpur Division,immunization,"% of children received full immunization (BCG, Penta 1, 2, 3, Measles)",7,96.29760850310007,2,coverage,2024,441,19
Deoria Desai Deoria,KsXL0whELQG,p,2023-07-01,Deoria,Tf9b9qcbghH,Gorakhpur Division,delivery_care,% of pregnant women delivered in institution against estimated delivery,2,60.59351988217967,2,coverage,2024,879,19
Deoria Desai Deoria,KsXL0whELQG,p,2023-07-01,Deoria,Tf9b9qcbghH,Gorakhpur Division,immunization,"% of children received full immunization (BCG, Penta 1, 2, 3, Measles)",7,95.58750619732277,2,coverage,2024,879,19
Deoria Bhagelpur,ULhLz5tR5rr,p,2023-07-01,Deoria,Tf9b9qcbghH,Gorakhpur Division,delivery_care,% of pregnant women delivered in institution against estimated delivery,2,50.39399454049136,2,coverage,2024,451,19
Deoria Bhagelpur,ULhLz5tR5rr,p,2023-07-01,Deoria,Tf9b9qcbghH,Gorakhpur Division,immunization,"% of children received full immunization (BCG, Penta 1, 2, 3, Measles)",7,100.0,2,coverage,2024,451,19
Deoria DHQ,Kr0p5SNoG3J,p,2023-07-01,Deoria,Tf9b9qcbghH,Gorakhpur Division,delivery_care,% of pregnant women delivered in institution against estimated delivery,2,100.0,2,coverage,2024,867,19
Deoria DHQ,Kr0p5SNoG3J,p,2023-07-01,Deoria,Tf9b9qcbghH,Gorakhpur Division,immunization,"% of children received full immunization (BCG, Penta 1, 2, 3, Measles)",7,100.0,2,coverage,2024,867,19
Deoria Patherdewa,uwDViZiXmha,p,2023-07-01,Deoria,Tf9b9qcbghH,Gorakhpur Division,delivery_care,% of pregnant women delivered in institution against estimated delivery,2,56.32853717026378,2,coverage,2024,513,19
Deoria Patherdewa,uwDViZiXmha,p,2023-07-01,Deoria,Tf9b9qcbghH,Gorakhpur Division,immunization,"% of children received full immunization (BCG, Penta 1, 2, 3, Measles)",7,100.0,2,coverage,2024,513,19
Deoria Selampur,YRYbXgGEgwG,p,2023-07-01,Deoria,Tf9b9qcbghH,Gorakhpur Division,delivery_care,% of pregnant women delivered in institution against estimated delivery,2,53.26478184042409,2,coverage,2024,116,19
Deoria Selampur,YRYbXgGEgwG,p,2023-07-01,Deoria,Tf9b9qcbghH,Gorakhpur Division,immunization,"% of children received full immunization (BCG, Penta 1, 2, 3, Measles)",7,92.84831846259436,2,coverage,2024,116,19
Deoria Bhatperrani,rY5nGyzGedU,p,2023-07-01,Deoria,Tf9b9qcbghH,Gorakhpur Division,delivery_care,% of pregnant women delivered in institution against estimated delivery,2,65.3272664239903,2,coverage,2024,876,19
Deoria Bhatperrani,rY5nGyzGedU,p,2023-07-01,Deoria,Tf9b9qcbghH,Gorakhpur Division,immunization,"% of children received full immunization (BCG, Penta 1, 2, 3, Measles)",7,85.44913325161968,2,coverage,2024,876,19
Deoria Goribazar,x6V2gbPDLjh,p,2023-07-01,Deoria,Tf9b9qcbghH,Gorakhpur Division,delivery_care,% of pregnant women delivered in institution against estimated delivery,2,68.56903765690376,2,coverage,2024,816,19
Deoria Goribazar,x6V2gbPDLjh,p,2023-07-01,Deoria,Tf9b9qcbghH,Gorakhpur Division,immunization,"% of children received full immunization (BCG, Penta 1, 2, 3, Measles)",7,97.60993001452528,2,coverage,2024,816,19
Deoria Larr,NVFxlXHdSmv,p,2023-07-01,Deoria,Tf9b9qcbghH,Gorakhpur Division,delivery_care,% of pregnant women delivered in institution against estimated delivery,2,63.56820156385753,2,coverage,2024,52,19
Deoria Larr,NVFxlXHdSmv,p,2023-07-01,Deoria,Tf9b9qcbghH,Gorakhpur Division,immunization,"% of children received full immunization (BCG, Penta 1, 2, 3, Measles)",7,100.0,2,coverage,2024,52,19
Etawah Chkernagar,eLIy5rJdmIo,p,2023-07-01,Etawah,Pm0jLk6EAiE,Kanpur Nagar Division,delivery_care,% of pregnant women delivered in institution against estimated delivery,2,64.45006599208095,2,coverage,2024,32,62
Etawah Chkernagar,eLIy5rJdmIo,p,2023-07-01,Etawah,Pm0jLk6EAiE,Kanpur Nagar Division,immunization,"% of children received full immunization (BCG, Penta 1, 2, 3, Measles)",7,100.0,2,coverage,2024,32,62
Etawah Jasventnagar,L3tm8ZCQ4VU,p,2023-07-01,Etawah,Pm0jLk6EAiE,Kanpur Nagar Division,delivery_care,% of pregnant women delivered in institution against estimated delivery,2,62.48790472646073,2,coverage,2024,235,62
Etawah Jasventnagar,L3tm8ZCQ4VU,p,2023-07-01,Etawah,Pm0jLk6EAiE,Kanpur Nagar Division,immunization,"% of children received full immunization (BCG, Penta 1, 2, 3, Measles)",7,100.0,2,coverage,2024,235,62
Etawah Basrehar,JBG7yZn3ZhD,p,2023-07-01,Etawah,Pm0jLk6EAiE,Kanpur Nagar Division,delivery_care,% of pregnant women delivered in institution against estimated delivery,2,100.0,2,coverage,2024,258,62
Etawah Basrehar,JBG7yZn3ZhD,p,2023-07-01,Etawah,Pm0jLk6EAiE,Kanpur Nagar Division,immunization,"% of children received full immunization (BCG, Penta 1, 2, 3, Measles)",7,81.75061932287366,2,coverage,2024,258,62
Etawah Mahewa,g6QRDUGvU6j,p,2023-07-01,Etawah,Pm0jLk6EAiE,Kanpur Nagar Division,delivery_care,% of pregnant women delivered in institution against estimated delivery,2,73.78877400295421,2,coverage,2024,584,62
Etawah Mahewa,g6QRDUGvU6j,p,2023-07-01,Etawah,Pm0jLk6EAiE,Kanpur Nagar Division,immunization,"% of children received full immunization (BCG, Penta 1, 2, 3, Measles)",7,87.90093987766672,2,coverage,2024,584,62
Etawah Badpura,DQKs9hxWhSr,p,2023-07-01,Etawah,Pm0jLk6EAiE,Kanpur Nagar Division,delivery_care,% of pregnant women delivered in institution against estimated delivery,2,43.32780672666983,2,coverage,2024,508,62
Etawah Badpura,DQKs9hxWhSr,p,2023-07-01,Etawah,Pm0jLk6EAiE,Kanpur Nagar Division,immunization,"% of children received full immunization (BCG, Penta 1, 2, 3, Measles)",7,100.0,2,coverage,2024,508,62
Etawah DHQ,H82DYZCKRwR,p,2023-07-01,Etawah,Pm0jLk6EAiE,Kanpur Nagar Division,delivery_care,% of pregnant women delivered in institution against estimated delivery,2,100.0,2,coverage,2024,46,62
Etawah DHQ,H82DYZCKRwR,p,2023-07-01,Etawah,Pm0jLk6EAiE,Kanpur Nagar Division,immunization,"% of children received full immunization (BCG, Penta 1, 2, 3, Measles)",7,100.0,2,coverage,2024,46,62
Etawah Bherthna,xraYmPK0pc5,p,2023-07-01,Etawah,Pm0jLk6EAiE,Kanpur Nagar Division,delivery_care,% of pregnant women delivered in institution against estimated delivery,2,60.02458043736226,2,coverage,2024,186,62
Etawah Bherthna,xraYmPK0pc5,p,2023-07-01,Etawah,Pm0jLk6EAiE,Kanpur Nagar Division,immunization,"% of children received full immunization (BCG, Penta 1, 2, 3, Measles)",7,100.0,2,coverage,2024,186,62
Etawah Saifai,kxTyOTd53rb,p,2023-07-01,Etawah,Pm0jLk6EAiE,Kanpur Nagar Division,delivery_care,% of pregnant women delivered in institution against estimated delivery,2,18.778501628664497,2,coverage,2024,608,62
Etawah Saifai,kxTyOTd53rb,p,2023-07-01,Etawah,Pm0jLk6EAiE,Kanpur Nagar Division,immunization,"% of children received full immunization (BCG, Penta 1, 2, 3, Measles)",7,65.39473684210526,2,coverage,2024,608,62
Etawah Thakha,vVEYFNLCthf,p,2023-07-01,Etawah,Pm0jLk6EAiE,Kanpur Nagar Division,delivery_care,% of pregnant women delivered in institution against estimated delivery,2,77.30323115161558,2,coverage,2024,130,62
Etawah Thakha,vVEYFNLCthf,p,2023-07-01,Etawah,Pm0jLk6EAiE,Kanpur Nagar Division,immunization,"% of children received full immunization (BCG, Penta 1, 2, 3, Measles)",7,100.0,2,coverage,2024,130,62
Tanda,c228prMIirC,p,2023-07-01,Ambedkar Nagar,jM27ji8tyrM,Ayodhya Division,delivery_care,% of pregnant women delivered in institution against estimated delivery,2,62.407464475261094,2,coverage,2024,340,8
Tanda,c228prMIirC,p,2023-07-01,Ambedkar Nagar,jM27ji8tyrM,Ayodhya Division,immunization,"% of children received full immunization (BCG, Penta 1, 2, 3, Measles)",7,83.76275289642055,2,coverage,2024,340,8
Ramnagar,M1F33pLSfxi,p,2023-07-01,Ambedkar Nagar,jM27ji8tyrM,Ayodhya Division,delivery_care,% of pregnant women delivered in institution against estimated delivery,2,75.78418996092577,2,coverage,2024,448,8
Ramnagar,M1F33pLSfxi,p,2023-07-01,Ambedkar Nagar,jM27ji8tyrM,Ayodhya Division,immunization,"% of children received full immunization (BCG, Penta 1, 2, 3, Measles)",7,92.89617486338798,2,coverage,2024,448,8
Jalapur,zvRpdDBNAj1,p,2023-07-01,Ambedkar Nagar,jM27ji8tyrM,Ayodhya Division,delivery_care,% of pregnant women delivered in institution against estimated delivery,2,88.31053834961546,2,coverage,2024,370,8
Jalapur,zvRpdDBNAj1,p,2023-07-01,Ambedkar Nagar,jM27ji8tyrM,Ayodhya Division,immunization,"% of children received full immunization (BCG, Penta 1, 2, 3, Measles)",7,84.81158811798048,2,coverage,2024,370,8
Ambedkar Nagar  DHQ,dgOT0Nq7Zja,p,2023-07-01,Ambedkar Nagar,jM27ji8tyrM,Ayodhya Division,delivery_care,% of pregnant women delivered in institution against estimated delivery,2,100.0,2,coverage,2024,170,8
Ambedkar Nagar  DHQ,dgOT0Nq7Zja,p,2023-07-01,Ambedkar Nagar,jM27ji8tyrM,Ayodhya Division,immunization,"% of children received full immunization (BCG, Penta 1, 2, 3, Measles)",7,100.0,2,coverage,2024,170,8
Bhiti,RiDtZZsck6S,p,2023-07-01,Ambedkar Nagar,jM27ji8tyrM,Ayodhya Division,delivery_care,% of pregnant women delivered in institution against estimated delivery,2,64.74353876739562,2,coverage,2024,42,8
Bhiti,RiDtZZsck6S,p,2023-07-01,Ambedkar Nagar,jM27ji8tyrM,Ayodhya Division,immunization,"% of children received full immunization (BCG, Penta 1, 2, 3, Measles)",7,100.0,2,coverage,2024,42,8
Katehari,UKkd5HV5vPT,p,2023-07-01,Ambedkar Nagar,jM27ji8tyrM,Ayodhya Division,delivery_care,% of pregnant women delivered in institution against estimated delivery,2,96.33841218925421,2,coverage,2024,897,8
Katehari,UKkd5HV5vPT,p,2023-07-01,Ambedkar Nagar,jM27ji8tyrM,Ayodhya Division,immunization,"% of children received full immunization (BCG, Penta 1, 2, 3, Measles)",7,100.0,2,coverage,2024,897,8
Jahangir Ganj,oB6hTaKvzgv,p,2023-07-01,Ambedkar Nagar,jM27ji8tyrM,Ayodhya Division,delivery_care,% of pregnant women delivered in institution against estimated delivery,2,81.48188227578291,2,coverage,2024,389,8
Jahangir Ganj,oB6hTaKvzgv,p,2023-07-01,Ambedkar Nagar,jM27ji8tyrM,Ayodhya Division,immunization,"% of children received full immunization (BCG, Penta 1, 2, 3, Measles)",7,100.0,2,coverage,2024,389,8
Baskhari,ABuWCL4zW6t,p,2023-07-01,Ambedkar Nagar,jM27ji8tyrM,Ayodhya Division,delivery_care,% of pregnant women delivered in institution against estimated delivery,2,75.77273485733355,2,coverage,2024,504,8
Baskhari,ABuWCL4zW6t,p,2023-07-01,Ambedkar Nagar,jM27ji8tyrM,Ayodhya Division,immunization,"% of children received full immunization (BCG, Penta 1, 2, 3, Measles)",7,100.0,2,coverage,2024,504,8
Akaberpur,HHlxYUknESU,p,2023-07-01,Ambedkar Nagar,jM27ji8tyrM,Ayodhya Division,delivery_care,% of pregnant women delivered in institution against estimated delivery,2,100.0,2,coverage,2024,347,8
Akaberpur,HHlxYUknESU,p,2023-07-01,Ambedkar Nagar,jM27ji8tyrM,Ayodhya Division,immunization,"% of children received full immunization (BCG, Penta 1, 2, 3, Measles)",7,92.10406207211321,2,coverage,2024,347,8
Bhiyaon,KZ9A7NuGOta,p,2023-07-01,Ambedkar Nagar,jM27ji8tyrM,Ayodhya Division,delivery_care,% of pregnant women delivered in institution against estimated delivery,2,55.07016088903632,2,coverage,2024,162,8
Bhiyaon,KZ9A7NuGOta,p,2023-07-01,Ambedkar Nagar,jM27ji8tyrM,Ayodhya Division,immunization,"% of children received full immunization (BCG, Penta 1, 2, 3, Measles)",7,100.0,2,coverage,2024,162,8
Sultanpur DHQ,L7J6pfX9JCH,p,2023-07-01,Sultanpur,o4ZQTVcMI7U,Ayodhya Division,delivery_care,% of pregnant women delivered in institution against estimated delivery,2,100.0,2,coverage,2024,550,40
Sultanpur DHQ,L7J6pfX9JCH,p,2023-07-01,Sultanpur,o4ZQTVcMI7U,Ayodhya Division,immunization,"% of children received full immunization (BCG, Penta 1, 2, 3, Measles)",7,100.0,2,coverage,2024,550,40
Motigarpur,hcBv6xoPmri,p,2023-07-01,Sultanpur,o4ZQTVcMI7U,Ayodhya Division,delivery_care,% of pregnant women delivered in institution against estimated delivery,2,67.10318664643397,2,coverage,2024,760,40
Motigarpur,hcBv6xoPmri,p,2023-07-01,Sultanpur,o4ZQTVcMI7U,Ayodhya Division,immunization,"% of children received full immunization (BCG, Penta 1, 2, 3, Measles)",7,100.0,2,coverage,2024,760,40
Dhanpatganj,LNiRZH5vfaY,p,2023-07-01,Sultanpur,o4ZQTVcMI7U,Ayodhya Division,delivery_care,% of pregnant women delivered in institution against estimated delivery,2,49.69767441860466,2,coverage,2024,787,40
Dhanpatganj,LNiRZH5vfaY,p,2023-07-01,Sultanpur,o4ZQTVcMI7U,Ayodhya Division,immunization,"% of children received full immunization (BCG, Penta 1, 2, 3, Measles)",7,93.68099600657742,2,coverage,2024,787,40
Kadipur,f8FnEAgiGOz,p,2023-07-01,Sultanpur,o4ZQTVcMI7U,Ayodhya Division,delivery_care,% of pregnant women delivered in institution against estimated delivery,2,62.673801137903006,2,coverage,2024,405,40
Kadipur,f8FnEAgiGOz,p,2023-07-01,Sultanpur,o4ZQTVcMI7U,Ayodhya Division,immunization,"% of children received full immunization (BCG, Penta 1, 2, 3, Measles)",7,100.0,2,coverage,2024,405,40
Jaisinghpur,BKeRkKcuOgW,p,2023-07-01,Sultanpur,o4ZQTVcMI7U,Ayodhya Division,delivery_care,% of pregnant women delivered in institution against estimated delivery,2,72.46459674365771,2,coverage,2024,594,40
Jaisinghpur,BKeRkKcuOgW,p,2023-07-01,Sultanpur,o4ZQTVcMI7U,Ayodhya Division,immunization,"% of children received full immunization (BCG, Penta 1, 2, 3, Measles)",7,98.96749521988528,2,coverage,2024,594,40
Lambhua,O0G9BMkbU7f,p,2023-07-01,Sultanpur,o4ZQTVcMI7U,Ayodhya Division,delivery_care,% of pregnant women delivered in institution against estimated delivery,2,67.36012861736334,2,coverage,2024,649,40
Lambhua,O0G9BMkbU7f,p,2023-07-01,Sultanpur,o4ZQTVcMI7U,Ayodhya Division,immunization,"% of children received full immunization (BCG, Penta 1, 2, 3, Measles)",7,86.2524355921195,2,coverage,2024,649,40
Kurebhar,wzWcav8jSNr,p,2023-07-01,Sultanpur,o4ZQTVcMI7U,Ayodhya Division,delivery_care,% of pregnant women delivered in institution against estimated delivery,2,54.026138909634064,2,coverage,2024,25,40
Kurebhar,wzWcav8jSNr,p,2023-07-01,Sultanpur,o4ZQTVcMI7U,Ayodhya Division,immunization,"% of children received full immunization (BCG, Penta 1, 2, 3, Measles)",7,95.26683009617196,2,coverage,2024,25,40
Karaudikala,Tt3G0qCamwa,p,2023-07-01,Sultanpur,o4ZQTVcMI7U,Ayodhya Division,delivery_care,% of pregnant women delivered in institution against estimated delivery,2,54.064935064935064,2,coverage,2024,914,40
Karaudikala,Tt3G0qCamwa,p,2023-07-01,Sultanpur,o4ZQTVcMI7U,Ayodhya Division,immunization,"% of children received full immunization (BCG, Penta 1, 2, 3, Measles)",7,80.1457194899818,2,coverage,2024,914,40
Baldirai,VPN370bubCz,p,2023-07-01,Sultanpur,o4ZQTVcMI7U,Ayodhya Division,delivery_care,% of pregnant women delivered in institution against estimated delivery,2,70.95020746887967,2,coverage,2024,299,40
Baldirai,VPN370bubCz,p,2023-07-01,Sultanpur,o4ZQTVcMI7U,Ayodhya Division,immunization,"% of children received full immunization (BCG, Penta 1, 2, 3, Measles)",7,93.964794635373,2,coverage,2024,299,40
Bhadaiyan,vXwJYqDZIzf,p,2023-07-01,Sultanpur,o4ZQTVcMI7U,Ayodhya Division,delivery_care,% of pregnant women delivered in institution against estimated delivery,2,61.34952864394489,2,coverage,2024,279,40
Bhadaiyan,vXwJYqDZIzf,p,2023-07-01,Sultanpur,o4ZQTVcMI7U,Ayodhya Division,immunization,"% of children received full immunization (BCG, Penta 1, 2, 3, Measles)",7,100.0,2,coverage,2024,279,40
Akhandnagar,bUb6dbgNp7o,p,2023-07-01,Sultanpur,o4ZQTVcMI7U,Ayodhya Division,delivery_care,% of pregnant women delivered in institution against estimated delivery,2,51.9443447037702,2,coverage,2024,485,40
Akhandnagar,bUb6dbgNp7o,p,2023-07-01,Sultanpur,o4ZQTVcMI7U,Ayodhya Division,immunization,"% of children received full immunization (BCG, Penta 1, 2, 3, Measles)",7,94.56029011786038,2,coverage,2024,485,40
Dubeypur,C2FFe2TBScZ,p,2023-07-01,Sultanpur,o4ZQTVcMI7U,Ayodhya Division,delivery_care,% of pregnant women delivered in institution against estimated delivery,2,37.27757125154896,2,coverage,2024,648,40
Dubeypur,C2FFe2TBScZ,p,2023-07-01,Sultanpur,o4ZQTVcMI7U,Ayodhya Division,immunization,"% of children received full immunization (BCG, Penta 1, 2, 3, Measles)",7,100.0,2,coverage,2024,648,40
PP Kamaicha,wDcv6om3WT1,p,2023-07-01,Sultanpur,o4ZQTVcMI7U,Ayodhya Division,delivery_care,% of pregnant women delivered in institution against estimated delivery,2,65.60831509846828,2,coverage,2024,655,40
PP Kamaicha,wDcv6om3WT1,p,2023-07-01,Sultanpur,o4ZQTVcMI7U,Ayodhya Division,immunization,"% of children received full immunization (BCG, Penta 1, 2, 3, Measles)",7,100.0,2,coverage,2024,655,40
Dostpur,AGFzimgfzIo,p,2023-07-01,Sultanpur,o4ZQTVcMI7U,Ayodhya Division,delivery_care,% of pregnant women delivered in institution against estimated delivery,2,64.83223074887538,2,coverage,2024,487,40
Dostpur,AGFzimgfzIo,p,2023-07-01,Sultanpur,o4ZQTVcMI7U,Ayodhya Division,immunization,"% of children received full immunization (BCG, Penta 1, 2, 3, Measles)",7,100.0,2,coverage,2024,487,40
Kurwar,Sz7oQppp6s9,p,2023-07-01,Sultanpur,o4ZQTVcMI7U,Ayodhya Division,delivery_care,% of pregnant women delivered in institution against estimated delivery,2,65.7966573816156,2,coverage,2024,602,40
Kurwar,Sz7oQppp6s9,p,2023-07-01,Sultanpur,o4ZQTVcMI7U,Ayodhya Division,immunization,"% of children received full immunization (BCG, Penta 1, 2, 3, Measles)",7,100.0,2,coverage,2024,602,40
Nighasan,K3Wk4SSTOVC,p,2023-07-01,Lakhimpur Kheri,d9ZuMopgX29,Lucknow Division,delivery_care,% of pregnant women delivered in institution against estimated delivery,2,63.03084549710823,2,coverage,2024,786,22
Nighasan,K3Wk4SSTOVC,p,2023-07-01,Lakhimpur Kheri,d9ZuMopgX29,Lucknow Division,immunization,"% of children received full immunization (BCG, Penta 1, 2, 3, Measles)",7,86.15669911914696,2,coverage,2024,786,22
Behjam,qoqWCWNVx1j,p,2023-07-01,Lakhimpur Kheri,d9ZuMopgX29,Lucknow Division,delivery_care,% of pregnant women delivered in institution against estimated delivery,2,82.54602116248732,2,coverage,2024,545,22
Behjam,qoqWCWNVx1j,p,2023-07-01,Lakhimpur Kheri,d9ZuMopgX29,Lucknow Division,immunization,"% of children received full immunization (BCG, Penta 1, 2, 3, Measles)",7,88.59610598741034,2,coverage,2024,545,22
Mohamdi Kheri,SiLZVlguB9v,p,2023-07-01,Lakhimpur Kheri,d9ZuMopgX29,Lucknow Division,delivery_care,% of pregnant women delivered in institution against estimated delivery,2,64.88287785833798,2,coverage,2024,165,22
Mohamdi Kheri,SiLZVlguB9v,p,2023-07-01,Lakhimpur Kheri,d9ZuMopgX29,Lucknow Division,immunization,"% of children received full immunization (BCG, Penta 1, 2, 3, Measles)",7,100.0,2,coverage,2024,165,22
Phoolbhar,kKTBu6UpSYl,p,2023-07-01,Lakhimpur Kheri,d9ZuMopgX29,Lucknow Division,delivery_care,% of pregnant women delivered in institution against estimated delivery,2,45.69731203739774,2,coverage,2024,587,22
Phoolbhar,kKTBu6UpSYl,p,2023-07-01,Lakhimpur Kheri,d9ZuMopgX29,Lucknow Division,immunization,"% of children received full immunization (BCG, Penta 1, 2, 3, Measles)",7,83.14754098360656,2,coverage,2024,587,22
Dharora,gEphd9O9pPr,p,2023-07-01,Lakhimpur Kheri,d9ZuMopgX29,Lucknow Division,delivery_care,% of pregnant women delivered in institution against estimated delivery,2,84.70873786407765,2,coverage,2024,612,22
Dharora,gEphd9O9pPr,p,2023-07-01,Lakhimpur Kheri,d9ZuMopgX29,Lucknow Division,immunization,"% of children received full immunization (BCG, Penta 1, 2, 3, Measles)",7,100.0,2,coverage,2024,612,22
Phardhan,deLO0JKgzP6,p,2023-07-01,Lakhimpur Kheri,d9ZuMopgX29,Lucknow Division,delivery_care,% of pregnant women delivered in institution against estimated delivery,2,35.51805017336325,2,coverage,2024,206,22
Phardhan,deLO0JKgzP6,p,2023-07-01,Lakhimpur Kheri,d9ZuMopgX29,Lucknow Division,immunization,"% of children received full immunization (BCG, Penta 1, 2, 3, Measles)",7,89.89597280873414,2,coverage,2024,206,22
Bakeganj,dCxTVCyf17s,p,2023-07-01,Lakhimpur Kheri,d9ZuMopgX29,Lucknow Division,delivery_care,% of pregnant women delivered in institution against estimated delivery,2,61.641791044776134,2,coverage,2024,197,22
Bakeganj,dCxTVCyf17s,p,2023-07-01,Lakhimpur Kheri,d9ZuMopgX29,Lucknow Division,immunization,"% of children received full immunization (BCG, Penta 1, 2, 3, Measles)",7,81.72274562584118,2,coverage,2024,197,22
Pallia,dQnnkXYAcff,p,2023-07-01,Lakhimpur Kheri,d9ZuMopgX29,Lucknow Division,delivery_care,% of pregnant women delivered in institution against estimated delivery,2,65.44462409054164,2,coverage,2024,290,22
Pallia,dQnnkXYAcff,p,2023-07-01,Lakhimpur Kheri,d9ZuMopgX29,Lucknow Division,immunization,"% of children received full immunization (BCG, Penta 1, 2, 3, Measles)",7,85.71095299195146,2,coverage,2024,290,22
Ramia Behar,yl4FsPXJXvw,p,2023-07-01,Lakhimpur Kheri,d9ZuMopgX29,Lucknow Division,delivery_care,% of pregnant women delivered in institution against estimated delivery,2,58.86514600827172,2,coverage,2024,204,22
Ramia Behar,yl4FsPXJXvw,p,2023-07-01,Lakhimpur Kheri,d9ZuMopgX29,Lucknow Division,immunization,"% of children received full immunization (BCG, Penta 1, 2, 3, Measles)",7,79.69620253164557,2,coverage,2024,204,22
Mitoli,Owih8es2MY7,p,2023-07-01,Lakhimpur Kheri,d9ZuMopgX29,Lucknow Division,delivery_care,% of pregnant women delivered in institution against estimated delivery,2,70.4881821556738,2,coverage,2024,222,22
Mitoli,Owih8es2MY7,p,2023-07-01,Lakhimpur Kheri,d9ZuMopgX29,Lucknow Division,immunization,"% of children received full immunization (BCG, Penta 1, 2, 3, Measles)",7,82.08973878265216,2,coverage,2024,222,22
Isanagar,qbwnjNH34Cw,p,2023-07-01,Lakhimpur Kheri,d9ZuMopgX29,Lucknow Division,delivery_care,% of pregnant women delivered in institution against estimated delivery,2,93.96032831737348,2,coverage,2024,425,22
Isanagar,qbwnjNH34Cw,p,2023-07-01,Lakhimpur Kheri,d9ZuMopgX29,Lucknow Division,immunization,"% of children received full immunization (BCG, Penta 1, 2, 3, Measles)",7,100.0,2,coverage,2024,425,22
Bijua,Jmwf6ICjPJQ,p,2023-07-01,Lakhimpur Kheri,d9ZuMopgX29,Lucknow Division,delivery_care,% of pregnant women delivered in institution against estimated delivery,2,75.60920285158781,2,coverage,2024,37,22
Bijua,Jmwf6ICjPJQ,p,2023-07-01,Lakhimpur Kheri,d9ZuMopgX29,Lucknow Division,immunization,"% of children received full immunization (BCG, Penta 1, 2, 3, Measles)",7,89.12161277654144,2,coverage,2024,37,22
Lakhimpur DHQ,PDw9OZ2oKqK,p,2023-07-01,Lakhimpur Kheri,d9ZuMopgX29,Lucknow Division,delivery_care,% of pregnant women delivered in institution against estimated delivery,2,100.0,2,coverage,2024,177,22
Lakhimpur DHQ,PDw9OZ2oKqK,p,2023-07-01,Lakhimpur Kheri,d9ZuMopgX29,Lucknow Division,immunization,"% of children received full immunization (BCG, Penta 1, 2, 3, Measles)",7,86.28318584070797,2,coverage,2024,177,22
Nakha,UbmM3fTe8D0,p,2023-07-01,Lakhimpur Kheri,d9ZuMopgX29,Lucknow Division,delivery_care,% of pregnant women delivered in institution against estimated delivery,2,94.02076231794236,2,coverage,2024,582,22
Nakha,UbmM3fTe8D0,p,2023-07-01,Lakhimpur Kheri,d9ZuMopgX29,Lucknow Division,immunization,"% of children received full immunization (BCG, Penta 1, 2, 3, Measles)",7,100.0,2,coverage,2024,582,22
Pasgawa,el8CoMxhsji,p,2023-07-01,Lakhimpur Kheri,d9ZuMopgX29,Lucknow Division,delivery_care,% of pregnant women delivered in institution against estimated delivery,2,60.89174034936382,2,coverage,2024,108,22
Pasgawa,el8CoMxhsji,p,2023-07-01,Lakhimpur Kheri,d9ZuMopgX29,Lucknow Division,immunization,"% of children received full immunization (BCG, Penta 1, 2, 3, Measles)",7,85.72361973211369,2,coverage,2024,108,22
Kumbhi,lbRa62r2r1d,p,2023-07-01,Lakhimpur Kheri,d9ZuMopgX29,Lucknow Division,delivery_care,% of pregnant women delivered in institution against estimated delivery,2,65.31420624291748,2,coverage,2024,397,22
Kumbhi,lbRa62r2r1d,p,2023-07-01,Lakhimpur Kheri,d9ZuMopgX29,Lucknow Division,immunization,"% of children received full immunization (BCG, Penta 1, 2, 3, Measles)",7,93.26813026740194,2,coverage,2024,397,22
Rudhouli,X4NDrvDmL4p,p,2023-07-01,Basti,J1P16zQEOUT,Basti Division,delivery_care,% of pregnant women delivered in institution against estimated delivery,2,80.64917344528996,2,coverage,2024,833,71
Rudhouli,X4NDrvDmL4p,p,2023-07-01,Basti,J1P16zQEOUT,Basti Division,immunization,"% of children received full immunization (BCG, Penta 1, 2, 3, Measles)",7,100.0,2,coverage,2024,833,71
Bhadurpur,Rhej6WFZaSI,p,2023-07-01,Basti,J1P16zQEOUT,Basti Division,delivery_care,% of pregnant women delivered in institution against estimated delivery,2,50.194895591647345,2,coverage,2024,721,71
Bhadurpur,Rhej6WFZaSI,p,2023-07-01,Basti,J1P16zQEOUT,Basti Division,immunization,"% of children received full immunization (BCG, Penta 1, 2, 3, Measles)",7,100.0,2,coverage,2024,721,71
Vikramjot,r1D91q65KwQ,p,2023-07-01,Basti,J1P16zQEOUT,Basti Division,delivery_care,% of pregnant women delivered in institution against estimated delivery,2,42.656009473060976,2,coverage,2024,198,71
Vikramjot,r1D91q65KwQ,p,2023-07-01,Basti,J1P16zQEOUT,Basti Division,immunization,"% of children received full immunization (BCG, Penta 1, 2, 3, Measles)",7,100.0,2,coverage,2024,198,71
Sahughat,knCO4emeZY1,p,2023-07-01,Basti,J1P16zQEOUT,Basti Division,delivery_care,% of pregnant women delivered in institution against estimated delivery,2,35.32011155872328,2,coverage,2024,254,71
Sahughat,knCO4emeZY1,p,2023-07-01,Basti,J1P16zQEOUT,Basti Division,immunization,"% of children received full immunization (BCG, Penta 1, 2, 3, Measles)",7,85.44600938967136,2,coverage,2024,254,71
Dubealiya,I6SfaoTpBWQ,p,2023-07-01,Basti,J1P16zQEOUT,Basti Division,delivery_care,% of pregnant women delivered in institution against estimated delivery,2,53.256324291374575,2,coverage,2024,645,71
Dubealiya,I6SfaoTpBWQ,p,2023-07-01,Basti,J1P16zQEOUT,Basti Division,immunization,"% of children received full immunization (BCG, Penta 1, 2, 3, Measles)",7,97.1375807940905,2,coverage,2024,645,71
Kudreha,gwFahuoicRH,p,2023-07-01,Basti,J1P16zQEOUT,Basti Division,delivery_care,% of pregnant women delivered in institution against estimated delivery,2,61.17271727172717,2,coverage,2024,237,71
Kudreha,gwFahuoicRH,p,2023-07-01,Basti,J1P16zQEOUT,Basti Division,immunization,"% of children received full immunization (BCG, Penta 1, 2, 3, Measles)",7,100.0,2,coverage,2024,237,71
Bankuti,Ek8aj4Sjo0n,p,2023-07-01,Basti,J1P16zQEOUT,Basti Division,delivery_care,% of pregnant women delivered in institution against estimated delivery,2,44.19768234492161,2,coverage,2024,616,71
Bankuti,Ek8aj4Sjo0n,p,2023-07-01,Basti,J1P16zQEOUT,Basti Division,immunization,"% of children received full immunization (BCG, Penta 1, 2, 3, Measles)",7,85.23235800344234,2,coverage,2024,616,71
Hreaiya,QB1bWVUZvNY,p,2023-07-01,Basti,J1P16zQEOUT,Basti Division,delivery_care,% of pregnant women delivered in institution against estimated delivery,2,56.22737819025522,2,coverage,2024,886,71
Hreaiya,QB1bWVUZvNY,p,2023-07-01,Basti,J1P16zQEOUT,Basti Division,immunization,"% of children received full immunization (BCG, Penta 1, 2, 3, Measles)",7,100.0,2,coverage,2024,886,71
Goura,omXlDQQZhm0,p,2023-07-01,Basti,J1P16zQEOUT,Basti Division,delivery_care,% of pregnant women delivered in institution against estimated delivery,2,38.18962203715567,2,coverage,2024,318,71
Goura,omXlDQQZhm0,p,2023-07-01,Basti,J1P16zQEOUT,Basti Division,immunization,"% of children received full immunization (BCG, Penta 1, 2, 3, Measles)",7,87.93995859213251,2,coverage,2024,318,71
Kaptanganj Basti,XyOAuYi23Qw,p,2023-07-01,Basti,J1P16zQEOUT,Basti Division,delivery_care,% of pregnant women delivered in institution against estimated delivery,2,45.591620515290145,2,coverage,2024,36,71
Kaptanganj Basti,XyOAuYi23Qw,p,2023-07-01,Basti,J1P16zQEOUT,Basti Division,immunization,"% of children received full immunization (BCG, Penta 1, 2, 3, Measles)",7,99.0272373540856,2,coverage,2024,36,71
Parasrampur,nE41ZrKaU9G,p,2023-07-01,Basti,J1P16zQEOUT,Basti Division,delivery_care,% of pregnant women delivered in institution against estimated delivery,2,69.71376414749909,2,coverage,2024,178,71
Parasrampur,nE41ZrKaU9G,p,2023-07-01,Basti,J1P16zQEOUT,Basti Division,immunization,"% of children received full immunization (BCG, Penta 1, 2, 3, Measles)",7,100.0,2,coverage,2024,178,71
Ramnagar Basti,jiDSxIFBh1G,p,2023-07-01,Basti,J1P16zQEOUT,Basti Division,delivery_care,% of pregnant women delivered in institution against estimated delivery,2,55.38923879791254,2,coverage,2024,351,71
Ramnagar Basti,jiDSxIFBh1G,p,2023-07-01,Basti,J1P16zQEOUT,Basti Division,immunization,"% of children received full immunization (BCG, Penta 1, 2, 3, Measles)",7,100.0,2,coverage,2024,351,71
Basti Sader,zshpWWwvLd3,p,2023-07-01,Basti,J1P16zQEOUT,Basti Division,delivery_care,% of pregnant women delivered in institution against estimated delivery,2,100.0,2,coverage,2024,244,71
Basti Sader,zshpWWwvLd3,p,2023-07-01,Basti,J1P16zQEOUT,Basti Division,immunization,"% of children received full immunization (BCG, Penta 1, 2, 3, Measles)",7,100.0,2,coverage,2024,244,71
Saltova,tLE0KpRqOMk,p,2023-07-01,Basti,J1P16zQEOUT,Basti Division,delivery_care,% of pregnant women delivered in institution against estimated delivery,2,41.63802678863117,2,coverage,2024,208,71
Saltova,tLE0KpRqOMk,p,2023-07-01,Basti,J1P16zQEOUT,Basti Division,immunization,"% of children received full immunization (BCG, Penta 1, 2, 3, Measles)",7,99.25754825936312,2,coverage,2024,208,71
Basti DHQ,hIlEZsYKlhK,p,2023-07-01,Basti,J1P16zQEOUT,Basti Division,delivery_care,% of pregnant women delivered in institution against estimated delivery,2,15.071237279057312,2,coverage,2024,75,71
Basti DHQ,hIlEZsYKlhK,p,2023-07-01,Basti,J1P16zQEOUT,Basti Division,immunization,"% of children received full immunization (BCG, Penta 1, 2, 3, Measles)",7,19.258858533946444,2,coverage,2024,75,71
Bulandshahar DHQ,JZJD7vQ6YIE,p,2023-07-01,Bulandshahar,ogBt4gWCiem,Meerut Division,delivery_care,% of pregnant women delivered in institution against estimated delivery,2,57.98337610175165,2,coverage,2024,403,52
Bulandshahar DHQ,JZJD7vQ6YIE,p,2023-07-01,Bulandshahar,ogBt4gWCiem,Meerut Division,immunization,"% of children received full immunization (BCG, Penta 1, 2, 3, Measles)",7,100.0,2,coverage,2024,403,52
Bulandshahar Arniya,BWEaFP6tBWO,p,2023-07-01,Bulandshahar,ogBt4gWCiem,Meerut Division,delivery_care,% of pregnant women delivered in institution against estimated delivery,2,68.05310641787983,2,coverage,2024,154,52
Bulandshahar Arniya,BWEaFP6tBWO,p,2023-07-01,Bulandshahar,ogBt4gWCiem,Meerut Division,immunization,"% of children received full immunization (BCG, Penta 1, 2, 3, Measles)",7,85.40070407951956,2,coverage,2024,154,52
Bulandshahar Pahasu,BFS0IOjIJM6,p,2023-07-01,Bulandshahar,ogBt4gWCiem,Meerut Division,delivery_care,% of pregnant women delivered in institution against estimated delivery,2,73.07937829586456,2,coverage,2024,700,52
Bulandshahar Pahasu,BFS0IOjIJM6,p,2023-07-01,Bulandshahar,ogBt4gWCiem,Meerut Division,immunization,"% of children received full immunization (BCG, Penta 1, 2, 3, Measles)",7,100.0,2,coverage,2024,700,52
Bulandshahar Sikandrabad,IjocfjQxUOy,p,2023-07-01,Bulandshahar,ogBt4gWCiem,Meerut Division,delivery_care,% of pregnant women delivered in institution against estimated delivery,2,51.526138279932546,2,coverage,2024,60,52
Bulandshahar Sikandrabad,IjocfjQxUOy,p,2023-07-01,Bulandshahar,ogBt4gWCiem,Meerut Division,immunization,"% of children received full immunization (BCG, Penta 1, 2, 3, Measles)",7,77.93579153538279,2,coverage,2024,60,52
Bulandshahar Lakhaothi,u7AfLScMrQL,p,2023-07-01,Bulandshahar,ogBt4gWCiem,Meerut Division,delivery_care,% of pregnant women delivered in institution against estimated delivery,2,85.54024255788313,2,coverage,2024,82,52
Bulandshahar Lakhaothi,u7AfLScMrQL,p,2023-07-01,Bulandshahar,ogBt4gWCiem,Meerut Division,immunization,"% of children received full immunization (BCG, Penta 1, 2, 3, Measles)",7,97.6391982182628,2,coverage,2024,82,52
Bulandshahar Janhgirabad,VhF9wHMOsI2,p,2023-07-01,Bulandshahar,ogBt4gWCiem,Meerut Division,delivery_care,% of pregnant women delivered in institution against estimated delivery,2,76.543537512552,2,coverage,2024,460,52
Bulandshahar Janhgirabad,VhF9wHMOsI2,p,2023-07-01,Bulandshahar,ogBt4gWCiem,Meerut Division,immunization,"% of children received full immunization (BCG, Penta 1, 2, 3, Measles)",7,66.24166908142567,2,coverage,2024,460,52
Bulandshahar Shikarpur,a3X4KgFjlsz,p,2023-07-01,Bulandshahar,ogBt4gWCiem,Meerut Division,delivery_care,% of pregnant women delivered in institution against estimated delivery,2,60.51606394536707,2,coverage,2024,890,52
Bulandshahar Shikarpur,a3X4KgFjlsz,p,2023-07-01,Bulandshahar,ogBt4gWCiem,Meerut Division,immunization,"% of children received full immunization (BCG, Penta 1, 2, 3, Measles)",7,80.38877567016773,2,coverage,2024,890,52
Bulandshahar Siyana,jJP9OWvYMuH,p,2023-07-01,Bulandshahar,ogBt4gWCiem,Meerut Division,delivery_care,% of pregnant women delivered in institution against estimated delivery,2,77.8679817905918,2,coverage,2024,800,52
Bulandshahar Siyana,jJP9OWvYMuH,p,2023-07-01,Bulandshahar,ogBt4gWCiem,Meerut Division,immunization,"% of children received full immunization (BCG, Penta 1, 2, 3, Measles)",7,97.85440613026822,2,coverage,2024,800,52
Bulandshahar Gulaothi,FXjd8I3tis1,p,2023-07-01,Bulandshahar,ogBt4gWCiem,Meerut Division,delivery_care,% of pregnant women delivered in institution against estimated delivery,2,72.88838612368023,2,coverage,2024,410,52
Bulandshahar Gulaothi,FXjd8I3tis1,p,2023-07-01,Bulandshahar,ogBt4gWCiem,Meerut Division,immunization,"% of children received full immunization (BCG, Penta 1, 2, 3, Measles)",7,98.84216940889702,2,coverage,2024,410,52
Bulandshahar Danpur,RyFHMa78ezE,p,2023-07-01,Bulandshahar,ogBt4gWCiem,Meerut Division,delivery_care,% of pregnant women delivered in institution against estimated delivery,2,72.14890613973182,2,coverage,2024,746,52
Bulandshahar Danpur,RyFHMa78ezE,p,2023-07-01,Bulandshahar,ogBt4gWCiem,Meerut Division,immunization,"% of children received full immunization (BCG, Penta 1, 2, 3, Measles)",7,81.6535994297933,2,coverage,2024,746,52
Bulandshahar Agota,mQeabczYlwZ,p,2023-07-01,Bulandshahar,ogBt4gWCiem,Meerut Division,delivery_care,% of pregnant women delivered in institution against estimated delivery,2,52.234262125902994,2,coverage,2024,910,52
Bulandshahar Agota,mQeabczYlwZ,p,2023-07-01,Bulandshahar,ogBt4gWCiem,Meerut Division,immunization,"% of children received full immunization (BCG, Penta 1, 2, 3, Measles)",7,55.668491008600476,2,coverage,2024,910,52
Bulandshahar Bulandshahr,bMszXRRjCCv,p,2023-07-01,Bulandshahar,ogBt4gWCiem,Meerut Division,delivery_care,% of pregnant women delivered in institution against estimated delivery,2,100.0,2,coverage,2024,860,52
Bulandshahar Bulandshahr,bMszXRRjCCv,p,2023-07-01,Bulandshahar,ogBt4gWCiem,Meerut Division,immunization,"% of children received full immunization (BCG, Penta 1, 2, 3, Measles)",7,100.0,2,coverage,2024,860,52
Bulandshahar Dibai,YDOGtOLeFg1,p,2023-07-01,Bulandshahar,ogBt4gWCiem,Meerut Division,delivery_care,% of pregnant women delivered in institution against estimated delivery,2,100.0,2,coverage,2024,750,52
Bulandshahar Dibai,YDOGtOLeFg1,p,2023-07-01,Bulandshahar,ogBt4gWCiem,Meerut Division,immunization,"% of children received full immunization (BCG, Penta 1, 2, 3, Measles)",7,91.63433183299705,2,coverage,2024,750,52
Bulandshahar B.B.Nagar,cp2Je1Z1Zo6,p,2023-07-01,Bulandshahar,ogBt4gWCiem,Meerut Division,delivery_care,% of pregnant women delivered in institution against estimated delivery,2,74.61800818553887,2,coverage,2024,607,52
Bulandshahar B.B.Nagar,cp2Je1Z1Zo6,p,2023-07-01,Bulandshahar,ogBt4gWCiem,Meerut Division,immunization,"% of children received full immunization (BCG, Penta 1, 2, 3, Measles)",7,84.43097271975752,2,coverage,2024,607,52
Bulandshahar Uncha gaon,vlW7Ky7ubGA,p,2023-07-01,Bulandshahar,ogBt4gWCiem,Meerut Division,delivery_care,% of pregnant women delivered in institution against estimated delivery,2,92.9216354344123,2,coverage,2024,291,52
Bulandshahar Uncha gaon,vlW7Ky7ubGA,p,2023-07-01,Bulandshahar,ogBt4gWCiem,Meerut Division,immunization,"% of children received full immunization (BCG, Penta 1, 2, 3, Measles)",7,91.53125597400114,2,coverage,2024,291,52
Bulandshahar Anoopshahr,rBDpTYpQ340,p,2023-07-01,Bulandshahar,ogBt4gWCiem,Meerut Division,delivery_care,% of pregnant women delivered in institution against estimated delivery,2,75.15868172108634,2,coverage,2024,265,52
Bulandshahar Anoopshahr,rBDpTYpQ340,p,2023-07-01,Bulandshahar,ogBt4gWCiem,Meerut Division,immunization,"% of children received full immunization (BCG, Penta 1, 2, 3, Measles)",7,100.0,2,coverage,2024,265,52
Bulandshahar Khurja,a5WBFfhetVT,p,2023-07-01,Bulandshahar,ogBt4gWCiem,Meerut Division,delivery_care,% of pregnant women delivered in institution against estimated delivery,2,68.92089800929581,2,coverage,2024,595,52
Bulandshahar Khurja,a5WBFfhetVT,p,2023-07-01,Bulandshahar,ogBt4gWCiem,Meerut Division,immunization,"% of children received full immunization (BCG, Penta 1, 2, 3, Measles)",7,57.78565101860054,2,coverage,2024,595,52
Muzaffarnagar Shahpur,XuOunfUuyUX,p,2023-07-01,Muzaffarnagar,MVQs2RrS1Nw,Saharanpur Division,delivery_care,% of pregnant women delivered in institution against estimated delivery,2,74.06530612244899,2,coverage,2024,737,17
Muzaffarnagar Shahpur,XuOunfUuyUX,p,2023-07-01,Muzaffarnagar,MVQs2RrS1Nw,Saharanpur Division,immunization,"% of children received full immunization (BCG, Penta 1, 2, 3, Measles)",7,100.0,2,coverage,2024,737,17
Muzaffarnagar Badhara,hiCT4rPYCVr,p,2023-07-01,Muzaffarnagar,MVQs2RrS1Nw,Saharanpur Division,delivery_care,% of pregnant women delivered in institution against estimated delivery,2,76.1517503564074,2,coverage,2024,812,17
Muzaffarnagar Badhara,hiCT4rPYCVr,p,2023-07-01,Muzaffarnagar,MVQs2RrS1Nw,Saharanpur Division,immunization,"% of children received full immunization (BCG, Penta 1, 2, 3, Measles)",7,100.0,2,coverage,2024,812,17
Muzaffarnagar Purkaji,kE3pd8aET6C,p,2023-07-01,Muzaffarnagar,MVQs2RrS1Nw,Saharanpur Division,delivery_care,% of pregnant women delivered in institution against estimated delivery,2,91.78739853111713,2,coverage,2024,531,17
Muzaffarnagar Purkaji,kE3pd8aET6C,p,2023-07-01,Muzaffarnagar,MVQs2RrS1Nw,Saharanpur Division,immunization,"% of children received full immunization (BCG, Penta 1, 2, 3, Measles)",7,100.0,2,coverage,2024,531,17
Muzaffarnagar Casthawal,c0nWxLrugon,p,2023-07-01,Muzaffarnagar,MVQs2RrS1Nw,Saharanpur Division,delivery_care,% of pregnant women delivered in institution against estimated delivery,2,83.32841328413285,2,coverage,2024,343,17
Muzaffarnagar Casthawal,c0nWxLrugon,p,2023-07-01,Muzaffarnagar,MVQs2RrS1Nw,Saharanpur Division,immunization,"% of children received full immunization (BCG, Penta 1, 2, 3, Measles)",7,100.0,2,coverage,2024,343,17
Muzaffarnagar DHQ,LwbNBvrbL9f,p,2023-07-01,Muzaffarnagar,MVQs2RrS1Nw,Saharanpur Division,delivery_care,% of pregnant women delivered in institution against estimated delivery,2,100.0,2,coverage,2024,871,17
Muzaffarnagar DHQ,LwbNBvrbL9f,p,2023-07-01,Muzaffarnagar,MVQs2RrS1Nw,Saharanpur Division,immunization,"% of children received full immunization (BCG, Penta 1, 2, 3, Measles)",7,100.0,2,coverage,2024,871,17
Muzaffarnagar Budana,gh2z6ozRHvl,p,2023-07-01,Muzaffarnagar,MVQs2RrS1Nw,Saharanpur Division,delivery_care,% of pregnant women delivered in institution against estimated delivery,2,80.51693785009336,2,coverage,2024,263,17
Muzaffarnagar Budana,gh2z6ozRHvl,p,2023-07-01,Muzaffarnagar,MVQs2RrS1Nw,Saharanpur Division,immunization,"% of children received full immunization (BCG, Penta 1, 2, 3, Measles)",7,100.0,2,coverage,2024,263,17
Muzaffarnagar Jansath,IClJwvvGCfX,p,2023-07-01,Muzaffarnagar,MVQs2RrS1Nw,Saharanpur Division,delivery_care,% of pregnant women delivered in institution against estimated delivery,2,79.67286599904627,2,coverage,2024,327,17
Muzaffarnagar Jansath,IClJwvvGCfX,p,2023-07-01,Muzaffarnagar,MVQs2RrS1Nw,Saharanpur Division,immunization,"% of children received full immunization (BCG, Penta 1, 2, 3, Measles)",7,100.0,2,coverage,2024,327,17
Muzaffarnagar Morna,RAawnADvz9B,p,2023-07-01,Muzaffarnagar,MVQs2RrS1Nw,Saharanpur Division,delivery_care,% of pregnant women delivered in institution against estimated delivery,2,83.59394997091333,2,coverage,2024,440,17
Muzaffarnagar Morna,RAawnADvz9B,p,2023-07-01,Muzaffarnagar,MVQs2RrS1Nw,Saharanpur Division,immunization,"% of children received full immunization (BCG, Penta 1, 2, 3, Measles)",7,100.0,2,coverage,2024,440,17
Muzaffarnagar Khthauli,e6v2BeJjdF0,p,2023-07-01,Muzaffarnagar,MVQs2RrS1Nw,Saharanpur Division,delivery_care,% of pregnant women delivered in institution against estimated delivery,2,78.19470813976973,2,coverage,2024,769,17
Muzaffarnagar Khthauli,e6v2BeJjdF0,p,2023-07-01,Muzaffarnagar,MVQs2RrS1Nw,Saharanpur Division,immunization,"% of children received full immunization (BCG, Penta 1, 2, 3, Measles)",7,100.0,2,coverage,2024,769,17
Muzaffarnagar Sadar,xInsVC065RU,p,2023-07-01,Muzaffarnagar,MVQs2RrS1Nw,Saharanpur Division,delivery_care,% of pregnant women delivered in institution against estimated delivery,2,66.66983623877442,2,coverage,2024,556,17
Muzaffarnagar Sadar,xInsVC065RU,p,2023-07-01,Muzaffarnagar,MVQs2RrS1Nw,Saharanpur Division,immunization,"% of children received full immunization (BCG, Penta 1, 2, 3, Measles)",7,100.0,2,coverage,2024,556,17
Kannauj,w5PW1t5ovb8,p,2023-07-01,Kannauj,IhQbDYRiF8w,Kanpur Nagar Division,delivery_care,% of pregnant women delivered in institution against estimated delivery,2,100.0,2,coverage,2024,540,73
Kannauj,w5PW1t5ovb8,p,2023-07-01,Kannauj,IhQbDYRiF8w,Kanpur Nagar Division,immunization,"% of children received full immunization (BCG, Penta 1, 2, 3, Measles)",7,100.0,2,coverage,2024,540,73
Talgram,zFNrX1gsn6L,p,2023-07-01,Kannauj,IhQbDYRiF8w,Kanpur Nagar Division,delivery_care,% of pregnant women delivered in institution against estimated delivery,2,73.26706827309238,2,coverage,2024,273,73
Talgram,zFNrX1gsn6L,p,2023-07-01,Kannauj,IhQbDYRiF8w,Kanpur Nagar Division,immunization,"% of children received full immunization (BCG, Penta 1, 2, 3, Measles)",7,100.0,2,coverage,2024,273,73
Chibramau,lqFb50V1HFl,p,2023-07-01,Kannauj,IhQbDYRiF8w,Kanpur Nagar Division,delivery_care,% of pregnant women delivered in institution against estimated delivery,2,61.23249200142197,2,coverage,2024,506,73
Chibramau,lqFb50V1HFl,p,2023-07-01,Kannauj,IhQbDYRiF8w,Kanpur Nagar Division,immunization,"% of children received full immunization (BCG, Penta 1, 2, 3, Measles)",7,100.0,2,coverage,2024,506,73
Jalalabad Kannauj,OWrTCTjWjzI,p,2023-07-01,Kannauj,IhQbDYRiF8w,Kanpur Nagar Division,delivery_care,% of pregnant women delivered in institution against estimated delivery,2,60.79104477611939,2,coverage,2024,686,73
Jalalabad Kannauj,OWrTCTjWjzI,p,2023-07-01,Kannauj,IhQbDYRiF8w,Kanpur Nagar Division,immunization,"% of children received full immunization (BCG, Penta 1, 2, 3, Measles)",7,95.19803715387312,2,coverage,2024,686,73
Saurikh,wOa6hyubQ9S,p,2023-07-01,Kannauj,IhQbDYRiF8w,Kanpur Nagar Division,delivery_care,% of pregnant women delivered in institution against estimated delivery,2,77.38011226944667,2,coverage,2024,765,73
Saurikh,wOa6hyubQ9S,p,2023-07-01,Kannauj,IhQbDYRiF8w,Kanpur Nagar Division,immunization,"% of children received full immunization (BCG, Penta 1, 2, 3, Measles)",7,100.0,2,coverage,2024,765,73
Haseran,wjAvKvlMzv0,p,2023-07-01,Kannauj,IhQbDYRiF8w,Kanpur Nagar Division,delivery_care,% of pregnant women delivered in institution against estimated delivery,2,87.63976083707027,2,coverage,2024,517,73
Haseran,wjAvKvlMzv0,p,2023-07-01,Kannauj,IhQbDYRiF8w,Kanpur Nagar Division,immunization,"% of children received full immunization (BCG, Penta 1, 2, 3, Measles)",7,100.0,2,coverage,2024,517,73
Gugrapur,ZawkcSeJU8n,p,2023-07-01,Kannauj,IhQbDYRiF8w,Kanpur Nagar Division,delivery_care,% of pregnant women delivered in institution against estimated delivery,2,100.0,2,coverage,2024,158,73
Gugrapur,ZawkcSeJU8n,p,2023-07-01,Kannauj,IhQbDYRiF8w,Kanpur Nagar Division,immunization,"% of children received full immunization (BCG, Penta 1, 2, 3, Measles)",7,100.0,2,coverage,2024,158,73
Umarda,QlnYDSaHYHx,p,2023-07-01,Kannauj,IhQbDYRiF8w,Kanpur Nagar Division,delivery_care,% of pregnant women delivered in institution against estimated delivery,2,69.87699445513182,2,coverage,2024,4,73
Umarda,QlnYDSaHYHx,p,2023-07-01,Kannauj,IhQbDYRiF8w,Kanpur Nagar Division,immunization,"% of children received full immunization (BCG, Penta 1, 2, 3, Measles)",7,93.13064350211452,2,coverage,2024,4,73
Kannauj DHQ,pxVGfZhiG9T,p,2023-07-01,Kannauj,IhQbDYRiF8w,Kanpur Nagar Division,delivery_care,% of pregnant women delivered in institution against estimated delivery,2,42.9832285115304,2,coverage,2024,101,73
Kannauj DHQ,pxVGfZhiG9T,p,2023-07-01,Kannauj,IhQbDYRiF8w,Kanpur Nagar Division,immunization,"% of children received full immunization (BCG, Penta 1, 2, 3, Measles)",7,75.86790855207452,2,coverage,2024,101,73
Mithwal,OHdFJxcZU3t,p,2023-07-01,Siddharth Nagar,cP0p8qfm3il,Basti Division,delivery_care,% of pregnant women delivered in institution against estimated delivery,2,30.657262277951933,2,coverage,2024,57,1
Mithwal,OHdFJxcZU3t,p,2023-07-01,Siddharth Nagar,cP0p8qfm3il,Basti Division,immunization,"% of children received full immunization (BCG, Penta 1, 2, 3, Measles)",7,84.8037146475306,2,coverage,2024,57,1
Bhanwapur,pWd385fXS6s,p,2023-07-01,Siddharth Nagar,cP0p8qfm3il,Basti Division,delivery_care,% of pregnant women delivered in institution against estimated delivery,2,35.750784682988076,2,coverage,2024,850,1
Bhanwapur,pWd385fXS6s,p,2023-07-01,Siddharth Nagar,cP0p8qfm3il,Basti Division,immunization,"% of children received full immunization (BCG, Penta 1, 2, 3, Measles)",7,76.93120574870551,2,coverage,2024,850,1
Bansi,dMZKc4fIqCl,p,2023-07-01,Siddharth Nagar,cP0p8qfm3il,Basti Division,delivery_care,% of pregnant women delivered in institution against estimated delivery,2,51.109112013929185,2,coverage,2024,463,1
Bansi,dMZKc4fIqCl,p,2023-07-01,Siddharth Nagar,cP0p8qfm3il,Basti Division,immunization,"% of children received full immunization (BCG, Penta 1, 2, 3, Measles)",7,76.37749120750294,2,coverage,2024,463,1
Badani,fvt1qfVGM3G,p,2023-07-01,Siddharth Nagar,cP0p8qfm3il,Basti Division,delivery_care,% of pregnant women delivered in institution against estimated delivery,2,35.217139707908515,2,coverage,2024,163,1
Badani,fvt1qfVGM3G,p,2023-07-01,Siddharth Nagar,cP0p8qfm3il,Basti Division,immunization,"% of children received full immunization (BCG, Penta 1, 2, 3, Measles)",7,88.33843584748121,2,coverage,2024,163,1
Sohartgarh,fhrJdvxaNc3,p,2023-07-01,Siddharth Nagar,cP0p8qfm3il,Basti Division,delivery_care,% of pregnant women delivered in institution against estimated delivery,2,39.17191097467384,2,coverage,2024,445,1
Sohartgarh,fhrJdvxaNc3,p,2023-07-01,Siddharth Nagar,cP0p8qfm3il,Basti Division,immunization,"% of children received full immunization (BCG, Penta 1, 2, 3, Measles)",7,86.56022322120602,2,coverage,2024,445,1
Jogia,SCLwreLwByy,p,2023-07-01,Siddharth Nagar,cP0p8qfm3il,Basti Division,delivery_care,% of pregnant women delivered in institution against estimated delivery,2,32.19211493484798,2,coverage,2024,426,1
Jogia,SCLwreLwByy,p,2023-07-01,Siddharth Nagar,cP0p8qfm3il,Basti Division,immunization,"% of children received full immunization (BCG, Penta 1, 2, 3, Measles)",7,67.29665879176511,2,coverage,2024,426,1
Birdpur,N5oPV77d3Vf,p,2023-07-01,Siddharth Nagar,cP0p8qfm3il,Basti Division,delivery_care,% of pregnant women delivered in institution against estimated delivery,2,45.021182464137276,2,coverage,2024,8,1
Birdpur,N5oPV77d3Vf,p,2023-07-01,Siddharth Nagar,cP0p8qfm3il,Basti Division,immunization,"% of children received full immunization (BCG, Penta 1, 2, 3, Measles)",7,91.86188219363576,2,coverage,2024,8,1
Khuniywa,WhN8Tp15uxY,p,2023-07-01,Siddharth Nagar,cP0p8qfm3il,Basti Division,delivery_care,% of pregnant women delivered in institution against estimated delivery,2,40.64254792826221,2,coverage,2024,819,1
Khuniywa,WhN8Tp15uxY,p,2023-07-01,Siddharth Nagar,cP0p8qfm3il,Basti Division,immunization,"% of children received full immunization (BCG, Penta 1, 2, 3, Measles)",7,92.56714553404123,2,coverage,2024,819,1
Dumaria,nH12F0E43cT,p,2023-07-01,Siddharth Nagar,cP0p8qfm3il,Basti Division,delivery_care,% of pregnant women delivered in institution against estimated delivery,2,27.372073282874734,2,coverage,2024,118,1
Dumaria,nH12F0E43cT,p,2023-07-01,Siddharth Nagar,cP0p8qfm3il,Basti Division,immunization,"% of children received full immunization (BCG, Penta 1, 2, 3, Measles)",7,79.84568121740374,2,coverage,2024,118,1
Lotan,rvgyhTDiBPh,p,2023-07-01,Siddharth Nagar,cP0p8qfm3il,Basti Division,delivery_care,% of pregnant women delivered in institution against estimated delivery,2,45.947368421052616,2,coverage,2024,669,1
Lotan,rvgyhTDiBPh,p,2023-07-01,Siddharth Nagar,cP0p8qfm3il,Basti Division,immunization,"% of children received full immunization (BCG, Penta 1, 2, 3, Measles)",7,73.70985603543744,2,coverage,2024,669,1
Uska Bazar,WvXTe5mm0Jg,p,2023-07-01,Siddharth Nagar,cP0p8qfm3il,Basti Division,delivery_care,% of pregnant women delivered in institution against estimated delivery,2,38.38686131386861,2,coverage,2024,503,1
Uska Bazar,WvXTe5mm0Jg,p,2023-07-01,Siddharth Nagar,cP0p8qfm3il,Basti Division,immunization,"% of children received full immunization (BCG, Penta 1, 2, 3, Measles)",7,65.80666778354832,2,coverage,2024,503,1
Siddharth Nagar DHQ,EE0yO6YSNwL,p,2023-07-01,Siddharth Nagar,cP0p8qfm3il,Basti Division,delivery_care,% of pregnant women delivered in institution against estimated delivery,2,100.0,2,coverage,2024,422,1
Siddharth Nagar DHQ,EE0yO6YSNwL,p,2023-07-01,Siddharth Nagar,cP0p8qfm3il,Basti Division,immunization,"% of children received full immunization (BCG, Penta 1, 2, 3, Measles)",7,56.33496465470365,2,coverage,2024,422,1
Itawa,B0QTEnRTAZg,p,2023-07-01,Siddharth Nagar,cP0p8qfm3il,Basti Division,delivery_care,% of pregnant women delivered in institution against estimated delivery,2,55.167780594607045,2,coverage,2024,672,1
Itawa,B0QTEnRTAZg,p,2023-07-01,Siddharth Nagar,cP0p8qfm3il,Basti Division,immunization,"% of children received full immunization (BCG, Penta 1, 2, 3, Measles)",7,78.63128491620111,2,coverage,2024,672,1
Khsrha,RtFh5dTx40I,p,2023-07-01,Siddharth Nagar,cP0p8qfm3il,Basti Division,delivery_care,% of pregnant women delivered in institution against estimated delivery,2,31.66254861587737,2,coverage,2024,372,1
Khsrha,RtFh5dTx40I,p,2023-07-01,Siddharth Nagar,cP0p8qfm3il,Basti Division,immunization,"% of children received full immunization (BCG, Penta 1, 2, 3, Measles)",7,85.44362292051756,2,coverage,2024,372,1
Nougarh,VQaZwzfLvV1,p,2023-07-01,Siddharth Nagar,cP0p8qfm3il,Basti Division,delivery_care,% of pregnant women delivered in institution against estimated delivery,2,17.372551239950177,2,coverage,2024,785,1
Nougarh,VQaZwzfLvV1,p,2023-07-01,Siddharth Nagar,cP0p8qfm3il,Basti Division,immunization,"% of children received full immunization (BCG, Penta 1, 2, 3, Measles)",7,72.00365965233303,2,coverage,2024,785,1
Ballia Maniyar,eFwNuT9zZod,p,2023-07-01,Ballia,oNDvGBE5fLq,Azamgarh Division,delivery_care,% of pregnant women delivered in institution against estimated delivery,2,46.25064822817632,2,coverage,2024,348,5
Ballia Maniyar,eFwNuT9zZod,p,2023-07-01,Ballia,oNDvGBE5fLq,Azamgarh Division,immunization,"% of children received full immunization (BCG, Penta 1, 2, 3, Measles)",7,100.0,2,coverage,2024,348,5
Ballia Navanagar,kepTOn7He9W,p,2023-07-01,Ballia,oNDvGBE5fLq,Azamgarh Division,delivery_care,% of pregnant women delivered in institution against estimated delivery,2,70.43298969072166,2,coverage,2024,472,5
Ballia Navanagar,kepTOn7He9W,p,2023-07-01,Ballia,oNDvGBE5fLq,Azamgarh Division,immunization,"% of children received full immunization (BCG, Penta 1, 2, 3, Measles)",7,100.0,2,coverage,2024,472,5
Ballia Bansdih,G4HRu37srJN,p,2023-07-01,Ballia,oNDvGBE5fLq,Azamgarh Division,delivery_care,% of pregnant women delivered in institution against estimated delivery,2,51.80200967621882,2,coverage,2024,80,5
Ballia Bansdih,G4HRu37srJN,p,2023-07-01,Ballia,oNDvGBE5fLq,Azamgarh Division,immunization,"% of children received full immunization (BCG, Penta 1, 2, 3, Measles)",7,98.25220823153542,2,coverage,2024,80,5
Ballia Siar,mH7MZIxUv1s,p,2023-07-01,Ballia,oNDvGBE5fLq,Azamgarh Division,delivery_care,% of pregnant women delivered in institution against estimated delivery,2,45.483767961681735,2,coverage,2024,205,5
Ballia Siar,mH7MZIxUv1s,p,2023-07-01,Ballia,oNDvGBE5fLq,Azamgarh Division,immunization,"% of children received full immunization (BCG, Penta 1, 2, 3, Measles)",7,99.11314162859446,2,coverage,2024,205,5
Ballia Chilkahar,lLzGu8T43H8,p,2023-07-01,Ballia,oNDvGBE5fLq,Azamgarh Division,delivery_care,% of pregnant women delivered in institution against estimated delivery,2,42.43138727238596,2,coverage,2024,852,5
Ballia Chilkahar,lLzGu8T43H8,p,2023-07-01,Ballia,oNDvGBE5fLq,Azamgarh Division,immunization,"% of children received full immunization (BCG, Penta 1, 2, 3, Measles)",7,100.0,2,coverage,2024,852,5
Ballia Dubhar,bmh3vNuN7xM,p,2023-07-01,Ballia,oNDvGBE5fLq,Azamgarh Division,delivery_care,% of pregnant women delivered in institution against estimated delivery,2,45.536643898837006,2,coverage,2024,16,5
Ballia Dubhar,bmh3vNuN7xM,p,2023-07-01,Ballia,oNDvGBE5fLq,Azamgarh Division,immunization,"% of children received full immunization (BCG, Penta 1, 2, 3, Measles)",7,99.70171513795677,2,coverage,2024,16,5
Ballia DHQ,RHjnoE1DdVp,p,2023-07-01,Ballia,oNDvGBE5fLq,Azamgarh Division,delivery_care,% of pregnant women delivered in institution against estimated delivery,2,16.0,2,coverage,2024,450,5
Ballia Pandah,F6ojCWU9pCH,p,2023-07-01,Ballia,oNDvGBE5fLq,Azamgarh Division,delivery_care,% of pregnant women delivered in institution against estimated delivery,2,61.788137549042226,2,coverage,2024,604,5
Ballia Pandah,F6ojCWU9pCH,p,2023-07-01,Ballia,oNDvGBE5fLq,Azamgarh Division,immunization,"% of children received full immunization (BCG, Penta 1, 2, 3, Measles)",7,97.24941724941723,2,coverage,2024,604,5
Ballia Sohaw,aNOBGjwlNho,p,2023-07-01,Ballia,oNDvGBE5fLq,Azamgarh Division,delivery_care,% of pregnant women delivered in institution against estimated delivery,2,57.526466967583104,2,coverage,2024,676,5
Ballia Sohaw,aNOBGjwlNho,p,2023-07-01,Ballia,oNDvGBE5fLq,Azamgarh Division,immunization,"% of children received full immunization (BCG, Penta 1, 2, 3, Measles)",7,100.0,2,coverage,2024,676,5
Ballia Bellhri,s2dEYvDCkAZ,p,2023-07-01,Ballia,oNDvGBE5fLq,Azamgarh Division,delivery_care,% of pregnant women delivered in institution against estimated delivery,2,63.0031545741325,2,coverage,2024,868,5
Ballia Bellhri,s2dEYvDCkAZ,p,2023-07-01,Ballia,oNDvGBE5fLq,Azamgarh Division,immunization,"% of children received full immunization (BCG, Penta 1, 2, 3, Measles)",7,98.96469338996548,2,coverage,2024,868,5
Ballia Garwar,jh6PK3SOcHL,p,2023-07-01,Ballia,oNDvGBE5fLq,Azamgarh Division,delivery_care,% of pregnant women delivered in institution against estimated delivery,2,50.36285538965023,2,coverage,2024,570,5
Ballia Garwar,jh6PK3SOcHL,p,2023-07-01,Ballia,oNDvGBE5fLq,Azamgarh Division,immunization,"% of children received full immunization (BCG, Penta 1, 2, 3, Measles)",7,98.42975206611573,2,coverage,2024,570,5
Ballia Murli Chhapra,wn2e7ufbuPd,p,2023-07-01,Ballia,oNDvGBE5fLq,Azamgarh Division,delivery_care,% of pregnant women delivered in institution against estimated delivery,2,76.3420004684938,2,coverage,2024,122,5
Ballia Murli Chhapra,wn2e7ufbuPd,p,2023-07-01,Ballia,oNDvGBE5fLq,Azamgarh Division,immunization,"% of children received full immunization (BCG, Penta 1, 2, 3, Measles)",7,97.870326549929,2,coverage,2024,122,5
Ballia Rasra,tws6xITzNhV,p,2023-07-01,Ballia,oNDvGBE5fLq,Azamgarh Division,delivery_care,% of pregnant women delivered in institution against estimated delivery,2,58.69563940684189,2,coverage,2024,447,5
Ballia Rasra,tws6xITzNhV,p,2023-07-01,Ballia,oNDvGBE5fLq,Azamgarh Division,immunization,"% of children received full immunization (BCG, Penta 1, 2, 3, Measles)",7,100.0,2,coverage,2024,447,5
Ballia Nagra,L91X7r5wkfW,p,2023-07-01,Ballia,oNDvGBE5fLq,Azamgarh Division,delivery_care,% of pregnant women delivered in institution against estimated delivery,2,33.95422935895815,2,coverage,2024,752,5
Ballia Nagra,L91X7r5wkfW,p,2023-07-01,Ballia,oNDvGBE5fLq,Azamgarh Division,immunization,"% of children received full immunization (BCG, Penta 1, 2, 3, Measles)",7,100.0,2,coverage,2024,752,5
Ballia Bairiya,WZYAC5DYYJk,p,2023-07-01,Ballia,oNDvGBE5fLq,Azamgarh Division,delivery_care,% of pregnant women delivered in institution against estimated delivery,2,57.90623191202005,2,coverage,2024,832,5
Ballia Bairiya,WZYAC5DYYJk,p,2023-07-01,Ballia,oNDvGBE5fLq,Azamgarh Division,immunization,"% of children received full immunization (BCG, Penta 1, 2, 3, Measles)",7,100.0,2,coverage,2024,832,5
Ballia Reoti,ZEh2syBgHks,p,2023-07-01,Ballia,oNDvGBE5fLq,Azamgarh Division,delivery_care,% of pregnant women delivered in institution against estimated delivery,2,45.62962962962963,2,coverage,2024,89,5
Ballia Reoti,ZEh2syBgHks,p,2023-07-01,Ballia,oNDvGBE5fLq,Azamgarh Division,immunization,"% of children received full immunization (BCG, Penta 1, 2, 3, Measles)",7,97.52916952642416,2,coverage,2024,89,5
Ballia Hanumanganj,cu4HLxXXRm1,p,2023-07-01,Ballia,oNDvGBE5fLq,Azamgarh Division,delivery_care,% of pregnant women delivered in institution against estimated delivery,2,78.56018595384361,2,coverage,2024,708,5
Ballia Hanumanganj,cu4HLxXXRm1,p,2023-07-01,Ballia,oNDvGBE5fLq,Azamgarh Division,immunization,"% of children received full immunization (BCG, Penta 1, 2, 3, Measles)",7,100.0,2,coverage,2024,708,5
Ballia Beruarbari,MTIyIVsTiFD,p,2023-07-01,Ballia,oNDvGBE5fLq,Azamgarh Division,delivery_care,% of pregnant women delivered in institution against estimated delivery,2,80.53362255965294,2,coverage,2024,128,5
Ballia Beruarbari,MTIyIVsTiFD,p,2023-07-01,Ballia,oNDvGBE5fLq,Azamgarh Division,immunization,"% of children received full immunization (BCG, Penta 1, 2, 3, Measles)",7,100.0,2,coverage,2024,128,5
Varanasi Harraua,YAHDIDrUMwP,p,2023-07-01,Varanasi,LeuBT7KfuuA,Varanasi Division,delivery_care,% of pregnant women delivered in institution against estimated delivery,2,100.0,2,coverage,2024,740,55
Varanasi Harraua,YAHDIDrUMwP,p,2023-07-01,Varanasi,LeuBT7KfuuA,Varanasi Division,immunization,"% of children received full immunization (BCG, Penta 1, 2, 3, Measles)",7,100.0,2,coverage,2024,740,55
Varanasi Pindara,Cr1PwYBuSs1,p,2023-07-01,Varanasi,LeuBT7KfuuA,Varanasi Division,delivery_care,% of pregnant women delivered in institution against estimated delivery,2,100.0,2,coverage,2024,167,55
Varanasi Pindara,Cr1PwYBuSs1,p,2023-07-01,Varanasi,LeuBT7KfuuA,Varanasi Division,immunization,"% of children received full immunization (BCG, Penta 1, 2, 3, Measles)",7,100.0,2,coverage,2024,167,55
Varanasi DHQ,cFRa7gJ9JI1,p,2023-07-01,Varanasi,LeuBT7KfuuA,Varanasi Division,delivery_care,% of pregnant women delivered in institution against estimated delivery,2,83.97926240131966,2,coverage,2024,260,55
Varanasi DHQ,cFRa7gJ9JI1,p,2023-07-01,Varanasi,LeuBT7KfuuA,Varanasi Division,immunization,"% of children received full immunization (BCG, Penta 1, 2, 3, Measles)",7,98.61954064024752,2,coverage,2024,260,55
Varanasi Araji Lines,IyYYBHo9msY,p,2023-07-01,Varanasi,LeuBT7KfuuA,Varanasi Division,delivery_care,% of pregnant women delivered in institution against estimated delivery,2,86.85264024461954,2,coverage,2024,364,55
Varanasi Araji Lines,IyYYBHo9msY,p,2023-07-01,Varanasi,LeuBT7KfuuA,Varanasi Division,immunization,"% of children received full immunization (BCG, Penta 1, 2, 3, Measles)",7,100.0,2,coverage,2024,364,55
Varanasi Badagoan,J2vP2MAp32p,p,2023-07-01,Varanasi,LeuBT7KfuuA,Varanasi Division,delivery_care,% of pregnant women delivered in institution against estimated delivery,2,100.0,2,coverage,2024,699,55
Varanasi Badagoan,J2vP2MAp32p,p,2023-07-01,Varanasi,LeuBT7KfuuA,Varanasi Division,immunization,"% of children received full immunization (BCG, Penta 1, 2, 3, Measles)",7,100.0,2,coverage,2024,699,55
Varanasi Cholapur,HonPmXiTJw7,p,2023-07-01,Varanasi,LeuBT7KfuuA,Varanasi Division,delivery_care,% of pregnant women delivered in institution against estimated delivery,2,100.0,2,coverage,2024,321,55
Varanasi Cholapur,HonPmXiTJw7,p,2023-07-01,Varanasi,LeuBT7KfuuA,Varanasi Division,immunization,"% of children received full immunization (BCG, Penta 1, 2, 3, Measles)",7,100.0,2,coverage,2024,321,55
Varanasi Kashi Vidhyapith,tJRXhxV3GJh,p,2023-07-01,Varanasi,LeuBT7KfuuA,Varanasi Division,delivery_care,% of pregnant women delivered in institution against estimated delivery,2,69.92557827690246,2,coverage,2024,640,55
Varanasi Kashi Vidhyapith,tJRXhxV3GJh,p,2023-07-01,Varanasi,LeuBT7KfuuA,Varanasi Division,immunization,"% of children received full immunization (BCG, Penta 1, 2, 3, Measles)",7,100.0,2,coverage,2024,640,55
Varanasi Chiraigoan,pzUMM4ITvbI,p,2023-07-01,Varanasi,LeuBT7KfuuA,Varanasi Division,delivery_care,% of pregnant women delivered in institution against estimated delivery,2,83.24239978477266,2,coverage,2024,678,55
Varanasi Chiraigoan,pzUMM4ITvbI,p,2023-07-01,Varanasi,LeuBT7KfuuA,Varanasi Division,immunization,"% of children received full immunization (BCG, Penta 1, 2, 3, Measles)",7,100.0,2,coverage,2024,678,55
Varanasi Sewapuri,NJxCMa3k532,p,2023-07-01,Varanasi,LeuBT7KfuuA,Varanasi Division,delivery_care,% of pregnant women delivered in institution against estimated delivery,2,93.84114052953156,2,coverage,2024,432,55
Varanasi Sewapuri,NJxCMa3k532,p,2023-07-01,Varanasi,LeuBT7KfuuA,Varanasi Division,immunization,"% of children received full immunization (BCG, Penta 1, 2, 3, Measles)",7,100.0,2,coverage,2024,432,55
Fatehganj(West),KRQvi7JBiuf,p,2023-07-01,Bareilly,vVqY3DPcpHf,Bareilly Division,delivery_care,% of pregnant women delivered in institution against estimated delivery,2,87.06532180595579,2,coverage,2024,468,56
Fatehganj(West),KRQvi7JBiuf,p,2023-07-01,Bareilly,vVqY3DPcpHf,Bareilly Division,immunization,"% of children received full immunization (BCG, Penta 1, 2, 3, Measles)",7,91.91461836998708,2,coverage,2024,468,56
Bhamora,HZQTgHfOykd,p,2023-07-01,Bareilly,vVqY3DPcpHf,Bareilly Division,delivery_care,% of pregnant women delivered in institution against estimated delivery,2,78.39732402559629,2,coverage,2024,639,56
Bhamora,HZQTgHfOykd,p,2023-07-01,Bareilly,vVqY3DPcpHf,Bareilly Division,immunization,"% of children received full immunization (BCG, Penta 1, 2, 3, Measles)",7,100.0,2,coverage,2024,639,56
Shargarh,FjccMEGL0Hr,p,2023-07-01,Bareilly,vVqY3DPcpHf,Bareilly Division,delivery_care,% of pregnant women delivered in institution against estimated delivery,2,69.51485857500893,2,coverage,2024,148,56
Shargarh,FjccMEGL0Hr,p,2023-07-01,Bareilly,vVqY3DPcpHf,Bareilly Division,immunization,"% of children received full immunization (BCG, Penta 1, 2, 3, Measles)",7,100.0,2,coverage,2024,148,56
Faridpur,Hi4F69xrBS5,p,2023-07-01,Bareilly,vVqY3DPcpHf,Bareilly Division,delivery_care,% of pregnant women delivered in institution against estimated delivery,2,78.16441851986875,2,coverage,2024,565,56
Faridpur,Hi4F69xrBS5,p,2023-07-01,Bareilly,vVqY3DPcpHf,Bareilly Division,immunization,"% of children received full immunization (BCG, Penta 1, 2, 3, Measles)",7,80.32404566097952,2,coverage,2024,565,56
Bareily DHQ,fRl1gRWCXvz,p,2023-07-01,Bareilly,vVqY3DPcpHf,Bareilly Division,delivery_care,% of pregnant women delivered in institution against estimated delivery,2,52.89148974777718,2,coverage,2024,428,56
Bareily DHQ,fRl1gRWCXvz,p,2023-07-01,Bareilly,vVqY3DPcpHf,Bareilly Division,immunization,"% of children received full immunization (BCG, Penta 1, 2, 3, Measles)",7,100.0,2,coverage,2024,428,56
Ramnagar,svsS1G8o1pm,p,2023-07-01,Bareilly,vVqY3DPcpHf,Bareilly Division,delivery_care,% of pregnant women delivered in institution against estimated delivery,2,100.0,2,coverage,2024,449,56
Ramnagar,svsS1G8o1pm,p,2023-07-01,Bareilly,vVqY3DPcpHf,Bareilly Division,immunization,"% of children received full immunization (BCG, Penta 1, 2, 3, Measles)",7,100.0,2,coverage,2024,449,56
Bhojipura,m5Tn9LTc2Dy,p,2023-07-01,Bareilly,vVqY3DPcpHf,Bareilly Division,delivery_care,% of pregnant women delivered in institution against estimated delivery,2,60.97031963470321,2,coverage,2024,184,56
Bhojipura,m5Tn9LTc2Dy,p,2023-07-01,Bareilly,vVqY3DPcpHf,Bareilly Division,immunization,"% of children received full immunization (BCG, Penta 1, 2, 3, Measles)",7,97.7086035451794,2,coverage,2024,184,56
Dalelnagar,G7D5lGOMxxz,p,2023-07-01,Bareilly,vVqY3DPcpHf,Bareilly Division,delivery_care,% of pregnant women delivered in institution against estimated delivery,2,61.991933897304754,2,coverage,2024,245,56
Dalelnagar,G7D5lGOMxxz,p,2023-07-01,Bareilly,vVqY3DPcpHf,Bareilly Division,immunization,"% of children received full immunization (BCG, Penta 1, 2, 3, Measles)",7,89.26868044515102,2,coverage,2024,245,56
Kyara,ukz0TmnwKtW,p,2023-07-01,Bareilly,vVqY3DPcpHf,Bareilly Division,delivery_care,% of pregnant women delivered in institution against estimated delivery,2,74.69849246231156,2,coverage,2024,337,56
Kyara,ukz0TmnwKtW,p,2023-07-01,Bareilly,vVqY3DPcpHf,Bareilly Division,immunization,"% of children received full immunization (BCG, Penta 1, 2, 3, Measles)",7,100.0,2,coverage,2024,337,56
Majhganwa,XmU9noLyhIA,p,2023-07-01,Bareilly,vVqY3DPcpHf,Bareilly Division,delivery_care,% of pregnant women delivered in institution against estimated delivery,2,70.72949946751865,2,coverage,2024,187,56
Majhganwa,XmU9noLyhIA,p,2023-07-01,Bareilly,vVqY3DPcpHf,Bareilly Division,immunization,"% of children received full immunization (BCG, Penta 1, 2, 3, Measles)",7,88.94864210809358,2,coverage,2024,187,56
Mirganj,gfXniA8E2yB,p,2023-07-01,Bareilly,vVqY3DPcpHf,Bareilly Division,delivery_care,% of pregnant women delivered in institution against estimated delivery,2,85.49019607843138,2,coverage,2024,284,56
Mirganj,gfXniA8E2yB,p,2023-07-01,Bareilly,vVqY3DPcpHf,Bareilly Division,immunization,"% of children received full immunization (BCG, Penta 1, 2, 3, Measles)",7,96.6053748231966,2,coverage,2024,284,56
Behedi,fO0hzktt79F,p,2023-07-01,Bareilly,vVqY3DPcpHf,Bareilly Division,delivery_care,% of pregnant women delivered in institution against estimated delivery,2,59.635400272794044,2,coverage,2024,140,56
Behedi,fO0hzktt79F,p,2023-07-01,Bareilly,vVqY3DPcpHf,Bareilly Division,immunization,"% of children received full immunization (BCG, Penta 1, 2, 3, Measles)",7,100.0,2,coverage,2024,140,56
Bithrichainpur,xIm2KLhn48h,p,2023-07-01,Bareilly,vVqY3DPcpHf,Bareilly Division,delivery_care,% of pregnant women delivered in institution against estimated delivery,2,67.92530602048464,2,coverage,2024,67,56
Bithrichainpur,xIm2KLhn48h,p,2023-07-01,Bareilly,vVqY3DPcpHf,Bareilly Division,immunization,"% of children received full immunization (BCG, Penta 1, 2, 3, Measles)",7,92.84723098271729,2,coverage,2024,67,56
Kuadanda,fpNl2OeBSp3,p,2023-07-01,Bareilly,vVqY3DPcpHf,Bareilly Division,delivery_care,% of pregnant women delivered in institution against estimated delivery,2,56.994179813141365,2,coverage,2024,213,56
Kuadanda,fpNl2OeBSp3,p,2023-07-01,Bareilly,vVqY3DPcpHf,Bareilly Division,immunization,"% of children received full immunization (BCG, Penta 1, 2, 3, Measles)",7,100.0,2,coverage,2024,213,56
Nawabganj,BWxu1bDp2ht,p,2023-07-01,Bareilly,vVqY3DPcpHf,Bareilly Division,delivery_care,% of pregnant women delivered in institution against estimated delivery,2,63.98196270253745,2,coverage,2024,776,56
Nawabganj,BWxu1bDp2ht,p,2023-07-01,Bareilly,vVqY3DPcpHf,Bareilly Division,immunization,"% of children received full immunization (BCG, Penta 1, 2, 3, Measles)",7,100.0,2,coverage,2024,776,56
Mudia Nawi Bux,pzDsoCMcPwD,p,2023-07-01,Bareilly,vVqY3DPcpHf,Bareilly Division,delivery_care,% of pregnant women delivered in institution against estimated delivery,2,74.24278015752384,2,coverage,2024,539,56
Mudia Nawi Bux,pzDsoCMcPwD,p,2023-07-01,Bareilly,vVqY3DPcpHf,Bareilly Division,immunization,"% of children received full immunization (BCG, Penta 1, 2, 3, Measles)",7,100.0,2,coverage,2024,539,56
Awagarh,vXfCZfdMkdf,p,2023-07-01,Etah,ZLcx4iOVyN5,Alligarh Division,delivery_care,% of pregnant women delivered in institution against estimated delivery,2,72.5542521994135,2,coverage,2024,378,21
Awagarh,vXfCZfdMkdf,p,2023-07-01,Etah,ZLcx4iOVyN5,Alligarh Division,immunization,"% of children received full immunization (BCG, Penta 1, 2, 3, Measles)",7,97.81562384302109,2,coverage,2024,378,21
Sitalpur,PUVxtkWZlNI,p,2023-07-01,Etah,ZLcx4iOVyN5,Alligarh Division,delivery_care,% of pregnant women delivered in institution against estimated delivery,2,51.85249801744647,2,coverage,2024,390,21
Sitalpur,PUVxtkWZlNI,p,2023-07-01,Etah,ZLcx4iOVyN5,Alligarh Division,immunization,"% of children received full immunization (BCG, Penta 1, 2, 3, Measles)",7,100.0,2,coverage,2024,390,21
Nidholikala,w3fNposwL8t,p,2023-07-01,Etah,ZLcx4iOVyN5,Alligarh Division,delivery_care,% of pregnant women delivered in institution against estimated delivery,2,64.75945986051343,2,coverage,2024,435,21
Nidholikala,w3fNposwL8t,p,2023-07-01,Etah,ZLcx4iOVyN5,Alligarh Division,immunization,"% of children received full immunization (BCG, Penta 1, 2, 3, Measles)",7,96.16306954436449,2,coverage,2024,435,21
Etah DHQ,MoUVR7OhsJp,p,2023-07-01,Etah,ZLcx4iOVyN5,Alligarh Division,delivery_care,% of pregnant women delivered in institution against estimated delivery,2,100.0,2,coverage,2024,643,21
Etah DHQ,MoUVR7OhsJp,p,2023-07-01,Etah,ZLcx4iOVyN5,Alligarh Division,immunization,"% of children received full immunization (BCG, Penta 1, 2, 3, Measles)",7,64.13345690454125,2,coverage,2024,643,21
Jalsar,MGuYssW76Oy,p,2023-07-01,Etah,ZLcx4iOVyN5,Alligarh Division,delivery_care,% of pregnant women delivered in institution against estimated delivery,2,95.00304048647786,2,coverage,2024,276,21
Jalsar,MGuYssW76Oy,p,2023-07-01,Etah,ZLcx4iOVyN5,Alligarh Division,immunization,"% of children received full immunization (BCG, Penta 1, 2, 3, Measles)",7,100.0,2,coverage,2024,276,21
Aliganj,uHgTlwfqKI8,p,2023-07-01,Etah,ZLcx4iOVyN5,Alligarh Division,delivery_care,% of pregnant women delivered in institution against estimated delivery,2,59.56401384083044,2,coverage,2024,109,21
Aliganj,uHgTlwfqKI8,p,2023-07-01,Etah,ZLcx4iOVyN5,Alligarh Division,immunization,"% of children received full immunization (BCG, Penta 1, 2, 3, Measles)",7,100.0,2,coverage,2024,109,21
Marhera,PS1fneX0UVV,p,2023-07-01,Etah,ZLcx4iOVyN5,Alligarh Division,delivery_care,% of pregnant women delivered in institution against estimated delivery,2,62.68341708542714,2,coverage,2024,735,21
Marhera,PS1fneX0UVV,p,2023-07-01,Etah,ZLcx4iOVyN5,Alligarh Division,immunization,"% of children received full immunization (BCG, Penta 1, 2, 3, Measles)",7,90.55646184520573,2,coverage,2024,735,21
Jaithra,mK3aOsGURLr,p,2023-07-01,Etah,ZLcx4iOVyN5,Alligarh Division,delivery_care,% of pregnant women delivered in institution against estimated delivery,2,71.65311731520325,2,coverage,2024,356,21
Jaithra,mK3aOsGURLr,p,2023-07-01,Etah,ZLcx4iOVyN5,Alligarh Division,immunization,"% of children received full immunization (BCG, Penta 1, 2, 3, Measles)",7,100.0,2,coverage,2024,356,21
Skiit,H5UJopTvZPy,p,2023-07-01,Etah,ZLcx4iOVyN5,Alligarh Division,delivery_care,% of pregnant women delivered in institution against estimated delivery,2,72.6609343651476,2,coverage,2024,267,21
Skiit,H5UJopTvZPy,p,2023-07-01,Etah,ZLcx4iOVyN5,Alligarh Division,immunization,"% of children received full immunization (BCG, Penta 1, 2, 3, Measles)",7,100.0,2,coverage,2024,267,21
Bahraich DHQ,sGS6zRDhdsB,p,2023-07-01,Bahraich,iE0E3nLioFr,Gonda Division,delivery_care,% of pregnant women delivered in institution against estimated delivery,2,100.0,2,coverage,2024,777,23
Bahraich DHQ,sGS6zRDhdsB,p,2023-07-01,Bahraich,iE0E3nLioFr,Gonda Division,immunization,"% of children received full immunization (BCG, Penta 1, 2, 3, Measles)",7,87.76658380217192,2,coverage,2024,777,23
Risia,wgoGe5KFMCX,p,2023-07-01,Bahraich,iE0E3nLioFr,Gonda Division,delivery_care,% of pregnant women delivered in institution against estimated delivery,2,94.17558331369314,2,coverage,2024,76,23
Risia,wgoGe5KFMCX,p,2023-07-01,Bahraich,iE0E3nLioFr,Gonda Division,immunization,"% of children received full immunization (BCG, Penta 1, 2, 3, Measles)",7,100.0,2,coverage,2024,76,23
Mihipurwa,jo7VYHdzhDi,p,2023-07-01,Bahraich,iE0E3nLioFr,Gonda Division,delivery_care,% of pregnant women delivered in institution against estimated delivery,2,63.10641389330935,2,coverage,2024,709,23
Mihipurwa,jo7VYHdzhDi,p,2023-07-01,Bahraich,iE0E3nLioFr,Gonda Division,immunization,"% of children received full immunization (BCG, Penta 1, 2, 3, Measles)",7,96.04472396925226,2,coverage,2024,709,23
Nawabganj Bahraich,F2HjseXcv3G,p,2023-07-01,Bahraich,iE0E3nLioFr,Gonda Division,delivery_care,% of pregnant women delivered in institution against estimated delivery,2,60.04125215545829,2,coverage,2024,827,23
Nawabganj Bahraich,F2HjseXcv3G,p,2023-07-01,Bahraich,iE0E3nLioFr,Gonda Division,immunization,"% of children received full immunization (BCG, Penta 1, 2, 3, Measles)",7,95.55198285101822,2,coverage,2024,827,23
Payagpur,m1nYwKqPcyp,p,2023-07-01,Bahraich,iE0E3nLioFr,Gonda Division,delivery_care,% of pregnant women delivered in institution against estimated delivery,2,71.46746486205102,2,coverage,2024,727,23
Payagpur,m1nYwKqPcyp,p,2023-07-01,Bahraich,iE0E3nLioFr,Gonda Division,immunization,"% of children received full immunization (BCG, Penta 1, 2, 3, Measles)",7,83.17560462670873,2,coverage,2024,727,23
Keaserganj,RXv1GaQ6IyV,p,2023-07-01,Bahraich,iE0E3nLioFr,Gonda Division,delivery_care,% of pregnant women delivered in institution against estimated delivery,2,100.0,2,coverage,2024,274,23
Keaserganj,RXv1GaQ6IyV,p,2023-07-01,Bahraich,iE0E3nLioFr,Gonda Division,immunization,"% of children received full immunization (BCG, Penta 1, 2, 3, Measles)",7,100.0,2,coverage,2024,274,23
Jarwal,PK0wuMfp3LE,p,2023-07-01,Bahraich,iE0E3nLioFr,Gonda Division,delivery_care,% of pregnant women delivered in institution against estimated delivery,2,52.10645724258289,2,coverage,2024,659,23
Jarwal,PK0wuMfp3LE,p,2023-07-01,Bahraich,iE0E3nLioFr,Gonda Division,immunization,"% of children received full immunization (BCG, Penta 1, 2, 3, Measles)",7,100.0,2,coverage,2024,659,23
Shivpur,axbfDth7CE1,p,2023-07-01,Bahraich,iE0E3nLioFr,Gonda Division,delivery_care,% of pregnant women delivered in institution against estimated delivery,2,67.13879792965037,2,coverage,2024,64,23
Shivpur,axbfDth7CE1,p,2023-07-01,Bahraich,iE0E3nLioFr,Gonda Division,immunization,"% of children received full immunization (BCG, Penta 1, 2, 3, Measles)",7,100.0,2,coverage,2024,64,23
Balha,ww1Qb6eAFFD,p,2023-07-01,Bahraich,iE0E3nLioFr,Gonda Division,delivery_care,% of pregnant women delivered in institution against estimated delivery,2,57.939817738879356,2,coverage,2024,795,23
Balha,ww1Qb6eAFFD,p,2023-07-01,Bahraich,iE0E3nLioFr,Gonda Division,immunization,"% of children received full immunization (BCG, Penta 1, 2, 3, Measles)",7,100.0,2,coverage,2024,795,23
Fakharpur,C9qOAPWGoUS,p,2023-07-01,Bahraich,iE0E3nLioFr,Gonda Division,delivery_care,% of pregnant women delivered in institution against estimated delivery,2,56.99669558033871,2,coverage,2024,283,23
Fakharpur,C9qOAPWGoUS,p,2023-07-01,Bahraich,iE0E3nLioFr,Gonda Division,immunization,"% of children received full immunization (BCG, Penta 1, 2, 3, Measles)",7,98.58156028368792,2,coverage,2024,283,23
Visheshwerganj,NGqtRmZHnOm,p,2023-07-01,Bahraich,iE0E3nLioFr,Gonda Division,delivery_care,% of pregnant women delivered in institution against estimated delivery,2,55.856716046308975,2,coverage,2024,74,23
Visheshwerganj,NGqtRmZHnOm,p,2023-07-01,Bahraich,iE0E3nLioFr,Gonda Division,immunization,"% of children received full immunization (BCG, Penta 1, 2, 3, Measles)",7,99.47196379180286,2,coverage,2024,74,23
Tejwapur,QTCGfCQMXd3,p,2023-07-01,Bahraich,iE0E3nLioFr,Gonda Division,delivery_care,% of pregnant women delivered in institution against estimated delivery,2,91.08405013516837,2,coverage,2024,705,23
Tejwapur,QTCGfCQMXd3,p,2023-07-01,Bahraich,iE0E3nLioFr,Gonda Division,immunization,"% of children received full immunization (BCG, Penta 1, 2, 3, Measles)",7,100.0,2,coverage,2024,705,23
Mahsi,EdjW9d0OX1h,p,2023-07-01,Bahraich,iE0E3nLioFr,Gonda Division,delivery_care,% of pregnant women delivered in institution against estimated delivery,2,63.846880036840886,2,coverage,2024,568,23
Mahsi,EdjW9d0OX1h,p,2023-07-01,Bahraich,iE0E3nLioFr,Gonda Division,immunization,"% of children received full immunization (BCG, Penta 1, 2, 3, Measles)",7,100.0,2,coverage,2024,568,23
Chittaura,jNYEM4EP98K,p,2023-07-01,Bahraich,iE0E3nLioFr,Gonda Division,delivery_care,% of pregnant women delivered in institution against estimated delivery,2,40.813449927128865,2,coverage,2024,132,23
Chittaura,jNYEM4EP98K,p,2023-07-01,Bahraich,iE0E3nLioFr,Gonda Division,immunization,"% of children received full immunization (BCG, Penta 1, 2, 3, Measles)",7,100.0,2,coverage,2024,132,23
Huzoorpur,CjshmDK5t8E,p,2023-07-01,Bahraich,iE0E3nLioFr,Gonda Division,delivery_care,% of pregnant women delivered in institution against estimated delivery,2,55.461949265687586,2,coverage,2024,412,23
Huzoorpur,CjshmDK5t8E,p,2023-07-01,Bahraich,iE0E3nLioFr,Gonda Division,immunization,"% of children received full immunization (BCG, Penta 1, 2, 3, Measles)",7,100.0,2,coverage,2024,412,23
Bijoli,Pf9sH55x9lG,p,2023-07-01,Aligarh,frD2HOp3wAs,Alligarh Division,delivery_care,% of pregnant women delivered in institution against estimated delivery,2,80.05936540429887,2,coverage,2024,421,44
Bijoli,Pf9sH55x9lG,p,2023-07-01,Aligarh,frD2HOp3wAs,Alligarh Division,immunization,"% of children received full immunization (BCG, Penta 1, 2, 3, Measles)",7,84.63128876636802,2,coverage,2024,421,44
Gonda,jkV9lhxAuuK,p,2023-07-01,Aligarh,frD2HOp3wAs,Alligarh Division,delivery_care,% of pregnant women delivered in institution against estimated delivery,2,58.83032610494951,2,coverage,2024,34,44
Gonda,jkV9lhxAuuK,p,2023-07-01,Aligarh,frD2HOp3wAs,Alligarh Division,immunization,"% of children received full immunization (BCG, Penta 1, 2, 3, Measles)",7,97.4256101638248,2,coverage,2024,34,44
Gagiri,S842tHqLUI1,p,2023-07-01,Aligarh,frD2HOp3wAs,Alligarh Division,delivery_care,% of pregnant women delivered in institution against estimated delivery,2,98.35012095887396,2,coverage,2024,464,44
Gagiri,S842tHqLUI1,p,2023-07-01,Aligarh,frD2HOp3wAs,Alligarh Division,immunization,"% of children received full immunization (BCG, Penta 1, 2, 3, Measles)",7,100.0,2,coverage,2024,464,44
Dhnipur,DeIlv8osqJa,p,2023-07-01,Aligarh,frD2HOp3wAs,Alligarh Division,delivery_care,% of pregnant women delivered in institution against estimated delivery,2,62.00915331807779,2,coverage,2024,711,44
Dhnipur,DeIlv8osqJa,p,2023-07-01,Aligarh,frD2HOp3wAs,Alligarh Division,immunization,"% of children received full immunization (BCG, Penta 1, 2, 3, Measles)",7,83.9477637813475,2,coverage,2024,711,44
Khair,AN2dWDiHkBb,p,2023-07-01,Aligarh,frD2HOp3wAs,Alligarh Division,delivery_care,% of pregnant women delivered in institution against estimated delivery,2,81.96586059743954,2,coverage,2024,68,44
Khair,AN2dWDiHkBb,p,2023-07-01,Aligarh,frD2HOp3wAs,Alligarh Division,immunization,"% of children received full immunization (BCG, Penta 1, 2, 3, Measles)",7,92.86022123258152,2,coverage,2024,68,44
Tappal,ARlYpTrc811,p,2023-07-01,Aligarh,frD2HOp3wAs,Alligarh Division,delivery_care,% of pregnant women delivered in institution against estimated delivery,2,75.80536812115758,2,coverage,2024,579,44
Tappal,ARlYpTrc811,p,2023-07-01,Aligarh,frD2HOp3wAs,Alligarh Division,immunization,"% of children received full immunization (BCG, Penta 1, 2, 3, Measles)",7,86.14266242616993,2,coverage,2024,579,44
Lodha,fDgjRPtNpqt,p,2023-07-01,Aligarh,frD2HOp3wAs,Alligarh Division,delivery_care,% of pregnant women delivered in institution against estimated delivery,2,56.540684964780176,2,coverage,2024,111,44
Lodha,fDgjRPtNpqt,p,2023-07-01,Aligarh,frD2HOp3wAs,Alligarh Division,immunization,"% of children received full immunization (BCG, Penta 1, 2, 3, Measles)",7,100.0,2,coverage,2024,111,44
Chandaus,oV5iZQFUzGo,p,2023-07-01,Aligarh,frD2HOp3wAs,Alligarh Division,delivery_care,% of pregnant women delivered in institution against estimated delivery,2,78.01314759743309,2,coverage,2024,466,44
Chandaus,oV5iZQFUzGo,p,2023-07-01,Aligarh,frD2HOp3wAs,Alligarh Division,immunization,"% of children received full immunization (BCG, Penta 1, 2, 3, Measles)",7,93.77173569396143,2,coverage,2024,466,44
Atrauli,O5BIieG3GQR,p,2023-07-01,Aligarh,frD2HOp3wAs,Alligarh Division,delivery_care,% of pregnant women delivered in institution against estimated delivery,2,100.0,2,coverage,2024,654,44
Atrauli,O5BIieG3GQR,p,2023-07-01,Aligarh,frD2HOp3wAs,Alligarh Division,immunization,"% of children received full immunization (BCG, Penta 1, 2, 3, Measles)",7,100.0,2,coverage,2024,654,44
Akrabad,WFVLpMb2xKo,p,2023-07-01,Aligarh,frD2HOp3wAs,Alligarh Division,delivery_care,% of pregnant women delivered in institution against estimated delivery,2,84.47499551891019,2,coverage,2024,856,44
Akrabad,WFVLpMb2xKo,p,2023-07-01,Aligarh,frD2HOp3wAs,Alligarh Division,immunization,"% of children received full immunization (BCG, Penta 1, 2, 3, Measles)",7,100.0,2,coverage,2024,856,44
Iglas,XYBTVZE0LeN,p,2023-07-01,Aligarh,frD2HOp3wAs,Alligarh Division,delivery_care,% of pregnant women delivered in institution against estimated delivery,2,88.04007756948934,2,coverage,2024,295,44
Iglas,XYBTVZE0LeN,p,2023-07-01,Aligarh,frD2HOp3wAs,Alligarh Division,immunization,"% of children received full immunization (BCG, Penta 1, 2, 3, Measles)",7,79.32103802839889,2,coverage,2024,295,44
Aligarh DHQ,Ae6KfBl84FW,p,2023-07-01,Aligarh,frD2HOp3wAs,Alligarh Division,delivery_care,% of pregnant women delivered in institution against estimated delivery,2,100.0,2,coverage,2024,793,44
Aligarh DHQ,Ae6KfBl84FW,p,2023-07-01,Aligarh,frD2HOp3wAs,Alligarh Division,immunization,"% of children received full immunization (BCG, Penta 1, 2, 3, Measles)",7,100.0,2,coverage,2024,793,44
Jawan,nYlhMfttxtb,p,2023-07-01,Aligarh,frD2HOp3wAs,Alligarh Division,delivery_care,% of pregnant women delivered in institution against estimated delivery,2,65.58769742310889,2,coverage,2024,350,44
Jawan,nYlhMfttxtb,p,2023-07-01,Aligarh,frD2HOp3wAs,Alligarh Division,immunization,"% of children received full immunization (BCG, Penta 1, 2, 3, Measles)",7,93.83545214679779,2,coverage,2024,350,44
Mathura Chaumuha,sbVBq9HPEgp,p,2023-07-01,Mathura,KP2BUB1npih,Agra Division,delivery_care,% of pregnant women delivered in institution against estimated delivery,2,74.36055907403366,2,coverage,2024,553,24
Mathura Chaumuha,sbVBq9HPEgp,p,2023-07-01,Mathura,KP2BUB1npih,Agra Division,immunization,"% of children received full immunization (BCG, Penta 1, 2, 3, Measles)",7,100.0,2,coverage,2024,553,24
Mathura Baldav,j3WnhnsAIht,p,2023-07-01,Mathura,KP2BUB1npih,Agra Division,delivery_care,% of pregnant women delivered in institution against estimated delivery,2,75.28445563247325,2,coverage,2024,613,24
Mathura Baldav,j3WnhnsAIht,p,2023-07-01,Mathura,KP2BUB1npih,Agra Division,immunization,"% of children received full immunization (BCG, Penta 1, 2, 3, Measles)",7,100.0,2,coverage,2024,613,24
Mathura Chatta,BEiGzI07UOM,p,2023-07-01,Mathura,KP2BUB1npih,Agra Division,delivery_care,% of pregnant women delivered in institution against estimated delivery,2,66.8237885462555,2,coverage,2024,408,24
Mathura Chatta,BEiGzI07UOM,p,2023-07-01,Mathura,KP2BUB1npih,Agra Division,immunization,"% of children received full immunization (BCG, Penta 1, 2, 3, Measles)",7,100.0,2,coverage,2024,408,24
Mathura Nandganv,RiVugbfNzS2,p,2023-07-01,Mathura,KP2BUB1npih,Agra Division,delivery_care,% of pregnant women delivered in institution against estimated delivery,2,100.0,2,coverage,2024,23,24
Mathura Nandganv,RiVugbfNzS2,p,2023-07-01,Mathura,KP2BUB1npih,Agra Division,immunization,"% of children received full immunization (BCG, Penta 1, 2, 3, Measles)",7,100.0,2,coverage,2024,23,24
Mathura Mant,EWInJymroFJ,p,2023-07-01,Mathura,KP2BUB1npih,Agra Division,delivery_care,% of pregnant women delivered in institution against estimated delivery,2,74.23625164980201,2,coverage,2024,590,24
Mathura Mant,EWInJymroFJ,p,2023-07-01,Mathura,KP2BUB1npih,Agra Division,immunization,"% of children received full immunization (BCG, Penta 1, 2, 3, Measles)",7,100.0,2,coverage,2024,590,24
Mathura Raya,CGmxoB5JV9G,p,2023-07-01,Mathura,KP2BUB1npih,Agra Division,delivery_care,% of pregnant women delivered in institution against estimated delivery,2,85.29675952245594,2,coverage,2024,597,24
Mathura Raya,CGmxoB5JV9G,p,2023-07-01,Mathura,KP2BUB1npih,Agra Division,immunization,"% of children received full immunization (BCG, Penta 1, 2, 3, Measles)",7,100.0,2,coverage,2024,597,24
Mathura DHQ,K2r1bjs4mb5,p,2023-07-01,Mathura,KP2BUB1npih,Agra Division,delivery_care,% of pregnant women delivered in institution against estimated delivery,2,77.30677629713638,2,coverage,2024,558,24
Mathura DHQ,K2r1bjs4mb5,p,2023-07-01,Mathura,KP2BUB1npih,Agra Division,immunization,"% of children received full immunization (BCG, Penta 1, 2, 3, Measles)",7,62.65301739566184,2,coverage,2024,558,24
Mathura Nauhjheel,r2eMDAoHzuI,p,2023-07-01,Mathura,KP2BUB1npih,Agra Division,delivery_care,% of pregnant women delivered in institution against estimated delivery,2,100.0,2,coverage,2024,851,24
Mathura Nauhjheel,r2eMDAoHzuI,p,2023-07-01,Mathura,KP2BUB1npih,Agra Division,immunization,"% of children received full immunization (BCG, Penta 1, 2, 3, Measles)",7,100.0,2,coverage,2024,851,24
Mathura Faraha,txI2jZXppyQ,p,2023-07-01,Mathura,KP2BUB1npih,Agra Division,delivery_care,% of pregnant women delivered in institution against estimated delivery,2,93.20206555904804,2,coverage,2024,633,24
Mathura Faraha,txI2jZXppyQ,p,2023-07-01,Mathura,KP2BUB1npih,Agra Division,immunization,"% of children received full immunization (BCG, Penta 1, 2, 3, Measles)",7,100.0,2,coverage,2024,633,24
Mathura Goverdhan,bztOHPUBTjU,p,2023-07-01,Mathura,KP2BUB1npih,Agra Division,delivery_care,% of pregnant women delivered in institution against estimated delivery,2,100.0,2,coverage,2024,49,24
Mathura Goverdhan,bztOHPUBTjU,p,2023-07-01,Mathura,KP2BUB1npih,Agra Division,immunization,"% of children received full immunization (BCG, Penta 1, 2, 3, Measles)",7,100.0,2,coverage,2024,49,24
Mathura Mathura,gucZ0cBoa0r,p,2023-07-01,Mathura,KP2BUB1npih,Agra Division,delivery_care,% of pregnant women delivered in institution against estimated delivery,2,75.0067029744449,2,coverage,2024,741,24
Mathura Mathura,gucZ0cBoa0r,p,2023-07-01,Mathura,KP2BUB1npih,Agra Division,immunization,"% of children received full immunization (BCG, Penta 1, 2, 3, Measles)",7,100.0,2,coverage,2024,741,24
Sidhpura,DCamfBCJMSi,p,2023-07-01,Kasganj,hITp09XOBLZ,Alligarh Division,delivery_care,% of pregnant women delivered in institution against estimated delivery,2,81.35438042620362,2,coverage,2024,100,70
Sidhpura,DCamfBCJMSi,p,2023-07-01,Kasganj,hITp09XOBLZ,Alligarh Division,immunization,"% of children received full immunization (BCG, Penta 1, 2, 3, Measles)",7,90.47429254683139,2,coverage,2024,100,70
Patiyali,at47ZXktqxv,p,2023-07-01,Kasganj,hITp09XOBLZ,Alligarh Division,delivery_care,% of pregnant women delivered in institution against estimated delivery,2,78.85656701377225,2,coverage,2024,706,70
Patiyali,at47ZXktqxv,p,2023-07-01,Kasganj,hITp09XOBLZ,Alligarh Division,immunization,"% of children received full immunization (BCG, Penta 1, 2, 3, Measles)",7,100.0,2,coverage,2024,706,70
Sahawar,KjLfuqjRVec,p,2023-07-01,Kasganj,hITp09XOBLZ,Alligarh Division,delivery_care,% of pregnant women delivered in institution against estimated delivery,2,96.12488315573003,2,coverage,2024,416,70
Sahawar,KjLfuqjRVec,p,2023-07-01,Kasganj,hITp09XOBLZ,Alligarh Division,immunization,"% of children received full immunization (BCG, Penta 1, 2, 3, Measles)",7,100.0,2,coverage,2024,416,70
Ganjdunwara,rhv6cneiTR1,p,2023-07-01,Kasganj,hITp09XOBLZ,Alligarh Division,delivery_care,% of pregnant women delivered in institution against estimated delivery,2,66.15013756059216,2,coverage,2024,123,70
Ganjdunwara,rhv6cneiTR1,p,2023-07-01,Kasganj,hITp09XOBLZ,Alligarh Division,immunization,"% of children received full immunization (BCG, Penta 1, 2, 3, Measles)",7,100.0,2,coverage,2024,123,70
kasganj,jvUzHuel9I6,p,2023-07-01,Kasganj,hITp09XOBLZ,Alligarh Division,delivery_care,% of pregnant women delivered in institution against estimated delivery,2,100.0,2,coverage,2024,257,70
kasganj,jvUzHuel9I6,p,2023-07-01,Kasganj,hITp09XOBLZ,Alligarh Division,immunization,"% of children received full immunization (BCG, Penta 1, 2, 3, Measles)",7,100.0,2,coverage,2024,257,70
Amapur,ayWFJQ6ulBH,p,2023-07-01,Kasganj,hITp09XOBLZ,Alligarh Division,delivery_care,% of pregnant women delivered in institution against estimated delivery,2,75.53689860072839,2,coverage,2024,726,70
Amapur,ayWFJQ6ulBH,p,2023-07-01,Kasganj,hITp09XOBLZ,Alligarh Division,immunization,"% of children received full immunization (BCG, Penta 1, 2, 3, Measles)",7,99.2836398838335,2,coverage,2024,726,70
Soron,lBW2OFwomV0,p,2023-07-01,Kasganj,hITp09XOBLZ,Alligarh Division,delivery_care,% of pregnant women delivered in institution against estimated delivery,2,66.52319650230751,2,coverage,2024,693,70
Soron,lBW2OFwomV0,p,2023-07-01,Kasganj,hITp09XOBLZ,Alligarh Division,immunization,"% of children received full immunization (BCG, Penta 1, 2, 3, Measles)",7,77.76278670428063,2,coverage,2024,693,70
Kasganj DHQ,UuNK1H4MurF,p,2023-07-01,Kasganj,hITp09XOBLZ,Alligarh Division,delivery_care,% of pregnant women delivered in institution against estimated delivery,2,59.90702588483889,2,coverage,2024,455,70
Kasganj DHQ,UuNK1H4MurF,p,2023-07-01,Kasganj,hITp09XOBLZ,Alligarh Division,immunization,"% of children received full immunization (BCG, Penta 1, 2, 3, Measles)",7,96.051227321238,2,coverage,2024,455,70
Rae Bareli Chtoh,mbfOsRukNYs,p,2023-07-01,Rae Bareli,lLvTDpBDY8u,Lucknow Division,delivery_care,% of pregnant women delivered in institution against estimated delivery,2,75.93089038894246,2,coverage,2024,181,59
Rae Bareli Chtoh,mbfOsRukNYs,p,2023-07-01,Rae Bareli,lLvTDpBDY8u,Lucknow Division,immunization,"% of children received full immunization (BCG, Penta 1, 2, 3, Measles)",7,100.0,2,coverage,2024,181,59
Rae Bareli Jagatpur,yFYFE5vVAAA,p,2023-07-01,Rae Bareli,lLvTDpBDY8u,Lucknow Division,delivery_care,% of pregnant women delivered in institution against estimated delivery,2,76.16945692119229,2,coverage,2024,221,59
Rae Bareli Jagatpur,yFYFE5vVAAA,p,2023-07-01,Rae Bareli,lLvTDpBDY8u,Lucknow Division,immunization,"% of children received full immunization (BCG, Penta 1, 2, 3, Measles)",7,100.0,2,coverage,2024,221,59
Rae Bareli DHQ,qXzAAhlpnux,p,2023-07-01,Rae Bareli,lLvTDpBDY8u,Lucknow Division,delivery_care,% of pregnant women delivered in institution against estimated delivery,2,100.0,2,coverage,2024,738,59
Rae Bareli DHQ,qXzAAhlpnux,p,2023-07-01,Rae Bareli,lLvTDpBDY8u,Lucknow Division,immunization,"% of children received full immunization (BCG, Penta 1, 2, 3, Measles)",7,99.98028779814705,2,coverage,2024,738,59
Rae Bareli Khiaro,Q889SJwv9Ok,p,2023-07-01,Rae Bareli,lLvTDpBDY8u,Lucknow Division,delivery_care,% of pregnant women delivered in institution against estimated delivery,2,57.2905162064826,2,coverage,2024,144,59
Rae Bareli Khiaro,Q889SJwv9Ok,p,2023-07-01,Rae Bareli,lLvTDpBDY8u,Lucknow Division,immunization,"% of children received full immunization (BCG, Penta 1, 2, 3, Measles)",7,94.00921658986178,2,coverage,2024,144,59
Rae Bareli Deenshah Gaura,Sk3orHKxNQG,p,2023-07-01,Rae Bareli,lLvTDpBDY8u,Lucknow Division,delivery_care,% of pregnant women delivered in institution against estimated delivery,2,50.87092147723198,2,coverage,2024,913,59
Rae Bareli Deenshah Gaura,Sk3orHKxNQG,p,2023-07-01,Rae Bareli,lLvTDpBDY8u,Lucknow Division,immunization,"% of children received full immunization (BCG, Penta 1, 2, 3, Measles)",7,100.0,2,coverage,2024,913,59
Rae Bareli Setawan,E6hdzl0I5tt,p,2023-07-01,Rae Bareli,lLvTDpBDY8u,Lucknow Division,delivery_care,% of pregnant women delivered in institution against estimated delivery,2,53.39838311250842,2,coverage,2024,72,59
Rae Bareli Setawan,E6hdzl0I5tt,p,2023-07-01,Rae Bareli,lLvTDpBDY8u,Lucknow Division,immunization,"% of children received full immunization (BCG, Penta 1, 2, 3, Measles)",7,92.08437287366749,2,coverage,2024,72,59
Rae Bareli Deeh,lruABl36XZQ,p,2023-07-01,Rae Bareli,lLvTDpBDY8u,Lucknow Division,delivery_care,% of pregnant women delivered in institution against estimated delivery,2,52.34049629061141,2,coverage,2024,169,59
Rae Bareli Deeh,lruABl36XZQ,p,2023-07-01,Rae Bareli,lLvTDpBDY8u,Lucknow Division,immunization,"% of children received full immunization (BCG, Penta 1, 2, 3, Measles)",7,100.0,2,coverage,2024,169,59
Rae Bareli Herchandrapur,jQRhw2yoQk2,p,2023-07-01,Rae Bareli,lLvTDpBDY8u,Lucknow Division,delivery_care,% of pregnant women delivered in institution against estimated delivery,2,57.207080117114714,2,coverage,2024,9,59
Rae Bareli Herchandrapur,jQRhw2yoQk2,p,2023-07-01,Rae Bareli,lLvTDpBDY8u,Lucknow Division,immunization,"% of children received full immunization (BCG, Penta 1, 2, 3, Measles)",7,98.84377520838936,2,coverage,2024,9,59
Rae Bareli Rohania,c89kPtwHW5H,p,2023-07-01,Rae Bareli,lLvTDpBDY8u,Lucknow Division,delivery_care,% of pregnant women delivered in institution against estimated delivery,2,59.7153134635149,2,coverage,2024,912,59
Rae Bareli Rohania,c89kPtwHW5H,p,2023-07-01,Rae Bareli,lLvTDpBDY8u,Lucknow Division,immunization,"% of children received full immunization (BCG, Penta 1, 2, 3, Measles)",7,92.83489096573207,2,coverage,2024,912,59
Rae Bareli Amawa,pvZgEadkY59,p,2023-07-01,Rae Bareli,lLvTDpBDY8u,Lucknow Division,delivery_care,% of pregnant women delivered in institution against estimated delivery,2,39.54715378079865,2,coverage,2024,807,59
Rae Bareli Amawa,pvZgEadkY59,p,2023-07-01,Rae Bareli,lLvTDpBDY8u,Lucknow Division,immunization,"% of children received full immunization (BCG, Penta 1, 2, 3, Measles)",7,100.0,2,coverage,2024,807,59
Rae Bareli Maharajganj,NbdKCUBY7yL,p,2023-07-01,Rae Bareli,lLvTDpBDY8u,Lucknow Division,delivery_care,% of pregnant women delivered in institution against estimated delivery,2,65.62464770689213,2,coverage,2024,363,59
Rae Bareli Maharajganj,NbdKCUBY7yL,p,2023-07-01,Rae Bareli,lLvTDpBDY8u,Lucknow Division,immunization,"% of children received full immunization (BCG, Penta 1, 2, 3, Measles)",7,100.0,2,coverage,2024,363,59
Rae Bareli Salon,Gr3MErPlauk,p,2023-07-01,Rae Bareli,lLvTDpBDY8u,Lucknow Division,delivery_care,% of pregnant women delivered in institution against estimated delivery,2,74.41923318667504,2,coverage,2024,115,59
Rae Bareli Salon,Gr3MErPlauk,p,2023-07-01,Rae Bareli,lLvTDpBDY8u,Lucknow Division,immunization,"% of children received full immunization (BCG, Penta 1, 2, 3, Measles)",7,87.66862402793207,2,coverage,2024,115,59
Rae Bareli Bachrawa,Y3jGyfeDYe1,p,2023-07-01,Rae Bareli,lLvTDpBDY8u,Lucknow Division,delivery_care,% of pregnant women delivered in institution against estimated delivery,2,80.67910936476751,2,coverage,2024,554,59
Rae Bareli Bachrawa,Y3jGyfeDYe1,p,2023-07-01,Rae Bareli,lLvTDpBDY8u,Lucknow Division,immunization,"% of children received full immunization (BCG, Penta 1, 2, 3, Measles)",7,100.0,2,coverage,2024,554,59
Rae Bareli Lalganj,sd2I8M3xhLQ,p,2023-07-01,Rae Bareli,lLvTDpBDY8u,Lucknow Division,delivery_care,% of pregnant women delivered in institution against estimated delivery,2,53.303833032309846,2,coverage,2024,634,59
Rae Bareli Lalganj,sd2I8M3xhLQ,p,2023-07-01,Rae Bareli,lLvTDpBDY8u,Lucknow Division,immunization,"% of children received full immunization (BCG, Penta 1, 2, 3, Measles)",7,79.52979327117956,2,coverage,2024,634,59
Rae Bareli Rahi,smTNQ0RRpOL,p,2023-07-01,Rae Bareli,lLvTDpBDY8u,Lucknow Division,delivery_care,% of pregnant women delivered in institution against estimated delivery,2,94.44149823845726,2,coverage,2024,216,59
Rae Bareli Rahi,smTNQ0RRpOL,p,2023-07-01,Rae Bareli,lLvTDpBDY8u,Lucknow Division,immunization,"% of children received full immunization (BCG, Penta 1, 2, 3, Measles)",7,100.0,2,coverage,2024,216,59
Rae Bareli Shivgarh,BYGgaeM7fof,p,2023-07-01,Rae Bareli,lLvTDpBDY8u,Lucknow Division,delivery_care,% of pregnant women delivered in institution against estimated delivery,2,65.58612975391499,2,coverage,2024,296,59
Rae Bareli Shivgarh,BYGgaeM7fof,p,2023-07-01,Rae Bareli,lLvTDpBDY8u,Lucknow Division,immunization,"% of children received full immunization (BCG, Penta 1, 2, 3, Measles)",7,100.0,2,coverage,2024,296,59
Rae Bareli Dalamau,KtYM7svxHgY,p,2023-07-01,Rae Bareli,lLvTDpBDY8u,Lucknow Division,delivery_care,% of pregnant women delivered in institution against estimated delivery,2,60.01999604038805,2,coverage,2024,259,59
Rae Bareli Dalamau,KtYM7svxHgY,p,2023-07-01,Rae Bareli,lLvTDpBDY8u,Lucknow Division,immunization,"% of children received full immunization (BCG, Penta 1, 2, 3, Measles)",7,91.18176364727054,2,coverage,2024,259,59
Rae Bareli Uchahar,tv4Qque6scf,p,2023-07-01,Rae Bareli,lLvTDpBDY8u,Lucknow Division,delivery_care,% of pregnant women delivered in institution against estimated delivery,2,63.020436600092886,2,coverage,2024,50,59
Rae Bareli Uchahar,tv4Qque6scf,p,2023-07-01,Rae Bareli,lLvTDpBDY8u,Lucknow Division,immunization,"% of children received full immunization (BCG, Penta 1, 2, 3, Measles)",7,98.52216748768473,2,coverage,2024,50,59
Rae Bareli Sarani,H1W08wOkXWC,p,2023-07-01,Rae Bareli,lLvTDpBDY8u,Lucknow Division,delivery_care,% of pregnant women delivered in institution against estimated delivery,2,34.10889443059019,2,coverage,2024,609,59
Rae Bareli Sarani,H1W08wOkXWC,p,2023-07-01,Rae Bareli,lLvTDpBDY8u,Lucknow Division,immunization,"% of children received full immunization (BCG, Penta 1, 2, 3, Measles)",7,94.87825356842993,2,coverage,2024,609,59
Usawan,HJ6IPhQigva,p,2023-07-01,Budaun,eA37kyBRRuZ,Bareilly Division,delivery_care,% of pregnant women delivered in institution against estimated delivery,2,100.0,2,coverage,2024,695,58
Usawan,HJ6IPhQigva,p,2023-07-01,Budaun,eA37kyBRRuZ,Bareilly Division,immunization,"% of children received full immunization (BCG, Penta 1, 2, 3, Measles)",7,99.19048405749216,2,coverage,2024,695,58
Miaoon,n0U0QMMNJZe,p,2023-07-01,Budaun,eA37kyBRRuZ,Bareilly Division,delivery_care,% of pregnant women delivered in institution against estimated delivery,2,67.56775151590149,2,coverage,2024,520,58
Miaoon,n0U0QMMNJZe,p,2023-07-01,Budaun,eA37kyBRRuZ,Bareilly Division,immunization,"% of children received full immunization (BCG, Penta 1, 2, 3, Measles)",7,100.0,2,coverage,2024,520,58
Budaun DHQ,i8KzqsutvXl,p,2023-07-01,Budaun,eA37kyBRRuZ,Bareilly Division,delivery_care,% of pregnant women delivered in institution against estimated delivery,2,100.0,2,coverage,2024,223,58
Budaun DHQ,i8KzqsutvXl,p,2023-07-01,Budaun,eA37kyBRRuZ,Bareilly Division,immunization,"% of children received full immunization (BCG, Penta 1, 2, 3, Measles)",7,100.0,2,coverage,2024,223,58
Sahaswan,QsfJqnMcwds,p,2023-07-01,Budaun,eA37kyBRRuZ,Bareilly Division,delivery_care,% of pregnant women delivered in institution against estimated delivery,2,95.49402078023917,2,coverage,2024,335,58
Sahaswan,QsfJqnMcwds,p,2023-07-01,Budaun,eA37kyBRRuZ,Bareilly Division,immunization,"% of children received full immunization (BCG, Penta 1, 2, 3, Measles)",7,97.37649737649737,2,coverage,2024,335,58
Dahagawan,yxi8x9cQDKH,p,2023-07-01,Budaun,eA37kyBRRuZ,Bareilly Division,delivery_care,% of pregnant women delivered in institution against estimated delivery,2,81.44536652835409,2,coverage,2024,200,58
Dahagawan,yxi8x9cQDKH,p,2023-07-01,Budaun,eA37kyBRRuZ,Bareilly Division,immunization,"% of children received full immunization (BCG, Penta 1, 2, 3, Measles)",7,99.69265157865324,2,coverage,2024,200,58
Ujhani,EjPcZNiYzP2,p,2023-07-01,Budaun,eA37kyBRRuZ,Bareilly Division,delivery_care,% of pregnant women delivered in institution against estimated delivery,2,68.13152400835071,2,coverage,2024,719,58
Ujhani,EjPcZNiYzP2,p,2023-07-01,Budaun,eA37kyBRRuZ,Bareilly Division,immunization,"% of children received full immunization (BCG, Penta 1, 2, 3, Measles)",7,100.0,2,coverage,2024,719,58
Jagat,wQ2zvEh08Xs,p,2023-07-01,Budaun,eA37kyBRRuZ,Bareilly Division,delivery_care,% of pregnant women delivered in institution against estimated delivery,2,28.269639065817408,2,coverage,2024,282,58
Jagat,wQ2zvEh08Xs,p,2023-07-01,Budaun,eA37kyBRRuZ,Bareilly Division,immunization,"% of children received full immunization (BCG, Penta 1, 2, 3, Measles)",7,100.0,2,coverage,2024,282,58
Islam Nagar,BU3H8j3vtpl,p,2023-07-01,Budaun,eA37kyBRRuZ,Bareilly Division,delivery_care,% of pregnant women delivered in institution against estimated delivery,2,60.85200061795148,2,coverage,2024,157,58
Islam Nagar,BU3H8j3vtpl,p,2023-07-01,Budaun,eA37kyBRRuZ,Bareilly Division,immunization,"% of children received full immunization (BCG, Penta 1, 2, 3, Measles)",7,100.0,2,coverage,2024,157,58
Binawar,QdKW8E0HxRg,p,2023-07-01,Budaun,eA37kyBRRuZ,Bareilly Division,delivery_care,% of pregnant women delivered in institution against estimated delivery,2,94.32151117964534,2,coverage,2024,880,58
Binawar,QdKW8E0HxRg,p,2023-07-01,Budaun,eA37kyBRRuZ,Bareilly Division,immunization,"% of children received full immunization (BCG, Penta 1, 2, 3, Measles)",7,96.8847352024922,2,coverage,2024,880,58
Bilsi,FBjTmOT2uLU,p,2023-07-01,Budaun,eA37kyBRRuZ,Bareilly Division,delivery_care,% of pregnant women delivered in institution against estimated delivery,2,75.51888004109941,2,coverage,2024,838,58
Bilsi,FBjTmOT2uLU,p,2023-07-01,Budaun,eA37kyBRRuZ,Bareilly Division,immunization,"% of children received full immunization (BCG, Penta 1, 2, 3, Measles)",7,100.0,2,coverage,2024,838,58
Qaderchowk,aDSCuqsggsN,p,2023-07-01,Budaun,eA37kyBRRuZ,Bareilly Division,delivery_care,% of pregnant women delivered in institution against estimated delivery,2,68.58133463860337,2,coverage,2024,226,58
Qaderchowk,aDSCuqsggsN,p,2023-07-01,Budaun,eA37kyBRRuZ,Bareilly Division,immunization,"% of children received full immunization (BCG, Penta 1, 2, 3, Measles)",7,90.96901779828607,2,coverage,2024,226,58
Wazirganj,xct9yyij86y,p,2023-07-01,Budaun,eA37kyBRRuZ,Bareilly Division,delivery_care,% of pregnant women delivered in institution against estimated delivery,2,59.19229620782322,2,coverage,2024,869,58
Wazirganj,xct9yyij86y,p,2023-07-01,Budaun,eA37kyBRRuZ,Bareilly Division,immunization,"% of children received full immunization (BCG, Penta 1, 2, 3, Measles)",7,99.81905910735829,2,coverage,2024,869,58
Samrer,Wa8qn4d8H22,p,2023-07-01,Budaun,eA37kyBRRuZ,Bareilly Division,delivery_care,% of pregnant women delivered in institution against estimated delivery,2,67.70324389267121,2,coverage,2024,103,58
Samrer,Wa8qn4d8H22,p,2023-07-01,Budaun,eA37kyBRRuZ,Bareilly Division,immunization,"% of children received full immunization (BCG, Penta 1, 2, 3, Measles)",7,100.0,2,coverage,2024,103,58
Asafpur,A8jhC64rvlS,p,2023-07-01,Budaun,eA37kyBRRuZ,Bareilly Division,delivery_care,% of pregnant women delivered in institution against estimated delivery,2,54.64332699897675,2,coverage,2024,183,58
Asafpur,A8jhC64rvlS,p,2023-07-01,Budaun,eA37kyBRRuZ,Bareilly Division,immunization,"% of children received full immunization (BCG, Penta 1, 2, 3, Measles)",7,92.78015650376496,2,coverage,2024,183,58
Dataganj,YbOAqVBdm86,p,2023-07-01,Budaun,eA37kyBRRuZ,Bareilly Division,delivery_care,% of pregnant women delivered in institution against estimated delivery,2,91.89041319614569,2,coverage,2024,541,58
Dataganj,YbOAqVBdm86,p,2023-07-01,Budaun,eA37kyBRRuZ,Bareilly Division,immunization,"% of children received full immunization (BCG, Penta 1, 2, 3, Measles)",7,100.0,2,coverage,2024,541,58
Bisauli,MWJyDwqvBqS,p,2023-07-01,Budaun,eA37kyBRRuZ,Bareilly Division,delivery_care,% of pregnant women delivered in institution against estimated delivery,2,61.53478317830473,2,coverage,2024,398,58
Bisauli,MWJyDwqvBqS,p,2023-07-01,Budaun,eA37kyBRRuZ,Bareilly Division,immunization,"% of children received full immunization (BCG, Penta 1, 2, 3, Measles)",7,100.0,2,coverage,2024,398,58
Mirzapur Shahjahanpur,Gj3mY1laAQs,p,2023-07-01,Shahjahanpur,GaiLSoQq1ue,Bareilly Division,delivery_care,% of pregnant women delivered in institution against estimated delivery,2,62.35353535353535,2,coverage,2024,739,28
Mirzapur Shahjahanpur,Gj3mY1laAQs,p,2023-07-01,Shahjahanpur,GaiLSoQq1ue,Bareilly Division,immunization,"% of children received full immunization (BCG, Penta 1, 2, 3, Measles)",7,100.0,2,coverage,2024,739,28
Shahjahanpur DHQ,jc5MqfKVzRH,p,2023-07-01,Shahjahanpur,GaiLSoQq1ue,Bareilly Division,delivery_care,% of pregnant women delivered in institution against estimated delivery,2,70.46465968586388,2,coverage,2024,661,28
Shahjahanpur DHQ,jc5MqfKVzRH,p,2023-07-01,Shahjahanpur,GaiLSoQq1ue,Bareilly Division,immunization,"% of children received full immunization (BCG, Penta 1, 2, 3, Measles)",7,98.4549285301165,2,coverage,2024,661,28
Bhawalkheda,FHp906GIA29,p,2023-07-01,Shahjahanpur,GaiLSoQq1ue,Bareilly Division,delivery_care,% of pregnant women delivered in institution against estimated delivery,2,54.2534335015847,2,coverage,2024,17,28
Bhawalkheda,FHp906GIA29,p,2023-07-01,Shahjahanpur,GaiLSoQq1ue,Bareilly Division,immunization,"% of children received full immunization (BCG, Penta 1, 2, 3, Measles)",7,100.0,2,coverage,2024,17,28
Sidhouli,RWbJEn9kMN0,p,2023-07-01,Shahjahanpur,GaiLSoQq1ue,Bareilly Division,delivery_care,% of pregnant women delivered in institution against estimated delivery,2,53.2007385028533,2,coverage,2024,469,28
Sidhouli,RWbJEn9kMN0,p,2023-07-01,Shahjahanpur,GaiLSoQq1ue,Bareilly Division,immunization,"% of children received full immunization (BCG, Penta 1, 2, 3, Measles)",7,97.98270893371756,2,coverage,2024,469,28
Banda,tjhsboDAHva,p,2023-07-01,Shahjahanpur,GaiLSoQq1ue,Bareilly Division,delivery_care,% of pregnant women delivered in institution against estimated delivery,2,63.61367837338263,2,coverage,2024,323,28
Banda,tjhsboDAHva,p,2023-07-01,Shahjahanpur,GaiLSoQq1ue,Bareilly Division,immunization,"% of children received full immunization (BCG, Penta 1, 2, 3, Measles)",7,89.42128189172371,2,coverage,2024,323,28
Jaitipur,l14UZLO07Q9,p,2023-07-01,Shahjahanpur,GaiLSoQq1ue,Bareilly Division,delivery_care,% of pregnant women delivered in institution against estimated delivery,2,56.20645709430757,2,coverage,2024,564,28
Jaitipur,l14UZLO07Q9,p,2023-07-01,Shahjahanpur,GaiLSoQq1ue,Bareilly Division,immunization,"% of children received full immunization (BCG, Penta 1, 2, 3, Measles)",7,100.0,2,coverage,2024,564,28
Nigohi,oSPqI1SUnmV,p,2023-07-01,Shahjahanpur,GaiLSoQq1ue,Bareilly Division,delivery_care,% of pregnant women delivered in institution against estimated delivery,2,60.78833693304535,2,coverage,2024,754,28
Nigohi,oSPqI1SUnmV,p,2023-07-01,Shahjahanpur,GaiLSoQq1ue,Bareilly Division,immunization,"% of children received full immunization (BCG, Penta 1, 2, 3, Measles)",7,85.46495773111535,2,coverage,2024,754,28
Dadroul,CzrcP2SLElb,p,2023-07-01,Shahjahanpur,GaiLSoQq1ue,Bareilly Division,delivery_care,% of pregnant women delivered in institution against estimated delivery,2,45.619006102877066,2,coverage,2024,502,28
Dadroul,CzrcP2SLElb,p,2023-07-01,Shahjahanpur,GaiLSoQq1ue,Bareilly Division,immunization,"% of children received full immunization (BCG, Penta 1, 2, 3, Measles)",7,100.0,2,coverage,2024,502,28
Khudaganj,Y5b8fuW0nqo,p,2023-07-01,Shahjahanpur,GaiLSoQq1ue,Bareilly Division,delivery_care,% of pregnant women delivered in institution against estimated delivery,2,69.70375875982161,2,coverage,2024,826,28
Khudaganj,Y5b8fuW0nqo,p,2023-07-01,Shahjahanpur,GaiLSoQq1ue,Bareilly Division,immunization,"% of children received full immunization (BCG, Penta 1, 2, 3, Measles)",7,100.0,2,coverage,2024,826,28
Puwaya,FJZd1VoPnSp,p,2023-07-01,Shahjahanpur,GaiLSoQq1ue,Bareilly Division,delivery_care,% of pregnant women delivered in institution against estimated delivery,2,48.214862681744755,2,coverage,2024,764,28
Puwaya,FJZd1VoPnSp,p,2023-07-01,Shahjahanpur,GaiLSoQq1ue,Bareilly Division,immunization,"% of children received full immunization (BCG, Penta 1, 2, 3, Measles)",7,85.57441253263708,2,coverage,2024,764,28
Kanth,eRgWsRn98MG,p,2023-07-01,Shahjahanpur,GaiLSoQq1ue,Bareilly Division,delivery_care,% of pregnant women delivered in institution against estimated delivery,2,67.15731195112639,2,coverage,2024,484,28
Kanth,eRgWsRn98MG,p,2023-07-01,Shahjahanpur,GaiLSoQq1ue,Bareilly Division,immunization,"% of children received full immunization (BCG, Penta 1, 2, 3, Measles)",7,99.421519475511,2,coverage,2024,484,28
Kalan,gGoFUoVcUmI,p,2023-07-01,Shahjahanpur,GaiLSoQq1ue,Bareilly Division,delivery_care,% of pregnant women delivered in institution against estimated delivery,2,76.62009197028651,2,coverage,2024,113,28
Kalan,gGoFUoVcUmI,p,2023-07-01,Shahjahanpur,GaiLSoQq1ue,Bareilly Division,immunization,"% of children received full immunization (BCG, Penta 1, 2, 3, Measles)",7,94.6766702393712,2,coverage,2024,113,28
Jalalabad,CJnQGhWTHo0,p,2023-07-01,Shahjahanpur,GaiLSoQq1ue,Bareilly Division,delivery_care,% of pregnant women delivered in institution against estimated delivery,2,79.408014571949,2,coverage,2024,70,28
Jalalabad,CJnQGhWTHo0,p,2023-07-01,Shahjahanpur,GaiLSoQq1ue,Bareilly Division,immunization,"% of children received full immunization (BCG, Penta 1, 2, 3, Measles)",7,100.0,2,coverage,2024,70,28
Madnapur,Siyf9v1S9St,p,2023-07-01,Shahjahanpur,GaiLSoQq1ue,Bareilly Division,delivery_care,% of pregnant women delivered in institution against estimated delivery,2,47.26943411004504,2,coverage,2024,240,28
Madnapur,Siyf9v1S9St,p,2023-07-01,Shahjahanpur,GaiLSoQq1ue,Bareilly Division,immunization,"% of children received full immunization (BCG, Penta 1, 2, 3, Measles)",7,100.0,2,coverage,2024,240,28
Tilhar,o9TtE34iDMB,p,2023-07-01,Shahjahanpur,GaiLSoQq1ue,Bareilly Division,delivery_care,% of pregnant women delivered in institution against estimated delivery,2,63.70224555263925,2,coverage,2024,287,28
Tilhar,o9TtE34iDMB,p,2023-07-01,Shahjahanpur,GaiLSoQq1ue,Bareilly Division,immunization,"% of children received full immunization (BCG, Penta 1, 2, 3, Measles)",7,86.83357879234168,2,coverage,2024,287,28
Khutar,ROeKhlePe7w,p,2023-07-01,Shahjahanpur,GaiLSoQq1ue,Bareilly Division,delivery_care,% of pregnant women delivered in institution against estimated delivery,2,55.27033325565136,2,coverage,2024,114,28
Khutar,ROeKhlePe7w,p,2023-07-01,Shahjahanpur,GaiLSoQq1ue,Bareilly Division,immunization,"% of children received full immunization (BCG, Penta 1, 2, 3, Measles)",7,100.0,2,coverage,2024,114,28
Dudhi,vqGMYi6W3ep,p,2023-07-01,Sonbhadra,NNk3JP90QZ5,Mirzapur Division,delivery_care,% of pregnant women delivered in institution against estimated delivery,2,87.78615490061684,2,coverage,2024,650,74
Dudhi,vqGMYi6W3ep,p,2023-07-01,Sonbhadra,NNk3JP90QZ5,Mirzapur Division,immunization,"% of children received full immunization (BCG, Penta 1, 2, 3, Measles)",7,100.0,2,coverage,2024,650,74
Nagawa,YPsEnS75cQ8,p,2023-07-01,Sonbhadra,NNk3JP90QZ5,Mirzapur Division,delivery_care,% of pregnant women delivered in institution against estimated delivery,2,73.84855095045188,2,coverage,2024,393,74
Nagawa,YPsEnS75cQ8,p,2023-07-01,Sonbhadra,NNk3JP90QZ5,Mirzapur Division,immunization,"% of children received full immunization (BCG, Penta 1, 2, 3, Measles)",7,100.0,2,coverage,2024,393,74
Chopen,rqYozNDUgyg,p,2023-07-01,Sonbhadra,NNk3JP90QZ5,Mirzapur Division,delivery_care,% of pregnant women delivered in institution against estimated delivery,2,62.278911564625865,2,coverage,2024,194,74
Chopen,rqYozNDUgyg,p,2023-07-01,Sonbhadra,NNk3JP90QZ5,Mirzapur Division,immunization,"% of children received full immunization (BCG, Penta 1, 2, 3, Measles)",7,97.87014771556166,2,coverage,2024,194,74
Chatra,I0SrxhvmkHK,p,2023-07-01,Sonbhadra,NNk3JP90QZ5,Mirzapur Division,delivery_care,% of pregnant women delivered in institution against estimated delivery,2,90.99380554807432,2,coverage,2024,142,74
Chatra,I0SrxhvmkHK,p,2023-07-01,Sonbhadra,NNk3JP90QZ5,Mirzapur Division,immunization,"% of children received full immunization (BCG, Penta 1, 2, 3, Measles)",7,93.57997823721436,2,coverage,2024,142,74
Sonbhadra DHQ,NBKbLavdozm,p,2023-07-01,Sonbhadra,NNk3JP90QZ5,Mirzapur Division,delivery_care,% of pregnant women delivered in institution against estimated delivery,2,79.84690327070288,2,coverage,2024,120,74
Sonbhadra DHQ,NBKbLavdozm,p,2023-07-01,Sonbhadra,NNk3JP90QZ5,Mirzapur Division,immunization,"% of children received full immunization (BCG, Penta 1, 2, 3, Measles)",7,25.092250922509226,2,coverage,2024,120,74
Myoerpur,Gbo5ncDmsIv,p,2023-07-01,Sonbhadra,NNk3JP90QZ5,Mirzapur Division,delivery_care,% of pregnant women delivered in institution against estimated delivery,2,77.20984759671747,2,coverage,2024,573,74
Myoerpur,Gbo5ncDmsIv,p,2023-07-01,Sonbhadra,NNk3JP90QZ5,Mirzapur Division,immunization,"% of children received full immunization (BCG, Penta 1, 2, 3, Measles)",7,100.0,2,coverage,2024,573,74
Ravertganj,Hz4rBdA4kWR,p,2023-07-01,Sonbhadra,NNk3JP90QZ5,Mirzapur Division,delivery_care,% of pregnant women delivered in institution against estimated delivery,2,56.25156184922949,2,coverage,2024,576,74
Ravertganj,Hz4rBdA4kWR,p,2023-07-01,Sonbhadra,NNk3JP90QZ5,Mirzapur Division,immunization,"% of children received full immunization (BCG, Penta 1, 2, 3, Measles)",7,76.39239441359585,2,coverage,2024,576,74
Ghorahawal,Cea63kQpiOw,p,2023-07-01,Sonbhadra,NNk3JP90QZ5,Mirzapur Division,delivery_care,% of pregnant women delivered in institution against estimated delivery,2,87.24050632911394,2,coverage,2024,137,74
Ghorahawal,Cea63kQpiOw,p,2023-07-01,Sonbhadra,NNk3JP90QZ5,Mirzapur Division,immunization,"% of children received full immunization (BCG, Penta 1, 2, 3, Measles)",7,94.38478060754831,2,coverage,2024,137,74
Bhabni,dOCMMkuHb5N,p,2023-07-01,Sonbhadra,NNk3JP90QZ5,Mirzapur Division,delivery_care,% of pregnant women delivered in institution against estimated delivery,2,77.56290641786825,2,coverage,2024,342,74
Bhabni,dOCMMkuHb5N,p,2023-07-01,Sonbhadra,NNk3JP90QZ5,Mirzapur Division,immunization,"% of children received full immunization (BCG, Penta 1, 2, 3, Measles)",7,93.54654483152487,2,coverage,2024,342,74
Ghaziabad DHQ,HYVom1xMtdc,p,2023-07-01,Ghaziabad,M5NHlfAaKYI,Meerut Division,delivery_care,% of pregnant women delivered in institution against estimated delivery,2,62.764494361033925,2,coverage,2024,725,39
Ghaziabad DHQ,HYVom1xMtdc,p,2023-07-01,Ghaziabad,M5NHlfAaKYI,Meerut Division,immunization,"% of children received full immunization (BCG, Penta 1, 2, 3, Measles)",7,100.0,2,coverage,2024,725,39
Ghaziabad Muradnagar,qpjXx2KEA28,p,2023-07-01,Ghaziabad,M5NHlfAaKYI,Meerut Division,delivery_care,% of pregnant women delivered in institution against estimated delivery,2,71.10526315789474,2,coverage,2024,903,39
Ghaziabad Muradnagar,qpjXx2KEA28,p,2023-07-01,Ghaziabad,M5NHlfAaKYI,Meerut Division,immunization,"% of children received full immunization (BCG, Penta 1, 2, 3, Measles)",7,100.0,2,coverage,2024,903,39
Ghaziabad Rjapur,Ne0VFmnLotb,p,2023-07-01,Ghaziabad,M5NHlfAaKYI,Meerut Division,delivery_care,% of pregnant women delivered in institution against estimated delivery,2,100.0,2,coverage,2024,863,39
Ghaziabad Rjapur,Ne0VFmnLotb,p,2023-07-01,Ghaziabad,M5NHlfAaKYI,Meerut Division,immunization,"% of children received full immunization (BCG, Penta 1, 2, 3, Measles)",7,100.0,2,coverage,2024,863,39
Ghaziabad Bhojpur,r0L9AlrGA7C,p,2023-07-01,Ghaziabad,M5NHlfAaKYI,Meerut Division,delivery_care,% of pregnant women delivered in institution against estimated delivery,2,66.65857962064403,2,coverage,2024,98,39
Ghaziabad Bhojpur,r0L9AlrGA7C,p,2023-07-01,Ghaziabad,M5NHlfAaKYI,Meerut Division,immunization,"% of children received full immunization (BCG, Penta 1, 2, 3, Measles)",7,87.4136778792604,2,coverage,2024,98,39
Ghaziabad Loni,isevBbVYacc,p,2023-07-01,Ghaziabad,M5NHlfAaKYI,Meerut Division,delivery_care,% of pregnant women delivered in institution against estimated delivery,2,65.30428769017979,2,coverage,2024,577,39
Ghaziabad Loni,isevBbVYacc,p,2023-07-01,Ghaziabad,M5NHlfAaKYI,Meerut Division,immunization,"% of children received full immunization (BCG, Penta 1, 2, 3, Measles)",7,62.34225844004656,2,coverage,2024,577,39
Shrawasti DHQ,GK26msJSJoZ,p,2023-07-01,Shrawasti,oyTwneTbWDx,Gonda Division,delivery_care,% of pregnant women delivered in institution against estimated delivery,2,100.0,2,coverage,2024,391,18
Shrawasti DHQ,GK26msJSJoZ,p,2023-07-01,Shrawasti,oyTwneTbWDx,Gonda Division,immunization,"% of children received full immunization (BCG, Penta 1, 2, 3, Measles)",7,100.0,2,coverage,2024,391,18
Sirsiya,rUTBm0fGdMX,p,2023-07-01,Shrawasti,oyTwneTbWDx,Gonda Division,delivery_care,% of pregnant women delivered in institution against estimated delivery,2,74.28153875165002,2,coverage,2024,317,18
Sirsiya,rUTBm0fGdMX,p,2023-07-01,Shrawasti,oyTwneTbWDx,Gonda Division,immunization,"% of children received full immunization (BCG, Penta 1, 2, 3, Measles)",7,100.0,2,coverage,2024,317,18
Ikauna,a5QF4ok7kUq,p,2023-07-01,Shrawasti,oyTwneTbWDx,Gonda Division,delivery_care,% of pregnant women delivered in institution against estimated delivery,2,42.133375190600056,2,coverage,2024,688,18
Ikauna,a5QF4ok7kUq,p,2023-07-01,Shrawasti,oyTwneTbWDx,Gonda Division,immunization,"% of children received full immunization (BCG, Penta 1, 2, 3, Measles)",7,83.63834027903606,2,coverage,2024,688,18
Jmunaha,lbYsetq7442,p,2023-07-01,Shrawasti,oyTwneTbWDx,Gonda Division,delivery_care,% of pregnant women delivered in institution against estimated delivery,2,49.150647995129155,2,coverage,2024,470,18
Jmunaha,lbYsetq7442,p,2023-07-01,Shrawasti,oyTwneTbWDx,Gonda Division,immunization,"% of children received full immunization (BCG, Penta 1, 2, 3, Measles)",7,87.74488271984535,2,coverage,2024,470,18
Hariharpur Rani,miFaxMESSJ2,p,2023-07-01,Shrawasti,oyTwneTbWDx,Gonda Division,delivery_care,% of pregnant women delivered in institution against estimated delivery,2,62.15482047524339,2,coverage,2024,124,18
Hariharpur Rani,miFaxMESSJ2,p,2023-07-01,Shrawasti,oyTwneTbWDx,Gonda Division,immunization,"% of children received full immunization (BCG, Penta 1, 2, 3, Measles)",7,96.88127709060154,2,coverage,2024,124,18
Gilaula,LNX0N5jnA5h,p,2023-07-01,Shrawasti,oyTwneTbWDx,Gonda Division,delivery_care,% of pregnant women delivered in institution against estimated delivery,2,54.593165174938974,2,coverage,2024,677,18
Gilaula,LNX0N5jnA5h,p,2023-07-01,Shrawasti,oyTwneTbWDx,Gonda Division,immunization,"% of children received full immunization (BCG, Penta 1, 2, 3, Measles)",7,80.04931169098008,2,coverage,2024,677,18
Mainpuri Bewar,Dn4n2S6qEWw,p,2023-07-01,Mainpuri,XBLhrSWGytu,Agra Division,delivery_care,% of pregnant women delivered in institution against estimated delivery,2,61.95558223289315,2,coverage,2024,271,43
Mainpuri Bewar,Dn4n2S6qEWw,p,2023-07-01,Mainpuri,XBLhrSWGytu,Agra Division,immunization,"% of children received full immunization (BCG, Penta 1, 2, 3, Measles)",7,100.0,2,coverage,2024,271,43
Mainpuri Jagir,BkcbTCyupP9,p,2023-07-01,Mainpuri,XBLhrSWGytu,Agra Division,delivery_care,% of pregnant women delivered in institution against estimated delivery,2,77.61165048543688,2,coverage,2024,642,43
Mainpuri Jagir,BkcbTCyupP9,p,2023-07-01,Mainpuri,XBLhrSWGytu,Agra Division,immunization,"% of children received full immunization (BCG, Penta 1, 2, 3, Measles)",7,100.0,2,coverage,2024,642,43
Mainpuri Kishni,yWnYeaWXCE1,p,2023-07-01,Mainpuri,XBLhrSWGytu,Agra Division,delivery_care,% of pregnant women delivered in institution against estimated delivery,2,76.06982018467521,2,coverage,2024,246,43
Mainpuri Kishni,yWnYeaWXCE1,p,2023-07-01,Mainpuri,XBLhrSWGytu,Agra Division,immunization,"% of children received full immunization (BCG, Penta 1, 2, 3, Measles)",7,99.54188481675392,2,coverage,2024,246,43
Mainpuri DHQ,O8puBy9wDpN,p,2023-07-01,Mainpuri,XBLhrSWGytu,Agra Division,delivery_care,% of pregnant women delivered in institution against estimated delivery,2,24.136657194523373,2,coverage,2024,559,43
Mainpuri DHQ,O8puBy9wDpN,p,2023-07-01,Mainpuri,XBLhrSWGytu,Agra Division,immunization,"% of children received full immunization (BCG, Penta 1, 2, 3, Measles)",7,63.34463866423168,2,coverage,2024,559,43
Mainpuri Sultanganj,Ri9nZlNp7vJ,p,2023-07-01,Mainpuri,XBLhrSWGytu,Agra Division,delivery_care,% of pregnant women delivered in institution against estimated delivery,2,70.62180974477958,2,coverage,2024,28,43
Mainpuri Sultanganj,Ri9nZlNp7vJ,p,2023-07-01,Mainpuri,XBLhrSWGytu,Agra Division,immunization,"% of children received full immunization (BCG, Penta 1, 2, 3, Measles)",7,100.0,2,coverage,2024,28,43
Mainpuri Ghiror,GdimZzDSdCV,p,2023-07-01,Mainpuri,XBLhrSWGytu,Agra Division,delivery_care,% of pregnant women delivered in institution against estimated delivery,2,68.44084400904296,2,coverage,2024,29,43
Mainpuri Ghiror,GdimZzDSdCV,p,2023-07-01,Mainpuri,XBLhrSWGytu,Agra Division,immunization,"% of children received full immunization (BCG, Penta 1, 2, 3, Measles)",7,100.0,2,coverage,2024,29,43
Mainpuri Barnahal,EeFlmvJs36p,p,2023-07-01,Mainpuri,XBLhrSWGytu,Agra Division,delivery_care,% of pregnant women delivered in institution against estimated delivery,2,78.54474708171206,2,coverage,2024,306,43
Mainpuri Barnahal,EeFlmvJs36p,p,2023-07-01,Mainpuri,XBLhrSWGytu,Agra Division,immunization,"% of children received full immunization (BCG, Penta 1, 2, 3, Measles)",7,100.0,2,coverage,2024,306,43
Mainpuri Kurawali,PZAj1qhZHhE,p,2023-07-01,Mainpuri,XBLhrSWGytu,Agra Division,delivery_care,% of pregnant women delivered in institution against estimated delivery,2,80.92243227441045,2,coverage,2024,526,43
Mainpuri Kurawali,PZAj1qhZHhE,p,2023-07-01,Mainpuri,XBLhrSWGytu,Agra Division,immunization,"% of children received full immunization (BCG, Penta 1, 2, 3, Measles)",7,100.0,2,coverage,2024,526,43
Mainpuri Mainpuri,covI1BtEX12,p,2023-07-01,Mainpuri,XBLhrSWGytu,Agra Division,delivery_care,% of pregnant women delivered in institution against estimated delivery,2,100.0,2,coverage,2024,96,43
Mainpuri Mainpuri,covI1BtEX12,p,2023-07-01,Mainpuri,XBLhrSWGytu,Agra Division,immunization,"% of children received full immunization (BCG, Penta 1, 2, 3, Measles)",7,48.52416477457022,2,coverage,2024,96,43
Mainpuri Kerhal,HNZwOODMyul,p,2023-07-01,Mainpuri,XBLhrSWGytu,Agra Division,delivery_care,% of pregnant women delivered in institution against estimated delivery,2,68.20884520884522,2,coverage,2024,598,43
Mainpuri Kerhal,HNZwOODMyul,p,2023-07-01,Mainpuri,XBLhrSWGytu,Agra Division,immunization,"% of children received full immunization (BCG, Penta 1, 2, 3, Measles)",7,100.0,2,coverage,2024,598,43
Firozabad Shikohabad,rgR8kKaylIH,p,2023-07-01,Firozabad,eJTsuE56XDF,Agra Division,delivery_care,% of pregnant women delivered in institution against estimated delivery,2,11.322785491335702,2,coverage,2024,784,27
Firozabad Shikohabad,rgR8kKaylIH,p,2023-07-01,Firozabad,eJTsuE56XDF,Agra Division,immunization,"% of children received full immunization (BCG, Penta 1, 2, 3, Measles)",7,96.92357864985323,2,coverage,2024,784,27
Firozabad Jasrana,C4DRedrM3Pb,p,2023-07-01,Firozabad,eJTsuE56XDF,Agra Division,delivery_care,% of pregnant women delivered in institution against estimated delivery,2,46.56944776476213,2,coverage,2024,857,27
Firozabad Jasrana,C4DRedrM3Pb,p,2023-07-01,Firozabad,eJTsuE56XDF,Agra Division,immunization,"% of children received full immunization (BCG, Penta 1, 2, 3, Measles)",7,100.0,2,coverage,2024,857,27
Firozabad Aeka,v4LM2W1q50L,p,2023-07-01,Firozabad,eJTsuE56XDF,Agra Division,delivery_care,% of pregnant women delivered in institution against estimated delivery,2,36.4984684829921,2,coverage,2024,811,27
Firozabad Aeka,v4LM2W1q50L,p,2023-07-01,Firozabad,eJTsuE56XDF,Agra Division,immunization,"% of children received full immunization (BCG, Penta 1, 2, 3, Measles)",7,100.0,2,coverage,2024,811,27
Firozabad Hathwant,ipancoUtUKq,p,2023-07-01,Firozabad,eJTsuE56XDF,Agra Division,delivery_care,% of pregnant women delivered in institution against estimated delivery,2,41.603128054740964,2,coverage,2024,419,27
Firozabad Hathwant,ipancoUtUKq,p,2023-07-01,Firozabad,eJTsuE56XDF,Agra Division,immunization,"% of children received full immunization (BCG, Penta 1, 2, 3, Measles)",7,94.92596248766041,2,coverage,2024,419,27
Firozabad Araon,njhb7CY73zh,p,2023-07-01,Firozabad,eJTsuE56XDF,Agra Division,delivery_care,% of pregnant women delivered in institution against estimated delivery,2,33.228558599012125,2,coverage,2024,788,27
Firozabad Araon,njhb7CY73zh,p,2023-07-01,Firozabad,eJTsuE56XDF,Agra Division,immunization,"% of children received full immunization (BCG, Penta 1, 2, 3, Measles)",7,100.0,2,coverage,2024,788,27
Firozabad Tundla,TJrLeyFzLWY,p,2023-07-01,Firozabad,eJTsuE56XDF,Agra Division,delivery_care,% of pregnant women delivered in institution against estimated delivery,2,48.26375341396801,2,coverage,2024,277,27
Firozabad Tundla,TJrLeyFzLWY,p,2023-07-01,Firozabad,eJTsuE56XDF,Agra Division,immunization,"% of children received full immunization (BCG, Penta 1, 2, 3, Measles)",7,100.0,2,coverage,2024,277,27
Firozabad Narkhi,GcLGdTGiU8M,p,2023-07-01,Firozabad,eJTsuE56XDF,Agra Division,delivery_care,% of pregnant women delivered in institution against estimated delivery,2,62.56323777403036,2,coverage,2024,794,27
Firozabad Narkhi,GcLGdTGiU8M,p,2023-07-01,Firozabad,eJTsuE56XDF,Agra Division,immunization,"% of children received full immunization (BCG, Penta 1, 2, 3, Measles)",7,100.0,2,coverage,2024,794,27
Firozabad Madanpur,TEd7x916bEz,p,2023-07-01,Firozabad,eJTsuE56XDF,Agra Division,delivery_care,% of pregnant women delivered in institution against estimated delivery,2,28.5260574563303,2,coverage,2024,388,27
Firozabad Madanpur,TEd7x916bEz,p,2023-07-01,Firozabad,eJTsuE56XDF,Agra Division,immunization,"% of children received full immunization (BCG, Penta 1, 2, 3, Measles)",7,100.0,2,coverage,2024,388,27
Firozabad Firozabad,R0tPbvDqGLH,p,2023-07-01,Firozabad,eJTsuE56XDF,Agra Division,delivery_care,% of pregnant women delivered in institution against estimated delivery,2,100.0,2,coverage,2024,427,27
Firozabad Firozabad,R0tPbvDqGLH,p,2023-07-01,Firozabad,eJTsuE56XDF,Agra Division,immunization,"% of children received full immunization (BCG, Penta 1, 2, 3, Measles)",7,100.0,2,coverage,2024,427,27
Firozabad DHQ,fAXjUK5F5Xr,p,2023-07-01,Firozabad,eJTsuE56XDF,Agra Division,delivery_care,% of pregnant women delivered in institution against estimated delivery,2,2.3551018203424623,2,coverage,2024,873,27
Firozabad DHQ,fAXjUK5F5Xr,p,2023-07-01,Firozabad,eJTsuE56XDF,Agra Division,immunization,"% of children received full immunization (BCG, Penta 1, 2, 3, Measles)",7,100.0,2,coverage,2024,873,27
Tindwari,UVNiCb7ffry,p,2023-07-01,Banda,DggJGxqbWHn,Chitrakoot Division,delivery_care,% of pregnant women delivered in institution against estimated delivery,2,71.81842818428183,2,coverage,2024,904,47
Tindwari,UVNiCb7ffry,p,2023-07-01,Banda,DggJGxqbWHn,Chitrakoot Division,immunization,"% of children received full immunization (BCG, Penta 1, 2, 3, Measles)",7,92.37085186452276,2,coverage,2024,904,47
Jaspura,iD2sVe31G90,p,2023-07-01,Banda,DggJGxqbWHn,Chitrakoot Division,delivery_care,% of pregnant women delivered in institution against estimated delivery,2,89.36094334196146,2,coverage,2024,159,47
Jaspura,iD2sVe31G90,p,2023-07-01,Banda,DggJGxqbWHn,Chitrakoot Division,immunization,"% of children received full immunization (BCG, Penta 1, 2, 3, Measles)",7,77.62928529924463,2,coverage,2024,159,47
Baberu,QAfsawYvIW0,p,2023-07-01,Banda,DggJGxqbWHn,Chitrakoot Division,delivery_care,% of pregnant women delivered in institution against estimated delivery,2,88.83811153901013,2,coverage,2024,624,47
Baberu,QAfsawYvIW0,p,2023-07-01,Banda,DggJGxqbWHn,Chitrakoot Division,immunization,"% of children received full immunization (BCG, Penta 1, 2, 3, Measles)",7,100.0,2,coverage,2024,624,47
Nereani,PPxFR8laHqe,p,2023-07-01,Banda,DggJGxqbWHn,Chitrakoot Division,delivery_care,% of pregnant women delivered in institution against estimated delivery,2,95.85609450510113,2,coverage,2024,747,47
Nereani,PPxFR8laHqe,p,2023-07-01,Banda,DggJGxqbWHn,Chitrakoot Division,immunization,"% of children received full immunization (BCG, Penta 1, 2, 3, Measles)",7,100.0,2,coverage,2024,747,47
Mahuwa,kKjIKi66mY2,p,2023-07-01,Banda,DggJGxqbWHn,Chitrakoot Division,delivery_care,% of pregnant women delivered in institution against estimated delivery,2,53.63711398889996,2,coverage,2024,373,47
Mahuwa,kKjIKi66mY2,p,2023-07-01,Banda,DggJGxqbWHn,Chitrakoot Division,immunization,"% of children received full immunization (BCG, Penta 1, 2, 3, Measles)",7,99.68381718884736,2,coverage,2024,373,47
Bisanda,emjMgvubuGe,p,2023-07-01,Banda,DggJGxqbWHn,Chitrakoot Division,delivery_care,% of pregnant women delivered in institution against estimated delivery,2,68.79769662070011,2,coverage,2024,88,47
Bisanda,emjMgvubuGe,p,2023-07-01,Banda,DggJGxqbWHn,Chitrakoot Division,immunization,"% of children received full immunization (BCG, Penta 1, 2, 3, Measles)",7,100.0,2,coverage,2024,88,47
Kemasin,FhvPjqLG12y,p,2023-07-01,Banda,DggJGxqbWHn,Chitrakoot Division,delivery_care,% of pregnant women delivered in institution against estimated delivery,2,77.56080489938758,2,coverage,2024,15,47
Kemasin,FhvPjqLG12y,p,2023-07-01,Banda,DggJGxqbWHn,Chitrakoot Division,immunization,"% of children received full immunization (BCG, Penta 1, 2, 3, Measles)",7,96.83689697826469,2,coverage,2024,15,47
Banda DHQ ,QIufPcB6Kr6,p,2023-07-01,Banda,DggJGxqbWHn,Chitrakoot Division,delivery_care,% of pregnant women delivered in institution against estimated delivery,2,4.066878448419997,2,coverage,2024,418,47
Banda DHQ ,QIufPcB6Kr6,p,2023-07-01,Banda,DggJGxqbWHn,Chitrakoot Division,immunization,"% of children received full immunization (BCG, Penta 1, 2, 3, Measles)",7,83.55285376561973,2,coverage,2024,418,47
Badoukher Khurd,EFUeXhmIy8J,p,2023-07-01,Banda,DggJGxqbWHn,Chitrakoot Division,delivery_care,% of pregnant women delivered in institution against estimated delivery,2,67.09397297707605,2,coverage,2024,293,47
Badoukher Khurd,EFUeXhmIy8J,p,2023-07-01,Banda,DggJGxqbWHn,Chitrakoot Division,immunization,"% of children received full immunization (BCG, Penta 1, 2, 3, Measles)",7,100.0,2,coverage,2024,293,47
Kunderki,gmAXrJ45VMf,p,2023-07-01,Moradabad,YQNQoPjAIpV,Moradabad Division,delivery_care,% of pregnant women delivered in institution against estimated delivery,2,57.19096145325654,2,coverage,2024,768,51
Kunderki,gmAXrJ45VMf,p,2023-07-01,Moradabad,YQNQoPjAIpV,Moradabad Division,immunization,"% of children received full immunization (BCG, Penta 1, 2, 3, Measles)",7,100.0,2,coverage,2024,768,51
Bhagtepurtanda,f4VnN0yydmT,p,2023-07-01,Moradabad,YQNQoPjAIpV,Moradabad Division,delivery_care,% of pregnant women delivered in institution against estimated delivery,2,69.27799179818564,2,coverage,2024,308,51
Bhagtepurtanda,f4VnN0yydmT,p,2023-07-01,Moradabad,YQNQoPjAIpV,Moradabad Division,immunization,"% of children received full immunization (BCG, Penta 1, 2, 3, Measles)",7,99.84939759036145,2,coverage,2024,308,51
Dilhari,yslHqhvvXn0,p,2023-07-01,Moradabad,YQNQoPjAIpV,Moradabad Division,delivery_care,% of pregnant women delivered in institution against estimated delivery,2,58.763742975812356,2,coverage,2024,803,51
Dilhari,yslHqhvvXn0,p,2023-07-01,Moradabad,YQNQoPjAIpV,Moradabad Division,immunization,"% of children received full immunization (BCG, Penta 1, 2, 3, Measles)",7,95.84207279457122,2,coverage,2024,803,51
Thakurdwara,aO4ZhXYOBeK,p,2023-07-01,Moradabad,YQNQoPjAIpV,Moradabad Division,delivery_care,% of pregnant women delivered in institution against estimated delivery,2,65.97334726940164,2,coverage,2024,744,51
Thakurdwara,aO4ZhXYOBeK,p,2023-07-01,Moradabad,YQNQoPjAIpV,Moradabad Division,immunization,"% of children received full immunization (BCG, Penta 1, 2, 3, Measles)",7,92.84771707574558,2,coverage,2024,744,51
Bilhari,B1rNgGH3FaM,p,2023-07-01,Moradabad,YQNQoPjAIpV,Moradabad Division,delivery_care,% of pregnant women delivered in institution against estimated delivery,2,73.66032383878974,2,coverage,2024,620,51
Bilhari,B1rNgGH3FaM,p,2023-07-01,Moradabad,YQNQoPjAIpV,Moradabad Division,immunization,"% of children received full immunization (BCG, Penta 1, 2, 3, Measles)",7,100.0,2,coverage,2024,620,51
Tajpur,ETOgxiqqzTT,p,2023-07-01,Moradabad,YQNQoPjAIpV,Moradabad Division,delivery_care,% of pregnant women delivered in institution against estimated delivery,2,63.35664335664336,2,coverage,2024,307,51
Tajpur,ETOgxiqqzTT,p,2023-07-01,Moradabad,YQNQoPjAIpV,Moradabad Division,immunization,"% of children received full immunization (BCG, Penta 1, 2, 3, Measles)",7,100.0,2,coverage,2024,307,51
Chjlate,MIhBWjsHb4j,p,2023-07-01,Moradabad,YQNQoPjAIpV,Moradabad Division,delivery_care,% of pregnant women delivered in institution against estimated delivery,2,50.2954755309326,2,coverage,2024,749,51
Chjlate,MIhBWjsHb4j,p,2023-07-01,Moradabad,YQNQoPjAIpV,Moradabad Division,immunization,"% of children received full immunization (BCG, Penta 1, 2, 3, Measles)",7,100.0,2,coverage,2024,749,51
Moradabad DHQ,WHjh3bRw6D7,p,2023-07-01,Moradabad,YQNQoPjAIpV,Moradabad Division,delivery_care,% of pregnant women delivered in institution against estimated delivery,2,51.904179052281854,2,coverage,2024,438,51
Moradabad DHQ,WHjh3bRw6D7,p,2023-07-01,Moradabad,YQNQoPjAIpV,Moradabad Division,immunization,"% of children received full immunization (BCG, Penta 1, 2, 3, Measles)",7,98.78496750494492,2,coverage,2024,438,51
Mundapanday,FPqrFlrWiLm,p,2023-07-01,Moradabad,YQNQoPjAIpV,Moradabad Division,delivery_care,% of pregnant women delivered in institution against estimated delivery,2,66.46561809437151,2,coverage,2024,84,51
Mundapanday,FPqrFlrWiLm,p,2023-07-01,Moradabad,YQNQoPjAIpV,Moradabad Division,immunization,"% of children received full immunization (BCG, Penta 1, 2, 3, Measles)",7,100.0,2,coverage,2024,84,51
Katrabazar,SiNGqVJoMtb,p,2023-07-01,Gonda,y8WarEkWCul,Gonda Division,delivery_care,% of pregnant women delivered in institution against estimated delivery,2,49.5509475418841,2,coverage,2024,847,2
Katrabazar,SiNGqVJoMtb,p,2023-07-01,Gonda,y8WarEkWCul,Gonda Division,immunization,"% of children received full immunization (BCG, Penta 1, 2, 3, Measles)",7,100.0,2,coverage,2024,847,2
Itiathok,Zkst7ZD9ogq,p,2023-07-01,Gonda,y8WarEkWCul,Gonda Division,delivery_care,% of pregnant women delivered in institution against estimated delivery,2,57.53529588465004,2,coverage,2024,229,2
Itiathok,Zkst7ZD9ogq,p,2023-07-01,Gonda,y8WarEkWCul,Gonda Division,immunization,"% of children received full immunization (BCG, Penta 1, 2, 3, Measles)",7,100.0,2,coverage,2024,229,2
Mankapur,yRVebIQF3pX,p,2023-07-01,Gonda,y8WarEkWCul,Gonda Division,delivery_care,% of pregnant women delivered in institution against estimated delivery,2,41.42597467719693,2,coverage,2024,820,2
Mankapur,yRVebIQF3pX,p,2023-07-01,Gonda,y8WarEkWCul,Gonda Division,immunization,"% of children received full immunization (BCG, Penta 1, 2, 3, Measles)",7,94.353000759686,2,coverage,2024,820,2
Tarabganj,QW8N7nXhELz,p,2023-07-01,Gonda,y8WarEkWCul,Gonda Division,delivery_care,% of pregnant women delivered in institution against estimated delivery,2,50.851746258018544,2,coverage,2024,797,2
Tarabganj,QW8N7nXhELz,p,2023-07-01,Gonda,y8WarEkWCul,Gonda Division,immunization,"% of children received full immunization (BCG, Penta 1, 2, 3, Measles)",7,100.0,2,coverage,2024,797,2
Mujhana,pgmL8MQQwKP,p,2023-07-01,Gonda,y8WarEkWCul,Gonda Division,delivery_care,% of pregnant women delivered in institution against estimated delivery,2,60.266530731138936,2,coverage,2024,48,2
Mujhana,pgmL8MQQwKP,p,2023-07-01,Gonda,y8WarEkWCul,Gonda Division,immunization,"% of children received full immunization (BCG, Penta 1, 2, 3, Measles)",7,97.0873786407767,2,coverage,2024,48,2
Quazeedevar,i9BEhkE3w1b,p,2023-07-01,Gonda,y8WarEkWCul,Gonda Division,delivery_care,% of pregnant women delivered in institution against estimated delivery,2,37.8345418589321,2,coverage,2024,110,2
Quazeedevar,i9BEhkE3w1b,p,2023-07-01,Gonda,y8WarEkWCul,Gonda Division,immunization,"% of children received full immunization (BCG, Penta 1, 2, 3, Measles)",7,100.0,2,coverage,2024,110,2
Parsupur,Ae5sVkqEY53,p,2023-07-01,Gonda,y8WarEkWCul,Gonda Division,delivery_care,% of pregnant women delivered in institution against estimated delivery,2,54.020912547528496,2,coverage,2024,872,2
Parsupur,Ae5sVkqEY53,p,2023-07-01,Gonda,y8WarEkWCul,Gonda Division,immunization,"% of children received full immunization (BCG, Penta 1, 2, 3, Measles)",7,89.81159246369856,2,coverage,2024,872,2
Nawabganj Gonda,FMAaW4X6ueM,p,2023-07-01,Gonda,y8WarEkWCul,Gonda Division,delivery_care,% of pregnant women delivered in institution against estimated delivery,2,58.43782810859457,2,coverage,2024,716,2
Nawabganj Gonda,FMAaW4X6ueM,p,2023-07-01,Gonda,y8WarEkWCul,Gonda Division,immunization,"% of children received full immunization (BCG, Penta 1, 2, 3, Measles)",7,100.0,2,coverage,2024,716,2
Maskanwa,JLjbfCaudqg,p,2023-07-01,Gonda,y8WarEkWCul,Gonda Division,delivery_care,% of pregnant women delivered in institution against estimated delivery,2,48.3969465648855,2,coverage,2024,557,2
Maskanwa,JLjbfCaudqg,p,2023-07-01,Gonda,y8WarEkWCul,Gonda Division,immunization,"% of children received full immunization (BCG, Penta 1, 2, 3, Measles)",7,98.31325301204821,2,coverage,2024,557,2
Belsar,KTP3RqHdGlM,p,2023-07-01,Gonda,y8WarEkWCul,Gonda Division,delivery_care,% of pregnant women delivered in institution against estimated delivery,2,62.39782416936196,2,coverage,2024,479,2
Belsar,KTP3RqHdGlM,p,2023-07-01,Gonda,y8WarEkWCul,Gonda Division,immunization,"% of children received full immunization (BCG, Penta 1, 2, 3, Measles)",7,100.0,2,coverage,2024,479,2
Bamanjeet,eeLkdiQv8Ex,p,2023-07-01,Gonda,y8WarEkWCul,Gonda Division,delivery_care,% of pregnant women delivered in institution against estimated delivery,2,50.472972972972975,2,coverage,2024,453,2
Bamanjeet,eeLkdiQv8Ex,p,2023-07-01,Gonda,y8WarEkWCul,Gonda Division,immunization,"% of children received full immunization (BCG, Penta 1, 2, 3, Measles)",7,100.0,2,coverage,2024,453,2
Gonda DHQ,dbHdyWgjMbk,p,2023-07-01,Gonda,y8WarEkWCul,Gonda Division,delivery_care,% of pregnant women delivered in institution against estimated delivery,2,100.0,2,coverage,2024,302,2
Gonda DHQ,dbHdyWgjMbk,p,2023-07-01,Gonda,y8WarEkWCul,Gonda Division,immunization,"% of children received full immunization (BCG, Penta 1, 2, 3, Measles)",7,57.84982935153582,2,coverage,2024,302,2
Hadhermau,tob7bPRXBV3,p,2023-07-01,Gonda,y8WarEkWCul,Gonda Division,delivery_care,% of pregnant women delivered in institution against estimated delivery,2,37.81739130434782,2,coverage,2024,87,2
Hadhermau,tob7bPRXBV3,p,2023-07-01,Gonda,y8WarEkWCul,Gonda Division,immunization,"% of children received full immunization (BCG, Penta 1, 2, 3, Measles)",7,96.04777797294923,2,coverage,2024,87,2
Rupaideeh,l9TKc1gE8KO,p,2023-07-01,Gonda,y8WarEkWCul,Gonda Division,delivery_care,% of pregnant women delivered in institution against estimated delivery,2,47.81668803169794,2,coverage,2024,578,2
Rupaideeh,l9TKc1gE8KO,p,2023-07-01,Gonda,y8WarEkWCul,Gonda Division,immunization,"% of children received full immunization (BCG, Penta 1, 2, 3, Measles)",7,100.0,2,coverage,2024,578,2
Wajeerganj,Yzv8XKcvFMn,p,2023-07-01,Gonda,y8WarEkWCul,Gonda Division,delivery_care,% of pregnant women delivered in institution against estimated delivery,2,52.18032786885247,2,coverage,2024,5,2
Wajeerganj,Yzv8XKcvFMn,p,2023-07-01,Gonda,y8WarEkWCul,Gonda Division,immunization,"% of children received full immunization (BCG, Penta 1, 2, 3, Measles)",7,100.0,2,coverage,2024,5,2
Colonalganj,SxFTKbP1SXZ,p,2023-07-01,Gonda,y8WarEkWCul,Gonda Division,delivery_care,% of pregnant women delivered in institution against estimated delivery,2,70.72954778281867,2,coverage,2024,27,2
Colonalganj,SxFTKbP1SXZ,p,2023-07-01,Gonda,y8WarEkWCul,Gonda Division,immunization,"% of children received full immunization (BCG, Penta 1, 2, 3, Measles)",7,95.83210168489504,2,coverage,2024,27,2
Pandari Kripal,GtDp6Qz9pSx,p,2023-07-01,Gonda,y8WarEkWCul,Gonda Division,delivery_care,% of pregnant women delivered in institution against estimated delivery,2,34.50070654733867,2,coverage,2024,493,2
Pandari Kripal,GtDp6Qz9pSx,p,2023-07-01,Gonda,y8WarEkWCul,Gonda Division,immunization,"% of children received full immunization (BCG, Penta 1, 2, 3, Measles)",7,82.20742150333015,2,coverage,2024,493,2
Sant Ravidas Nagar Bhadohi,LA0OjaZZFYz,p,2023-07-01,Bhadohi,PeUY1vj02UQ,Mirzapur Division,delivery_care,% of pregnant women delivered in institution against estimated delivery,2,64.56626788646493,2,coverage,2024,430,50
Sant Ravidas Nagar Bhadohi,LA0OjaZZFYz,p,2023-07-01,Bhadohi,PeUY1vj02UQ,Mirzapur Division,immunization,"% of children received full immunization (BCG, Penta 1, 2, 3, Measles)",7,79.93366500829187,2,coverage,2024,430,50
Sant Ravidas Nagar Gyanpur,I13T5ZdIFEi,p,2023-07-01,Bhadohi,PeUY1vj02UQ,Mirzapur Division,delivery_care,% of pregnant women delivered in institution against estimated delivery,2,94.50097949588611,2,coverage,2024,864,50
Sant Ravidas Nagar Gyanpur,I13T5ZdIFEi,p,2023-07-01,Bhadohi,PeUY1vj02UQ,Mirzapur Division,immunization,"% of children received full immunization (BCG, Penta 1, 2, 3, Measles)",7,100.0,2,coverage,2024,864,50
Sant Ravidas Nagar Aurai,h1MfXB88qMN,p,2023-07-01,Bhadohi,PeUY1vj02UQ,Mirzapur Division,delivery_care,% of pregnant women delivered in institution against estimated delivery,2,72.80357142857143,2,coverage,2024,596,50
Sant Ravidas Nagar Aurai,h1MfXB88qMN,p,2023-07-01,Bhadohi,PeUY1vj02UQ,Mirzapur Division,immunization,"% of children received full immunization (BCG, Penta 1, 2, 3, Measles)",7,92.99267330452751,2,coverage,2024,596,50
Sant Ravidas Nagar Suriyawa,oZ8M2HNNfYK,p,2023-07-01,Bhadohi,PeUY1vj02UQ,Mirzapur Division,delivery_care,% of pregnant women delivered in institution against estimated delivery,2,93.8877873866273,2,coverage,2024,474,50
Sant Ravidas Nagar Suriyawa,oZ8M2HNNfYK,p,2023-07-01,Bhadohi,PeUY1vj02UQ,Mirzapur Division,immunization,"% of children received full immunization (BCG, Penta 1, 2, 3, Measles)",7,100.0,2,coverage,2024,474,50
Sant Ravidas Nagar Abholi,iFwP6fSzMVI,p,2023-07-01,Bhadohi,PeUY1vj02UQ,Mirzapur Division,delivery_care,% of pregnant women delivered in institution against estimated delivery,2,84.03718674211801,2,coverage,2024,909,50
Sant Ravidas Nagar Abholi,iFwP6fSzMVI,p,2023-07-01,Bhadohi,PeUY1vj02UQ,Mirzapur Division,immunization,"% of children received full immunization (BCG, Penta 1, 2, 3, Measles)",7,73.48938486663037,2,coverage,2024,909,50
Sant Ravidas Nagar DHQ,Yn3eQ5gagvS,p,2023-07-01,Bhadohi,PeUY1vj02UQ,Mirzapur Division,delivery_care,% of pregnant women delivered in institution against estimated delivery,2,100.0,2,coverage,2024,102,50
Sant Ravidas Nagar DHQ,Yn3eQ5gagvS,p,2023-07-01,Bhadohi,PeUY1vj02UQ,Mirzapur Division,immunization,"% of children received full immunization (BCG, Penta 1, 2, 3, Measles)",7,48.55007473841554,2,coverage,2024,102,50
Sant Ravidas Nagar Deegh,RT2WzsnRZJi,p,2023-07-01,Bhadohi,PeUY1vj02UQ,Mirzapur Division,delivery_care,% of pregnant women delivered in institution against estimated delivery,2,90.85535900104055,2,coverage,2024,155,50
Sant Ravidas Nagar Deegh,RT2WzsnRZJi,p,2023-07-01,Bhadohi,PeUY1vj02UQ,Mirzapur Division,immunization,"% of children received full immunization (BCG, Penta 1, 2, 3, Measles)",7,81.13504992117709,2,coverage,2024,155,50
Malihabad,c8dGu0p6B0M,p,2023-07-01,Lucknow,MfHac5N78aK,Lucknow Division,delivery_care,% of pregnant women delivered in institution against estimated delivery,2,99.44280442804428,2,coverage,2024,304,53
Malihabad,c8dGu0p6B0M,p,2023-07-01,Lucknow,MfHac5N78aK,Lucknow Division,immunization,"% of children received full immunization (BCG, Penta 1, 2, 3, Measles)",7,100.0,2,coverage,2024,304,53
Gosaiganj,qnglbY5alFS,p,2023-07-01,Lucknow,MfHac5N78aK,Lucknow Division,delivery_care,% of pregnant women delivered in institution against estimated delivery,2,100.0,2,coverage,2024,395,53
Gosaiganj,qnglbY5alFS,p,2023-07-01,Lucknow,MfHac5N78aK,Lucknow Division,immunization,"% of children received full immunization (BCG, Penta 1, 2, 3, Measles)",7,100.0,2,coverage,2024,395,53
Sarojninagar,ciUK1Y4Eaxf,p,2023-07-01,Lucknow,MfHac5N78aK,Lucknow Division,delivery_care,% of pregnant women delivered in institution against estimated delivery,2,85.7157958934743,2,coverage,2024,651,53
Sarojninagar,ciUK1Y4Eaxf,p,2023-07-01,Lucknow,MfHac5N78aK,Lucknow Division,immunization,"% of children received full immunization (BCG, Penta 1, 2, 3, Measles)",7,100.0,2,coverage,2024,651,53
Mohanlalganj,VKvevXLweem,p,2023-07-01,Lucknow,MfHac5N78aK,Lucknow Division,delivery_care,% of pregnant women delivered in institution against estimated delivery,2,94.47451669595782,2,coverage,2024,215,53
Mohanlalganj,VKvevXLweem,p,2023-07-01,Lucknow,MfHac5N78aK,Lucknow Division,immunization,"% of children received full immunization (BCG, Penta 1, 2, 3, Measles)",7,97.6925807596734,2,coverage,2024,215,53
Kakori,iK1PfQ9wLbz,p,2023-07-01,Lucknow,MfHac5N78aK,Lucknow Division,delivery_care,% of pregnant women delivered in institution against estimated delivery,2,100.0,2,coverage,2024,842,53
Kakori,iK1PfQ9wLbz,p,2023-07-01,Lucknow,MfHac5N78aK,Lucknow Division,immunization,"% of children received full immunization (BCG, Penta 1, 2, 3, Measles)",7,100.0,2,coverage,2024,842,53
Chinhat,aKYlZcPC3HU,p,2023-07-01,Lucknow,MfHac5N78aK,Lucknow Division,delivery_care,% of pregnant women delivered in institution against estimated delivery,2,82.49983405243944,2,coverage,2024,442,53
Chinhat,aKYlZcPC3HU,p,2023-07-01,Lucknow,MfHac5N78aK,Lucknow Division,immunization,"% of children received full immunization (BCG, Penta 1, 2, 3, Measles)",7,100.0,2,coverage,2024,442,53
BKTalabe,ApSm0CuGVfL,p,2023-07-01,Lucknow,MfHac5N78aK,Lucknow Division,delivery_care,% of pregnant women delivered in institution against estimated delivery,2,100.0,2,coverage,2024,501,53
BKTalabe,ApSm0CuGVfL,p,2023-07-01,Lucknow,MfHac5N78aK,Lucknow Division,immunization,"% of children received full immunization (BCG, Penta 1, 2, 3, Measles)",7,100.0,2,coverage,2024,501,53
Lucknow DHQ,NyYp5W4XZfR,p,2023-07-01,Lucknow,MfHac5N78aK,Lucknow Division,delivery_care,% of pregnant women delivered in institution against estimated delivery,2,100.0,2,coverage,2024,228,53
Lucknow DHQ,NyYp5W4XZfR,p,2023-07-01,Lucknow,MfHac5N78aK,Lucknow Division,immunization,"% of children received full immunization (BCG, Penta 1, 2, 3, Measles)",7,100.0,2,coverage,2024,228,53
Mall,ksTeBOfYw9L,p,2023-07-01,Lucknow,MfHac5N78aK,Lucknow Division,delivery_care,% of pregnant women delivered in institution against estimated delivery,2,100.0,2,coverage,2024,491,53
Mall,ksTeBOfYw9L,p,2023-07-01,Lucknow,MfHac5N78aK,Lucknow Division,immunization,"% of children received full immunization (BCG, Penta 1, 2, 3, Measles)",7,100.0,2,coverage,2024,491,53
Sitapur DHQ,ql65TcOIaDt,p,2023-07-01,Sitapur,XxaOowFtkiJ,Lucknow Division,delivery_care,% of pregnant women delivered in institution against estimated delivery,2,100.0,2,coverage,2024,281,60
Sitapur DHQ,ql65TcOIaDt,p,2023-07-01,Sitapur,XxaOowFtkiJ,Lucknow Division,immunization,"% of children received full immunization (BCG, Penta 1, 2, 3, Measles)",7,97.9529946929492,2,coverage,2024,281,60
Pahla,I2ZGoBUtTtO,p,2023-07-01,Sitapur,XxaOowFtkiJ,Lucknow Division,delivery_care,% of pregnant women delivered in institution against estimated delivery,2,61.38040613858318,2,coverage,2024,682,60
Pahla,I2ZGoBUtTtO,p,2023-07-01,Sitapur,XxaOowFtkiJ,Lucknow Division,immunization,"% of children received full immunization (BCG, Penta 1, 2, 3, Measles)",7,100.0,2,coverage,2024,682,60
Reusa,W91p7yS5r9P,p,2023-07-01,Sitapur,XxaOowFtkiJ,Lucknow Division,delivery_care,% of pregnant women delivered in institution against estimated delivery,2,68.09956167814653,2,coverage,2024,443,60
Reusa,W91p7yS5r9P,p,2023-07-01,Sitapur,XxaOowFtkiJ,Lucknow Division,immunization,"% of children received full immunization (BCG, Penta 1, 2, 3, Measles)",7,85.71729735427427,2,coverage,2024,443,60
Maholi,KEc8Ha9MyTJ,p,2023-07-01,Sitapur,XxaOowFtkiJ,Lucknow Division,delivery_care,% of pregnant women delivered in institution against estimated delivery,2,73.27940015785319,2,coverage,2024,401,60
Maholi,KEc8Ha9MyTJ,p,2023-07-01,Sitapur,XxaOowFtkiJ,Lucknow Division,immunization,"% of children received full immunization (BCG, Penta 1, 2, 3, Measles)",7,80.98198629045113,2,coverage,2024,401,60
Biswan,gSwqRR5qMEE,p,2023-07-01,Sitapur,XxaOowFtkiJ,Lucknow Division,delivery_care,% of pregnant women delivered in institution against estimated delivery,2,78.74417991742072,2,coverage,2024,637,60
Biswan,gSwqRR5qMEE,p,2023-07-01,Sitapur,XxaOowFtkiJ,Lucknow Division,immunization,"% of children received full immunization (BCG, Penta 1, 2, 3, Measles)",7,100.0,2,coverage,2024,637,60
Aeliya,DPIQ2VWtvGl,p,2023-07-01,Sitapur,XxaOowFtkiJ,Lucknow Division,delivery_care,% of pregnant women delivered in institution against estimated delivery,2,48.863423760523865,2,coverage,2024,906,60
Aeliya,DPIQ2VWtvGl,p,2023-07-01,Sitapur,XxaOowFtkiJ,Lucknow Division,immunization,"% of children received full immunization (BCG, Penta 1, 2, 3, Measles)",7,96.251968503937,2,coverage,2024,906,60
Gondlamau,HWAP9AgN3Ym,p,2023-07-01,Sitapur,XxaOowFtkiJ,Lucknow Division,delivery_care,% of pregnant women delivered in institution against estimated delivery,2,51.270316509837464,2,coverage,2024,542,60
Gondlamau,HWAP9AgN3Ym,p,2023-07-01,Sitapur,XxaOowFtkiJ,Lucknow Division,immunization,"% of children received full immunization (BCG, Penta 1, 2, 3, Measles)",7,100.0,2,coverage,2024,542,60
Sidhauli,NAhNn2JVtnF,p,2023-07-01,Sitapur,XxaOowFtkiJ,Lucknow Division,delivery_care,% of pregnant women delivered in institution against estimated delivery,2,81.07700312174819,2,coverage,2024,865,60
Sidhauli,NAhNn2JVtnF,p,2023-07-01,Sitapur,XxaOowFtkiJ,Lucknow Division,immunization,"% of children received full immunization (BCG, Penta 1, 2, 3, Measles)",7,80.66211245401996,2,coverage,2024,865,60
Persendi,qyrJ0VLceRJ,p,2023-07-01,Sitapur,XxaOowFtkiJ,Lucknow Division,delivery_care,% of pregnant women delivered in institution against estimated delivery,2,80.79620406515009,2,coverage,2024,415,60
Persendi,qyrJ0VLceRJ,p,2023-07-01,Sitapur,XxaOowFtkiJ,Lucknow Division,immunization,"% of children received full immunization (BCG, Penta 1, 2, 3, Measles)",7,87.12440516655336,2,coverage,2024,415,60
Machrehta,eiVpF4VfZGS,p,2023-07-01,Sitapur,XxaOowFtkiJ,Lucknow Division,delivery_care,% of pregnant women delivered in institution against estimated delivery,2,56.08818011257036,2,coverage,2024,698,60
Machrehta,eiVpF4VfZGS,p,2023-07-01,Sitapur,XxaOowFtkiJ,Lucknow Division,immunization,"% of children received full immunization (BCG, Penta 1, 2, 3, Measles)",7,86.72035370282646,2,coverage,2024,698,60
Khiarabad,ch0hBYu0VuS,p,2023-07-01,Sitapur,XxaOowFtkiJ,Lucknow Division,delivery_care,% of pregnant women delivered in institution against estimated delivery,2,55.34883720930232,2,coverage,2024,329,60
Khiarabad,ch0hBYu0VuS,p,2023-07-01,Sitapur,XxaOowFtkiJ,Lucknow Division,immunization,"% of children received full immunization (BCG, Penta 1, 2, 3, Measles)",7,100.0,2,coverage,2024,329,60
Behta,nKJmMxPaEZ9,p,2023-07-01,Sitapur,XxaOowFtkiJ,Lucknow Division,delivery_care,% of pregnant women delivered in institution against estimated delivery,2,59.57519416333255,2,coverage,2024,657,60
Behta,nKJmMxPaEZ9,p,2023-07-01,Sitapur,XxaOowFtkiJ,Lucknow Division,immunization,"% of children received full immunization (BCG, Penta 1, 2, 3, Measles)",7,98.59757546945566,2,coverage,2024,657,60
Pisawan,yubhT8MSy2O,p,2023-07-01,Sitapur,XxaOowFtkiJ,Lucknow Division,delivery_care,% of pregnant women delivered in institution against estimated delivery,2,44.913964262078096,2,coverage,2024,173,60
Pisawan,yubhT8MSy2O,p,2023-07-01,Sitapur,XxaOowFtkiJ,Lucknow Division,immunization,"% of children received full immunization (BCG, Penta 1, 2, 3, Measles)",7,80.10695187165776,2,coverage,2024,173,60
Mahmudabad Sitapur,gCv411YjGXv,p,2023-07-01,Sitapur,XxaOowFtkiJ,Lucknow Division,delivery_care,% of pregnant women delivered in institution against estimated delivery,2,73.16313423249841,2,coverage,2024,606,60
Mahmudabad Sitapur,gCv411YjGXv,p,2023-07-01,Sitapur,XxaOowFtkiJ,Lucknow Division,immunization,"% of children received full immunization (BCG, Penta 1, 2, 3, Measles)",7,84.63933575505969,2,coverage,2024,606,60
Mishirikh,Gfmfuy8CQrI,p,2023-07-01,Sitapur,XxaOowFtkiJ,Lucknow Division,delivery_care,% of pregnant women delivered in institution against estimated delivery,2,100.0,2,coverage,2024,901,60
Mishirikh,Gfmfuy8CQrI,p,2023-07-01,Sitapur,XxaOowFtkiJ,Lucknow Division,immunization,"% of children received full immunization (BCG, Penta 1, 2, 3, Measles)",7,96.0458452722063,2,coverage,2024,901,60
Laharpur,tIk5hphkbm1,p,2023-07-01,Sitapur,XxaOowFtkiJ,Lucknow Division,delivery_care,% of pregnant women delivered in institution against estimated delivery,2,68.15614617940199,2,coverage,2024,733,60
Laharpur,tIk5hphkbm1,p,2023-07-01,Sitapur,XxaOowFtkiJ,Lucknow Division,immunization,"% of children received full immunization (BCG, Penta 1, 2, 3, Measles)",7,94.82513872757777,2,coverage,2024,733,60
Sakran,zghTOXwIiKT,p,2023-07-01,Sitapur,XxaOowFtkiJ,Lucknow Division,delivery_care,% of pregnant women delivered in institution against estimated delivery,2,87.4241988791493,2,coverage,2024,471,60
Sakran,zghTOXwIiKT,p,2023-07-01,Sitapur,XxaOowFtkiJ,Lucknow Division,immunization,"% of children received full immunization (BCG, Penta 1, 2, 3, Measles)",7,96.12538093164996,2,coverage,2024,471,60
Rampur Mathura,tvZfs4DYlev,p,2023-07-01,Sitapur,XxaOowFtkiJ,Lucknow Division,delivery_care,% of pregnant women delivered in institution against estimated delivery,2,69.18520016174688,2,coverage,2024,516,60
Rampur Mathura,tvZfs4DYlev,p,2023-07-01,Sitapur,XxaOowFtkiJ,Lucknow Division,immunization,"% of children received full immunization (BCG, Penta 1, 2, 3, Measles)",7,100.0,2,coverage,2024,516,60
Hergaon,nwuxQQpdi7D,p,2023-07-01,Sitapur,XxaOowFtkiJ,Lucknow Division,delivery_care,% of pregnant women delivered in institution against estimated delivery,2,59.122873825844145,2,coverage,2024,815,60
Hergaon,nwuxQQpdi7D,p,2023-07-01,Sitapur,XxaOowFtkiJ,Lucknow Division,immunization,"% of children received full immunization (BCG, Penta 1, 2, 3, Measles)",7,96.05128205128204,2,coverage,2024,815,60
Kasmanda,E8Ds6nIiHXM,p,2023-07-01,Sitapur,XxaOowFtkiJ,Lucknow Division,delivery_care,% of pregnant women delivered in institution against estimated delivery,2,74.1907514450867,2,coverage,2024,560,60
Kasmanda,E8Ds6nIiHXM,p,2023-07-01,Sitapur,XxaOowFtkiJ,Lucknow Division,immunization,"% of children received full immunization (BCG, Penta 1, 2, 3, Measles)",7,72.04787622244929,2,coverage,2024,560,60
Bilsanda,GHjV9QTEXyn,p,2023-07-01,Pilibhit,c96jwckSd6j,Bareilly Division,delivery_care,% of pregnant women delivered in institution against estimated delivery,2,61.79545454545454,2,coverage,2024,566,29
Bilsanda,GHjV9QTEXyn,p,2023-07-01,Pilibhit,c96jwckSd6j,Bareilly Division,immunization,"% of children received full immunization (BCG, Penta 1, 2, 3, Measles)",7,96.73202614379083,2,coverage,2024,566,29
Barkhera,aP18Pdo2sLv,p,2023-07-01,Pilibhit,c96jwckSd6j,Bareilly Division,delivery_care,% of pregnant women delivered in institution against estimated delivery,2,75.65753424657531,2,coverage,2024,771,29
Barkhera,aP18Pdo2sLv,p,2023-07-01,Pilibhit,c96jwckSd6j,Bareilly Division,immunization,"% of children received full immunization (BCG, Penta 1, 2, 3, Measles)",7,100.0,2,coverage,2024,771,29
Bisalpur,cCWLrzUi4yN,p,2023-07-01,Pilibhit,c96jwckSd6j,Bareilly Division,delivery_care,% of pregnant women delivered in institution against estimated delivery,2,72.72241704882656,2,coverage,2024,417,29
Bisalpur,cCWLrzUi4yN,p,2023-07-01,Pilibhit,c96jwckSd6j,Bareilly Division,immunization,"% of children received full immunization (BCG, Penta 1, 2, 3, Measles)",7,100.0,2,coverage,2024,417,29
Pilibhit DHQ,Ez4mS8TGHyp,p,2023-07-01,Pilibhit,c96jwckSd6j,Bareilly Division,delivery_care,% of pregnant women delivered in institution against estimated delivery,2,100.0,2,coverage,2024,866,29
Pilibhit DHQ,Ez4mS8TGHyp,p,2023-07-01,Pilibhit,c96jwckSd6j,Bareilly Division,immunization,"% of children received full immunization (BCG, Penta 1, 2, 3, Measles)",7,92.14982042072857,2,coverage,2024,866,29
Amaria,uIkxxtBPd1K,p,2023-07-01,Pilibhit,c96jwckSd6j,Bareilly Division,delivery_care,% of pregnant women delivered in institution against estimated delivery,2,65.67538322813346,2,coverage,2024,97,29
Amaria,uIkxxtBPd1K,p,2023-07-01,Pilibhit,c96jwckSd6j,Bareilly Division,immunization,"% of children received full immunization (BCG, Penta 1, 2, 3, Measles)",7,89.46135831381733,2,coverage,2024,97,29
Puranpur,WQzG2MmpgAg,p,2023-07-01,Pilibhit,c96jwckSd6j,Bareilly Division,delivery_care,% of pregnant women delivered in institution against estimated delivery,2,60.45619745050178,2,coverage,2024,324,29
Puranpur,WQzG2MmpgAg,p,2023-07-01,Pilibhit,c96jwckSd6j,Bareilly Division,immunization,"% of children received full immunization (BCG, Penta 1, 2, 3, Measles)",7,100.0,2,coverage,2024,324,29
Lalaurikhera,BwBmhT0ClWR,p,2023-07-01,Pilibhit,c96jwckSd6j,Bareilly Division,delivery_care,% of pregnant women delivered in institution against estimated delivery,2,64.69820380579762,2,coverage,2024,549,29
Lalaurikhera,BwBmhT0ClWR,p,2023-07-01,Pilibhit,c96jwckSd6j,Bareilly Division,immunization,"% of children received full immunization (BCG, Penta 1, 2, 3, Measles)",7,100.0,2,coverage,2024,549,29
Marouri,B6BzDe4ryaa,p,2023-07-01,Pilibhit,c96jwckSd6j,Bareilly Division,delivery_care,% of pregnant women delivered in institution against estimated delivery,2,61.46576879910214,2,coverage,2024,92,29
Marouri,B6BzDe4ryaa,p,2023-07-01,Pilibhit,c96jwckSd6j,Bareilly Division,immunization,"% of children received full immunization (BCG, Penta 1, 2, 3, Measles)",7,100.0,2,coverage,2024,92,29
Sahabganj,Aq89pvDpWBA,p,2023-07-01,Chandauli,ClbehnmwSec,Varanasi Division,delivery_care,% of pregnant women delivered in institution against estimated delivery,2,86.04568527918781,2,coverage,2024,365,61
Sahabganj,Aq89pvDpWBA,p,2023-07-01,Chandauli,ClbehnmwSec,Varanasi Division,immunization,"% of children received full immunization (BCG, Penta 1, 2, 3, Measles)",7,100.0,2,coverage,2024,365,61
Dhanapur,F1Ddi7jawvX,p,2023-07-01,Chandauli,ClbehnmwSec,Varanasi Division,delivery_care,% of pregnant women delivered in institution against estimated delivery,2,80.23098995695841,2,coverage,2024,203,61
Dhanapur,F1Ddi7jawvX,p,2023-07-01,Chandauli,ClbehnmwSec,Varanasi Division,immunization,"% of children received full immunization (BCG, Penta 1, 2, 3, Measles)",7,95.1166497609042,2,coverage,2024,203,61
Niyamtabad,FyHWyWYiq51,p,2023-07-01,Chandauli,ClbehnmwSec,Varanasi Division,delivery_care,% of pregnant women delivered in institution against estimated delivery,2,70.06070287539936,2,coverage,2024,552,61
Niyamtabad,FyHWyWYiq51,p,2023-07-01,Chandauli,ClbehnmwSec,Varanasi Division,immunization,"% of children received full immunization (BCG, Penta 1, 2, 3, Measles)",7,100.0,2,coverage,2024,552,61
Chaniya,P0KHYXl7qFF,p,2023-07-01,Chandauli,ClbehnmwSec,Varanasi Division,delivery_care,% of pregnant women delivered in institution against estimated delivery,2,74.55609167671892,2,coverage,2024,224,61
Chaniya,P0KHYXl7qFF,p,2023-07-01,Chandauli,ClbehnmwSec,Varanasi Division,immunization,"% of children received full immunization (BCG, Penta 1, 2, 3, Measles)",7,99.649763971372,2,coverage,2024,224,61
Chandauli,QglkJx8TDdn,p,2023-07-01,Chandauli,ClbehnmwSec,Varanasi Division,delivery_care,% of pregnant women delivered in institution against estimated delivery,2,64.85185185185185,2,coverage,2024,211,61
Chandauli,QglkJx8TDdn,p,2023-07-01,Chandauli,ClbehnmwSec,Varanasi Division,immunization,"% of children received full immunization (BCG, Penta 1, 2, 3, Measles)",7,85.34402137608552,2,coverage,2024,211,61
Chandauli DHQ,kqqVceYxMn2,p,2023-07-01,Chandauli,ClbehnmwSec,Varanasi Division,delivery_care,% of pregnant women delivered in institution against estimated delivery,2,100.0,2,coverage,2024,792,61
Chandauli DHQ,kqqVceYxMn2,p,2023-07-01,Chandauli,ClbehnmwSec,Varanasi Division,immunization,"% of children received full immunization (BCG, Penta 1, 2, 3, Measles)",7,83.63486842105263,2,coverage,2024,792,61
Sakaldeeha,J2ufTjaikuE,p,2023-07-01,Chandauli,ClbehnmwSec,Varanasi Division,delivery_care,% of pregnant women delivered in institution against estimated delivery,2,75.1310471524801,2,coverage,2024,808,61
Sakaldeeha,J2ufTjaikuE,p,2023-07-01,Chandauli,ClbehnmwSec,Varanasi Division,immunization,"% of children received full immunization (BCG, Penta 1, 2, 3, Measles)",7,98.91142998515586,2,coverage,2024,808,61
Chakiya,VpPC8KPVwrC,p,2023-07-01,Chandauli,ClbehnmwSec,Varanasi Division,delivery_care,% of pregnant women delivered in institution against estimated delivery,2,78.15497553017943,2,coverage,2024,713,61
Chakiya,VpPC8KPVwrC,p,2023-07-01,Chandauli,ClbehnmwSec,Varanasi Division,immunization,"% of children received full immunization (BCG, Penta 1, 2, 3, Measles)",7,100.0,2,coverage,2024,713,61
Naugarh,UuA1Z7kFP5w,p,2023-07-01,Chandauli,ClbehnmwSec,Varanasi Division,delivery_care,% of pregnant women delivered in institution against estimated delivery,2,89.36645962732919,2,coverage,2024,690,61
Naugarh,UuA1Z7kFP5w,p,2023-07-01,Chandauli,ClbehnmwSec,Varanasi Division,immunization,"% of children received full immunization (BCG, Penta 1, 2, 3, Measles)",7,100.0,2,coverage,2024,690,61
Barhani,kneJKc3fNtp,p,2023-07-01,Chandauli,ClbehnmwSec,Varanasi Division,delivery_care,% of pregnant women delivered in institution against estimated delivery,2,83.50825921219824,2,coverage,2024,837,61
Barhani,kneJKc3fNtp,p,2023-07-01,Chandauli,ClbehnmwSec,Varanasi Division,immunization,"% of children received full immunization (BCG, Penta 1, 2, 3, Measles)",7,97.08052614693615,2,coverage,2024,837,61
Saidnagar,Afucmep9Fdq,p,2023-07-01,Rampur,IU006h5U7jj,Moradabad Division,delivery_care,% of pregnant women delivered in institution against estimated delivery,2,36.81656459609216,2,coverage,2024,742,26
Saidnagar,Afucmep9Fdq,p,2023-07-01,Rampur,IU006h5U7jj,Moradabad Division,immunization,"% of children received full immunization (BCG, Penta 1, 2, 3, Measles)",7,100.0,2,coverage,2024,742,26
Milak,TLMPAZhmOLv,p,2023-07-01,Rampur,IU006h5U7jj,Moradabad Division,delivery_care,% of pregnant women delivered in institution against estimated delivery,2,88.72421635518639,2,coverage,2024,362,26
Milak,TLMPAZhmOLv,p,2023-07-01,Rampur,IU006h5U7jj,Moradabad Division,immunization,"% of children received full immunization (BCG, Penta 1, 2, 3, Measles)",7,98.47198641765705,2,coverage,2024,362,26
Bilaspur,DNtrijn28qb,p,2023-07-01,Rampur,IU006h5U7jj,Moradabad Division,delivery_care,% of pregnant women delivered in institution against estimated delivery,2,67.62072294325861,2,coverage,2024,488,26
Bilaspur,DNtrijn28qb,p,2023-07-01,Rampur,IU006h5U7jj,Moradabad Division,immunization,"% of children received full immunization (BCG, Penta 1, 2, 3, Measles)",7,100.0,2,coverage,2024,488,26
Rampur DHQ,TfKrN4hWv8C,p,2023-07-01,Rampur,IU006h5U7jj,Moradabad Division,delivery_care,% of pregnant women delivered in institution against estimated delivery,2,57.93638448499353,2,coverage,2024,673,26
Rampur DHQ,TfKrN4hWv8C,p,2023-07-01,Rampur,IU006h5U7jj,Moradabad Division,immunization,"% of children received full immunization (BCG, Penta 1, 2, 3, Measles)",7,100.0,2,coverage,2024,673,26
Swar,nwSfqFHkPxa,p,2023-07-01,Rampur,IU006h5U7jj,Moradabad Division,delivery_care,% of pregnant women delivered in institution against estimated delivery,2,62.18408736349454,2,coverage,2024,195,26
Swar,nwSfqFHkPxa,p,2023-07-01,Rampur,IU006h5U7jj,Moradabad Division,immunization,"% of children received full immunization (BCG, Penta 1, 2, 3, Measles)",7,82.61691667717132,2,coverage,2024,195,26
Shahbad,Bgu9MPGC8NW,p,2023-07-01,Rampur,IU006h5U7jj,Moradabad Division,delivery_care,% of pregnant women delivered in institution against estimated delivery,2,77.55649320206281,2,coverage,2024,618,26
Shahbad,Bgu9MPGC8NW,p,2023-07-01,Rampur,IU006h5U7jj,Moradabad Division,immunization,"% of children received full immunization (BCG, Penta 1, 2, 3, Measles)",7,100.0,2,coverage,2024,618,26
Chamraua,zph89qUJBah,p,2023-07-01,Rampur,IU006h5U7jj,Moradabad Division,delivery_care,% of pregnant women delivered in institution against estimated delivery,2,56.75814799272625,2,coverage,2024,22,26
Chamraua,zph89qUJBah,p,2023-07-01,Rampur,IU006h5U7jj,Moradabad Division,immunization,"% of children received full immunization (BCG, Penta 1, 2, 3, Measles)",7,100.0,2,coverage,2024,22,26
Manikpur,lNpqSHtjFu3,p,2023-07-01,Chitrakoot,i2fSZZ3QAJJ,Chitrakoot Division,delivery_care,% of pregnant women delivered in institution against estimated delivery,2,73.82810685249709,2,coverage,2024,349,38
Manikpur,lNpqSHtjFu3,p,2023-07-01,Chitrakoot,i2fSZZ3QAJJ,Chitrakoot Division,immunization,"% of children received full immunization (BCG, Penta 1, 2, 3, Measles)",7,100.0,2,coverage,2024,349,38
Pahari,Xj8oMwQWDUl,p,2023-07-01,Chitrakoot,i2fSZZ3QAJJ,Chitrakoot Division,delivery_care,% of pregnant women delivered in institution against estimated delivery,2,76.44932764840931,2,coverage,2024,161,38
Pahari,Xj8oMwQWDUl,p,2023-07-01,Chitrakoot,i2fSZZ3QAJJ,Chitrakoot Division,immunization,"% of children received full immunization (BCG, Penta 1, 2, 3, Measles)",7,100.0,2,coverage,2024,161,38
Ramnagar Chitrakoot,QRMxe3qUWkI,p,2023-07-01,Chitrakoot,i2fSZZ3QAJJ,Chitrakoot Division,delivery_care,% of pregnant women delivered in institution against estimated delivery,2,100.0,2,coverage,2024,331,38
Ramnagar Chitrakoot,QRMxe3qUWkI,p,2023-07-01,Chitrakoot,i2fSZZ3QAJJ,Chitrakoot Division,immunization,"% of children received full immunization (BCG, Penta 1, 2, 3, Measles)",7,100.0,2,coverage,2024,331,38
Chitrakoot DHQ,kuE3K1lT4Ik,p,2023-07-01,Chitrakoot,i2fSZZ3QAJJ,Chitrakoot Division,delivery_care,% of pregnant women delivered in institution against estimated delivery,2,100.0,2,coverage,2024,233,38
Chitrakoot DHQ,kuE3K1lT4Ik,p,2023-07-01,Chitrakoot,i2fSZZ3QAJJ,Chitrakoot Division,immunization,"% of children received full immunization (BCG, Penta 1, 2, 3, Measles)",7,100.0,2,coverage,2024,233,38
Mau,RMNCveuyYds,p,2023-07-01,Chitrakoot,i2fSZZ3QAJJ,Chitrakoot Division,delivery_care,% of pregnant women delivered in institution against estimated delivery,2,80.01696222050886,2,coverage,2024,562,38
Mau,RMNCveuyYds,p,2023-07-01,Chitrakoot,i2fSZZ3QAJJ,Chitrakoot Division,immunization,"% of children received full immunization (BCG, Penta 1, 2, 3, Measles)",7,91.97819314641744,2,coverage,2024,562,38
Chitrakootdham Karwi,csfXDnN3Xo3,p,2023-07-01,Chitrakoot,i2fSZZ3QAJJ,Chitrakoot Division,delivery_care,% of pregnant women delivered in institution against estimated delivery,2,72.63163426169207,2,coverage,2024,83,38
Chitrakootdham Karwi,csfXDnN3Xo3,p,2023-07-01,Chitrakoot,i2fSZZ3QAJJ,Chitrakoot Division,immunization,"% of children received full immunization (BCG, Penta 1, 2, 3, Measles)",7,100.0,2,coverage,2024,83,38
Nawabganj ,s5vWj2I9NyF,p,2023-07-01,Farrukhabad,uEEwlAGZXWW,Kanpur Nagar Division,delivery_care,% of pregnant women delivered in institution against estimated delivery,2,58.75192604006163,2,coverage,2024,718,49
Nawabganj ,s5vWj2I9NyF,p,2023-07-01,Farrukhabad,uEEwlAGZXWW,Kanpur Nagar Division,immunization,"% of children received full immunization (BCG, Penta 1, 2, 3, Measles)",7,95.15658432211632,2,coverage,2024,718,49
Baraun,XIqs5K6oAlM,p,2023-07-01,Farrukhabad,uEEwlAGZXWW,Kanpur Nagar Division,delivery_care,% of pregnant women delivered in institution against estimated delivery,2,63.2882414151925,2,coverage,2024,346,49
Baraun,XIqs5K6oAlM,p,2023-07-01,Farrukhabad,uEEwlAGZXWW,Kanpur Nagar Division,immunization,"% of children received full immunization (BCG, Penta 1, 2, 3, Measles)",7,100.0,2,coverage,2024,346,49
Mohamudabad,grxxI8LtNsw,p,2023-07-01,Farrukhabad,uEEwlAGZXWW,Kanpur Nagar Division,delivery_care,% of pregnant women delivered in institution against estimated delivery,2,50.976430976430976,2,coverage,2024,379,49
Mohamudabad,grxxI8LtNsw,p,2023-07-01,Farrukhabad,uEEwlAGZXWW,Kanpur Nagar Division,immunization,"% of children received full immunization (BCG, Penta 1, 2, 3, Measles)",7,83.33711176603946,2,coverage,2024,379,49
Farrukhabad  DHQ,pAJMw6V9F29,p,2023-07-01,Farrukhabad,uEEwlAGZXWW,Kanpur Nagar Division,delivery_care,% of pregnant women delivered in institution against estimated delivery,2,72.1684210526316,2,coverage,2024,636,49
Farrukhabad  DHQ,pAJMw6V9F29,p,2023-07-01,Farrukhabad,uEEwlAGZXWW,Kanpur Nagar Division,immunization,"% of children received full immunization (BCG, Penta 1, 2, 3, Measles)",7,100.0,2,coverage,2024,636,49
Kamalganj,xmoNxfjNe2l,p,2023-07-01,Farrukhabad,uEEwlAGZXWW,Kanpur Nagar Division,delivery_care,% of pregnant women delivered in institution against estimated delivery,2,67.0870086028531,2,coverage,2024,338,49
Kamalganj,xmoNxfjNe2l,p,2023-07-01,Farrukhabad,uEEwlAGZXWW,Kanpur Nagar Division,immunization,"% of children received full immunization (BCG, Penta 1, 2, 3, Measles)",7,100.0,2,coverage,2024,338,49
Samsabad,istRPh0AKbM,p,2023-07-01,Farrukhabad,uEEwlAGZXWW,Kanpur Nagar Division,delivery_care,% of pregnant women delivered in institution against estimated delivery,2,43.1034959237253,2,coverage,2024,563,49
Samsabad,istRPh0AKbM,p,2023-07-01,Farrukhabad,uEEwlAGZXWW,Kanpur Nagar Division,immunization,"% of children received full immunization (BCG, Penta 1, 2, 3, Measles)",7,96.34384593915712,2,coverage,2024,563,49
Kayamganj,vJadmkIZlfo,p,2023-07-01,Farrukhabad,uEEwlAGZXWW,Kanpur Nagar Division,delivery_care,% of pregnant women delivered in institution against estimated delivery,2,98.4869976359338,2,coverage,2024,138,49
Kayamganj,vJadmkIZlfo,p,2023-07-01,Farrukhabad,uEEwlAGZXWW,Kanpur Nagar Division,immunization,"% of children received full immunization (BCG, Penta 1, 2, 3, Measles)",7,90.77235287095621,2,coverage,2024,138,49
Rajapur ,nU3oS2SGD3b,p,2023-07-01,Farrukhabad,uEEwlAGZXWW,Kanpur Nagar Division,delivery_care,% of pregnant women delivered in institution against estimated delivery,2,68.98098989553006,2,coverage,2024,841,49
Rajapur ,nU3oS2SGD3b,p,2023-07-01,Farrukhabad,uEEwlAGZXWW,Kanpur Nagar Division,immunization,"% of children received full immunization (BCG, Penta 1, 2, 3, Measles)",7,78.31200276720858,2,coverage,2024,841,49
Paniyara,k0SXa6DYHlU,p,2023-07-01,Maharajganj,AcnMkNGgc3S,Gorakhpur Division,delivery_care,% of pregnant women delivered in institution against estimated delivery,2,54.119412941961315,2,coverage,2024,12,10
Paniyara,k0SXa6DYHlU,p,2023-07-01,Maharajganj,AcnMkNGgc3S,Gorakhpur Division,immunization,"% of children received full immunization (BCG, Penta 1, 2, 3, Measles)",7,82.306966716076,2,coverage,2024,12,10
Dhani,m89LQqFOgTd,p,2023-07-01,Maharajganj,AcnMkNGgc3S,Gorakhpur Division,delivery_care,% of pregnant women delivered in institution against estimated delivery,2,86.87499999999999,2,coverage,2024,670,10
Dhani,m89LQqFOgTd,p,2023-07-01,Maharajganj,AcnMkNGgc3S,Gorakhpur Division,immunization,"% of children received full immunization (BCG, Penta 1, 2, 3, Measles)",7,100.0,2,coverage,2024,670,10
Naothnawan,pK8QXOdmwvY,p,2023-07-01,Maharajganj,AcnMkNGgc3S,Gorakhpur Division,delivery_care,% of pregnant women delivered in institution against estimated delivery,2,49.8314606741573,2,coverage,2024,248,10
Naothnawan,pK8QXOdmwvY,p,2023-07-01,Maharajganj,AcnMkNGgc3S,Gorakhpur Division,immunization,"% of children received full immunization (BCG, Penta 1, 2, 3, Measles)",7,96.29084795628874,2,coverage,2024,248,10
Lachmipur,fnVx6XeAGvW,p,2023-07-01,Maharajganj,AcnMkNGgc3S,Gorakhpur Division,delivery_care,% of pregnant women delivered in institution against estimated delivery,2,58.548174509028605,2,coverage,2024,529,10
Lachmipur,fnVx6XeAGvW,p,2023-07-01,Maharajganj,AcnMkNGgc3S,Gorakhpur Division,immunization,"% of children received full immunization (BCG, Penta 1, 2, 3, Measles)",7,93.3972310969116,2,coverage,2024,529,10
Nichlol,WFDYOeK31Ef,p,2023-07-01,Maharajganj,AcnMkNGgc3S,Gorakhpur Division,delivery_care,% of pregnant women delivered in institution against estimated delivery,2,58.76083188908146,2,coverage,2024,119,10
Nichlol,WFDYOeK31Ef,p,2023-07-01,Maharajganj,AcnMkNGgc3S,Gorakhpur Division,immunization,"% of children received full immunization (BCG, Penta 1, 2, 3, Measles)",7,85.98621595011488,2,coverage,2024,119,10
Feranda,PgG4CRGzrlZ,p,2023-07-01,Maharajganj,AcnMkNGgc3S,Gorakhpur Division,delivery_care,% of pregnant women delivered in institution against estimated delivery,2,54.35822802782905,2,coverage,2024,845,10
Feranda,PgG4CRGzrlZ,p,2023-07-01,Maharajganj,AcnMkNGgc3S,Gorakhpur Division,immunization,"% of children received full immunization (BCG, Penta 1, 2, 3, Measles)",7,100.0,2,coverage,2024,845,10
Maharajganj DHQ,entrhoaBv1i,p,2023-07-01,Maharajganj,AcnMkNGgc3S,Gorakhpur Division,delivery_care,% of pregnant women delivered in institution against estimated delivery,2,25.507880910683014,2,coverage,2024,336,10
Maharajganj DHQ,entrhoaBv1i,p,2023-07-01,Maharajganj,AcnMkNGgc3S,Gorakhpur Division,immunization,"% of children received full immunization (BCG, Penta 1, 2, 3, Measles)",7,95.49071618037136,2,coverage,2024,336,10
Maharajganj,d5GGshi37vh,p,2023-07-01,Maharajganj,AcnMkNGgc3S,Gorakhpur Division,delivery_care,% of pregnant women delivered in institution against estimated delivery,2,82.87452677122768,2,coverage,2024,696,10
Maharajganj,d5GGshi37vh,p,2023-07-01,Maharajganj,AcnMkNGgc3S,Gorakhpur Division,immunization,"% of children received full immunization (BCG, Penta 1, 2, 3, Measles)",7,100.0,2,coverage,2024,696,10
Barzmanganj,arETnjnVPdJ,p,2023-07-01,Maharajganj,AcnMkNGgc3S,Gorakhpur Division,delivery_care,% of pregnant women delivered in institution against estimated delivery,2,55.669313669880886,2,coverage,2024,805,10
Barzmanganj,arETnjnVPdJ,p,2023-07-01,Maharajganj,AcnMkNGgc3S,Gorakhpur Division,immunization,"% of children received full immunization (BCG, Penta 1, 2, 3, Measles)",7,100.0,2,coverage,2024,805,10
Partawal,rslNb3Z3IB9,p,2023-07-01,Maharajganj,AcnMkNGgc3S,Gorakhpur Division,delivery_care,% of pregnant women delivered in institution against estimated delivery,2,54.56538029224429,2,coverage,2024,192,10
Partawal,rslNb3Z3IB9,p,2023-07-01,Maharajganj,AcnMkNGgc3S,Gorakhpur Division,immunization,"% of children received full immunization (BCG, Penta 1, 2, 3, Measles)",7,99.44500504540869,2,coverage,2024,192,10
Ghughali,pNfKKA9YCVD,p,2023-07-01,Maharajganj,AcnMkNGgc3S,Gorakhpur Division,delivery_care,% of pregnant women delivered in institution against estimated delivery,2,56.880116186955384,2,coverage,2024,731,10
Ghughali,pNfKKA9YCVD,p,2023-07-01,Maharajganj,AcnMkNGgc3S,Gorakhpur Division,immunization,"% of children received full immunization (BCG, Penta 1, 2, 3, Measles)",7,86.09147886384851,2,coverage,2024,731,10
Siswa,hm9hIxLNVN8,p,2023-07-01,Maharajganj,AcnMkNGgc3S,Gorakhpur Division,delivery_care,% of pregnant women delivered in institution against estimated delivery,2,68.78768020969855,2,coverage,2024,767,10
Siswa,hm9hIxLNVN8,p,2023-07-01,Maharajganj,AcnMkNGgc3S,Gorakhpur Division,immunization,"% of children received full immunization (BCG, Penta 1, 2, 3, Measles)",7,79.41760423560555,2,coverage,2024,767,10
Mithora,YhzzNFiy1cg,p,2023-07-01,Maharajganj,AcnMkNGgc3S,Gorakhpur Division,delivery_care,% of pregnant women delivered in institution against estimated delivery,2,52.48339572515396,2,coverage,2024,615,10
Mithora,YhzzNFiy1cg,p,2023-07-01,Maharajganj,AcnMkNGgc3S,Gorakhpur Division,immunization,"% of children received full immunization (BCG, Penta 1, 2, 3, Measles)",7,100.0,2,coverage,2024,615,10
Meerut Rohta,nSWcYd5JkhS,p,2023-07-01,Meerut,v8YGmR7nOdj,Meerut Division,delivery_care,% of pregnant women delivered in institution against estimated delivery,2,88.729216152019,2,coverage,2024,217,30
Meerut Rohta,nSWcYd5JkhS,p,2023-07-01,Meerut,v8YGmR7nOdj,Meerut Division,immunization,"% of children received full immunization (BCG, Penta 1, 2, 3, Measles)",7,100.0,2,coverage,2024,217,30
Meerut DHQ,yzzRWFcfXzt,p,2023-07-01,Meerut,v8YGmR7nOdj,Meerut Division,delivery_care,% of pregnant women delivered in institution against estimated delivery,2,81.13571799115634,2,coverage,2024,275,30
Meerut DHQ,yzzRWFcfXzt,p,2023-07-01,Meerut,v8YGmR7nOdj,Meerut Division,immunization,"% of children received full immunization (BCG, Penta 1, 2, 3, Measles)",7,100.0,2,coverage,2024,275,30
Meerut Parikshatgarh,oNOcph5dm8a,p,2023-07-01,Meerut,v8YGmR7nOdj,Meerut Division,delivery_care,% of pregnant women delivered in institution against estimated delivery,2,69.51787648970748,2,coverage,2024,772,30
Meerut Parikshatgarh,oNOcph5dm8a,p,2023-07-01,Meerut,v8YGmR7nOdj,Meerut Division,immunization,"% of children received full immunization (BCG, Penta 1, 2, 3, Measles)",7,100.0,2,coverage,2024,772,30
Meerut MAWANA,zoMU7oDZFvZ,p,2023-07-01,Meerut,v8YGmR7nOdj,Meerut Division,delivery_care,% of pregnant women delivered in institution against estimated delivery,2,100.0,2,coverage,2024,509,30
Meerut MAWANA,zoMU7oDZFvZ,p,2023-07-01,Meerut,v8YGmR7nOdj,Meerut Division,immunization,"% of children received full immunization (BCG, Penta 1, 2, 3, Measles)",7,60.90437361008154,2,coverage,2024,509,30
Meerut Hastinapur,MK6uVgXBbvK,p,2023-07-01,Meerut,v8YGmR7nOdj,Meerut Division,delivery_care,% of pregnant women delivered in institution against estimated delivery,2,71.89025731251374,2,coverage,2024,59,30
Meerut Hastinapur,MK6uVgXBbvK,p,2023-07-01,Meerut,v8YGmR7nOdj,Meerut Division,immunization,"% of children received full immunization (BCG, Penta 1, 2, 3, Measles)",7,89.38249666814751,2,coverage,2024,59,30
Meerut Daurala,adk9clLdGC3,p,2023-07-01,Meerut,v8YGmR7nOdj,Meerut Division,delivery_care,% of pregnant women delivered in institution against estimated delivery,2,83.54973424449506,2,coverage,2024,589,30
Meerut Daurala,adk9clLdGC3,p,2023-07-01,Meerut,v8YGmR7nOdj,Meerut Division,immunization,"% of children received full immunization (BCG, Penta 1, 2, 3, Measles)",7,95.32208588957054,2,coverage,2024,589,30
Meerut Kharkhoda,KHpYLDYW8Pp,p,2023-07-01,Meerut,v8YGmR7nOdj,Meerut Division,delivery_care,% of pregnant women delivered in institution against estimated delivery,2,88.14692425012709,2,coverage,2024,99,30
Meerut Kharkhoda,KHpYLDYW8Pp,p,2023-07-01,Meerut,v8YGmR7nOdj,Meerut Division,immunization,"% of children received full immunization (BCG, Penta 1, 2, 3, Measles)",7,100.0,2,coverage,2024,99,30
Meerut Sardhana,zpWs8PEVrYv,p,2023-07-01,Meerut,v8YGmR7nOdj,Meerut Division,delivery_care,% of pregnant women delivered in institution against estimated delivery,2,99.70707411784569,2,coverage,2024,289,30
Meerut Sardhana,zpWs8PEVrYv,p,2023-07-01,Meerut,v8YGmR7nOdj,Meerut Division,immunization,"% of children received full immunization (BCG, Penta 1, 2, 3, Measles)",7,77.69440654843109,2,coverage,2024,289,30
Meerut Saroorpur,cRH5g6dZ1xf,p,2023-07-01,Meerut,v8YGmR7nOdj,Meerut Division,delivery_care,% of pregnant women delivered in institution against estimated delivery,2,99.47852760736194,2,coverage,2024,3,30
Meerut Saroorpur,cRH5g6dZ1xf,p,2023-07-01,Meerut,v8YGmR7nOdj,Meerut Division,immunization,"% of children received full immunization (BCG, Penta 1, 2, 3, Measles)",7,100.0,2,coverage,2024,3,30
Meerut MEERUT,FX5OPO64IaR,p,2023-07-01,Meerut,v8YGmR7nOdj,Meerut Division,delivery_care,% of pregnant women delivered in institution against estimated delivery,2,100.0,2,coverage,2024,367,30
Meerut MEERUT,FX5OPO64IaR,p,2023-07-01,Meerut,v8YGmR7nOdj,Meerut Division,immunization,"% of children received full immunization (BCG, Penta 1, 2, 3, Measles)",7,100.0,2,coverage,2024,367,30
Meerut Jani Khurd,Sl9Xsytpbd8,p,2023-07-01,Meerut,v8YGmR7nOdj,Meerut Division,delivery_care,% of pregnant women delivered in institution against estimated delivery,2,79.9372707971434,2,coverage,2024,156,30
Meerut Jani Khurd,Sl9Xsytpbd8,p,2023-07-01,Meerut,v8YGmR7nOdj,Meerut Division,immunization,"% of children received full immunization (BCG, Penta 1, 2, 3, Measles)",7,100.0,2,coverage,2024,156,30
Meerut Rajpura,Vqeqm6XaBle,p,2023-07-01,Meerut,v8YGmR7nOdj,Meerut Division,delivery_care,% of pregnant women delivered in institution against estimated delivery,2,76.56079854809438,2,coverage,2024,134,30
Meerut Rajpura,Vqeqm6XaBle,p,2023-07-01,Meerut,v8YGmR7nOdj,Meerut Division,immunization,"% of children received full immunization (BCG, Penta 1, 2, 3, Measles)",7,92.24564619615032,2,coverage,2024,134,30
Meerut Machra,qeUdKRqslg0,p,2023-07-01,Meerut,v8YGmR7nOdj,Meerut Division,delivery_care,% of pregnant women delivered in institution against estimated delivery,2,68.9214591475898,2,coverage,2024,95,30
Meerut Machra,qeUdKRqslg0,p,2023-07-01,Meerut,v8YGmR7nOdj,Meerut Division,immunization,"% of children received full immunization (BCG, Penta 1, 2, 3, Measles)",7,100.0,2,coverage,2024,95,30
C S M Nagar Gauriganj,WM5EPg47DVT,p,2023-07-01,Amethi,StsLkYw1G0m,Ayodhya Division,delivery_care,% of pregnant women delivered in institution against estimated delivery,2,56.50505574280529,2,coverage,2024,824,75
C S M Nagar Gauriganj,WM5EPg47DVT,p,2023-07-01,Amethi,StsLkYw1G0m,Ayodhya Division,immunization,"% of children received full immunization (BCG, Penta 1, 2, 3, Measles)",7,97.61717727153706,2,coverage,2024,824,75
C S M Nagar Bazar Shukul,HZYH9FeKSbz,p,2023-07-01,Amethi,StsLkYw1G0m,Ayodhya Division,delivery_care,% of pregnant women delivered in institution against estimated delivery,2,91.27307146237577,2,coverage,2024,697,75
C S M Nagar Bazar Shukul,HZYH9FeKSbz,p,2023-07-01,Amethi,StsLkYw1G0m,Ayodhya Division,immunization,"% of children received full immunization (BCG, Penta 1, 2, 3, Measles)",7,100.0,2,coverage,2024,697,75
C S M Nagar Singhpur,vlnVnG5JxVJ,p,2023-07-01,Amethi,StsLkYw1G0m,Ayodhya Division,delivery_care,% of pregnant women delivered in institution against estimated delivery,2,71.37614678899081,2,coverage,2024,591,75
C S M Nagar Singhpur,vlnVnG5JxVJ,p,2023-07-01,Amethi,StsLkYw1G0m,Ayodhya Division,immunization,"% of children received full immunization (BCG, Penta 1, 2, 3, Measles)",7,95.44401544401545,2,coverage,2024,591,75
C S M Nagar Sangrampur,KwM7Z0rplba,p,2023-07-01,Amethi,StsLkYw1G0m,Ayodhya Division,delivery_care,% of pregnant women delivered in institution against estimated delivery,2,50.78315980081485,2,coverage,2024,766,75
C S M Nagar Sangrampur,KwM7Z0rplba,p,2023-07-01,Amethi,StsLkYw1G0m,Ayodhya Division,immunization,"% of children received full immunization (BCG, Penta 1, 2, 3, Measles)",7,100.0,2,coverage,2024,766,75
C S M Nagar Jagdishpur,btuo0MWP5ET,p,2023-07-01,Amethi,StsLkYw1G0m,Ayodhya Division,delivery_care,% of pregnant women delivered in institution against estimated delivery,2,99.21081476068687,2,coverage,2024,309,75
C S M Nagar Jagdishpur,btuo0MWP5ET,p,2023-07-01,Amethi,StsLkYw1G0m,Ayodhya Division,immunization,"% of children received full immunization (BCG, Penta 1, 2, 3, Measles)",7,100.0,2,coverage,2024,309,75
C S M Nagar Shahgarh,scpjZUfh7zI,p,2023-07-01,Amethi,StsLkYw1G0m,Ayodhya Division,delivery_care,% of pregnant women delivered in institution against estimated delivery,2,68.24824824824826,2,coverage,2024,135,75
C S M Nagar Shahgarh,scpjZUfh7zI,p,2023-07-01,Amethi,StsLkYw1G0m,Ayodhya Division,immunization,"% of children received full immunization (BCG, Penta 1, 2, 3, Measles)",7,99.64628600303185,2,coverage,2024,135,75
C S M Nagar Fursatganj,j4mknIwFS2j,p,2023-07-01,Amethi,StsLkYw1G0m,Ayodhya Division,delivery_care,% of pregnant women delivered in institution against estimated delivery,2,100.0,2,coverage,2024,896,75
C S M Nagar Fursatganj,j4mknIwFS2j,p,2023-07-01,Amethi,StsLkYw1G0m,Ayodhya Division,immunization,"% of children received full immunization (BCG, Penta 1, 2, 3, Measles)",7,100.0,2,coverage,2024,896,75
C S M Nagar Amethi,myKgoGwviVc,p,2023-07-01,Amethi,StsLkYw1G0m,Ayodhya Division,delivery_care,% of pregnant women delivered in institution against estimated delivery,2,88.44978165938866,2,coverage,2024,358,75
C S M Nagar Amethi,myKgoGwviVc,p,2023-07-01,Amethi,StsLkYw1G0m,Ayodhya Division,immunization,"% of children received full immunization (BCG, Penta 1, 2, 3, Measles)",7,100.0,2,coverage,2024,358,75
C S M Nagar Jamon,R35oHPkysFc,p,2023-07-01,Amethi,StsLkYw1G0m,Ayodhya Division,delivery_care,% of pregnant women delivered in institution against estimated delivery,2,66.41996934530326,2,coverage,2024,456,75
C S M Nagar Jamon,R35oHPkysFc,p,2023-07-01,Amethi,StsLkYw1G0m,Ayodhya Division,immunization,"% of children received full immunization (BCG, Penta 1, 2, 3, Measles)",7,94.11764705882351,2,coverage,2024,456,75
C S M Nagar Tiloi,vRgViyJ0IS6,p,2023-07-01,Amethi,StsLkYw1G0m,Ayodhya Division,delivery_care,% of pregnant women delivered in institution against estimated delivery,2,71.41187925998052,2,coverage,2024,462,75
C S M Nagar Tiloi,vRgViyJ0IS6,p,2023-07-01,Amethi,StsLkYw1G0m,Ayodhya Division,immunization,"% of children received full immunization (BCG, Penta 1, 2, 3, Measles)",7,98.54929923776741,2,coverage,2024,462,75
C S M Nagar Musafirkhana,rpRvuw2Iiug,p,2023-07-01,Amethi,StsLkYw1G0m,Ayodhya Division,delivery_care,% of pregnant women delivered in institution against estimated delivery,2,81.37223122636415,2,coverage,2024,21,75
C S M Nagar Musafirkhana,rpRvuw2Iiug,p,2023-07-01,Amethi,StsLkYw1G0m,Ayodhya Division,immunization,"% of children received full immunization (BCG, Penta 1, 2, 3, Measles)",7,100.0,2,coverage,2024,21,75
C S M Nagar Bhetua,J7htJUPglZb,p,2023-07-01,Amethi,StsLkYw1G0m,Ayodhya Division,delivery_care,% of pregnant women delivered in institution against estimated delivery,2,65.57699308336367,2,coverage,2024,429,75
C S M Nagar Bhetua,J7htJUPglZb,p,2023-07-01,Amethi,StsLkYw1G0m,Ayodhya Division,immunization,"% of children received full immunization (BCG, Penta 1, 2, 3, Measles)",7,93.23529411764706,2,coverage,2024,429,75
C S M Nagar Bhadar,l02BWTHnGkg,p,2023-07-01,Amethi,StsLkYw1G0m,Ayodhya Division,delivery_care,% of pregnant women delivered in institution against estimated delivery,2,75.55219364599094,2,coverage,2024,424,75
C S M Nagar Bhadar,l02BWTHnGkg,p,2023-07-01,Amethi,StsLkYw1G0m,Ayodhya Division,immunization,"% of children received full immunization (BCG, Penta 1, 2, 3, Measles)",7,96.05866177818515,2,coverage,2024,424,75
Block Amroha,o9uEgq78lMK,p,2023-07-01,Amroha,hgquAmZaNBu,Moradabad Division,delivery_care,% of pregnant women delivered in institution against estimated delivery,2,80.51370269308342,2,coverage,2024,703,33
Block Amroha,o9uEgq78lMK,p,2023-07-01,Amroha,hgquAmZaNBu,Moradabad Division,immunization,"% of children received full immunization (BCG, Penta 1, 2, 3, Measles)",7,100.0,2,coverage,2024,703,33
Hasanpur,rWNzTUgiIT6,p,2023-07-01,Amroha,hgquAmZaNBu,Moradabad Division,delivery_care,% of pregnant women delivered in institution against estimated delivery,2,79.94880546075085,2,coverage,2024,732,33
Hasanpur,rWNzTUgiIT6,p,2023-07-01,Amroha,hgquAmZaNBu,Moradabad Division,immunization,"% of children received full immunization (BCG, Penta 1, 2, 3, Measles)",7,84.62781428417537,2,coverage,2024,732,33
Dhanaura,KocU1z4MS42,p,2023-07-01,Amroha,hgquAmZaNBu,Moradabad Division,delivery_care,% of pregnant women delivered in institution against estimated delivery,2,67.73231031543052,2,coverage,2024,30,33
Dhanaura,KocU1z4MS42,p,2023-07-01,Amroha,hgquAmZaNBu,Moradabad Division,immunization,"% of children received full immunization (BCG, Penta 1, 2, 3, Measles)",7,100.0,2,coverage,2024,30,33
Gangeshwari,bkkdTIrC9mc,p,2023-07-01,Amroha,hgquAmZaNBu,Moradabad Division,delivery_care,% of pregnant women delivered in institution against estimated delivery,2,97.2965281730222,2,coverage,2024,518,33
Gangeshwari,bkkdTIrC9mc,p,2023-07-01,Amroha,hgquAmZaNBu,Moradabad Division,immunization,"% of children received full immunization (BCG, Penta 1, 2, 3, Measles)",7,100.0,2,coverage,2024,518,33
Gajraula,F4PpXNqeUpP,p,2023-07-01,Amroha,hgquAmZaNBu,Moradabad Division,delivery_care,% of pregnant women delivered in institution against estimated delivery,2,81.84027321686587,2,coverage,2024,247,33
Gajraula,F4PpXNqeUpP,p,2023-07-01,Amroha,hgquAmZaNBu,Moradabad Division,immunization,"% of children received full immunization (BCG, Penta 1, 2, 3, Measles)",7,100.0,2,coverage,2024,247,33
Amroha DHQ,Ygt5E2MGGWd,p,2023-07-01,Amroha,hgquAmZaNBu,Moradabad Division,delivery_care,% of pregnant women delivered in institution against estimated delivery,2,94.34641964416996,2,coverage,2024,179,33
Amroha DHQ,Ygt5E2MGGWd,p,2023-07-01,Amroha,hgquAmZaNBu,Moradabad Division,immunization,"% of children received full immunization (BCG, Penta 1, 2, 3, Measles)",7,100.0,2,coverage,2024,179,33
Joya,ouPBHlLzBAu,p,2023-07-01,Amroha,hgquAmZaNBu,Moradabad Division,delivery_care,% of pregnant women delivered in institution against estimated delivery,2,76.94219709523345,2,coverage,2024,26,33
Joya,ouPBHlLzBAu,p,2023-07-01,Amroha,hgquAmZaNBu,Moradabad Division,immunization,"% of children received full immunization (BCG, Penta 1, 2, 3, Measles)",7,100.0,2,coverage,2024,26,33
Shivrajpur,krPd5gR8BjY,p,2023-07-01,Kanpur Nagar,QVMRMhzVrrS,Kanpur Nagar Division,delivery_care,% of pregnant women delivered in institution against estimated delivery,2,97.18050541516243,2,coverage,2024,220,65
Shivrajpur,krPd5gR8BjY,p,2023-07-01,Kanpur Nagar,QVMRMhzVrrS,Kanpur Nagar Division,immunization,"% of children received full immunization (BCG, Penta 1, 2, 3, Measles)",7,100.0,2,coverage,2024,220,65
Patara,u5oq1jMz6Kb,p,2023-07-01,Kanpur Nagar,QVMRMhzVrrS,Kanpur Nagar Division,delivery_care,% of pregnant women delivered in institution against estimated delivery,2,70.8444230151077,2,coverage,2024,810,65
Patara,u5oq1jMz6Kb,p,2023-07-01,Kanpur Nagar,QVMRMhzVrrS,Kanpur Nagar Division,immunization,"% of children received full immunization (BCG, Penta 1, 2, 3, Measles)",7,100.0,2,coverage,2024,810,65
Chobeypur,EbQXwXsACBg,p,2023-07-01,Kanpur Nagar,QVMRMhzVrrS,Kanpur Nagar Division,delivery_care,% of pregnant women delivered in institution against estimated delivery,2,100.0,2,coverage,2024,835,65
Chobeypur,EbQXwXsACBg,p,2023-07-01,Kanpur Nagar,QVMRMhzVrrS,Kanpur Nagar Division,immunization,"% of children received full immunization (BCG, Penta 1, 2, 3, Measles)",7,95.81589958158995,2,coverage,2024,835,65
Billahaur,oiZGLrWMq7u,p,2023-07-01,Kanpur Nagar,QVMRMhzVrrS,Kanpur Nagar Division,delivery_care,% of pregnant women delivered in institution against estimated delivery,2,100.0,2,coverage,2024,817,65
Billahaur,oiZGLrWMq7u,p,2023-07-01,Kanpur Nagar,QVMRMhzVrrS,Kanpur Nagar Division,immunization,"% of children received full immunization (BCG, Penta 1, 2, 3, Measles)",7,100.0,2,coverage,2024,817,65
Bidhuna,dbmh0v75n2G,p,2023-07-01,Kanpur Nagar,QVMRMhzVrrS,Kanpur Nagar Division,delivery_care,% of pregnant women delivered in institution against estimated delivery,2,83.86746987951805,2,coverage,2024,436,65
Bidhuna,dbmh0v75n2G,p,2023-07-01,Kanpur Nagar,QVMRMhzVrrS,Kanpur Nagar Division,immunization,"% of children received full immunization (BCG, Penta 1, 2, 3, Measles)",7,100.0,2,coverage,2024,436,65
Ghatampur,ZjM4my40rTY,p,2023-07-01,Kanpur Nagar,QVMRMhzVrrS,Kanpur Nagar Division,delivery_care,% of pregnant women delivered in institution against estimated delivery,2,100.0,2,coverage,2024,527,65
Ghatampur,ZjM4my40rTY,p,2023-07-01,Kanpur Nagar,QVMRMhzVrrS,Kanpur Nagar Division,immunization,"% of children received full immunization (BCG, Penta 1, 2, 3, Measles)",7,95.12054001928641,2,coverage,2024,527,65
Sersoul,o9odKTTIYVk,p,2023-07-01,Kanpur Nagar,QVMRMhzVrrS,Kanpur Nagar Division,delivery_care,% of pregnant women delivered in institution against estimated delivery,2,92.67164179104479,2,coverage,2024,288,65
Sersoul,o9odKTTIYVk,p,2023-07-01,Kanpur Nagar,QVMRMhzVrrS,Kanpur Nagar Division,immunization,"% of children received full immunization (BCG, Penta 1, 2, 3, Measles)",7,97.60914760914758,2,coverage,2024,288,65
Kalyanpur,laYVNN7jnnN,p,2023-07-01,Kanpur Nagar,QVMRMhzVrrS,Kanpur Nagar Division,delivery_care,% of pregnant women delivered in institution against estimated delivery,2,100.0,2,coverage,2024,189,65
Kalyanpur,laYVNN7jnnN,p,2023-07-01,Kanpur Nagar,QVMRMhzVrrS,Kanpur Nagar Division,immunization,"% of children received full immunization (BCG, Penta 1, 2, 3, Measles)",7,100.0,2,coverage,2024,189,65
Kanpur Nagar DHQ,NeyEJQ4zV6i,p,2023-07-01,Kanpur Nagar,QVMRMhzVrrS,Kanpur Nagar Division,delivery_care,% of pregnant women delivered in institution against estimated delivery,2,54.691596805069636,2,coverage,2024,6,65
Kanpur Nagar DHQ,NeyEJQ4zV6i,p,2023-07-01,Kanpur Nagar,QVMRMhzVrrS,Kanpur Nagar Division,immunization,"% of children received full immunization (BCG, Penta 1, 2, 3, Measles)",7,88.31255417027802,2,coverage,2024,6,65
Kakwan,fPJnAq2xoTU,p,2023-07-01,Kanpur Nagar,QVMRMhzVrrS,Kanpur Nagar Division,delivery_care,% of pregnant women delivered in institution against estimated delivery,2,100.0,2,coverage,2024,514,65
Kakwan,fPJnAq2xoTU,p,2023-07-01,Kanpur Nagar,QVMRMhzVrrS,Kanpur Nagar Division,immunization,"% of children received full immunization (BCG, Penta 1, 2, 3, Measles)",7,100.0,2,coverage,2024,514,65
Bheetargaon,prVsNzGqemV,p,2023-07-01,Kanpur Nagar,QVMRMhzVrrS,Kanpur Nagar Division,delivery_care,% of pregnant women delivered in institution against estimated delivery,2,87.89068825910931,2,coverage,2024,829,65
Bheetargaon,prVsNzGqemV,p,2023-07-01,Kanpur Nagar,QVMRMhzVrrS,Kanpur Nagar Division,immunization,"% of children received full immunization (BCG, Penta 1, 2, 3, Measles)",7,97.4918211559433,2,coverage,2024,829,65
Bansgaon,oqobaBlkco3,p,2023-07-01,Gorakhpur,vR85cHdsw1w,Gorakhpur Division,delivery_care,% of pregnant women delivered in institution against estimated delivery,2,43.26139698689102,2,coverage,2024,286,45
Bansgaon,oqobaBlkco3,p,2023-07-01,Gorakhpur,vR85cHdsw1w,Gorakhpur Division,immunization,"% of children received full immunization (BCG, Penta 1, 2, 3, Measles)",7,97.94466403162056,2,coverage,2024,286,45
Pipraich,X9URGLOiulW,p,2023-07-01,Gorakhpur,vR85cHdsw1w,Gorakhpur Division,delivery_care,% of pregnant women delivered in institution against estimated delivery,2,65.86927865250823,2,coverage,2024,278,45
Pipraich,X9URGLOiulW,p,2023-07-01,Gorakhpur,vR85cHdsw1w,Gorakhpur Division,immunization,"% of children received full immunization (BCG, Penta 1, 2, 3, Measles)",7,100.0,2,coverage,2024,278,45
Belghat,l4r3ouFQPZS,p,2023-07-01,Gorakhpur,vR85cHdsw1w,Gorakhpur Division,delivery_care,% of pregnant women delivered in institution against estimated delivery,2,56.54410726887791,2,coverage,2024,683,45
Belghat,l4r3ouFQPZS,p,2023-07-01,Gorakhpur,vR85cHdsw1w,Gorakhpur Division,immunization,"% of children received full immunization (BCG, Penta 1, 2, 3, Measles)",7,93.3000712758375,2,coverage,2024,683,45
Chargawan,X2K6bByVLd2,p,2023-07-01,Gorakhpur,vR85cHdsw1w,Gorakhpur Division,delivery_care,% of pregnant women delivered in institution against estimated delivery,2,60.93066843589318,2,coverage,2024,653,45
Chargawan,X2K6bByVLd2,p,2023-07-01,Gorakhpur,vR85cHdsw1w,Gorakhpur Division,immunization,"% of children received full immunization (BCG, Penta 1, 2, 3, Measles)",7,100.0,2,coverage,2024,653,45
Khajni,i8SnEC5fIxD,p,2023-07-01,Gorakhpur,vR85cHdsw1w,Gorakhpur Division,delivery_care,% of pregnant women delivered in institution against estimated delivery,2,63.65508162190629,2,coverage,2024,791,45
Khajni,i8SnEC5fIxD,p,2023-07-01,Gorakhpur,vR85cHdsw1w,Gorakhpur Division,immunization,"% of children received full immunization (BCG, Penta 1, 2, 3, Measles)",7,90.1418439716312,2,coverage,2024,791,45
Gagaha,aJ8DEEvimsM,p,2023-07-01,Gorakhpur,vR85cHdsw1w,Gorakhpur Division,delivery_care,% of pregnant women delivered in institution against estimated delivery,2,49.19776440240757,2,coverage,2024,778,45
Gagaha,aJ8DEEvimsM,p,2023-07-01,Gorakhpur,vR85cHdsw1w,Gorakhpur Division,immunization,"% of children received full immunization (BCG, Penta 1, 2, 3, Measles)",7,98.80145909327774,2,coverage,2024,778,45
Gorakhpur DHQ,oER6x75izaS,p,2023-07-01,Gorakhpur,vR85cHdsw1w,Gorakhpur Division,delivery_care,% of pregnant women delivered in institution against estimated delivery,2,100.0,2,coverage,2024,567,45
Gorakhpur DHQ,oER6x75izaS,p,2023-07-01,Gorakhpur,vR85cHdsw1w,Gorakhpur Division,immunization,"% of children received full immunization (BCG, Penta 1, 2, 3, Measles)",7,100.0,2,coverage,2024,567,45
Bhathat,kzpItiarBRF,p,2023-07-01,Gorakhpur,vR85cHdsw1w,Gorakhpur Division,delivery_care,% of pregnant women delivered in institution against estimated delivery,2,58.76441192218454,2,coverage,2024,899,45
Bhathat,kzpItiarBRF,p,2023-07-01,Gorakhpur,vR85cHdsw1w,Gorakhpur Division,immunization,"% of children received full immunization (BCG, Penta 1, 2, 3, Measles)",7,83.20115356885364,2,coverage,2024,899,45
Piprauli,cDxHC5dDWRe,p,2023-07-01,Gorakhpur,vR85cHdsw1w,Gorakhpur Division,delivery_care,% of pregnant women delivered in institution against estimated delivery,2,49.40247678018576,2,coverage,2024,164,45
Piprauli,cDxHC5dDWRe,p,2023-07-01,Gorakhpur,vR85cHdsw1w,Gorakhpur Division,immunization,"% of children received full immunization (BCG, Penta 1, 2, 3, Measles)",7,95.04455213381272,2,coverage,2024,164,45
Campierganj,noXyISQsTiJ,p,2023-07-01,Gorakhpur,vR85cHdsw1w,Gorakhpur Division,delivery_care,% of pregnant women delivered in institution against estimated delivery,2,68.35293378565146,2,coverage,2024,81,45
Campierganj,noXyISQsTiJ,p,2023-07-01,Gorakhpur,vR85cHdsw1w,Gorakhpur Division,immunization,"% of children received full immunization (BCG, Penta 1, 2, 3, Measles)",7,73.4517766497462,2,coverage,2024,81,45
Khorabar,Yz8M2ESnoFT,p,2023-07-01,Gorakhpur,vR85cHdsw1w,Gorakhpur Division,delivery_care,% of pregnant women delivered in institution against estimated delivery,2,72.55527410891986,2,coverage,2024,175,45
Khorabar,Yz8M2ESnoFT,p,2023-07-01,Gorakhpur,vR85cHdsw1w,Gorakhpur Division,immunization,"% of children received full immunization (BCG, Penta 1, 2, 3, Measles)",7,99.48830409356724,2,coverage,2024,175,45
Sardar Nagar,plaloKJOZO2,p,2023-07-01,Gorakhpur,vR85cHdsw1w,Gorakhpur Division,delivery_care,% of pregnant women delivered in institution against estimated delivery,2,65.720993403182,2,coverage,2024,250,45
Sardar Nagar,plaloKJOZO2,p,2023-07-01,Gorakhpur,vR85cHdsw1w,Gorakhpur Division,immunization,"% of children received full immunization (BCG, Penta 1, 2, 3, Measles)",7,100.0,2,coverage,2024,250,45
Kauriram,W4M075uGpIs,p,2023-07-01,Gorakhpur,vR85cHdsw1w,Gorakhpur Division,delivery_care,% of pregnant women delivered in institution against estimated delivery,2,62.95690499510285,2,coverage,2024,121,45
Kauriram,W4M075uGpIs,p,2023-07-01,Gorakhpur,vR85cHdsw1w,Gorakhpur Division,immunization,"% of children received full immunization (BCG, Penta 1, 2, 3, Measles)",7,100.0,2,coverage,2024,121,45
Sahjanwa,NEdgkoHIHTS,p,2023-07-01,Gorakhpur,vR85cHdsw1w,Gorakhpur Division,delivery_care,% of pregnant women delivered in institution against estimated delivery,2,65.96762425900593,2,coverage,2024,384,45
Sahjanwa,NEdgkoHIHTS,p,2023-07-01,Gorakhpur,vR85cHdsw1w,Gorakhpur Division,immunization,"% of children received full immunization (BCG, Penta 1, 2, 3, Measles)",7,100.0,2,coverage,2024,384,45
Uruwa Gorakhpur,Mohx3LmGLM5,p,2023-07-01,Gorakhpur,vR85cHdsw1w,Gorakhpur Division,delivery_care,% of pregnant women delivered in institution against estimated delivery,2,53.67259360574458,2,coverage,2024,498,45
Uruwa Gorakhpur,Mohx3LmGLM5,p,2023-07-01,Gorakhpur,vR85cHdsw1w,Gorakhpur Division,immunization,"% of children received full immunization (BCG, Penta 1, 2, 3, Measles)",7,100.0,2,coverage,2024,498,45
Gola,KV5wZ2pPQe1,p,2023-07-01,Gorakhpur,vR85cHdsw1w,Gorakhpur Division,delivery_care,% of pregnant women delivered in institution against estimated delivery,2,75.63643858202802,2,coverage,2024,775,45
Gola,KV5wZ2pPQe1,p,2023-07-01,Gorakhpur,vR85cHdsw1w,Gorakhpur Division,immunization,"% of children received full immunization (BCG, Penta 1, 2, 3, Measles)",7,98.25145711906744,2,coverage,2024,775,45
Barhalganj,h0bQr9x9gzJ,p,2023-07-01,Gorakhpur,vR85cHdsw1w,Gorakhpur Division,delivery_care,% of pregnant women delivered in institution against estimated delivery,2,51.76190476190477,2,coverage,2024,90,45
Barhalganj,h0bQr9x9gzJ,p,2023-07-01,Gorakhpur,vR85cHdsw1w,Gorakhpur Division,immunization,"% of children received full immunization (BCG, Penta 1, 2, 3, Measles)",7,87.97691567810196,2,coverage,2024,90,45
Brahmpur,P39P0iQKIWH,p,2023-07-01,Gorakhpur,vR85cHdsw1w,Gorakhpur Division,delivery_care,% of pregnant women delivered in institution against estimated delivery,2,56.696335078534034,2,coverage,2024,684,45
Brahmpur,P39P0iQKIWH,p,2023-07-01,Gorakhpur,vR85cHdsw1w,Gorakhpur Division,immunization,"% of children received full immunization (BCG, Penta 1, 2, 3, Measles)",7,91.50460593654043,2,coverage,2024,684,45
Pali,nxstNxWEDHb,p,2023-07-01,Gorakhpur,vR85cHdsw1w,Gorakhpur Division,delivery_care,% of pregnant women delivered in institution against estimated delivery,2,54.19539678734114,2,coverage,2024,71,45
Pali,nxstNxWEDHb,p,2023-07-01,Gorakhpur,vR85cHdsw1w,Gorakhpur Division,immunization,"% of children received full immunization (BCG, Penta 1, 2, 3, Measles)",7,100.0,2,coverage,2024,71,45
Jungle Kauriya,ewq9OZKKqta,p,2023-07-01,Gorakhpur,vR85cHdsw1w,Gorakhpur Division,delivery_care,% of pregnant women delivered in institution against estimated delivery,2,54.1013607331297,2,coverage,2024,375,45
Jungle Kauriya,ewq9OZKKqta,p,2023-07-01,Gorakhpur,vR85cHdsw1w,Gorakhpur Division,immunization,"% of children received full immunization (BCG, Penta 1, 2, 3, Measles)",7,99.9719495091164,2,coverage,2024,375,45
Hapur,MoftawJk2Oh,p,2023-07-01,Hapur,CZ8kLjgqvSH,Meerut Division,delivery_care,% of pregnant women delivered in institution against estimated delivery,2,74.16381850324102,2,coverage,2024,801,46
Hapur,MoftawJk2Oh,p,2023-07-01,Hapur,CZ8kLjgqvSH,Meerut Division,immunization,"% of children received full immunization (BCG, Penta 1, 2, 3, Measles)",7,100.0,2,coverage,2024,801,46
Hapur DHQ,Mt3m2kDHXcq,p,2023-07-01,Hapur,CZ8kLjgqvSH,Meerut Division,delivery_care,% of pregnant women delivered in institution against estimated delivery,2,54.68086537383702,2,coverage,2024,93,46
Hapur DHQ,Mt3m2kDHXcq,p,2023-07-01,Hapur,CZ8kLjgqvSH,Meerut Division,immunization,"% of children received full immunization (BCG, Penta 1, 2, 3, Measles)",7,47.41310992867657,2,coverage,2024,93,46
Simbhaoli,mSef7qX2gGM,p,2023-07-01,Hapur,CZ8kLjgqvSH,Meerut Division,delivery_care,% of pregnant women delivered in institution against estimated delivery,2,78.53435114503817,2,coverage,2024,511,46
Simbhaoli,mSef7qX2gGM,p,2023-07-01,Hapur,CZ8kLjgqvSH,Meerut Division,immunization,"% of children received full immunization (BCG, Penta 1, 2, 3, Measles)",7,100.0,2,coverage,2024,511,46
Dhaulana,IywKKXqWKqi,p,2023-07-01,Hapur,CZ8kLjgqvSH,Meerut Division,delivery_care,% of pregnant women delivered in institution against estimated delivery,2,93.17518105304363,2,coverage,2024,830,46
Dhaulana,IywKKXqWKqi,p,2023-07-01,Hapur,CZ8kLjgqvSH,Meerut Division,immunization,"% of children received full immunization (BCG, Penta 1, 2, 3, Measles)",7,100.0,2,coverage,2024,830,46
Garhmukteshwar,lY8m4U7kmq2,p,2023-07-01,Hapur,CZ8kLjgqvSH,Meerut Division,delivery_care,% of pregnant women delivered in institution against estimated delivery,2,80.23443223443223,2,coverage,2024,13,46
Garhmukteshwar,lY8m4U7kmq2,p,2023-07-01,Hapur,CZ8kLjgqvSH,Meerut Division,immunization,"% of children received full immunization (BCG, Penta 1, 2, 3, Measles)",7,100.0,2,coverage,2024,13,46
Kaneli,JyfWW9uiTL5,p,2023-07-01,Kaushambi,PAj0oVY0Dxu,Prayagraj Division,delivery_care,% of pregnant women delivered in institution against estimated delivery,2,69.64200792602378,2,coverage,2024,770,63
Kaneli,JyfWW9uiTL5,p,2023-07-01,Kaushambi,PAj0oVY0Dxu,Prayagraj Division,immunization,"% of children received full immunization (BCG, Penta 1, 2, 3, Measles)",7,89.12608405603737,2,coverage,2024,770,63
Muratganj,gO0bpL7Tygs,p,2023-07-01,Kaushambi,PAj0oVY0Dxu,Prayagraj Division,delivery_care,% of pregnant women delivered in institution against estimated delivery,2,64.5113786521803,2,coverage,2024,126,63
Muratganj,gO0bpL7Tygs,p,2023-07-01,Kaushambi,PAj0oVY0Dxu,Prayagraj Division,immunization,"% of children received full immunization (BCG, Penta 1, 2, 3, Measles)",7,94.14207326115972,2,coverage,2024,126,63
Sirthu,HtBQrKnRi8A,p,2023-07-01,Kaushambi,PAj0oVY0Dxu,Prayagraj Division,delivery_care,% of pregnant women delivered in institution against estimated delivery,2,54.63040238450074,2,coverage,2024,334,63
Sirthu,HtBQrKnRi8A,p,2023-07-01,Kaushambi,PAj0oVY0Dxu,Prayagraj Division,immunization,"% of children received full immunization (BCG, Penta 1, 2, 3, Measles)",7,92.22953904045154,2,coverage,2024,334,63
Kaushambi DHQ,qaNCPibFPR2,p,2023-07-01,Kaushambi,PAj0oVY0Dxu,Prayagraj Division,delivery_care,% of pregnant women delivered in institution against estimated delivery,2,100.0,2,coverage,2024,878,63
Kaushambi DHQ,qaNCPibFPR2,p,2023-07-01,Kaushambi,PAj0oVY0Dxu,Prayagraj Division,immunization,"% of children received full immunization (BCG, Penta 1, 2, 3, Measles)",7,36.625971143174255,2,coverage,2024,878,63
Sarswan,EXoRpuAixOF,p,2023-07-01,Kaushambi,PAj0oVY0Dxu,Prayagraj Division,delivery_care,% of pregnant women delivered in institution against estimated delivery,2,74.88914198936979,2,coverage,2024,483,63
Sarswan,EXoRpuAixOF,p,2023-07-01,Kaushambi,PAj0oVY0Dxu,Prayagraj Division,immunization,"% of children received full immunization (BCG, Penta 1, 2, 3, Measles)",7,99.93865030674849,2,coverage,2024,483,63
Kara,UBoDZuuvpRs,p,2023-07-01,Kaushambi,PAj0oVY0Dxu,Prayagraj Division,delivery_care,% of pregnant women delivered in institution against estimated delivery,2,72.11087074094105,2,coverage,2024,458,63
Kara,UBoDZuuvpRs,p,2023-07-01,Kaushambi,PAj0oVY0Dxu,Prayagraj Division,immunization,"% of children received full immunization (BCG, Penta 1, 2, 3, Measles)",7,100.0,2,coverage,2024,458,63
Nawada,CUfl7clOb3K,p,2023-07-01,Kaushambi,PAj0oVY0Dxu,Prayagraj Division,delivery_care,% of pregnant women delivered in institution against estimated delivery,2,85.31020408163265,2,coverage,2024,825,63
Nawada,CUfl7clOb3K,p,2023-07-01,Kaushambi,PAj0oVY0Dxu,Prayagraj Division,immunization,"% of children received full immunization (BCG, Penta 1, 2, 3, Measles)",7,98.68073878627968,2,coverage,2024,825,63
Chayal,QGh6NT0LgVl,p,2023-07-01,Kaushambi,PAj0oVY0Dxu,Prayagraj Division,delivery_care,% of pregnant women delivered in institution against estimated delivery,2,85.09137803979367,2,coverage,2024,106,63
Chayal,QGh6NT0LgVl,p,2023-07-01,Kaushambi,PAj0oVY0Dxu,Prayagraj Division,immunization,"% of children received full immunization (BCG, Penta 1, 2, 3, Measles)",7,95.75787645745471,2,coverage,2024,106,63
Manjhanpur,ppVmu0WT8Jb,p,2023-07-01,Kaushambi,PAj0oVY0Dxu,Prayagraj Division,delivery_care,% of pregnant women delivered in institution against estimated delivery,2,87.93712930011861,2,coverage,2024,303,63
Manjhanpur,ppVmu0WT8Jb,p,2023-07-01,Kaushambi,PAj0oVY0Dxu,Prayagraj Division,immunization,"% of children received full immunization (BCG, Penta 1, 2, 3, Measles)",7,91.11876591283512,2,coverage,2024,303,63
Unnav Purwa,RLKVIOQ3q6x,p,2023-07-01,Unnav,aT03mfdlNiF,Lucknow Division,delivery_care,% of pregnant women delivered in institution against estimated delivery,2,79.86217780115729,2,coverage,2024,385,7
Unnav Purwa,RLKVIOQ3q6x,p,2023-07-01,Unnav,aT03mfdlNiF,Lucknow Division,immunization,"% of children received full immunization (BCG, Penta 1, 2, 3, Measles)",7,90.6482465462274,2,coverage,2024,385,7
Unnav Bichhiya,EVsunDfk1Xx,p,2023-07-01,Unnav,aT03mfdlNiF,Lucknow Division,delivery_care,% of pregnant women delivered in institution against estimated delivery,2,37.81981981981982,2,coverage,2024,481,7
Unnav Bichhiya,EVsunDfk1Xx,p,2023-07-01,Unnav,aT03mfdlNiF,Lucknow Division,immunization,"% of children received full immunization (BCG, Penta 1, 2, 3, Measles)",7,92.72097053726169,2,coverage,2024,481,7
Unnav Sikanderpur Sirausi,OC6qHC6pCm8,p,2023-07-01,Unnav,aT03mfdlNiF,Lucknow Division,delivery_care,% of pregnant women delivered in institution against estimated delivery,2,35.67955801104972,2,coverage,2024,330,7
Unnav Sikanderpur Sirausi,OC6qHC6pCm8,p,2023-07-01,Unnav,aT03mfdlNiF,Lucknow Division,immunization,"% of children received full immunization (BCG, Penta 1, 2, 3, Measles)",7,90.21459227467811,2,coverage,2024,330,7
Unnav Nawabganj,ziD9Ib1XELX,p,2023-07-01,Unnav,aT03mfdlNiF,Lucknow Division,delivery_care,% of pregnant women delivered in institution against estimated delivery,2,75.24288840262581,2,coverage,2024,332,7
Unnav Nawabganj,ziD9Ib1XELX,p,2023-07-01,Unnav,aT03mfdlNiF,Lucknow Division,immunization,"% of children received full immunization (BCG, Penta 1, 2, 3, Measles)",7,100.0,2,coverage,2024,332,7
Unnav Hasanganj,g9AzjVVJKJh,p,2023-07-01,Unnav,aT03mfdlNiF,Lucknow Division,delivery_care,% of pregnant women delivered in institution against estimated delivery,2,59.347626339969366,2,coverage,2024,172,7
Unnav Hasanganj,g9AzjVVJKJh,p,2023-07-01,Unnav,aT03mfdlNiF,Lucknow Division,immunization,"% of children received full immunization (BCG, Penta 1, 2, 3, Measles)",7,100.0,2,coverage,2024,172,7
Unnav Bighapur,SvNkFaLvfio,p,2023-07-01,Unnav,aT03mfdlNiF,Lucknow Division,delivery_care,% of pregnant women delivered in institution against estimated delivery,2,56.731034482758616,2,coverage,2024,45,7
Unnav Bighapur,SvNkFaLvfio,p,2023-07-01,Unnav,aT03mfdlNiF,Lucknow Division,immunization,"% of children received full immunization (BCG, Penta 1, 2, 3, Measles)",7,100.0,2,coverage,2024,45,7
Unnav Hilauli,oeicJPH2lIq,p,2023-07-01,Unnav,aT03mfdlNiF,Lucknow Division,delivery_care,% of pregnant women delivered in institution against estimated delivery,2,51.86932627722369,2,coverage,2024,724,7
Unnav Hilauli,oeicJPH2lIq,p,2023-07-01,Unnav,aT03mfdlNiF,Lucknow Division,immunization,"% of children received full immunization (BCG, Penta 1, 2, 3, Measles)",7,96.62828947368422,2,coverage,2024,724,7
Unnav Asoha,CpShKssApxk,p,2023-07-01,Unnav,aT03mfdlNiF,Lucknow Division,delivery_care,% of pregnant women delivered in institution against estimated delivery,2,45.82340862422998,2,coverage,2024,107,7
Unnav Asoha,CpShKssApxk,p,2023-07-01,Unnav,aT03mfdlNiF,Lucknow Division,immunization,"% of children received full immunization (BCG, Penta 1, 2, 3, Measles)",7,93.93468118195958,2,coverage,2024,107,7
Unnav C.Karen,miCbY8KENnd,p,2023-07-01,Unnav,aT03mfdlNiF,Lucknow Division,delivery_care,% of pregnant women delivered in institution against estimated delivery,2,54.29343629343629,2,coverage,2024,814,7
Unnav C.Karen,miCbY8KENnd,p,2023-07-01,Unnav,aT03mfdlNiF,Lucknow Division,immunization,"% of children received full immunization (BCG, Penta 1, 2, 3, Measles)",7,100.0,2,coverage,2024,814,7
Unnav Fatehpur -84,uhbQ7To0pN9,p,2023-07-01,Unnav,aT03mfdlNiF,Lucknow Division,delivery_care,% of pregnant women delivered in institution against estimated delivery,2,47.80052871905792,2,coverage,2024,24,7
Unnav Fatehpur -84,uhbQ7To0pN9,p,2023-07-01,Unnav,aT03mfdlNiF,Lucknow Division,immunization,"% of children received full immunization (BCG, Penta 1, 2, 3, Measles)",7,98.34951456310681,2,coverage,2024,24,7
Unnav Miyaganj,odvvm2fnyz9,p,2023-07-01,Unnav,aT03mfdlNiF,Lucknow Division,delivery_care,% of pregnant women delivered in institution against estimated delivery,2,70.72806634657354,2,coverage,2024,78,7
Unnav Miyaganj,odvvm2fnyz9,p,2023-07-01,Unnav,aT03mfdlNiF,Lucknow Division,immunization,"% of children received full immunization (BCG, Penta 1, 2, 3, Measles)",7,100.0,2,coverage,2024,78,7
Unnav Bangarmau,BGRBILNZiPW,p,2023-07-01,Unnav,aT03mfdlNiF,Lucknow Division,delivery_care,% of pregnant women delivered in institution against estimated delivery,2,91.34210031936878,2,coverage,2024,679,7
Unnav Bangarmau,BGRBILNZiPW,p,2023-07-01,Unnav,aT03mfdlNiF,Lucknow Division,immunization,"% of children received full immunization (BCG, Penta 1, 2, 3, Measles)",7,100.0,2,coverage,2024,679,7
Unnav DHQ,CYb7f3DOpb0,p,2023-07-01,Unnav,aT03mfdlNiF,Lucknow Division,delivery_care,% of pregnant women delivered in institution against estimated delivery,2,100.0,2,coverage,2024,352,7
Unnav DHQ,CYb7f3DOpb0,p,2023-07-01,Unnav,aT03mfdlNiF,Lucknow Division,immunization,"% of children received full immunization (BCG, Penta 1, 2, 3, Measles)",7,100.0,2,coverage,2024,352,7
Unnav Safipur,iudStsVG8zs,p,2023-07-01,Unnav,aT03mfdlNiF,Lucknow Division,delivery_care,% of pregnant women delivered in institution against estimated delivery,2,100.0,2,coverage,2024,62,7
Unnav Safipur,iudStsVG8zs,p,2023-07-01,Unnav,aT03mfdlNiF,Lucknow Division,immunization,"% of children received full immunization (BCG, Penta 1, 2, 3, Measles)",7,100.0,2,coverage,2024,62,7
Unnav Auras,wk2JVEOAFPl,p,2023-07-01,Unnav,aT03mfdlNiF,Lucknow Division,delivery_care,% of pregnant women delivered in institution against estimated delivery,2,70.80869790318405,2,coverage,2024,855,7
Unnav Auras,wk2JVEOAFPl,p,2023-07-01,Unnav,aT03mfdlNiF,Lucknow Division,immunization,"% of children received full immunization (BCG, Penta 1, 2, 3, Measles)",7,100.0,2,coverage,2024,855,7
Unnav Sumerpur,Fy5oqtT0JAR,p,2023-07-01,Unnav,aT03mfdlNiF,Lucknow Division,delivery_care,% of pregnant women delivered in institution against estimated delivery,2,65.49130650769996,2,coverage,2024,671,7
Unnav Sumerpur,Fy5oqtT0JAR,p,2023-07-01,Unnav,aT03mfdlNiF,Lucknow Division,immunization,"% of children received full immunization (BCG, Penta 1, 2, 3, Measles)",7,100.0,2,coverage,2024,671,7
Unnav Ganj Moardabad,RzW4W8GzuhH,p,2023-07-01,Unnav,aT03mfdlNiF,Lucknow Division,delivery_care,% of pregnant women delivered in institution against estimated delivery,2,61.24050632911392,2,coverage,2024,495,7
Unnav Ganj Moardabad,RzW4W8GzuhH,p,2023-07-01,Unnav,aT03mfdlNiF,Lucknow Division,immunization,"% of children received full immunization (BCG, Penta 1, 2, 3, Measles)",7,98.38915878291998,2,coverage,2024,495,7
Fatehpur Amuali,janjc2a7UuX,p,2023-07-01,Fatehpur,ibLiLcaKzw2,Prayagraj Division,delivery_care,% of pregnant women delivered in institution against estimated delivery,2,54.95747599451303,2,coverage,2024,40,16
Fatehpur Amuali,janjc2a7UuX,p,2023-07-01,Fatehpur,ibLiLcaKzw2,Prayagraj Division,immunization,"% of children received full immunization (BCG, Penta 1, 2, 3, Measles)",7,100.0,2,coverage,2024,40,16
Fatehpur Hathgam,OA8wf7skznm,p,2023-07-01,Fatehpur,ibLiLcaKzw2,Prayagraj Division,delivery_care,% of pregnant women delivered in institution against estimated delivery,2,100.0,2,coverage,2024,521,16
Fatehpur Hathgam,OA8wf7skznm,p,2023-07-01,Fatehpur,ibLiLcaKzw2,Prayagraj Division,immunization,"% of children received full immunization (BCG, Penta 1, 2, 3, Measles)",7,96.01455868971792,2,coverage,2024,521,16
Fatehpur Teliyani,sGcpaNGqN8u,p,2023-07-01,Fatehpur,ibLiLcaKzw2,Prayagraj Division,delivery_care,% of pregnant women delivered in institution against estimated delivery,2,62.16925388082123,2,coverage,2024,494,16
Fatehpur Teliyani,sGcpaNGqN8u,p,2023-07-01,Fatehpur,ibLiLcaKzw2,Prayagraj Division,immunization,"% of children received full immunization (BCG, Penta 1, 2, 3, Measles)",7,99.54476479514416,2,coverage,2024,494,16
Fatehpur DHQ,HHTQ2caXrBL,p,2023-07-01,Fatehpur,ibLiLcaKzw2,Prayagraj Division,delivery_care,% of pregnant women delivered in institution against estimated delivery,2,100.0,2,coverage,2024,625,16
Fatehpur DHQ,HHTQ2caXrBL,p,2023-07-01,Fatehpur,ibLiLcaKzw2,Prayagraj Division,immunization,"% of children received full immunization (BCG, Penta 1, 2, 3, Measles)",7,18.395155185465555,2,coverage,2024,625,16
Fatehpur Gpalganj,QiCjYBLbYGE,p,2023-07-01,Fatehpur,ibLiLcaKzw2,Prayagraj Division,delivery_care,% of pregnant women delivered in institution against estimated delivery,2,47.1820652173913,2,coverage,2024,480,16
Fatehpur Gpalganj,QiCjYBLbYGE,p,2023-07-01,Fatehpur,ibLiLcaKzw2,Prayagraj Division,immunization,"% of children received full immunization (BCG, Penta 1, 2, 3, Measles)",7,100.0,2,coverage,2024,480,16
Fatehpur Khaga,uEEKeL3UnB2,p,2023-07-01,Fatehpur,ibLiLcaKzw2,Prayagraj Division,delivery_care,% of pregnant women delivered in institution against estimated delivery,2,80.62527491118254,2,coverage,2024,218,16
Fatehpur Khaga,uEEKeL3UnB2,p,2023-07-01,Fatehpur,ibLiLcaKzw2,Prayagraj Division,immunization,"% of children received full immunization (BCG, Penta 1, 2, 3, Measles)",7,100.0,2,coverage,2024,218,16
Fatehpur Haswa,LWEb9Onpgzi,p,2023-07-01,Fatehpur,ibLiLcaKzw2,Prayagraj Division,delivery_care,% of pregnant women delivered in institution against estimated delivery,2,59.30838050027387,2,coverage,2024,875,16
Fatehpur Haswa,LWEb9Onpgzi,p,2023-07-01,Fatehpur,ibLiLcaKzw2,Prayagraj Division,immunization,"% of children received full immunization (BCG, Penta 1, 2, 3, Measles)",7,100.0,2,coverage,2024,875,16
Fatehpur  Bahua,gAuwshptXMU,p,2023-07-01,Fatehpur,ibLiLcaKzw2,Prayagraj Division,delivery_care,% of pregnant women delivered in institution against estimated delivery,2,100.0,2,coverage,2024,143,16
Fatehpur  Bahua,gAuwshptXMU,p,2023-07-01,Fatehpur,ibLiLcaKzw2,Prayagraj Division,immunization,"% of children received full immunization (BCG, Penta 1, 2, 3, Measles)",7,100.0,2,coverage,2024,143,16
Fatehpur Dhata,w0PTR0Qc2H7,p,2023-07-01,Fatehpur,ibLiLcaKzw2,Prayagraj Division,delivery_care,% of pregnant women delivered in institution against estimated delivery,2,61.96856501326802,2,coverage,2024,439,16
Fatehpur Dhata,w0PTR0Qc2H7,p,2023-07-01,Fatehpur,ibLiLcaKzw2,Prayagraj Division,immunization,"% of children received full immunization (BCG, Penta 1, 2, 3, Measles)",7,100.0,2,coverage,2024,439,16
Fatehpur Bhittora,w25YwsZC9ZT,p,2023-07-01,Fatehpur,ibLiLcaKzw2,Prayagraj Division,delivery_care,% of pregnant women delivered in institution against estimated delivery,2,74.8836062687093,2,coverage,2024,1,16
Fatehpur Bhittora,w25YwsZC9ZT,p,2023-07-01,Fatehpur,ibLiLcaKzw2,Prayagraj Division,immunization,"% of children received full immunization (BCG, Penta 1, 2, 3, Measles)",7,100.0,2,coverage,2024,1,16
Fatehpur Deomai,Cge552Satby,p,2023-07-01,Fatehpur,ibLiLcaKzw2,Prayagraj Division,delivery_care,% of pregnant women delivered in institution against estimated delivery,2,86.11520216851143,2,coverage,2024,423,16
Fatehpur Deomai,Cge552Satby,p,2023-07-01,Fatehpur,ibLiLcaKzw2,Prayagraj Division,immunization,"% of children received full immunization (BCG, Penta 1, 2, 3, Measles)",7,100.0,2,coverage,2024,423,16
Fatehpur  Vijaipur,X3gyut5H2FR,p,2023-07-01,Fatehpur,ibLiLcaKzw2,Prayagraj Division,delivery_care,% of pregnant women delivered in institution against estimated delivery,2,65.52522807670826,2,coverage,2024,628,16
Fatehpur  Vijaipur,X3gyut5H2FR,p,2023-07-01,Fatehpur,ibLiLcaKzw2,Prayagraj Division,immunization,"% of children received full immunization (BCG, Penta 1, 2, 3, Measles)",7,100.0,2,coverage,2024,628,16
Fatehpur Asthar,niYGeZzm6Zu,p,2023-07-01,Fatehpur,ibLiLcaKzw2,Prayagraj Division,delivery_care,% of pregnant women delivered in institution against estimated delivery,2,60.52767374115688,2,coverage,2024,799,16
Fatehpur Asthar,niYGeZzm6Zu,p,2023-07-01,Fatehpur,ibLiLcaKzw2,Prayagraj Division,immunization,"% of children received full immunization (BCG, Penta 1, 2, 3, Measles)",7,99.70575872215215,2,coverage,2024,799,16
Fatehpur Khjuha,O3U9QEmpjTV,p,2023-07-01,Fatehpur,ibLiLcaKzw2,Prayagraj Division,delivery_care,% of pregnant women delivered in institution against estimated delivery,2,65.98338318378198,2,coverage,2024,292,16
Fatehpur Khjuha,O3U9QEmpjTV,p,2023-07-01,Fatehpur,ibLiLcaKzw2,Prayagraj Division,immunization,"% of children received full immunization (BCG, Penta 1, 2, 3, Measles)",7,100.0,2,coverage,2024,292,16
Bahjoi,uqiwsVkCjJB,p,2023-07-01,Sambhal,YzHpzrN0eLv,Moradabad Division,delivery_care,% of pregnant women delivered in institution against estimated delivery,2,90.23833757421544,2,coverage,2024,196,13
Bahjoi,uqiwsVkCjJB,p,2023-07-01,Sambhal,YzHpzrN0eLv,Moradabad Division,immunization,"% of children received full immunization (BCG, Penta 1, 2, 3, Measles)",7,100.0,2,coverage,2024,196,13
Sambhal,XW2FOqHQemu,p,2023-07-01,Sambhal,YzHpzrN0eLv,Moradabad Division,delivery_care,% of pregnant women delivered in institution against estimated delivery,2,43.8062015503876,2,coverage,2024,51,13
Sambhal,XW2FOqHQemu,p,2023-07-01,Sambhal,YzHpzrN0eLv,Moradabad Division,immunization,"% of children received full immunization (BCG, Penta 1, 2, 3, Measles)",7,89.52828342141319,2,coverage,2024,51,13
Gunnour,WtDIWivefft,p,2023-07-01,Sambhal,YzHpzrN0eLv,Moradabad Division,delivery_care,% of pregnant women delivered in institution against estimated delivery,2,84.27753810756398,2,coverage,2024,729,13
Gunnour,WtDIWivefft,p,2023-07-01,Sambhal,YzHpzrN0eLv,Moradabad Division,immunization,"% of children received full immunization (BCG, Penta 1, 2, 3, Measles)",7,100.0,2,coverage,2024,729,13
Rajpura,YxWlmBfIHmq,p,2023-07-01,Sambhal,YzHpzrN0eLv,Moradabad Division,delivery_care,% of pregnant women delivered in institution against estimated delivery,2,93.69607397301806,2,coverage,2024,780,13
Rajpura,YxWlmBfIHmq,p,2023-07-01,Sambhal,YzHpzrN0eLv,Moradabad Division,immunization,"% of children received full immunization (BCG, Penta 1, 2, 3, Measles)",7,100.0,2,coverage,2024,780,13
Junawai,gspBjXC9nc5,p,2023-07-01,Sambhal,YzHpzrN0eLv,Moradabad Division,delivery_care,% of pregnant women delivered in institution against estimated delivery,2,100.0,2,coverage,2024,756,13
Junawai,gspBjXC9nc5,p,2023-07-01,Sambhal,YzHpzrN0eLv,Moradabad Division,immunization,"% of children received full immunization (BCG, Penta 1, 2, 3, Measles)",7,100.0,2,coverage,2024,756,13
Naroli,SedCcdeSesp,p,2023-07-01,Sambhal,YzHpzrN0eLv,Moradabad Division,delivery_care,% of pregnant women delivered in institution against estimated delivery,2,70.6583558911526,2,coverage,2024,166,13
Naroli,SedCcdeSesp,p,2023-07-01,Sambhal,YzHpzrN0eLv,Moradabad Division,immunization,"% of children received full immunization (BCG, Penta 1, 2, 3, Measles)",7,76.66738614288798,2,coverage,2024,166,13
Pawansa,f6vmbanfxRo,p,2023-07-01,Sambhal,YzHpzrN0eLv,Moradabad Division,delivery_care,% of pregnant women delivered in institution against estimated delivery,2,46.01466015104398,2,coverage,2024,105,13
Pawansa,f6vmbanfxRo,p,2023-07-01,Sambhal,YzHpzrN0eLv,Moradabad Division,immunization,"% of children received full immunization (BCG, Penta 1, 2, 3, Measles)",7,100.0,2,coverage,2024,105,13
Sambhal DHQ,E3NqDNq6JJg,p,2023-07-01,Sambhal,YzHpzrN0eLv,Moradabad Division,delivery_care,% of pregnant women delivered in institution against estimated delivery,2,59.67814854682455,2,coverage,2024,611,13
Sambhal DHQ,E3NqDNq6JJg,p,2023-07-01,Sambhal,YzHpzrN0eLv,Moradabad Division,immunization,"% of children received full immunization (BCG, Penta 1, 2, 3, Measles)",7,100.0,2,coverage,2024,611,13
Asmoli,Xkw9hBGJS6I,p,2023-07-01,Sambhal,YzHpzrN0eLv,Moradabad Division,delivery_care,% of pregnant women delivered in institution against estimated delivery,2,50.55803625015004,2,coverage,2024,668,13
Asmoli,Xkw9hBGJS6I,p,2023-07-01,Sambhal,YzHpzrN0eLv,Moradabad Division,immunization,"% of children received full immunization (BCG, Penta 1, 2, 3, Measles)",7,100.0,2,coverage,2024,668,13
Kabari,GfFQEUX1ZYy,p,2023-07-01,Mahoba,sUQMxIc3yXj,Chitrakoot Division,delivery_care,% of pregnant women delivered in institution against estimated delivery,2,82.49856733524355,2,coverage,2024,846,42
Kabari,GfFQEUX1ZYy,p,2023-07-01,Mahoba,sUQMxIc3yXj,Chitrakoot Division,immunization,"% of children received full immunization (BCG, Penta 1, 2, 3, Measles)",7,100.0,2,coverage,2024,846,42
Jaitpur,HuW3JM0nGTz,p,2023-07-01,Mahoba,sUQMxIc3yXj,Chitrakoot Division,delivery_care,% of pregnant women delivered in institution against estimated delivery,2,47.96960486322188,2,coverage,2024,61,42
Jaitpur,HuW3JM0nGTz,p,2023-07-01,Mahoba,sUQMxIc3yXj,Chitrakoot Division,immunization,"% of children received full immunization (BCG, Penta 1, 2, 3, Measles)",7,86.26247122026095,2,coverage,2024,61,42
Mahoba DHQ,k7nZry9XTd5,p,2023-07-01,Mahoba,sUQMxIc3yXj,Chitrakoot Division,delivery_care,% of pregnant women delivered in institution against estimated delivery,2,8.0,2,coverage,2024,883,42
Mahoba DHQ,k7nZry9XTd5,p,2023-07-01,Mahoba,sUQMxIc3yXj,Chitrakoot Division,immunization,"% of children received full immunization (BCG, Penta 1, 2, 3, Measles)",7,37.2170071783545,2,coverage,2024,883,42
Charkhari,voVPLJSfahW,p,2023-07-01,Mahoba,sUQMxIc3yXj,Chitrakoot Division,delivery_care,% of pregnant women delivered in institution against estimated delivery,2,58.33747006313956,2,coverage,2024,715,42
Charkhari,voVPLJSfahW,p,2023-07-01,Mahoba,sUQMxIc3yXj,Chitrakoot Division,immunization,"% of children received full immunization (BCG, Penta 1, 2, 3, Measles)",7,83.64116094986808,2,coverage,2024,715,42
Panwari,ESC202G5t07,p,2023-07-01,Mahoba,sUQMxIc3yXj,Chitrakoot Division,delivery_care,% of pregnant women delivered in institution against estimated delivery,2,53.239616613418534,2,coverage,2024,571,42
Panwari,ESC202G5t07,p,2023-07-01,Mahoba,sUQMxIc3yXj,Chitrakoot Division,immunization,"% of children received full immunization (BCG, Penta 1, 2, 3, Measles)",7,100.0,2,coverage,2024,571,42
Lalitpur Jakhaura,cBlMjL2O6oW,p,2023-07-01,Lalitpur,fagfcadhxej,Jhansi Division,delivery_care,% of pregnant women delivered in institution against estimated delivery,2,34.39271485486625,2,coverage,2024,461,68
Lalitpur Jakhaura,cBlMjL2O6oW,p,2023-07-01,Lalitpur,fagfcadhxej,Jhansi Division,immunization,"% of children received full immunization (BCG, Penta 1, 2, 3, Measles)",7,80.54038516815177,2,coverage,2024,461,68
Lalitpur Bar,qMddUgnDzYX,p,2023-07-01,Lalitpur,fagfcadhxej,Jhansi Division,delivery_care,% of pregnant women delivered in institution against estimated delivery,2,87.35820895522386,2,coverage,2024,714,68
Lalitpur Bar,qMddUgnDzYX,p,2023-07-01,Lalitpur,fagfcadhxej,Jhansi Division,immunization,"% of children received full immunization (BCG, Penta 1, 2, 3, Measles)",7,88.86376483889204,2,coverage,2024,714,68
Lalitpur Talbehat,hByPwhy4hFw,p,2023-07-01,Lalitpur,fagfcadhxej,Jhansi Division,delivery_care,% of pregnant women delivered in institution against estimated delivery,2,67.15431679129844,2,coverage,2024,507,68
Lalitpur Talbehat,hByPwhy4hFw,p,2023-07-01,Lalitpur,fagfcadhxej,Jhansi Division,immunization,"% of children received full immunization (BCG, Penta 1, 2, 3, Measles)",7,78.5579399141631,2,coverage,2024,507,68
Lalitpur Madawara,DQg8KWOYf9m,p,2023-07-01,Lalitpur,fagfcadhxej,Jhansi Division,delivery_care,% of pregnant women delivered in institution against estimated delivery,2,76.923140667081,2,coverage,2024,530,68
Lalitpur Madawara,DQg8KWOYf9m,p,2023-07-01,Lalitpur,fagfcadhxej,Jhansi Division,immunization,"% of children received full immunization (BCG, Penta 1, 2, 3, Measles)",7,88.55409081397781,2,coverage,2024,530,68
Lalitpur  DHQ,OlW82qQAtpe,p,2023-07-01,Lalitpur,fagfcadhxej,Jhansi Division,delivery_care,% of pregnant women delivered in institution against estimated delivery,2,100.0,2,coverage,2024,482,68
Lalitpur  DHQ,OlW82qQAtpe,p,2023-07-01,Lalitpur,fagfcadhxej,Jhansi Division,immunization,"% of children received full immunization (BCG, Penta 1, 2, 3, Measles)",7,100.0,2,coverage,2024,482,68
Lalitpur Birdha,ilEX3iUSCkP,p,2023-07-01,Lalitpur,fagfcadhxej,Jhansi Division,delivery_care,% of pregnant women delivered in institution against estimated delivery,2,43.24278846153846,2,coverage,2024,660,68
Lalitpur Birdha,ilEX3iUSCkP,p,2023-07-01,Lalitpur,fagfcadhxej,Jhansi Division,immunization,"% of children received full immunization (BCG, Penta 1, 2, 3, Measles)",7,95.96358118361157,2,coverage,2024,660,68
Lalitpur Mahroni,hSxXTcaWSE8,p,2023-07-01,Lalitpur,fagfcadhxej,Jhansi Division,delivery_care,% of pregnant women delivered in institution against estimated delivery,2,56.661870503597115,2,coverage,2024,377,68
Lalitpur Mahroni,hSxXTcaWSE8,p,2023-07-01,Lalitpur,fagfcadhxej,Jhansi Division,immunization,"% of children received full immunization (BCG, Penta 1, 2, 3, Measles)",7,75.2770208900999,2,coverage,2024,377,68
Maya Bazar,a2rjHSkns9X,p,2023-07-01,Ayodhya,b4XkXzoGqFY,Ayodhya Division,delivery_care,% of pregnant women delivered in institution against estimated delivery,2,65.91097922848664,2,coverage,2024,66,69
Maya Bazar,a2rjHSkns9X,p,2023-07-01,Ayodhya,b4XkXzoGqFY,Ayodhya Division,immunization,"% of children received full immunization (BCG, Penta 1, 2, 3, Measles)",7,89.47171225177969,2,coverage,2024,66,69
Ayodhya DHQ,bMK9VNDswXt,p,2023-07-01,Ayodhya,b4XkXzoGqFY,Ayodhya Division,delivery_care,% of pregnant women delivered in institution against estimated delivery,2,27.882613510520486,2,coverage,2024,834,69
Ayodhya DHQ,bMK9VNDswXt,p,2023-07-01,Ayodhya,b4XkXzoGqFY,Ayodhya Division,immunization,"% of children received full immunization (BCG, Penta 1, 2, 3, Measles)",7,54.082774049216994,2,coverage,2024,834,69
Poora Bazar,JOYvKXzcb8E,p,2023-07-01,Ayodhya,b4XkXzoGqFY,Ayodhya Division,delivery_care,% of pregnant women delivered in institution against estimated delivery,2,64.11245706020611,2,coverage,2024,492,69
Poora Bazar,JOYvKXzcb8E,p,2023-07-01,Ayodhya,b4XkXzoGqFY,Ayodhya Division,immunization,"% of children received full immunization (BCG, Penta 1, 2, 3, Measles)",7,100.0,2,coverage,2024,492,69
Bikapur,pw5oJhc8fpc,p,2023-07-01,Ayodhya,b4XkXzoGqFY,Ayodhya Division,delivery_care,% of pregnant women delivered in institution against estimated delivery,2,80.93123772102159,2,coverage,2024,199,69
Bikapur,pw5oJhc8fpc,p,2023-07-01,Ayodhya,b4XkXzoGqFY,Ayodhya Division,immunization,"% of children received full immunization (BCG, Penta 1, 2, 3, Measles)",7,86.60448501686842,2,coverage,2024,199,69
Masaudha,aAl7bU1AYg2,p,2023-07-01,Ayodhya,b4XkXzoGqFY,Ayodhya Division,delivery_care,% of pregnant women delivered in institution against estimated delivery,2,77.57180445921618,2,coverage,2024,382,69
Masaudha,aAl7bU1AYg2,p,2023-07-01,Ayodhya,b4XkXzoGqFY,Ayodhya Division,immunization,"% of children received full immunization (BCG, Penta 1, 2, 3, Measles)",7,100.0,2,coverage,2024,382,69
Rudauli,AAOPzLEjW4T,p,2023-07-01,Ayodhya,b4XkXzoGqFY,Ayodhya Division,delivery_care,% of pregnant women delivered in institution against estimated delivery,2,78.39920687376075,2,coverage,2024,444,69
Rudauli,AAOPzLEjW4T,p,2023-07-01,Ayodhya,b4XkXzoGqFY,Ayodhya Division,immunization,"% of children received full immunization (BCG, Penta 1, 2, 3, Measles)",7,100.0,2,coverage,2024,444,69
Sohawal,CUsMlPeoyMI,p,2023-07-01,Ayodhya,b4XkXzoGqFY,Ayodhya Division,delivery_care,% of pregnant women delivered in institution against estimated delivery,2,82.93125100627917,2,coverage,2024,736,69
Sohawal,CUsMlPeoyMI,p,2023-07-01,Ayodhya,b4XkXzoGqFY,Ayodhya Division,immunization,"% of children received full immunization (BCG, Penta 1, 2, 3, Measles)",7,99.2520325203252,2,coverage,2024,736,69
Tarun,t25KkXmkJth,p,2023-07-01,Ayodhya,b4XkXzoGqFY,Ayodhya Division,delivery_care,% of pregnant women delivered in institution against estimated delivery,2,61.27965580823601,2,coverage,2024,647,69
Tarun,t25KkXmkJth,p,2023-07-01,Ayodhya,b4XkXzoGqFY,Ayodhya Division,immunization,"% of children received full immunization (BCG, Penta 1, 2, 3, Measles)",7,100.0,2,coverage,2024,647,69
Mawai,QSXk2hR3eYG,p,2023-07-01,Ayodhya,b4XkXzoGqFY,Ayodhya Division,delivery_care,% of pregnant women delivered in institution against estimated delivery,2,68.03210325997023,2,coverage,2024,232,69
Mawai,QSXk2hR3eYG,p,2023-07-01,Ayodhya,b4XkXzoGqFY,Ayodhya Division,immunization,"% of children received full immunization (BCG, Penta 1, 2, 3, Measles)",7,100.0,2,coverage,2024,232,69
Harington Ganj,XEfvLa6Zzxn,p,2023-07-01,Ayodhya,b4XkXzoGqFY,Ayodhya Division,delivery_care,% of pregnant women delivered in institution against estimated delivery,2,59.69423993070594,2,coverage,2024,761,69
Harington Ganj,XEfvLa6Zzxn,p,2023-07-01,Ayodhya,b4XkXzoGqFY,Ayodhya Division,immunization,"% of children received full immunization (BCG, Penta 1, 2, 3, Measles)",7,100.0,2,coverage,2024,761,69
Amaniganj,pYWjwOoijbJ,p,2023-07-01,Ayodhya,b4XkXzoGqFY,Ayodhya Division,delivery_care,% of pregnant women delivered in institution against estimated delivery,2,68.58639910813822,2,coverage,2024,898,69
Amaniganj,pYWjwOoijbJ,p,2023-07-01,Ayodhya,b4XkXzoGqFY,Ayodhya Division,immunization,"% of children received full immunization (BCG, Penta 1, 2, 3, Measles)",7,94.35166072433852,2,coverage,2024,898,69
Milkipur,qQSBi5m4QpM,p,2023-07-01,Ayodhya,b4XkXzoGqFY,Ayodhya Division,delivery_care,% of pregnant women delivered in institution against estimated delivery,2,64.88790508234462,2,coverage,2024,781,69
Milkipur,qQSBi5m4QpM,p,2023-07-01,Ayodhya,b4XkXzoGqFY,Ayodhya Division,immunization,"% of children received full immunization (BCG, Penta 1, 2, 3, Measles)",7,88.92863530674299,2,coverage,2024,781,69
Maunathbhanjan Badraon,DlJoJFtt9AE,p,2023-07-01,Maunathbhanjan,CBSB9v92AwT,Azamgarh Division,delivery_care,% of pregnant women delivered in institution against estimated delivery,2,85.54346963080587,2,coverage,2024,823,6
Maunathbhanjan Badraon,DlJoJFtt9AE,p,2023-07-01,Maunathbhanjan,CBSB9v92AwT,Azamgarh Division,immunization,"% of children received full immunization (BCG, Penta 1, 2, 3, Measles)",7,99.91980753809143,2,coverage,2024,823,6
Maunathbhanjan Mohmmada Bad,rLdutISw29n,p,2023-07-01,Maunathbhanjan,CBSB9v92AwT,Azamgarh Division,delivery_care,% of pregnant women delivered in institution against estimated delivery,2,84.54975457385096,2,coverage,2024,58,6
Maunathbhanjan Mohmmada Bad,rLdutISw29n,p,2023-07-01,Maunathbhanjan,CBSB9v92AwT,Azamgarh Division,immunization,"% of children received full immunization (BCG, Penta 1, 2, 3, Measles)",7,100.0,2,coverage,2024,58,6
Maunathbhanjan Pardha,la9bHITzK55,p,2023-07-01,Maunathbhanjan,CBSB9v92AwT,Azamgarh Division,delivery_care,% of pregnant women delivered in institution against estimated delivery,2,85.06507105459984,2,coverage,2024,681,6
Maunathbhanjan Pardha,la9bHITzK55,p,2023-07-01,Maunathbhanjan,CBSB9v92AwT,Azamgarh Division,immunization,"% of children received full immunization (BCG, Penta 1, 2, 3, Measles)",7,100.0,2,coverage,2024,681,6
Maunathbhanjan F.Mandaon,YXOk9K2OqNI,p,2023-07-01,Maunathbhanjan,CBSB9v92AwT,Azamgarh Division,delivery_care,% of pregnant women delivered in institution against estimated delivery,2,96.16,2,coverage,2024,459,6
Maunathbhanjan F.Mandaon,YXOk9K2OqNI,p,2023-07-01,Maunathbhanjan,CBSB9v92AwT,Azamgarh Division,immunization,"% of children received full immunization (BCG, Penta 1, 2, 3, Measles)",7,99.55108637098223,2,coverage,2024,459,6
Maunathbhanjan Doharighat,y2tYqTLUS24,p,2023-07-01,Maunathbhanjan,CBSB9v92AwT,Azamgarh Division,delivery_care,% of pregnant women delivered in institution against estimated delivery,2,86.62778452814905,2,coverage,2024,297,6
Maunathbhanjan Doharighat,y2tYqTLUS24,p,2023-07-01,Maunathbhanjan,CBSB9v92AwT,Azamgarh Division,immunization,"% of children received full immunization (BCG, Penta 1, 2, 3, Measles)",7,95.47964818981389,2,coverage,2024,297,6
Maunathbhanjan Ghosi,d3k76C0y5y9,p,2023-07-01,Maunathbhanjan,CBSB9v92AwT,Azamgarh Division,delivery_care,% of pregnant women delivered in institution against estimated delivery,2,87.8562168532705,2,coverage,2024,452,6
Maunathbhanjan Ghosi,d3k76C0y5y9,p,2023-07-01,Maunathbhanjan,CBSB9v92AwT,Azamgarh Division,immunization,"% of children received full immunization (BCG, Penta 1, 2, 3, Measles)",7,100.0,2,coverage,2024,452,6
Maunathbhanjan Ranipur,s9bnhPCNlnj,p,2023-07-01,Maunathbhanjan,CBSB9v92AwT,Azamgarh Division,delivery_care,% of pregnant women delivered in institution against estimated delivery,2,82.45760743321719,2,coverage,2024,2,6
Maunathbhanjan Ranipur,s9bnhPCNlnj,p,2023-07-01,Maunathbhanjan,CBSB9v92AwT,Azamgarh Division,immunization,"% of children received full immunization (BCG, Penta 1, 2, 3, Measles)",7,100.0,2,coverage,2024,2,6
Maunathbhanjan DHQ,Obe6UPmf0LR,p,2023-07-01,Maunathbhanjan,CBSB9v92AwT,Azamgarh Division,delivery_care,% of pregnant women delivered in institution against estimated delivery,2,75.91106170094496,2,coverage,2024,465,6
Maunathbhanjan DHQ,Obe6UPmf0LR,p,2023-07-01,Maunathbhanjan,CBSB9v92AwT,Azamgarh Division,immunization,"% of children received full immunization (BCG, Penta 1, 2, 3, Measles)",7,100.0,2,coverage,2024,465,6
Maunathbhanjan Kopaganj,tGyBIzhjmij,p,2023-07-01,Maunathbhanjan,CBSB9v92AwT,Azamgarh Division,delivery_care,% of pregnant women delivered in institution against estimated delivery,2,100.0,2,coverage,2024,433,6
Maunathbhanjan Kopaganj,tGyBIzhjmij,p,2023-07-01,Maunathbhanjan,CBSB9v92AwT,Azamgarh Division,immunization,"% of children received full immunization (BCG, Penta 1, 2, 3, Measles)",7,100.0,2,coverage,2024,433,6
Maunathbhanjan Ratanpura,u9ZAWcpGHu9,p,2023-07-01,Maunathbhanjan,CBSB9v92AwT,Azamgarh Division,delivery_care,% of pregnant women delivered in institution against estimated delivery,2,87.87601957585646,2,coverage,2024,489,6
Maunathbhanjan Ratanpura,u9ZAWcpGHu9,p,2023-07-01,Maunathbhanjan,CBSB9v92AwT,Azamgarh Division,immunization,"% of children received full immunization (BCG, Penta 1, 2, 3, Measles)",7,100.0,2,coverage,2024,489,6
Jalaun  DHQ,L75X9VvSfGc,p,2023-07-01,Jalaun,NL5xiiHZQSC,Jhansi Division,delivery_care,% of pregnant women delivered in institution against estimated delivery,2,100.0,2,coverage,2024,861,4
Jalaun  DHQ,L75X9VvSfGc,p,2023-07-01,Jalaun,NL5xiiHZQSC,Jhansi Division,immunization,"% of children received full immunization (BCG, Penta 1, 2, 3, Measles)",7,100.0,2,coverage,2024,861,4
Jalaun Dakor,V41lCBcSsRJ,p,2023-07-01,Jalaun,NL5xiiHZQSC,Jhansi Division,delivery_care,% of pregnant women delivered in institution against estimated delivery,2,27.72110058960157,2,coverage,2024,586,4
Jalaun Dakor,V41lCBcSsRJ,p,2023-07-01,Jalaun,NL5xiiHZQSC,Jhansi Division,immunization,"% of children received full immunization (BCG, Penta 1, 2, 3, Measles)",7,73.4885399747338,2,coverage,2024,586,4
Jalaun Mahewa,IG6BUMkoNfw,p,2023-07-01,Jalaun,NL5xiiHZQSC,Jhansi Division,delivery_care,% of pregnant women delivered in institution against estimated delivery,2,58.15565031982943,2,coverage,2024,139,4
Jalaun Mahewa,IG6BUMkoNfw,p,2023-07-01,Jalaun,NL5xiiHZQSC,Jhansi Division,immunization,"% of children received full immunization (BCG, Penta 1, 2, 3, Measles)",7,76.5884126642257,2,coverage,2024,139,4
Jalaun Madhougarh,GGmtoqpI9Je,p,2023-07-01,Jalaun,NL5xiiHZQSC,Jhansi Division,delivery_care,% of pregnant women delivered in institution against estimated delivery,2,55.53391446472351,2,coverage,2024,180,4
Jalaun Madhougarh,GGmtoqpI9Je,p,2023-07-01,Jalaun,NL5xiiHZQSC,Jhansi Division,immunization,"% of children received full immunization (BCG, Penta 1, 2, 3, Measles)",7,100.0,2,coverage,2024,180,4
Jalaun Kuthound,V1ktVWnBTTW,p,2023-07-01,Jalaun,NL5xiiHZQSC,Jhansi Division,delivery_care,% of pregnant women delivered in institution against estimated delivery,2,74.9414426404046,2,coverage,2024,193,4
Jalaun Kuthound,V1ktVWnBTTW,p,2023-07-01,Jalaun,NL5xiiHZQSC,Jhansi Division,immunization,"% of children received full immunization (BCG, Penta 1, 2, 3, Measles)",7,75.05376344086021,2,coverage,2024,193,4
Jalaun JALAUN,SmB8HLGFIyw,p,2023-07-01,Jalaun,NL5xiiHZQSC,Jhansi Division,delivery_care,% of pregnant women delivered in institution against estimated delivery,2,53.52691218130312,2,coverage,2024,360,4
Jalaun JALAUN,SmB8HLGFIyw,p,2023-07-01,Jalaun,NL5xiiHZQSC,Jhansi Division,immunization,"% of children received full immunization (BCG, Penta 1, 2, 3, Measles)",7,96.68982427462198,2,coverage,2024,360,4
Jalaun Konch,vMmgCa5r21L,p,2023-07-01,Jalaun,NL5xiiHZQSC,Jhansi Division,delivery_care,% of pregnant women delivered in institution against estimated delivery,2,67.0757758968158,2,coverage,2024,575,4
Jalaun Konch,vMmgCa5r21L,p,2023-07-01,Jalaun,NL5xiiHZQSC,Jhansi Division,immunization,"% of children received full immunization (BCG, Penta 1, 2, 3, Measles)",7,67.98290250356199,2,coverage,2024,575,4
Jalaun Kadaura,aoQgD2b6JtI,p,2023-07-01,Jalaun,NL5xiiHZQSC,Jhansi Division,delivery_care,% of pregnant women delivered in institution against estimated delivery,2,53.58665171060011,2,coverage,2024,500,4
Jalaun Kadaura,aoQgD2b6JtI,p,2023-07-01,Jalaun,NL5xiiHZQSC,Jhansi Division,immunization,"% of children received full immunization (BCG, Penta 1, 2, 3, Measles)",7,97.58308157099701,2,coverage,2024,500,4
Jalaun Nadigaun,S5qj59ohege,p,2023-07-01,Jalaun,NL5xiiHZQSC,Jhansi Division,delivery_care,% of pregnant women delivered in institution against estimated delivery,2,56.791044776119406,2,coverage,2024,44,4
Jalaun Nadigaun,S5qj59ohege,p,2023-07-01,Jalaun,NL5xiiHZQSC,Jhansi Division,immunization,"% of children received full immunization (BCG, Penta 1, 2, 3, Measles)",7,100.0,2,coverage,2024,44,4
Jalaun Rampura,iQBAMBoxYul,p,2023-07-01,Jalaun,NL5xiiHZQSC,Jhansi Division,delivery_care,% of pregnant women delivered in institution against estimated delivery,2,80.98617056305565,2,coverage,2024,141,4
Jalaun Rampura,iQBAMBoxYul,p,2023-07-01,Jalaun,NL5xiiHZQSC,Jhansi Division,immunization,"% of children received full immunization (BCG, Penta 1, 2, 3, Measles)",7,100.0,2,coverage,2024,141,4
Semariyawa,T2yKNxqQdgI,p,2023-07-01,Sant Kabir Nagar,fe1yBApr2sl,Basti Division,delivery_care,% of pregnant women delivered in institution against estimated delivery,2,71.91941103742835,2,coverage,2024,891,11
Semariyawa,T2yKNxqQdgI,p,2023-07-01,Sant Kabir Nagar,fe1yBApr2sl,Basti Division,immunization,"% of children received full immunization (BCG, Penta 1, 2, 3, Measles)",7,82.32489499375639,2,coverage,2024,891,11
Mehadawal,qEXJSGxJGJX,p,2023-07-01,Sant Kabir Nagar,fe1yBApr2sl,Basti Division,delivery_care,% of pregnant women delivered in institution against estimated delivery,2,82.06598984771573,2,coverage,2024,341,11
Mehadawal,qEXJSGxJGJX,p,2023-07-01,Sant Kabir Nagar,fe1yBApr2sl,Basti Division,immunization,"% of children received full immunization (BCG, Penta 1, 2, 3, Measles)",7,100.0,2,coverage,2024,341,11
Khlilabad,Go3zUv1lOWw,p,2023-07-01,Sant Kabir Nagar,fe1yBApr2sl,Basti Division,delivery_care,% of pregnant women delivered in institution against estimated delivery,2,79.71493454448306,2,coverage,2024,146,11
Khlilabad,Go3zUv1lOWw,p,2023-07-01,Sant Kabir Nagar,fe1yBApr2sl,Basti Division,immunization,"% of children received full immunization (BCG, Penta 1, 2, 3, Measles)",7,100.0,2,coverage,2024,146,11
Santha,nS9UOwtscu1,p,2023-07-01,Sant Kabir Nagar,fe1yBApr2sl,Basti Division,delivery_care,% of pregnant women delivered in institution against estimated delivery,2,58.59166067577283,2,coverage,2024,104,11
Santha,nS9UOwtscu1,p,2023-07-01,Sant Kabir Nagar,fe1yBApr2sl,Basti Division,immunization,"% of children received full immunization (BCG, Penta 1, 2, 3, Measles)",7,99.32837175530949,2,coverage,2024,104,11
Nathnagar,rOs2X9fLu4i,p,2023-07-01,Sant Kabir Nagar,fe1yBApr2sl,Basti Division,delivery_care,% of pregnant women delivered in institution against estimated delivery,2,51.23158745119161,2,coverage,2024,387,11
Nathnagar,rOs2X9fLu4i,p,2023-07-01,Sant Kabir Nagar,fe1yBApr2sl,Basti Division,immunization,"% of children received full immunization (BCG, Penta 1, 2, 3, Measles)",7,85.2985176118591,2,coverage,2024,387,11
Sant Kabir Nagar DHQ,Cv8WrBixKYV,p,2023-07-01,Sant Kabir Nagar,fe1yBApr2sl,Basti Division,delivery_care,% of pregnant women delivered in institution against estimated delivery,2,31.179007323026852,2,coverage,2024,478,11
Sant Kabir Nagar DHQ,Cv8WrBixKYV,p,2023-07-01,Sant Kabir Nagar,fe1yBApr2sl,Basti Division,immunization,"% of children received full immunization (BCG, Penta 1, 2, 3, Measles)",7,33.853738701725554,2,coverage,2024,478,11
Belahar Kala,Orx7pmg4L68,p,2023-07-01,Sant Kabir Nagar,fe1yBApr2sl,Basti Division,delivery_care,% of pregnant women delivered in institution against estimated delivery,2,38.21592224022217,2,coverage,2024,617,11
Belahar Kala,Orx7pmg4L68,p,2023-07-01,Sant Kabir Nagar,fe1yBApr2sl,Basti Division,immunization,"% of children received full immunization (BCG, Penta 1, 2, 3, Measles)",7,96.86769518466572,2,coverage,2024,617,11
Haisar Bazar,K98xeQTVavi,p,2023-07-01,Sant Kabir Nagar,fe1yBApr2sl,Basti Division,delivery_care,% of pregnant women delivered in institution against estimated delivery,2,46.318813959590656,2,coverage,2024,150,11
Haisar Bazar,K98xeQTVavi,p,2023-07-01,Sant Kabir Nagar,fe1yBApr2sl,Basti Division,immunization,"% of children received full immunization (BCG, Penta 1, 2, 3, Measles)",7,83.43493241452425,2,coverage,2024,150,11
Pouli,IFHbGZd8LVv,p,2023-07-01,Sant Kabir Nagar,fe1yBApr2sl,Basti Division,delivery_care,% of pregnant women delivered in institution against estimated delivery,2,55.73817996949669,2,coverage,2024,420,11
Pouli,IFHbGZd8LVv,p,2023-07-01,Sant Kabir Nagar,fe1yBApr2sl,Basti Division,immunization,"% of children received full immunization (BCG, Penta 1, 2, 3, Measles)",7,85.54557124518614,2,coverage,2024,420,11
Bghouli,kvn8lGZHRgM,p,2023-07-01,Sant Kabir Nagar,fe1yBApr2sl,Basti Division,delivery_care,% of pregnant women delivered in institution against estimated delivery,2,36.94268476621418,2,coverage,2024,252,11
Bghouli,kvn8lGZHRgM,p,2023-07-01,Sant Kabir Nagar,fe1yBApr2sl,Basti Division,immunization,"% of children received full immunization (BCG, Penta 1, 2, 3, Measles)",7,82.30685527747552,2,coverage,2024,252,11
Shamli Unn,hYGI5A3Mq94,p,2023-07-01,Shamli,AdiUcz9BXhx,Saharanpur Division,delivery_care,% of pregnant women delivered in institution against estimated delivery,2,84.81782504114446,2,coverage,2024,339,32
Shamli Unn,hYGI5A3Mq94,p,2023-07-01,Shamli,AdiUcz9BXhx,Saharanpur Division,immunization,"% of children received full immunization (BCG, Penta 1, 2, 3, Measles)",7,100.0,2,coverage,2024,339,32
Shamli Shamli,QgLrwudkb0M,p,2023-07-01,Shamli,AdiUcz9BXhx,Saharanpur Division,delivery_care,% of pregnant women delivered in institution against estimated delivery,2,100.0,2,coverage,2024,497,32
Shamli Shamli,QgLrwudkb0M,p,2023-07-01,Shamli,AdiUcz9BXhx,Saharanpur Division,immunization,"% of children received full immunization (BCG, Penta 1, 2, 3, Measles)",7,63.58630596121618,2,coverage,2024,497,32
Shamli Thana Bhawan,PrrfSkPnkmn,p,2023-07-01,Shamli,AdiUcz9BXhx,Saharanpur Division,delivery_care,% of pregnant women delivered in institution against estimated delivery,2,58.744675391326645,2,coverage,2024,621,32
Shamli Thana Bhawan,PrrfSkPnkmn,p,2023-07-01,Shamli,AdiUcz9BXhx,Saharanpur Division,immunization,"% of children received full immunization (BCG, Penta 1, 2, 3, Measles)",7,100.0,2,coverage,2024,621,32
Shamli DHQ,qVXCL4F9Nfc,p,2023-07-01,Shamli,AdiUcz9BXhx,Saharanpur Division,delivery_care,% of pregnant women delivered in institution against estimated delivery,2,64.24255788313121,2,coverage,2024,371,32
Shamli DHQ,qVXCL4F9Nfc,p,2023-07-01,Shamli,AdiUcz9BXhx,Saharanpur Division,immunization,"% of children received full immunization (BCG, Penta 1, 2, 3, Measles)",7,100.0,2,coverage,2024,371,32
Shamli Kairana,y1VjuyuoJ29,p,2023-07-01,Shamli,AdiUcz9BXhx,Saharanpur Division,delivery_care,% of pregnant women delivered in institution against estimated delivery,2,96.42841993637327,2,coverage,2024,242,32
Shamli Kairana,y1VjuyuoJ29,p,2023-07-01,Shamli,AdiUcz9BXhx,Saharanpur Division,immunization,"% of children received full immunization (BCG, Penta 1, 2, 3, Measles)",7,77.70785915115812,2,coverage,2024,242,32
Shamli Kandhla,bJF2UI9uVXK,p,2023-07-01,Shamli,AdiUcz9BXhx,Saharanpur Division,delivery_care,% of pregnant women delivered in institution against estimated delivery,2,61.5811056319751,2,coverage,2024,551,32
Shamli Kandhla,bJF2UI9uVXK,p,2023-07-01,Shamli,AdiUcz9BXhx,Saharanpur Division,immunization,"% of children received full immunization (BCG, Penta 1, 2, 3, Measles)",7,100.0,2,coverage,2024,551,32
Gautam Buddha Nagar Dankaur,FGqvmr1orP5,p,2023-07-01,Gautam Buddha Nagar,bNmwkrQeP3e,Meerut Division,delivery_care,% of pregnant women delivered in institution against estimated delivery,2,67.11173184357541,2,coverage,2024,685,35
Gautam Buddha Nagar Dankaur,FGqvmr1orP5,p,2023-07-01,Gautam Buddha Nagar,bNmwkrQeP3e,Meerut Division,immunization,"% of children received full immunization (BCG, Penta 1, 2, 3, Measles)",7,99.26644848211262,2,coverage,2024,685,35
Gautam Buddha Nagar Dadri,kRWfFb08HmE,p,2023-07-01,Gautam Buddha Nagar,bNmwkrQeP3e,Meerut Division,delivery_care,% of pregnant women delivered in institution against estimated delivery,2,66.49452927738368,2,coverage,2024,127,35
Gautam Buddha Nagar Dadri,kRWfFb08HmE,p,2023-07-01,Gautam Buddha Nagar,bNmwkrQeP3e,Meerut Division,immunization,"% of children received full immunization (BCG, Penta 1, 2, 3, Measles)",7,78.83424408014572,2,coverage,2024,127,35
Gautam Buddha Nagar DHQ,H3RUhD0AAjW,p,2023-07-01,Gautam Buddha Nagar,bNmwkrQeP3e,Meerut Division,delivery_care,% of pregnant women delivered in institution against estimated delivery,2,100.0,2,coverage,2024,796,35
Gautam Buddha Nagar DHQ,H3RUhD0AAjW,p,2023-07-01,Gautam Buddha Nagar,bNmwkrQeP3e,Meerut Division,immunization,"% of children received full immunization (BCG, Penta 1, 2, 3, Measles)",7,100.0,2,coverage,2024,796,35
Gautam Buddha Nagar Jever,dnrD7zqEOQ2,p,2023-07-01,Gautam Buddha Nagar,bNmwkrQeP3e,Meerut Division,delivery_care,% of pregnant women delivered in institution against estimated delivery,2,97.98880842659644,2,coverage,2024,753,35
Gautam Buddha Nagar Jever,dnrD7zqEOQ2,p,2023-07-01,Gautam Buddha Nagar,bNmwkrQeP3e,Meerut Division,immunization,"% of children received full immunization (BCG, Penta 1, 2, 3, Measles)",7,100.0,2,coverage,2024,753,35
Gautam Buddha Nagar Bisrakh,y9wSctfMKAu,p,2023-07-01,Gautam Buddha Nagar,bNmwkrQeP3e,Meerut Division,delivery_care,% of pregnant women delivered in institution against estimated delivery,2,100.0,2,coverage,2024,190,35
Gautam Buddha Nagar Bisrakh,y9wSctfMKAu,p,2023-07-01,Gautam Buddha Nagar,bNmwkrQeP3e,Meerut Division,immunization,"% of children received full immunization (BCG, Penta 1, 2, 3, Measles)",7,100.0,2,coverage,2024,190,35
Saharanpur Punwarka,PqdYyxvXbjJ,p,2023-07-01,Saharanpur,FKYZ3JbWq84,Saharanpur Division,delivery_care,% of pregnant women delivered in institution against estimated delivery,2,55.02330070315732,2,coverage,2024,392,31
Saharanpur Punwarka,PqdYyxvXbjJ,p,2023-07-01,Saharanpur,FKYZ3JbWq84,Saharanpur Division,immunization,"% of children received full immunization (BCG, Penta 1, 2, 3, Measles)",7,100.0,2,coverage,2024,392,31
Saharanpur Rampur Maniharan,obGw4WWLMlw,p,2023-07-01,Saharanpur,FKYZ3JbWq84,Saharanpur Division,delivery_care,% of pregnant women delivered in institution against estimated delivery,2,46.9208128941836,2,coverage,2024,789,31
Saharanpur Rampur Maniharan,obGw4WWLMlw,p,2023-07-01,Saharanpur,FKYZ3JbWq84,Saharanpur Division,immunization,"% of children received full immunization (BCG, Penta 1, 2, 3, Measles)",7,95.20438860378694,2,coverage,2024,789,31
Saharanpur DHQ,oJLTrPrhs93,p,2023-07-01,Saharanpur,FKYZ3JbWq84,Saharanpur Division,delivery_care,% of pregnant women delivered in institution against estimated delivery,2,72.62102689486551,2,coverage,2024,256,31
Saharanpur DHQ,oJLTrPrhs93,p,2023-07-01,Saharanpur,FKYZ3JbWq84,Saharanpur Division,immunization,"% of children received full immunization (BCG, Penta 1, 2, 3, Measles)",7,100.0,2,coverage,2024,256,31
Saharanpur Sadholi Kadeem,y5bGR23eUwH,p,2023-07-01,Saharanpur,FKYZ3JbWq84,Saharanpur Division,delivery_care,% of pregnant women delivered in institution against estimated delivery,2,79.93386925527074,2,coverage,2024,877,31
Saharanpur Sadholi Kadeem,y5bGR23eUwH,p,2023-07-01,Saharanpur,FKYZ3JbWq84,Saharanpur Division,immunization,"% of children received full immunization (BCG, Penta 1, 2, 3, Measles)",7,100.0,2,coverage,2024,877,31
Saharanpur Muzzafrabad,dTPUQF80iDV,p,2023-07-01,Saharanpur,FKYZ3JbWq84,Saharanpur Division,delivery_care,% of pregnant women delivered in institution against estimated delivery,2,63.180028804608725,2,coverage,2024,892,31
Saharanpur Muzzafrabad,dTPUQF80iDV,p,2023-07-01,Saharanpur,FKYZ3JbWq84,Saharanpur Division,immunization,"% of children received full immunization (BCG, Penta 1, 2, 3, Measles)",7,97.09076803723818,2,coverage,2024,892,31
Saharanpur Gangoha,BHNN3R3Nfyk,p,2023-07-01,Saharanpur,FKYZ3JbWq84,Saharanpur Division,delivery_care,% of pregnant women delivered in institution against estimated delivery,2,72.3654062149008,2,coverage,2024,743,31
Saharanpur Gangoha,BHNN3R3Nfyk,p,2023-07-01,Saharanpur,FKYZ3JbWq84,Saharanpur Division,immunization,"% of children received full immunization (BCG, Penta 1, 2, 3, Measles)",7,100.0,2,coverage,2024,743,31
Saharanpur Sarsawa,J4lOM1HGEln,p,2023-07-01,Saharanpur,FKYZ3JbWq84,Saharanpur Division,delivery_care,% of pregnant women delivered in institution against estimated delivery,2,67.317697228145,2,coverage,2024,374,31
Saharanpur Sarsawa,J4lOM1HGEln,p,2023-07-01,Saharanpur,FKYZ3JbWq84,Saharanpur Division,immunization,"% of children received full immunization (BCG, Penta 1, 2, 3, Measles)",7,100.0,2,coverage,2024,374,31
Saharanpur Nukkur,Il5dY2TsnrT,p,2023-07-01,Saharanpur,FKYZ3JbWq84,Saharanpur Division,delivery_care,% of pregnant women delivered in institution against estimated delivery,2,53.56508183943882,2,coverage,2024,603,31
Saharanpur Nukkur,Il5dY2TsnrT,p,2023-07-01,Saharanpur,FKYZ3JbWq84,Saharanpur Division,immunization,"% of children received full immunization (BCG, Penta 1, 2, 3, Measles)",7,92.626607189714,2,coverage,2024,603,31
Saharanpur Balliyakhare,qxErDQBKuLE,p,2023-07-01,Saharanpur,FKYZ3JbWq84,Saharanpur Division,delivery_care,% of pregnant women delivered in institution against estimated delivery,2,47.49090909090909,2,coverage,2024,18,31
Saharanpur Balliyakhare,qxErDQBKuLE,p,2023-07-01,Saharanpur,FKYZ3JbWq84,Saharanpur Division,immunization,"% of children received full immunization (BCG, Penta 1, 2, 3, Measles)",7,100.0,2,coverage,2024,18,31
Saharanpur Nanota,ZUTLEFlviBI,p,2023-07-01,Saharanpur,FKYZ3JbWq84,Saharanpur Division,delivery_care,% of pregnant women delivered in institution against estimated delivery,2,63.019858400967024,2,coverage,2024,457,31
Saharanpur Nanota,ZUTLEFlviBI,p,2023-07-01,Saharanpur,FKYZ3JbWq84,Saharanpur Division,immunization,"% of children received full immunization (BCG, Penta 1, 2, 3, Measles)",7,79.38611789326822,2,coverage,2024,457,31
Saharanpur Daoband,oNfXWvtDaWv,p,2023-07-01,Saharanpur,FKYZ3JbWq84,Saharanpur Division,delivery_care,% of pregnant women delivered in institution against estimated delivery,2,47.31470743278862,2,coverage,2024,652,31
Saharanpur Daoband,oNfXWvtDaWv,p,2023-07-01,Saharanpur,FKYZ3JbWq84,Saharanpur Division,immunization,"% of children received full immunization (BCG, Penta 1, 2, 3, Measles)",7,95.83643914386114,2,coverage,2024,652,31
Saharanpur Nangal,TkRtB84gkNd,p,2023-07-01,Saharanpur,FKYZ3JbWq84,Saharanpur Division,delivery_care,% of pregnant women delivered in institution against estimated delivery,2,46.31339536257568,2,coverage,2024,600,31
Saharanpur Nangal,TkRtB84gkNd,p,2023-07-01,Saharanpur,FKYZ3JbWq84,Saharanpur Division,immunization,"% of children received full immunization (BCG, Penta 1, 2, 3, Measles)",7,95.82338902147973,2,coverage,2024,600,31
