date,block,block_id,subindicator_id,value,quarter,year,sub_id,calc_type,map_id,district,district_id,indicator_id_var,block_id_num,indicator_id
2023-09-01,Asafpur,A8jhC64rvlS,aRueVYr35yM.Ti9FJqkSK6J,231.0,2.0,2024.0,36b,p,173.0,Budaun,eA37kyBRRuZ,indicator_36,183,36
2023-09-01,Asafpur,A8jhC64rvlS,ixBYYYjxXPP,197.0,2.0,2024.0,36a,p,173.0,Budaun,eA37kyBRRuZ,indicator_36,183,36
2023-09-01,Asafpur,A8jhC64rvlS,ui45G8KwpzU.Ti9FJqkSK6J,711.0,2.0,2024.0,2a,p,173.0,Budaun,eA37kyBRRuZ,indicator_2,183,2
2023-09-01,Asafpur,A8jhC64rvlS,GJKYhq2wR9L,581.0,2.0,2024.0,7a,p,173.0,Budaun,eA37kyBRRuZ,indicator_7,183,7
2023-09-01,Asafpur,A8jhC64rvlS,NI0EC5no6PO,655.0,2.0,2024.0,10a,p,173.0,Budaun,eA37kyBRRuZ,indicator_10,183,10
2023-09-01,Islam Nagar,BU3H8j3vtpl,aRueVYr35yM.Ti9FJqkSK6J,277.0,2.0,2024.0,36b,p,174.0,Budaun,eA37kyBRRuZ,indicator_36,157,36
2023-09-01,Islam Nagar,BU3H8j3vtpl,ixBYYYjxXPP,251.0,2.0,2024.0,36a,p,174.0,Budaun,eA37kyBRRuZ,indicator_36,157,36
2023-09-01,Islam Nagar,BU3H8j3vtpl,ui45G8KwpzU.Ti9FJqkSK6J,593.0,2.0,2024.0,2a,p,174.0,Budaun,eA37kyBRRuZ,indicator_2,157,2
2023-09-01,Islam Nagar,BU3H8j3vtpl,GJKYhq2wR9L,584.0,2.0,2024.0,7a,p,174.0,Budaun,eA37kyBRRuZ,indicator_7,157,7
2023-09-01,Islam Nagar,BU3H8j3vtpl,NI0EC5no6PO,606.0,2.0,2024.0,10a,p,174.0,Budaun,eA37kyBRRuZ,indicator_10,157,10
2023-09-01,Ujhani,EjPcZNiYzP2,aRueVYr35yM.Ti9FJqkSK6J,351.0,2.0,2024.0,36b,p,182.0,Budaun,eA37kyBRRuZ,indicator_36,719,36
2023-09-01,Ujhani,EjPcZNiYzP2,ixBYYYjxXPP,0.0,2.0,2024.0,36a,p,182.0,Budaun,eA37kyBRRuZ,indicator_36,719,36
2023-09-01,Ujhani,EjPcZNiYzP2,ui45G8KwpzU.Ti9FJqkSK6J,784.0,2.0,2024.0,2a,p,182.0,Budaun,eA37kyBRRuZ,indicator_2,719,2
2023-09-01,Ujhani,EjPcZNiYzP2,GJKYhq2wR9L,793.0,2.0,2024.0,7a,p,182.0,Budaun,eA37kyBRRuZ,indicator_7,719,7
2023-09-01,Ujhani,EjPcZNiYzP2,NI0EC5no6PO,969.0,2.0,2024.0,10a,p,182.0,Budaun,eA37kyBRRuZ,indicator_10,719,10
2023-09-01,Bilsi,FBjTmOT2uLU,aRueVYr35yM.Ti9FJqkSK6J,425.0,2.0,2024.0,36b,p,178.0,Budaun,eA37kyBRRuZ,indicator_36,838,36
2023-09-01,Bilsi,FBjTmOT2uLU,ixBYYYjxXPP,430.0,2.0,2024.0,36a,p,178.0,Budaun,eA37kyBRRuZ,indicator_36,838,36
2023-09-01,Bilsi,FBjTmOT2uLU,ui45G8KwpzU.Ti9FJqkSK6J,715.0,2.0,2024.0,2a,p,178.0,Budaun,eA37kyBRRuZ,indicator_2,838,2
2023-09-01,Bilsi,FBjTmOT2uLU,GJKYhq2wR9L,612.0,2.0,2024.0,7a,p,178.0,Budaun,eA37kyBRRuZ,indicator_7,838,7
2023-09-01,Bilsi,FBjTmOT2uLU,NI0EC5no6PO,1144.0,2.0,2024.0,10a,p,178.0,Budaun,eA37kyBRRuZ,indicator_10,838,10
2023-09-01,Usawan,HJ6IPhQigva,aRueVYr35yM.Ti9FJqkSK6J,496.0,2.0,2024.0,36b,p,187.0,Budaun,eA37kyBRRuZ,indicator_36,695,36
2023-09-01,Usawan,HJ6IPhQigva,ixBYYYjxXPP,0.0,2.0,2024.0,36a,p,187.0,Budaun,eA37kyBRRuZ,indicator_36,695,36
2023-09-01,Usawan,HJ6IPhQigva,ui45G8KwpzU.Ti9FJqkSK6J,570.0,2.0,2024.0,2a,p,187.0,Budaun,eA37kyBRRuZ,indicator_2,695,2
2023-09-01,Usawan,HJ6IPhQigva,GJKYhq2wR9L,483.0,2.0,2024.0,7a,p,187.0,Budaun,eA37kyBRRuZ,indicator_7,695,7
2023-09-01,Usawan,HJ6IPhQigva,NI0EC5no6PO,579.0,2.0,2024.0,10a,p,187.0,Budaun,eA37kyBRRuZ,indicator_10,695,10
2023-09-01,Bisauli,MWJyDwqvBqS,aRueVYr35yM.Ti9FJqkSK6J,307.0,2.0,2024.0,36b,p,175.0,Budaun,eA37kyBRRuZ,indicator_36,398,36
2023-09-01,Bisauli,MWJyDwqvBqS,ixBYYYjxXPP,290.0,2.0,2024.0,36a,p,175.0,Budaun,eA37kyBRRuZ,indicator_36,398,36
2023-09-01,Bisauli,MWJyDwqvBqS,ui45G8KwpzU.Ti9FJqkSK6J,643.0,2.0,2024.0,2a,p,175.0,Budaun,eA37kyBRRuZ,indicator_2,398,2
2023-09-01,Bisauli,MWJyDwqvBqS,GJKYhq2wR9L,653.0,2.0,2024.0,7a,p,175.0,Budaun,eA37kyBRRuZ,indicator_7,398,7
2023-09-01,Bisauli,MWJyDwqvBqS,NI0EC5no6PO,621.0,2.0,2024.0,10a,p,175.0,Budaun,eA37kyBRRuZ,indicator_10,398,10
2023-09-01,Binawar,QdKW8E0HxRg,aRueVYr35yM.Ti9FJqkSK6J,497.0,2.0,2024.0,36b,p,,Budaun,eA37kyBRRuZ,indicator_36,880,36
2023-09-01,Binawar,QdKW8E0HxRg,ixBYYYjxXPP,239.0,2.0,2024.0,36a,p,,Budaun,eA37kyBRRuZ,indicator_36,880,36
2023-09-01,Binawar,QdKW8E0HxRg,ui45G8KwpzU.Ti9FJqkSK6J,638.0,2.0,2024.0,2a,p,,Budaun,eA37kyBRRuZ,indicator_2,880,2
2023-09-01,Binawar,QdKW8E0HxRg,GJKYhq2wR9L,510.0,2.0,2024.0,7a,p,,Budaun,eA37kyBRRuZ,indicator_7,880,7
2023-09-01,Binawar,QdKW8E0HxRg,NI0EC5no6PO,1662.0,2.0,2024.0,10a,p,,Budaun,eA37kyBRRuZ,indicator_10,880,10
2023-09-01,Sahaswan,QsfJqnMcwds,aRueVYr35yM.Ti9FJqkSK6J,694.0,2.0,2024.0,36b,p,177.0,Budaun,eA37kyBRRuZ,indicator_36,335,36
2023-09-01,Sahaswan,QsfJqnMcwds,ixBYYYjxXPP,451.0,2.0,2024.0,36a,p,177.0,Budaun,eA37kyBRRuZ,indicator_36,335,36
2023-09-01,Sahaswan,QsfJqnMcwds,ui45G8KwpzU.Ti9FJqkSK6J,982.0,2.0,2024.0,2a,p,177.0,Budaun,eA37kyBRRuZ,indicator_2,335,2
2023-09-01,Sahaswan,QsfJqnMcwds,GJKYhq2wR9L,865.0,2.0,2024.0,7a,p,177.0,Budaun,eA37kyBRRuZ,indicator_7,335,7
2023-09-01,Sahaswan,QsfJqnMcwds,NI0EC5no6PO,973.0,2.0,2024.0,10a,p,177.0,Budaun,eA37kyBRRuZ,indicator_10,335,10
2023-09-01,Samrer,Wa8qn4d8H22,aRueVYr35yM.Ti9FJqkSK6J,254.0,2.0,2024.0,36b,p,184.0,Budaun,eA37kyBRRuZ,indicator_36,103,36
2023-09-01,Samrer,Wa8qn4d8H22,ui45G8KwpzU.Ti9FJqkSK6J,475.0,2.0,2024.0,2a,p,184.0,Budaun,eA37kyBRRuZ,indicator_2,103,2
2023-09-01,Samrer,Wa8qn4d8H22,GJKYhq2wR9L,402.0,2.0,2024.0,7a,p,184.0,Budaun,eA37kyBRRuZ,indicator_7,103,7
2023-09-01,Samrer,Wa8qn4d8H22,NI0EC5no6PO,521.0,2.0,2024.0,10a,p,184.0,Budaun,eA37kyBRRuZ,indicator_10,103,10
2023-09-01,Dataganj,YbOAqVBdm86,aRueVYr35yM.Ti9FJqkSK6J,449.0,2.0,2024.0,36b,p,185.0,Budaun,eA37kyBRRuZ,indicator_36,541,36
2023-09-01,Dataganj,YbOAqVBdm86,ixBYYYjxXPP,222.0,2.0,2024.0,36a,p,185.0,Budaun,eA37kyBRRuZ,indicator_36,541,36
2023-09-01,Dataganj,YbOAqVBdm86,ui45G8KwpzU.Ti9FJqkSK6J,587.0,2.0,2024.0,2a,p,185.0,Budaun,eA37kyBRRuZ,indicator_2,541,2
2023-09-01,Dataganj,YbOAqVBdm86,GJKYhq2wR9L,545.0,2.0,2024.0,7a,p,185.0,Budaun,eA37kyBRRuZ,indicator_7,541,7
2023-09-01,Dataganj,YbOAqVBdm86,NI0EC5no6PO,578.0,2.0,2024.0,10a,p,185.0,Budaun,eA37kyBRRuZ,indicator_10,541,10
2023-09-01,Qaderchowk,aDSCuqsggsN,aRueVYr35yM.Ti9FJqkSK6J,253.0,2.0,2024.0,36b,p,183.0,Budaun,eA37kyBRRuZ,indicator_36,226,36
2023-09-01,Qaderchowk,aDSCuqsggsN,ixBYYYjxXPP,150.0,2.0,2024.0,36a,p,183.0,Budaun,eA37kyBRRuZ,indicator_36,226,36
2023-09-01,Qaderchowk,aDSCuqsggsN,ui45G8KwpzU.Ti9FJqkSK6J,544.0,2.0,2024.0,2a,p,183.0,Budaun,eA37kyBRRuZ,indicator_2,226,2
2023-09-01,Qaderchowk,aDSCuqsggsN,GJKYhq2wR9L,461.0,2.0,2024.0,7a,p,183.0,Budaun,eA37kyBRRuZ,indicator_7,226,7
2023-09-01,Qaderchowk,aDSCuqsggsN,NI0EC5no6PO,330.0,2.0,2024.0,10a,p,183.0,Budaun,eA37kyBRRuZ,indicator_10,226,10
2023-09-01,Budaun DHQ,i8KzqsutvXl,aRueVYr35yM.Ti9FJqkSK6J,3440.0,2.0,2024.0,36b,p,,Budaun,eA37kyBRRuZ,indicator_36,223,36
2023-09-01,Budaun DHQ,i8KzqsutvXl,ixBYYYjxXPP,574.0,2.0,2024.0,36a,p,,Budaun,eA37kyBRRuZ,indicator_36,223,36
2023-09-01,Budaun DHQ,i8KzqsutvXl,aRueVYr35yM.Ti9FJqkSK6J,704.0,2.0,2024.0,36b,p,,Budaun,eA37kyBRRuZ,indicator_36,223,36
2023-09-01,Budaun DHQ,i8KzqsutvXl,ui45G8KwpzU.Ti9FJqkSK6J,977.0,2.0,2024.0,2a,p,,Budaun,eA37kyBRRuZ,indicator_2,223,2
2023-09-01,Budaun DHQ,i8KzqsutvXl,GJKYhq2wR9L,871.0,2.0,2024.0,7a,p,,Budaun,eA37kyBRRuZ,indicator_7,223,7
2023-09-01,Budaun DHQ,i8KzqsutvXl,NI0EC5no6PO,1234.0,2.0,2024.0,10a,p,,Budaun,eA37kyBRRuZ,indicator_10,223,10
2023-09-01,Miaoon,n0U0QMMNJZe,aRueVYr35yM.Ti9FJqkSK6J,374.0,2.0,2024.0,36b,p,186.0,Budaun,eA37kyBRRuZ,indicator_36,520,36
2023-09-01,Miaoon,n0U0QMMNJZe,ixBYYYjxXPP,185.0,2.0,2024.0,36a,p,186.0,Budaun,eA37kyBRRuZ,indicator_36,520,36
2023-09-01,Miaoon,n0U0QMMNJZe,ui45G8KwpzU.Ti9FJqkSK6J,814.0,2.0,2024.0,2a,p,186.0,Budaun,eA37kyBRRuZ,indicator_2,520,2
2023-09-01,Miaoon,n0U0QMMNJZe,GJKYhq2wR9L,670.0,2.0,2024.0,7a,p,186.0,Budaun,eA37kyBRRuZ,indicator_7,520,7
2023-09-01,Miaoon,n0U0QMMNJZe,NI0EC5no6PO,1385.0,2.0,2024.0,10a,p,186.0,Budaun,eA37kyBRRuZ,indicator_10,520,10
2023-09-01,Jagat,wQ2zvEh08Xs,aRueVYr35yM.Ti9FJqkSK6J,79.0,2.0,2024.0,36b,p,181.0,Budaun,eA37kyBRRuZ,indicator_36,282,36
2023-09-01,Jagat,wQ2zvEh08Xs,ixBYYYjxXPP,0.0,2.0,2024.0,36a,p,181.0,Budaun,eA37kyBRRuZ,indicator_36,282,36
2023-09-01,Jagat,wQ2zvEh08Xs,ui45G8KwpzU.Ti9FJqkSK6J,630.0,2.0,2024.0,2a,p,181.0,Budaun,eA37kyBRRuZ,indicator_2,282,2
2023-09-01,Jagat,wQ2zvEh08Xs,GJKYhq2wR9L,633.0,2.0,2024.0,7a,p,181.0,Budaun,eA37kyBRRuZ,indicator_7,282,7
2023-09-01,Jagat,wQ2zvEh08Xs,NI0EC5no6PO,395.0,2.0,2024.0,10a,p,181.0,Budaun,eA37kyBRRuZ,indicator_10,282,10
2023-09-01,Wazirganj,xct9yyij86y,aRueVYr35yM.Ti9FJqkSK6J,278.0,2.0,2024.0,36b,p,176.0,Budaun,eA37kyBRRuZ,indicator_36,869,36
2023-09-01,Wazirganj,xct9yyij86y,ixBYYYjxXPP,169.0,2.0,2024.0,36a,p,176.0,Budaun,eA37kyBRRuZ,indicator_36,869,36
2023-09-01,Wazirganj,xct9yyij86y,ui45G8KwpzU.Ti9FJqkSK6J,651.0,2.0,2024.0,2a,p,176.0,Budaun,eA37kyBRRuZ,indicator_2,869,2
2023-09-01,Wazirganj,xct9yyij86y,GJKYhq2wR9L,524.0,2.0,2024.0,7a,p,176.0,Budaun,eA37kyBRRuZ,indicator_7,869,7
2023-09-01,Wazirganj,xct9yyij86y,NI0EC5no6PO,747.0,2.0,2024.0,10a,p,176.0,Budaun,eA37kyBRRuZ,indicator_10,869,10
2023-09-01,Dahagawan,yxi8x9cQDKH,aRueVYr35yM.Ti9FJqkSK6J,404.0,2.0,2024.0,36b,p,179.0,Budaun,eA37kyBRRuZ,indicator_36,200,36
2023-09-01,Dahagawan,yxi8x9cQDKH,ixBYYYjxXPP,244.0,2.0,2024.0,36a,p,179.0,Budaun,eA37kyBRRuZ,indicator_36,200,36
2023-09-01,Dahagawan,yxi8x9cQDKH,ui45G8KwpzU.Ti9FJqkSK6J,544.0,2.0,2024.0,2a,p,179.0,Budaun,eA37kyBRRuZ,indicator_2,200,2
2023-09-01,Dahagawan,yxi8x9cQDKH,GJKYhq2wR9L,568.0,2.0,2024.0,7a,p,179.0,Budaun,eA37kyBRRuZ,indicator_7,200,7
2023-09-01,Dahagawan,yxi8x9cQDKH,NI0EC5no6PO,774.0,2.0,2024.0,10a,p,179.0,Budaun,eA37kyBRRuZ,indicator_10,200,10
2023-09-01,Rudauli,AAOPzLEjW4T,aRueVYr35yM.Ti9FJqkSK6J,401.0,2.0,2024.0,36b,p,494.0,Ayodhya,b4XkXzoGqFY,indicator_36,444,36
2023-09-01,Rudauli,AAOPzLEjW4T,ixBYYYjxXPP,146.0,2.0,2024.0,36a,p,494.0,Ayodhya,b4XkXzoGqFY,indicator_36,444,36
2023-09-01,Rudauli,AAOPzLEjW4T,ui45G8KwpzU.Ti9FJqkSK6J,645.0,2.0,2024.0,2a,p,494.0,Ayodhya,b4XkXzoGqFY,indicator_2,444,2
2023-09-01,Rudauli,AAOPzLEjW4T,GJKYhq2wR9L,578.0,2.0,2024.0,7a,p,494.0,Ayodhya,b4XkXzoGqFY,indicator_7,444,7
2023-09-01,Rudauli,AAOPzLEjW4T,NI0EC5no6PO,639.0,2.0,2024.0,10a,p,494.0,Ayodhya,b4XkXzoGqFY,indicator_10,444,10
2023-09-01,Sohawal,CUsMlPeoyMI,aRueVYr35yM.Ti9FJqkSK6J,364.0,2.0,2024.0,36b,p,495.0,Ayodhya,b4XkXzoGqFY,indicator_36,736,36
2023-09-01,Sohawal,CUsMlPeoyMI,ixBYYYjxXPP,243.0,2.0,2024.0,36a,p,495.0,Ayodhya,b4XkXzoGqFY,indicator_36,736,36
2023-09-01,Sohawal,CUsMlPeoyMI,ui45G8KwpzU.Ti9FJqkSK6J,364.0,2.0,2024.0,2a,p,495.0,Ayodhya,b4XkXzoGqFY,indicator_2,736,2
2023-09-01,Sohawal,CUsMlPeoyMI,GJKYhq2wR9L,511.0,2.0,2024.0,7a,p,495.0,Ayodhya,b4XkXzoGqFY,indicator_7,736,7
2023-09-01,Sohawal,CUsMlPeoyMI,NI0EC5no6PO,835.0,2.0,2024.0,10a,p,495.0,Ayodhya,b4XkXzoGqFY,indicator_10,736,10
2023-09-01,Poora Bazar,JOYvKXzcb8E,aRueVYr35yM.Ti9FJqkSK6J,196.0,2.0,2024.0,36b,p,502.0,Ayodhya,b4XkXzoGqFY,indicator_36,492,36
2023-09-01,Poora Bazar,JOYvKXzcb8E,ixBYYYjxXPP,189.0,2.0,2024.0,36a,p,502.0,Ayodhya,b4XkXzoGqFY,indicator_36,492,36
2023-09-01,Poora Bazar,JOYvKXzcb8E,ui45G8KwpzU.Ti9FJqkSK6J,377.0,2.0,2024.0,2a,p,502.0,Ayodhya,b4XkXzoGqFY,indicator_2,492,2
2023-09-01,Poora Bazar,JOYvKXzcb8E,GJKYhq2wR9L,536.0,2.0,2024.0,7a,p,502.0,Ayodhya,b4XkXzoGqFY,indicator_7,492,7
2023-09-01,Poora Bazar,JOYvKXzcb8E,NI0EC5no6PO,434.0,2.0,2024.0,10a,p,502.0,Ayodhya,b4XkXzoGqFY,indicator_10,492,10
2023-09-01,Mawai,QSXk2hR3eYG,aRueVYr35yM.Ti9FJqkSK6J,254.0,2.0,2024.0,36b,p,493.0,Ayodhya,b4XkXzoGqFY,indicator_36,232,36
2023-09-01,Mawai,QSXk2hR3eYG,ixBYYYjxXPP,89.0,2.0,2024.0,36a,p,493.0,Ayodhya,b4XkXzoGqFY,indicator_36,232,36
2023-09-01,Mawai,QSXk2hR3eYG,ui45G8KwpzU.Ti9FJqkSK6J,616.0,2.0,2024.0,2a,p,493.0,Ayodhya,b4XkXzoGqFY,indicator_2,232,2
2023-09-01,Mawai,QSXk2hR3eYG,GJKYhq2wR9L,528.0,2.0,2024.0,7a,p,493.0,Ayodhya,b4XkXzoGqFY,indicator_7,232,7
2023-09-01,Mawai,QSXk2hR3eYG,NI0EC5no6PO,1146.0,2.0,2024.0,10a,p,493.0,Ayodhya,b4XkXzoGqFY,indicator_10,232,10
2023-09-01,Harington Ganj,XEfvLa6Zzxn,aRueVYr35yM.Ti9FJqkSK6J,166.0,2.0,2024.0,36b,p,499.0,Ayodhya,b4XkXzoGqFY,indicator_36,761,36
2023-09-01,Harington Ganj,XEfvLa6Zzxn,ixBYYYjxXPP,90.0,2.0,2024.0,36a,p,499.0,Ayodhya,b4XkXzoGqFY,indicator_36,761,36
2023-09-01,Harington Ganj,XEfvLa6Zzxn,ui45G8KwpzU.Ti9FJqkSK6J,650.0,2.0,2024.0,2a,p,499.0,Ayodhya,b4XkXzoGqFY,indicator_2,761,2
2023-09-01,Harington Ganj,XEfvLa6Zzxn,GJKYhq2wR9L,494.0,2.0,2024.0,7a,p,499.0,Ayodhya,b4XkXzoGqFY,indicator_7,761,7
2023-09-01,Harington Ganj,XEfvLa6Zzxn,NI0EC5no6PO,594.0,2.0,2024.0,10a,p,499.0,Ayodhya,b4XkXzoGqFY,indicator_10,761,10
2023-09-01,Maya Bazar,a2rjHSkns9X,aRueVYr35yM.Ti9FJqkSK6J,217.0,2.0,2024.0,36b,p,503.0,Ayodhya,b4XkXzoGqFY,indicator_36,66,36
2023-09-01,Maya Bazar,a2rjHSkns9X,ixBYYYjxXPP,92.0,2.0,2024.0,36a,p,503.0,Ayodhya,b4XkXzoGqFY,indicator_36,66,36
2023-09-01,Maya Bazar,a2rjHSkns9X,ui45G8KwpzU.Ti9FJqkSK6J,361.0,2.0,2024.0,2a,p,503.0,Ayodhya,b4XkXzoGqFY,indicator_2,66,2
2023-09-01,Maya Bazar,a2rjHSkns9X,GJKYhq2wR9L,412.0,2.0,2024.0,7a,p,503.0,Ayodhya,b4XkXzoGqFY,indicator_7,66,7
2023-09-01,Maya Bazar,a2rjHSkns9X,NI0EC5no6PO,188.0,2.0,2024.0,10a,p,503.0,Ayodhya,b4XkXzoGqFY,indicator_10,66,10
2023-09-01,Masaudha,aAl7bU1AYg2,aRueVYr35yM.Ti9FJqkSK6J,686.0,2.0,2024.0,36b,p,496.0,Ayodhya,b4XkXzoGqFY,indicator_36,382,36
2023-09-01,Masaudha,aAl7bU1AYg2,ixBYYYjxXPP,615.0,2.0,2024.0,36a,p,496.0,Ayodhya,b4XkXzoGqFY,indicator_36,382,36
2023-09-01,Masaudha,aAl7bU1AYg2,ui45G8KwpzU.Ti9FJqkSK6J,719.0,2.0,2024.0,2a,p,496.0,Ayodhya,b4XkXzoGqFY,indicator_2,382,2
2023-09-01,Masaudha,aAl7bU1AYg2,GJKYhq2wR9L,884.0,2.0,2024.0,7a,p,496.0,Ayodhya,b4XkXzoGqFY,indicator_7,382,7
2023-09-01,Masaudha,aAl7bU1AYg2,NI0EC5no6PO,1753.0,2.0,2024.0,10a,p,496.0,Ayodhya,b4XkXzoGqFY,indicator_10,382,10
2023-09-01,Ayodhya DHQ,bMK9VNDswXt,aRueVYr35yM.Ti9FJqkSK6J,407.0,2.0,2024.0,36b,p,,Ayodhya,b4XkXzoGqFY,indicator_36,834,36
2023-09-01,Ayodhya DHQ,bMK9VNDswXt,aRueVYr35yM.Ti9FJqkSK6J,16.0,2.0,2024.0,36b,p,,Ayodhya,b4XkXzoGqFY,indicator_36,834,36
2023-09-01,Ayodhya DHQ,bMK9VNDswXt,ui45G8KwpzU.Ti9FJqkSK6J,198.0,2.0,2024.0,2a,p,,Ayodhya,b4XkXzoGqFY,indicator_2,834,2
2023-09-01,Ayodhya DHQ,bMK9VNDswXt,GJKYhq2wR9L,322.0,2.0,2024.0,7a,p,,Ayodhya,b4XkXzoGqFY,indicator_7,834,7
2023-09-01,Ayodhya DHQ,bMK9VNDswXt,NI0EC5no6PO,109.0,2.0,2024.0,10a,p,,Ayodhya,b4XkXzoGqFY,indicator_10,834,10
2023-09-01,Amaniganj,pYWjwOoijbJ,aRueVYr35yM.Ti9FJqkSK6J,230.0,2.0,2024.0,36b,p,497.0,Ayodhya,b4XkXzoGqFY,indicator_36,898,36
2023-09-01,Amaniganj,pYWjwOoijbJ,ixBYYYjxXPP,207.0,2.0,2024.0,36a,p,497.0,Ayodhya,b4XkXzoGqFY,indicator_36,898,36
2023-09-01,Amaniganj,pYWjwOoijbJ,ui45G8KwpzU.Ti9FJqkSK6J,271.0,2.0,2024.0,2a,p,497.0,Ayodhya,b4XkXzoGqFY,indicator_2,898,2
2023-09-01,Amaniganj,pYWjwOoijbJ,GJKYhq2wR9L,472.0,2.0,2024.0,7a,p,497.0,Ayodhya,b4XkXzoGqFY,indicator_7,898,7
2023-09-01,Amaniganj,pYWjwOoijbJ,NI0EC5no6PO,490.0,2.0,2024.0,10a,p,497.0,Ayodhya,b4XkXzoGqFY,indicator_10,898,10
2023-09-01,Bikapur,pw5oJhc8fpc,aRueVYr35yM.Ti9FJqkSK6J,306.0,2.0,2024.0,36b,p,500.0,Ayodhya,b4XkXzoGqFY,indicator_36,199,36
2023-09-01,Bikapur,pw5oJhc8fpc,ixBYYYjxXPP,303.0,2.0,2024.0,36a,p,500.0,Ayodhya,b4XkXzoGqFY,indicator_36,199,36
2023-09-01,Bikapur,pw5oJhc8fpc,ui45G8KwpzU.Ti9FJqkSK6J,237.0,2.0,2024.0,2a,p,500.0,Ayodhya,b4XkXzoGqFY,indicator_2,199,2
2023-09-01,Bikapur,pw5oJhc8fpc,GJKYhq2wR9L,337.0,2.0,2024.0,7a,p,500.0,Ayodhya,b4XkXzoGqFY,indicator_7,199,7
2023-09-01,Bikapur,pw5oJhc8fpc,NI0EC5no6PO,687.0,2.0,2024.0,10a,p,500.0,Ayodhya,b4XkXzoGqFY,indicator_10,199,10
2023-09-01,Milkipur,qQSBi5m4QpM,aRueVYr35yM.Ti9FJqkSK6J,219.0,2.0,2024.0,36b,p,498.0,Ayodhya,b4XkXzoGqFY,indicator_36,781,36
2023-09-01,Milkipur,qQSBi5m4QpM,ixBYYYjxXPP,80.0,2.0,2024.0,36a,p,498.0,Ayodhya,b4XkXzoGqFY,indicator_36,781,36
2023-09-01,Milkipur,qQSBi5m4QpM,ui45G8KwpzU.Ti9FJqkSK6J,421.0,2.0,2024.0,2a,p,498.0,Ayodhya,b4XkXzoGqFY,indicator_2,781,2
2023-09-01,Milkipur,qQSBi5m4QpM,GJKYhq2wR9L,441.0,2.0,2024.0,7a,p,498.0,Ayodhya,b4XkXzoGqFY,indicator_7,781,7
2023-09-01,Milkipur,qQSBi5m4QpM,NI0EC5no6PO,569.0,2.0,2024.0,10a,p,498.0,Ayodhya,b4XkXzoGqFY,indicator_10,781,10
2023-09-01,Tarun,t25KkXmkJth,aRueVYr35yM.Ti9FJqkSK6J,253.0,2.0,2024.0,36b,p,501.0,Ayodhya,b4XkXzoGqFY,indicator_36,647,36
2023-09-01,Tarun,t25KkXmkJth,ixBYYYjxXPP,114.0,2.0,2024.0,36a,p,501.0,Ayodhya,b4XkXzoGqFY,indicator_36,647,36
2023-09-01,Tarun,t25KkXmkJth,ui45G8KwpzU.Ti9FJqkSK6J,555.0,2.0,2024.0,2a,p,501.0,Ayodhya,b4XkXzoGqFY,indicator_2,647,2
2023-09-01,Tarun,t25KkXmkJth,GJKYhq2wR9L,627.0,2.0,2024.0,7a,p,501.0,Ayodhya,b4XkXzoGqFY,indicator_7,647,7
2023-09-01,Tarun,t25KkXmkJth,NI0EC5no6PO,642.0,2.0,2024.0,10a,p,501.0,Ayodhya,b4XkXzoGqFY,indicator_10,647,10
2023-09-01,Baskhari,ABuWCL4zW6t,aRueVYr35yM.Ti9FJqkSK6J,383.0,2.0,2024.0,36b,p,505.0,Ambedkar Nagar,jM27ji8tyrM,indicator_36,504,36
2023-09-01,Baskhari,ABuWCL4zW6t,ixBYYYjxXPP,183.0,2.0,2024.0,36a,p,505.0,Ambedkar Nagar,jM27ji8tyrM,indicator_36,504,36
2023-09-01,Baskhari,ABuWCL4zW6t,aRueVYr35yM.Ti9FJqkSK6J,204.0,2.0,2024.0,36b,p,505.0,Ambedkar Nagar,jM27ji8tyrM,indicator_36,504,36
2023-09-01,Baskhari,ABuWCL4zW6t,ui45G8KwpzU.Ti9FJqkSK6J,422.0,2.0,2024.0,2a,p,505.0,Ambedkar Nagar,jM27ji8tyrM,indicator_2,504,2
2023-09-01,Baskhari,ABuWCL4zW6t,GJKYhq2wR9L,465.0,2.0,2024.0,7a,p,505.0,Ambedkar Nagar,jM27ji8tyrM,indicator_7,504,7
2023-09-01,Baskhari,ABuWCL4zW6t,NI0EC5no6PO,424.0,2.0,2024.0,10a,p,505.0,Ambedkar Nagar,jM27ji8tyrM,indicator_10,504,10
2023-09-01,Akaberpur,HHlxYUknESU,aRueVYr35yM.Ti9FJqkSK6J,781.0,2.0,2024.0,36b,p,512.0,Ambedkar Nagar,jM27ji8tyrM,indicator_36,347,36
2023-09-01,Akaberpur,HHlxYUknESU,ixBYYYjxXPP,517.0,2.0,2024.0,36a,p,512.0,Ambedkar Nagar,jM27ji8tyrM,indicator_36,347,36
2023-09-01,Akaberpur,HHlxYUknESU,aRueVYr35yM.Ti9FJqkSK6J,569.0,2.0,2024.0,36b,p,512.0,Ambedkar Nagar,jM27ji8tyrM,indicator_36,347,36
2023-09-01,Akaberpur,HHlxYUknESU,ui45G8KwpzU.Ti9FJqkSK6J,667.0,2.0,2024.0,2a,p,512.0,Ambedkar Nagar,jM27ji8tyrM,indicator_2,347,2
2023-09-01,Akaberpur,HHlxYUknESU,GJKYhq2wR9L,654.0,2.0,2024.0,7a,p,512.0,Ambedkar Nagar,jM27ji8tyrM,indicator_7,347,7
2023-09-01,Akaberpur,HHlxYUknESU,NI0EC5no6PO,1428.0,2.0,2024.0,10a,p,512.0,Ambedkar Nagar,jM27ji8tyrM,indicator_10,347,10
2023-09-01,Bhiyaon,KZ9A7NuGOta,aRueVYr35yM.Ti9FJqkSK6J,518.0,2.0,2024.0,36b,p,509.0,Ambedkar Nagar,jM27ji8tyrM,indicator_36,162,36
2023-09-01,Bhiyaon,KZ9A7NuGOta,ixBYYYjxXPP,68.0,2.0,2024.0,36a,p,509.0,Ambedkar Nagar,jM27ji8tyrM,indicator_36,162,36
2023-09-01,Bhiyaon,KZ9A7NuGOta,aRueVYr35yM.Ti9FJqkSK6J,96.0,2.0,2024.0,36b,p,509.0,Ambedkar Nagar,jM27ji8tyrM,indicator_36,162,36
2023-09-01,Bhiyaon,KZ9A7NuGOta,ui45G8KwpzU.Ti9FJqkSK6J,455.0,2.0,2024.0,2a,p,509.0,Ambedkar Nagar,jM27ji8tyrM,indicator_2,162,2
2023-09-01,Bhiyaon,KZ9A7NuGOta,GJKYhq2wR9L,584.0,2.0,2024.0,7a,p,509.0,Ambedkar Nagar,jM27ji8tyrM,indicator_7,162,7
2023-09-01,Bhiyaon,KZ9A7NuGOta,NI0EC5no6PO,496.0,2.0,2024.0,10a,p,509.0,Ambedkar Nagar,jM27ji8tyrM,indicator_10,162,10
2023-09-01,Ramnagar,M1F33pLSfxi,aRueVYr35yM.Ti9FJqkSK6J,358.0,2.0,2024.0,36b,p,506.0,Ambedkar Nagar,jM27ji8tyrM,indicator_36,448,36
2023-09-01,Ramnagar,M1F33pLSfxi,ixBYYYjxXPP,207.0,2.0,2024.0,36a,p,506.0,Ambedkar Nagar,jM27ji8tyrM,indicator_36,448,36
2023-09-01,Ramnagar,M1F33pLSfxi,aRueVYr35yM.Ti9FJqkSK6J,232.0,2.0,2024.0,36b,p,506.0,Ambedkar Nagar,jM27ji8tyrM,indicator_36,448,36
2023-09-01,Ramnagar,M1F33pLSfxi,ui45G8KwpzU.Ti9FJqkSK6J,463.0,2.0,2024.0,2a,p,506.0,Ambedkar Nagar,jM27ji8tyrM,indicator_2,448,2
2023-09-01,Ramnagar,M1F33pLSfxi,GJKYhq2wR9L,541.0,2.0,2024.0,7a,p,506.0,Ambedkar Nagar,jM27ji8tyrM,indicator_7,448,7
2023-09-01,Ramnagar,M1F33pLSfxi,NI0EC5no6PO,597.0,2.0,2024.0,10a,p,506.0,Ambedkar Nagar,jM27ji8tyrM,indicator_10,448,10
2023-09-01,Bhiti,RiDtZZsck6S,aRueVYr35yM.Ti9FJqkSK6J,186.0,2.0,2024.0,36b,p,510.0,Ambedkar Nagar,jM27ji8tyrM,indicator_36,42,36
2023-09-01,Bhiti,RiDtZZsck6S,ixBYYYjxXPP,115.0,2.0,2024.0,36a,p,510.0,Ambedkar Nagar,jM27ji8tyrM,indicator_36,42,36
2023-09-01,Bhiti,RiDtZZsck6S,aRueVYr35yM.Ti9FJqkSK6J,103.0,2.0,2024.0,36b,p,510.0,Ambedkar Nagar,jM27ji8tyrM,indicator_36,42,36
2023-09-01,Bhiti,RiDtZZsck6S,ui45G8KwpzU.Ti9FJqkSK6J,739.0,2.0,2024.0,2a,p,510.0,Ambedkar Nagar,jM27ji8tyrM,indicator_2,42,2
2023-09-01,Bhiti,RiDtZZsck6S,GJKYhq2wR9L,552.0,2.0,2024.0,7a,p,510.0,Ambedkar Nagar,jM27ji8tyrM,indicator_7,42,7
2023-09-01,Bhiti,RiDtZZsck6S,NI0EC5no6PO,480.0,2.0,2024.0,10a,p,510.0,Ambedkar Nagar,jM27ji8tyrM,indicator_10,42,10
2023-09-01,Katehari,UKkd5HV5vPT,aRueVYr35yM.Ti9FJqkSK6J,443.0,2.0,2024.0,36b,p,511.0,Ambedkar Nagar,jM27ji8tyrM,indicator_36,897,36
2023-09-01,Katehari,UKkd5HV5vPT,ixBYYYjxXPP,135.0,2.0,2024.0,36a,p,511.0,Ambedkar Nagar,jM27ji8tyrM,indicator_36,897,36
2023-09-01,Katehari,UKkd5HV5vPT,aRueVYr35yM.Ti9FJqkSK6J,305.0,2.0,2024.0,36b,p,511.0,Ambedkar Nagar,jM27ji8tyrM,indicator_36,897,36
2023-09-01,Katehari,UKkd5HV5vPT,ui45G8KwpzU.Ti9FJqkSK6J,429.0,2.0,2024.0,2a,p,511.0,Ambedkar Nagar,jM27ji8tyrM,indicator_2,897,2
2023-09-01,Katehari,UKkd5HV5vPT,GJKYhq2wR9L,636.0,2.0,2024.0,7a,p,511.0,Ambedkar Nagar,jM27ji8tyrM,indicator_7,897,7
2023-09-01,Katehari,UKkd5HV5vPT,NI0EC5no6PO,519.0,2.0,2024.0,10a,p,511.0,Ambedkar Nagar,jM27ji8tyrM,indicator_10,897,10
2023-09-01,Tanda,c228prMIirC,aRueVYr35yM.Ti9FJqkSK6J,620.0,2.0,2024.0,36b,p,504.0,Ambedkar Nagar,jM27ji8tyrM,indicator_36,340,36
2023-09-01,Tanda,c228prMIirC,ixBYYYjxXPP,258.0,2.0,2024.0,36a,p,504.0,Ambedkar Nagar,jM27ji8tyrM,indicator_36,340,36
2023-09-01,Tanda,c228prMIirC,aRueVYr35yM.Ti9FJqkSK6J,232.0,2.0,2024.0,36b,p,504.0,Ambedkar Nagar,jM27ji8tyrM,indicator_36,340,36
2023-09-01,Tanda,c228prMIirC,ui45G8KwpzU.Ti9FJqkSK6J,835.0,2.0,2024.0,2a,p,504.0,Ambedkar Nagar,jM27ji8tyrM,indicator_2,340,2
2023-09-01,Tanda,c228prMIirC,GJKYhq2wR9L,825.0,2.0,2024.0,7a,p,504.0,Ambedkar Nagar,jM27ji8tyrM,indicator_7,340,7
2023-09-01,Tanda,c228prMIirC,NI0EC5no6PO,842.0,2.0,2024.0,10a,p,504.0,Ambedkar Nagar,jM27ji8tyrM,indicator_10,340,10
2023-09-01,Ambedkar Nagar  DHQ,dgOT0Nq7Zja,aRueVYr35yM.Ti9FJqkSK6J,257.0,2.0,2024.0,36b,p,,Ambedkar Nagar,jM27ji8tyrM,indicator_36,170,36
2023-09-01,Ambedkar Nagar  DHQ,dgOT0Nq7Zja,ixBYYYjxXPP,0.0,2.0,2024.0,36a,p,,Ambedkar Nagar,jM27ji8tyrM,indicator_36,170,36
2023-09-01,Ambedkar Nagar  DHQ,dgOT0Nq7Zja,ui45G8KwpzU.Ti9FJqkSK6J,297.0,2.0,2024.0,2a,p,,Ambedkar Nagar,jM27ji8tyrM,indicator_2,170,2
2023-09-01,Ambedkar Nagar  DHQ,dgOT0Nq7Zja,GJKYhq2wR9L,382.0,2.0,2024.0,7a,p,,Ambedkar Nagar,jM27ji8tyrM,indicator_7,170,7
2023-09-01,Ambedkar Nagar  DHQ,dgOT0Nq7Zja,NI0EC5no6PO,782.0,2.0,2024.0,10a,p,,Ambedkar Nagar,jM27ji8tyrM,indicator_10,170,10
2023-09-01,Jahangir Ganj,oB6hTaKvzgv,aRueVYr35yM.Ti9FJqkSK6J,325.0,2.0,2024.0,36b,p,507.0,Ambedkar Nagar,jM27ji8tyrM,indicator_36,389,36
2023-09-01,Jahangir Ganj,oB6hTaKvzgv,ixBYYYjxXPP,384.0,2.0,2024.0,36a,p,507.0,Ambedkar Nagar,jM27ji8tyrM,indicator_36,389,36
2023-09-01,Jahangir Ganj,oB6hTaKvzgv,aRueVYr35yM.Ti9FJqkSK6J,257.0,2.0,2024.0,36b,p,507.0,Ambedkar Nagar,jM27ji8tyrM,indicator_36,389,36
2023-09-01,Jahangir Ganj,oB6hTaKvzgv,ui45G8KwpzU.Ti9FJqkSK6J,423.0,2.0,2024.0,2a,p,507.0,Ambedkar Nagar,jM27ji8tyrM,indicator_2,389,2
2023-09-01,Jahangir Ganj,oB6hTaKvzgv,GJKYhq2wR9L,500.0,2.0,2024.0,7a,p,507.0,Ambedkar Nagar,jM27ji8tyrM,indicator_7,389,7
2023-09-01,Jahangir Ganj,oB6hTaKvzgv,NI0EC5no6PO,589.0,2.0,2024.0,10a,p,507.0,Ambedkar Nagar,jM27ji8tyrM,indicator_10,389,10
2023-09-01,Jalapur,zvRpdDBNAj1,aRueVYr35yM.Ti9FJqkSK6J,685.0,2.0,2024.0,36b,p,508.0,Ambedkar Nagar,jM27ji8tyrM,indicator_36,370,36
2023-09-01,Jalapur,zvRpdDBNAj1,ixBYYYjxXPP,0.0,2.0,2024.0,36a,p,508.0,Ambedkar Nagar,jM27ji8tyrM,indicator_36,370,36
2023-09-01,Jalapur,zvRpdDBNAj1,aRueVYr35yM.Ti9FJqkSK6J,430.0,2.0,2024.0,36b,p,508.0,Ambedkar Nagar,jM27ji8tyrM,indicator_36,370,36
2023-09-01,Jalapur,zvRpdDBNAj1,ui45G8KwpzU.Ti9FJqkSK6J,568.0,2.0,2024.0,2a,p,508.0,Ambedkar Nagar,jM27ji8tyrM,indicator_2,370,2
2023-09-01,Jalapur,zvRpdDBNAj1,GJKYhq2wR9L,672.0,2.0,2024.0,7a,p,508.0,Ambedkar Nagar,jM27ji8tyrM,indicator_7,370,7
2023-09-01,Jalapur,zvRpdDBNAj1,NI0EC5no6PO,636.0,2.0,2024.0,10a,p,508.0,Ambedkar Nagar,jM27ji8tyrM,indicator_10,370,10
2023-09-01,Dostpur,AGFzimgfzIo,aRueVYr35yM.Ti9FJqkSK6J,184.0,2.0,2024.0,36b,p,533.0,Sultanpur,o4ZQTVcMI7U,indicator_36,487,36
2023-09-01,Dostpur,AGFzimgfzIo,ixBYYYjxXPP,153.0,2.0,2024.0,36a,p,533.0,Sultanpur,o4ZQTVcMI7U,indicator_36,487,36
2023-09-01,Dostpur,AGFzimgfzIo,aRueVYr35yM.Ti9FJqkSK6J,153.0,2.0,2024.0,36b,p,533.0,Sultanpur,o4ZQTVcMI7U,indicator_36,487,36
2023-09-01,Dostpur,AGFzimgfzIo,ui45G8KwpzU.Ti9FJqkSK6J,365.0,2.0,2024.0,2a,p,533.0,Sultanpur,o4ZQTVcMI7U,indicator_2,487,2
2023-09-01,Dostpur,AGFzimgfzIo,GJKYhq2wR9L,299.0,2.0,2024.0,7a,p,533.0,Sultanpur,o4ZQTVcMI7U,indicator_7,487,7
2023-09-01,Dostpur,AGFzimgfzIo,NI0EC5no6PO,384.0,2.0,2024.0,10a,p,533.0,Sultanpur,o4ZQTVcMI7U,indicator_10,487,10
2023-09-01,Jaisinghpur,BKeRkKcuOgW,aRueVYr35yM.Ti9FJqkSK6J,295.0,2.0,2024.0,36b,p,528.0,Sultanpur,o4ZQTVcMI7U,indicator_36,594,36
2023-09-01,Jaisinghpur,BKeRkKcuOgW,ixBYYYjxXPP,0.0,2.0,2024.0,36a,p,528.0,Sultanpur,o4ZQTVcMI7U,indicator_36,594,36
2023-09-01,Jaisinghpur,BKeRkKcuOgW,ui45G8KwpzU.Ti9FJqkSK6J,366.0,2.0,2024.0,2a,p,528.0,Sultanpur,o4ZQTVcMI7U,indicator_2,594,2
2023-09-01,Jaisinghpur,BKeRkKcuOgW,GJKYhq2wR9L,402.0,2.0,2024.0,7a,p,528.0,Sultanpur,o4ZQTVcMI7U,indicator_7,594,7
2023-09-01,Jaisinghpur,BKeRkKcuOgW,NI0EC5no6PO,533.0,2.0,2024.0,10a,p,528.0,Sultanpur,o4ZQTVcMI7U,indicator_10,594,10
2023-09-01,Dubeypur,C2FFe2TBScZ,aRueVYr35yM.Ti9FJqkSK6J,114.0,2.0,2024.0,36b,p,527.0,Sultanpur,o4ZQTVcMI7U,indicator_36,648,36
2023-09-01,Dubeypur,C2FFe2TBScZ,ixBYYYjxXPP,65.0,2.0,2024.0,36a,p,527.0,Sultanpur,o4ZQTVcMI7U,indicator_36,648,36
2023-09-01,Dubeypur,C2FFe2TBScZ,ui45G8KwpzU.Ti9FJqkSK6J,679.0,2.0,2024.0,2a,p,527.0,Sultanpur,o4ZQTVcMI7U,indicator_2,648,2
2023-09-01,Dubeypur,C2FFe2TBScZ,GJKYhq2wR9L,521.0,2.0,2024.0,7a,p,527.0,Sultanpur,o4ZQTVcMI7U,indicator_7,648,7
2023-09-01,Dubeypur,C2FFe2TBScZ,NI0EC5no6PO,758.0,2.0,2024.0,10a,p,527.0,Sultanpur,o4ZQTVcMI7U,indicator_10,648,10
2023-09-01,Sultanpur DHQ,L7J6pfX9JCH,aRueVYr35yM.Ti9FJqkSK6J,1033.0,2.0,2024.0,36b,p,,Sultanpur,o4ZQTVcMI7U,indicator_36,550,36
2023-09-01,Sultanpur DHQ,L7J6pfX9JCH,ixBYYYjxXPP,0.0,2.0,2024.0,36a,p,,Sultanpur,o4ZQTVcMI7U,indicator_36,550,36
2023-09-01,Sultanpur DHQ,L7J6pfX9JCH,ui45G8KwpzU.Ti9FJqkSK6J,1033.0,2.0,2024.0,2a,p,,Sultanpur,o4ZQTVcMI7U,indicator_2,550,2
2023-09-01,Sultanpur DHQ,L7J6pfX9JCH,GJKYhq2wR9L,221.0,2.0,2024.0,7a,p,,Sultanpur,o4ZQTVcMI7U,indicator_7,550,7
2023-09-01,Sultanpur DHQ,L7J6pfX9JCH,NI0EC5no6PO,1268.0,2.0,2024.0,10a,p,,Sultanpur,o4ZQTVcMI7U,indicator_10,550,10
2023-09-01,Dhanpatganj,LNiRZH5vfaY,aRueVYr35yM.Ti9FJqkSK6J,155.0,2.0,2024.0,36b,p,524.0,Sultanpur,o4ZQTVcMI7U,indicator_36,787,36
2023-09-01,Dhanpatganj,LNiRZH5vfaY,ixBYYYjxXPP,0.0,2.0,2024.0,36a,p,524.0,Sultanpur,o4ZQTVcMI7U,indicator_36,787,36
2023-09-01,Dhanpatganj,LNiRZH5vfaY,ui45G8KwpzU.Ti9FJqkSK6J,316.0,2.0,2024.0,2a,p,524.0,Sultanpur,o4ZQTVcMI7U,indicator_2,787,2
2023-09-01,Dhanpatganj,LNiRZH5vfaY,GJKYhq2wR9L,359.0,2.0,2024.0,7a,p,524.0,Sultanpur,o4ZQTVcMI7U,indicator_7,787,7
2023-09-01,Dhanpatganj,LNiRZH5vfaY,NI0EC5no6PO,514.0,2.0,2024.0,10a,p,524.0,Sultanpur,o4ZQTVcMI7U,indicator_10,787,10
2023-09-01,Lambhua,O0G9BMkbU7f,aRueVYr35yM.Ti9FJqkSK6J,233.0,2.0,2024.0,36b,p,531.0,Sultanpur,o4ZQTVcMI7U,indicator_36,649,36
2023-09-01,Lambhua,O0G9BMkbU7f,ixBYYYjxXPP,0.0,2.0,2024.0,36a,p,531.0,Sultanpur,o4ZQTVcMI7U,indicator_36,649,36
2023-09-01,Lambhua,O0G9BMkbU7f,ui45G8KwpzU.Ti9FJqkSK6J,503.0,2.0,2024.0,2a,p,531.0,Sultanpur,o4ZQTVcMI7U,indicator_2,649,2
2023-09-01,Lambhua,O0G9BMkbU7f,GJKYhq2wR9L,312.0,2.0,2024.0,7a,p,531.0,Sultanpur,o4ZQTVcMI7U,indicator_7,649,7
2023-09-01,Lambhua,O0G9BMkbU7f,NI0EC5no6PO,941.0,2.0,2024.0,10a,p,531.0,Sultanpur,o4ZQTVcMI7U,indicator_10,649,10
2023-09-01,Kurwar,Sz7oQppp6s9,aRueVYr35yM.Ti9FJqkSK6J,245.0,2.0,2024.0,36b,p,526.0,Sultanpur,o4ZQTVcMI7U,indicator_36,602,36
2023-09-01,Kurwar,Sz7oQppp6s9,ixBYYYjxXPP,210.0,2.0,2024.0,36a,p,526.0,Sultanpur,o4ZQTVcMI7U,indicator_36,602,36
2023-09-01,Kurwar,Sz7oQppp6s9,ui45G8KwpzU.Ti9FJqkSK6J,292.0,2.0,2024.0,2a,p,526.0,Sultanpur,o4ZQTVcMI7U,indicator_2,602,2
2023-09-01,Kurwar,Sz7oQppp6s9,GJKYhq2wR9L,456.0,2.0,2024.0,7a,p,526.0,Sultanpur,o4ZQTVcMI7U,indicator_7,602,7
2023-09-01,Kurwar,Sz7oQppp6s9,NI0EC5no6PO,417.0,2.0,2024.0,10a,p,526.0,Sultanpur,o4ZQTVcMI7U,indicator_10,602,10
2023-09-01,Karaudikala,Tt3G0qCamwa,aRueVYr35yM.Ti9FJqkSK6J,94.0,2.0,2024.0,36b,p,536.0,Sultanpur,o4ZQTVcMI7U,indicator_36,914,36
2023-09-01,Karaudikala,Tt3G0qCamwa,ixBYYYjxXPP,0.0,2.0,2024.0,36a,p,536.0,Sultanpur,o4ZQTVcMI7U,indicator_36,914,36
2023-09-01,Karaudikala,Tt3G0qCamwa,ui45G8KwpzU.Ti9FJqkSK6J,339.0,2.0,2024.0,2a,p,536.0,Sultanpur,o4ZQTVcMI7U,indicator_2,914,2
2023-09-01,Karaudikala,Tt3G0qCamwa,GJKYhq2wR9L,207.0,2.0,2024.0,7a,p,536.0,Sultanpur,o4ZQTVcMI7U,indicator_7,914,7
2023-09-01,Karaudikala,Tt3G0qCamwa,NI0EC5no6PO,262.0,2.0,2024.0,10a,p,536.0,Sultanpur,o4ZQTVcMI7U,indicator_10,914,10
2023-09-01,Baldirai,VPN370bubCz,aRueVYr35yM.Ti9FJqkSK6J,273.0,2.0,2024.0,36b,p,516.0,Sultanpur,o4ZQTVcMI7U,indicator_36,299,36
2023-09-01,Baldirai,VPN370bubCz,ixBYYYjxXPP,276.0,2.0,2024.0,36a,p,516.0,Sultanpur,o4ZQTVcMI7U,indicator_36,299,36
2023-09-01,Baldirai,VPN370bubCz,ui45G8KwpzU.Ti9FJqkSK6J,384.0,2.0,2024.0,2a,p,516.0,Sultanpur,o4ZQTVcMI7U,indicator_2,299,2
2023-09-01,Baldirai,VPN370bubCz,GJKYhq2wR9L,398.0,2.0,2024.0,7a,p,516.0,Sultanpur,o4ZQTVcMI7U,indicator_7,299,7
2023-09-01,Baldirai,VPN370bubCz,NI0EC5no6PO,762.0,2.0,2024.0,10a,p,516.0,Sultanpur,o4ZQTVcMI7U,indicator_10,299,10
2023-09-01,Akhandnagar,bUb6dbgNp7o,aRueVYr35yM.Ti9FJqkSK6J,147.0,2.0,2024.0,36b,p,535.0,Sultanpur,o4ZQTVcMI7U,indicator_36,485,36
2023-09-01,Akhandnagar,bUb6dbgNp7o,ixBYYYjxXPP,147.0,2.0,2024.0,36a,p,535.0,Sultanpur,o4ZQTVcMI7U,indicator_36,485,36
2023-09-01,Akhandnagar,bUb6dbgNp7o,ui45G8KwpzU.Ti9FJqkSK6J,313.0,2.0,2024.0,2a,p,535.0,Sultanpur,o4ZQTVcMI7U,indicator_2,485,2
2023-09-01,Akhandnagar,bUb6dbgNp7o,GJKYhq2wR9L,314.0,2.0,2024.0,7a,p,535.0,Sultanpur,o4ZQTVcMI7U,indicator_7,485,7
2023-09-01,Akhandnagar,bUb6dbgNp7o,NI0EC5no6PO,580.0,2.0,2024.0,10a,p,535.0,Sultanpur,o4ZQTVcMI7U,indicator_10,485,10
2023-09-01,Kadipur,f8FnEAgiGOz,aRueVYr35yM.Ti9FJqkSK6J,167.0,2.0,2024.0,36b,p,534.0,Sultanpur,o4ZQTVcMI7U,indicator_36,405,36
2023-09-01,Kadipur,f8FnEAgiGOz,ixBYYYjxXPP,122.0,2.0,2024.0,36a,p,534.0,Sultanpur,o4ZQTVcMI7U,indicator_36,405,36
2023-09-01,Kadipur,f8FnEAgiGOz,ui45G8KwpzU.Ti9FJqkSK6J,370.0,2.0,2024.0,2a,p,534.0,Sultanpur,o4ZQTVcMI7U,indicator_2,405,2
2023-09-01,Kadipur,f8FnEAgiGOz,GJKYhq2wR9L,238.0,2.0,2024.0,7a,p,534.0,Sultanpur,o4ZQTVcMI7U,indicator_7,405,7
2023-09-01,Kadipur,f8FnEAgiGOz,NI0EC5no6PO,404.0,2.0,2024.0,10a,p,534.0,Sultanpur,o4ZQTVcMI7U,indicator_10,405,10
2023-09-01,Motigarpur,hcBv6xoPmri,aRueVYr35yM.Ti9FJqkSK6J,146.0,2.0,2024.0,36b,p,529.0,Sultanpur,o4ZQTVcMI7U,indicator_36,760,36
2023-09-01,Motigarpur,hcBv6xoPmri,ixBYYYjxXPP,105.0,2.0,2024.0,36a,p,529.0,Sultanpur,o4ZQTVcMI7U,indicator_36,760,36
2023-09-01,Motigarpur,hcBv6xoPmri,ui45G8KwpzU.Ti9FJqkSK6J,240.0,2.0,2024.0,2a,p,529.0,Sultanpur,o4ZQTVcMI7U,indicator_2,760,2
2023-09-01,Motigarpur,hcBv6xoPmri,GJKYhq2wR9L,244.0,2.0,2024.0,7a,p,529.0,Sultanpur,o4ZQTVcMI7U,indicator_7,760,7
2023-09-01,Motigarpur,hcBv6xoPmri,NI0EC5no6PO,335.0,2.0,2024.0,10a,p,529.0,Sultanpur,o4ZQTVcMI7U,indicator_10,760,10
2023-09-01,Bhadaiyan,vXwJYqDZIzf,aRueVYr35yM.Ti9FJqkSK6J,161.0,2.0,2024.0,36b,p,530.0,Sultanpur,o4ZQTVcMI7U,indicator_36,279,36
2023-09-01,Bhadaiyan,vXwJYqDZIzf,ixBYYYjxXPP,112.0,2.0,2024.0,36a,p,530.0,Sultanpur,o4ZQTVcMI7U,indicator_36,279,36
2023-09-01,Bhadaiyan,vXwJYqDZIzf,ui45G8KwpzU.Ti9FJqkSK6J,545.0,2.0,2024.0,2a,p,530.0,Sultanpur,o4ZQTVcMI7U,indicator_2,279,2
2023-09-01,Bhadaiyan,vXwJYqDZIzf,GJKYhq2wR9L,290.0,2.0,2024.0,7a,p,530.0,Sultanpur,o4ZQTVcMI7U,indicator_7,279,7
2023-09-01,Bhadaiyan,vXwJYqDZIzf,NI0EC5no6PO,693.0,2.0,2024.0,10a,p,530.0,Sultanpur,o4ZQTVcMI7U,indicator_10,279,10
2023-09-01,PP Kamaicha,wDcv6om3WT1,aRueVYr35yM.Ti9FJqkSK6J,169.0,2.0,2024.0,36b,p,532.0,Sultanpur,o4ZQTVcMI7U,indicator_36,655,36
2023-09-01,PP Kamaicha,wDcv6om3WT1,ixBYYYjxXPP,112.0,2.0,2024.0,36a,p,532.0,Sultanpur,o4ZQTVcMI7U,indicator_36,655,36
2023-09-01,PP Kamaicha,wDcv6om3WT1,ui45G8KwpzU.Ti9FJqkSK6J,305.0,2.0,2024.0,2a,p,532.0,Sultanpur,o4ZQTVcMI7U,indicator_2,655,2
2023-09-01,PP Kamaicha,wDcv6om3WT1,GJKYhq2wR9L,286.0,2.0,2024.0,7a,p,532.0,Sultanpur,o4ZQTVcMI7U,indicator_7,655,7
2023-09-01,PP Kamaicha,wDcv6om3WT1,NI0EC5no6PO,402.0,2.0,2024.0,10a,p,532.0,Sultanpur,o4ZQTVcMI7U,indicator_10,655,10
2023-09-01,Kurebhar,wzWcav8jSNr,aRueVYr35yM.Ti9FJqkSK6J,194.0,2.0,2024.0,36b,p,525.0,Sultanpur,o4ZQTVcMI7U,indicator_36,25,36
2023-09-01,Kurebhar,wzWcav8jSNr,ixBYYYjxXPP,0.0,2.0,2024.0,36a,p,525.0,Sultanpur,o4ZQTVcMI7U,indicator_36,25,36
2023-09-01,Kurebhar,wzWcav8jSNr,ui45G8KwpzU.Ti9FJqkSK6J,367.0,2.0,2024.0,2a,p,525.0,Sultanpur,o4ZQTVcMI7U,indicator_2,25,2
2023-09-01,Kurebhar,wzWcav8jSNr,GJKYhq2wR9L,371.0,2.0,2024.0,7a,p,525.0,Sultanpur,o4ZQTVcMI7U,indicator_7,25,7
2023-09-01,Kurebhar,wzWcav8jSNr,NI0EC5no6PO,413.0,2.0,2024.0,10a,p,525.0,Sultanpur,o4ZQTVcMI7U,indicator_10,25,10
2023-09-01,Khair,AN2dWDiHkBb,aRueVYr35yM.Ti9FJqkSK6J,278.0,2.0,2024.0,36b,p,109.0,Aligarh,frD2HOp3wAs,indicator_36,68,36
2023-09-01,Khair,AN2dWDiHkBb,ui45G8KwpzU.Ti9FJqkSK6J,701.0,2.0,2024.0,2a,p,109.0,Aligarh,frD2HOp3wAs,indicator_2,68,2
2023-09-01,Khair,AN2dWDiHkBb,GJKYhq2wR9L,520.0,2.0,2024.0,7a,p,109.0,Aligarh,frD2HOp3wAs,indicator_7,68,7
2023-09-01,Khair,AN2dWDiHkBb,NI0EC5no6PO,681.0,2.0,2024.0,10a,p,109.0,Aligarh,frD2HOp3wAs,indicator_10,68,10
2023-09-01,Tappal,ARlYpTrc811,aRueVYr35yM.Ti9FJqkSK6J,277.0,2.0,2024.0,36b,p,108.0,Aligarh,frD2HOp3wAs,indicator_36,579,36
2023-09-01,Tappal,ARlYpTrc811,ixBYYYjxXPP,326.0,2.0,2024.0,36a,p,108.0,Aligarh,frD2HOp3wAs,indicator_36,579,36
2023-09-01,Tappal,ARlYpTrc811,ui45G8KwpzU.Ti9FJqkSK6J,738.0,2.0,2024.0,2a,p,108.0,Aligarh,frD2HOp3wAs,indicator_2,579,2
2023-09-01,Tappal,ARlYpTrc811,GJKYhq2wR9L,531.0,2.0,2024.0,7a,p,108.0,Aligarh,frD2HOp3wAs,indicator_7,579,7
2023-09-01,Tappal,ARlYpTrc811,NI0EC5no6PO,738.0,2.0,2024.0,10a,p,108.0,Aligarh,frD2HOp3wAs,indicator_10,579,10
2023-09-01,Aligarh DHQ,Ae6KfBl84FW,aRueVYr35yM.Ti9FJqkSK6J,4730.0,2.0,2024.0,36b,p,,Aligarh,frD2HOp3wAs,indicator_36,793,36
2023-09-01,Aligarh DHQ,Ae6KfBl84FW,ixBYYYjxXPP,2058.0,2.0,2024.0,36a,p,,Aligarh,frD2HOp3wAs,indicator_36,793,36
2023-09-01,Aligarh DHQ,Ae6KfBl84FW,aRueVYr35yM.Ti9FJqkSK6J,2379.0,2.0,2024.0,36b,p,,Aligarh,frD2HOp3wAs,indicator_36,793,36
2023-09-01,Aligarh DHQ,Ae6KfBl84FW,ui45G8KwpzU.Ti9FJqkSK6J,3916.0,2.0,2024.0,2a,p,,Aligarh,frD2HOp3wAs,indicator_2,793,2
2023-09-01,Aligarh DHQ,Ae6KfBl84FW,GJKYhq2wR9L,2999.0,2.0,2024.0,7a,p,,Aligarh,frD2HOp3wAs,indicator_7,793,7
2023-09-01,Aligarh DHQ,Ae6KfBl84FW,NI0EC5no6PO,5357.0,2.0,2024.0,10a,p,,Aligarh,frD2HOp3wAs,indicator_10,793,10
2023-09-01,Dhnipur,DeIlv8osqJa,aRueVYr35yM.Ti9FJqkSK6J,227.0,2.0,2024.0,36b,p,113.0,Aligarh,frD2HOp3wAs,indicator_36,711,36
2023-09-01,Dhnipur,DeIlv8osqJa,ixBYYYjxXPP,0.0,2.0,2024.0,36a,p,113.0,Aligarh,frD2HOp3wAs,indicator_36,711,36
2023-09-01,Dhnipur,DeIlv8osqJa,ui45G8KwpzU.Ti9FJqkSK6J,932.0,2.0,2024.0,2a,p,113.0,Aligarh,frD2HOp3wAs,indicator_2,711,2
2023-09-01,Dhnipur,DeIlv8osqJa,GJKYhq2wR9L,528.0,2.0,2024.0,7a,p,113.0,Aligarh,frD2HOp3wAs,indicator_7,711,7
2023-09-01,Dhnipur,DeIlv8osqJa,NI0EC5no6PO,857.0,2.0,2024.0,10a,p,113.0,Aligarh,frD2HOp3wAs,indicator_10,711,10
2023-09-01,Atrauli,O5BIieG3GQR,aRueVYr35yM.Ti9FJqkSK6J,548.0,2.0,2024.0,36b,p,115.0,Aligarh,frD2HOp3wAs,indicator_36,654,36
2023-09-01,Atrauli,O5BIieG3GQR,ixBYYYjxXPP,206.0,2.0,2024.0,36a,p,115.0,Aligarh,frD2HOp3wAs,indicator_36,654,36
2023-09-01,Atrauli,O5BIieG3GQR,ui45G8KwpzU.Ti9FJqkSK6J,850.0,2.0,2024.0,2a,p,115.0,Aligarh,frD2HOp3wAs,indicator_2,654,2
2023-09-01,Atrauli,O5BIieG3GQR,GJKYhq2wR9L,662.0,2.0,2024.0,7a,p,115.0,Aligarh,frD2HOp3wAs,indicator_7,654,7
2023-09-01,Atrauli,O5BIieG3GQR,NI0EC5no6PO,1109.0,2.0,2024.0,10a,p,115.0,Aligarh,frD2HOp3wAs,indicator_10,654,10
2023-09-01,Bijoli,Pf9sH55x9lG,aRueVYr35yM.Ti9FJqkSK6J,224.0,2.0,2024.0,36b,p,116.0,Aligarh,frD2HOp3wAs,indicator_36,421,36
2023-09-01,Bijoli,Pf9sH55x9lG,ixBYYYjxXPP,161.0,2.0,2024.0,36a,p,116.0,Aligarh,frD2HOp3wAs,indicator_36,421,36
2023-09-01,Bijoli,Pf9sH55x9lG,ui45G8KwpzU.Ti9FJqkSK6J,688.0,2.0,2024.0,2a,p,116.0,Aligarh,frD2HOp3wAs,indicator_2,421,2
2023-09-01,Bijoli,Pf9sH55x9lG,GJKYhq2wR9L,396.0,2.0,2024.0,7a,p,116.0,Aligarh,frD2HOp3wAs,indicator_7,421,7
2023-09-01,Bijoli,Pf9sH55x9lG,NI0EC5no6PO,619.0,2.0,2024.0,10a,p,116.0,Aligarh,frD2HOp3wAs,indicator_10,421,10
2023-09-01,Gagiri,S842tHqLUI1,aRueVYr35yM.Ti9FJqkSK6J,523.0,2.0,2024.0,36b,p,117.0,Aligarh,frD2HOp3wAs,indicator_36,464,36
2023-09-01,Gagiri,S842tHqLUI1,ixBYYYjxXPP,331.0,2.0,2024.0,36a,p,117.0,Aligarh,frD2HOp3wAs,indicator_36,464,36
2023-09-01,Gagiri,S842tHqLUI1,ui45G8KwpzU.Ti9FJqkSK6J,825.0,2.0,2024.0,2a,p,117.0,Aligarh,frD2HOp3wAs,indicator_2,464,2
2023-09-01,Gagiri,S842tHqLUI1,GJKYhq2wR9L,753.0,2.0,2024.0,7a,p,117.0,Aligarh,frD2HOp3wAs,indicator_7,464,7
2023-09-01,Gagiri,S842tHqLUI1,NI0EC5no6PO,828.0,2.0,2024.0,10a,p,117.0,Aligarh,frD2HOp3wAs,indicator_10,464,10
2023-09-01,Akrabad,WFVLpMb2xKo,aRueVYr35yM.Ti9FJqkSK6J,263.0,2.0,2024.0,36b,p,114.0,Aligarh,frD2HOp3wAs,indicator_36,856,36
2023-09-01,Akrabad,WFVLpMb2xKo,ixBYYYjxXPP,426.0,2.0,2024.0,36a,p,114.0,Aligarh,frD2HOp3wAs,indicator_36,856,36
2023-09-01,Akrabad,WFVLpMb2xKo,ui45G8KwpzU.Ti9FJqkSK6J,552.0,2.0,2024.0,2a,p,114.0,Aligarh,frD2HOp3wAs,indicator_2,856,2
2023-09-01,Akrabad,WFVLpMb2xKo,GJKYhq2wR9L,651.0,2.0,2024.0,7a,p,114.0,Aligarh,frD2HOp3wAs,indicator_7,856,7
2023-09-01,Akrabad,WFVLpMb2xKo,NI0EC5no6PO,827.0,2.0,2024.0,10a,p,114.0,Aligarh,frD2HOp3wAs,indicator_10,856,10
2023-09-01,Iglas,XYBTVZE0LeN,aRueVYr35yM.Ti9FJqkSK6J,319.0,2.0,2024.0,36b,p,119.0,Aligarh,frD2HOp3wAs,indicator_36,295,36
2023-09-01,Iglas,XYBTVZE0LeN,ixBYYYjxXPP,155.0,2.0,2024.0,36a,p,119.0,Aligarh,frD2HOp3wAs,indicator_36,295,36
2023-09-01,Iglas,XYBTVZE0LeN,ui45G8KwpzU.Ti9FJqkSK6J,835.0,2.0,2024.0,2a,p,119.0,Aligarh,frD2HOp3wAs,indicator_2,295,2
2023-09-01,Iglas,XYBTVZE0LeN,GJKYhq2wR9L,524.0,2.0,2024.0,7a,p,119.0,Aligarh,frD2HOp3wAs,indicator_7,295,7
2023-09-01,Iglas,XYBTVZE0LeN,NI0EC5no6PO,931.0,2.0,2024.0,10a,p,119.0,Aligarh,frD2HOp3wAs,indicator_10,295,10
2023-09-01,Lodha,fDgjRPtNpqt,aRueVYr35yM.Ti9FJqkSK6J,169.0,2.0,2024.0,36b,p,112.0,Aligarh,frD2HOp3wAs,indicator_36,111,36
2023-09-01,Lodha,fDgjRPtNpqt,ixBYYYjxXPP,132.0,2.0,2024.0,36a,p,112.0,Aligarh,frD2HOp3wAs,indicator_36,111,36
2023-09-01,Lodha,fDgjRPtNpqt,ui45G8KwpzU.Ti9FJqkSK6J,806.0,2.0,2024.0,2a,p,112.0,Aligarh,frD2HOp3wAs,indicator_2,111,2
2023-09-01,Lodha,fDgjRPtNpqt,GJKYhq2wR9L,644.0,2.0,2024.0,7a,p,112.0,Aligarh,frD2HOp3wAs,indicator_7,111,7
2023-09-01,Lodha,fDgjRPtNpqt,NI0EC5no6PO,856.0,2.0,2024.0,10a,p,112.0,Aligarh,frD2HOp3wAs,indicator_10,111,10
2023-09-01,Gonda,jkV9lhxAuuK,aRueVYr35yM.Ti9FJqkSK6J,145.0,2.0,2024.0,36b,p,118.0,Aligarh,frD2HOp3wAs,indicator_36,34,36
2023-09-01,Gonda,jkV9lhxAuuK,ixBYYYjxXPP,102.0,2.0,2024.0,36a,p,118.0,Aligarh,frD2HOp3wAs,indicator_36,34,36
2023-09-01,Gonda,jkV9lhxAuuK,ui45G8KwpzU.Ti9FJqkSK6J,477.0,2.0,2024.0,2a,p,118.0,Aligarh,frD2HOp3wAs,indicator_2,34,2
2023-09-01,Gonda,jkV9lhxAuuK,GJKYhq2wR9L,563.0,2.0,2024.0,7a,p,118.0,Aligarh,frD2HOp3wAs,indicator_7,34,7
2023-09-01,Gonda,jkV9lhxAuuK,NI0EC5no6PO,635.0,2.0,2024.0,10a,p,118.0,Aligarh,frD2HOp3wAs,indicator_10,34,10
2023-09-01,Jawan,nYlhMfttxtb,aRueVYr35yM.Ti9FJqkSK6J,212.0,2.0,2024.0,36b,p,111.0,Aligarh,frD2HOp3wAs,indicator_36,350,36
2023-09-01,Jawan,nYlhMfttxtb,ixBYYYjxXPP,180.0,2.0,2024.0,36a,p,111.0,Aligarh,frD2HOp3wAs,indicator_36,350,36
2023-09-01,Jawan,nYlhMfttxtb,ui45G8KwpzU.Ti9FJqkSK6J,723.0,2.0,2024.0,2a,p,111.0,Aligarh,frD2HOp3wAs,indicator_2,350,2
2023-09-01,Jawan,nYlhMfttxtb,GJKYhq2wR9L,685.0,2.0,2024.0,7a,p,111.0,Aligarh,frD2HOp3wAs,indicator_7,350,7
2023-09-01,Jawan,nYlhMfttxtb,NI0EC5no6PO,695.0,2.0,2024.0,10a,p,111.0,Aligarh,frD2HOp3wAs,indicator_10,350,10
2023-09-01,Chandaus,oV5iZQFUzGo,aRueVYr35yM.Ti9FJqkSK6J,287.0,2.0,2024.0,36b,p,110.0,Aligarh,frD2HOp3wAs,indicator_36,466,36
2023-09-01,Chandaus,oV5iZQFUzGo,ixBYYYjxXPP,162.0,2.0,2024.0,36a,p,110.0,Aligarh,frD2HOp3wAs,indicator_36,466,36
2023-09-01,Chandaus,oV5iZQFUzGo,ui45G8KwpzU.Ti9FJqkSK6J,608.0,2.0,2024.0,2a,p,110.0,Aligarh,frD2HOp3wAs,indicator_2,466,2
2023-09-01,Chandaus,oV5iZQFUzGo,GJKYhq2wR9L,462.0,2.0,2024.0,7a,p,110.0,Aligarh,frD2HOp3wAs,indicator_7,466,7
2023-09-01,Chandaus,oV5iZQFUzGo,NI0EC5no6PO,732.0,2.0,2024.0,10a,p,110.0,Aligarh,frD2HOp3wAs,indicator_10,466,10
2023-09-01,Ghazipur Manihari,APE5J6eTM3s,aRueVYr35yM.Ti9FJqkSK6J,138.0,2.0,2024.0,36b,p,749.0,Ghazipur,dScWdMRN8PL,indicator_36,238,36
2023-09-01,Ghazipur Manihari,APE5J6eTM3s,ixBYYYjxXPP,125.0,2.0,2024.0,36a,p,749.0,Ghazipur,dScWdMRN8PL,indicator_36,238,36
2023-09-01,Ghazipur Manihari,APE5J6eTM3s,ui45G8KwpzU.Ti9FJqkSK6J,473.0,2.0,2024.0,2a,p,749.0,Ghazipur,dScWdMRN8PL,indicator_2,238,2
2023-09-01,Ghazipur Manihari,APE5J6eTM3s,GJKYhq2wR9L,503.0,2.0,2024.0,7a,p,749.0,Ghazipur,dScWdMRN8PL,indicator_7,238,7
2023-09-01,Ghazipur Manihari,APE5J6eTM3s,NI0EC5no6PO,551.0,2.0,2024.0,10a,p,749.0,Ghazipur,dScWdMRN8PL,indicator_10,238,10
2023-09-01,Ghazipur Mahmudabad,ISeQXIbXref,aRueVYr35yM.Ti9FJqkSK6J,512.0,2.0,2024.0,36b,p,759.0,Ghazipur,dScWdMRN8PL,indicator_36,413,36
2023-09-01,Ghazipur Mahmudabad,ISeQXIbXref,ixBYYYjxXPP,227.0,2.0,2024.0,36a,p,759.0,Ghazipur,dScWdMRN8PL,indicator_36,413,36
2023-09-01,Ghazipur Mahmudabad,ISeQXIbXref,ui45G8KwpzU.Ti9FJqkSK6J,792.0,2.0,2024.0,2a,p,759.0,Ghazipur,dScWdMRN8PL,indicator_2,413,2
2023-09-01,Ghazipur Mahmudabad,ISeQXIbXref,GJKYhq2wR9L,687.0,2.0,2024.0,7a,p,759.0,Ghazipur,dScWdMRN8PL,indicator_7,413,7
2023-09-01,Ghazipur Mahmudabad,ISeQXIbXref,NI0EC5no6PO,678.0,2.0,2024.0,10a,p,759.0,Ghazipur,dScWdMRN8PL,indicator_10,413,10
2023-09-01,Ghazipur Karanda,J01CgvckM2C,aRueVYr35yM.Ti9FJqkSK6J,218.0,2.0,2024.0,36b,p,756.0,Ghazipur,dScWdMRN8PL,indicator_36,692,36
2023-09-01,Ghazipur Karanda,J01CgvckM2C,ui45G8KwpzU.Ti9FJqkSK6J,385.0,2.0,2024.0,2a,p,756.0,Ghazipur,dScWdMRN8PL,indicator_2,692,2
2023-09-01,Ghazipur Karanda,J01CgvckM2C,GJKYhq2wR9L,292.0,2.0,2024.0,7a,p,756.0,Ghazipur,dScWdMRN8PL,indicator_7,692,7
2023-09-01,Ghazipur Karanda,J01CgvckM2C,NI0EC5no6PO,489.0,2.0,2024.0,10a,p,756.0,Ghazipur,dScWdMRN8PL,indicator_10,692,10
2023-09-01,Ghazipur Badhora,KkUxdrYeeXC,aRueVYr35yM.Ti9FJqkSK6J,331.0,2.0,2024.0,36b,p,763.0,Ghazipur,dScWdMRN8PL,indicator_36,712,36
2023-09-01,Ghazipur Badhora,KkUxdrYeeXC,ui45G8KwpzU.Ti9FJqkSK6J,795.0,2.0,2024.0,2a,p,763.0,Ghazipur,dScWdMRN8PL,indicator_2,712,2
2023-09-01,Ghazipur Badhora,KkUxdrYeeXC,GJKYhq2wR9L,623.0,2.0,2024.0,7a,p,763.0,Ghazipur,dScWdMRN8PL,indicator_7,712,7
2023-09-01,Ghazipur Badhora,KkUxdrYeeXC,NI0EC5no6PO,976.0,2.0,2024.0,10a,p,763.0,Ghazipur,dScWdMRN8PL,indicator_10,712,10
2023-09-01,Ghazipur Jakahania,NbXqavwiDug,aRueVYr35yM.Ti9FJqkSK6J,314.0,2.0,2024.0,36b,p,748.0,Ghazipur,dScWdMRN8PL,indicator_36,610,36
2023-09-01,Ghazipur Jakahania,NbXqavwiDug,ixBYYYjxXPP,196.0,2.0,2024.0,36a,p,748.0,Ghazipur,dScWdMRN8PL,indicator_36,610,36
2023-09-01,Ghazipur Jakahania,NbXqavwiDug,ui45G8KwpzU.Ti9FJqkSK6J,467.0,2.0,2024.0,2a,p,748.0,Ghazipur,dScWdMRN8PL,indicator_2,610,2
2023-09-01,Ghazipur Jakahania,NbXqavwiDug,GJKYhq2wR9L,463.0,2.0,2024.0,7a,p,748.0,Ghazipur,dScWdMRN8PL,indicator_7,610,7
2023-09-01,Ghazipur Jakahania,NbXqavwiDug,NI0EC5no6PO,647.0,2.0,2024.0,10a,p,748.0,Ghazipur,dScWdMRN8PL,indicator_10,610,10
2023-09-01,Ghazipur Saidpur,OFvD8TPE8bU,aRueVYr35yM.Ti9FJqkSK6J,552.0,2.0,2024.0,36b,p,751.0,Ghazipur,dScWdMRN8PL,indicator_36,893,36
2023-09-01,Ghazipur Saidpur,OFvD8TPE8bU,ixBYYYjxXPP,445.0,2.0,2024.0,36a,p,751.0,Ghazipur,dScWdMRN8PL,indicator_36,893,36
2023-09-01,Ghazipur Saidpur,OFvD8TPE8bU,ui45G8KwpzU.Ti9FJqkSK6J,596.0,2.0,2024.0,2a,p,751.0,Ghazipur,dScWdMRN8PL,indicator_2,893,2
2023-09-01,Ghazipur Saidpur,OFvD8TPE8bU,GJKYhq2wR9L,548.0,2.0,2024.0,7a,p,751.0,Ghazipur,dScWdMRN8PL,indicator_7,893,7
2023-09-01,Ghazipur Saidpur,OFvD8TPE8bU,NI0EC5no6PO,596.0,2.0,2024.0,10a,p,751.0,Ghazipur,dScWdMRN8PL,indicator_10,893,10
2023-09-01,Ghazipur DHQ,PEDIETmpZdA,aRueVYr35yM.Ti9FJqkSK6J,512.0,2.0,2024.0,36b,p,,Ghazipur,dScWdMRN8PL,indicator_36,486,36
2023-09-01,Ghazipur DHQ,PEDIETmpZdA,ixBYYYjxXPP,0.0,2.0,2024.0,36a,p,,Ghazipur,dScWdMRN8PL,indicator_36,486,36
2023-09-01,Ghazipur DHQ,PEDIETmpZdA,aRueVYr35yM.Ti9FJqkSK6J,421.0,2.0,2024.0,36b,p,,Ghazipur,dScWdMRN8PL,indicator_36,486,36
2023-09-01,Ghazipur DHQ,PEDIETmpZdA,ui45G8KwpzU.Ti9FJqkSK6J,111.0,2.0,2024.0,2a,p,,Ghazipur,dScWdMRN8PL,indicator_2,486,2
2023-09-01,Ghazipur DHQ,PEDIETmpZdA,GJKYhq2wR9L,131.0,2.0,2024.0,7a,p,,Ghazipur,dScWdMRN8PL,indicator_7,486,7
2023-09-01,Ghazipur DHQ,PEDIETmpZdA,NI0EC5no6PO,398.0,2.0,2024.0,10a,p,,Ghazipur,dScWdMRN8PL,indicator_10,486,10
2023-09-01,Ghazipur Barachwar,SQuL6ZdC6LY,aRueVYr35yM.Ti9FJqkSK6J,259.0,2.0,2024.0,36b,p,758.0,Ghazipur,dScWdMRN8PL,indicator_36,882,36
2023-09-01,Ghazipur Barachwar,SQuL6ZdC6LY,ixBYYYjxXPP,206.0,2.0,2024.0,36a,p,758.0,Ghazipur,dScWdMRN8PL,indicator_36,882,36
2023-09-01,Ghazipur Barachwar,SQuL6ZdC6LY,ui45G8KwpzU.Ti9FJqkSK6J,558.0,2.0,2024.0,2a,p,758.0,Ghazipur,dScWdMRN8PL,indicator_2,882,2
2023-09-01,Ghazipur Barachwar,SQuL6ZdC6LY,GJKYhq2wR9L,550.0,2.0,2024.0,7a,p,758.0,Ghazipur,dScWdMRN8PL,indicator_7,882,7
2023-09-01,Ghazipur Barachwar,SQuL6ZdC6LY,NI0EC5no6PO,937.0,2.0,2024.0,10a,p,758.0,Ghazipur,dScWdMRN8PL,indicator_10,882,10
2023-09-01,Ghazipur Sadar,VivEa0lrJEt,aRueVYr35yM.Ti9FJqkSK6J,220.0,2.0,2024.0,36b,p,755.0,Ghazipur,dScWdMRN8PL,indicator_36,411,36
2023-09-01,Ghazipur Sadar,VivEa0lrJEt,ixBYYYjxXPP,27.0,2.0,2024.0,36a,p,755.0,Ghazipur,dScWdMRN8PL,indicator_36,411,36
2023-09-01,Ghazipur Sadar,VivEa0lrJEt,aRueVYr35yM.Ti9FJqkSK6J,149.0,2.0,2024.0,36b,p,755.0,Ghazipur,dScWdMRN8PL,indicator_36,411,36
2023-09-01,Ghazipur Sadar,VivEa0lrJEt,ui45G8KwpzU.Ti9FJqkSK6J,587.0,2.0,2024.0,2a,p,755.0,Ghazipur,dScWdMRN8PL,indicator_2,411,2
2023-09-01,Ghazipur Sadar,VivEa0lrJEt,GJKYhq2wR9L,501.0,2.0,2024.0,7a,p,755.0,Ghazipur,dScWdMRN8PL,indicator_7,411,7
2023-09-01,Ghazipur Sadar,VivEa0lrJEt,NI0EC5no6PO,584.0,2.0,2024.0,10a,p,755.0,Ghazipur,dScWdMRN8PL,indicator_10,411,10
2023-09-01,Ghazipur Jamania,hepZfdzFqgL,aRueVYr35yM.Ti9FJqkSK6J,319.0,2.0,2024.0,36b,p,761.0,Ghazipur,dScWdMRN8PL,indicator_36,783,36
2023-09-01,Ghazipur Jamania,hepZfdzFqgL,ixBYYYjxXPP,0.0,2.0,2024.0,36a,p,761.0,Ghazipur,dScWdMRN8PL,indicator_36,783,36
2023-09-01,Ghazipur Jamania,hepZfdzFqgL,ui45G8KwpzU.Ti9FJqkSK6J,785.0,2.0,2024.0,2a,p,761.0,Ghazipur,dScWdMRN8PL,indicator_2,783,2
2023-09-01,Ghazipur Jamania,hepZfdzFqgL,GJKYhq2wR9L,704.0,2.0,2024.0,7a,p,761.0,Ghazipur,dScWdMRN8PL,indicator_7,783,7
2023-09-01,Ghazipur Jamania,hepZfdzFqgL,NI0EC5no6PO,906.0,2.0,2024.0,10a,p,761.0,Ghazipur,dScWdMRN8PL,indicator_10,783,10
2023-09-01,Ghazipur Mardeh,iMSgdsfQfK3,aRueVYr35yM.Ti9FJqkSK6J,241.0,2.0,2024.0,36b,p,754.0,Ghazipur,dScWdMRN8PL,indicator_36,322,36
2023-09-01,Ghazipur Mardeh,iMSgdsfQfK3,ixBYYYjxXPP,50.0,2.0,2024.0,36a,p,754.0,Ghazipur,dScWdMRN8PL,indicator_36,322,36
2023-09-01,Ghazipur Mardeh,iMSgdsfQfK3,aRueVYr35yM.Ti9FJqkSK6J,209.0,2.0,2024.0,36b,p,754.0,Ghazipur,dScWdMRN8PL,indicator_36,322,36
2023-09-01,Ghazipur Mardeh,iMSgdsfQfK3,ui45G8KwpzU.Ti9FJqkSK6J,539.0,2.0,2024.0,2a,p,754.0,Ghazipur,dScWdMRN8PL,indicator_2,322,2
2023-09-01,Ghazipur Mardeh,iMSgdsfQfK3,GJKYhq2wR9L,516.0,2.0,2024.0,7a,p,754.0,Ghazipur,dScWdMRN8PL,indicator_7,322,7
2023-09-01,Ghazipur Mardeh,iMSgdsfQfK3,NI0EC5no6PO,636.0,2.0,2024.0,10a,p,754.0,Ghazipur,dScWdMRN8PL,indicator_10,322,10
2023-09-01,Ghazipur Davkali,kcQKXLIXWNj,aRueVYr35yM.Ti9FJqkSK6J,361.0,2.0,2024.0,36b,p,752.0,Ghazipur,dScWdMRN8PL,indicator_36,400,36
2023-09-01,Ghazipur Davkali,kcQKXLIXWNj,ixBYYYjxXPP,101.0,2.0,2024.0,36a,p,752.0,Ghazipur,dScWdMRN8PL,indicator_36,400,36
2023-09-01,Ghazipur Davkali,kcQKXLIXWNj,ui45G8KwpzU.Ti9FJqkSK6J,602.0,2.0,2024.0,2a,p,752.0,Ghazipur,dScWdMRN8PL,indicator_2,400,2
2023-09-01,Ghazipur Davkali,kcQKXLIXWNj,GJKYhq2wR9L,530.0,2.0,2024.0,7a,p,752.0,Ghazipur,dScWdMRN8PL,indicator_7,400,7
2023-09-01,Ghazipur Davkali,kcQKXLIXWNj,NI0EC5no6PO,680.0,2.0,2024.0,10a,p,752.0,Ghazipur,dScWdMRN8PL,indicator_10,400,10
2023-09-01,Ghazipur Gondaur,mhI69xut9he,aRueVYr35yM.Ti9FJqkSK6J,144.0,2.0,2024.0,36b,p,760.0,Ghazipur,dScWdMRN8PL,indicator_36,804,36
2023-09-01,Ghazipur Gondaur,mhI69xut9he,ixBYYYjxXPP,36.0,2.0,2024.0,36a,p,760.0,Ghazipur,dScWdMRN8PL,indicator_36,804,36
2023-09-01,Ghazipur Gondaur,mhI69xut9he,aRueVYr35yM.Ti9FJqkSK6J,138.0,2.0,2024.0,36b,p,760.0,Ghazipur,dScWdMRN8PL,indicator_36,804,36
2023-09-01,Ghazipur Gondaur,mhI69xut9he,ui45G8KwpzU.Ti9FJqkSK6J,455.0,2.0,2024.0,2a,p,760.0,Ghazipur,dScWdMRN8PL,indicator_2,804,2
2023-09-01,Ghazipur Gondaur,mhI69xut9he,GJKYhq2wR9L,416.0,2.0,2024.0,7a,p,760.0,Ghazipur,dScWdMRN8PL,indicator_7,804,7
2023-09-01,Ghazipur Gondaur,mhI69xut9he,NI0EC5no6PO,455.0,2.0,2024.0,10a,p,760.0,Ghazipur,dScWdMRN8PL,indicator_10,804,10
2023-09-01,Ghazipur Kasimabad,oJK3Sqdic6n,aRueVYr35yM.Ti9FJqkSK6J,329.0,2.0,2024.0,36b,p,757.0,Ghazipur,dScWdMRN8PL,indicator_36,20,36
2023-09-01,Ghazipur Kasimabad,oJK3Sqdic6n,ixBYYYjxXPP,47.0,2.0,2024.0,36a,p,757.0,Ghazipur,dScWdMRN8PL,indicator_36,20,36
2023-09-01,Ghazipur Kasimabad,oJK3Sqdic6n,ui45G8KwpzU.Ti9FJqkSK6J,653.0,2.0,2024.0,2a,p,757.0,Ghazipur,dScWdMRN8PL,indicator_2,20,2
2023-09-01,Ghazipur Kasimabad,oJK3Sqdic6n,GJKYhq2wR9L,651.0,2.0,2024.0,7a,p,757.0,Ghazipur,dScWdMRN8PL,indicator_7,20,7
2023-09-01,Ghazipur Kasimabad,oJK3Sqdic6n,NI0EC5no6PO,830.0,2.0,2024.0,10a,p,757.0,Ghazipur,dScWdMRN8PL,indicator_10,20,10
2023-09-01,Ghazipur Sadat,w2mC1IzGqJO,aRueVYr35yM.Ti9FJqkSK6J,203.0,2.0,2024.0,36b,p,750.0,Ghazipur,dScWdMRN8PL,indicator_36,532,36
2023-09-01,Ghazipur Sadat,w2mC1IzGqJO,ui45G8KwpzU.Ti9FJqkSK6J,365.0,2.0,2024.0,2a,p,750.0,Ghazipur,dScWdMRN8PL,indicator_2,532,2
2023-09-01,Ghazipur Sadat,w2mC1IzGqJO,GJKYhq2wR9L,493.0,2.0,2024.0,7a,p,750.0,Ghazipur,dScWdMRN8PL,indicator_7,532,7
2023-09-01,Ghazipur Sadat,w2mC1IzGqJO,NI0EC5no6PO,557.0,2.0,2024.0,10a,p,750.0,Ghazipur,dScWdMRN8PL,indicator_10,532,10
2023-09-01,Ghazipur Rawatipur,y8eD89Cg95c,aRueVYr35yM.Ti9FJqkSK6J,199.0,2.0,2024.0,36b,p,762.0,Ghazipur,dScWdMRN8PL,indicator_36,381,36
2023-09-01,Ghazipur Rawatipur,y8eD89Cg95c,ixBYYYjxXPP,0.0,2.0,2024.0,36a,p,762.0,Ghazipur,dScWdMRN8PL,indicator_36,381,36
2023-09-01,Ghazipur Rawatipur,y8eD89Cg95c,ui45G8KwpzU.Ti9FJqkSK6J,321.0,2.0,2024.0,2a,p,762.0,Ghazipur,dScWdMRN8PL,indicator_2,381,2
2023-09-01,Ghazipur Rawatipur,y8eD89Cg95c,GJKYhq2wR9L,413.0,2.0,2024.0,7a,p,762.0,Ghazipur,dScWdMRN8PL,indicator_7,381,7
2023-09-01,Ghazipur Rawatipur,y8eD89Cg95c,NI0EC5no6PO,678.0,2.0,2024.0,10a,p,762.0,Ghazipur,dScWdMRN8PL,indicator_10,381,10
2023-09-01,Ghazipur Birona,zv6Gc6aGnXd,aRueVYr35yM.Ti9FJqkSK6J,255.0,2.0,2024.0,36b,p,753.0,Ghazipur,dScWdMRN8PL,indicator_36,710,36
2023-09-01,Ghazipur Birona,zv6Gc6aGnXd,ixBYYYjxXPP,49.0,2.0,2024.0,36a,p,753.0,Ghazipur,dScWdMRN8PL,indicator_36,710,36
2023-09-01,Ghazipur Birona,zv6Gc6aGnXd,aRueVYr35yM.Ti9FJqkSK6J,225.0,2.0,2024.0,36b,p,753.0,Ghazipur,dScWdMRN8PL,indicator_36,710,36
2023-09-01,Ghazipur Birona,zv6Gc6aGnXd,ui45G8KwpzU.Ti9FJqkSK6J,485.0,2.0,2024.0,2a,p,753.0,Ghazipur,dScWdMRN8PL,indicator_2,710,2
2023-09-01,Ghazipur Birona,zv6Gc6aGnXd,GJKYhq2wR9L,464.0,2.0,2024.0,7a,p,753.0,Ghazipur,dScWdMRN8PL,indicator_7,710,7
2023-09-01,Ghazipur Birona,zv6Gc6aGnXd,NI0EC5no6PO,555.0,2.0,2024.0,10a,p,753.0,Ghazipur,dScWdMRN8PL,indicator_10,710,10
2023-09-01,Hathras Sahpau,AcznJJtvLKq,aRueVYr35yM.Ti9FJqkSK6J,364.0,2.0,2024.0,36b,p,126.0,Hathras,m1IAjmqkoFC,indicator_36,887,36
2023-09-01,Hathras Sahpau,AcznJJtvLKq,ixBYYYjxXPP,0.0,2.0,2024.0,36a,p,126.0,Hathras,m1IAjmqkoFC,indicator_36,887,36
2023-09-01,Hathras Sahpau,AcznJJtvLKq,aRueVYr35yM.Ti9FJqkSK6J,209.0,2.0,2024.0,36b,p,126.0,Hathras,m1IAjmqkoFC,indicator_36,887,36
2023-09-01,Hathras Sahpau,AcznJJtvLKq,ui45G8KwpzU.Ti9FJqkSK6J,494.0,2.0,2024.0,2a,p,126.0,Hathras,m1IAjmqkoFC,indicator_2,887,2
2023-09-01,Hathras Sahpau,AcznJJtvLKq,GJKYhq2wR9L,418.0,2.0,2024.0,7a,p,126.0,Hathras,m1IAjmqkoFC,indicator_7,887,7
2023-09-01,Hathras Sahpau,AcznJJtvLKq,NI0EC5no6PO,454.0,2.0,2024.0,10a,p,126.0,Hathras,m1IAjmqkoFC,indicator_10,887,10
2023-09-01,Hathras Mursan,NHwhqnwjZ0d,aRueVYr35yM.Ti9FJqkSK6J,364.0,2.0,2024.0,36b,p,124.0,Hathras,m1IAjmqkoFC,indicator_36,386,36
2023-09-01,Hathras Mursan,NHwhqnwjZ0d,ixBYYYjxXPP,137.0,2.0,2024.0,36a,p,124.0,Hathras,m1IAjmqkoFC,indicator_36,386,36
2023-09-01,Hathras Mursan,NHwhqnwjZ0d,aRueVYr35yM.Ti9FJqkSK6J,308.0,2.0,2024.0,36b,p,124.0,Hathras,m1IAjmqkoFC,indicator_36,386,36
2023-09-01,Hathras Mursan,NHwhqnwjZ0d,ui45G8KwpzU.Ti9FJqkSK6J,524.0,2.0,2024.0,2a,p,124.0,Hathras,m1IAjmqkoFC,indicator_2,386,2
2023-09-01,Hathras Mursan,NHwhqnwjZ0d,GJKYhq2wR9L,414.0,2.0,2024.0,7a,p,124.0,Hathras,m1IAjmqkoFC,indicator_7,386,7
2023-09-01,Hathras Mursan,NHwhqnwjZ0d,NI0EC5no6PO,562.0,2.0,2024.0,10a,p,124.0,Hathras,m1IAjmqkoFC,indicator_10,386,10
2023-09-01,Hathras DHQ,NZZfSO3tDC5,aRueVYr35yM.Ti9FJqkSK6J,929.0,2.0,2024.0,36b,p,,Hathras,m1IAjmqkoFC,indicator_36,757,36
2023-09-01,Hathras DHQ,NZZfSO3tDC5,ixBYYYjxXPP,427.0,2.0,2024.0,36a,p,,Hathras,m1IAjmqkoFC,indicator_36,757,36
2023-09-01,Hathras DHQ,NZZfSO3tDC5,aRueVYr35yM.Ti9FJqkSK6J,453.0,2.0,2024.0,36b,p,,Hathras,m1IAjmqkoFC,indicator_36,757,36
2023-09-01,Hathras DHQ,NZZfSO3tDC5,ui45G8KwpzU.Ti9FJqkSK6J,354.0,2.0,2024.0,2a,p,,Hathras,m1IAjmqkoFC,indicator_2,757,2
2023-09-01,Hathras DHQ,NZZfSO3tDC5,GJKYhq2wR9L,454.0,2.0,2024.0,7a,p,,Hathras,m1IAjmqkoFC,indicator_7,757,7
2023-09-01,Hathras DHQ,NZZfSO3tDC5,NI0EC5no6PO,806.0,2.0,2024.0,10a,p,,Hathras,m1IAjmqkoFC,indicator_10,757,10
2023-09-01,Hathras Sasni,Sy6tfTi18KA,aRueVYr35yM.Ti9FJqkSK6J,444.0,2.0,2024.0,36b,p,120.0,Hathras,m1IAjmqkoFC,indicator_36,694,36
2023-09-01,Hathras Sasni,Sy6tfTi18KA,ixBYYYjxXPP,221.0,2.0,2024.0,36a,p,120.0,Hathras,m1IAjmqkoFC,indicator_36,694,36
2023-09-01,Hathras Sasni,Sy6tfTi18KA,aRueVYr35yM.Ti9FJqkSK6J,229.0,2.0,2024.0,36b,p,120.0,Hathras,m1IAjmqkoFC,indicator_36,694,36
2023-09-01,Hathras Sasni,Sy6tfTi18KA,ui45G8KwpzU.Ti9FJqkSK6J,744.0,2.0,2024.0,2a,p,120.0,Hathras,m1IAjmqkoFC,indicator_2,694,2
2023-09-01,Hathras Sasni,Sy6tfTi18KA,GJKYhq2wR9L,556.0,2.0,2024.0,7a,p,120.0,Hathras,m1IAjmqkoFC,indicator_7,694,7
2023-09-01,Hathras Sasni,Sy6tfTi18KA,NI0EC5no6PO,744.0,2.0,2024.0,10a,p,120.0,Hathras,m1IAjmqkoFC,indicator_10,694,10
2023-09-01,Hathras Hasayan,TY8SzPsUCPQ,aRueVYr35yM.Ti9FJqkSK6J,387.0,2.0,2024.0,36b,p,122.0,Hathras,m1IAjmqkoFC,indicator_36,355,36
2023-09-01,Hathras Hasayan,TY8SzPsUCPQ,ixBYYYjxXPP,0.0,2.0,2024.0,36a,p,122.0,Hathras,m1IAjmqkoFC,indicator_36,355,36
2023-09-01,Hathras Hasayan,TY8SzPsUCPQ,aRueVYr35yM.Ti9FJqkSK6J,316.0,2.0,2024.0,36b,p,122.0,Hathras,m1IAjmqkoFC,indicator_36,355,36
2023-09-01,Hathras Hasayan,TY8SzPsUCPQ,ui45G8KwpzU.Ti9FJqkSK6J,485.0,2.0,2024.0,2a,p,122.0,Hathras,m1IAjmqkoFC,indicator_2,355,2
2023-09-01,Hathras Hasayan,TY8SzPsUCPQ,GJKYhq2wR9L,539.0,2.0,2024.0,7a,p,122.0,Hathras,m1IAjmqkoFC,indicator_7,355,7
2023-09-01,Hathras Hasayan,TY8SzPsUCPQ,NI0EC5no6PO,485.0,2.0,2024.0,10a,p,122.0,Hathras,m1IAjmqkoFC,indicator_10,355,10
2023-09-01,Hathras Sadabad,nGMlBiXPa8W,aRueVYr35yM.Ti9FJqkSK6J,505.0,2.0,2024.0,36b,p,125.0,Hathras,m1IAjmqkoFC,indicator_36,831,36
2023-09-01,Hathras Sadabad,nGMlBiXPa8W,ixBYYYjxXPP,352.0,2.0,2024.0,36a,p,125.0,Hathras,m1IAjmqkoFC,indicator_36,831,36
2023-09-01,Hathras Sadabad,nGMlBiXPa8W,aRueVYr35yM.Ti9FJqkSK6J,425.0,2.0,2024.0,36b,p,125.0,Hathras,m1IAjmqkoFC,indicator_36,831,36
2023-09-01,Hathras Sadabad,nGMlBiXPa8W,ui45G8KwpzU.Ti9FJqkSK6J,630.0,2.0,2024.0,2a,p,125.0,Hathras,m1IAjmqkoFC,indicator_2,831,2
2023-09-01,Hathras Sadabad,nGMlBiXPa8W,GJKYhq2wR9L,746.0,2.0,2024.0,7a,p,125.0,Hathras,m1IAjmqkoFC,indicator_7,831,7
2023-09-01,Hathras Sadabad,nGMlBiXPa8W,NI0EC5no6PO,929.0,2.0,2024.0,10a,p,125.0,Hathras,m1IAjmqkoFC,indicator_10,831,10
2023-09-01,Hathras Maho,tisCSlmEcvz,aRueVYr35yM.Ti9FJqkSK6J,185.0,2.0,2024.0,36b,p,123.0,Hathras,m1IAjmqkoFC,indicator_36,701,36
2023-09-01,Hathras Maho,tisCSlmEcvz,ixBYYYjxXPP,176.0,2.0,2024.0,36a,p,123.0,Hathras,m1IAjmqkoFC,indicator_36,701,36
2023-09-01,Hathras Maho,tisCSlmEcvz,ui45G8KwpzU.Ti9FJqkSK6J,539.0,2.0,2024.0,2a,p,123.0,Hathras,m1IAjmqkoFC,indicator_2,701,2
2023-09-01,Hathras Maho,tisCSlmEcvz,GJKYhq2wR9L,414.0,2.0,2024.0,7a,p,123.0,Hathras,m1IAjmqkoFC,indicator_7,701,7
2023-09-01,Hathras Maho,tisCSlmEcvz,NI0EC5no6PO,569.0,2.0,2024.0,10a,p,123.0,Hathras,m1IAjmqkoFC,indicator_10,701,10
2023-09-01,Hathras Sikandra Rao,ws066anR0wR,aRueVYr35yM.Ti9FJqkSK6J,435.0,2.0,2024.0,36b,p,121.0,Hathras,m1IAjmqkoFC,indicator_36,129,36
2023-09-01,Hathras Sikandra Rao,ws066anR0wR,ixBYYYjxXPP,288.0,2.0,2024.0,36a,p,121.0,Hathras,m1IAjmqkoFC,indicator_36,129,36
2023-09-01,Hathras Sikandra Rao,ws066anR0wR,aRueVYr35yM.Ti9FJqkSK6J,315.0,2.0,2024.0,36b,p,121.0,Hathras,m1IAjmqkoFC,indicator_36,129,36
2023-09-01,Hathras Sikandra Rao,ws066anR0wR,ui45G8KwpzU.Ti9FJqkSK6J,561.0,2.0,2024.0,2a,p,121.0,Hathras,m1IAjmqkoFC,indicator_2,129,2
2023-09-01,Hathras Sikandra Rao,ws066anR0wR,GJKYhq2wR9L,795.0,2.0,2024.0,7a,p,121.0,Hathras,m1IAjmqkoFC,indicator_7,129,7
2023-09-01,Hathras Sikandra Rao,ws066anR0wR,NI0EC5no6PO,564.0,2.0,2024.0,10a,p,121.0,Hathras,m1IAjmqkoFC,indicator_10,129,10
2023-09-01,Parsupur,Ae5sVkqEY53,aRueVYr35yM.Ti9FJqkSK6J,310.0,2.0,2024.0,36b,p,573.0,Gonda,y8WarEkWCul,indicator_36,872,36
2023-09-01,Parsupur,Ae5sVkqEY53,ixBYYYjxXPP,186.0,2.0,2024.0,36a,p,573.0,Gonda,y8WarEkWCul,indicator_36,872,36
2023-09-01,Parsupur,Ae5sVkqEY53,ui45G8KwpzU.Ti9FJqkSK6J,730.0,2.0,2024.0,2a,p,573.0,Gonda,y8WarEkWCul,indicator_2,872,2
2023-09-01,Parsupur,Ae5sVkqEY53,GJKYhq2wR9L,626.0,2.0,2024.0,7a,p,573.0,Gonda,y8WarEkWCul,indicator_7,872,7
2023-09-01,Parsupur,Ae5sVkqEY53,NI0EC5no6PO,897.0,2.0,2024.0,10a,p,573.0,Gonda,y8WarEkWCul,indicator_10,872,10
2023-09-01,Nawabganj Gonda,FMAaW4X6ueM,aRueVYr35yM.Ti9FJqkSK6J,272.0,2.0,2024.0,36b,p,577.0,Gonda,y8WarEkWCul,indicator_36,716,36
2023-09-01,Nawabganj Gonda,FMAaW4X6ueM,ui45G8KwpzU.Ti9FJqkSK6J,699.0,2.0,2024.0,2a,p,577.0,Gonda,y8WarEkWCul,indicator_2,716,2
2023-09-01,Nawabganj Gonda,FMAaW4X6ueM,GJKYhq2wR9L,545.0,2.0,2024.0,7a,p,577.0,Gonda,y8WarEkWCul,indicator_7,716,7
2023-09-01,Nawabganj Gonda,FMAaW4X6ueM,NI0EC5no6PO,592.0,2.0,2024.0,10a,p,577.0,Gonda,y8WarEkWCul,indicator_10,716,10
2023-09-01,Pandari Kripal,GtDp6Qz9pSx,aRueVYr35yM.Ti9FJqkSK6J,66.0,2.0,2024.0,36b,p,567.0,Gonda,y8WarEkWCul,indicator_36,493,36
2023-09-01,Pandari Kripal,GtDp6Qz9pSx,ui45G8KwpzU.Ti9FJqkSK6J,212.0,2.0,2024.0,2a,p,567.0,Gonda,y8WarEkWCul,indicator_2,493,2
2023-09-01,Pandari Kripal,GtDp6Qz9pSx,GJKYhq2wR9L,218.0,2.0,2024.0,7a,p,567.0,Gonda,y8WarEkWCul,indicator_7,493,7
2023-09-01,Pandari Kripal,GtDp6Qz9pSx,NI0EC5no6PO,394.0,2.0,2024.0,10a,p,567.0,Gonda,y8WarEkWCul,indicator_10,493,10
2023-09-01,Maskanwa,JLjbfCaudqg,aRueVYr35yM.Ti9FJqkSK6J,200.0,2.0,2024.0,36b,p,580.0,Gonda,y8WarEkWCul,indicator_36,557,36
2023-09-01,Maskanwa,JLjbfCaudqg,ixBYYYjxXPP,0.0,2.0,2024.0,36a,p,580.0,Gonda,y8WarEkWCul,indicator_36,557,36
2023-09-01,Maskanwa,JLjbfCaudqg,ui45G8KwpzU.Ti9FJqkSK6J,562.0,2.0,2024.0,2a,p,580.0,Gonda,y8WarEkWCul,indicator_2,557,2
2023-09-01,Maskanwa,JLjbfCaudqg,GJKYhq2wR9L,566.0,2.0,2024.0,7a,p,580.0,Gonda,y8WarEkWCul,indicator_7,557,7
2023-09-01,Maskanwa,JLjbfCaudqg,NI0EC5no6PO,901.0,2.0,2024.0,10a,p,580.0,Gonda,y8WarEkWCul,indicator_10,557,10
2023-09-01,Belsar,KTP3RqHdGlM,aRueVYr35yM.Ti9FJqkSK6J,324.0,2.0,2024.0,36b,p,574.0,Gonda,y8WarEkWCul,indicator_36,479,36
2023-09-01,Belsar,KTP3RqHdGlM,ixBYYYjxXPP,0.0,2.0,2024.0,36a,p,574.0,Gonda,y8WarEkWCul,indicator_36,479,36
2023-09-01,Belsar,KTP3RqHdGlM,ui45G8KwpzU.Ti9FJqkSK6J,576.0,2.0,2024.0,2a,p,574.0,Gonda,y8WarEkWCul,indicator_2,479,2
2023-09-01,Belsar,KTP3RqHdGlM,GJKYhq2wR9L,675.0,2.0,2024.0,7a,p,574.0,Gonda,y8WarEkWCul,indicator_7,479,7
2023-09-01,Belsar,KTP3RqHdGlM,NI0EC5no6PO,515.0,2.0,2024.0,10a,p,574.0,Gonda,y8WarEkWCul,indicator_10,479,10
2023-09-01,Tarabganj,QW8N7nXhELz,aRueVYr35yM.Ti9FJqkSK6J,236.0,2.0,2024.0,36b,p,575.0,Gonda,y8WarEkWCul,indicator_36,797,36
2023-09-01,Tarabganj,QW8N7nXhELz,ixBYYYjxXPP,112.0,2.0,2024.0,36a,p,575.0,Gonda,y8WarEkWCul,indicator_36,797,36
2023-09-01,Tarabganj,QW8N7nXhELz,aRueVYr35yM.Ti9FJqkSK6J,225.0,2.0,2024.0,36b,p,575.0,Gonda,y8WarEkWCul,indicator_36,797,36
2023-09-01,Tarabganj,QW8N7nXhELz,ui45G8KwpzU.Ti9FJqkSK6J,530.0,2.0,2024.0,2a,p,575.0,Gonda,y8WarEkWCul,indicator_2,797,2
2023-09-01,Tarabganj,QW8N7nXhELz,GJKYhq2wR9L,589.0,2.0,2024.0,7a,p,575.0,Gonda,y8WarEkWCul,indicator_7,797,7
2023-09-01,Tarabganj,QW8N7nXhELz,NI0EC5no6PO,565.0,2.0,2024.0,10a,p,575.0,Gonda,y8WarEkWCul,indicator_10,797,10
2023-09-01,Katrabazar,SiNGqVJoMtb,aRueVYr35yM.Ti9FJqkSK6J,251.0,2.0,2024.0,36b,p,570.0,Gonda,y8WarEkWCul,indicator_36,847,36
2023-09-01,Katrabazar,SiNGqVJoMtb,aRueVYr35yM.Ti9FJqkSK6J,243.0,2.0,2024.0,36b,p,570.0,Gonda,y8WarEkWCul,indicator_36,847,36
2023-09-01,Katrabazar,SiNGqVJoMtb,ui45G8KwpzU.Ti9FJqkSK6J,763.0,2.0,2024.0,2a,p,570.0,Gonda,y8WarEkWCul,indicator_2,847,2
2023-09-01,Katrabazar,SiNGqVJoMtb,GJKYhq2wR9L,608.0,2.0,2024.0,7a,p,570.0,Gonda,y8WarEkWCul,indicator_7,847,7
2023-09-01,Katrabazar,SiNGqVJoMtb,NI0EC5no6PO,837.0,2.0,2024.0,10a,p,570.0,Gonda,y8WarEkWCul,indicator_10,847,10
2023-09-01,Colonalganj,SxFTKbP1SXZ,aRueVYr35yM.Ti9FJqkSK6J,537.0,2.0,2024.0,36b,p,572.0,Gonda,y8WarEkWCul,indicator_36,27,36
2023-09-01,Colonalganj,SxFTKbP1SXZ,ui45G8KwpzU.Ti9FJqkSK6J,642.0,2.0,2024.0,2a,p,572.0,Gonda,y8WarEkWCul,indicator_2,27,2
2023-09-01,Colonalganj,SxFTKbP1SXZ,GJKYhq2wR9L,510.0,2.0,2024.0,7a,p,572.0,Gonda,y8WarEkWCul,indicator_7,27,7
2023-09-01,Colonalganj,SxFTKbP1SXZ,NI0EC5no6PO,680.0,2.0,2024.0,10a,p,572.0,Gonda,y8WarEkWCul,indicator_10,27,10
2023-09-01,Wajeerganj,Yzv8XKcvFMn,aRueVYr35yM.Ti9FJqkSK6J,198.0,2.0,2024.0,36b,p,576.0,Gonda,y8WarEkWCul,indicator_36,5,36
2023-09-01,Wajeerganj,Yzv8XKcvFMn,ixBYYYjxXPP,0.0,2.0,2024.0,36a,p,576.0,Gonda,y8WarEkWCul,indicator_36,5,36
2023-09-01,Wajeerganj,Yzv8XKcvFMn,aRueVYr35yM.Ti9FJqkSK6J,193.0,2.0,2024.0,36b,p,576.0,Gonda,y8WarEkWCul,indicator_36,5,36
2023-09-01,Wajeerganj,Yzv8XKcvFMn,ui45G8KwpzU.Ti9FJqkSK6J,592.0,2.0,2024.0,2a,p,576.0,Gonda,y8WarEkWCul,indicator_2,5,2
2023-09-01,Wajeerganj,Yzv8XKcvFMn,GJKYhq2wR9L,521.0,2.0,2024.0,7a,p,576.0,Gonda,y8WarEkWCul,indicator_7,5,7
2023-09-01,Wajeerganj,Yzv8XKcvFMn,NI0EC5no6PO,539.0,2.0,2024.0,10a,p,576.0,Gonda,y8WarEkWCul,indicator_10,5,10
2023-09-01,Itiathok,Zkst7ZD9ogq,aRueVYr35yM.Ti9FJqkSK6J,267.0,2.0,2024.0,36b,p,566.0,Gonda,y8WarEkWCul,indicator_36,229,36
2023-09-01,Itiathok,Zkst7ZD9ogq,ixBYYYjxXPP,0.0,2.0,2024.0,36a,p,566.0,Gonda,y8WarEkWCul,indicator_36,229,36
2023-09-01,Itiathok,Zkst7ZD9ogq,ui45G8KwpzU.Ti9FJqkSK6J,521.0,2.0,2024.0,2a,p,566.0,Gonda,y8WarEkWCul,indicator_2,229,2
2023-09-01,Itiathok,Zkst7ZD9ogq,GJKYhq2wR9L,567.0,2.0,2024.0,7a,p,566.0,Gonda,y8WarEkWCul,indicator_7,229,7
2023-09-01,Itiathok,Zkst7ZD9ogq,NI0EC5no6PO,747.0,2.0,2024.0,10a,p,566.0,Gonda,y8WarEkWCul,indicator_10,229,10
2023-09-01,Gonda DHQ,dbHdyWgjMbk,aRueVYr35yM.Ti9FJqkSK6J,1275.0,2.0,2024.0,36b,p,,Gonda,y8WarEkWCul,indicator_36,302,36
2023-09-01,Gonda DHQ,dbHdyWgjMbk,ixBYYYjxXPP,693.0,2.0,2024.0,36a,p,,Gonda,y8WarEkWCul,indicator_36,302,36
2023-09-01,Gonda DHQ,dbHdyWgjMbk,ui45G8KwpzU.Ti9FJqkSK6J,27.0,2.0,2024.0,2a,p,,Gonda,y8WarEkWCul,indicator_2,302,2
2023-09-01,Gonda DHQ,dbHdyWgjMbk,GJKYhq2wR9L,85.0,2.0,2024.0,7a,p,,Gonda,y8WarEkWCul,indicator_7,302,7
2023-09-01,Gonda DHQ,dbHdyWgjMbk,NI0EC5no6PO,1143.0,2.0,2024.0,10a,p,,Gonda,y8WarEkWCul,indicator_10,302,10
2023-09-01,Bamanjeet,eeLkdiQv8Ex,aRueVYr35yM.Ti9FJqkSK6J,283.0,2.0,2024.0,36b,p,579.0,Gonda,y8WarEkWCul,indicator_36,453,36
2023-09-01,Bamanjeet,eeLkdiQv8Ex,ixBYYYjxXPP,0.0,2.0,2024.0,36a,p,579.0,Gonda,y8WarEkWCul,indicator_36,453,36
2023-09-01,Bamanjeet,eeLkdiQv8Ex,aRueVYr35yM.Ti9FJqkSK6J,236.0,2.0,2024.0,36b,p,579.0,Gonda,y8WarEkWCul,indicator_36,453,36
2023-09-01,Bamanjeet,eeLkdiQv8Ex,ui45G8KwpzU.Ti9FJqkSK6J,650.0,2.0,2024.0,2a,p,579.0,Gonda,y8WarEkWCul,indicator_2,453,2
2023-09-01,Bamanjeet,eeLkdiQv8Ex,GJKYhq2wR9L,781.0,2.0,2024.0,7a,p,579.0,Gonda,y8WarEkWCul,indicator_7,453,7
2023-09-01,Bamanjeet,eeLkdiQv8Ex,NI0EC5no6PO,830.0,2.0,2024.0,10a,p,579.0,Gonda,y8WarEkWCul,indicator_10,453,10
2023-09-01,Quazeedevar,i9BEhkE3w1b,aRueVYr35yM.Ti9FJqkSK6J,179.0,2.0,2024.0,36b,p,568.0,Gonda,y8WarEkWCul,indicator_36,110,36
2023-09-01,Quazeedevar,i9BEhkE3w1b,ui45G8KwpzU.Ti9FJqkSK6J,720.0,2.0,2024.0,2a,p,568.0,Gonda,y8WarEkWCul,indicator_2,110,2
2023-09-01,Quazeedevar,i9BEhkE3w1b,GJKYhq2wR9L,719.0,2.0,2024.0,7a,p,568.0,Gonda,y8WarEkWCul,indicator_7,110,7
2023-09-01,Quazeedevar,i9BEhkE3w1b,NI0EC5no6PO,828.0,2.0,2024.0,10a,p,568.0,Gonda,y8WarEkWCul,indicator_10,110,10
2023-09-01,Rupaideeh,l9TKc1gE8KO,aRueVYr35yM.Ti9FJqkSK6J,34.0,2.0,2024.0,36b,p,565.0,Gonda,y8WarEkWCul,indicator_36,578,36
2023-09-01,Rupaideeh,l9TKc1gE8KO,ui45G8KwpzU.Ti9FJqkSK6J,722.0,2.0,2024.0,2a,p,565.0,Gonda,y8WarEkWCul,indicator_2,578,2
2023-09-01,Rupaideeh,l9TKc1gE8KO,GJKYhq2wR9L,884.0,2.0,2024.0,7a,p,565.0,Gonda,y8WarEkWCul,indicator_7,578,7
2023-09-01,Rupaideeh,l9TKc1gE8KO,NI0EC5no6PO,730.0,2.0,2024.0,10a,p,565.0,Gonda,y8WarEkWCul,indicator_10,578,10
2023-09-01,Mujhana,pgmL8MQQwKP,aRueVYr35yM.Ti9FJqkSK6J,258.0,2.0,2024.0,36b,p,569.0,Gonda,y8WarEkWCul,indicator_36,48,36
2023-09-01,Mujhana,pgmL8MQQwKP,ixBYYYjxXPP,373.0,2.0,2024.0,36a,p,569.0,Gonda,y8WarEkWCul,indicator_36,48,36
2023-09-01,Mujhana,pgmL8MQQwKP,aRueVYr35yM.Ti9FJqkSK6J,257.0,2.0,2024.0,36b,p,569.0,Gonda,y8WarEkWCul,indicator_36,48,36
2023-09-01,Mujhana,pgmL8MQQwKP,ui45G8KwpzU.Ti9FJqkSK6J,548.0,2.0,2024.0,2a,p,569.0,Gonda,y8WarEkWCul,indicator_2,48,2
2023-09-01,Mujhana,pgmL8MQQwKP,GJKYhq2wR9L,489.0,2.0,2024.0,7a,p,569.0,Gonda,y8WarEkWCul,indicator_7,48,7
2023-09-01,Mujhana,pgmL8MQQwKP,NI0EC5no6PO,566.0,2.0,2024.0,10a,p,569.0,Gonda,y8WarEkWCul,indicator_10,48,10
2023-09-01,Hadhermau,tob7bPRXBV3,aRueVYr35yM.Ti9FJqkSK6J,156.0,2.0,2024.0,36b,p,571.0,Gonda,y8WarEkWCul,indicator_36,87,36
2023-09-01,Hadhermau,tob7bPRXBV3,ixBYYYjxXPP,0.0,2.0,2024.0,36a,p,571.0,Gonda,y8WarEkWCul,indicator_36,87,36
2023-09-01,Hadhermau,tob7bPRXBV3,ui45G8KwpzU.Ti9FJqkSK6J,471.0,2.0,2024.0,2a,p,571.0,Gonda,y8WarEkWCul,indicator_2,87,2
2023-09-01,Hadhermau,tob7bPRXBV3,GJKYhq2wR9L,457.0,2.0,2024.0,7a,p,571.0,Gonda,y8WarEkWCul,indicator_7,87,7
2023-09-01,Hadhermau,tob7bPRXBV3,NI0EC5no6PO,559.0,2.0,2024.0,10a,p,571.0,Gonda,y8WarEkWCul,indicator_10,87,10
2023-09-01,Mankapur,yRVebIQF3pX,aRueVYr35yM.Ti9FJqkSK6J,203.0,2.0,2024.0,36b,p,578.0,Gonda,y8WarEkWCul,indicator_36,820,36
2023-09-01,Mankapur,yRVebIQF3pX,ixBYYYjxXPP,135.0,2.0,2024.0,36a,p,578.0,Gonda,y8WarEkWCul,indicator_36,820,36
2023-09-01,Mankapur,yRVebIQF3pX,aRueVYr35yM.Ti9FJqkSK6J,200.0,2.0,2024.0,36b,p,578.0,Gonda,y8WarEkWCul,indicator_36,820,36
2023-09-01,Mankapur,yRVebIQF3pX,ui45G8KwpzU.Ti9FJqkSK6J,721.0,2.0,2024.0,2a,p,578.0,Gonda,y8WarEkWCul,indicator_2,820,2
2023-09-01,Mankapur,yRVebIQF3pX,GJKYhq2wR9L,647.0,2.0,2024.0,7a,p,578.0,Gonda,y8WarEkWCul,indicator_7,820,7
2023-09-01,Mankapur,yRVebIQF3pX,NI0EC5no6PO,480.0,2.0,2024.0,10a,p,578.0,Gonda,y8WarEkWCul,indicator_10,820,10
2023-09-01,Saidnagar,Afucmep9Fdq,aRueVYr35yM.Ti9FJqkSK6J,398.0,2.0,2024.0,36b,p,52.0,Rampur,IU006h5U7jj,indicator_36,742,36
2023-09-01,Saidnagar,Afucmep9Fdq,ixBYYYjxXPP,9.0,2.0,2024.0,36a,p,52.0,Rampur,IU006h5U7jj,indicator_36,742,36
2023-09-01,Saidnagar,Afucmep9Fdq,aRueVYr35yM.Ti9FJqkSK6J,9.0,2.0,2024.0,36b,p,52.0,Rampur,IU006h5U7jj,indicator_36,742,36
2023-09-01,Saidnagar,Afucmep9Fdq,ui45G8KwpzU.Ti9FJqkSK6J,580.0,2.0,2024.0,2a,p,52.0,Rampur,IU006h5U7jj,indicator_2,742,2
2023-09-01,Saidnagar,Afucmep9Fdq,GJKYhq2wR9L,850.0,2.0,2024.0,7a,p,52.0,Rampur,IU006h5U7jj,indicator_7,742,7
2023-09-01,Saidnagar,Afucmep9Fdq,NI0EC5no6PO,630.0,2.0,2024.0,10a,p,52.0,Rampur,IU006h5U7jj,indicator_10,742,10
2023-09-01,Shahbad,Bgu9MPGC8NW,aRueVYr35yM.Ti9FJqkSK6J,780.0,2.0,2024.0,36b,p,55.0,Rampur,IU006h5U7jj,indicator_36,618,36
2023-09-01,Shahbad,Bgu9MPGC8NW,ixBYYYjxXPP,376.0,2.0,2024.0,36a,p,55.0,Rampur,IU006h5U7jj,indicator_36,618,36
2023-09-01,Shahbad,Bgu9MPGC8NW,aRueVYr35yM.Ti9FJqkSK6J,440.0,2.0,2024.0,36b,p,55.0,Rampur,IU006h5U7jj,indicator_36,618,36
2023-09-01,Shahbad,Bgu9MPGC8NW,ui45G8KwpzU.Ti9FJqkSK6J,946.0,2.0,2024.0,2a,p,55.0,Rampur,IU006h5U7jj,indicator_2,618,2
2023-09-01,Shahbad,Bgu9MPGC8NW,GJKYhq2wR9L,965.0,2.0,2024.0,7a,p,55.0,Rampur,IU006h5U7jj,indicator_7,618,7
2023-09-01,Shahbad,Bgu9MPGC8NW,NI0EC5no6PO,873.0,2.0,2024.0,10a,p,55.0,Rampur,IU006h5U7jj,indicator_10,618,10
2023-09-01,Bilaspur,DNtrijn28qb,aRueVYr35yM.Ti9FJqkSK6J,505.0,2.0,2024.0,36b,p,51.0,Rampur,IU006h5U7jj,indicator_36,488,36
2023-09-01,Bilaspur,DNtrijn28qb,ixBYYYjxXPP,182.0,2.0,2024.0,36a,p,51.0,Rampur,IU006h5U7jj,indicator_36,488,36
2023-09-01,Bilaspur,DNtrijn28qb,aRueVYr35yM.Ti9FJqkSK6J,299.0,2.0,2024.0,36b,p,51.0,Rampur,IU006h5U7jj,indicator_36,488,36
2023-09-01,Bilaspur,DNtrijn28qb,ui45G8KwpzU.Ti9FJqkSK6J,806.0,2.0,2024.0,2a,p,51.0,Rampur,IU006h5U7jj,indicator_2,488,2
2023-09-01,Bilaspur,DNtrijn28qb,GJKYhq2wR9L,744.0,2.0,2024.0,7a,p,51.0,Rampur,IU006h5U7jj,indicator_7,488,7
2023-09-01,Bilaspur,DNtrijn28qb,NI0EC5no6PO,748.0,2.0,2024.0,10a,p,51.0,Rampur,IU006h5U7jj,indicator_10,488,10
2023-09-01,Milak,TLMPAZhmOLv,aRueVYr35yM.Ti9FJqkSK6J,696.0,2.0,2024.0,36b,p,54.0,Rampur,IU006h5U7jj,indicator_36,362,36
2023-09-01,Milak,TLMPAZhmOLv,ixBYYYjxXPP,437.0,2.0,2024.0,36a,p,54.0,Rampur,IU006h5U7jj,indicator_36,362,36
2023-09-01,Milak,TLMPAZhmOLv,aRueVYr35yM.Ti9FJqkSK6J,512.0,2.0,2024.0,36b,p,54.0,Rampur,IU006h5U7jj,indicator_36,362,36
2023-09-01,Milak,TLMPAZhmOLv,ui45G8KwpzU.Ti9FJqkSK6J,918.0,2.0,2024.0,2a,p,54.0,Rampur,IU006h5U7jj,indicator_2,362,2
2023-09-01,Milak,TLMPAZhmOLv,GJKYhq2wR9L,732.0,2.0,2024.0,7a,p,54.0,Rampur,IU006h5U7jj,indicator_7,362,7
2023-09-01,Milak,TLMPAZhmOLv,NI0EC5no6PO,918.0,2.0,2024.0,10a,p,54.0,Rampur,IU006h5U7jj,indicator_10,362,10
2023-09-01,Rampur DHQ,TfKrN4hWv8C,aRueVYr35yM.Ti9FJqkSK6J,616.0,2.0,2024.0,36b,p,,Rampur,IU006h5U7jj,indicator_36,673,36
2023-09-01,Rampur DHQ,TfKrN4hWv8C,ixBYYYjxXPP,282.0,2.0,2024.0,36a,p,,Rampur,IU006h5U7jj,indicator_36,673,36
2023-09-01,Rampur DHQ,TfKrN4hWv8C,aRueVYr35yM.Ti9FJqkSK6J,283.0,2.0,2024.0,36b,p,,Rampur,IU006h5U7jj,indicator_36,673,36
2023-09-01,Rampur DHQ,TfKrN4hWv8C,ui45G8KwpzU.Ti9FJqkSK6J,1076.0,2.0,2024.0,2a,p,,Rampur,IU006h5U7jj,indicator_2,673,2
2023-09-01,Rampur DHQ,TfKrN4hWv8C,GJKYhq2wR9L,1188.0,2.0,2024.0,7a,p,,Rampur,IU006h5U7jj,indicator_7,673,7
2023-09-01,Rampur DHQ,TfKrN4hWv8C,NI0EC5no6PO,692.0,2.0,2024.0,10a,p,,Rampur,IU006h5U7jj,indicator_10,673,10
2023-09-01,Swar,nwSfqFHkPxa,aRueVYr35yM.Ti9FJqkSK6J,806.0,2.0,2024.0,36b,p,50.0,Rampur,IU006h5U7jj,indicator_36,195,36
2023-09-01,Swar,nwSfqFHkPxa,ixBYYYjxXPP,0.0,2.0,2024.0,36a,p,50.0,Rampur,IU006h5U7jj,indicator_36,195,36
2023-09-01,Swar,nwSfqFHkPxa,aRueVYr35yM.Ti9FJqkSK6J,430.0,2.0,2024.0,36b,p,50.0,Rampur,IU006h5U7jj,indicator_36,195,36
2023-09-01,Swar,nwSfqFHkPxa,ui45G8KwpzU.Ti9FJqkSK6J,1537.0,2.0,2024.0,2a,p,50.0,Rampur,IU006h5U7jj,indicator_2,195,2
2023-09-01,Swar,nwSfqFHkPxa,GJKYhq2wR9L,1532.0,2.0,2024.0,7a,p,50.0,Rampur,IU006h5U7jj,indicator_7,195,7
2023-09-01,Swar,nwSfqFHkPxa,NI0EC5no6PO,1591.0,2.0,2024.0,10a,p,50.0,Rampur,IU006h5U7jj,indicator_10,195,10
2023-09-01,Chamraua,zph89qUJBah,aRueVYr35yM.Ti9FJqkSK6J,299.0,2.0,2024.0,36b,p,53.0,Rampur,IU006h5U7jj,indicator_36,22,36
2023-09-01,Chamraua,zph89qUJBah,ixBYYYjxXPP,111.0,2.0,2024.0,36a,p,53.0,Rampur,IU006h5U7jj,indicator_36,22,36
2023-09-01,Chamraua,zph89qUJBah,aRueVYr35yM.Ti9FJqkSK6J,158.0,2.0,2024.0,36b,p,53.0,Rampur,IU006h5U7jj,indicator_36,22,36
2023-09-01,Chamraua,zph89qUJBah,ui45G8KwpzU.Ti9FJqkSK6J,615.0,2.0,2024.0,2a,p,53.0,Rampur,IU006h5U7jj,indicator_2,22,2
2023-09-01,Chamraua,zph89qUJBah,GJKYhq2wR9L,626.0,2.0,2024.0,7a,p,53.0,Rampur,IU006h5U7jj,indicator_7,22,7
2023-09-01,Chamraua,zph89qUJBah,NI0EC5no6PO,652.0,2.0,2024.0,10a,p,53.0,Rampur,IU006h5U7jj,indicator_10,22,10
2023-09-01,BKTalabe,ApSm0CuGVfL,aRueVYr35yM.Ti9FJqkSK6J,502.0,2.0,2024.0,36b,p,296.0,Lucknow,MfHac5N78aK,indicator_36,501,36
2023-09-01,BKTalabe,ApSm0CuGVfL,ixBYYYjxXPP,403.0,2.0,2024.0,36a,p,296.0,Lucknow,MfHac5N78aK,indicator_36,501,36
2023-09-01,BKTalabe,ApSm0CuGVfL,ui45G8KwpzU.Ti9FJqkSK6J,805.0,2.0,2024.0,2a,p,296.0,Lucknow,MfHac5N78aK,indicator_2,501,2
2023-09-01,BKTalabe,ApSm0CuGVfL,GJKYhq2wR9L,583.0,2.0,2024.0,7a,p,296.0,Lucknow,MfHac5N78aK,indicator_7,501,7
2023-09-01,BKTalabe,ApSm0CuGVfL,NI0EC5no6PO,1034.0,2.0,2024.0,10a,p,296.0,Lucknow,MfHac5N78aK,indicator_10,501,10
2023-09-01,Lucknow DHQ,NyYp5W4XZfR,aRueVYr35yM.Ti9FJqkSK6J,3329.0,2.0,2024.0,36b,p,,Lucknow,MfHac5N78aK,indicator_36,228,36
2023-09-01,Lucknow DHQ,NyYp5W4XZfR,ixBYYYjxXPP,1377.0,2.0,2024.0,36a,p,,Lucknow,MfHac5N78aK,indicator_36,228,36
2023-09-01,Lucknow DHQ,NyYp5W4XZfR,ui45G8KwpzU.Ti9FJqkSK6J,5864.0,2.0,2024.0,2a,p,,Lucknow,MfHac5N78aK,indicator_2,228,2
2023-09-01,Lucknow DHQ,NyYp5W4XZfR,GJKYhq2wR9L,5626.0,2.0,2024.0,7a,p,,Lucknow,MfHac5N78aK,indicator_7,228,7
2023-09-01,Lucknow DHQ,NyYp5W4XZfR,NI0EC5no6PO,4519.0,2.0,2024.0,10a,p,,Lucknow,MfHac5N78aK,indicator_10,228,10
2023-09-01,Mohanlalganj,VKvevXLweem,aRueVYr35yM.Ti9FJqkSK6J,296.0,2.0,2024.0,36b,p,301.0,Lucknow,MfHac5N78aK,indicator_36,215,36
2023-09-01,Mohanlalganj,VKvevXLweem,ixBYYYjxXPP,178.0,2.0,2024.0,36a,p,301.0,Lucknow,MfHac5N78aK,indicator_36,215,36
2023-09-01,Mohanlalganj,VKvevXLweem,ui45G8KwpzU.Ti9FJqkSK6J,637.0,2.0,2024.0,2a,p,301.0,Lucknow,MfHac5N78aK,indicator_2,215,2
2023-09-01,Mohanlalganj,VKvevXLweem,GJKYhq2wR9L,449.0,2.0,2024.0,7a,p,301.0,Lucknow,MfHac5N78aK,indicator_7,215,7
2023-09-01,Mohanlalganj,VKvevXLweem,NI0EC5no6PO,271.0,2.0,2024.0,10a,p,301.0,Lucknow,MfHac5N78aK,indicator_10,215,10
2023-09-01,Chinhat,aKYlZcPC3HU,aRueVYr35yM.Ti9FJqkSK6J,106.0,2.0,2024.0,36b,p,297.0,Lucknow,MfHac5N78aK,indicator_36,442,36
2023-09-01,Chinhat,aKYlZcPC3HU,ixBYYYjxXPP,105.0,2.0,2024.0,36a,p,297.0,Lucknow,MfHac5N78aK,indicator_36,442,36
2023-09-01,Chinhat,aKYlZcPC3HU,ui45G8KwpzU.Ti9FJqkSK6J,221.0,2.0,2024.0,2a,p,297.0,Lucknow,MfHac5N78aK,indicator_2,442,2
2023-09-01,Chinhat,aKYlZcPC3HU,GJKYhq2wR9L,263.0,2.0,2024.0,7a,p,297.0,Lucknow,MfHac5N78aK,indicator_7,442,7
2023-09-01,Chinhat,aKYlZcPC3HU,NI0EC5no6PO,168.0,2.0,2024.0,10a,p,297.0,Lucknow,MfHac5N78aK,indicator_10,442,10
2023-09-01,Malihabad,c8dGu0p6B0M,aRueVYr35yM.Ti9FJqkSK6J,230.0,2.0,2024.0,36b,p,295.0,Lucknow,MfHac5N78aK,indicator_36,304,36
2023-09-01,Malihabad,c8dGu0p6B0M,ui45G8KwpzU.Ti9FJqkSK6J,387.0,2.0,2024.0,2a,p,295.0,Lucknow,MfHac5N78aK,indicator_2,304,2
2023-09-01,Malihabad,c8dGu0p6B0M,GJKYhq2wR9L,360.0,2.0,2024.0,7a,p,295.0,Lucknow,MfHac5N78aK,indicator_7,304,7
2023-09-01,Malihabad,c8dGu0p6B0M,NI0EC5no6PO,455.0,2.0,2024.0,10a,p,295.0,Lucknow,MfHac5N78aK,indicator_10,304,10
2023-09-01,Sarojninagar,ciUK1Y4Eaxf,aRueVYr35yM.Ti9FJqkSK6J,211.0,2.0,2024.0,36b,p,299.0,Lucknow,MfHac5N78aK,indicator_36,651,36
2023-09-01,Sarojninagar,ciUK1Y4Eaxf,ixBYYYjxXPP,116.0,2.0,2024.0,36a,p,299.0,Lucknow,MfHac5N78aK,indicator_36,651,36
2023-09-01,Sarojninagar,ciUK1Y4Eaxf,ui45G8KwpzU.Ti9FJqkSK6J,559.0,2.0,2024.0,2a,p,299.0,Lucknow,MfHac5N78aK,indicator_2,651,2
2023-09-01,Sarojninagar,ciUK1Y4Eaxf,GJKYhq2wR9L,613.0,2.0,2024.0,7a,p,299.0,Lucknow,MfHac5N78aK,indicator_7,651,7
2023-09-01,Sarojninagar,ciUK1Y4Eaxf,NI0EC5no6PO,1091.0,2.0,2024.0,10a,p,299.0,Lucknow,MfHac5N78aK,indicator_10,651,10
2023-09-01,Kakori,iK1PfQ9wLbz,aRueVYr35yM.Ti9FJqkSK6J,226.0,2.0,2024.0,36b,p,298.0,Lucknow,MfHac5N78aK,indicator_36,842,36
2023-09-01,Kakori,iK1PfQ9wLbz,ixBYYYjxXPP,197.0,2.0,2024.0,36a,p,298.0,Lucknow,MfHac5N78aK,indicator_36,842,36
2023-09-01,Kakori,iK1PfQ9wLbz,ui45G8KwpzU.Ti9FJqkSK6J,504.0,2.0,2024.0,2a,p,298.0,Lucknow,MfHac5N78aK,indicator_2,842,2
2023-09-01,Kakori,iK1PfQ9wLbz,GJKYhq2wR9L,374.0,2.0,2024.0,7a,p,298.0,Lucknow,MfHac5N78aK,indicator_7,842,7
2023-09-01,Kakori,iK1PfQ9wLbz,NI0EC5no6PO,447.0,2.0,2024.0,10a,p,298.0,Lucknow,MfHac5N78aK,indicator_10,842,10
2023-09-01,Mall,ksTeBOfYw9L,aRueVYr35yM.Ti9FJqkSK6J,322.0,2.0,2024.0,36b,p,294.0,Lucknow,MfHac5N78aK,indicator_36,491,36
2023-09-01,Mall,ksTeBOfYw9L,ui45G8KwpzU.Ti9FJqkSK6J,356.0,2.0,2024.0,2a,p,294.0,Lucknow,MfHac5N78aK,indicator_2,491,2
2023-09-01,Mall,ksTeBOfYw9L,GJKYhq2wR9L,302.0,2.0,2024.0,7a,p,294.0,Lucknow,MfHac5N78aK,indicator_7,491,7
2023-09-01,Mall,ksTeBOfYw9L,NI0EC5no6PO,356.0,2.0,2024.0,10a,p,294.0,Lucknow,MfHac5N78aK,indicator_10,491,10
2023-09-01,Gosaiganj,qnglbY5alFS,aRueVYr35yM.Ti9FJqkSK6J,329.0,2.0,2024.0,36b,p,300.0,Lucknow,MfHac5N78aK,indicator_36,395,36
2023-09-01,Gosaiganj,qnglbY5alFS,ixBYYYjxXPP,300.0,2.0,2024.0,36a,p,300.0,Lucknow,MfHac5N78aK,indicator_36,395,36
2023-09-01,Gosaiganj,qnglbY5alFS,ui45G8KwpzU.Ti9FJqkSK6J,183.0,2.0,2024.0,2a,p,300.0,Lucknow,MfHac5N78aK,indicator_2,395,2
2023-09-01,Gosaiganj,qnglbY5alFS,GJKYhq2wR9L,454.0,2.0,2024.0,7a,p,300.0,Lucknow,MfHac5N78aK,indicator_7,395,7
2023-09-01,Gosaiganj,qnglbY5alFS,NI0EC5no6PO,325.0,2.0,2024.0,10a,p,300.0,Lucknow,MfHac5N78aK,indicator_10,395,10
2023-09-01,Sahabganj,Aq89pvDpWBA,aRueVYr35yM.Ti9FJqkSK6J,252.0,2.0,2024.0,36b,p,771.0,Chandauli,ClbehnmwSec,indicator_36,365,36
2023-09-01,Sahabganj,Aq89pvDpWBA,ixBYYYjxXPP,0.0,2.0,2024.0,36a,p,771.0,Chandauli,ClbehnmwSec,indicator_36,365,36
2023-09-01,Sahabganj,Aq89pvDpWBA,ui45G8KwpzU.Ti9FJqkSK6J,446.0,2.0,2024.0,2a,p,771.0,Chandauli,ClbehnmwSec,indicator_2,365,2
2023-09-01,Sahabganj,Aq89pvDpWBA,GJKYhq2wR9L,404.0,2.0,2024.0,7a,p,771.0,Chandauli,ClbehnmwSec,indicator_7,365,7
2023-09-01,Sahabganj,Aq89pvDpWBA,NI0EC5no6PO,483.0,2.0,2024.0,10a,p,771.0,Chandauli,ClbehnmwSec,indicator_10,365,10
2023-09-01,Dhanapur,F1Ddi7jawvX,aRueVYr35yM.Ti9FJqkSK6J,347.0,2.0,2024.0,36b,p,765.0,Chandauli,ClbehnmwSec,indicator_36,203,36
2023-09-01,Dhanapur,F1Ddi7jawvX,ixBYYYjxXPP,88.0,2.0,2024.0,36a,p,765.0,Chandauli,ClbehnmwSec,indicator_36,203,36
2023-09-01,Dhanapur,F1Ddi7jawvX,ui45G8KwpzU.Ti9FJqkSK6J,539.0,2.0,2024.0,2a,p,765.0,Chandauli,ClbehnmwSec,indicator_2,203,2
2023-09-01,Dhanapur,F1Ddi7jawvX,GJKYhq2wR9L,556.0,2.0,2024.0,7a,p,765.0,Chandauli,ClbehnmwSec,indicator_7,203,7
2023-09-01,Dhanapur,F1Ddi7jawvX,NI0EC5no6PO,502.0,2.0,2024.0,10a,p,765.0,Chandauli,ClbehnmwSec,indicator_10,203,10
2023-09-01,Niyamtabad,FyHWyWYiq51,aRueVYr35yM.Ti9FJqkSK6J,278.0,2.0,2024.0,36b,p,767.0,Chandauli,ClbehnmwSec,indicator_36,552,36
2023-09-01,Niyamtabad,FyHWyWYiq51,ixBYYYjxXPP,145.0,2.0,2024.0,36a,p,767.0,Chandauli,ClbehnmwSec,indicator_36,552,36
2023-09-01,Niyamtabad,FyHWyWYiq51,ui45G8KwpzU.Ti9FJqkSK6J,489.0,2.0,2024.0,2a,p,767.0,Chandauli,ClbehnmwSec,indicator_2,552,2
2023-09-01,Niyamtabad,FyHWyWYiq51,GJKYhq2wR9L,784.0,2.0,2024.0,7a,p,767.0,Chandauli,ClbehnmwSec,indicator_7,552,7
2023-09-01,Niyamtabad,FyHWyWYiq51,NI0EC5no6PO,500.0,2.0,2024.0,10a,p,767.0,Chandauli,ClbehnmwSec,indicator_10,552,10
2023-09-01,Sakaldeeha,J2ufTjaikuE,aRueVYr35yM.Ti9FJqkSK6J,358.0,2.0,2024.0,36b,p,766.0,Chandauli,ClbehnmwSec,indicator_36,808,36
2023-09-01,Sakaldeeha,J2ufTjaikuE,ixBYYYjxXPP,355.0,2.0,2024.0,36a,p,766.0,Chandauli,ClbehnmwSec,indicator_36,808,36
2023-09-01,Sakaldeeha,J2ufTjaikuE,ui45G8KwpzU.Ti9FJqkSK6J,539.0,2.0,2024.0,2a,p,766.0,Chandauli,ClbehnmwSec,indicator_2,808,2
2023-09-01,Sakaldeeha,J2ufTjaikuE,GJKYhq2wR9L,653.0,2.0,2024.0,7a,p,766.0,Chandauli,ClbehnmwSec,indicator_7,808,7
2023-09-01,Sakaldeeha,J2ufTjaikuE,NI0EC5no6PO,868.0,2.0,2024.0,10a,p,766.0,Chandauli,ClbehnmwSec,indicator_10,808,10
2023-09-01,Chaniya,P0KHYXl7qFF,aRueVYr35yM.Ti9FJqkSK6J,274.0,2.0,2024.0,36b,p,764.0,Chandauli,ClbehnmwSec,indicator_36,224,36
2023-09-01,Chaniya,P0KHYXl7qFF,ixBYYYjxXPP,271.0,2.0,2024.0,36a,p,764.0,Chandauli,ClbehnmwSec,indicator_36,224,36
2023-09-01,Chaniya,P0KHYXl7qFF,ui45G8KwpzU.Ti9FJqkSK6J,487.0,2.0,2024.0,2a,p,764.0,Chandauli,ClbehnmwSec,indicator_2,224,2
2023-09-01,Chaniya,P0KHYXl7qFF,GJKYhq2wR9L,510.0,2.0,2024.0,7a,p,764.0,Chandauli,ClbehnmwSec,indicator_7,224,7
2023-09-01,Chaniya,P0KHYXl7qFF,NI0EC5no6PO,720.0,2.0,2024.0,10a,p,764.0,Chandauli,ClbehnmwSec,indicator_10,224,10
2023-09-01,Chandauli,QglkJx8TDdn,aRueVYr35yM.Ti9FJqkSK6J,321.0,2.0,2024.0,36b,p,768.0,Chandauli,ClbehnmwSec,indicator_36,211,36
2023-09-01,Chandauli,QglkJx8TDdn,ixBYYYjxXPP,210.0,2.0,2024.0,36a,p,768.0,Chandauli,ClbehnmwSec,indicator_36,211,36
2023-09-01,Chandauli,QglkJx8TDdn,ui45G8KwpzU.Ti9FJqkSK6J,352.0,2.0,2024.0,2a,p,768.0,Chandauli,ClbehnmwSec,indicator_2,211,2
2023-09-01,Chandauli,QglkJx8TDdn,GJKYhq2wR9L,519.0,2.0,2024.0,7a,p,768.0,Chandauli,ClbehnmwSec,indicator_7,211,7
2023-09-01,Chandauli,QglkJx8TDdn,NI0EC5no6PO,524.0,2.0,2024.0,10a,p,768.0,Chandauli,ClbehnmwSec,indicator_10,211,10
2023-09-01,Naugarh,UuA1Z7kFP5w,aRueVYr35yM.Ti9FJqkSK6J,148.0,2.0,2024.0,36b,p,772.0,Chandauli,ClbehnmwSec,indicator_36,690,36
2023-09-01,Naugarh,UuA1Z7kFP5w,ixBYYYjxXPP,122.0,2.0,2024.0,36a,p,772.0,Chandauli,ClbehnmwSec,indicator_36,690,36
2023-09-01,Naugarh,UuA1Z7kFP5w,ui45G8KwpzU.Ti9FJqkSK6J,400.0,2.0,2024.0,2a,p,772.0,Chandauli,ClbehnmwSec,indicator_2,690,2
2023-09-01,Naugarh,UuA1Z7kFP5w,GJKYhq2wR9L,268.0,2.0,2024.0,7a,p,772.0,Chandauli,ClbehnmwSec,indicator_7,690,7
2023-09-01,Naugarh,UuA1Z7kFP5w,NI0EC5no6PO,492.0,2.0,2024.0,10a,p,772.0,Chandauli,ClbehnmwSec,indicator_10,690,10
2023-09-01,Chakiya,VpPC8KPVwrC,aRueVYr35yM.Ti9FJqkSK6J,300.0,2.0,2024.0,36b,p,770.0,Chandauli,ClbehnmwSec,indicator_36,713,36
2023-09-01,Chakiya,VpPC8KPVwrC,ixBYYYjxXPP,338.0,2.0,2024.0,36a,p,770.0,Chandauli,ClbehnmwSec,indicator_36,713,36
2023-09-01,Chakiya,VpPC8KPVwrC,ui45G8KwpzU.Ti9FJqkSK6J,623.0,2.0,2024.0,2a,p,770.0,Chandauli,ClbehnmwSec,indicator_2,713,2
2023-09-01,Chakiya,VpPC8KPVwrC,GJKYhq2wR9L,537.0,2.0,2024.0,7a,p,770.0,Chandauli,ClbehnmwSec,indicator_7,713,7
2023-09-01,Chakiya,VpPC8KPVwrC,NI0EC5no6PO,555.0,2.0,2024.0,10a,p,770.0,Chandauli,ClbehnmwSec,indicator_10,713,10
2023-09-01,Barhani,kneJKc3fNtp,aRueVYr35yM.Ti9FJqkSK6J,306.0,2.0,2024.0,36b,p,769.0,Chandauli,ClbehnmwSec,indicator_36,837,36
2023-09-01,Barhani,kneJKc3fNtp,ixBYYYjxXPP,300.0,2.0,2024.0,36a,p,769.0,Chandauli,ClbehnmwSec,indicator_36,837,36
2023-09-01,Barhani,kneJKc3fNtp,ui45G8KwpzU.Ti9FJqkSK6J,495.0,2.0,2024.0,2a,p,769.0,Chandauli,ClbehnmwSec,indicator_2,837,2
2023-09-01,Barhani,kneJKc3fNtp,GJKYhq2wR9L,496.0,2.0,2024.0,7a,p,769.0,Chandauli,ClbehnmwSec,indicator_7,837,7
2023-09-01,Barhani,kneJKc3fNtp,NI0EC5no6PO,619.0,2.0,2024.0,10a,p,769.0,Chandauli,ClbehnmwSec,indicator_10,837,10
2023-09-01,Chandauli DHQ,kqqVceYxMn2,aRueVYr35yM.Ti9FJqkSK6J,578.0,2.0,2024.0,36b,p,,Chandauli,ClbehnmwSec,indicator_36,792,36
2023-09-01,Chandauli DHQ,kqqVceYxMn2,ixBYYYjxXPP,114.0,2.0,2024.0,36a,p,,Chandauli,ClbehnmwSec,indicator_36,792,36
2023-09-01,Chandauli DHQ,kqqVceYxMn2,ui45G8KwpzU.Ti9FJqkSK6J,339.0,2.0,2024.0,2a,p,,Chandauli,ClbehnmwSec,indicator_2,792,2
2023-09-01,Chandauli DHQ,kqqVceYxMn2,GJKYhq2wR9L,354.0,2.0,2024.0,7a,p,,Chandauli,ClbehnmwSec,indicator_7,792,7
2023-09-01,Chandauli DHQ,kqqVceYxMn2,NI0EC5no6PO,674.0,2.0,2024.0,10a,p,,Chandauli,ClbehnmwSec,indicator_10,792,10
2023-09-01,Deoria Bhttni,AzV6zQXaRba,aRueVYr35yM.Ti9FJqkSK6J,246.0,2.0,2024.0,36b,p,674.0,Deoria,Tf9b9qcbghH,indicator_36,441,36
2023-09-01,Deoria Bhttni,AzV6zQXaRba,ixBYYYjxXPP,189.0,2.0,2024.0,36a,p,674.0,Deoria,Tf9b9qcbghH,indicator_36,441,36
2023-09-01,Deoria Bhttni,AzV6zQXaRba,ui45G8KwpzU.Ti9FJqkSK6J,539.0,2.0,2024.0,2a,p,674.0,Deoria,Tf9b9qcbghH,indicator_2,441,2
2023-09-01,Deoria Bhttni,AzV6zQXaRba,GJKYhq2wR9L,429.0,2.0,2024.0,7a,p,674.0,Deoria,Tf9b9qcbghH,indicator_7,441,7
2023-09-01,Deoria Bhttni,AzV6zQXaRba,NI0EC5no6PO,610.0,2.0,2024.0,10a,p,674.0,Deoria,Tf9b9qcbghH,indicator_10,441,10
2023-09-01,Deoria Barhaz,E5A2kSTc3PM,aRueVYr35yM.Ti9FJqkSK6J,242.0,2.0,2024.0,36b,p,672.0,Deoria,Tf9b9qcbghH,indicator_36,301,36
2023-09-01,Deoria Barhaz,E5A2kSTc3PM,ixBYYYjxXPP,0.0,2.0,2024.0,36a,p,672.0,Deoria,Tf9b9qcbghH,indicator_36,301,36
2023-09-01,Deoria Barhaz,E5A2kSTc3PM,ui45G8KwpzU.Ti9FJqkSK6J,564.0,2.0,2024.0,2a,p,672.0,Deoria,Tf9b9qcbghH,indicator_2,301,2
2023-09-01,Deoria Barhaz,E5A2kSTc3PM,GJKYhq2wR9L,418.0,2.0,2024.0,7a,p,672.0,Deoria,Tf9b9qcbghH,indicator_7,301,7
2023-09-01,Deoria Barhaz,E5A2kSTc3PM,NI0EC5no6PO,694.0,2.0,2024.0,10a,p,672.0,Deoria,Tf9b9qcbghH,indicator_10,301,10
2023-09-01,Deoria Bankata,EmKRIMSIXim,aRueVYr35yM.Ti9FJqkSK6J,233.0,2.0,2024.0,36b,p,677.0,Deoria,Tf9b9qcbghH,indicator_36,782,36
2023-09-01,Deoria Bankata,EmKRIMSIXim,ixBYYYjxXPP,191.0,2.0,2024.0,36a,p,677.0,Deoria,Tf9b9qcbghH,indicator_36,782,36
2023-09-01,Deoria Bankata,EmKRIMSIXim,ui45G8KwpzU.Ti9FJqkSK6J,538.0,2.0,2024.0,2a,p,677.0,Deoria,Tf9b9qcbghH,indicator_2,782,2
2023-09-01,Deoria Bankata,EmKRIMSIXim,GJKYhq2wR9L,472.0,2.0,2024.0,7a,p,677.0,Deoria,Tf9b9qcbghH,indicator_7,782,7
2023-09-01,Deoria Bankata,EmKRIMSIXim,NI0EC5no6PO,618.0,2.0,2024.0,10a,p,677.0,Deoria,Tf9b9qcbghH,indicator_10,782,10
2023-09-01,Deoria DHQ,Kr0p5SNoG3J,aRueVYr35yM.Ti9FJqkSK6J,668.0,2.0,2024.0,36b,p,,Deoria,Tf9b9qcbghH,indicator_36,867,36
2023-09-01,Deoria DHQ,Kr0p5SNoG3J,ixBYYYjxXPP,285.0,2.0,2024.0,36a,p,,Deoria,Tf9b9qcbghH,indicator_36,867,36
2023-09-01,Deoria DHQ,Kr0p5SNoG3J,ui45G8KwpzU.Ti9FJqkSK6J,447.0,2.0,2024.0,2a,p,,Deoria,Tf9b9qcbghH,indicator_2,867,2
2023-09-01,Deoria DHQ,Kr0p5SNoG3J,GJKYhq2wR9L,520.0,2.0,2024.0,7a,p,,Deoria,Tf9b9qcbghH,indicator_7,867,7
2023-09-01,Deoria DHQ,Kr0p5SNoG3J,NI0EC5no6PO,1008.0,2.0,2024.0,10a,p,,Deoria,Tf9b9qcbghH,indicator_10,867,10
2023-09-01,Deoria Desai Deoria,KsXL0whELQG,aRueVYr35yM.Ti9FJqkSK6J,148.0,2.0,2024.0,36b,p,665.0,Deoria,Tf9b9qcbghH,indicator_36,879,36
2023-09-01,Deoria Desai Deoria,KsXL0whELQG,ixBYYYjxXPP,241.0,2.0,2024.0,36a,p,665.0,Deoria,Tf9b9qcbghH,indicator_36,879,36
2023-09-01,Deoria Desai Deoria,KsXL0whELQG,ui45G8KwpzU.Ti9FJqkSK6J,388.0,2.0,2024.0,2a,p,665.0,Deoria,Tf9b9qcbghH,indicator_2,879,2
2023-09-01,Deoria Desai Deoria,KsXL0whELQG,GJKYhq2wR9L,309.0,2.0,2024.0,7a,p,665.0,Deoria,Tf9b9qcbghH,indicator_7,879,7
2023-09-01,Deoria Desai Deoria,KsXL0whELQG,NI0EC5no6PO,465.0,2.0,2024.0,10a,p,665.0,Deoria,Tf9b9qcbghH,indicator_10,879,10
2023-09-01,Deoria Bethalpur,LPTjBQ9rRWx,aRueVYr35yM.Ti9FJqkSK6J,190.0,2.0,2024.0,36b,p,664.0,Deoria,Tf9b9qcbghH,indicator_36,510,36
2023-09-01,Deoria Bethalpur,LPTjBQ9rRWx,ixBYYYjxXPP,111.0,2.0,2024.0,36a,p,664.0,Deoria,Tf9b9qcbghH,indicator_36,510,36
2023-09-01,Deoria Bethalpur,LPTjBQ9rRWx,ui45G8KwpzU.Ti9FJqkSK6J,679.0,2.0,2024.0,2a,p,664.0,Deoria,Tf9b9qcbghH,indicator_2,510,2
2023-09-01,Deoria Bethalpur,LPTjBQ9rRWx,GJKYhq2wR9L,526.0,2.0,2024.0,7a,p,664.0,Deoria,Tf9b9qcbghH,indicator_7,510,7
2023-09-01,Deoria Bethalpur,LPTjBQ9rRWx,NI0EC5no6PO,664.0,2.0,2024.0,10a,p,664.0,Deoria,Tf9b9qcbghH,indicator_10,510,10
2023-09-01,Deoria Larr,NVFxlXHdSmv,aRueVYr35yM.Ti9FJqkSK6J,246.0,2.0,2024.0,36b,p,676.0,Deoria,Tf9b9qcbghH,indicator_36,52,36
2023-09-01,Deoria Larr,NVFxlXHdSmv,ixBYYYjxXPP,111.0,2.0,2024.0,36a,p,676.0,Deoria,Tf9b9qcbghH,indicator_36,52,36
2023-09-01,Deoria Larr,NVFxlXHdSmv,ui45G8KwpzU.Ti9FJqkSK6J,588.0,2.0,2024.0,2a,p,676.0,Deoria,Tf9b9qcbghH,indicator_2,52,2
2023-09-01,Deoria Larr,NVFxlXHdSmv,GJKYhq2wR9L,566.0,2.0,2024.0,7a,p,676.0,Deoria,Tf9b9qcbghH,indicator_7,52,7
2023-09-01,Deoria Larr,NVFxlXHdSmv,NI0EC5no6PO,752.0,2.0,2024.0,10a,p,676.0,Deoria,Tf9b9qcbghH,indicator_10,52,10
2023-09-01,Deoria Rampur Karkhna,S0dqgoK82zn,aRueVYr35yM.Ti9FJqkSK6J,241.0,2.0,2024.0,36b,p,668.0,Deoria,Tf9b9qcbghH,indicator_36,635,36
2023-09-01,Deoria Rampur Karkhna,S0dqgoK82zn,ixBYYYjxXPP,241.0,2.0,2024.0,36a,p,668.0,Deoria,Tf9b9qcbghH,indicator_36,635,36
2023-09-01,Deoria Rampur Karkhna,S0dqgoK82zn,ui45G8KwpzU.Ti9FJqkSK6J,463.0,2.0,2024.0,2a,p,668.0,Deoria,Tf9b9qcbghH,indicator_2,635,2
2023-09-01,Deoria Rampur Karkhna,S0dqgoK82zn,GJKYhq2wR9L,409.0,2.0,2024.0,7a,p,668.0,Deoria,Tf9b9qcbghH,indicator_7,635,7
2023-09-01,Deoria Rampur Karkhna,S0dqgoK82zn,NI0EC5no6PO,489.0,2.0,2024.0,10a,p,668.0,Deoria,Tf9b9qcbghH,indicator_10,635,10
2023-09-01,Deoria Bhagelpur,ULhLz5tR5rr,aRueVYr35yM.Ti9FJqkSK6J,137.0,2.0,2024.0,36b,p,673.0,Deoria,Tf9b9qcbghH,indicator_36,451,36
2023-09-01,Deoria Bhagelpur,ULhLz5tR5rr,ixBYYYjxXPP,110.0,2.0,2024.0,36a,p,673.0,Deoria,Tf9b9qcbghH,indicator_36,451,36
2023-09-01,Deoria Bhagelpur,ULhLz5tR5rr,ui45G8KwpzU.Ti9FJqkSK6J,401.0,2.0,2024.0,2a,p,673.0,Deoria,Tf9b9qcbghH,indicator_2,451,2
2023-09-01,Deoria Bhagelpur,ULhLz5tR5rr,GJKYhq2wR9L,482.0,2.0,2024.0,7a,p,673.0,Deoria,Tf9b9qcbghH,indicator_7,451,7
2023-09-01,Deoria Bhagelpur,ULhLz5tR5rr,NI0EC5no6PO,404.0,2.0,2024.0,10a,p,673.0,Deoria,Tf9b9qcbghH,indicator_10,451,10
2023-09-01,Deoria Majhgawon,UlR3pGm65VX,aRueVYr35yM.Ti9FJqkSK6J,1717.0,2.0,2024.0,36b,p,,Deoria,Tf9b9qcbghH,indicator_36,54,36
2023-09-01,Deoria Majhgawon,UlR3pGm65VX,ixBYYYjxXPP,114.0,2.0,2024.0,36a,p,,Deoria,Tf9b9qcbghH,indicator_36,54,36
2023-09-01,Deoria Majhgawon,UlR3pGm65VX,aRueVYr35yM.Ti9FJqkSK6J,180.0,2.0,2024.0,36b,p,,Deoria,Tf9b9qcbghH,indicator_36,54,36
2023-09-01,Deoria Majhgawon,UlR3pGm65VX,ui45G8KwpzU.Ti9FJqkSK6J,765.0,2.0,2024.0,2a,p,,Deoria,Tf9b9qcbghH,indicator_2,54,2
2023-09-01,Deoria Majhgawon,UlR3pGm65VX,GJKYhq2wR9L,659.0,2.0,2024.0,7a,p,,Deoria,Tf9b9qcbghH,indicator_7,54,7
2023-09-01,Deoria Majhgawon,UlR3pGm65VX,NI0EC5no6PO,665.0,2.0,2024.0,10a,p,,Deoria,Tf9b9qcbghH,indicator_10,54,10
2023-09-01,Deoria Selampur,YRYbXgGEgwG,aRueVYr35yM.Ti9FJqkSK6J,266.0,2.0,2024.0,36b,p,675.0,Deoria,Tf9b9qcbghH,indicator_36,116,36
2023-09-01,Deoria Selampur,YRYbXgGEgwG,ixBYYYjxXPP,256.0,2.0,2024.0,36a,p,675.0,Deoria,Tf9b9qcbghH,indicator_36,116,36
2023-09-01,Deoria Selampur,YRYbXgGEgwG,ui45G8KwpzU.Ti9FJqkSK6J,720.0,2.0,2024.0,2a,p,675.0,Deoria,Tf9b9qcbghH,indicator_2,116,2
2023-09-01,Deoria Selampur,YRYbXgGEgwG,GJKYhq2wR9L,557.0,2.0,2024.0,7a,p,675.0,Deoria,Tf9b9qcbghH,indicator_7,116,7
2023-09-01,Deoria Selampur,YRYbXgGEgwG,NI0EC5no6PO,675.0,2.0,2024.0,10a,p,675.0,Deoria,Tf9b9qcbghH,indicator_10,116,10
2023-09-01,Deoria Bhaluni,rMbW2gza9HD,aRueVYr35yM.Ti9FJqkSK6J,261.0,2.0,2024.0,36b,p,671.0,Deoria,Tf9b9qcbghH,indicator_36,546,36
2023-09-01,Deoria Bhaluni,rMbW2gza9HD,ixBYYYjxXPP,230.0,2.0,2024.0,36a,p,671.0,Deoria,Tf9b9qcbghH,indicator_36,546,36
2023-09-01,Deoria Bhaluni,rMbW2gza9HD,ui45G8KwpzU.Ti9FJqkSK6J,548.0,2.0,2024.0,2a,p,671.0,Deoria,Tf9b9qcbghH,indicator_2,546,2
2023-09-01,Deoria Bhaluni,rMbW2gza9HD,GJKYhq2wR9L,517.0,2.0,2024.0,7a,p,671.0,Deoria,Tf9b9qcbghH,indicator_7,546,7
2023-09-01,Deoria Bhaluni,rMbW2gza9HD,NI0EC5no6PO,587.0,2.0,2024.0,10a,p,671.0,Deoria,Tf9b9qcbghH,indicator_10,546,10
2023-09-01,Deoria Bhatperrani,rY5nGyzGedU,aRueVYr35yM.Ti9FJqkSK6J,241.0,2.0,2024.0,36b,p,678.0,Deoria,Tf9b9qcbghH,indicator_36,876,36
2023-09-01,Deoria Bhatperrani,rY5nGyzGedU,ixBYYYjxXPP,217.0,2.0,2024.0,36a,p,678.0,Deoria,Tf9b9qcbghH,indicator_36,876,36
2023-09-01,Deoria Bhatperrani,rY5nGyzGedU,ui45G8KwpzU.Ti9FJqkSK6J,552.0,2.0,2024.0,2a,p,678.0,Deoria,Tf9b9qcbghH,indicator_2,876,2
2023-09-01,Deoria Bhatperrani,rY5nGyzGedU,GJKYhq2wR9L,356.0,2.0,2024.0,7a,p,678.0,Deoria,Tf9b9qcbghH,indicator_7,876,7
2023-09-01,Deoria Bhatperrani,rY5nGyzGedU,NI0EC5no6PO,542.0,2.0,2024.0,10a,p,678.0,Deoria,Tf9b9qcbghH,indicator_10,876,10
2023-09-01,Deoria Tarkulwa ,rz3th45E7Sa,aRueVYr35yM.Ti9FJqkSK6J,131.0,2.0,2024.0,36b,p,666.0,Deoria,Tf9b9qcbghH,indicator_36,583,36
2023-09-01,Deoria Tarkulwa ,rz3th45E7Sa,ixBYYYjxXPP,105.0,2.0,2024.0,36a,p,666.0,Deoria,Tf9b9qcbghH,indicator_36,583,36
2023-09-01,Deoria Tarkulwa ,rz3th45E7Sa,ui45G8KwpzU.Ti9FJqkSK6J,320.0,2.0,2024.0,2a,p,666.0,Deoria,Tf9b9qcbghH,indicator_2,583,2
2023-09-01,Deoria Tarkulwa ,rz3th45E7Sa,GJKYhq2wR9L,257.0,2.0,2024.0,7a,p,666.0,Deoria,Tf9b9qcbghH,indicator_7,583,7
2023-09-01,Deoria Tarkulwa ,rz3th45E7Sa,NI0EC5no6PO,328.0,2.0,2024.0,10a,p,666.0,Deoria,Tf9b9qcbghH,indicator_10,583,10
2023-09-01,Deoria Ruderpur,tbaPfFzYkRT,aRueVYr35yM.Ti9FJqkSK6J,308.0,2.0,2024.0,36b,p,670.0,Deoria,Tf9b9qcbghH,indicator_36,592,36
2023-09-01,Deoria Ruderpur,tbaPfFzYkRT,ixBYYYjxXPP,0.0,2.0,2024.0,36a,p,670.0,Deoria,Tf9b9qcbghH,indicator_36,592,36
2023-09-01,Deoria Ruderpur,tbaPfFzYkRT,aRueVYr35yM.Ti9FJqkSK6J,218.0,2.0,2024.0,36b,p,670.0,Deoria,Tf9b9qcbghH,indicator_36,592,36
2023-09-01,Deoria Ruderpur,tbaPfFzYkRT,ui45G8KwpzU.Ti9FJqkSK6J,626.0,2.0,2024.0,2a,p,670.0,Deoria,Tf9b9qcbghH,indicator_2,592,2
2023-09-01,Deoria Ruderpur,tbaPfFzYkRT,GJKYhq2wR9L,603.0,2.0,2024.0,7a,p,670.0,Deoria,Tf9b9qcbghH,indicator_7,592,7
2023-09-01,Deoria Ruderpur,tbaPfFzYkRT,NI0EC5no6PO,749.0,2.0,2024.0,10a,p,670.0,Deoria,Tf9b9qcbghH,indicator_10,592,10
2023-09-01,Deoria Patherdewa,uwDViZiXmha,aRueVYr35yM.Ti9FJqkSK6J,393.0,2.0,2024.0,36b,p,667.0,Deoria,Tf9b9qcbghH,indicator_36,513,36
2023-09-01,Deoria Patherdewa,uwDViZiXmha,ixBYYYjxXPP,0.0,2.0,2024.0,36a,p,667.0,Deoria,Tf9b9qcbghH,indicator_36,513,36
2023-09-01,Deoria Patherdewa,uwDViZiXmha,aRueVYr35yM.Ti9FJqkSK6J,194.0,2.0,2024.0,36b,p,667.0,Deoria,Tf9b9qcbghH,indicator_36,513,36
2023-09-01,Deoria Patherdewa,uwDViZiXmha,ui45G8KwpzU.Ti9FJqkSK6J,505.0,2.0,2024.0,2a,p,667.0,Deoria,Tf9b9qcbghH,indicator_2,513,2
2023-09-01,Deoria Patherdewa,uwDViZiXmha,GJKYhq2wR9L,469.0,2.0,2024.0,7a,p,667.0,Deoria,Tf9b9qcbghH,indicator_7,513,7
2023-09-01,Deoria Patherdewa,uwDViZiXmha,NI0EC5no6PO,505.0,2.0,2024.0,10a,p,667.0,Deoria,Tf9b9qcbghH,indicator_10,513,10
2023-09-01,Deoria Goribazar,x6V2gbPDLjh,aRueVYr35yM.Ti9FJqkSK6J,395.0,2.0,2024.0,36b,p,663.0,Deoria,Tf9b9qcbghH,indicator_36,816,36
2023-09-01,Deoria Goribazar,x6V2gbPDLjh,ixBYYYjxXPP,0.0,2.0,2024.0,36a,p,663.0,Deoria,Tf9b9qcbghH,indicator_36,816,36
2023-09-01,Deoria Goribazar,x6V2gbPDLjh,ui45G8KwpzU.Ti9FJqkSK6J,622.0,2.0,2024.0,2a,p,663.0,Deoria,Tf9b9qcbghH,indicator_2,816,2
2023-09-01,Deoria Goribazar,x6V2gbPDLjh,GJKYhq2wR9L,591.0,2.0,2024.0,7a,p,663.0,Deoria,Tf9b9qcbghH,indicator_7,816,7
2023-09-01,Deoria Goribazar,x6V2gbPDLjh,NI0EC5no6PO,735.0,2.0,2024.0,10a,p,663.0,Deoria,Tf9b9qcbghH,indicator_10,816,10
2023-09-01,Itawa,B0QTEnRTAZg,aRueVYr35yM.Ti9FJqkSK6J,443.0,2.0,2024.0,36b,p,592.0,Siddharth Nagar,cP0p8qfm3il,indicator_36,672,36
2023-09-01,Itawa,B0QTEnRTAZg,ixBYYYjxXPP,297.0,2.0,2024.0,36a,p,592.0,Siddharth Nagar,cP0p8qfm3il,indicator_36,672,36
2023-09-01,Itawa,B0QTEnRTAZg,ui45G8KwpzU.Ti9FJqkSK6J,698.0,2.0,2024.0,2a,p,592.0,Siddharth Nagar,cP0p8qfm3il,indicator_2,672,2
2023-09-01,Itawa,B0QTEnRTAZg,GJKYhq2wR9L,536.0,2.0,2024.0,7a,p,592.0,Siddharth Nagar,cP0p8qfm3il,indicator_7,672,7
2023-09-01,Itawa,B0QTEnRTAZg,NI0EC5no6PO,639.0,2.0,2024.0,10a,p,592.0,Siddharth Nagar,cP0p8qfm3il,indicator_10,672,10
2023-09-01,Siddharth Nagar DHQ,EE0yO6YSNwL,aRueVYr35yM.Ti9FJqkSK6J,326.0,2.0,2024.0,36b,p,,Siddharth Nagar,cP0p8qfm3il,indicator_36,422,36
2023-09-01,Siddharth Nagar DHQ,EE0yO6YSNwL,ixBYYYjxXPP,184.0,2.0,2024.0,36a,p,,Siddharth Nagar,cP0p8qfm3il,indicator_36,422,36
2023-09-01,Siddharth Nagar DHQ,EE0yO6YSNwL,ui45G8KwpzU.Ti9FJqkSK6J,343.0,2.0,2024.0,2a,p,,Siddharth Nagar,cP0p8qfm3il,indicator_2,422,2
2023-09-01,Siddharth Nagar DHQ,EE0yO6YSNwL,GJKYhq2wR9L,101.0,2.0,2024.0,7a,p,,Siddharth Nagar,cP0p8qfm3il,indicator_7,422,7
2023-09-01,Siddharth Nagar DHQ,EE0yO6YSNwL,NI0EC5no6PO,30.0,2.0,2024.0,10a,p,,Siddharth Nagar,cP0p8qfm3il,indicator_10,422,10
2023-09-01,Birdpur,N5oPV77d3Vf,aRueVYr35yM.Ti9FJqkSK6J,256.0,2.0,2024.0,36b,p,584.0,Siddharth Nagar,cP0p8qfm3il,indicator_36,8,36
2023-09-01,Birdpur,N5oPV77d3Vf,ixBYYYjxXPP,368.0,2.0,2024.0,36a,p,584.0,Siddharth Nagar,cP0p8qfm3il,indicator_36,8,36
2023-09-01,Birdpur,N5oPV77d3Vf,ui45G8KwpzU.Ti9FJqkSK6J,632.0,2.0,2024.0,2a,p,584.0,Siddharth Nagar,cP0p8qfm3il,indicator_2,8,2
2023-09-01,Birdpur,N5oPV77d3Vf,GJKYhq2wR9L,538.0,2.0,2024.0,7a,p,584.0,Siddharth Nagar,cP0p8qfm3il,indicator_7,8,7
2023-09-01,Birdpur,N5oPV77d3Vf,NI0EC5no6PO,691.0,2.0,2024.0,10a,p,584.0,Siddharth Nagar,cP0p8qfm3il,indicator_10,8,10
2023-09-01,Mithwal,OHdFJxcZU3t,aRueVYr35yM.Ti9FJqkSK6J,240.0,2.0,2024.0,36b,p,589.0,Siddharth Nagar,cP0p8qfm3il,indicator_36,57,36
2023-09-01,Mithwal,OHdFJxcZU3t,aRueVYr35yM.Ti9FJqkSK6J,229.0,2.0,2024.0,36b,p,589.0,Siddharth Nagar,cP0p8qfm3il,indicator_36,57,36
2023-09-01,Mithwal,OHdFJxcZU3t,ui45G8KwpzU.Ti9FJqkSK6J,618.0,2.0,2024.0,2a,p,589.0,Siddharth Nagar,cP0p8qfm3il,indicator_2,57,2
2023-09-01,Mithwal,OHdFJxcZU3t,GJKYhq2wR9L,708.0,2.0,2024.0,7a,p,589.0,Siddharth Nagar,cP0p8qfm3il,indicator_7,57,7
2023-09-01,Mithwal,OHdFJxcZU3t,NI0EC5no6PO,401.0,2.0,2024.0,10a,p,589.0,Siddharth Nagar,cP0p8qfm3il,indicator_10,57,10
2023-09-01,Khsrha,RtFh5dTx40I,aRueVYr35yM.Ti9FJqkSK6J,213.0,2.0,2024.0,36b,p,590.0,Siddharth Nagar,cP0p8qfm3il,indicator_36,372,36
2023-09-01,Khsrha,RtFh5dTx40I,ixBYYYjxXPP,112.0,2.0,2024.0,36a,p,590.0,Siddharth Nagar,cP0p8qfm3il,indicator_36,372,36
2023-09-01,Khsrha,RtFh5dTx40I,ui45G8KwpzU.Ti9FJqkSK6J,780.0,2.0,2024.0,2a,p,590.0,Siddharth Nagar,cP0p8qfm3il,indicator_2,372,2
2023-09-01,Khsrha,RtFh5dTx40I,GJKYhq2wR9L,577.0,2.0,2024.0,7a,p,590.0,Siddharth Nagar,cP0p8qfm3il,indicator_7,372,7
2023-09-01,Khsrha,RtFh5dTx40I,NI0EC5no6PO,951.0,2.0,2024.0,10a,p,590.0,Siddharth Nagar,cP0p8qfm3il,indicator_10,372,10
2023-09-01,Jogia,SCLwreLwByy,aRueVYr35yM.Ti9FJqkSK6J,152.0,2.0,2024.0,36b,p,583.0,Siddharth Nagar,cP0p8qfm3il,indicator_36,426,36
2023-09-01,Jogia,SCLwreLwByy,ixBYYYjxXPP,122.0,2.0,2024.0,36a,p,583.0,Siddharth Nagar,cP0p8qfm3il,indicator_36,426,36
2023-09-01,Jogia,SCLwreLwByy,ui45G8KwpzU.Ti9FJqkSK6J,321.0,2.0,2024.0,2a,p,583.0,Siddharth Nagar,cP0p8qfm3il,indicator_2,426,2
2023-09-01,Jogia,SCLwreLwByy,GJKYhq2wR9L,284.0,2.0,2024.0,7a,p,583.0,Siddharth Nagar,cP0p8qfm3il,indicator_7,426,7
2023-09-01,Jogia,SCLwreLwByy,NI0EC5no6PO,493.0,2.0,2024.0,10a,p,583.0,Siddharth Nagar,cP0p8qfm3il,indicator_10,426,10
2023-09-01,Nougarh,VQaZwzfLvV1,aRueVYr35yM.Ti9FJqkSK6J,76.0,2.0,2024.0,36b,p,585.0,Siddharth Nagar,cP0p8qfm3il,indicator_36,785,36
2023-09-01,Nougarh,VQaZwzfLvV1,ixBYYYjxXPP,0.0,2.0,2024.0,36a,p,585.0,Siddharth Nagar,cP0p8qfm3il,indicator_36,785,36
2023-09-01,Nougarh,VQaZwzfLvV1,ui45G8KwpzU.Ti9FJqkSK6J,999.0,2.0,2024.0,2a,p,585.0,Siddharth Nagar,cP0p8qfm3il,indicator_2,785,2
2023-09-01,Nougarh,VQaZwzfLvV1,GJKYhq2wR9L,361.0,2.0,2024.0,7a,p,585.0,Siddharth Nagar,cP0p8qfm3il,indicator_7,785,7
2023-09-01,Nougarh,VQaZwzfLvV1,NI0EC5no6PO,1014.0,2.0,2024.0,10a,p,585.0,Siddharth Nagar,cP0p8qfm3il,indicator_10,785,10
2023-09-01,Khuniywa,WhN8Tp15uxY,aRueVYr35yM.Ti9FJqkSK6J,333.0,2.0,2024.0,36b,p,593.0,Siddharth Nagar,cP0p8qfm3il,indicator_36,819,36
2023-09-01,Khuniywa,WhN8Tp15uxY,ixBYYYjxXPP,0.0,2.0,2024.0,36a,p,593.0,Siddharth Nagar,cP0p8qfm3il,indicator_36,819,36
2023-09-01,Khuniywa,WhN8Tp15uxY,ui45G8KwpzU.Ti9FJqkSK6J,956.0,2.0,2024.0,2a,p,593.0,Siddharth Nagar,cP0p8qfm3il,indicator_2,819,2
2023-09-01,Khuniywa,WhN8Tp15uxY,GJKYhq2wR9L,768.0,2.0,2024.0,7a,p,593.0,Siddharth Nagar,cP0p8qfm3il,indicator_7,819,7
2023-09-01,Khuniywa,WhN8Tp15uxY,NI0EC5no6PO,883.0,2.0,2024.0,10a,p,593.0,Siddharth Nagar,cP0p8qfm3il,indicator_10,819,10
2023-09-01,Uska Bazar,WvXTe5mm0Jg,aRueVYr35yM.Ti9FJqkSK6J,189.0,2.0,2024.0,36b,p,586.0,Siddharth Nagar,cP0p8qfm3il,indicator_36,503,36
2023-09-01,Uska Bazar,WvXTe5mm0Jg,ixBYYYjxXPP,80.0,2.0,2024.0,36a,p,586.0,Siddharth Nagar,cP0p8qfm3il,indicator_36,503,36
2023-09-01,Uska Bazar,WvXTe5mm0Jg,ui45G8KwpzU.Ti9FJqkSK6J,436.0,2.0,2024.0,2a,p,586.0,Siddharth Nagar,cP0p8qfm3il,indicator_2,503,2
2023-09-01,Uska Bazar,WvXTe5mm0Jg,GJKYhq2wR9L,341.0,2.0,2024.0,7a,p,586.0,Siddharth Nagar,cP0p8qfm3il,indicator_7,503,7
2023-09-01,Uska Bazar,WvXTe5mm0Jg,NI0EC5no6PO,509.0,2.0,2024.0,10a,p,586.0,Siddharth Nagar,cP0p8qfm3il,indicator_10,503,10
2023-09-01,Bansi,dMZKc4fIqCl,aRueVYr35yM.Ti9FJqkSK6J,463.0,2.0,2024.0,36b,p,588.0,Siddharth Nagar,cP0p8qfm3il,indicator_36,463,36
2023-09-01,Bansi,dMZKc4fIqCl,ixBYYYjxXPP,0.0,2.0,2024.0,36a,p,588.0,Siddharth Nagar,cP0p8qfm3il,indicator_36,463,36
2023-09-01,Bansi,dMZKc4fIqCl,aRueVYr35yM.Ti9FJqkSK6J,298.0,2.0,2024.0,36b,p,588.0,Siddharth Nagar,cP0p8qfm3il,indicator_36,463,36
2023-09-01,Bansi,dMZKc4fIqCl,ui45G8KwpzU.Ti9FJqkSK6J,462.0,2.0,2024.0,2a,p,588.0,Siddharth Nagar,cP0p8qfm3il,indicator_2,463,2
2023-09-01,Bansi,dMZKc4fIqCl,GJKYhq2wR9L,411.0,2.0,2024.0,7a,p,588.0,Siddharth Nagar,cP0p8qfm3il,indicator_7,463,7
2023-09-01,Bansi,dMZKc4fIqCl,NI0EC5no6PO,181.0,2.0,2024.0,10a,p,588.0,Siddharth Nagar,cP0p8qfm3il,indicator_10,463,10
2023-09-01,Sohartgarh,fhrJdvxaNc3,aRueVYr35yM.Ti9FJqkSK6J,247.0,2.0,2024.0,36b,p,582.0,Siddharth Nagar,cP0p8qfm3il,indicator_36,445,36
2023-09-01,Sohartgarh,fhrJdvxaNc3,ixBYYYjxXPP,212.0,2.0,2024.0,36a,p,582.0,Siddharth Nagar,cP0p8qfm3il,indicator_36,445,36
2023-09-01,Sohartgarh,fhrJdvxaNc3,aRueVYr35yM.Ti9FJqkSK6J,216.0,2.0,2024.0,36b,p,582.0,Siddharth Nagar,cP0p8qfm3il,indicator_36,445,36
2023-09-01,Sohartgarh,fhrJdvxaNc3,ui45G8KwpzU.Ti9FJqkSK6J,462.0,2.0,2024.0,2a,p,582.0,Siddharth Nagar,cP0p8qfm3il,indicator_2,445,2
2023-09-01,Sohartgarh,fhrJdvxaNc3,GJKYhq2wR9L,398.0,2.0,2024.0,7a,p,582.0,Siddharth Nagar,cP0p8qfm3il,indicator_7,445,7
2023-09-01,Sohartgarh,fhrJdvxaNc3,NI0EC5no6PO,581.0,2.0,2024.0,10a,p,582.0,Siddharth Nagar,cP0p8qfm3il,indicator_10,445,10
2023-09-01,Badani,fvt1qfVGM3G,aRueVYr35yM.Ti9FJqkSK6J,207.0,2.0,2024.0,36b,p,581.0,Siddharth Nagar,cP0p8qfm3il,indicator_36,163,36
2023-09-01,Badani,fvt1qfVGM3G,ixBYYYjxXPP,0.0,2.0,2024.0,36a,p,581.0,Siddharth Nagar,cP0p8qfm3il,indicator_36,163,36
2023-09-01,Badani,fvt1qfVGM3G,aRueVYr35yM.Ti9FJqkSK6J,182.0,2.0,2024.0,36b,p,581.0,Siddharth Nagar,cP0p8qfm3il,indicator_36,163,36
2023-09-01,Badani,fvt1qfVGM3G,ui45G8KwpzU.Ti9FJqkSK6J,600.0,2.0,2024.0,2a,p,581.0,Siddharth Nagar,cP0p8qfm3il,indicator_2,163,2
2023-09-01,Badani,fvt1qfVGM3G,GJKYhq2wR9L,533.0,2.0,2024.0,7a,p,581.0,Siddharth Nagar,cP0p8qfm3il,indicator_7,163,7
2023-09-01,Badani,fvt1qfVGM3G,NI0EC5no6PO,585.0,2.0,2024.0,10a,p,581.0,Siddharth Nagar,cP0p8qfm3il,indicator_10,163,10
2023-09-01,Dumaria,nH12F0E43cT,aRueVYr35yM.Ti9FJqkSK6J,1480.0,2.0,2024.0,36b,p,594.0,Siddharth Nagar,cP0p8qfm3il,indicator_36,118,36
2023-09-01,Dumaria,nH12F0E43cT,ixBYYYjxXPP,0.0,2.0,2024.0,36a,p,594.0,Siddharth Nagar,cP0p8qfm3il,indicator_36,118,36
2023-09-01,Dumaria,nH12F0E43cT,aRueVYr35yM.Ti9FJqkSK6J,280.0,2.0,2024.0,36b,p,594.0,Siddharth Nagar,cP0p8qfm3il,indicator_36,118,36
2023-09-01,Dumaria,nH12F0E43cT,ui45G8KwpzU.Ti9FJqkSK6J,1068.0,2.0,2024.0,2a,p,594.0,Siddharth Nagar,cP0p8qfm3il,indicator_2,118,2
2023-09-01,Dumaria,nH12F0E43cT,GJKYhq2wR9L,886.0,2.0,2024.0,7a,p,594.0,Siddharth Nagar,cP0p8qfm3il,indicator_7,118,7
2023-09-01,Dumaria,nH12F0E43cT,NI0EC5no6PO,1018.0,2.0,2024.0,10a,p,594.0,Siddharth Nagar,cP0p8qfm3il,indicator_10,118,10
2023-09-01,Bhanwapur,pWd385fXS6s,aRueVYr35yM.Ti9FJqkSK6J,317.0,2.0,2024.0,36b,p,591.0,Siddharth Nagar,cP0p8qfm3il,indicator_36,850,36
2023-09-01,Bhanwapur,pWd385fXS6s,ixBYYYjxXPP,135.0,2.0,2024.0,36a,p,591.0,Siddharth Nagar,cP0p8qfm3il,indicator_36,850,36
2023-09-01,Bhanwapur,pWd385fXS6s,ui45G8KwpzU.Ti9FJqkSK6J,631.0,2.0,2024.0,2a,p,591.0,Siddharth Nagar,cP0p8qfm3il,indicator_2,850,2
2023-09-01,Bhanwapur,pWd385fXS6s,GJKYhq2wR9L,637.0,2.0,2024.0,7a,p,591.0,Siddharth Nagar,cP0p8qfm3il,indicator_7,850,7
2023-09-01,Bhanwapur,pWd385fXS6s,NI0EC5no6PO,611.0,2.0,2024.0,10a,p,591.0,Siddharth Nagar,cP0p8qfm3il,indicator_10,850,10
2023-09-01,Bilhari,B1rNgGH3FaM,aRueVYr35yM.Ti9FJqkSK6J,300.0,2.0,2024.0,36b,p,44.0,Moradabad,YQNQoPjAIpV,indicator_36,620,36
2023-09-01,Bilhari,B1rNgGH3FaM,ixBYYYjxXPP,214.0,2.0,2024.0,36a,p,44.0,Moradabad,YQNQoPjAIpV,indicator_36,620,36
2023-09-01,Bilhari,B1rNgGH3FaM,ui45G8KwpzU.Ti9FJqkSK6J,787.0,2.0,2024.0,2a,p,44.0,Moradabad,YQNQoPjAIpV,indicator_2,620,2
2023-09-01,Bilhari,B1rNgGH3FaM,GJKYhq2wR9L,725.0,2.0,2024.0,7a,p,44.0,Moradabad,YQNQoPjAIpV,indicator_7,620,7
2023-09-01,Bilhari,B1rNgGH3FaM,NI0EC5no6PO,787.0,2.0,2024.0,10a,p,44.0,Moradabad,YQNQoPjAIpV,indicator_10,620,10
2023-09-01,Tajpur,ETOgxiqqzTT,aRueVYr35yM.Ti9FJqkSK6J,118.0,2.0,2024.0,36b,p,41.0,Moradabad,YQNQoPjAIpV,indicator_36,307,36
2023-09-01,Tajpur,ETOgxiqqzTT,ixBYYYjxXPP,0.0,2.0,2024.0,36a,p,41.0,Moradabad,YQNQoPjAIpV,indicator_36,307,36
2023-09-01,Tajpur,ETOgxiqqzTT,ui45G8KwpzU.Ti9FJqkSK6J,640.0,2.0,2024.0,2a,p,41.0,Moradabad,YQNQoPjAIpV,indicator_2,307,2
2023-09-01,Tajpur,ETOgxiqqzTT,GJKYhq2wR9L,488.0,2.0,2024.0,7a,p,41.0,Moradabad,YQNQoPjAIpV,indicator_7,307,7
2023-09-01,Tajpur,ETOgxiqqzTT,NI0EC5no6PO,640.0,2.0,2024.0,10a,p,41.0,Moradabad,YQNQoPjAIpV,indicator_10,307,10
2023-09-01,Mundapanday,FPqrFlrWiLm,aRueVYr35yM.Ti9FJqkSK6J,175.0,2.0,2024.0,36b,p,42.0,Moradabad,YQNQoPjAIpV,indicator_36,84,36
2023-09-01,Mundapanday,FPqrFlrWiLm,ixBYYYjxXPP,167.0,2.0,2024.0,36a,p,42.0,Moradabad,YQNQoPjAIpV,indicator_36,84,36
2023-09-01,Mundapanday,FPqrFlrWiLm,ui45G8KwpzU.Ti9FJqkSK6J,714.0,2.0,2024.0,2a,p,42.0,Moradabad,YQNQoPjAIpV,indicator_2,84,2
2023-09-01,Mundapanday,FPqrFlrWiLm,GJKYhq2wR9L,658.0,2.0,2024.0,7a,p,42.0,Moradabad,YQNQoPjAIpV,indicator_7,84,7
2023-09-01,Mundapanday,FPqrFlrWiLm,NI0EC5no6PO,714.0,2.0,2024.0,10a,p,42.0,Moradabad,YQNQoPjAIpV,indicator_10,84,10
2023-09-01,Chjlate,MIhBWjsHb4j,aRueVYr35yM.Ti9FJqkSK6J,94.0,2.0,2024.0,36b,p,39.0,Moradabad,YQNQoPjAIpV,indicator_36,749,36
2023-09-01,Chjlate,MIhBWjsHb4j,ixBYYYjxXPP,90.0,2.0,2024.0,36a,p,39.0,Moradabad,YQNQoPjAIpV,indicator_36,749,36
2023-09-01,Chjlate,MIhBWjsHb4j,ui45G8KwpzU.Ti9FJqkSK6J,806.0,2.0,2024.0,2a,p,39.0,Moradabad,YQNQoPjAIpV,indicator_2,749,2
2023-09-01,Chjlate,MIhBWjsHb4j,GJKYhq2wR9L,786.0,2.0,2024.0,7a,p,39.0,Moradabad,YQNQoPjAIpV,indicator_7,749,7
2023-09-01,Chjlate,MIhBWjsHb4j,NI0EC5no6PO,806.0,2.0,2024.0,10a,p,39.0,Moradabad,YQNQoPjAIpV,indicator_10,749,10
2023-09-01,Moradabad DHQ,WHjh3bRw6D7,aRueVYr35yM.Ti9FJqkSK6J,2930.0,2.0,2024.0,36b,p,,Moradabad,YQNQoPjAIpV,indicator_36,438,36
2023-09-01,Moradabad DHQ,WHjh3bRw6D7,ixBYYYjxXPP,284.0,2.0,2024.0,36a,p,,Moradabad,YQNQoPjAIpV,indicator_36,438,36
2023-09-01,Moradabad DHQ,WHjh3bRw6D7,aRueVYr35yM.Ti9FJqkSK6J,326.0,2.0,2024.0,36b,p,,Moradabad,YQNQoPjAIpV,indicator_36,438,36
2023-09-01,Moradabad DHQ,WHjh3bRw6D7,ui45G8KwpzU.Ti9FJqkSK6J,2626.0,2.0,2024.0,2a,p,,Moradabad,YQNQoPjAIpV,indicator_2,438,2
2023-09-01,Moradabad DHQ,WHjh3bRw6D7,GJKYhq2wR9L,2516.0,2.0,2024.0,7a,p,,Moradabad,YQNQoPjAIpV,indicator_7,438,7
2023-09-01,Moradabad DHQ,WHjh3bRw6D7,NI0EC5no6PO,3463.0,2.0,2024.0,10a,p,,Moradabad,YQNQoPjAIpV,indicator_10,438,10
2023-09-01,Thakurdwara,aO4ZhXYOBeK,aRueVYr35yM.Ti9FJqkSK6J,198.0,2.0,2024.0,36b,p,37.0,Moradabad,YQNQoPjAIpV,indicator_36,744,36
2023-09-01,Thakurdwara,aO4ZhXYOBeK,ixBYYYjxXPP,164.0,2.0,2024.0,36a,p,37.0,Moradabad,YQNQoPjAIpV,indicator_36,744,36
2023-09-01,Thakurdwara,aO4ZhXYOBeK,ui45G8KwpzU.Ti9FJqkSK6J,709.0,2.0,2024.0,2a,p,37.0,Moradabad,YQNQoPjAIpV,indicator_2,744,2
2023-09-01,Thakurdwara,aO4ZhXYOBeK,GJKYhq2wR9L,782.0,2.0,2024.0,7a,p,37.0,Moradabad,YQNQoPjAIpV,indicator_7,744,7
2023-09-01,Thakurdwara,aO4ZhXYOBeK,NI0EC5no6PO,664.0,2.0,2024.0,10a,p,37.0,Moradabad,YQNQoPjAIpV,indicator_10,744,10
2023-09-01,Bhagtepurtanda,f4VnN0yydmT,aRueVYr35yM.Ti9FJqkSK6J,216.0,2.0,2024.0,36b,p,40.0,Moradabad,YQNQoPjAIpV,indicator_36,308,36
2023-09-01,Bhagtepurtanda,f4VnN0yydmT,ixBYYYjxXPP,127.0,2.0,2024.0,36a,p,40.0,Moradabad,YQNQoPjAIpV,indicator_36,308,36
2023-09-01,Bhagtepurtanda,f4VnN0yydmT,ui45G8KwpzU.Ti9FJqkSK6J,752.0,2.0,2024.0,2a,p,40.0,Moradabad,YQNQoPjAIpV,indicator_2,308,2
2023-09-01,Bhagtepurtanda,f4VnN0yydmT,GJKYhq2wR9L,649.0,2.0,2024.0,7a,p,40.0,Moradabad,YQNQoPjAIpV,indicator_7,308,7
2023-09-01,Bhagtepurtanda,f4VnN0yydmT,NI0EC5no6PO,754.0,2.0,2024.0,10a,p,40.0,Moradabad,YQNQoPjAIpV,indicator_10,308,10
2023-09-01,Kunderki,gmAXrJ45VMf,aRueVYr35yM.Ti9FJqkSK6J,180.0,2.0,2024.0,36b,p,43.0,Moradabad,YQNQoPjAIpV,indicator_36,768,36
2023-09-01,Kunderki,gmAXrJ45VMf,ixBYYYjxXPP,0.0,2.0,2024.0,36a,p,43.0,Moradabad,YQNQoPjAIpV,indicator_36,768,36
2023-09-01,Kunderki,gmAXrJ45VMf,ui45G8KwpzU.Ti9FJqkSK6J,1047.0,2.0,2024.0,2a,p,43.0,Moradabad,YQNQoPjAIpV,indicator_2,768,2
2023-09-01,Kunderki,gmAXrJ45VMf,GJKYhq2wR9L,921.0,2.0,2024.0,7a,p,43.0,Moradabad,YQNQoPjAIpV,indicator_7,768,7
2023-09-01,Kunderki,gmAXrJ45VMf,NI0EC5no6PO,1047.0,2.0,2024.0,10a,p,43.0,Moradabad,YQNQoPjAIpV,indicator_10,768,10
2023-09-01,Dilhari,yslHqhvvXn0,aRueVYr35yM.Ti9FJqkSK6J,136.0,2.0,2024.0,36b,p,38.0,Moradabad,YQNQoPjAIpV,indicator_36,803,36
2023-09-01,Dilhari,yslHqhvvXn0,ixBYYYjxXPP,134.0,2.0,2024.0,36a,p,38.0,Moradabad,YQNQoPjAIpV,indicator_36,803,36
2023-09-01,Dilhari,yslHqhvvXn0,ui45G8KwpzU.Ti9FJqkSK6J,754.0,2.0,2024.0,2a,p,38.0,Moradabad,YQNQoPjAIpV,indicator_2,803,2
2023-09-01,Dilhari,yslHqhvvXn0,GJKYhq2wR9L,649.0,2.0,2024.0,7a,p,38.0,Moradabad,YQNQoPjAIpV,indicator_7,803,7
2023-09-01,Dilhari,yslHqhvvXn0,NI0EC5no6PO,754.0,2.0,2024.0,10a,p,38.0,Moradabad,YQNQoPjAIpV,indicator_10,803,10
2023-09-01,Kushinagar Fajilnagar,B3CnhXWWije,aRueVYr35yM.Ti9FJqkSK6J,558.0,2.0,2024.0,36b,p,659.0,Kushinagar,xUeHwd9FQkg,indicator_36,734,36
2023-09-01,Kushinagar Fajilnagar,B3CnhXWWije,ixBYYYjxXPP,350.0,2.0,2024.0,36a,p,659.0,Kushinagar,xUeHwd9FQkg,indicator_36,734,36
2023-09-01,Kushinagar Fajilnagar,B3CnhXWWije,aRueVYr35yM.Ti9FJqkSK6J,441.0,2.0,2024.0,36b,p,659.0,Kushinagar,xUeHwd9FQkg,indicator_36,734,36
2023-09-01,Kushinagar Fajilnagar,B3CnhXWWije,ui45G8KwpzU.Ti9FJqkSK6J,528.0,2.0,2024.0,2a,p,659.0,Kushinagar,xUeHwd9FQkg,indicator_2,734,2
2023-09-01,Kushinagar Fajilnagar,B3CnhXWWije,GJKYhq2wR9L,502.0,2.0,2024.0,7a,p,659.0,Kushinagar,xUeHwd9FQkg,indicator_7,734,7
2023-09-01,Kushinagar Fajilnagar,B3CnhXWWije,NI0EC5no6PO,560.0,2.0,2024.0,10a,p,659.0,Kushinagar,xUeHwd9FQkg,indicator_10,734,10
2023-09-01,Kushinagar Hata,BYiQDRJhWWk,aRueVYr35yM.Ti9FJqkSK6J,233.0,2.0,2024.0,36b,p,657.0,Kushinagar,xUeHwd9FQkg,indicator_36,548,36
2023-09-01,Kushinagar Hata,BYiQDRJhWWk,ixBYYYjxXPP,0.0,2.0,2024.0,36a,p,657.0,Kushinagar,xUeHwd9FQkg,indicator_36,548,36
2023-09-01,Kushinagar Hata,BYiQDRJhWWk,ui45G8KwpzU.Ti9FJqkSK6J,514.0,2.0,2024.0,2a,p,657.0,Kushinagar,xUeHwd9FQkg,indicator_2,548,2
2023-09-01,Kushinagar Hata,BYiQDRJhWWk,GJKYhq2wR9L,611.0,2.0,2024.0,7a,p,657.0,Kushinagar,xUeHwd9FQkg,indicator_7,548,7
2023-09-01,Kushinagar Hata,BYiQDRJhWWk,NI0EC5no6PO,625.0,2.0,2024.0,10a,p,657.0,Kushinagar,xUeHwd9FQkg,indicator_10,548,10
2023-09-01,Kushinagar Motichak,BhMAwU8XZey,aRueVYr35yM.Ti9FJqkSK6J,254.0,2.0,2024.0,36b,p,655.0,Kushinagar,xUeHwd9FQkg,indicator_36,658,36
2023-09-01,Kushinagar Motichak,BhMAwU8XZey,ixBYYYjxXPP,0.0,2.0,2024.0,36a,p,655.0,Kushinagar,xUeHwd9FQkg,indicator_36,658,36
2023-09-01,Kushinagar Motichak,BhMAwU8XZey,ui45G8KwpzU.Ti9FJqkSK6J,539.0,2.0,2024.0,2a,p,655.0,Kushinagar,xUeHwd9FQkg,indicator_2,658,2
2023-09-01,Kushinagar Motichak,BhMAwU8XZey,GJKYhq2wR9L,516.0,2.0,2024.0,7a,p,655.0,Kushinagar,xUeHwd9FQkg,indicator_7,658,7
2023-09-01,Kushinagar Motichak,BhMAwU8XZey,NI0EC5no6PO,617.0,2.0,2024.0,10a,p,655.0,Kushinagar,xUeHwd9FQkg,indicator_10,658,10
2023-09-01,Kushinagar Tamkuhi,CApqqM6FvRV,aRueVYr35yM.Ti9FJqkSK6J,516.0,2.0,2024.0,36b,p,660.0,Kushinagar,xUeHwd9FQkg,indicator_36,269,36
2023-09-01,Kushinagar Tamkuhi,CApqqM6FvRV,ixBYYYjxXPP,98.0,2.0,2024.0,36a,p,660.0,Kushinagar,xUeHwd9FQkg,indicator_36,269,36
2023-09-01,Kushinagar Tamkuhi,CApqqM6FvRV,aRueVYr35yM.Ti9FJqkSK6J,229.0,2.0,2024.0,36b,p,660.0,Kushinagar,xUeHwd9FQkg,indicator_36,269,36
2023-09-01,Kushinagar Tamkuhi,CApqqM6FvRV,ui45G8KwpzU.Ti9FJqkSK6J,731.0,2.0,2024.0,2a,p,660.0,Kushinagar,xUeHwd9FQkg,indicator_2,269,2
2023-09-01,Kushinagar Tamkuhi,CApqqM6FvRV,GJKYhq2wR9L,881.0,2.0,2024.0,7a,p,660.0,Kushinagar,xUeHwd9FQkg,indicator_7,269,7
2023-09-01,Kushinagar Tamkuhi,CApqqM6FvRV,NI0EC5no6PO,1025.0,2.0,2024.0,10a,p,660.0,Kushinagar,xUeHwd9FQkg,indicator_10,269,10
2023-09-01,Kushinagar DHQ,IiY5fP1UuFV,aRueVYr35yM.Ti9FJqkSK6J,380.0,2.0,2024.0,36b,p,,Kushinagar,xUeHwd9FQkg,indicator_36,536,36
2023-09-01,Kushinagar DHQ,IiY5fP1UuFV,ixBYYYjxXPP,0.0,2.0,2024.0,36a,p,,Kushinagar,xUeHwd9FQkg,indicator_36,536,36
2023-09-01,Kushinagar DHQ,IiY5fP1UuFV,ui45G8KwpzU.Ti9FJqkSK6J,138.0,2.0,2024.0,2a,p,,Kushinagar,xUeHwd9FQkg,indicator_2,536,2
2023-09-01,Kushinagar DHQ,IiY5fP1UuFV,GJKYhq2wR9L,29.0,2.0,2024.0,7a,p,,Kushinagar,xUeHwd9FQkg,indicator_7,536,7
2023-09-01,Kushinagar DHQ,IiY5fP1UuFV,NI0EC5no6PO,651.0,2.0,2024.0,10a,p,,Kushinagar,xUeHwd9FQkg,indicator_10,536,10
2023-09-01,Kushinagar Kesya,JTRnaTY9yhN,aRueVYr35yM.Ti9FJqkSK6J,271.0,2.0,2024.0,36b,p,658.0,Kushinagar,xUeHwd9FQkg,indicator_36,53,36
2023-09-01,Kushinagar Kesya,JTRnaTY9yhN,ixBYYYjxXPP,0.0,2.0,2024.0,36a,p,658.0,Kushinagar,xUeHwd9FQkg,indicator_36,53,36
2023-09-01,Kushinagar Kesya,JTRnaTY9yhN,ui45G8KwpzU.Ti9FJqkSK6J,595.0,2.0,2024.0,2a,p,658.0,Kushinagar,xUeHwd9FQkg,indicator_2,53,2
2023-09-01,Kushinagar Kesya,JTRnaTY9yhN,GJKYhq2wR9L,604.0,2.0,2024.0,7a,p,658.0,Kushinagar,xUeHwd9FQkg,indicator_7,53,7
2023-09-01,Kushinagar Kesya,JTRnaTY9yhN,NI0EC5no6PO,910.0,2.0,2024.0,10a,p,658.0,Kushinagar,xUeHwd9FQkg,indicator_10,53,10
2023-09-01,Kushinagar Khadda,OHnlTAIgKxY,aRueVYr35yM.Ti9FJqkSK6J,407.0,2.0,2024.0,36b,p,649.0,Kushinagar,xUeHwd9FQkg,indicator_36,251,36
2023-09-01,Kushinagar Khadda,OHnlTAIgKxY,ui45G8KwpzU.Ti9FJqkSK6J,691.0,2.0,2024.0,2a,p,649.0,Kushinagar,xUeHwd9FQkg,indicator_2,251,2
2023-09-01,Kushinagar Khadda,OHnlTAIgKxY,GJKYhq2wR9L,654.0,2.0,2024.0,7a,p,649.0,Kushinagar,xUeHwd9FQkg,indicator_7,251,7
2023-09-01,Kushinagar Khadda,OHnlTAIgKxY,NI0EC5no6PO,636.0,2.0,2024.0,10a,p,649.0,Kushinagar,xUeHwd9FQkg,indicator_10,251,10
2023-09-01,Kushinagar Sukhroli,SgYEydzGGbJ,aRueVYr35yM.Ti9FJqkSK6J,310.0,2.0,2024.0,36b,p,656.0,Kushinagar,xUeHwd9FQkg,indicator_36,69,36
2023-09-01,Kushinagar Sukhroli,SgYEydzGGbJ,ixBYYYjxXPP,0.0,2.0,2024.0,36a,p,656.0,Kushinagar,xUeHwd9FQkg,indicator_36,69,36
2023-09-01,Kushinagar Sukhroli,SgYEydzGGbJ,aRueVYr35yM.Ti9FJqkSK6J,166.0,2.0,2024.0,36b,p,656.0,Kushinagar,xUeHwd9FQkg,indicator_36,69,36
2023-09-01,Kushinagar Sukhroli,SgYEydzGGbJ,ui45G8KwpzU.Ti9FJqkSK6J,533.0,2.0,2024.0,2a,p,656.0,Kushinagar,xUeHwd9FQkg,indicator_2,69,2
2023-09-01,Kushinagar Sukhroli,SgYEydzGGbJ,GJKYhq2wR9L,529.0,2.0,2024.0,7a,p,656.0,Kushinagar,xUeHwd9FQkg,indicator_7,69,7
2023-09-01,Kushinagar Sukhroli,SgYEydzGGbJ,NI0EC5no6PO,615.0,2.0,2024.0,10a,p,656.0,Kushinagar,xUeHwd9FQkg,indicator_10,69,10
2023-09-01,Kushinagar Ramkola,XZ4UCP8boX8,aRueVYr35yM.Ti9FJqkSK6J,374.0,2.0,2024.0,36b,p,654.0,Kushinagar,xUeHwd9FQkg,indicator_36,467,36
2023-09-01,Kushinagar Ramkola,XZ4UCP8boX8,ixBYYYjxXPP,0.0,2.0,2024.0,36a,p,654.0,Kushinagar,xUeHwd9FQkg,indicator_36,467,36
2023-09-01,Kushinagar Ramkola,XZ4UCP8boX8,aRueVYr35yM.Ti9FJqkSK6J,314.0,2.0,2024.0,36b,p,654.0,Kushinagar,xUeHwd9FQkg,indicator_36,467,36
2023-09-01,Kushinagar Ramkola,XZ4UCP8boX8,ui45G8KwpzU.Ti9FJqkSK6J,722.0,2.0,2024.0,2a,p,654.0,Kushinagar,xUeHwd9FQkg,indicator_2,467,2
2023-09-01,Kushinagar Ramkola,XZ4UCP8boX8,GJKYhq2wR9L,646.0,2.0,2024.0,7a,p,654.0,Kushinagar,xUeHwd9FQkg,indicator_7,467,7
2023-09-01,Kushinagar Ramkola,XZ4UCP8boX8,NI0EC5no6PO,795.0,2.0,2024.0,10a,p,654.0,Kushinagar,xUeHwd9FQkg,indicator_10,467,10
2023-09-01,Kushinagar Kaptanganj,YIfO8FmqA6j,aRueVYr35yM.Ti9FJqkSK6J,496.0,2.0,2024.0,36b,p,653.0,Kushinagar,xUeHwd9FQkg,indicator_36,85,36
2023-09-01,Kushinagar Kaptanganj,YIfO8FmqA6j,ixBYYYjxXPP,227.0,2.0,2024.0,36a,p,653.0,Kushinagar,xUeHwd9FQkg,indicator_36,85,36
2023-09-01,Kushinagar Kaptanganj,YIfO8FmqA6j,aRueVYr35yM.Ti9FJqkSK6J,241.0,2.0,2024.0,36b,p,653.0,Kushinagar,xUeHwd9FQkg,indicator_36,85,36
2023-09-01,Kushinagar Kaptanganj,YIfO8FmqA6j,ui45G8KwpzU.Ti9FJqkSK6J,609.0,2.0,2024.0,2a,p,653.0,Kushinagar,xUeHwd9FQkg,indicator_2,85,2
2023-09-01,Kushinagar Kaptanganj,YIfO8FmqA6j,GJKYhq2wR9L,519.0,2.0,2024.0,7a,p,653.0,Kushinagar,xUeHwd9FQkg,indicator_7,85,7
2023-09-01,Kushinagar Kaptanganj,YIfO8FmqA6j,NI0EC5no6PO,812.0,2.0,2024.0,10a,p,653.0,Kushinagar,xUeHwd9FQkg,indicator_10,85,10
2023-09-01,Kushinagar Visunpura,lgWV1VzPmhE,aRueVYr35yM.Ti9FJqkSK6J,256.0,2.0,2024.0,36b,p,651.0,Kushinagar,xUeHwd9FQkg,indicator_36,874,36
2023-09-01,Kushinagar Visunpura,lgWV1VzPmhE,ixBYYYjxXPP,236.0,2.0,2024.0,36a,p,651.0,Kushinagar,xUeHwd9FQkg,indicator_36,874,36
2023-09-01,Kushinagar Visunpura,lgWV1VzPmhE,ui45G8KwpzU.Ti9FJqkSK6J,702.0,2.0,2024.0,2a,p,651.0,Kushinagar,xUeHwd9FQkg,indicator_2,874,2
2023-09-01,Kushinagar Visunpura,lgWV1VzPmhE,GJKYhq2wR9L,672.0,2.0,2024.0,7a,p,651.0,Kushinagar,xUeHwd9FQkg,indicator_7,874,7
2023-09-01,Kushinagar Visunpura,lgWV1VzPmhE,NI0EC5no6PO,725.0,2.0,2024.0,10a,p,651.0,Kushinagar,xUeHwd9FQkg,indicator_10,874,10
2023-09-01,Kushinagar Seavrahi,p7wG9B3Zqol,aRueVYr35yM.Ti9FJqkSK6J,674.0,2.0,2024.0,36b,p,662.0,Kushinagar,xUeHwd9FQkg,indicator_36,406,36
2023-09-01,Kushinagar Seavrahi,p7wG9B3Zqol,ixBYYYjxXPP,29.0,2.0,2024.0,36a,p,662.0,Kushinagar,xUeHwd9FQkg,indicator_36,406,36
2023-09-01,Kushinagar Seavrahi,p7wG9B3Zqol,aRueVYr35yM.Ti9FJqkSK6J,533.0,2.0,2024.0,36b,p,662.0,Kushinagar,xUeHwd9FQkg,indicator_36,406,36
2023-09-01,Kushinagar Seavrahi,p7wG9B3Zqol,ui45G8KwpzU.Ti9FJqkSK6J,946.0,2.0,2024.0,2a,p,662.0,Kushinagar,xUeHwd9FQkg,indicator_2,406,2
2023-09-01,Kushinagar Seavrahi,p7wG9B3Zqol,GJKYhq2wR9L,860.0,2.0,2024.0,7a,p,662.0,Kushinagar,xUeHwd9FQkg,indicator_7,406,7
2023-09-01,Kushinagar Seavrahi,p7wG9B3Zqol,NI0EC5no6PO,1195.0,2.0,2024.0,10a,p,662.0,Kushinagar,xUeHwd9FQkg,indicator_10,406,10
2023-09-01,Kushinagar Nabu Naurangia,vgRr0JIJR7M,aRueVYr35yM.Ti9FJqkSK6J,445.0,2.0,2024.0,36b,p,650.0,Kushinagar,xUeHwd9FQkg,indicator_36,241,36
2023-09-01,Kushinagar Nabu Naurangia,vgRr0JIJR7M,ixBYYYjxXPP,0.0,2.0,2024.0,36a,p,650.0,Kushinagar,xUeHwd9FQkg,indicator_36,241,36
2023-09-01,Kushinagar Nabu Naurangia,vgRr0JIJR7M,aRueVYr35yM.Ti9FJqkSK6J,306.0,2.0,2024.0,36b,p,650.0,Kushinagar,xUeHwd9FQkg,indicator_36,241,36
2023-09-01,Kushinagar Nabu Naurangia,vgRr0JIJR7M,ui45G8KwpzU.Ti9FJqkSK6J,608.0,2.0,2024.0,2a,p,650.0,Kushinagar,xUeHwd9FQkg,indicator_2,241,2
2023-09-01,Kushinagar Nabu Naurangia,vgRr0JIJR7M,GJKYhq2wR9L,573.0,2.0,2024.0,7a,p,650.0,Kushinagar,xUeHwd9FQkg,indicator_7,241,7
2023-09-01,Kushinagar Nabu Naurangia,vgRr0JIJR7M,NI0EC5no6PO,1118.0,2.0,2024.0,10a,p,650.0,Kushinagar,xUeHwd9FQkg,indicator_10,241,10
2023-09-01,Kushinagar Padrouna,vvIR3mOcYGz,aRueVYr35yM.Ti9FJqkSK6J,361.0,2.0,2024.0,36b,p,652.0,Kushinagar,xUeHwd9FQkg,indicator_36,662,36
2023-09-01,Kushinagar Padrouna,vvIR3mOcYGz,aRueVYr35yM.Ti9FJqkSK6J,268.0,2.0,2024.0,36b,p,652.0,Kushinagar,xUeHwd9FQkg,indicator_36,662,36
2023-09-01,Kushinagar Padrouna,vvIR3mOcYGz,ui45G8KwpzU.Ti9FJqkSK6J,928.0,2.0,2024.0,2a,p,652.0,Kushinagar,xUeHwd9FQkg,indicator_2,662,2
2023-09-01,Kushinagar Padrouna,vvIR3mOcYGz,GJKYhq2wR9L,990.0,2.0,2024.0,7a,p,652.0,Kushinagar,xUeHwd9FQkg,indicator_7,662,7
2023-09-01,Kushinagar Padrouna,vvIR3mOcYGz,NI0EC5no6PO,1141.0,2.0,2024.0,10a,p,652.0,Kushinagar,xUeHwd9FQkg,indicator_10,662,10
2023-09-01,Kushinagar Dudhai,xm14yPwUttg,aRueVYr35yM.Ti9FJqkSK6J,438.0,2.0,2024.0,36b,p,661.0,Kushinagar,xUeHwd9FQkg,indicator_36,63,36
2023-09-01,Kushinagar Dudhai,xm14yPwUttg,ixBYYYjxXPP,0.0,2.0,2024.0,36a,p,661.0,Kushinagar,xUeHwd9FQkg,indicator_36,63,36
2023-09-01,Kushinagar Dudhai,xm14yPwUttg,ui45G8KwpzU.Ti9FJqkSK6J,721.0,2.0,2024.0,2a,p,661.0,Kushinagar,xUeHwd9FQkg,indicator_2,63,2
2023-09-01,Kushinagar Dudhai,xm14yPwUttg,GJKYhq2wR9L,686.0,2.0,2024.0,7a,p,661.0,Kushinagar,xUeHwd9FQkg,indicator_7,63,7
2023-09-01,Kushinagar Dudhai,xm14yPwUttg,NI0EC5no6PO,734.0,2.0,2024.0,10a,p,661.0,Kushinagar,xUeHwd9FQkg,indicator_10,63,10
2023-09-01,Marouri,B6BzDe4ryaa,aRueVYr35yM.Ti9FJqkSK6J,219.0,2.0,2024.0,36b,p,204.0,Pilibhit,c96jwckSd6j,indicator_36,92,36
2023-09-01,Marouri,B6BzDe4ryaa,ixBYYYjxXPP,0.0,2.0,2024.0,36a,p,204.0,Pilibhit,c96jwckSd6j,indicator_36,92,36
2023-09-01,Marouri,B6BzDe4ryaa,ui45G8KwpzU.Ti9FJqkSK6J,529.0,2.0,2024.0,2a,p,204.0,Pilibhit,c96jwckSd6j,indicator_2,92,2
2023-09-01,Marouri,B6BzDe4ryaa,GJKYhq2wR9L,629.0,2.0,2024.0,7a,p,204.0,Pilibhit,c96jwckSd6j,indicator_7,92,7
2023-09-01,Marouri,B6BzDe4ryaa,NI0EC5no6PO,593.0,2.0,2024.0,10a,p,204.0,Pilibhit,c96jwckSd6j,indicator_10,92,10
2023-09-01,Lalaurikhera,BwBmhT0ClWR,aRueVYr35yM.Ti9FJqkSK6J,219.0,2.0,2024.0,36b,p,205.0,Pilibhit,c96jwckSd6j,indicator_36,549,36
2023-09-01,Lalaurikhera,BwBmhT0ClWR,ixBYYYjxXPP,27.0,2.0,2024.0,36a,p,205.0,Pilibhit,c96jwckSd6j,indicator_36,549,36
2023-09-01,Lalaurikhera,BwBmhT0ClWR,ui45G8KwpzU.Ti9FJqkSK6J,510.0,2.0,2024.0,2a,p,205.0,Pilibhit,c96jwckSd6j,indicator_2,549,2
2023-09-01,Lalaurikhera,BwBmhT0ClWR,GJKYhq2wR9L,480.0,2.0,2024.0,7a,p,205.0,Pilibhit,c96jwckSd6j,indicator_7,549,7
2023-09-01,Lalaurikhera,BwBmhT0ClWR,NI0EC5no6PO,524.0,2.0,2024.0,10a,p,205.0,Pilibhit,c96jwckSd6j,indicator_10,549,10
2023-09-01,Pilibhit DHQ,Ez4mS8TGHyp,aRueVYr35yM.Ti9FJqkSK6J,1188.0,2.0,2024.0,36b,p,,Pilibhit,c96jwckSd6j,indicator_36,866,36
2023-09-01,Pilibhit DHQ,Ez4mS8TGHyp,ixBYYYjxXPP,418.0,2.0,2024.0,36a,p,,Pilibhit,c96jwckSd6j,indicator_36,866,36
2023-09-01,Pilibhit DHQ,Ez4mS8TGHyp,aRueVYr35yM.Ti9FJqkSK6J,437.0,2.0,2024.0,36b,p,,Pilibhit,c96jwckSd6j,indicator_36,866,36
2023-09-01,Pilibhit DHQ,Ez4mS8TGHyp,ui45G8KwpzU.Ti9FJqkSK6J,241.0,2.0,2024.0,2a,p,,Pilibhit,c96jwckSd6j,indicator_2,866,2
2023-09-01,Pilibhit DHQ,Ez4mS8TGHyp,GJKYhq2wR9L,321.0,2.0,2024.0,7a,p,,Pilibhit,c96jwckSd6j,indicator_7,866,7
2023-09-01,Pilibhit DHQ,Ez4mS8TGHyp,NI0EC5no6PO,0.0,2.0,2024.0,10a,p,,Pilibhit,c96jwckSd6j,indicator_10,866,10
2023-09-01,Bilsanda,GHjV9QTEXyn,aRueVYr35yM.Ti9FJqkSK6J,343.0,2.0,2024.0,36b,p,207.0,Pilibhit,c96jwckSd6j,indicator_36,566,36
2023-09-01,Bilsanda,GHjV9QTEXyn,ixBYYYjxXPP,0.0,2.0,2024.0,36a,p,207.0,Pilibhit,c96jwckSd6j,indicator_36,566,36
2023-09-01,Bilsanda,GHjV9QTEXyn,aRueVYr35yM.Ti9FJqkSK6J,193.0,2.0,2024.0,36b,p,207.0,Pilibhit,c96jwckSd6j,indicator_36,566,36
2023-09-01,Bilsanda,GHjV9QTEXyn,ui45G8KwpzU.Ti9FJqkSK6J,349.0,2.0,2024.0,2a,p,207.0,Pilibhit,c96jwckSd6j,indicator_2,566,2
2023-09-01,Bilsanda,GHjV9QTEXyn,GJKYhq2wR9L,522.0,2.0,2024.0,7a,p,207.0,Pilibhit,c96jwckSd6j,indicator_7,566,7
2023-09-01,Bilsanda,GHjV9QTEXyn,NI0EC5no6PO,564.0,2.0,2024.0,10a,p,207.0,Pilibhit,c96jwckSd6j,indicator_10,566,10
2023-09-01,Puranpur,WQzG2MmpgAg,aRueVYr35yM.Ti9FJqkSK6J,1588.0,2.0,2024.0,36b,p,209.0,Pilibhit,c96jwckSd6j,indicator_36,324,36
2023-09-01,Puranpur,WQzG2MmpgAg,ixBYYYjxXPP,445.0,2.0,2024.0,36a,p,209.0,Pilibhit,c96jwckSd6j,indicator_36,324,36
2023-09-01,Puranpur,WQzG2MmpgAg,aRueVYr35yM.Ti9FJqkSK6J,617.0,2.0,2024.0,36b,p,209.0,Pilibhit,c96jwckSd6j,indicator_36,324,36
2023-09-01,Puranpur,WQzG2MmpgAg,ui45G8KwpzU.Ti9FJqkSK6J,1655.0,2.0,2024.0,2a,p,209.0,Pilibhit,c96jwckSd6j,indicator_2,324,2
2023-09-01,Puranpur,WQzG2MmpgAg,GJKYhq2wR9L,1437.0,2.0,2024.0,7a,p,209.0,Pilibhit,c96jwckSd6j,indicator_7,324,7
2023-09-01,Puranpur,WQzG2MmpgAg,NI0EC5no6PO,1655.0,2.0,2024.0,10a,p,209.0,Pilibhit,c96jwckSd6j,indicator_10,324,10
2023-09-01,Barkhera,aP18Pdo2sLv,aRueVYr35yM.Ti9FJqkSK6J,298.0,2.0,2024.0,36b,p,206.0,Pilibhit,c96jwckSd6j,indicator_36,771,36
2023-09-01,Barkhera,aP18Pdo2sLv,ixBYYYjxXPP,198.0,2.0,2024.0,36a,p,206.0,Pilibhit,c96jwckSd6j,indicator_36,771,36
2023-09-01,Barkhera,aP18Pdo2sLv,ui45G8KwpzU.Ti9FJqkSK6J,473.0,2.0,2024.0,2a,p,206.0,Pilibhit,c96jwckSd6j,indicator_2,771,2
2023-09-01,Barkhera,aP18Pdo2sLv,GJKYhq2wR9L,438.0,2.0,2024.0,7a,p,206.0,Pilibhit,c96jwckSd6j,indicator_7,771,7
2023-09-01,Barkhera,aP18Pdo2sLv,NI0EC5no6PO,473.0,2.0,2024.0,10a,p,206.0,Pilibhit,c96jwckSd6j,indicator_10,771,10
2023-09-01,Bisalpur,cCWLrzUi4yN,aRueVYr35yM.Ti9FJqkSK6J,382.0,2.0,2024.0,36b,p,208.0,Pilibhit,c96jwckSd6j,indicator_36,417,36
2023-09-01,Bisalpur,cCWLrzUi4yN,ixBYYYjxXPP,290.0,2.0,2024.0,36a,p,208.0,Pilibhit,c96jwckSd6j,indicator_36,417,36
2023-09-01,Bisalpur,cCWLrzUi4yN,aRueVYr35yM.Ti9FJqkSK6J,308.0,2.0,2024.0,36b,p,208.0,Pilibhit,c96jwckSd6j,indicator_36,417,36
2023-09-01,Bisalpur,cCWLrzUi4yN,ui45G8KwpzU.Ti9FJqkSK6J,522.0,2.0,2024.0,2a,p,208.0,Pilibhit,c96jwckSd6j,indicator_2,417,2
2023-09-01,Bisalpur,cCWLrzUi4yN,GJKYhq2wR9L,514.0,2.0,2024.0,7a,p,208.0,Pilibhit,c96jwckSd6j,indicator_7,417,7
2023-09-01,Bisalpur,cCWLrzUi4yN,NI0EC5no6PO,739.0,2.0,2024.0,10a,p,208.0,Pilibhit,c96jwckSd6j,indicator_10,417,10
2023-09-01,Amaria,uIkxxtBPd1K,aRueVYr35yM.Ti9FJqkSK6J,610.0,2.0,2024.0,36b,p,203.0,Pilibhit,c96jwckSd6j,indicator_36,97,36
2023-09-01,Amaria,uIkxxtBPd1K,ixBYYYjxXPP,103.0,2.0,2024.0,36a,p,203.0,Pilibhit,c96jwckSd6j,indicator_36,97,36
2023-09-01,Amaria,uIkxxtBPd1K,aRueVYr35yM.Ti9FJqkSK6J,284.0,2.0,2024.0,36b,p,203.0,Pilibhit,c96jwckSd6j,indicator_36,97,36
2023-09-01,Amaria,uIkxxtBPd1K,ui45G8KwpzU.Ti9FJqkSK6J,729.0,2.0,2024.0,2a,p,203.0,Pilibhit,c96jwckSd6j,indicator_2,97,2
2023-09-01,Amaria,uIkxxtBPd1K,GJKYhq2wR9L,538.0,2.0,2024.0,7a,p,203.0,Pilibhit,c96jwckSd6j,indicator_7,97,7
2023-09-01,Amaria,uIkxxtBPd1K,NI0EC5no6PO,729.0,2.0,2024.0,10a,p,203.0,Pilibhit,c96jwckSd6j,indicator_10,97,10
2023-09-01,Madhiyahoo,B9itA8m0ytx,aRueVYr35yM.Ti9FJqkSK6J,192.0,2.0,2024.0,36b,p,736.0,Jaunpur,gmw76vAUMqz,indicator_36,524,36
2023-09-01,Madhiyahoo,B9itA8m0ytx,ixBYYYjxXPP,197.0,2.0,2024.0,36a,p,736.0,Jaunpur,gmw76vAUMqz,indicator_36,524,36
2023-09-01,Madhiyahoo,B9itA8m0ytx,ui45G8KwpzU.Ti9FJqkSK6J,754.0,2.0,2024.0,2a,p,736.0,Jaunpur,gmw76vAUMqz,indicator_2,524,2
2023-09-01,Madhiyahoo,B9itA8m0ytx,GJKYhq2wR9L,554.0,2.0,2024.0,7a,p,736.0,Jaunpur,gmw76vAUMqz,indicator_7,524,7
2023-09-01,Madhiyahoo,B9itA8m0ytx,NI0EC5no6PO,839.0,2.0,2024.0,10a,p,736.0,Jaunpur,gmw76vAUMqz,indicator_10,524,10
2023-09-01,Barsathi,CqlV6Koe6vJ,aRueVYr35yM.Ti9FJqkSK6J,158.0,2.0,2024.0,36b,p,738.0,Jaunpur,gmw76vAUMqz,indicator_36,31,36
2023-09-01,Barsathi,CqlV6Koe6vJ,ixBYYYjxXPP,132.0,2.0,2024.0,36a,p,738.0,Jaunpur,gmw76vAUMqz,indicator_36,31,36
2023-09-01,Barsathi,CqlV6Koe6vJ,ui45G8KwpzU.Ti9FJqkSK6J,516.0,2.0,2024.0,2a,p,738.0,Jaunpur,gmw76vAUMqz,indicator_2,31,2
2023-09-01,Barsathi,CqlV6Koe6vJ,GJKYhq2wR9L,488.0,2.0,2024.0,7a,p,738.0,Jaunpur,gmw76vAUMqz,indicator_7,31,7
2023-09-01,Barsathi,CqlV6Koe6vJ,NI0EC5no6PO,71.0,2.0,2024.0,10a,p,738.0,Jaunpur,gmw76vAUMqz,indicator_10,31,10
2023-09-01,Sondhi,EcaeGqA47MY,aRueVYr35yM.Ti9FJqkSK6J,364.0,2.0,2024.0,36b,p,,Jaunpur,gmw76vAUMqz,indicator_36,270,36
2023-09-01,Sondhi,EcaeGqA47MY,ixBYYYjxXPP,248.0,2.0,2024.0,36a,p,,Jaunpur,gmw76vAUMqz,indicator_36,270,36
2023-09-01,Sondhi,EcaeGqA47MY,ui45G8KwpzU.Ti9FJqkSK6J,811.0,2.0,2024.0,2a,p,,Jaunpur,gmw76vAUMqz,indicator_2,270,2
2023-09-01,Sondhi,EcaeGqA47MY,GJKYhq2wR9L,1041.0,2.0,2024.0,7a,p,,Jaunpur,gmw76vAUMqz,indicator_7,270,7
2023-09-01,Sondhi,EcaeGqA47MY,NI0EC5no6PO,1423.0,2.0,2024.0,10a,p,,Jaunpur,gmw76vAUMqz,indicator_10,270,10
2023-09-01,Mahrajganj,FBVobg8QhyC,aRueVYr35yM.Ti9FJqkSK6J,61.0,2.0,2024.0,36b,p,731.0,Jaunpur,gmw76vAUMqz,indicator_36,320,36
2023-09-01,Mahrajganj,FBVobg8QhyC,ixBYYYjxXPP,61.0,2.0,2024.0,36a,p,731.0,Jaunpur,gmw76vAUMqz,indicator_36,320,36
2023-09-01,Mahrajganj,FBVobg8QhyC,ui45G8KwpzU.Ti9FJqkSK6J,408.0,2.0,2024.0,2a,p,731.0,Jaunpur,gmw76vAUMqz,indicator_2,320,2
2023-09-01,Mahrajganj,FBVobg8QhyC,GJKYhq2wR9L,379.0,2.0,2024.0,7a,p,731.0,Jaunpur,gmw76vAUMqz,indicator_7,320,7
2023-09-01,Mahrajganj,FBVobg8QhyC,NI0EC5no6PO,448.0,2.0,2024.0,10a,p,731.0,Jaunpur,gmw76vAUMqz,indicator_10,320,10
2023-09-01,Badlapur,HU9Fxw66kJA,aRueVYr35yM.Ti9FJqkSK6J,275.0,2.0,2024.0,36b,p,730.0,Jaunpur,gmw76vAUMqz,indicator_36,227,36
2023-09-01,Badlapur,HU9Fxw66kJA,ixBYYYjxXPP,270.0,2.0,2024.0,36a,p,730.0,Jaunpur,gmw76vAUMqz,indicator_36,227,36
2023-09-01,Badlapur,HU9Fxw66kJA,ui45G8KwpzU.Ti9FJqkSK6J,536.0,2.0,2024.0,2a,p,730.0,Jaunpur,gmw76vAUMqz,indicator_2,227,2
2023-09-01,Badlapur,HU9Fxw66kJA,GJKYhq2wR9L,592.0,2.0,2024.0,7a,p,730.0,Jaunpur,gmw76vAUMqz,indicator_7,227,7
2023-09-01,Badlapur,HU9Fxw66kJA,NI0EC5no6PO,592.0,2.0,2024.0,10a,p,730.0,Jaunpur,gmw76vAUMqz,indicator_10,227,10
2023-09-01,Dharmapur,K2hjVgS0LFm,aRueVYr35yM.Ti9FJqkSK6J,114.0,2.0,2024.0,36b,p,742.0,Jaunpur,gmw76vAUMqz,indicator_36,345,36
2023-09-01,Dharmapur,K2hjVgS0LFm,ixBYYYjxXPP,115.0,2.0,2024.0,36a,p,742.0,Jaunpur,gmw76vAUMqz,indicator_36,345,36
2023-09-01,Dharmapur,K2hjVgS0LFm,aRueVYr35yM.Ti9FJqkSK6J,69.0,2.0,2024.0,36b,p,742.0,Jaunpur,gmw76vAUMqz,indicator_36,345,36
2023-09-01,Dharmapur,K2hjVgS0LFm,ui45G8KwpzU.Ti9FJqkSK6J,410.0,2.0,2024.0,2a,p,742.0,Jaunpur,gmw76vAUMqz,indicator_2,345,2
2023-09-01,Dharmapur,K2hjVgS0LFm,GJKYhq2wR9L,355.0,2.0,2024.0,7a,p,742.0,Jaunpur,gmw76vAUMqz,indicator_7,345,7
2023-09-01,Dharmapur,K2hjVgS0LFm,NI0EC5no6PO,574.0,2.0,2024.0,10a,p,742.0,Jaunpur,gmw76vAUMqz,indicator_10,345,10
2023-09-01,Rampur,MENKSvmhb6i,aRueVYr35yM.Ti9FJqkSK6J,179.0,2.0,2024.0,36b,p,739.0,Jaunpur,gmw76vAUMqz,indicator_36,881,36
2023-09-01,Rampur,MENKSvmhb6i,ixBYYYjxXPP,153.0,2.0,2024.0,36a,p,739.0,Jaunpur,gmw76vAUMqz,indicator_36,881,36
2023-09-01,Rampur,MENKSvmhb6i,ui45G8KwpzU.Ti9FJqkSK6J,520.0,2.0,2024.0,2a,p,739.0,Jaunpur,gmw76vAUMqz,indicator_2,881,2
2023-09-01,Rampur,MENKSvmhb6i,GJKYhq2wR9L,598.0,2.0,2024.0,7a,p,739.0,Jaunpur,gmw76vAUMqz,indicator_7,881,7
2023-09-01,Rampur,MENKSvmhb6i,NI0EC5no6PO,560.0,2.0,2024.0,10a,p,739.0,Jaunpur,gmw76vAUMqz,indicator_10,881,10
2023-09-01,Dobhi,OTeT1SgY1F7,aRueVYr35yM.Ti9FJqkSK6J,231.0,2.0,2024.0,36b,p,747.0,Jaunpur,gmw76vAUMqz,indicator_36,813,36
2023-09-01,Dobhi,OTeT1SgY1F7,ixBYYYjxXPP,347.0,2.0,2024.0,36a,p,747.0,Jaunpur,gmw76vAUMqz,indicator_36,813,36
2023-09-01,Dobhi,OTeT1SgY1F7,ui45G8KwpzU.Ti9FJqkSK6J,484.0,2.0,2024.0,2a,p,747.0,Jaunpur,gmw76vAUMqz,indicator_2,813,2
2023-09-01,Dobhi,OTeT1SgY1F7,GJKYhq2wR9L,459.0,2.0,2024.0,7a,p,747.0,Jaunpur,gmw76vAUMqz,indicator_7,813,7
2023-09-01,Dobhi,OTeT1SgY1F7,NI0EC5no6PO,370.0,2.0,2024.0,10a,p,747.0,Jaunpur,gmw76vAUMqz,indicator_10,813,10
2023-09-01,Jalalpur,OmRJBPDSih0,aRueVYr35yM.Ti9FJqkSK6J,344.0,2.0,2024.0,36b,p,745.0,Jaunpur,gmw76vAUMqz,indicator_36,298,36
2023-09-01,Jalalpur,OmRJBPDSih0,ixBYYYjxXPP,200.0,2.0,2024.0,36a,p,745.0,Jaunpur,gmw76vAUMqz,indicator_36,298,36
2023-09-01,Jalalpur,OmRJBPDSih0,ui45G8KwpzU.Ti9FJqkSK6J,490.0,2.0,2024.0,2a,p,745.0,Jaunpur,gmw76vAUMqz,indicator_2,298,2
2023-09-01,Jalalpur,OmRJBPDSih0,GJKYhq2wR9L,419.0,2.0,2024.0,7a,p,745.0,Jaunpur,gmw76vAUMqz,indicator_7,298,7
2023-09-01,Jalalpur,OmRJBPDSih0,NI0EC5no6PO,398.0,2.0,2024.0,10a,p,745.0,Jaunpur,gmw76vAUMqz,indicator_10,298,10
2023-09-01,Ramnagar Jaunpur,SiApLfkyuVz,aRueVYr35yM.Ti9FJqkSK6J,168.0,2.0,2024.0,36b,p,737.0,Jaunpur,gmw76vAUMqz,indicator_36,889,36
2023-09-01,Ramnagar Jaunpur,SiApLfkyuVz,ixBYYYjxXPP,213.0,2.0,2024.0,36a,p,737.0,Jaunpur,gmw76vAUMqz,indicator_36,889,36
2023-09-01,Ramnagar Jaunpur,SiApLfkyuVz,ui45G8KwpzU.Ti9FJqkSK6J,519.0,2.0,2024.0,2a,p,737.0,Jaunpur,gmw76vAUMqz,indicator_2,889,2
2023-09-01,Ramnagar Jaunpur,SiApLfkyuVz,GJKYhq2wR9L,564.0,2.0,2024.0,7a,p,737.0,Jaunpur,gmw76vAUMqz,indicator_7,889,7
2023-09-01,Ramnagar Jaunpur,SiApLfkyuVz,NI0EC5no6PO,881.0,2.0,2024.0,10a,p,737.0,Jaunpur,gmw76vAUMqz,indicator_10,889,10
2023-09-01,Baksha,UUtQaeoOtV1,aRueVYr35yM.Ti9FJqkSK6J,317.0,2.0,2024.0,36b,p,732.0,Jaunpur,gmw76vAUMqz,indicator_36,160,36
2023-09-01,Baksha,UUtQaeoOtV1,ixBYYYjxXPP,240.0,2.0,2024.0,36a,p,732.0,Jaunpur,gmw76vAUMqz,indicator_36,160,36
2023-09-01,Baksha,UUtQaeoOtV1,ui45G8KwpzU.Ti9FJqkSK6J,637.0,2.0,2024.0,2a,p,732.0,Jaunpur,gmw76vAUMqz,indicator_2,160,2
2023-09-01,Baksha,UUtQaeoOtV1,GJKYhq2wR9L,404.0,2.0,2024.0,7a,p,732.0,Jaunpur,gmw76vAUMqz,indicator_7,160,7
2023-09-01,Baksha,UUtQaeoOtV1,NI0EC5no6PO,636.0,2.0,2024.0,10a,p,732.0,Jaunpur,gmw76vAUMqz,indicator_10,160,10
2023-09-01,MoBadshahpur,Y1OSp1Ck66B,aRueVYr35yM.Ti9FJqkSK6J,305.0,2.0,2024.0,36b,p,734.0,Jaunpur,gmw76vAUMqz,indicator_36,414,36
2023-09-01,MoBadshahpur,Y1OSp1Ck66B,ixBYYYjxXPP,152.0,2.0,2024.0,36a,p,734.0,Jaunpur,gmw76vAUMqz,indicator_36,414,36
2023-09-01,MoBadshahpur,Y1OSp1Ck66B,ui45G8KwpzU.Ti9FJqkSK6J,501.0,2.0,2024.0,2a,p,734.0,Jaunpur,gmw76vAUMqz,indicator_2,414,2
2023-09-01,MoBadshahpur,Y1OSp1Ck66B,GJKYhq2wR9L,438.0,2.0,2024.0,7a,p,734.0,Jaunpur,gmw76vAUMqz,indicator_7,414,7
2023-09-01,MoBadshahpur,Y1OSp1Ck66B,NI0EC5no6PO,615.0,2.0,2024.0,10a,p,734.0,Jaunpur,gmw76vAUMqz,indicator_10,414,10
2023-09-01,Karnjakala,bU9RuaPWXkH,aRueVYr35yM.Ti9FJqkSK6J,154.0,2.0,2024.0,36b,p,741.0,Jaunpur,gmw76vAUMqz,indicator_36,859,36
2023-09-01,Karnjakala,bU9RuaPWXkH,ixBYYYjxXPP,126.0,2.0,2024.0,36a,p,741.0,Jaunpur,gmw76vAUMqz,indicator_36,859,36
2023-09-01,Karnjakala,bU9RuaPWXkH,ui45G8KwpzU.Ti9FJqkSK6J,541.0,2.0,2024.0,2a,p,741.0,Jaunpur,gmw76vAUMqz,indicator_2,859,2
2023-09-01,Karnjakala,bU9RuaPWXkH,GJKYhq2wR9L,523.0,2.0,2024.0,7a,p,741.0,Jaunpur,gmw76vAUMqz,indicator_7,859,7
2023-09-01,Karnjakala,bU9RuaPWXkH,NI0EC5no6PO,475.0,2.0,2024.0,10a,p,741.0,Jaunpur,gmw76vAUMqz,indicator_10,859,10
2023-09-01,Sujanganj,dQvMLUi5rMw,aRueVYr35yM.Ti9FJqkSK6J,182.0,2.0,2024.0,36b,p,733.0,Jaunpur,gmw76vAUMqz,indicator_36,209,36
2023-09-01,Sujanganj,dQvMLUi5rMw,ixBYYYjxXPP,165.0,2.0,2024.0,36a,p,733.0,Jaunpur,gmw76vAUMqz,indicator_36,209,36
2023-09-01,Sujanganj,dQvMLUi5rMw,ui45G8KwpzU.Ti9FJqkSK6J,492.0,2.0,2024.0,2a,p,733.0,Jaunpur,gmw76vAUMqz,indicator_2,209,2
2023-09-01,Sujanganj,dQvMLUi5rMw,GJKYhq2wR9L,431.0,2.0,2024.0,7a,p,733.0,Jaunpur,gmw76vAUMqz,indicator_7,209,7
2023-09-01,Sujanganj,dQvMLUi5rMw,NI0EC5no6PO,487.0,2.0,2024.0,10a,p,733.0,Jaunpur,gmw76vAUMqz,indicator_10,209,10
2023-09-01,Jaunpur DHQ,i81wO4m0rn2,aRueVYr35yM.Ti9FJqkSK6J,2458.0,2.0,2024.0,36b,p,,Jaunpur,gmw76vAUMqz,indicator_36,404,36
2023-09-01,Jaunpur DHQ,i81wO4m0rn2,ixBYYYjxXPP,458.0,2.0,2024.0,36a,p,,Jaunpur,gmw76vAUMqz,indicator_36,404,36
2023-09-01,Jaunpur DHQ,i81wO4m0rn2,aRueVYr35yM.Ti9FJqkSK6J,565.0,2.0,2024.0,36b,p,,Jaunpur,gmw76vAUMqz,indicator_36,404,36
2023-09-01,Jaunpur DHQ,i81wO4m0rn2,ui45G8KwpzU.Ti9FJqkSK6J,812.0,2.0,2024.0,2a,p,,Jaunpur,gmw76vAUMqz,indicator_2,404,2
2023-09-01,Jaunpur DHQ,i81wO4m0rn2,GJKYhq2wR9L,526.0,2.0,2024.0,7a,p,,Jaunpur,gmw76vAUMqz,indicator_7,404,7
2023-09-01,Jaunpur DHQ,i81wO4m0rn2,NI0EC5no6PO,641.0,2.0,2024.0,10a,p,,Jaunpur,gmw76vAUMqz,indicator_10,404,10
2023-09-01,Kerakat,joT95cJHrTQ,aRueVYr35yM.Ti9FJqkSK6J,203.0,2.0,2024.0,36b,p,746.0,Jaunpur,gmw76vAUMqz,indicator_36,56,36
2023-09-01,Kerakat,joT95cJHrTQ,ixBYYYjxXPP,214.0,2.0,2024.0,36a,p,746.0,Jaunpur,gmw76vAUMqz,indicator_36,56,36
2023-09-01,Kerakat,joT95cJHrTQ,ui45G8KwpzU.Ti9FJqkSK6J,432.0,2.0,2024.0,2a,p,746.0,Jaunpur,gmw76vAUMqz,indicator_2,56,2
2023-09-01,Kerakat,joT95cJHrTQ,GJKYhq2wR9L,453.0,2.0,2024.0,7a,p,746.0,Jaunpur,gmw76vAUMqz,indicator_7,56,7
2023-09-01,Kerakat,joT95cJHrTQ,NI0EC5no6PO,862.0,2.0,2024.0,10a,p,746.0,Jaunpur,gmw76vAUMqz,indicator_10,56,10
2023-09-01,Sirkoni,nftiI8Ch1nw,aRueVYr35yM.Ti9FJqkSK6J,51.0,2.0,2024.0,36b,p,743.0,Jaunpur,gmw76vAUMqz,indicator_36,907,36
2023-09-01,Sirkoni,nftiI8Ch1nw,ixBYYYjxXPP,49.0,2.0,2024.0,36a,p,743.0,Jaunpur,gmw76vAUMqz,indicator_36,907,36
2023-09-01,Sirkoni,nftiI8Ch1nw,ui45G8KwpzU.Ti9FJqkSK6J,456.0,2.0,2024.0,2a,p,743.0,Jaunpur,gmw76vAUMqz,indicator_2,907,2
2023-09-01,Sirkoni,nftiI8Ch1nw,GJKYhq2wR9L,464.0,2.0,2024.0,7a,p,743.0,Jaunpur,gmw76vAUMqz,indicator_7,907,7
2023-09-01,Sirkoni,nftiI8Ch1nw,NI0EC5no6PO,738.0,2.0,2024.0,10a,p,743.0,Jaunpur,gmw76vAUMqz,indicator_10,907,10
2023-09-01,Machhalishahar,p6cTEKZv0Bb,aRueVYr35yM.Ti9FJqkSK6J,417.0,2.0,2024.0,36b,p,735.0,Jaunpur,gmw76vAUMqz,indicator_36,396,36
2023-09-01,Machhalishahar,p6cTEKZv0Bb,ixBYYYjxXPP,434.0,2.0,2024.0,36a,p,735.0,Jaunpur,gmw76vAUMqz,indicator_36,396,36
2023-09-01,Machhalishahar,p6cTEKZv0Bb,ui45G8KwpzU.Ti9FJqkSK6J,683.0,2.0,2024.0,2a,p,735.0,Jaunpur,gmw76vAUMqz,indicator_2,396,2
2023-09-01,Machhalishahar,p6cTEKZv0Bb,GJKYhq2wR9L,744.0,2.0,2024.0,7a,p,735.0,Jaunpur,gmw76vAUMqz,indicator_7,396,7
2023-09-01,Machhalishahar,p6cTEKZv0Bb,NI0EC5no6PO,620.0,2.0,2024.0,10a,p,735.0,Jaunpur,gmw76vAUMqz,indicator_10,396,10
2023-09-01,Sikrara,pb5hWAn45Rk,aRueVYr35yM.Ti9FJqkSK6J,147.0,2.0,2024.0,36b,p,740.0,Jaunpur,gmw76vAUMqz,indicator_36,361,36
2023-09-01,Sikrara,pb5hWAn45Rk,ixBYYYjxXPP,141.0,2.0,2024.0,36a,p,740.0,Jaunpur,gmw76vAUMqz,indicator_36,361,36
2023-09-01,Sikrara,pb5hWAn45Rk,ui45G8KwpzU.Ti9FJqkSK6J,462.0,2.0,2024.0,2a,p,740.0,Jaunpur,gmw76vAUMqz,indicator_2,361,2
2023-09-01,Sikrara,pb5hWAn45Rk,GJKYhq2wR9L,602.0,2.0,2024.0,7a,p,740.0,Jaunpur,gmw76vAUMqz,indicator_7,361,7
2023-09-01,Sikrara,pb5hWAn45Rk,NI0EC5no6PO,392.0,2.0,2024.0,10a,p,740.0,Jaunpur,gmw76vAUMqz,indicator_10,361,10
2023-09-01,Suithakala,qyXPcuW4JMr,aRueVYr35yM.Ti9FJqkSK6J,203.0,2.0,2024.0,36b,p,727.0,Jaunpur,gmw76vAUMqz,indicator_36,525,36
2023-09-01,Suithakala,qyXPcuW4JMr,ixBYYYjxXPP,134.0,2.0,2024.0,36a,p,727.0,Jaunpur,gmw76vAUMqz,indicator_36,525,36
2023-09-01,Suithakala,qyXPcuW4JMr,ui45G8KwpzU.Ti9FJqkSK6J,462.0,2.0,2024.0,2a,p,727.0,Jaunpur,gmw76vAUMqz,indicator_2,525,2
2023-09-01,Suithakala,qyXPcuW4JMr,GJKYhq2wR9L,457.0,2.0,2024.0,7a,p,727.0,Jaunpur,gmw76vAUMqz,indicator_7,525,7
2023-09-01,Suithakala,qyXPcuW4JMr,NI0EC5no6PO,591.0,2.0,2024.0,10a,p,727.0,Jaunpur,gmw76vAUMqz,indicator_10,525,10
2023-09-01,Muftiganj,sfvcD32u4kK,aRueVYr35yM.Ti9FJqkSK6J,153.0,2.0,2024.0,36b,p,744.0,Jaunpur,gmw76vAUMqz,indicator_36,94,36
2023-09-01,Muftiganj,sfvcD32u4kK,ixBYYYjxXPP,187.0,2.0,2024.0,36a,p,744.0,Jaunpur,gmw76vAUMqz,indicator_36,94,36
2023-09-01,Muftiganj,sfvcD32u4kK,ui45G8KwpzU.Ti9FJqkSK6J,315.0,2.0,2024.0,2a,p,744.0,Jaunpur,gmw76vAUMqz,indicator_2,94,2
2023-09-01,Muftiganj,sfvcD32u4kK,GJKYhq2wR9L,312.0,2.0,2024.0,7a,p,744.0,Jaunpur,gmw76vAUMqz,indicator_7,94,7
2023-09-01,Muftiganj,sfvcD32u4kK,NI0EC5no6PO,478.0,2.0,2024.0,10a,p,744.0,Jaunpur,gmw76vAUMqz,indicator_10,94,10
2023-09-01,Khuthan,yQrRCA2ngHE,aRueVYr35yM.Ti9FJqkSK6J,121.0,2.0,2024.0,36b,p,729.0,Jaunpur,gmw76vAUMqz,indicator_36,774,36
2023-09-01,Khuthan,yQrRCA2ngHE,ixBYYYjxXPP,121.0,2.0,2024.0,36a,p,729.0,Jaunpur,gmw76vAUMqz,indicator_36,774,36
2023-09-01,Khuthan,yQrRCA2ngHE,ui45G8KwpzU.Ti9FJqkSK6J,431.0,2.0,2024.0,2a,p,729.0,Jaunpur,gmw76vAUMqz,indicator_2,774,2
2023-09-01,Khuthan,yQrRCA2ngHE,GJKYhq2wR9L,471.0,2.0,2024.0,7a,p,729.0,Jaunpur,gmw76vAUMqz,indicator_7,774,7
2023-09-01,Khuthan,yQrRCA2ngHE,NI0EC5no6PO,364.0,2.0,2024.0,10a,p,729.0,Jaunpur,gmw76vAUMqz,indicator_10,774,10
2023-09-01,Mathura Chatta,BEiGzI07UOM,aRueVYr35yM.Ti9FJqkSK6J,118.0,2.0,2024.0,36b,p,128.0,Mathura,KP2BUB1npih,indicator_36,408,36
2023-09-01,Mathura Chatta,BEiGzI07UOM,ixBYYYjxXPP,79.0,2.0,2024.0,36a,p,128.0,Mathura,KP2BUB1npih,indicator_36,408,36
2023-09-01,Mathura Chatta,BEiGzI07UOM,ui45G8KwpzU.Ti9FJqkSK6J,346.0,2.0,2024.0,2a,p,128.0,Mathura,KP2BUB1npih,indicator_2,408,2
2023-09-01,Mathura Chatta,BEiGzI07UOM,GJKYhq2wR9L,581.0,2.0,2024.0,7a,p,128.0,Mathura,KP2BUB1npih,indicator_7,408,7
2023-09-01,Mathura Chatta,BEiGzI07UOM,NI0EC5no6PO,235.0,2.0,2024.0,10a,p,128.0,Mathura,KP2BUB1npih,indicator_10,408,10
2023-09-01,Mathura Raya,CGmxoB5JV9G,aRueVYr35yM.Ti9FJqkSK6J,202.0,2.0,2024.0,36b,p,132.0,Mathura,KP2BUB1npih,indicator_36,597,36
2023-09-01,Mathura Raya,CGmxoB5JV9G,ixBYYYjxXPP,22.0,2.0,2024.0,36a,p,132.0,Mathura,KP2BUB1npih,indicator_36,597,36
2023-09-01,Mathura Raya,CGmxoB5JV9G,ui45G8KwpzU.Ti9FJqkSK6J,354.0,2.0,2024.0,2a,p,132.0,Mathura,KP2BUB1npih,indicator_2,597,2
2023-09-01,Mathura Raya,CGmxoB5JV9G,GJKYhq2wR9L,430.0,2.0,2024.0,7a,p,132.0,Mathura,KP2BUB1npih,indicator_7,597,7
2023-09-01,Mathura Raya,CGmxoB5JV9G,NI0EC5no6PO,593.0,2.0,2024.0,10a,p,132.0,Mathura,KP2BUB1npih,indicator_10,597,10
2023-09-01,Mathura Mant,EWInJymroFJ,aRueVYr35yM.Ti9FJqkSK6J,143.0,2.0,2024.0,36b,p,131.0,Mathura,KP2BUB1npih,indicator_36,590,36
2023-09-01,Mathura Mant,EWInJymroFJ,ixBYYYjxXPP,11.0,2.0,2024.0,36a,p,131.0,Mathura,KP2BUB1npih,indicator_36,590,36
2023-09-01,Mathura Mant,EWInJymroFJ,ui45G8KwpzU.Ti9FJqkSK6J,751.0,2.0,2024.0,2a,p,131.0,Mathura,KP2BUB1npih,indicator_2,590,2
2023-09-01,Mathura Mant,EWInJymroFJ,GJKYhq2wR9L,408.0,2.0,2024.0,7a,p,131.0,Mathura,KP2BUB1npih,indicator_7,590,7
2023-09-01,Mathura Mant,EWInJymroFJ,NI0EC5no6PO,618.0,2.0,2024.0,10a,p,131.0,Mathura,KP2BUB1npih,indicator_10,590,10
2023-09-01,Mathura DHQ,K2r1bjs4mb5,aRueVYr35yM.Ti9FJqkSK6J,1673.0,2.0,2024.0,36b,p,,Mathura,KP2BUB1npih,indicator_36,558,36
2023-09-01,Mathura DHQ,K2r1bjs4mb5,ixBYYYjxXPP,0.0,2.0,2024.0,36a,p,,Mathura,KP2BUB1npih,indicator_36,558,36
2023-09-01,Mathura DHQ,K2r1bjs4mb5,aRueVYr35yM.Ti9FJqkSK6J,600.0,2.0,2024.0,36b,p,,Mathura,KP2BUB1npih,indicator_36,558,36
2023-09-01,Mathura DHQ,K2r1bjs4mb5,ui45G8KwpzU.Ti9FJqkSK6J,186.0,2.0,2024.0,2a,p,,Mathura,KP2BUB1npih,indicator_2,558,2
2023-09-01,Mathura DHQ,K2r1bjs4mb5,GJKYhq2wR9L,749.0,2.0,2024.0,7a,p,,Mathura,KP2BUB1npih,indicator_7,558,7
2023-09-01,Mathura DHQ,K2r1bjs4mb5,NI0EC5no6PO,1103.0,2.0,2024.0,10a,p,,Mathura,KP2BUB1npih,indicator_10,558,10
2023-09-01,Mathura Nandganv,RiVugbfNzS2,aRueVYr35yM.Ti9FJqkSK6J,365.0,2.0,2024.0,36b,p,127.0,Mathura,KP2BUB1npih,indicator_36,23,36
2023-09-01,Mathura Nandganv,RiVugbfNzS2,ixBYYYjxXPP,172.0,2.0,2024.0,36a,p,127.0,Mathura,KP2BUB1npih,indicator_36,23,36
2023-09-01,Mathura Nandganv,RiVugbfNzS2,ui45G8KwpzU.Ti9FJqkSK6J,941.0,2.0,2024.0,2a,p,127.0,Mathura,KP2BUB1npih,indicator_2,23,2
2023-09-01,Mathura Nandganv,RiVugbfNzS2,GJKYhq2wR9L,507.0,2.0,2024.0,7a,p,127.0,Mathura,KP2BUB1npih,indicator_7,23,7
2023-09-01,Mathura Nandganv,RiVugbfNzS2,NI0EC5no6PO,128.0,2.0,2024.0,10a,p,127.0,Mathura,KP2BUB1npih,indicator_10,23,10
2023-09-01,Mathura Goverdhan,bztOHPUBTjU,aRueVYr35yM.Ti9FJqkSK6J,364.0,2.0,2024.0,36b,p,134.0,Mathura,KP2BUB1npih,indicator_36,49,36
2023-09-01,Mathura Goverdhan,bztOHPUBTjU,ixBYYYjxXPP,0.0,2.0,2024.0,36a,p,134.0,Mathura,KP2BUB1npih,indicator_36,49,36
2023-09-01,Mathura Goverdhan,bztOHPUBTjU,ui45G8KwpzU.Ti9FJqkSK6J,679.0,2.0,2024.0,2a,p,134.0,Mathura,KP2BUB1npih,indicator_2,49,2
2023-09-01,Mathura Goverdhan,bztOHPUBTjU,GJKYhq2wR9L,528.0,2.0,2024.0,7a,p,134.0,Mathura,KP2BUB1npih,indicator_7,49,7
2023-09-01,Mathura Goverdhan,bztOHPUBTjU,NI0EC5no6PO,440.0,2.0,2024.0,10a,p,134.0,Mathura,KP2BUB1npih,indicator_10,49,10
2023-09-01,Mathura Mathura,gucZ0cBoa0r,aRueVYr35yM.Ti9FJqkSK6J,210.0,2.0,2024.0,36b,p,135.0,Mathura,KP2BUB1npih,indicator_36,741,36
2023-09-01,Mathura Mathura,gucZ0cBoa0r,ixBYYYjxXPP,91.0,2.0,2024.0,36a,p,135.0,Mathura,KP2BUB1npih,indicator_36,741,36
2023-09-01,Mathura Mathura,gucZ0cBoa0r,ui45G8KwpzU.Ti9FJqkSK6J,682.0,2.0,2024.0,2a,p,135.0,Mathura,KP2BUB1npih,indicator_2,741,2
2023-09-01,Mathura Mathura,gucZ0cBoa0r,GJKYhq2wR9L,1095.0,2.0,2024.0,7a,p,135.0,Mathura,KP2BUB1npih,indicator_7,741,7
2023-09-01,Mathura Mathura,gucZ0cBoa0r,NI0EC5no6PO,948.0,2.0,2024.0,10a,p,135.0,Mathura,KP2BUB1npih,indicator_10,741,10
2023-09-01,Mathura Baldav,j3WnhnsAIht,aRueVYr35yM.Ti9FJqkSK6J,186.0,2.0,2024.0,36b,p,133.0,Mathura,KP2BUB1npih,indicator_36,613,36
2023-09-01,Mathura Baldav,j3WnhnsAIht,ixBYYYjxXPP,186.0,2.0,2024.0,36a,p,133.0,Mathura,KP2BUB1npih,indicator_36,613,36
2023-09-01,Mathura Baldav,j3WnhnsAIht,ui45G8KwpzU.Ti9FJqkSK6J,609.0,2.0,2024.0,2a,p,133.0,Mathura,KP2BUB1npih,indicator_2,613,2
2023-09-01,Mathura Baldav,j3WnhnsAIht,GJKYhq2wR9L,511.0,2.0,2024.0,7a,p,133.0,Mathura,KP2BUB1npih,indicator_7,613,7
2023-09-01,Mathura Baldav,j3WnhnsAIht,NI0EC5no6PO,645.0,2.0,2024.0,10a,p,133.0,Mathura,KP2BUB1npih,indicator_10,613,10
2023-09-01,Mathura Nauhjheel,r2eMDAoHzuI,aRueVYr35yM.Ti9FJqkSK6J,352.0,2.0,2024.0,36b,p,130.0,Mathura,KP2BUB1npih,indicator_36,851,36
2023-09-01,Mathura Nauhjheel,r2eMDAoHzuI,ixBYYYjxXPP,175.0,2.0,2024.0,36a,p,130.0,Mathura,KP2BUB1npih,indicator_36,851,36
2023-09-01,Mathura Nauhjheel,r2eMDAoHzuI,ui45G8KwpzU.Ti9FJqkSK6J,408.0,2.0,2024.0,2a,p,130.0,Mathura,KP2BUB1npih,indicator_2,851,2
2023-09-01,Mathura Nauhjheel,r2eMDAoHzuI,GJKYhq2wR9L,433.0,2.0,2024.0,7a,p,130.0,Mathura,KP2BUB1npih,indicator_7,851,7
2023-09-01,Mathura Nauhjheel,r2eMDAoHzuI,NI0EC5no6PO,390.0,2.0,2024.0,10a,p,130.0,Mathura,KP2BUB1npih,indicator_10,851,10
2023-09-01,Mathura Chaumuha,sbVBq9HPEgp,aRueVYr35yM.Ti9FJqkSK6J,146.0,2.0,2024.0,36b,p,129.0,Mathura,KP2BUB1npih,indicator_36,553,36
2023-09-01,Mathura Chaumuha,sbVBq9HPEgp,ixBYYYjxXPP,146.0,2.0,2024.0,36a,p,129.0,Mathura,KP2BUB1npih,indicator_36,553,36
2023-09-01,Mathura Chaumuha,sbVBq9HPEgp,ui45G8KwpzU.Ti9FJqkSK6J,506.0,2.0,2024.0,2a,p,129.0,Mathura,KP2BUB1npih,indicator_2,553,2
2023-09-01,Mathura Chaumuha,sbVBq9HPEgp,GJKYhq2wR9L,470.0,2.0,2024.0,7a,p,129.0,Mathura,KP2BUB1npih,indicator_7,553,7
2023-09-01,Mathura Chaumuha,sbVBq9HPEgp,NI0EC5no6PO,280.0,2.0,2024.0,10a,p,129.0,Mathura,KP2BUB1npih,indicator_10,553,10
2023-09-01,Mathura Faraha,txI2jZXppyQ,aRueVYr35yM.Ti9FJqkSK6J,201.0,2.0,2024.0,36b,p,136.0,Mathura,KP2BUB1npih,indicator_36,633,36
2023-09-01,Mathura Faraha,txI2jZXppyQ,ixBYYYjxXPP,187.0,2.0,2024.0,36a,p,136.0,Mathura,KP2BUB1npih,indicator_36,633,36
2023-09-01,Mathura Faraha,txI2jZXppyQ,ui45G8KwpzU.Ti9FJqkSK6J,354.0,2.0,2024.0,2a,p,136.0,Mathura,KP2BUB1npih,indicator_2,633,2
2023-09-01,Mathura Faraha,txI2jZXppyQ,GJKYhq2wR9L,399.0,2.0,2024.0,7a,p,136.0,Mathura,KP2BUB1npih,indicator_7,633,7
2023-09-01,Mathura Faraha,txI2jZXppyQ,NI0EC5no6PO,430.0,2.0,2024.0,10a,p,136.0,Mathura,KP2BUB1npih,indicator_10,633,10
2023-09-01,Bulandshahar Pahasu,BFS0IOjIJM6,aRueVYr35yM.Ti9FJqkSK6J,253.0,2.0,2024.0,36b,p,105.0,Bulandshahar,ogBt4gWCiem,indicator_36,700,36
2023-09-01,Bulandshahar Pahasu,BFS0IOjIJM6,ixBYYYjxXPP,361.0,2.0,2024.0,36a,p,105.0,Bulandshahar,ogBt4gWCiem,indicator_36,700,36
2023-09-01,Bulandshahar Pahasu,BFS0IOjIJM6,ui45G8KwpzU.Ti9FJqkSK6J,415.0,2.0,2024.0,2a,p,105.0,Bulandshahar,ogBt4gWCiem,indicator_2,700,2
2023-09-01,Bulandshahar Pahasu,BFS0IOjIJM6,GJKYhq2wR9L,710.0,2.0,2024.0,7a,p,105.0,Bulandshahar,ogBt4gWCiem,indicator_7,700,7
2023-09-01,Bulandshahar Pahasu,BFS0IOjIJM6,NI0EC5no6PO,605.0,2.0,2024.0,10a,p,105.0,Bulandshahar,ogBt4gWCiem,indicator_10,700,10
2023-09-01,Bulandshahar Arniya,BWEaFP6tBWO,aRueVYr35yM.Ti9FJqkSK6J,151.0,2.0,2024.0,36b,p,107.0,Bulandshahar,ogBt4gWCiem,indicator_36,154,36
2023-09-01,Bulandshahar Arniya,BWEaFP6tBWO,ixBYYYjxXPP,79.0,2.0,2024.0,36a,p,107.0,Bulandshahar,ogBt4gWCiem,indicator_36,154,36
2023-09-01,Bulandshahar Arniya,BWEaFP6tBWO,ui45G8KwpzU.Ti9FJqkSK6J,223.0,2.0,2024.0,2a,p,107.0,Bulandshahar,ogBt4gWCiem,indicator_2,154,2
2023-09-01,Bulandshahar Arniya,BWEaFP6tBWO,GJKYhq2wR9L,362.0,2.0,2024.0,7a,p,107.0,Bulandshahar,ogBt4gWCiem,indicator_7,154,7
2023-09-01,Bulandshahar Arniya,BWEaFP6tBWO,NI0EC5no6PO,384.0,2.0,2024.0,10a,p,107.0,Bulandshahar,ogBt4gWCiem,indicator_10,154,10
2023-09-01,Bulandshahar Gulaothi,FXjd8I3tis1,aRueVYr35yM.Ti9FJqkSK6J,554.0,2.0,2024.0,36b,p,93.0,Bulandshahar,ogBt4gWCiem,indicator_36,410,36
2023-09-01,Bulandshahar Gulaothi,FXjd8I3tis1,ixBYYYjxXPP,70.0,2.0,2024.0,36a,p,93.0,Bulandshahar,ogBt4gWCiem,indicator_36,410,36
2023-09-01,Bulandshahar Gulaothi,FXjd8I3tis1,aRueVYr35yM.Ti9FJqkSK6J,102.0,2.0,2024.0,36b,p,93.0,Bulandshahar,ogBt4gWCiem,indicator_36,410,36
2023-09-01,Bulandshahar Gulaothi,FXjd8I3tis1,ui45G8KwpzU.Ti9FJqkSK6J,231.0,2.0,2024.0,2a,p,93.0,Bulandshahar,ogBt4gWCiem,indicator_2,410,2
2023-09-01,Bulandshahar Gulaothi,FXjd8I3tis1,GJKYhq2wR9L,307.0,2.0,2024.0,7a,p,93.0,Bulandshahar,ogBt4gWCiem,indicator_7,410,7
2023-09-01,Bulandshahar Gulaothi,FXjd8I3tis1,NI0EC5no6PO,979.0,2.0,2024.0,10a,p,93.0,Bulandshahar,ogBt4gWCiem,indicator_10,410,10
2023-09-01,Bulandshahar Sikandrabad,IjocfjQxUOy,aRueVYr35yM.Ti9FJqkSK6J,182.0,2.0,2024.0,36b,p,92.0,Bulandshahar,ogBt4gWCiem,indicator_36,60,36
2023-09-01,Bulandshahar Sikandrabad,IjocfjQxUOy,ixBYYYjxXPP,145.0,2.0,2024.0,36a,p,92.0,Bulandshahar,ogBt4gWCiem,indicator_36,60,36
2023-09-01,Bulandshahar Sikandrabad,IjocfjQxUOy,ui45G8KwpzU.Ti9FJqkSK6J,1137.0,2.0,2024.0,2a,p,92.0,Bulandshahar,ogBt4gWCiem,indicator_2,60,2
2023-09-01,Bulandshahar Sikandrabad,IjocfjQxUOy,GJKYhq2wR9L,748.0,2.0,2024.0,7a,p,92.0,Bulandshahar,ogBt4gWCiem,indicator_7,60,7
2023-09-01,Bulandshahar Sikandrabad,IjocfjQxUOy,NI0EC5no6PO,1433.0,2.0,2024.0,10a,p,92.0,Bulandshahar,ogBt4gWCiem,indicator_10,60,10
2023-09-01,Bulandshahar DHQ,JZJD7vQ6YIE,aRueVYr35yM.Ti9FJqkSK6J,205.0,2.0,2024.0,36b,p,,Bulandshahar,ogBt4gWCiem,indicator_36,403,36
2023-09-01,Bulandshahar DHQ,JZJD7vQ6YIE,ui45G8KwpzU.Ti9FJqkSK6J,613.0,2.0,2024.0,2a,p,,Bulandshahar,ogBt4gWCiem,indicator_2,403,2
2023-09-01,Bulandshahar DHQ,JZJD7vQ6YIE,GJKYhq2wR9L,1551.0,2.0,2024.0,7a,p,,Bulandshahar,ogBt4gWCiem,indicator_7,403,7
2023-09-01,Bulandshahar DHQ,JZJD7vQ6YIE,NI0EC5no6PO,1281.0,2.0,2024.0,10a,p,,Bulandshahar,ogBt4gWCiem,indicator_10,403,10
2023-09-01,Bulandshahar Danpur,RyFHMa78ezE,aRueVYr35yM.Ti9FJqkSK6J,238.0,2.0,2024.0,36b,p,102.0,Bulandshahar,ogBt4gWCiem,indicator_36,746,36
2023-09-01,Bulandshahar Danpur,RyFHMa78ezE,ixBYYYjxXPP,238.0,2.0,2024.0,36a,p,102.0,Bulandshahar,ogBt4gWCiem,indicator_36,746,36
2023-09-01,Bulandshahar Danpur,RyFHMa78ezE,ui45G8KwpzU.Ti9FJqkSK6J,612.0,2.0,2024.0,2a,p,102.0,Bulandshahar,ogBt4gWCiem,indicator_2,746,2
2023-09-01,Bulandshahar Danpur,RyFHMa78ezE,GJKYhq2wR9L,461.0,2.0,2024.0,7a,p,102.0,Bulandshahar,ogBt4gWCiem,indicator_7,746,7
2023-09-01,Bulandshahar Danpur,RyFHMa78ezE,NI0EC5no6PO,651.0,2.0,2024.0,10a,p,102.0,Bulandshahar,ogBt4gWCiem,indicator_10,746,10
2023-09-01,Bulandshahar Janhgirabad,VhF9wHMOsI2,aRueVYr35yM.Ti9FJqkSK6J,271.0,2.0,2024.0,36b,p,100.0,Bulandshahar,ogBt4gWCiem,indicator_36,460,36
2023-09-01,Bulandshahar Janhgirabad,VhF9wHMOsI2,ixBYYYjxXPP,0.0,2.0,2024.0,36a,p,100.0,Bulandshahar,ogBt4gWCiem,indicator_36,460,36
2023-09-01,Bulandshahar Janhgirabad,VhF9wHMOsI2,ui45G8KwpzU.Ti9FJqkSK6J,560.0,2.0,2024.0,2a,p,100.0,Bulandshahar,ogBt4gWCiem,indicator_2,460,2
2023-09-01,Bulandshahar Janhgirabad,VhF9wHMOsI2,GJKYhq2wR9L,384.0,2.0,2024.0,7a,p,100.0,Bulandshahar,ogBt4gWCiem,indicator_7,460,7
2023-09-01,Bulandshahar Janhgirabad,VhF9wHMOsI2,NI0EC5no6PO,515.0,2.0,2024.0,10a,p,100.0,Bulandshahar,ogBt4gWCiem,indicator_10,460,10
2023-09-01,Bulandshahar Dibai,YDOGtOLeFg1,aRueVYr35yM.Ti9FJqkSK6J,443.0,2.0,2024.0,36b,p,103.0,Bulandshahar,ogBt4gWCiem,indicator_36,750,36
2023-09-01,Bulandshahar Dibai,YDOGtOLeFg1,ixBYYYjxXPP,440.0,2.0,2024.0,36a,p,103.0,Bulandshahar,ogBt4gWCiem,indicator_36,750,36
2023-09-01,Bulandshahar Dibai,YDOGtOLeFg1,ui45G8KwpzU.Ti9FJqkSK6J,542.0,2.0,2024.0,2a,p,103.0,Bulandshahar,ogBt4gWCiem,indicator_2,750,2
2023-09-01,Bulandshahar Dibai,YDOGtOLeFg1,GJKYhq2wR9L,519.0,2.0,2024.0,7a,p,103.0,Bulandshahar,ogBt4gWCiem,indicator_7,750,7
2023-09-01,Bulandshahar Dibai,YDOGtOLeFg1,NI0EC5no6PO,444.0,2.0,2024.0,10a,p,103.0,Bulandshahar,ogBt4gWCiem,indicator_10,750,10
2023-09-01,Bulandshahar Shikarpur,a3X4KgFjlsz,aRueVYr35yM.Ti9FJqkSK6J,141.0,2.0,2024.0,36b,p,104.0,Bulandshahar,ogBt4gWCiem,indicator_36,890,36
2023-09-01,Bulandshahar Shikarpur,a3X4KgFjlsz,ixBYYYjxXPP,134.0,2.0,2024.0,36a,p,104.0,Bulandshahar,ogBt4gWCiem,indicator_36,890,36
2023-09-01,Bulandshahar Shikarpur,a3X4KgFjlsz,ui45G8KwpzU.Ti9FJqkSK6J,485.0,2.0,2024.0,2a,p,104.0,Bulandshahar,ogBt4gWCiem,indicator_2,890,2
2023-09-01,Bulandshahar Shikarpur,a3X4KgFjlsz,GJKYhq2wR9L,408.0,2.0,2024.0,7a,p,104.0,Bulandshahar,ogBt4gWCiem,indicator_7,890,7
2023-09-01,Bulandshahar Shikarpur,a3X4KgFjlsz,NI0EC5no6PO,621.0,2.0,2024.0,10a,p,104.0,Bulandshahar,ogBt4gWCiem,indicator_10,890,10
2023-09-01,Bulandshahar Khurja,a5WBFfhetVT,aRueVYr35yM.Ti9FJqkSK6J,440.0,2.0,2024.0,36b,p,106.0,Bulandshahar,ogBt4gWCiem,indicator_36,595,36
2023-09-01,Bulandshahar Khurja,a5WBFfhetVT,ixBYYYjxXPP,0.0,2.0,2024.0,36a,p,106.0,Bulandshahar,ogBt4gWCiem,indicator_36,595,36
2023-09-01,Bulandshahar Khurja,a5WBFfhetVT,aRueVYr35yM.Ti9FJqkSK6J,382.0,2.0,2024.0,36b,p,106.0,Bulandshahar,ogBt4gWCiem,indicator_36,595,36
2023-09-01,Bulandshahar Khurja,a5WBFfhetVT,ui45G8KwpzU.Ti9FJqkSK6J,1359.0,2.0,2024.0,2a,p,106.0,Bulandshahar,ogBt4gWCiem,indicator_2,595,2
2023-09-01,Bulandshahar Khurja,a5WBFfhetVT,GJKYhq2wR9L,546.0,2.0,2024.0,7a,p,106.0,Bulandshahar,ogBt4gWCiem,indicator_7,595,7
2023-09-01,Bulandshahar Khurja,a5WBFfhetVT,NI0EC5no6PO,970.0,2.0,2024.0,10a,p,106.0,Bulandshahar,ogBt4gWCiem,indicator_10,595,10
2023-09-01,Bulandshahar Bulandshahr,bMszXRRjCCv,aRueVYr35yM.Ti9FJqkSK6J,3693.0,2.0,2024.0,36b,p,96.0,Bulandshahar,ogBt4gWCiem,indicator_36,860,36
2023-09-01,Bulandshahar Bulandshahr,bMszXRRjCCv,ixBYYYjxXPP,499.0,2.0,2024.0,36a,p,96.0,Bulandshahar,ogBt4gWCiem,indicator_36,860,36
2023-09-01,Bulandshahar Bulandshahr,bMszXRRjCCv,aRueVYr35yM.Ti9FJqkSK6J,569.0,2.0,2024.0,36b,p,96.0,Bulandshahar,ogBt4gWCiem,indicator_36,860,36
2023-09-01,Bulandshahar Bulandshahr,bMszXRRjCCv,ui45G8KwpzU.Ti9FJqkSK6J,350.0,2.0,2024.0,2a,p,96.0,Bulandshahar,ogBt4gWCiem,indicator_2,860,2
2023-09-01,Bulandshahar Bulandshahr,bMszXRRjCCv,GJKYhq2wR9L,603.0,2.0,2024.0,7a,p,96.0,Bulandshahar,ogBt4gWCiem,indicator_7,860,7
2023-09-01,Bulandshahar Bulandshahr,bMszXRRjCCv,NI0EC5no6PO,3975.0,2.0,2024.0,10a,p,96.0,Bulandshahar,ogBt4gWCiem,indicator_10,860,10
2023-09-01,Bulandshahar B.B.Nagar,cp2Je1Z1Zo6,aRueVYr35yM.Ti9FJqkSK6J,137.0,2.0,2024.0,36b,p,97.0,Bulandshahar,ogBt4gWCiem,indicator_36,607,36
2023-09-01,Bulandshahar B.B.Nagar,cp2Je1Z1Zo6,ixBYYYjxXPP,117.0,2.0,2024.0,36a,p,97.0,Bulandshahar,ogBt4gWCiem,indicator_36,607,36
2023-09-01,Bulandshahar B.B.Nagar,cp2Je1Z1Zo6,ui45G8KwpzU.Ti9FJqkSK6J,413.0,2.0,2024.0,2a,p,97.0,Bulandshahar,ogBt4gWCiem,indicator_2,607,2
2023-09-01,Bulandshahar B.B.Nagar,cp2Je1Z1Zo6,GJKYhq2wR9L,268.0,2.0,2024.0,7a,p,97.0,Bulandshahar,ogBt4gWCiem,indicator_7,607,7
2023-09-01,Bulandshahar B.B.Nagar,cp2Je1Z1Zo6,NI0EC5no6PO,229.0,2.0,2024.0,10a,p,97.0,Bulandshahar,ogBt4gWCiem,indicator_10,607,10
2023-09-01,Bulandshahar Siyana,jJP9OWvYMuH,aRueVYr35yM.Ti9FJqkSK6J,644.0,2.0,2024.0,36b,p,98.0,Bulandshahar,ogBt4gWCiem,indicator_36,800,36
2023-09-01,Bulandshahar Siyana,jJP9OWvYMuH,aRueVYr35yM.Ti9FJqkSK6J,218.0,2.0,2024.0,36b,p,98.0,Bulandshahar,ogBt4gWCiem,indicator_36,800,36
2023-09-01,Bulandshahar Siyana,jJP9OWvYMuH,ui45G8KwpzU.Ti9FJqkSK6J,701.0,2.0,2024.0,2a,p,98.0,Bulandshahar,ogBt4gWCiem,indicator_2,800,2
2023-09-01,Bulandshahar Siyana,jJP9OWvYMuH,GJKYhq2wR9L,526.0,2.0,2024.0,7a,p,98.0,Bulandshahar,ogBt4gWCiem,indicator_7,800,7
2023-09-01,Bulandshahar Siyana,jJP9OWvYMuH,NI0EC5no6PO,655.0,2.0,2024.0,10a,p,98.0,Bulandshahar,ogBt4gWCiem,indicator_10,800,10
2023-09-01,Bulandshahar Agota,mQeabczYlwZ,aRueVYr35yM.Ti9FJqkSK6J,47.0,2.0,2024.0,36b,p,94.0,Bulandshahar,ogBt4gWCiem,indicator_36,910,36
2023-09-01,Bulandshahar Agota,mQeabczYlwZ,ui45G8KwpzU.Ti9FJqkSK6J,326.0,2.0,2024.0,2a,p,94.0,Bulandshahar,ogBt4gWCiem,indicator_2,910,2
2023-09-01,Bulandshahar Agota,mQeabczYlwZ,GJKYhq2wR9L,182.0,2.0,2024.0,7a,p,94.0,Bulandshahar,ogBt4gWCiem,indicator_7,910,7
2023-09-01,Bulandshahar Agota,mQeabczYlwZ,NI0EC5no6PO,212.0,2.0,2024.0,10a,p,94.0,Bulandshahar,ogBt4gWCiem,indicator_10,910,10
2023-09-01,Bulandshahar Anoopshahr,rBDpTYpQ340,aRueVYr35yM.Ti9FJqkSK6J,266.0,2.0,2024.0,36b,p,101.0,Bulandshahar,ogBt4gWCiem,indicator_36,265,36
2023-09-01,Bulandshahar Anoopshahr,rBDpTYpQ340,ixBYYYjxXPP,243.0,2.0,2024.0,36a,p,101.0,Bulandshahar,ogBt4gWCiem,indicator_36,265,36
2023-09-01,Bulandshahar Anoopshahr,rBDpTYpQ340,ui45G8KwpzU.Ti9FJqkSK6J,614.0,2.0,2024.0,2a,p,101.0,Bulandshahar,ogBt4gWCiem,indicator_2,265,2
2023-09-01,Bulandshahar Anoopshahr,rBDpTYpQ340,GJKYhq2wR9L,618.0,2.0,2024.0,7a,p,101.0,Bulandshahar,ogBt4gWCiem,indicator_7,265,7
2023-09-01,Bulandshahar Anoopshahr,rBDpTYpQ340,NI0EC5no6PO,649.0,2.0,2024.0,10a,p,101.0,Bulandshahar,ogBt4gWCiem,indicator_10,265,10
2023-09-01,Bulandshahar Lakhaothi,u7AfLScMrQL,aRueVYr35yM.Ti9FJqkSK6J,204.0,2.0,2024.0,36b,p,95.0,Bulandshahar,ogBt4gWCiem,indicator_36,82,36
2023-09-01,Bulandshahar Lakhaothi,u7AfLScMrQL,ixBYYYjxXPP,0.0,2.0,2024.0,36a,p,95.0,Bulandshahar,ogBt4gWCiem,indicator_36,82,36
2023-09-01,Bulandshahar Lakhaothi,u7AfLScMrQL,ui45G8KwpzU.Ti9FJqkSK6J,534.0,2.0,2024.0,2a,p,95.0,Bulandshahar,ogBt4gWCiem,indicator_2,82,2
2023-09-01,Bulandshahar Lakhaothi,u7AfLScMrQL,GJKYhq2wR9L,381.0,2.0,2024.0,7a,p,95.0,Bulandshahar,ogBt4gWCiem,indicator_7,82,7
2023-09-01,Bulandshahar Lakhaothi,u7AfLScMrQL,NI0EC5no6PO,775.0,2.0,2024.0,10a,p,95.0,Bulandshahar,ogBt4gWCiem,indicator_10,82,10
2023-09-01,Bulandshahar Uncha gaon,vlW7Ky7ubGA,aRueVYr35yM.Ti9FJqkSK6J,285.0,2.0,2024.0,36b,p,99.0,Bulandshahar,ogBt4gWCiem,indicator_36,291,36
2023-09-01,Bulandshahar Uncha gaon,vlW7Ky7ubGA,ixBYYYjxXPP,0.0,2.0,2024.0,36a,p,99.0,Bulandshahar,ogBt4gWCiem,indicator_36,291,36
2023-09-01,Bulandshahar Uncha gaon,vlW7Ky7ubGA,ui45G8KwpzU.Ti9FJqkSK6J,294.0,2.0,2024.0,2a,p,99.0,Bulandshahar,ogBt4gWCiem,indicator_2,291,2
2023-09-01,Bulandshahar Uncha gaon,vlW7Ky7ubGA,GJKYhq2wR9L,422.0,2.0,2024.0,7a,p,99.0,Bulandshahar,ogBt4gWCiem,indicator_7,291,7
2023-09-01,Bulandshahar Uncha gaon,vlW7Ky7ubGA,NI0EC5no6PO,972.0,2.0,2024.0,10a,p,99.0,Bulandshahar,ogBt4gWCiem,indicator_10,291,10
2023-09-01,Unnav Bangarmau,BGRBILNZiPW,aRueVYr35yM.Ti9FJqkSK6J,365.0,2.0,2024.0,36b,p,279.0,Unnav,aT03mfdlNiF,indicator_36,679,36
2023-09-01,Unnav Bangarmau,BGRBILNZiPW,ixBYYYjxXPP,323.0,2.0,2024.0,36a,p,279.0,Unnav,aT03mfdlNiF,indicator_36,679,36
2023-09-01,Unnav Bangarmau,BGRBILNZiPW,ui45G8KwpzU.Ti9FJqkSK6J,527.0,2.0,2024.0,2a,p,279.0,Unnav,aT03mfdlNiF,indicator_2,679,2
2023-09-01,Unnav Bangarmau,BGRBILNZiPW,GJKYhq2wR9L,546.0,2.0,2024.0,7a,p,279.0,Unnav,aT03mfdlNiF,indicator_7,679,7
2023-09-01,Unnav Bangarmau,BGRBILNZiPW,NI0EC5no6PO,349.0,2.0,2024.0,10a,p,279.0,Unnav,aT03mfdlNiF,indicator_10,679,10
2023-09-01,Unnav DHQ,CYb7f3DOpb0,aRueVYr35yM.Ti9FJqkSK6J,2038.0,2.0,2024.0,36b,p,,Unnav,aT03mfdlNiF,indicator_36,352,36
2023-09-01,Unnav DHQ,CYb7f3DOpb0,ixBYYYjxXPP,608.0,2.0,2024.0,36a,p,,Unnav,aT03mfdlNiF,indicator_36,352,36
2023-09-01,Unnav DHQ,CYb7f3DOpb0,aRueVYr35yM.Ti9FJqkSK6J,671.0,2.0,2024.0,36b,p,,Unnav,aT03mfdlNiF,indicator_36,352,36
2023-09-01,Unnav DHQ,CYb7f3DOpb0,ui45G8KwpzU.Ti9FJqkSK6J,596.0,2.0,2024.0,2a,p,,Unnav,aT03mfdlNiF,indicator_2,352,2
2023-09-01,Unnav DHQ,CYb7f3DOpb0,GJKYhq2wR9L,697.0,2.0,2024.0,7a,p,,Unnav,aT03mfdlNiF,indicator_7,352,7
2023-09-01,Unnav DHQ,CYb7f3DOpb0,NI0EC5no6PO,591.0,2.0,2024.0,10a,p,,Unnav,aT03mfdlNiF,indicator_10,352,10
2023-09-01,Unnav Asoha,CpShKssApxk,aRueVYr35yM.Ti9FJqkSK6J,98.0,2.0,2024.0,36b,p,289.0,Unnav,aT03mfdlNiF,indicator_36,107,36
2023-09-01,Unnav Asoha,CpShKssApxk,ixBYYYjxXPP,90.0,2.0,2024.0,36a,p,289.0,Unnav,aT03mfdlNiF,indicator_36,107,36
2023-09-01,Unnav Asoha,CpShKssApxk,ui45G8KwpzU.Ti9FJqkSK6J,381.0,2.0,2024.0,2a,p,289.0,Unnav,aT03mfdlNiF,indicator_2,107,2
2023-09-01,Unnav Asoha,CpShKssApxk,GJKYhq2wR9L,303.0,2.0,2024.0,7a,p,289.0,Unnav,aT03mfdlNiF,indicator_7,107,7
2023-09-01,Unnav Asoha,CpShKssApxk,NI0EC5no6PO,310.0,2.0,2024.0,10a,p,289.0,Unnav,aT03mfdlNiF,indicator_10,107,10
2023-09-01,Unnav Bichhiya,EVsunDfk1Xx,aRueVYr35yM.Ti9FJqkSK6J,79.0,2.0,2024.0,36b,p,287.0,Unnav,aT03mfdlNiF,indicator_36,481,36
2023-09-01,Unnav Bichhiya,EVsunDfk1Xx,ixBYYYjxXPP,70.0,2.0,2024.0,36a,p,287.0,Unnav,aT03mfdlNiF,indicator_36,481,36
2023-09-01,Unnav Bichhiya,EVsunDfk1Xx,ui45G8KwpzU.Ti9FJqkSK6J,418.0,2.0,2024.0,2a,p,287.0,Unnav,aT03mfdlNiF,indicator_2,481,2
2023-09-01,Unnav Bichhiya,EVsunDfk1Xx,GJKYhq2wR9L,374.0,2.0,2024.0,7a,p,287.0,Unnav,aT03mfdlNiF,indicator_7,481,7
2023-09-01,Unnav Bichhiya,EVsunDfk1Xx,NI0EC5no6PO,382.0,2.0,2024.0,10a,p,287.0,Unnav,aT03mfdlNiF,indicator_10,481,10
2023-09-01,Unnav Sumerpur,Fy5oqtT0JAR,aRueVYr35yM.Ti9FJqkSK6J,189.0,2.0,2024.0,36b,p,293.0,Unnav,aT03mfdlNiF,indicator_36,671,36
2023-09-01,Unnav Sumerpur,Fy5oqtT0JAR,ixBYYYjxXPP,0.0,2.0,2024.0,36a,p,293.0,Unnav,aT03mfdlNiF,indicator_36,671,36
2023-09-01,Unnav Sumerpur,Fy5oqtT0JAR,ui45G8KwpzU.Ti9FJqkSK6J,374.0,2.0,2024.0,2a,p,293.0,Unnav,aT03mfdlNiF,indicator_2,671,2
2023-09-01,Unnav Sumerpur,Fy5oqtT0JAR,GJKYhq2wR9L,361.0,2.0,2024.0,7a,p,293.0,Unnav,aT03mfdlNiF,indicator_7,671,7
2023-09-01,Unnav Sumerpur,Fy5oqtT0JAR,NI0EC5no6PO,374.0,2.0,2024.0,10a,p,293.0,Unnav,aT03mfdlNiF,indicator_10,671,10
2023-09-01,Unnav Sikanderpur Sirausi,OC6qHC6pCm8,aRueVYr35yM.Ti9FJqkSK6J,80.0,2.0,2024.0,36b,p,286.0,Unnav,aT03mfdlNiF,indicator_36,330,36
2023-09-01,Unnav Sikanderpur Sirausi,OC6qHC6pCm8,ixBYYYjxXPP,78.0,2.0,2024.0,36a,p,286.0,Unnav,aT03mfdlNiF,indicator_36,330,36
2023-09-01,Unnav Sikanderpur Sirausi,OC6qHC6pCm8,ui45G8KwpzU.Ti9FJqkSK6J,441.0,2.0,2024.0,2a,p,286.0,Unnav,aT03mfdlNiF,indicator_2,330,2
2023-09-01,Unnav Sikanderpur Sirausi,OC6qHC6pCm8,GJKYhq2wR9L,367.0,2.0,2024.0,7a,p,286.0,Unnav,aT03mfdlNiF,indicator_7,330,7
2023-09-01,Unnav Sikanderpur Sirausi,OC6qHC6pCm8,NI0EC5no6PO,401.0,2.0,2024.0,10a,p,286.0,Unnav,aT03mfdlNiF,indicator_10,330,10
2023-09-01,Unnav Purwa,RLKVIOQ3q6x,aRueVYr35yM.Ti9FJqkSK6J,209.0,2.0,2024.0,36b,p,290.0,Unnav,aT03mfdlNiF,indicator_36,385,36
2023-09-01,Unnav Purwa,RLKVIOQ3q6x,ixBYYYjxXPP,200.0,2.0,2024.0,36a,p,290.0,Unnav,aT03mfdlNiF,indicator_36,385,36
2023-09-01,Unnav Purwa,RLKVIOQ3q6x,ui45G8KwpzU.Ti9FJqkSK6J,349.0,2.0,2024.0,2a,p,290.0,Unnav,aT03mfdlNiF,indicator_2,385,2
2023-09-01,Unnav Purwa,RLKVIOQ3q6x,GJKYhq2wR9L,293.0,2.0,2024.0,7a,p,290.0,Unnav,aT03mfdlNiF,indicator_7,385,7
2023-09-01,Unnav Purwa,RLKVIOQ3q6x,NI0EC5no6PO,470.0,2.0,2024.0,10a,p,290.0,Unnav,aT03mfdlNiF,indicator_10,385,10
2023-09-01,Unnav Ganj Moardabad,RzW4W8GzuhH,aRueVYr35yM.Ti9FJqkSK6J,143.0,2.0,2024.0,36b,p,278.0,Unnav,aT03mfdlNiF,indicator_36,495,36
2023-09-01,Unnav Ganj Moardabad,RzW4W8GzuhH,ixBYYYjxXPP,129.0,2.0,2024.0,36a,p,278.0,Unnav,aT03mfdlNiF,indicator_36,495,36
2023-09-01,Unnav Ganj Moardabad,RzW4W8GzuhH,ui45G8KwpzU.Ti9FJqkSK6J,374.0,2.0,2024.0,2a,p,278.0,Unnav,aT03mfdlNiF,indicator_2,495,2
2023-09-01,Unnav Ganj Moardabad,RzW4W8GzuhH,GJKYhq2wR9L,308.0,2.0,2024.0,7a,p,278.0,Unnav,aT03mfdlNiF,indicator_7,495,7
2023-09-01,Unnav Ganj Moardabad,RzW4W8GzuhH,NI0EC5no6PO,224.0,2.0,2024.0,10a,p,278.0,Unnav,aT03mfdlNiF,indicator_10,495,10
2023-09-01,Unnav Bighapur,SvNkFaLvfio,aRueVYr35yM.Ti9FJqkSK6J,139.0,2.0,2024.0,36b,p,292.0,Unnav,aT03mfdlNiF,indicator_36,45,36
2023-09-01,Unnav Bighapur,SvNkFaLvfio,ixBYYYjxXPP,102.0,2.0,2024.0,36a,p,292.0,Unnav,aT03mfdlNiF,indicator_36,45,36
2023-09-01,Unnav Bighapur,SvNkFaLvfio,ui45G8KwpzU.Ti9FJqkSK6J,337.0,2.0,2024.0,2a,p,292.0,Unnav,aT03mfdlNiF,indicator_2,45,2
2023-09-01,Unnav Bighapur,SvNkFaLvfio,GJKYhq2wR9L,306.0,2.0,2024.0,7a,p,292.0,Unnav,aT03mfdlNiF,indicator_7,45,7
2023-09-01,Unnav Bighapur,SvNkFaLvfio,NI0EC5no6PO,337.0,2.0,2024.0,10a,p,292.0,Unnav,aT03mfdlNiF,indicator_10,45,10
2023-09-01,Unnav Hasanganj,g9AzjVVJKJh,aRueVYr35yM.Ti9FJqkSK6J,189.0,2.0,2024.0,36b,p,284.0,Unnav,aT03mfdlNiF,indicator_36,172,36
2023-09-01,Unnav Hasanganj,g9AzjVVJKJh,ixBYYYjxXPP,156.0,2.0,2024.0,36a,p,284.0,Unnav,aT03mfdlNiF,indicator_36,172,36
2023-09-01,Unnav Hasanganj,g9AzjVVJKJh,ui45G8KwpzU.Ti9FJqkSK6J,464.0,2.0,2024.0,2a,p,284.0,Unnav,aT03mfdlNiF,indicator_2,172,2
2023-09-01,Unnav Hasanganj,g9AzjVVJKJh,GJKYhq2wR9L,464.0,2.0,2024.0,7a,p,284.0,Unnav,aT03mfdlNiF,indicator_7,172,7
2023-09-01,Unnav Hasanganj,g9AzjVVJKJh,NI0EC5no6PO,490.0,2.0,2024.0,10a,p,284.0,Unnav,aT03mfdlNiF,indicator_10,172,10
2023-09-01,Unnav Safipur,iudStsVG8zs,aRueVYr35yM.Ti9FJqkSK6J,391.0,2.0,2024.0,36b,p,281.0,Unnav,aT03mfdlNiF,indicator_36,62,36
2023-09-01,Unnav Safipur,iudStsVG8zs,ixBYYYjxXPP,358.0,2.0,2024.0,36a,p,281.0,Unnav,aT03mfdlNiF,indicator_36,62,36
2023-09-01,Unnav Safipur,iudStsVG8zs,ui45G8KwpzU.Ti9FJqkSK6J,441.0,2.0,2024.0,2a,p,281.0,Unnav,aT03mfdlNiF,indicator_2,62,2
2023-09-01,Unnav Safipur,iudStsVG8zs,GJKYhq2wR9L,375.0,2.0,2024.0,7a,p,281.0,Unnav,aT03mfdlNiF,indicator_7,62,7
2023-09-01,Unnav Safipur,iudStsVG8zs,NI0EC5no6PO,540.0,2.0,2024.0,10a,p,281.0,Unnav,aT03mfdlNiF,indicator_10,62,10
2023-09-01,Unnav C.Karen,miCbY8KENnd,aRueVYr35yM.Ti9FJqkSK6J,222.0,2.0,2024.0,36b,p,288.0,Unnav,aT03mfdlNiF,indicator_36,814,36
2023-09-01,Unnav C.Karen,miCbY8KENnd,ixBYYYjxXPP,188.0,2.0,2024.0,36a,p,288.0,Unnav,aT03mfdlNiF,indicator_36,814,36
2023-09-01,Unnav C.Karen,miCbY8KENnd,ui45G8KwpzU.Ti9FJqkSK6J,583.0,2.0,2024.0,2a,p,288.0,Unnav,aT03mfdlNiF,indicator_2,814,2
2023-09-01,Unnav C.Karen,miCbY8KENnd,GJKYhq2wR9L,481.0,2.0,2024.0,7a,p,288.0,Unnav,aT03mfdlNiF,indicator_7,814,7
2023-09-01,Unnav C.Karen,miCbY8KENnd,NI0EC5no6PO,610.0,2.0,2024.0,10a,p,288.0,Unnav,aT03mfdlNiF,indicator_10,814,10
2023-09-01,Unnav Miyaganj,odvvm2fnyz9,aRueVYr35yM.Ti9FJqkSK6J,218.0,2.0,2024.0,36b,p,283.0,Unnav,aT03mfdlNiF,indicator_36,78,36
2023-09-01,Unnav Miyaganj,odvvm2fnyz9,ixBYYYjxXPP,106.0,2.0,2024.0,36a,p,283.0,Unnav,aT03mfdlNiF,indicator_36,78,36
2023-09-01,Unnav Miyaganj,odvvm2fnyz9,ui45G8KwpzU.Ti9FJqkSK6J,429.0,2.0,2024.0,2a,p,283.0,Unnav,aT03mfdlNiF,indicator_2,78,2
2023-09-01,Unnav Miyaganj,odvvm2fnyz9,GJKYhq2wR9L,360.0,2.0,2024.0,7a,p,283.0,Unnav,aT03mfdlNiF,indicator_7,78,7
2023-09-01,Unnav Miyaganj,odvvm2fnyz9,NI0EC5no6PO,429.0,2.0,2024.0,10a,p,283.0,Unnav,aT03mfdlNiF,indicator_10,78,10
2023-09-01,Unnav Hilauli,oeicJPH2lIq,aRueVYr35yM.Ti9FJqkSK6J,173.0,2.0,2024.0,36b,p,291.0,Unnav,aT03mfdlNiF,indicator_36,724,36
2023-09-01,Unnav Hilauli,oeicJPH2lIq,ixBYYYjxXPP,167.0,2.0,2024.0,36a,p,291.0,Unnav,aT03mfdlNiF,indicator_36,724,36
2023-09-01,Unnav Hilauli,oeicJPH2lIq,ui45G8KwpzU.Ti9FJqkSK6J,426.0,2.0,2024.0,2a,p,291.0,Unnav,aT03mfdlNiF,indicator_2,724,2
2023-09-01,Unnav Hilauli,oeicJPH2lIq,GJKYhq2wR9L,389.0,2.0,2024.0,7a,p,291.0,Unnav,aT03mfdlNiF,indicator_7,724,7
2023-09-01,Unnav Hilauli,oeicJPH2lIq,NI0EC5no6PO,450.0,2.0,2024.0,10a,p,291.0,Unnav,aT03mfdlNiF,indicator_10,724,10
2023-09-01,Unnav Fatehpur -84,uhbQ7To0pN9,aRueVYr35yM.Ti9FJqkSK6J,107.0,2.0,2024.0,36b,p,280.0,Unnav,aT03mfdlNiF,indicator_36,24,36
2023-09-01,Unnav Fatehpur -84,uhbQ7To0pN9,ixBYYYjxXPP,96.0,2.0,2024.0,36a,p,280.0,Unnav,aT03mfdlNiF,indicator_36,24,36
2023-09-01,Unnav Fatehpur -84,uhbQ7To0pN9,ui45G8KwpzU.Ti9FJqkSK6J,394.0,2.0,2024.0,2a,p,280.0,Unnav,aT03mfdlNiF,indicator_2,24,2
2023-09-01,Unnav Fatehpur -84,uhbQ7To0pN9,GJKYhq2wR9L,360.0,2.0,2024.0,7a,p,280.0,Unnav,aT03mfdlNiF,indicator_7,24,7
2023-09-01,Unnav Fatehpur -84,uhbQ7To0pN9,NI0EC5no6PO,281.0,2.0,2024.0,10a,p,280.0,Unnav,aT03mfdlNiF,indicator_10,24,10
2023-09-01,Unnav Auras,wk2JVEOAFPl,aRueVYr35yM.Ti9FJqkSK6J,193.0,2.0,2024.0,36b,p,282.0,Unnav,aT03mfdlNiF,indicator_36,855,36
2023-09-01,Unnav Auras,wk2JVEOAFPl,ixBYYYjxXPP,0.0,2.0,2024.0,36a,p,282.0,Unnav,aT03mfdlNiF,indicator_36,855,36
2023-09-01,Unnav Auras,wk2JVEOAFPl,ui45G8KwpzU.Ti9FJqkSK6J,358.0,2.0,2024.0,2a,p,282.0,Unnav,aT03mfdlNiF,indicator_2,855,2
2023-09-01,Unnav Auras,wk2JVEOAFPl,GJKYhq2wR9L,335.0,2.0,2024.0,7a,p,282.0,Unnav,aT03mfdlNiF,indicator_7,855,7
2023-09-01,Unnav Auras,wk2JVEOAFPl,NI0EC5no6PO,398.0,2.0,2024.0,10a,p,282.0,Unnav,aT03mfdlNiF,indicator_10,855,10
2023-09-01,Unnav Nawabganj,ziD9Ib1XELX,aRueVYr35yM.Ti9FJqkSK6J,222.0,2.0,2024.0,36b,p,285.0,Unnav,aT03mfdlNiF,indicator_36,332,36
2023-09-01,Unnav Nawabganj,ziD9Ib1XELX,ixBYYYjxXPP,0.0,2.0,2024.0,36a,p,285.0,Unnav,aT03mfdlNiF,indicator_36,332,36
2023-09-01,Unnav Nawabganj,ziD9Ib1XELX,ui45G8KwpzU.Ti9FJqkSK6J,465.0,2.0,2024.0,2a,p,285.0,Unnav,aT03mfdlNiF,indicator_2,332,2
2023-09-01,Unnav Nawabganj,ziD9Ib1XELX,GJKYhq2wR9L,396.0,2.0,2024.0,7a,p,285.0,Unnav,aT03mfdlNiF,indicator_7,332,7
2023-09-01,Unnav Nawabganj,ziD9Ib1XELX,NI0EC5no6PO,444.0,2.0,2024.0,10a,p,285.0,Unnav,aT03mfdlNiF,indicator_10,332,10
2023-09-01,Saharanpur Gangoha,BHNN3R3Nfyk,aRueVYr35yM.Ti9FJqkSK6J,461.0,2.0,2024.0,36b,p,7.0,Saharanpur,FKYZ3JbWq84,indicator_36,743,36
2023-09-01,Saharanpur Gangoha,BHNN3R3Nfyk,ixBYYYjxXPP,295.0,2.0,2024.0,36a,p,7.0,Saharanpur,FKYZ3JbWq84,indicator_36,743,36
2023-09-01,Saharanpur Gangoha,BHNN3R3Nfyk,ui45G8KwpzU.Ti9FJqkSK6J,952.0,2.0,2024.0,2a,p,7.0,Saharanpur,FKYZ3JbWq84,indicator_2,743,2
2023-09-01,Saharanpur Gangoha,BHNN3R3Nfyk,GJKYhq2wR9L,884.0,2.0,2024.0,7a,p,7.0,Saharanpur,FKYZ3JbWq84,indicator_7,743,7
2023-09-01,Saharanpur Gangoha,BHNN3R3Nfyk,NI0EC5no6PO,1008.0,2.0,2024.0,10a,p,7.0,Saharanpur,FKYZ3JbWq84,indicator_10,743,10
2023-09-01,Saharanpur Nukkur,Il5dY2TsnrT,aRueVYr35yM.Ti9FJqkSK6J,198.0,2.0,2024.0,36b,p,6.0,Saharanpur,FKYZ3JbWq84,indicator_36,603,36
2023-09-01,Saharanpur Nukkur,Il5dY2TsnrT,ixBYYYjxXPP,145.0,2.0,2024.0,36a,p,6.0,Saharanpur,FKYZ3JbWq84,indicator_36,603,36
2023-09-01,Saharanpur Nukkur,Il5dY2TsnrT,aRueVYr35yM.Ti9FJqkSK6J,176.0,2.0,2024.0,36b,p,6.0,Saharanpur,FKYZ3JbWq84,indicator_36,603,36
2023-09-01,Saharanpur Nukkur,Il5dY2TsnrT,ui45G8KwpzU.Ti9FJqkSK6J,708.0,2.0,2024.0,2a,p,6.0,Saharanpur,FKYZ3JbWq84,indicator_2,603,2
2023-09-01,Saharanpur Nukkur,Il5dY2TsnrT,GJKYhq2wR9L,549.0,2.0,2024.0,7a,p,6.0,Saharanpur,FKYZ3JbWq84,indicator_7,603,7
2023-09-01,Saharanpur Nukkur,Il5dY2TsnrT,NI0EC5no6PO,724.0,2.0,2024.0,10a,p,6.0,Saharanpur,FKYZ3JbWq84,indicator_10,603,10
2023-09-01,Saharanpur Sarsawa,J4lOM1HGEln,aRueVYr35yM.Ti9FJqkSK6J,314.0,2.0,2024.0,36b,p,5.0,Saharanpur,FKYZ3JbWq84,indicator_36,374,36
2023-09-01,Saharanpur Sarsawa,J4lOM1HGEln,ixBYYYjxXPP,270.0,2.0,2024.0,36a,p,5.0,Saharanpur,FKYZ3JbWq84,indicator_36,374,36
2023-09-01,Saharanpur Sarsawa,J4lOM1HGEln,ui45G8KwpzU.Ti9FJqkSK6J,1089.0,2.0,2024.0,2a,p,5.0,Saharanpur,FKYZ3JbWq84,indicator_2,374,2
2023-09-01,Saharanpur Sarsawa,J4lOM1HGEln,GJKYhq2wR9L,909.0,2.0,2024.0,7a,p,5.0,Saharanpur,FKYZ3JbWq84,indicator_7,374,7
2023-09-01,Saharanpur Sarsawa,J4lOM1HGEln,NI0EC5no6PO,3220.0,2.0,2024.0,10a,p,5.0,Saharanpur,FKYZ3JbWq84,indicator_10,374,10
2023-09-01,Saharanpur Punwarka,PqdYyxvXbjJ,aRueVYr35yM.Ti9FJqkSK6J,171.0,2.0,2024.0,36b,p,3.0,Saharanpur,FKYZ3JbWq84,indicator_36,392,36
2023-09-01,Saharanpur Punwarka,PqdYyxvXbjJ,ixBYYYjxXPP,131.0,2.0,2024.0,36a,p,3.0,Saharanpur,FKYZ3JbWq84,indicator_36,392,36
2023-09-01,Saharanpur Punwarka,PqdYyxvXbjJ,ui45G8KwpzU.Ti9FJqkSK6J,695.0,2.0,2024.0,2a,p,3.0,Saharanpur,FKYZ3JbWq84,indicator_2,392,2
2023-09-01,Saharanpur Punwarka,PqdYyxvXbjJ,GJKYhq2wR9L,581.0,2.0,2024.0,7a,p,3.0,Saharanpur,FKYZ3JbWq84,indicator_7,392,7
2023-09-01,Saharanpur Punwarka,PqdYyxvXbjJ,NI0EC5no6PO,659.0,2.0,2024.0,10a,p,3.0,Saharanpur,FKYZ3JbWq84,indicator_10,392,10
2023-09-01,Saharanpur Nangal,TkRtB84gkNd,aRueVYr35yM.Ti9FJqkSK6J,236.0,2.0,2024.0,36b,p,10.0,Saharanpur,FKYZ3JbWq84,indicator_36,600,36
2023-09-01,Saharanpur Nangal,TkRtB84gkNd,ixBYYYjxXPP,111.0,2.0,2024.0,36a,p,10.0,Saharanpur,FKYZ3JbWq84,indicator_36,600,36
2023-09-01,Saharanpur Nangal,TkRtB84gkNd,aRueVYr35yM.Ti9FJqkSK6J,118.0,2.0,2024.0,36b,p,10.0,Saharanpur,FKYZ3JbWq84,indicator_36,600,36
2023-09-01,Saharanpur Nangal,TkRtB84gkNd,ui45G8KwpzU.Ti9FJqkSK6J,563.0,2.0,2024.0,2a,p,10.0,Saharanpur,FKYZ3JbWq84,indicator_2,600,2
2023-09-01,Saharanpur Nangal,TkRtB84gkNd,GJKYhq2wR9L,544.0,2.0,2024.0,7a,p,10.0,Saharanpur,FKYZ3JbWq84,indicator_7,600,7
2023-09-01,Saharanpur Nangal,TkRtB84gkNd,NI0EC5no6PO,563.0,2.0,2024.0,10a,p,10.0,Saharanpur,FKYZ3JbWq84,indicator_10,600,10
2023-09-01,Saharanpur Nanota,ZUTLEFlviBI,aRueVYr35yM.Ti9FJqkSK6J,181.0,2.0,2024.0,36b,p,9.0,Saharanpur,FKYZ3JbWq84,indicator_36,457,36
2023-09-01,Saharanpur Nanota,ZUTLEFlviBI,ixBYYYjxXPP,0.0,2.0,2024.0,36a,p,9.0,Saharanpur,FKYZ3JbWq84,indicator_36,457,36
2023-09-01,Saharanpur Nanota,ZUTLEFlviBI,ui45G8KwpzU.Ti9FJqkSK6J,720.0,2.0,2024.0,2a,p,9.0,Saharanpur,FKYZ3JbWq84,indicator_2,457,2
2023-09-01,Saharanpur Nanota,ZUTLEFlviBI,GJKYhq2wR9L,440.0,2.0,2024.0,7a,p,9.0,Saharanpur,FKYZ3JbWq84,indicator_7,457,7
2023-09-01,Saharanpur Nanota,ZUTLEFlviBI,NI0EC5no6PO,550.0,2.0,2024.0,10a,p,9.0,Saharanpur,FKYZ3JbWq84,indicator_10,457,10
2023-09-01,Saharanpur Muzzafrabad,dTPUQF80iDV,aRueVYr35yM.Ti9FJqkSK6J,310.0,2.0,2024.0,36b,p,2.0,Saharanpur,FKYZ3JbWq84,indicator_36,892,36
2023-09-01,Saharanpur Muzzafrabad,dTPUQF80iDV,ixBYYYjxXPP,204.0,2.0,2024.0,36a,p,2.0,Saharanpur,FKYZ3JbWq84,indicator_36,892,36
2023-09-01,Saharanpur Muzzafrabad,dTPUQF80iDV,ui45G8KwpzU.Ti9FJqkSK6J,1043.0,2.0,2024.0,2a,p,2.0,Saharanpur,FKYZ3JbWq84,indicator_2,892,2
2023-09-01,Saharanpur Muzzafrabad,dTPUQF80iDV,GJKYhq2wR9L,829.0,2.0,2024.0,7a,p,2.0,Saharanpur,FKYZ3JbWq84,indicator_7,892,7
2023-09-01,Saharanpur Muzzafrabad,dTPUQF80iDV,NI0EC5no6PO,1543.0,2.0,2024.0,10a,p,2.0,Saharanpur,FKYZ3JbWq84,indicator_10,892,10
2023-09-01,Saharanpur DHQ,oJLTrPrhs93,aRueVYr35yM.Ti9FJqkSK6J,6249.0,2.0,2024.0,36b,p,,Saharanpur,FKYZ3JbWq84,indicator_36,256,36
2023-09-01,Saharanpur DHQ,oJLTrPrhs93,ixBYYYjxXPP,29.0,2.0,2024.0,36a,p,,Saharanpur,FKYZ3JbWq84,indicator_36,256,36
2023-09-01,Saharanpur DHQ,oJLTrPrhs93,aRueVYr35yM.Ti9FJqkSK6J,991.0,2.0,2024.0,36b,p,,Saharanpur,FKYZ3JbWq84,indicator_36,256,36
2023-09-01,Saharanpur DHQ,oJLTrPrhs93,ui45G8KwpzU.Ti9FJqkSK6J,2082.0,2.0,2024.0,2a,p,,Saharanpur,FKYZ3JbWq84,indicator_2,256,2
2023-09-01,Saharanpur DHQ,oJLTrPrhs93,GJKYhq2wR9L,2393.0,2.0,2024.0,7a,p,,Saharanpur,FKYZ3JbWq84,indicator_7,256,7
2023-09-01,Saharanpur DHQ,oJLTrPrhs93,NI0EC5no6PO,2762.0,2.0,2024.0,10a,p,,Saharanpur,FKYZ3JbWq84,indicator_10,256,10
2023-09-01,Saharanpur Daoband,oNfXWvtDaWv,aRueVYr35yM.Ti9FJqkSK6J,293.0,2.0,2024.0,36b,p,11.0,Saharanpur,FKYZ3JbWq84,indicator_36,652,36
2023-09-01,Saharanpur Daoband,oNfXWvtDaWv,ixBYYYjxXPP,126.0,2.0,2024.0,36a,p,11.0,Saharanpur,FKYZ3JbWq84,indicator_36,652,36
2023-09-01,Saharanpur Daoband,oNfXWvtDaWv,aRueVYr35yM.Ti9FJqkSK6J,163.0,2.0,2024.0,36b,p,11.0,Saharanpur,FKYZ3JbWq84,indicator_36,652,36
2023-09-01,Saharanpur Daoband,oNfXWvtDaWv,ui45G8KwpzU.Ti9FJqkSK6J,947.0,2.0,2024.0,2a,p,11.0,Saharanpur,FKYZ3JbWq84,indicator_2,652,2
2023-09-01,Saharanpur Daoband,oNfXWvtDaWv,GJKYhq2wR9L,803.0,2.0,2024.0,7a,p,11.0,Saharanpur,FKYZ3JbWq84,indicator_7,652,7
2023-09-01,Saharanpur Daoband,oNfXWvtDaWv,NI0EC5no6PO,1119.0,2.0,2024.0,10a,p,11.0,Saharanpur,FKYZ3JbWq84,indicator_10,652,10
2023-09-01,Saharanpur Rampur Maniharan,obGw4WWLMlw,aRueVYr35yM.Ti9FJqkSK6J,99.0,2.0,2024.0,36b,p,8.0,Saharanpur,FKYZ3JbWq84,indicator_36,789,36
2023-09-01,Saharanpur Rampur Maniharan,obGw4WWLMlw,ixBYYYjxXPP,110.0,2.0,2024.0,36a,p,8.0,Saharanpur,FKYZ3JbWq84,indicator_36,789,36
2023-09-01,Saharanpur Rampur Maniharan,obGw4WWLMlw,ui45G8KwpzU.Ti9FJqkSK6J,546.0,2.0,2024.0,2a,p,8.0,Saharanpur,FKYZ3JbWq84,indicator_2,789,2
2023-09-01,Saharanpur Rampur Maniharan,obGw4WWLMlw,GJKYhq2wR9L,503.0,2.0,2024.0,7a,p,8.0,Saharanpur,FKYZ3JbWq84,indicator_7,789,7
2023-09-01,Saharanpur Rampur Maniharan,obGw4WWLMlw,NI0EC5no6PO,878.0,2.0,2024.0,10a,p,8.0,Saharanpur,FKYZ3JbWq84,indicator_10,789,10
2023-09-01,Saharanpur Balliyakhare,qxErDQBKuLE,aRueVYr35yM.Ti9FJqkSK6J,116.0,2.0,2024.0,36b,p,4.0,Saharanpur,FKYZ3JbWq84,indicator_36,18,36
2023-09-01,Saharanpur Balliyakhare,qxErDQBKuLE,ixBYYYjxXPP,27.0,2.0,2024.0,36a,p,4.0,Saharanpur,FKYZ3JbWq84,indicator_36,18,36
2023-09-01,Saharanpur Balliyakhare,qxErDQBKuLE,ui45G8KwpzU.Ti9FJqkSK6J,658.0,2.0,2024.0,2a,p,4.0,Saharanpur,FKYZ3JbWq84,indicator_2,18,2
2023-09-01,Saharanpur Balliyakhare,qxErDQBKuLE,GJKYhq2wR9L,761.0,2.0,2024.0,7a,p,4.0,Saharanpur,FKYZ3JbWq84,indicator_7,18,7
2023-09-01,Saharanpur Balliyakhare,qxErDQBKuLE,NI0EC5no6PO,707.0,2.0,2024.0,10a,p,4.0,Saharanpur,FKYZ3JbWq84,indicator_10,18,10
2023-09-01,Saharanpur Sadholi Kadeem,y5bGR23eUwH,aRueVYr35yM.Ti9FJqkSK6J,310.0,2.0,2024.0,36b,p,1.0,Saharanpur,FKYZ3JbWq84,indicator_36,877,36
2023-09-01,Saharanpur Sadholi Kadeem,y5bGR23eUwH,ixBYYYjxXPP,185.0,2.0,2024.0,36a,p,1.0,Saharanpur,FKYZ3JbWq84,indicator_36,877,36
2023-09-01,Saharanpur Sadholi Kadeem,y5bGR23eUwH,ui45G8KwpzU.Ti9FJqkSK6J,753.0,2.0,2024.0,2a,p,1.0,Saharanpur,FKYZ3JbWq84,indicator_2,877,2
2023-09-01,Saharanpur Sadholi Kadeem,y5bGR23eUwH,GJKYhq2wR9L,563.0,2.0,2024.0,7a,p,1.0,Saharanpur,FKYZ3JbWq84,indicator_7,877,7
2023-09-01,Saharanpur Sadholi Kadeem,y5bGR23eUwH,NI0EC5no6PO,783.0,2.0,2024.0,10a,p,1.0,Saharanpur,FKYZ3JbWq84,indicator_10,877,10
2023-09-01,Manjhwan,BLgq44ZJkKh,aRueVYr35yM.Ti9FJqkSK6J,220.0,2.0,2024.0,36b,p,789.0,Mirzapur,UAicdMLyuk4,indicator_36,533,36
2023-09-01,Manjhwan,BLgq44ZJkKh,ixBYYYjxXPP,217.0,2.0,2024.0,36a,p,789.0,Mirzapur,UAicdMLyuk4,indicator_36,533,36
2023-09-01,Manjhwan,BLgq44ZJkKh,ui45G8KwpzU.Ti9FJqkSK6J,416.0,2.0,2024.0,2a,p,789.0,Mirzapur,UAicdMLyuk4,indicator_2,533,2
2023-09-01,Manjhwan,BLgq44ZJkKh,GJKYhq2wR9L,447.0,2.0,2024.0,7a,p,789.0,Mirzapur,UAicdMLyuk4,indicator_7,533,7
2023-09-01,Manjhwan,BLgq44ZJkKh,NI0EC5no6PO,413.0,2.0,2024.0,10a,p,789.0,Mirzapur,UAicdMLyuk4,indicator_10,533,10
2023-09-01,Jamalpur,Dga9ieikVr5,aRueVYr35yM.Ti9FJqkSK6J,415.0,2.0,2024.0,36b,p,798.0,Mirzapur,UAicdMLyuk4,indicator_36,39,36
2023-09-01,Jamalpur,Dga9ieikVr5,ixBYYYjxXPP,0.0,2.0,2024.0,36a,p,798.0,Mirzapur,UAicdMLyuk4,indicator_36,39,36
2023-09-01,Jamalpur,Dga9ieikVr5,ui45G8KwpzU.Ti9FJqkSK6J,638.0,2.0,2024.0,2a,p,798.0,Mirzapur,UAicdMLyuk4,indicator_2,39,2
2023-09-01,Jamalpur,Dga9ieikVr5,GJKYhq2wR9L,555.0,2.0,2024.0,7a,p,798.0,Mirzapur,UAicdMLyuk4,indicator_7,39,7
2023-09-01,Jamalpur,Dga9ieikVr5,NI0EC5no6PO,644.0,2.0,2024.0,10a,p,798.0,Mirzapur,UAicdMLyuk4,indicator_10,39,10
2023-09-01,Chhanve,T5YmZQx2cme,aRueVYr35yM.Ti9FJqkSK6J,444.0,2.0,2024.0,36b,p,787.0,Mirzapur,UAicdMLyuk4,indicator_36,202,36
2023-09-01,Chhanve,T5YmZQx2cme,ui45G8KwpzU.Ti9FJqkSK6J,676.0,2.0,2024.0,2a,p,787.0,Mirzapur,UAicdMLyuk4,indicator_2,202,2
2023-09-01,Chhanve,T5YmZQx2cme,GJKYhq2wR9L,510.0,2.0,2024.0,7a,p,787.0,Mirzapur,UAicdMLyuk4,indicator_7,202,7
2023-09-01,Chhanve,T5YmZQx2cme,NI0EC5no6PO,681.0,2.0,2024.0,10a,p,787.0,Mirzapur,UAicdMLyuk4,indicator_10,202,10
2023-09-01,Mirzapur DHQ,WxMksp7j6w7,aRueVYr35yM.Ti9FJqkSK6J,983.0,2.0,2024.0,36b,p,,Mirzapur,UAicdMLyuk4,indicator_36,821,36
2023-09-01,Mirzapur DHQ,WxMksp7j6w7,aRueVYr35yM.Ti9FJqkSK6J,827.0,2.0,2024.0,36b,p,,Mirzapur,UAicdMLyuk4,indicator_36,821,36
2023-09-01,Mirzapur DHQ,WxMksp7j6w7,ui45G8KwpzU.Ti9FJqkSK6J,1218.0,2.0,2024.0,2a,p,,Mirzapur,UAicdMLyuk4,indicator_2,821,2
2023-09-01,Mirzapur DHQ,WxMksp7j6w7,GJKYhq2wR9L,1227.0,2.0,2024.0,7a,p,,Mirzapur,UAicdMLyuk4,indicator_7,821,7
2023-09-01,Mirzapur DHQ,WxMksp7j6w7,NI0EC5no6PO,1459.0,2.0,2024.0,10a,p,,Mirzapur,UAicdMLyuk4,indicator_10,821,10
2023-09-01,Naraynpur,cGCEhMelufW,aRueVYr35yM.Ti9FJqkSK6J,318.0,2.0,2024.0,36b,p,797.0,Mirzapur,UAicdMLyuk4,indicator_36,689,36
2023-09-01,Naraynpur,cGCEhMelufW,ixBYYYjxXPP,68.0,2.0,2024.0,36a,p,797.0,Mirzapur,UAicdMLyuk4,indicator_36,689,36
2023-09-01,Naraynpur,cGCEhMelufW,ui45G8KwpzU.Ti9FJqkSK6J,602.0,2.0,2024.0,2a,p,797.0,Mirzapur,UAicdMLyuk4,indicator_2,689,2
2023-09-01,Naraynpur,cGCEhMelufW,GJKYhq2wR9L,583.0,2.0,2024.0,7a,p,797.0,Mirzapur,UAicdMLyuk4,indicator_7,689,7
2023-09-01,Naraynpur,cGCEhMelufW,NI0EC5no6PO,579.0,2.0,2024.0,10a,p,797.0,Mirzapur,UAicdMLyuk4,indicator_10,689,10
2023-09-01,Hallia,dzvrdlSVdNw,aRueVYr35yM.Ti9FJqkSK6J,416.0,2.0,2024.0,36b,p,793.0,Mirzapur,UAicdMLyuk4,indicator_36,86,36
2023-09-01,Hallia,dzvrdlSVdNw,ixBYYYjxXPP,109.0,2.0,2024.0,36a,p,793.0,Mirzapur,UAicdMLyuk4,indicator_36,86,36
2023-09-01,Hallia,dzvrdlSVdNw,ui45G8KwpzU.Ti9FJqkSK6J,522.0,2.0,2024.0,2a,p,793.0,Mirzapur,UAicdMLyuk4,indicator_2,86,2
2023-09-01,Hallia,dzvrdlSVdNw,GJKYhq2wR9L,466.0,2.0,2024.0,7a,p,793.0,Mirzapur,UAicdMLyuk4,indicator_7,86,7
2023-09-01,Hallia,dzvrdlSVdNw,NI0EC5no6PO,515.0,2.0,2024.0,10a,p,793.0,Mirzapur,UAicdMLyuk4,indicator_10,86,10
2023-09-01,Rajgarh,fi3XI1IhyQO,aRueVYr35yM.Ti9FJqkSK6J,364.0,2.0,2024.0,36b,p,795.0,Mirzapur,UAicdMLyuk4,indicator_36,473,36
2023-09-01,Rajgarh,fi3XI1IhyQO,ixBYYYjxXPP,370.0,2.0,2024.0,36a,p,795.0,Mirzapur,UAicdMLyuk4,indicator_36,473,36
2023-09-01,Rajgarh,fi3XI1IhyQO,ui45G8KwpzU.Ti9FJqkSK6J,493.0,2.0,2024.0,2a,p,795.0,Mirzapur,UAicdMLyuk4,indicator_2,473,2
2023-09-01,Rajgarh,fi3XI1IhyQO,GJKYhq2wR9L,414.0,2.0,2024.0,7a,p,795.0,Mirzapur,UAicdMLyuk4,indicator_7,473,7
2023-09-01,Rajgarh,fi3XI1IhyQO,NI0EC5no6PO,490.0,2.0,2024.0,10a,p,795.0,Mirzapur,UAicdMLyuk4,indicator_10,473,10
2023-09-01,Sikhar,moqnzHZCfQg,aRueVYr35yM.Ti9FJqkSK6J,117.0,2.0,2024.0,36b,p,796.0,Mirzapur,UAicdMLyuk4,indicator_36,802,36
2023-09-01,Sikhar,moqnzHZCfQg,ixBYYYjxXPP,0.0,2.0,2024.0,36a,p,796.0,Mirzapur,UAicdMLyuk4,indicator_36,802,36
2023-09-01,Sikhar,moqnzHZCfQg,ui45G8KwpzU.Ti9FJqkSK6J,208.0,2.0,2024.0,2a,p,796.0,Mirzapur,UAicdMLyuk4,indicator_2,802,2
2023-09-01,Sikhar,moqnzHZCfQg,GJKYhq2wR9L,173.0,2.0,2024.0,7a,p,796.0,Mirzapur,UAicdMLyuk4,indicator_7,802,7
2023-09-01,Sikhar,moqnzHZCfQg,NI0EC5no6PO,201.0,2.0,2024.0,10a,p,796.0,Mirzapur,UAicdMLyuk4,indicator_10,802,10
2023-09-01,City,qFq9YH9cPE2,aRueVYr35yM.Ti9FJqkSK6J,364.0,2.0,2024.0,36b,p,790.0,Mirzapur,UAicdMLyuk4,indicator_36,885,36
2023-09-01,City,qFq9YH9cPE2,ixBYYYjxXPP,100.0,2.0,2024.0,36a,p,790.0,Mirzapur,UAicdMLyuk4,indicator_36,885,36
2023-09-01,City,qFq9YH9cPE2,ui45G8KwpzU.Ti9FJqkSK6J,414.0,2.0,2024.0,2a,p,790.0,Mirzapur,UAicdMLyuk4,indicator_2,885,2
2023-09-01,City,qFq9YH9cPE2,GJKYhq2wR9L,479.0,2.0,2024.0,7a,p,790.0,Mirzapur,UAicdMLyuk4,indicator_7,885,7
2023-09-01,City,qFq9YH9cPE2,NI0EC5no6PO,455.0,2.0,2024.0,10a,p,790.0,Mirzapur,UAicdMLyuk4,indicator_10,885,10
2023-09-01,Marihan Patehara,sh5GrKleZLD,aRueVYr35yM.Ti9FJqkSK6J,360.0,2.0,2024.0,36b,p,794.0,Mirzapur,UAicdMLyuk4,indicator_36,843,36
2023-09-01,Marihan Patehara,sh5GrKleZLD,ui45G8KwpzU.Ti9FJqkSK6J,310.0,2.0,2024.0,2a,p,794.0,Mirzapur,UAicdMLyuk4,indicator_2,843,2
2023-09-01,Marihan Patehara,sh5GrKleZLD,GJKYhq2wR9L,287.0,2.0,2024.0,7a,p,794.0,Mirzapur,UAicdMLyuk4,indicator_7,843,7
2023-09-01,Marihan Patehara,sh5GrKleZLD,NI0EC5no6PO,312.0,2.0,2024.0,10a,p,794.0,Mirzapur,UAicdMLyuk4,indicator_10,843,10
2023-09-01,Lalganj Mirzapur,udEnBPS78Sf,aRueVYr35yM.Ti9FJqkSK6J,373.0,2.0,2024.0,36b,p,792.0,Mirzapur,UAicdMLyuk4,indicator_36,152,36
2023-09-01,Lalganj Mirzapur,udEnBPS78Sf,ixBYYYjxXPP,273.0,2.0,2024.0,36a,p,792.0,Mirzapur,UAicdMLyuk4,indicator_36,152,36
2023-09-01,Lalganj Mirzapur,udEnBPS78Sf,ui45G8KwpzU.Ti9FJqkSK6J,306.0,2.0,2024.0,2a,p,792.0,Mirzapur,UAicdMLyuk4,indicator_2,152,2
2023-09-01,Lalganj Mirzapur,udEnBPS78Sf,GJKYhq2wR9L,347.0,2.0,2024.0,7a,p,792.0,Mirzapur,UAicdMLyuk4,indicator_7,152,7
2023-09-01,Lalganj Mirzapur,udEnBPS78Sf,NI0EC5no6PO,303.0,2.0,2024.0,10a,p,792.0,Mirzapur,UAicdMLyuk4,indicator_10,152,10
2023-09-01,Pahadi,y74T9TfUPuz,aRueVYr35yM.Ti9FJqkSK6J,278.0,2.0,2024.0,36b,p,791.0,Mirzapur,UAicdMLyuk4,indicator_36,369,36
2023-09-01,Pahadi,y74T9TfUPuz,ixBYYYjxXPP,0.0,2.0,2024.0,36a,p,791.0,Mirzapur,UAicdMLyuk4,indicator_36,369,36
2023-09-01,Pahadi,y74T9TfUPuz,ui45G8KwpzU.Ti9FJqkSK6J,316.0,2.0,2024.0,2a,p,791.0,Mirzapur,UAicdMLyuk4,indicator_2,369,2
2023-09-01,Pahadi,y74T9TfUPuz,GJKYhq2wR9L,288.0,2.0,2024.0,7a,p,791.0,Mirzapur,UAicdMLyuk4,indicator_7,369,7
2023-09-01,Pahadi,y74T9TfUPuz,NI0EC5no6PO,316.0,2.0,2024.0,10a,p,791.0,Mirzapur,UAicdMLyuk4,indicator_10,369,10
2023-09-01,Kone,zBM33fSxbqN,aRueVYr35yM.Ti9FJqkSK6J,198.0,2.0,2024.0,36b,p,788.0,Mirzapur,UAicdMLyuk4,indicator_36,168,36
2023-09-01,Kone,zBM33fSxbqN,ui45G8KwpzU.Ti9FJqkSK6J,281.0,2.0,2024.0,2a,p,788.0,Mirzapur,UAicdMLyuk4,indicator_2,168,2
2023-09-01,Kone,zBM33fSxbqN,GJKYhq2wR9L,236.0,2.0,2024.0,7a,p,788.0,Mirzapur,UAicdMLyuk4,indicator_7,168,7
2023-09-01,Kone,zBM33fSxbqN,NI0EC5no6PO,292.0,2.0,2024.0,10a,p,788.0,Mirzapur,UAicdMLyuk4,indicator_10,168,10
2023-09-01,Nawabganj,BWxu1bDp2ht,aRueVYr35yM.Ti9FJqkSK6J,277.0,2.0,2024.0,36b,p,199.0,Bareilly,vVqY3DPcpHf,indicator_36,776,36
2023-09-01,Nawabganj,BWxu1bDp2ht,ixBYYYjxXPP,277.0,2.0,2024.0,36a,p,199.0,Bareilly,vVqY3DPcpHf,indicator_36,776,36
2023-09-01,Nawabganj,BWxu1bDp2ht,ui45G8KwpzU.Ti9FJqkSK6J,895.0,2.0,2024.0,2a,p,199.0,Bareilly,vVqY3DPcpHf,indicator_2,776,2
2023-09-01,Nawabganj,BWxu1bDp2ht,GJKYhq2wR9L,753.0,2.0,2024.0,7a,p,199.0,Bareilly,vVqY3DPcpHf,indicator_7,776,7
2023-09-01,Nawabganj,BWxu1bDp2ht,NI0EC5no6PO,696.0,2.0,2024.0,10a,p,199.0,Bareilly,vVqY3DPcpHf,indicator_10,776,10
2023-09-01,Shargarh,FjccMEGL0Hr,aRueVYr35yM.Ti9FJqkSK6J,294.0,2.0,2024.0,36b,p,189.0,Bareilly,vVqY3DPcpHf,indicator_36,148,36
2023-09-01,Shargarh,FjccMEGL0Hr,ixBYYYjxXPP,113.0,2.0,2024.0,36a,p,189.0,Bareilly,vVqY3DPcpHf,indicator_36,148,36
2023-09-01,Shargarh,FjccMEGL0Hr,ui45G8KwpzU.Ti9FJqkSK6J,818.0,2.0,2024.0,2a,p,189.0,Bareilly,vVqY3DPcpHf,indicator_2,148,2
2023-09-01,Shargarh,FjccMEGL0Hr,GJKYhq2wR9L,837.0,2.0,2024.0,7a,p,189.0,Bareilly,vVqY3DPcpHf,indicator_7,148,7
2023-09-01,Shargarh,FjccMEGL0Hr,NI0EC5no6PO,666.0,2.0,2024.0,10a,p,189.0,Bareilly,vVqY3DPcpHf,indicator_10,148,10
2023-09-01,Dalelnagar,G7D5lGOMxxz,aRueVYr35yM.Ti9FJqkSK6J,183.0,2.0,2024.0,36b,p,200.0,Bareilly,vVqY3DPcpHf,indicator_36,245,36
2023-09-01,Dalelnagar,G7D5lGOMxxz,ixBYYYjxXPP,46.0,2.0,2024.0,36a,p,200.0,Bareilly,vVqY3DPcpHf,indicator_36,245,36
2023-09-01,Dalelnagar,G7D5lGOMxxz,ui45G8KwpzU.Ti9FJqkSK6J,492.0,2.0,2024.0,2a,p,200.0,Bareilly,vVqY3DPcpHf,indicator_2,245,2
2023-09-01,Dalelnagar,G7D5lGOMxxz,GJKYhq2wR9L,362.0,2.0,2024.0,7a,p,200.0,Bareilly,vVqY3DPcpHf,indicator_7,245,7
2023-09-01,Dalelnagar,G7D5lGOMxxz,NI0EC5no6PO,590.0,2.0,2024.0,10a,p,200.0,Bareilly,vVqY3DPcpHf,indicator_10,245,10
2023-09-01,Bhamora,HZQTgHfOykd,aRueVYr35yM.Ti9FJqkSK6J,304.0,2.0,2024.0,36b,p,198.0,Bareilly,vVqY3DPcpHf,indicator_36,639,36
2023-09-01,Bhamora,HZQTgHfOykd,ixBYYYjxXPP,0.0,2.0,2024.0,36a,p,198.0,Bareilly,vVqY3DPcpHf,indicator_36,639,36
2023-09-01,Bhamora,HZQTgHfOykd,ui45G8KwpzU.Ti9FJqkSK6J,452.0,2.0,2024.0,2a,p,198.0,Bareilly,vVqY3DPcpHf,indicator_2,639,2
2023-09-01,Bhamora,HZQTgHfOykd,GJKYhq2wR9L,704.0,2.0,2024.0,7a,p,198.0,Bareilly,vVqY3DPcpHf,indicator_7,639,7
2023-09-01,Bhamora,HZQTgHfOykd,NI0EC5no6PO,409.0,2.0,2024.0,10a,p,198.0,Bareilly,vVqY3DPcpHf,indicator_10,639,10
2023-09-01,Faridpur,Hi4F69xrBS5,aRueVYr35yM.Ti9FJqkSK6J,324.0,2.0,2024.0,36b,p,202.0,Bareilly,vVqY3DPcpHf,indicator_36,565,36
2023-09-01,Faridpur,Hi4F69xrBS5,ixBYYYjxXPP,0.0,2.0,2024.0,36a,p,202.0,Bareilly,vVqY3DPcpHf,indicator_36,565,36
2023-09-01,Faridpur,Hi4F69xrBS5,ui45G8KwpzU.Ti9FJqkSK6J,439.0,2.0,2024.0,2a,p,202.0,Bareilly,vVqY3DPcpHf,indicator_2,565,2
2023-09-01,Faridpur,Hi4F69xrBS5,GJKYhq2wR9L,500.0,2.0,2024.0,7a,p,202.0,Bareilly,vVqY3DPcpHf,indicator_7,565,7
2023-09-01,Faridpur,Hi4F69xrBS5,NI0EC5no6PO,966.0,2.0,2024.0,10a,p,202.0,Bareilly,vVqY3DPcpHf,indicator_10,565,10
2023-09-01,Fatehganj(West),KRQvi7JBiuf,aRueVYr35yM.Ti9FJqkSK6J,317.0,2.0,2024.0,36b,p,195.0,Bareilly,vVqY3DPcpHf,indicator_36,468,36
2023-09-01,Fatehganj(West),KRQvi7JBiuf,ixBYYYjxXPP,222.0,2.0,2024.0,36a,p,195.0,Bareilly,vVqY3DPcpHf,indicator_36,468,36
2023-09-01,Fatehganj(West),KRQvi7JBiuf,ui45G8KwpzU.Ti9FJqkSK6J,349.0,2.0,2024.0,2a,p,195.0,Bareilly,vVqY3DPcpHf,indicator_2,468,2
2023-09-01,Fatehganj(West),KRQvi7JBiuf,GJKYhq2wR9L,464.0,2.0,2024.0,7a,p,195.0,Bareilly,vVqY3DPcpHf,indicator_7,468,7
2023-09-01,Fatehganj(West),KRQvi7JBiuf,NI0EC5no6PO,298.0,2.0,2024.0,10a,p,195.0,Bareilly,vVqY3DPcpHf,indicator_10,468,10
2023-09-01,Majhganwa,XmU9noLyhIA,aRueVYr35yM.Ti9FJqkSK6J,248.0,2.0,2024.0,36b,p,197.0,Bareilly,vVqY3DPcpHf,indicator_36,187,36
2023-09-01,Majhganwa,XmU9noLyhIA,ixBYYYjxXPP,209.0,2.0,2024.0,36a,p,197.0,Bareilly,vVqY3DPcpHf,indicator_36,187,36
2023-09-01,Majhganwa,XmU9noLyhIA,ui45G8KwpzU.Ti9FJqkSK6J,362.0,2.0,2024.0,2a,p,197.0,Bareilly,vVqY3DPcpHf,indicator_2,187,2
2023-09-01,Majhganwa,XmU9noLyhIA,GJKYhq2wR9L,607.0,2.0,2024.0,7a,p,197.0,Bareilly,vVqY3DPcpHf,indicator_7,187,7
2023-09-01,Majhganwa,XmU9noLyhIA,NI0EC5no6PO,340.0,2.0,2024.0,10a,p,197.0,Bareilly,vVqY3DPcpHf,indicator_10,187,10
2023-09-01,Behedi,fO0hzktt79F,aRueVYr35yM.Ti9FJqkSK6J,223.0,2.0,2024.0,36b,p,188.0,Bareilly,vVqY3DPcpHf,indicator_36,140,36
2023-09-01,Behedi,fO0hzktt79F,ixBYYYjxXPP,0.0,2.0,2024.0,36a,p,188.0,Bareilly,vVqY3DPcpHf,indicator_36,140,36
2023-09-01,Behedi,fO0hzktt79F,ui45G8KwpzU.Ti9FJqkSK6J,936.0,2.0,2024.0,2a,p,188.0,Bareilly,vVqY3DPcpHf,indicator_2,140,2
2023-09-01,Behedi,fO0hzktt79F,GJKYhq2wR9L,808.0,2.0,2024.0,7a,p,188.0,Bareilly,vVqY3DPcpHf,indicator_7,140,7
2023-09-01,Behedi,fO0hzktt79F,NI0EC5no6PO,881.0,2.0,2024.0,10a,p,188.0,Bareilly,vVqY3DPcpHf,indicator_10,140,10
2023-09-01,Bareily DHQ,fRl1gRWCXvz,aRueVYr35yM.Ti9FJqkSK6J,2992.0,2.0,2024.0,36b,p,,Bareilly,vVqY3DPcpHf,indicator_36,428,36
2023-09-01,Bareily DHQ,fRl1gRWCXvz,ixBYYYjxXPP,395.0,2.0,2024.0,36a,p,,Bareilly,vVqY3DPcpHf,indicator_36,428,36
2023-09-01,Bareily DHQ,fRl1gRWCXvz,aRueVYr35yM.Ti9FJqkSK6J,559.0,2.0,2024.0,36b,p,,Bareilly,vVqY3DPcpHf,indicator_36,428,36
2023-09-01,Bareily DHQ,fRl1gRWCXvz,ui45G8KwpzU.Ti9FJqkSK6J,2209.0,2.0,2024.0,2a,p,,Bareilly,vVqY3DPcpHf,indicator_2,428,2
2023-09-01,Bareily DHQ,fRl1gRWCXvz,GJKYhq2wR9L,3822.0,2.0,2024.0,7a,p,,Bareilly,vVqY3DPcpHf,indicator_7,428,7
2023-09-01,Bareily DHQ,fRl1gRWCXvz,NI0EC5no6PO,2056.0,2.0,2024.0,10a,p,,Bareilly,vVqY3DPcpHf,indicator_10,428,10
2023-09-01,Kuadanda,fpNl2OeBSp3,aRueVYr35yM.Ti9FJqkSK6J,216.0,2.0,2024.0,36b,p,201.0,Bareilly,vVqY3DPcpHf,indicator_36,213,36
2023-09-01,Kuadanda,fpNl2OeBSp3,ixBYYYjxXPP,0.0,2.0,2024.0,36a,p,201.0,Bareilly,vVqY3DPcpHf,indicator_36,213,36
2023-09-01,Kuadanda,fpNl2OeBSp3,ui45G8KwpzU.Ti9FJqkSK6J,431.0,2.0,2024.0,2a,p,201.0,Bareilly,vVqY3DPcpHf,indicator_2,213,2
2023-09-01,Kuadanda,fpNl2OeBSp3,GJKYhq2wR9L,891.0,2.0,2024.0,7a,p,201.0,Bareilly,vVqY3DPcpHf,indicator_7,213,7
2023-09-01,Kuadanda,fpNl2OeBSp3,NI0EC5no6PO,1032.0,2.0,2024.0,10a,p,201.0,Bareilly,vVqY3DPcpHf,indicator_10,213,10
2023-09-01,Mirganj,gfXniA8E2yB,aRueVYr35yM.Ti9FJqkSK6J,299.0,2.0,2024.0,36b,p,194.0,Bareilly,vVqY3DPcpHf,indicator_36,284,36
2023-09-01,Mirganj,gfXniA8E2yB,ixBYYYjxXPP,281.0,2.0,2024.0,36a,p,194.0,Bareilly,vVqY3DPcpHf,indicator_36,284,36
2023-09-01,Mirganj,gfXniA8E2yB,ui45G8KwpzU.Ti9FJqkSK6J,463.0,2.0,2024.0,2a,p,194.0,Bareilly,vVqY3DPcpHf,indicator_2,284,2
2023-09-01,Mirganj,gfXniA8E2yB,GJKYhq2wR9L,480.0,2.0,2024.0,7a,p,194.0,Bareilly,vVqY3DPcpHf,indicator_7,284,7
2023-09-01,Mirganj,gfXniA8E2yB,NI0EC5no6PO,829.0,2.0,2024.0,10a,p,194.0,Bareilly,vVqY3DPcpHf,indicator_10,284,10
2023-09-01,Bhojipura,m5Tn9LTc2Dy,aRueVYr35yM.Ti9FJqkSK6J,244.0,2.0,2024.0,36b,p,191.0,Bareilly,vVqY3DPcpHf,indicator_36,184,36
2023-09-01,Bhojipura,m5Tn9LTc2Dy,ixBYYYjxXPP,0.0,2.0,2024.0,36a,p,191.0,Bareilly,vVqY3DPcpHf,indicator_36,184,36
2023-09-01,Bhojipura,m5Tn9LTc2Dy,ui45G8KwpzU.Ti9FJqkSK6J,481.0,2.0,2024.0,2a,p,191.0,Bareilly,vVqY3DPcpHf,indicator_2,184,2
2023-09-01,Bhojipura,m5Tn9LTc2Dy,GJKYhq2wR9L,608.0,2.0,2024.0,7a,p,191.0,Bareilly,vVqY3DPcpHf,indicator_7,184,7
2023-09-01,Bhojipura,m5Tn9LTc2Dy,NI0EC5no6PO,869.0,2.0,2024.0,10a,p,191.0,Bareilly,vVqY3DPcpHf,indicator_10,184,10
2023-09-01,Mudia Nawi Bux,pzDsoCMcPwD,aRueVYr35yM.Ti9FJqkSK6J,293.0,2.0,2024.0,36b,p,190.0,Bareilly,vVqY3DPcpHf,indicator_36,539,36
2023-09-01,Mudia Nawi Bux,pzDsoCMcPwD,ixBYYYjxXPP,0.0,2.0,2024.0,36a,p,190.0,Bareilly,vVqY3DPcpHf,indicator_36,539,36
2023-09-01,Mudia Nawi Bux,pzDsoCMcPwD,ui45G8KwpzU.Ti9FJqkSK6J,281.0,2.0,2024.0,2a,p,190.0,Bareilly,vVqY3DPcpHf,indicator_2,539,2
2023-09-01,Mudia Nawi Bux,pzDsoCMcPwD,GJKYhq2wR9L,740.0,2.0,2024.0,7a,p,190.0,Bareilly,vVqY3DPcpHf,indicator_7,539,7
2023-09-01,Mudia Nawi Bux,pzDsoCMcPwD,NI0EC5no6PO,612.0,2.0,2024.0,10a,p,190.0,Bareilly,vVqY3DPcpHf,indicator_10,539,10
2023-09-01,Ramnagar,svsS1G8o1pm,aRueVYr35yM.Ti9FJqkSK6J,400.0,2.0,2024.0,36b,p,196.0,Bareilly,vVqY3DPcpHf,indicator_36,449,36
2023-09-01,Ramnagar,svsS1G8o1pm,ixBYYYjxXPP,0.0,2.0,2024.0,36a,p,196.0,Bareilly,vVqY3DPcpHf,indicator_36,449,36
2023-09-01,Ramnagar,svsS1G8o1pm,ui45G8KwpzU.Ti9FJqkSK6J,588.0,2.0,2024.0,2a,p,196.0,Bareilly,vVqY3DPcpHf,indicator_2,449,2
2023-09-01,Ramnagar,svsS1G8o1pm,GJKYhq2wR9L,548.0,2.0,2024.0,7a,p,196.0,Bareilly,vVqY3DPcpHf,indicator_7,449,7
2023-09-01,Ramnagar,svsS1G8o1pm,NI0EC5no6PO,811.0,2.0,2024.0,10a,p,196.0,Bareilly,vVqY3DPcpHf,indicator_10,449,10
2023-09-01,Kyara,ukz0TmnwKtW,aRueVYr35yM.Ti9FJqkSK6J,145.0,2.0,2024.0,36b,p,193.0,Bareilly,vVqY3DPcpHf,indicator_36,337,36
2023-09-01,Kyara,ukz0TmnwKtW,ixBYYYjxXPP,75.0,2.0,2024.0,36a,p,193.0,Bareilly,vVqY3DPcpHf,indicator_36,337,36
2023-09-01,Kyara,ukz0TmnwKtW,ui45G8KwpzU.Ti9FJqkSK6J,470.0,2.0,2024.0,2a,p,193.0,Bareilly,vVqY3DPcpHf,indicator_2,337,2
2023-09-01,Kyara,ukz0TmnwKtW,GJKYhq2wR9L,526.0,2.0,2024.0,7a,p,193.0,Bareilly,vVqY3DPcpHf,indicator_7,337,7
2023-09-01,Kyara,ukz0TmnwKtW,NI0EC5no6PO,614.0,2.0,2024.0,10a,p,193.0,Bareilly,vVqY3DPcpHf,indicator_10,337,10
2023-09-01,Bithrichainpur,xIm2KLhn48h,aRueVYr35yM.Ti9FJqkSK6J,245.0,2.0,2024.0,36b,p,192.0,Bareilly,vVqY3DPcpHf,indicator_36,67,36
2023-09-01,Bithrichainpur,xIm2KLhn48h,ixBYYYjxXPP,205.0,2.0,2024.0,36a,p,192.0,Bareilly,vVqY3DPcpHf,indicator_36,67,36
2023-09-01,Bithrichainpur,xIm2KLhn48h,ui45G8KwpzU.Ti9FJqkSK6J,418.0,2.0,2024.0,2a,p,192.0,Bareilly,vVqY3DPcpHf,indicator_2,67,2
2023-09-01,Bithrichainpur,xIm2KLhn48h,GJKYhq2wR9L,612.0,2.0,2024.0,7a,p,192.0,Bareilly,vVqY3DPcpHf,indicator_7,67,7
2023-09-01,Bithrichainpur,xIm2KLhn48h,NI0EC5no6PO,602.0,2.0,2024.0,10a,p,192.0,Bareilly,vVqY3DPcpHf,indicator_10,67,10
2023-09-01,Rae Bareli Shivgarh,BYGgaeM7fof,aRueVYr35yM.Ti9FJqkSK6J,169.0,2.0,2024.0,36b,p,303.0,Rae Bareli,lLvTDpBDY8u,indicator_36,296,36
2023-09-01,Rae Bareli Shivgarh,BYGgaeM7fof,ixBYYYjxXPP,150.0,2.0,2024.0,36a,p,303.0,Rae Bareli,lLvTDpBDY8u,indicator_36,296,36
2023-09-01,Rae Bareli Shivgarh,BYGgaeM7fof,ui45G8KwpzU.Ti9FJqkSK6J,201.0,2.0,2024.0,2a,p,303.0,Rae Bareli,lLvTDpBDY8u,indicator_2,296,2
2023-09-01,Rae Bareli Shivgarh,BYGgaeM7fof,GJKYhq2wR9L,328.0,2.0,2024.0,7a,p,303.0,Rae Bareli,lLvTDpBDY8u,indicator_7,296,7
2023-09-01,Rae Bareli Shivgarh,BYGgaeM7fof,NI0EC5no6PO,201.0,2.0,2024.0,10a,p,303.0,Rae Bareli,lLvTDpBDY8u,indicator_10,296,10
2023-09-01,Rae Bareli Setawan,E6hdzl0I5tt,aRueVYr35yM.Ti9FJqkSK6J,170.0,2.0,2024.0,36b,p,310.0,Rae Bareli,lLvTDpBDY8u,indicator_36,72,36
2023-09-01,Rae Bareli Setawan,E6hdzl0I5tt,ixBYYYjxXPP,150.0,2.0,2024.0,36a,p,310.0,Rae Bareli,lLvTDpBDY8u,indicator_36,72,36
2023-09-01,Rae Bareli Setawan,E6hdzl0I5tt,ui45G8KwpzU.Ti9FJqkSK6J,205.0,2.0,2024.0,2a,p,310.0,Rae Bareli,lLvTDpBDY8u,indicator_2,72,2
2023-09-01,Rae Bareli Setawan,E6hdzl0I5tt,GJKYhq2wR9L,332.0,2.0,2024.0,7a,p,310.0,Rae Bareli,lLvTDpBDY8u,indicator_7,72,7
2023-09-01,Rae Bareli Setawan,E6hdzl0I5tt,NI0EC5no6PO,342.0,2.0,2024.0,10a,p,310.0,Rae Bareli,lLvTDpBDY8u,indicator_10,72,10
2023-09-01,Rae Bareli Salon,Gr3MErPlauk,aRueVYr35yM.Ti9FJqkSK6J,373.0,2.0,2024.0,36b,p,322.0,Rae Bareli,lLvTDpBDY8u,indicator_36,115,36
2023-09-01,Rae Bareli Salon,Gr3MErPlauk,ixBYYYjxXPP,381.0,2.0,2024.0,36a,p,322.0,Rae Bareli,lLvTDpBDY8u,indicator_36,115,36
2023-09-01,Rae Bareli Salon,Gr3MErPlauk,ui45G8KwpzU.Ti9FJqkSK6J,524.0,2.0,2024.0,2a,p,322.0,Rae Bareli,lLvTDpBDY8u,indicator_2,115,2
2023-09-01,Rae Bareli Salon,Gr3MErPlauk,GJKYhq2wR9L,492.0,2.0,2024.0,7a,p,322.0,Rae Bareli,lLvTDpBDY8u,indicator_7,115,7
2023-09-01,Rae Bareli Salon,Gr3MErPlauk,NI0EC5no6PO,428.0,2.0,2024.0,10a,p,322.0,Rae Bareli,lLvTDpBDY8u,indicator_10,115,10
2023-09-01,Rae Bareli Sarani,H1W08wOkXWC,aRueVYr35yM.Ti9FJqkSK6J,132.0,2.0,2024.0,36b,p,313.0,Rae Bareli,lLvTDpBDY8u,indicator_36,609,36
2023-09-01,Rae Bareli Sarani,H1W08wOkXWC,ixBYYYjxXPP,0.0,2.0,2024.0,36a,p,313.0,Rae Bareli,lLvTDpBDY8u,indicator_36,609,36
2023-09-01,Rae Bareli Sarani,H1W08wOkXWC,ui45G8KwpzU.Ti9FJqkSK6J,318.0,2.0,2024.0,2a,p,313.0,Rae Bareli,lLvTDpBDY8u,indicator_2,609,2
2023-09-01,Rae Bareli Sarani,H1W08wOkXWC,GJKYhq2wR9L,355.0,2.0,2024.0,7a,p,313.0,Rae Bareli,lLvTDpBDY8u,indicator_7,609,7
2023-09-01,Rae Bareli Sarani,H1W08wOkXWC,NI0EC5no6PO,321.0,2.0,2024.0,10a,p,313.0,Rae Bareli,lLvTDpBDY8u,indicator_10,609,10
2023-09-01,Rae Bareli Dalamau,KtYM7svxHgY,aRueVYr35yM.Ti9FJqkSK6J,230.0,2.0,2024.0,36b,p,315.0,Rae Bareli,lLvTDpBDY8u,indicator_36,259,36
2023-09-01,Rae Bareli Dalamau,KtYM7svxHgY,ixBYYYjxXPP,206.0,2.0,2024.0,36a,p,315.0,Rae Bareli,lLvTDpBDY8u,indicator_36,259,36
2023-09-01,Rae Bareli Dalamau,KtYM7svxHgY,ui45G8KwpzU.Ti9FJqkSK6J,474.0,2.0,2024.0,2a,p,315.0,Rae Bareli,lLvTDpBDY8u,indicator_2,259,2
2023-09-01,Rae Bareli Dalamau,KtYM7svxHgY,GJKYhq2wR9L,424.0,2.0,2024.0,7a,p,315.0,Rae Bareli,lLvTDpBDY8u,indicator_7,259,7
2023-09-01,Rae Bareli Dalamau,KtYM7svxHgY,NI0EC5no6PO,474.0,2.0,2024.0,10a,p,315.0,Rae Bareli,lLvTDpBDY8u,indicator_10,259,10
2023-09-01,Rae Bareli Maharajganj,NbdKCUBY7yL,aRueVYr35yM.Ti9FJqkSK6J,274.0,2.0,2024.0,36b,p,304.0,Rae Bareli,lLvTDpBDY8u,indicator_36,363,36
2023-09-01,Rae Bareli Maharajganj,NbdKCUBY7yL,ixBYYYjxXPP,282.0,2.0,2024.0,36a,p,304.0,Rae Bareli,lLvTDpBDY8u,indicator_36,363,36
2023-09-01,Rae Bareli Maharajganj,NbdKCUBY7yL,ui45G8KwpzU.Ti9FJqkSK6J,456.0,2.0,2024.0,2a,p,304.0,Rae Bareli,lLvTDpBDY8u,indicator_2,363,2
2023-09-01,Rae Bareli Maharajganj,NbdKCUBY7yL,GJKYhq2wR9L,376.0,2.0,2024.0,7a,p,304.0,Rae Bareli,lLvTDpBDY8u,indicator_7,363,7
2023-09-01,Rae Bareli Maharajganj,NbdKCUBY7yL,NI0EC5no6PO,601.0,2.0,2024.0,10a,p,304.0,Rae Bareli,lLvTDpBDY8u,indicator_10,363,10
2023-09-01,Rae Bareli Khiaro,Q889SJwv9Ok,aRueVYr35yM.Ti9FJqkSK6J,160.0,2.0,2024.0,36b,p,312.0,Rae Bareli,lLvTDpBDY8u,indicator_36,144,36
2023-09-01,Rae Bareli Khiaro,Q889SJwv9Ok,ixBYYYjxXPP,384.0,2.0,2024.0,36a,p,312.0,Rae Bareli,lLvTDpBDY8u,indicator_36,144,36
2023-09-01,Rae Bareli Khiaro,Q889SJwv9Ok,ui45G8KwpzU.Ti9FJqkSK6J,577.0,2.0,2024.0,2a,p,312.0,Rae Bareli,lLvTDpBDY8u,indicator_2,144,2
2023-09-01,Rae Bareli Khiaro,Q889SJwv9Ok,GJKYhq2wR9L,304.0,2.0,2024.0,7a,p,312.0,Rae Bareli,lLvTDpBDY8u,indicator_7,144,7
2023-09-01,Rae Bareli Khiaro,Q889SJwv9Ok,NI0EC5no6PO,370.0,2.0,2024.0,10a,p,312.0,Rae Bareli,lLvTDpBDY8u,indicator_10,144,10
2023-09-01,Rae Bareli Deenshah Gaura,Sk3orHKxNQG,aRueVYr35yM.Ti9FJqkSK6J,102.0,2.0,2024.0,36b,p,316.0,Rae Bareli,lLvTDpBDY8u,indicator_36,913,36
2023-09-01,Rae Bareli Deenshah Gaura,Sk3orHKxNQG,ixBYYYjxXPP,33.0,2.0,2024.0,36a,p,316.0,Rae Bareli,lLvTDpBDY8u,indicator_36,913,36
2023-09-01,Rae Bareli Deenshah Gaura,Sk3orHKxNQG,ui45G8KwpzU.Ti9FJqkSK6J,260.0,2.0,2024.0,2a,p,316.0,Rae Bareli,lLvTDpBDY8u,indicator_2,913,2
2023-09-01,Rae Bareli Deenshah Gaura,Sk3orHKxNQG,GJKYhq2wR9L,238.0,2.0,2024.0,7a,p,316.0,Rae Bareli,lLvTDpBDY8u,indicator_7,913,7
2023-09-01,Rae Bareli Deenshah Gaura,Sk3orHKxNQG,NI0EC5no6PO,228.0,2.0,2024.0,10a,p,316.0,Rae Bareli,lLvTDpBDY8u,indicator_10,913,10
2023-09-01,Rae Bareli Bachrawa,Y3jGyfeDYe1,aRueVYr35yM.Ti9FJqkSK6J,316.0,2.0,2024.0,36b,p,302.0,Rae Bareli,lLvTDpBDY8u,indicator_36,554,36
2023-09-01,Rae Bareli Bachrawa,Y3jGyfeDYe1,ixBYYYjxXPP,281.0,2.0,2024.0,36a,p,302.0,Rae Bareli,lLvTDpBDY8u,indicator_36,554,36
2023-09-01,Rae Bareli Bachrawa,Y3jGyfeDYe1,ui45G8KwpzU.Ti9FJqkSK6J,569.0,2.0,2024.0,2a,p,302.0,Rae Bareli,lLvTDpBDY8u,indicator_2,554,2
2023-09-01,Rae Bareli Bachrawa,Y3jGyfeDYe1,GJKYhq2wR9L,374.0,2.0,2024.0,7a,p,302.0,Rae Bareli,lLvTDpBDY8u,indicator_7,554,7
2023-09-01,Rae Bareli Bachrawa,Y3jGyfeDYe1,NI0EC5no6PO,544.0,2.0,2024.0,10a,p,302.0,Rae Bareli,lLvTDpBDY8u,indicator_10,554,10
2023-09-01,Rae Bareli Rohania,c89kPtwHW5H,aRueVYr35yM.Ti9FJqkSK6J,89.0,2.0,2024.0,36b,p,318.0,Rae Bareli,lLvTDpBDY8u,indicator_36,912,36
2023-09-01,Rae Bareli Rohania,c89kPtwHW5H,ixBYYYjxXPP,87.0,2.0,2024.0,36a,p,318.0,Rae Bareli,lLvTDpBDY8u,indicator_36,912,36
2023-09-01,Rae Bareli Rohania,c89kPtwHW5H,ui45G8KwpzU.Ti9FJqkSK6J,201.0,2.0,2024.0,2a,p,318.0,Rae Bareli,lLvTDpBDY8u,indicator_2,912,2
2023-09-01,Rae Bareli Rohania,c89kPtwHW5H,GJKYhq2wR9L,162.0,2.0,2024.0,7a,p,318.0,Rae Bareli,lLvTDpBDY8u,indicator_7,912,7
2023-09-01,Rae Bareli Rohania,c89kPtwHW5H,NI0EC5no6PO,199.0,2.0,2024.0,10a,p,318.0,Rae Bareli,lLvTDpBDY8u,indicator_10,912,10
2023-09-01,Rae Bareli Herchandrapur,jQRhw2yoQk2,aRueVYr35yM.Ti9FJqkSK6J,156.0,2.0,2024.0,36b,p,308.0,Rae Bareli,lLvTDpBDY8u,indicator_36,9,36
2023-09-01,Rae Bareli Herchandrapur,jQRhw2yoQk2,ixBYYYjxXPP,148.0,2.0,2024.0,36a,p,308.0,Rae Bareli,lLvTDpBDY8u,indicator_36,9,36
2023-09-01,Rae Bareli Herchandrapur,jQRhw2yoQk2,ui45G8KwpzU.Ti9FJqkSK6J,382.0,2.0,2024.0,2a,p,308.0,Rae Bareli,lLvTDpBDY8u,indicator_2,9,2
2023-09-01,Rae Bareli Herchandrapur,jQRhw2yoQk2,GJKYhq2wR9L,299.0,2.0,2024.0,7a,p,308.0,Rae Bareli,lLvTDpBDY8u,indicator_7,9,7
2023-09-01,Rae Bareli Herchandrapur,jQRhw2yoQk2,NI0EC5no6PO,217.0,2.0,2024.0,10a,p,308.0,Rae Bareli,lLvTDpBDY8u,indicator_10,9,10
2023-09-01,Rae Bareli Deeh,lruABl36XZQ,aRueVYr35yM.Ti9FJqkSK6J,209.0,2.0,2024.0,36b,p,320.0,Rae Bareli,lLvTDpBDY8u,indicator_36,169,36
2023-09-01,Rae Bareli Deeh,lruABl36XZQ,ixBYYYjxXPP,209.0,2.0,2024.0,36a,p,320.0,Rae Bareli,lLvTDpBDY8u,indicator_36,169,36
2023-09-01,Rae Bareli Deeh,lruABl36XZQ,ui45G8KwpzU.Ti9FJqkSK6J,446.0,2.0,2024.0,2a,p,320.0,Rae Bareli,lLvTDpBDY8u,indicator_2,169,2
2023-09-01,Rae Bareli Deeh,lruABl36XZQ,GJKYhq2wR9L,358.0,2.0,2024.0,7a,p,320.0,Rae Bareli,lLvTDpBDY8u,indicator_7,169,7
2023-09-01,Rae Bareli Deeh,lruABl36XZQ,NI0EC5no6PO,249.0,2.0,2024.0,10a,p,320.0,Rae Bareli,lLvTDpBDY8u,indicator_10,169,10
2023-09-01,Rae Bareli Chtoh,mbfOsRukNYs,aRueVYr35yM.Ti9FJqkSK6J,219.0,2.0,2024.0,36b,p,321.0,Rae Bareli,lLvTDpBDY8u,indicator_36,181,36
2023-09-01,Rae Bareli Chtoh,mbfOsRukNYs,ixBYYYjxXPP,208.0,2.0,2024.0,36a,p,321.0,Rae Bareli,lLvTDpBDY8u,indicator_36,181,36
2023-09-01,Rae Bareli Chtoh,mbfOsRukNYs,ui45G8KwpzU.Ti9FJqkSK6J,360.0,2.0,2024.0,2a,p,321.0,Rae Bareli,lLvTDpBDY8u,indicator_2,181,2
2023-09-01,Rae Bareli Chtoh,mbfOsRukNYs,GJKYhq2wR9L,269.0,2.0,2024.0,7a,p,321.0,Rae Bareli,lLvTDpBDY8u,indicator_7,181,7
2023-09-01,Rae Bareli Chtoh,mbfOsRukNYs,NI0EC5no6PO,444.0,2.0,2024.0,10a,p,321.0,Rae Bareli,lLvTDpBDY8u,indicator_10,181,10
2023-09-01,Rae Bareli Amawa,pvZgEadkY59,aRueVYr35yM.Ti9FJqkSK6J,109.0,2.0,2024.0,36b,p,309.0,Rae Bareli,lLvTDpBDY8u,indicator_36,807,36
2023-09-01,Rae Bareli Amawa,pvZgEadkY59,ixBYYYjxXPP,109.0,2.0,2024.0,36a,p,309.0,Rae Bareli,lLvTDpBDY8u,indicator_36,807,36
2023-09-01,Rae Bareli Amawa,pvZgEadkY59,ui45G8KwpzU.Ti9FJqkSK6J,377.0,2.0,2024.0,2a,p,309.0,Rae Bareli,lLvTDpBDY8u,indicator_2,807,2
2023-09-01,Rae Bareli Amawa,pvZgEadkY59,GJKYhq2wR9L,372.0,2.0,2024.0,7a,p,309.0,Rae Bareli,lLvTDpBDY8u,indicator_7,807,7
2023-09-01,Rae Bareli Amawa,pvZgEadkY59,NI0EC5no6PO,434.0,2.0,2024.0,10a,p,309.0,Rae Bareli,lLvTDpBDY8u,indicator_10,807,10
2023-09-01,Rae Bareli DHQ,qXzAAhlpnux,aRueVYr35yM.Ti9FJqkSK6J,1511.0,2.0,2024.0,36b,p,,Rae Bareli,lLvTDpBDY8u,indicator_36,738,36
2023-09-01,Rae Bareli DHQ,qXzAAhlpnux,ixBYYYjxXPP,0.0,2.0,2024.0,36a,p,,Rae Bareli,lLvTDpBDY8u,indicator_36,738,36
2023-09-01,Rae Bareli DHQ,qXzAAhlpnux,aRueVYr35yM.Ti9FJqkSK6J,901.0,2.0,2024.0,36b,p,,Rae Bareli,lLvTDpBDY8u,indicator_36,738,36
2023-09-01,Rae Bareli DHQ,qXzAAhlpnux,ui45G8KwpzU.Ti9FJqkSK6J,113.0,2.0,2024.0,2a,p,,Rae Bareli,lLvTDpBDY8u,indicator_2,738,2
2023-09-01,Rae Bareli DHQ,qXzAAhlpnux,GJKYhq2wR9L,459.0,2.0,2024.0,7a,p,,Rae Bareli,lLvTDpBDY8u,indicator_7,738,7
2023-09-01,Rae Bareli DHQ,qXzAAhlpnux,NI0EC5no6PO,120.0,2.0,2024.0,10a,p,,Rae Bareli,lLvTDpBDY8u,indicator_10,738,10
2023-09-01,Rae Bareli Lalganj,sd2I8M3xhLQ,aRueVYr35yM.Ti9FJqkSK6J,293.0,2.0,2024.0,36b,p,314.0,Rae Bareli,lLvTDpBDY8u,indicator_36,634,36
2023-09-01,Rae Bareli Lalganj,sd2I8M3xhLQ,ixBYYYjxXPP,250.0,2.0,2024.0,36a,p,314.0,Rae Bareli,lLvTDpBDY8u,indicator_36,634,36
2023-09-01,Rae Bareli Lalganj,sd2I8M3xhLQ,ui45G8KwpzU.Ti9FJqkSK6J,204.0,2.0,2024.0,2a,p,314.0,Rae Bareli,lLvTDpBDY8u,indicator_2,634,2
2023-09-01,Rae Bareli Lalganj,sd2I8M3xhLQ,GJKYhq2wR9L,330.0,2.0,2024.0,7a,p,314.0,Rae Bareli,lLvTDpBDY8u,indicator_7,634,7
2023-09-01,Rae Bareli Lalganj,sd2I8M3xhLQ,NI0EC5no6PO,691.0,2.0,2024.0,10a,p,314.0,Rae Bareli,lLvTDpBDY8u,indicator_10,634,10
2023-09-01,Rae Bareli Rahi,smTNQ0RRpOL,aRueVYr35yM.Ti9FJqkSK6J,400.0,2.0,2024.0,36b,p,311.0,Rae Bareli,lLvTDpBDY8u,indicator_36,216,36
2023-09-01,Rae Bareli Rahi,smTNQ0RRpOL,ixBYYYjxXPP,344.0,2.0,2024.0,36a,p,311.0,Rae Bareli,lLvTDpBDY8u,indicator_36,216,36
2023-09-01,Rae Bareli Rahi,smTNQ0RRpOL,ui45G8KwpzU.Ti9FJqkSK6J,510.0,2.0,2024.0,2a,p,311.0,Rae Bareli,lLvTDpBDY8u,indicator_2,216,2
2023-09-01,Rae Bareli Rahi,smTNQ0RRpOL,GJKYhq2wR9L,498.0,2.0,2024.0,7a,p,311.0,Rae Bareli,lLvTDpBDY8u,indicator_7,216,7
2023-09-01,Rae Bareli Rahi,smTNQ0RRpOL,NI0EC5no6PO,506.0,2.0,2024.0,10a,p,311.0,Rae Bareli,lLvTDpBDY8u,indicator_10,216,10
2023-09-01,Rae Bareli Uchahar,tv4Qque6scf,aRueVYr35yM.Ti9FJqkSK6J,224.0,2.0,2024.0,36b,p,319.0,Rae Bareli,lLvTDpBDY8u,indicator_36,50,36
2023-09-01,Rae Bareli Uchahar,tv4Qque6scf,ixBYYYjxXPP,211.0,2.0,2024.0,36a,p,319.0,Rae Bareli,lLvTDpBDY8u,indicator_36,50,36
2023-09-01,Rae Bareli Uchahar,tv4Qque6scf,ui45G8KwpzU.Ti9FJqkSK6J,413.0,2.0,2024.0,2a,p,319.0,Rae Bareli,lLvTDpBDY8u,indicator_2,50,2
2023-09-01,Rae Bareli Uchahar,tv4Qque6scf,GJKYhq2wR9L,281.0,2.0,2024.0,7a,p,319.0,Rae Bareli,lLvTDpBDY8u,indicator_7,50,7
2023-09-01,Rae Bareli Uchahar,tv4Qque6scf,NI0EC5no6PO,413.0,2.0,2024.0,10a,p,319.0,Rae Bareli,lLvTDpBDY8u,indicator_10,50,10
2023-09-01,Rae Bareli Jagatpur,yFYFE5vVAAA,aRueVYr35yM.Ti9FJqkSK6J,165.0,2.0,2024.0,36b,p,317.0,Rae Bareli,lLvTDpBDY8u,indicator_36,221,36
2023-09-01,Rae Bareli Jagatpur,yFYFE5vVAAA,ixBYYYjxXPP,154.0,2.0,2024.0,36a,p,317.0,Rae Bareli,lLvTDpBDY8u,indicator_36,221,36
2023-09-01,Rae Bareli Jagatpur,yFYFE5vVAAA,ui45G8KwpzU.Ti9FJqkSK6J,144.0,2.0,2024.0,2a,p,317.0,Rae Bareli,lLvTDpBDY8u,indicator_2,221,2
2023-09-01,Rae Bareli Jagatpur,yFYFE5vVAAA,GJKYhq2wR9L,246.0,2.0,2024.0,7a,p,317.0,Rae Bareli,lLvTDpBDY8u,indicator_7,221,7
2023-09-01,Rae Bareli Jagatpur,yFYFE5vVAAA,NI0EC5no6PO,255.0,2.0,2024.0,10a,p,317.0,Rae Bareli,lLvTDpBDY8u,indicator_10,221,10
2023-09-01,Kanpur Dehat Sandalpur,Bc5VrfyFJO4,aRueVYr35yM.Ti9FJqkSK6J,134.0,2.0,2024.0,36b,p,361.0,Kanpur Dehat,k3D0AumUCiC,indicator_36,266,36
2023-09-01,Kanpur Dehat Sandalpur,Bc5VrfyFJO4,ixBYYYjxXPP,111.0,2.0,2024.0,36a,p,361.0,Kanpur Dehat,k3D0AumUCiC,indicator_36,266,36
2023-09-01,Kanpur Dehat Sandalpur,Bc5VrfyFJO4,aRueVYr35yM.Ti9FJqkSK6J,120.0,2.0,2024.0,36b,p,361.0,Kanpur Dehat,k3D0AumUCiC,indicator_36,266,36
2023-09-01,Kanpur Dehat Sandalpur,Bc5VrfyFJO4,ui45G8KwpzU.Ti9FJqkSK6J,138.0,2.0,2024.0,2a,p,361.0,Kanpur Dehat,k3D0AumUCiC,indicator_2,266,2
2023-09-01,Kanpur Dehat Sandalpur,Bc5VrfyFJO4,GJKYhq2wR9L,184.0,2.0,2024.0,7a,p,361.0,Kanpur Dehat,k3D0AumUCiC,indicator_7,266,7
2023-09-01,Kanpur Dehat Sandalpur,Bc5VrfyFJO4,NI0EC5no6PO,186.0,2.0,2024.0,10a,p,361.0,Kanpur Dehat,k3D0AumUCiC,indicator_10,266,10
2023-09-01,Kanpur Dehat Derapur,Dt0dgcTvEpm,aRueVYr35yM.Ti9FJqkSK6J,183.0,2.0,2024.0,36b,p,356.0,Kanpur Dehat,k3D0AumUCiC,indicator_36,862,36
2023-09-01,Kanpur Dehat Derapur,Dt0dgcTvEpm,ixBYYYjxXPP,107.0,2.0,2024.0,36a,p,356.0,Kanpur Dehat,k3D0AumUCiC,indicator_36,862,36
2023-09-01,Kanpur Dehat Derapur,Dt0dgcTvEpm,ui45G8KwpzU.Ti9FJqkSK6J,278.0,2.0,2024.0,2a,p,356.0,Kanpur Dehat,k3D0AumUCiC,indicator_2,862,2
2023-09-01,Kanpur Dehat Derapur,Dt0dgcTvEpm,GJKYhq2wR9L,245.0,2.0,2024.0,7a,p,356.0,Kanpur Dehat,k3D0AumUCiC,indicator_7,862,7
2023-09-01,Kanpur Dehat Derapur,Dt0dgcTvEpm,NI0EC5no6PO,177.0,2.0,2024.0,10a,p,356.0,Kanpur Dehat,k3D0AumUCiC,indicator_10,862,10
2023-09-01,Kanpur Dehat Ghinjhak,HddGvNsPs8y,aRueVYr35yM.Ti9FJqkSK6J,183.0,2.0,2024.0,36b,p,355.0,Kanpur Dehat,k3D0AumUCiC,indicator_36,431,36
2023-09-01,Kanpur Dehat Ghinjhak,HddGvNsPs8y,ixBYYYjxXPP,145.0,2.0,2024.0,36a,p,355.0,Kanpur Dehat,k3D0AumUCiC,indicator_36,431,36
2023-09-01,Kanpur Dehat Ghinjhak,HddGvNsPs8y,aRueVYr35yM.Ti9FJqkSK6J,178.0,2.0,2024.0,36b,p,355.0,Kanpur Dehat,k3D0AumUCiC,indicator_36,431,36
2023-09-01,Kanpur Dehat Ghinjhak,HddGvNsPs8y,ui45G8KwpzU.Ti9FJqkSK6J,238.0,2.0,2024.0,2a,p,355.0,Kanpur Dehat,k3D0AumUCiC,indicator_2,431,2
2023-09-01,Kanpur Dehat Ghinjhak,HddGvNsPs8y,GJKYhq2wR9L,289.0,2.0,2024.0,7a,p,355.0,Kanpur Dehat,k3D0AumUCiC,indicator_7,431,7
2023-09-01,Kanpur Dehat Ghinjhak,HddGvNsPs8y,NI0EC5no6PO,215.0,2.0,2024.0,10a,p,355.0,Kanpur Dehat,k3D0AumUCiC,indicator_10,431,10
2023-09-01,Kanpur Dehat Serwenkheda,OnFJhLr5Af4,aRueVYr35yM.Ti9FJqkSK6J,136.0,2.0,2024.0,36b,p,358.0,Kanpur Dehat,k3D0AumUCiC,indicator_36,547,36
2023-09-01,Kanpur Dehat Serwenkheda,OnFJhLr5Af4,ixBYYYjxXPP,155.0,2.0,2024.0,36a,p,358.0,Kanpur Dehat,k3D0AumUCiC,indicator_36,547,36
2023-09-01,Kanpur Dehat Serwenkheda,OnFJhLr5Af4,ui45G8KwpzU.Ti9FJqkSK6J,295.0,2.0,2024.0,2a,p,358.0,Kanpur Dehat,k3D0AumUCiC,indicator_2,547,2
2023-09-01,Kanpur Dehat Serwenkheda,OnFJhLr5Af4,GJKYhq2wR9L,375.0,2.0,2024.0,7a,p,358.0,Kanpur Dehat,k3D0AumUCiC,indicator_7,547,7
2023-09-01,Kanpur Dehat Serwenkheda,OnFJhLr5Af4,NI0EC5no6PO,526.0,2.0,2024.0,10a,p,358.0,Kanpur Dehat,k3D0AumUCiC,indicator_10,547,10
2023-09-01,Kanpur Dehat Melasa,QavHaYYE31I,aRueVYr35yM.Ti9FJqkSK6J,150.0,2.0,2024.0,36b,p,359.0,Kanpur Dehat,k3D0AumUCiC,indicator_36,35,36
2023-09-01,Kanpur Dehat Melasa,QavHaYYE31I,ixBYYYjxXPP,120.0,2.0,2024.0,36a,p,359.0,Kanpur Dehat,k3D0AumUCiC,indicator_36,35,36
2023-09-01,Kanpur Dehat Melasa,QavHaYYE31I,aRueVYr35yM.Ti9FJqkSK6J,140.0,2.0,2024.0,36b,p,359.0,Kanpur Dehat,k3D0AumUCiC,indicator_36,35,36
2023-09-01,Kanpur Dehat Melasa,QavHaYYE31I,ui45G8KwpzU.Ti9FJqkSK6J,466.0,2.0,2024.0,2a,p,359.0,Kanpur Dehat,k3D0AumUCiC,indicator_2,35,2
2023-09-01,Kanpur Dehat Melasa,QavHaYYE31I,GJKYhq2wR9L,311.0,2.0,2024.0,7a,p,359.0,Kanpur Dehat,k3D0AumUCiC,indicator_7,35,7
2023-09-01,Kanpur Dehat Melasa,QavHaYYE31I,NI0EC5no6PO,396.0,2.0,2024.0,10a,p,359.0,Kanpur Dehat,k3D0AumUCiC,indicator_10,35,10
2023-09-01,Kanpur Dehat Rajpur,RCZZTOaqXrm,aRueVYr35yM.Ti9FJqkSK6J,250.0,2.0,2024.0,36b,p,362.0,Kanpur Dehat,k3D0AumUCiC,indicator_36,632,36
2023-09-01,Kanpur Dehat Rajpur,RCZZTOaqXrm,ixBYYYjxXPP,72.0,2.0,2024.0,36a,p,362.0,Kanpur Dehat,k3D0AumUCiC,indicator_36,632,36
2023-09-01,Kanpur Dehat Rajpur,RCZZTOaqXrm,ui45G8KwpzU.Ti9FJqkSK6J,458.0,2.0,2024.0,2a,p,362.0,Kanpur Dehat,k3D0AumUCiC,indicator_2,632,2
2023-09-01,Kanpur Dehat Rajpur,RCZZTOaqXrm,GJKYhq2wR9L,345.0,2.0,2024.0,7a,p,362.0,Kanpur Dehat,k3D0AumUCiC,indicator_7,632,7
2023-09-01,Kanpur Dehat Rajpur,RCZZTOaqXrm,NI0EC5no6PO,450.0,2.0,2024.0,10a,p,362.0,Kanpur Dehat,k3D0AumUCiC,indicator_10,632,10
2023-09-01,Kanpur Dehat Akberpur,XyAwdfjaKov,aRueVYr35yM.Ti9FJqkSK6J,972.0,2.0,2024.0,36b,p,357.0,Kanpur Dehat,k3D0AumUCiC,indicator_36,630,36
2023-09-01,Kanpur Dehat Akberpur,XyAwdfjaKov,ixBYYYjxXPP,400.0,2.0,2024.0,36a,p,357.0,Kanpur Dehat,k3D0AumUCiC,indicator_36,630,36
2023-09-01,Kanpur Dehat Akberpur,XyAwdfjaKov,aRueVYr35yM.Ti9FJqkSK6J,536.0,2.0,2024.0,36b,p,357.0,Kanpur Dehat,k3D0AumUCiC,indicator_36,630,36
2023-09-01,Kanpur Dehat Akberpur,XyAwdfjaKov,ui45G8KwpzU.Ti9FJqkSK6J,331.0,2.0,2024.0,2a,p,357.0,Kanpur Dehat,k3D0AumUCiC,indicator_2,630,2
2023-09-01,Kanpur Dehat Akberpur,XyAwdfjaKov,GJKYhq2wR9L,434.0,2.0,2024.0,7a,p,357.0,Kanpur Dehat,k3D0AumUCiC,indicator_7,630,7
2023-09-01,Kanpur Dehat Akberpur,XyAwdfjaKov,NI0EC5no6PO,1227.0,2.0,2024.0,10a,p,357.0,Kanpur Dehat,k3D0AumUCiC,indicator_10,630,10
2023-09-01,Kanpur Dehat Amrodha,cIW3SsdBXzj,aRueVYr35yM.Ti9FJqkSK6J,375.0,2.0,2024.0,36b,p,360.0,Kanpur Dehat,k3D0AumUCiC,indicator_36,147,36
2023-09-01,Kanpur Dehat Amrodha,cIW3SsdBXzj,ixBYYYjxXPP,384.0,2.0,2024.0,36a,p,360.0,Kanpur Dehat,k3D0AumUCiC,indicator_36,147,36
2023-09-01,Kanpur Dehat Amrodha,cIW3SsdBXzj,aRueVYr35yM.Ti9FJqkSK6J,366.0,2.0,2024.0,36b,p,360.0,Kanpur Dehat,k3D0AumUCiC,indicator_36,147,36
2023-09-01,Kanpur Dehat Amrodha,cIW3SsdBXzj,ui45G8KwpzU.Ti9FJqkSK6J,793.0,2.0,2024.0,2a,p,360.0,Kanpur Dehat,k3D0AumUCiC,indicator_2,147,2
2023-09-01,Kanpur Dehat Amrodha,cIW3SsdBXzj,GJKYhq2wR9L,585.0,2.0,2024.0,7a,p,360.0,Kanpur Dehat,k3D0AumUCiC,indicator_7,147,7
2023-09-01,Kanpur Dehat Amrodha,cIW3SsdBXzj,NI0EC5no6PO,384.0,2.0,2024.0,10a,p,360.0,Kanpur Dehat,k3D0AumUCiC,indicator_10,147,10
2023-09-01,Kanpur Dehat Rasulabad,jc9CoHdLFLu,aRueVYr35yM.Ti9FJqkSK6J,249.0,2.0,2024.0,36b,p,353.0,Kanpur Dehat,k3D0AumUCiC,indicator_36,264,36
2023-09-01,Kanpur Dehat Rasulabad,jc9CoHdLFLu,ixBYYYjxXPP,280.0,2.0,2024.0,36a,p,353.0,Kanpur Dehat,k3D0AumUCiC,indicator_36,264,36
2023-09-01,Kanpur Dehat Rasulabad,jc9CoHdLFLu,ui45G8KwpzU.Ti9FJqkSK6J,817.0,2.0,2024.0,2a,p,353.0,Kanpur Dehat,k3D0AumUCiC,indicator_2,264,2
2023-09-01,Kanpur Dehat Rasulabad,jc9CoHdLFLu,GJKYhq2wR9L,438.0,2.0,2024.0,7a,p,353.0,Kanpur Dehat,k3D0AumUCiC,indicator_7,264,7
2023-09-01,Kanpur Dehat Rasulabad,jc9CoHdLFLu,NI0EC5no6PO,395.0,2.0,2024.0,10a,p,353.0,Kanpur Dehat,k3D0AumUCiC,indicator_10,264,10
2023-09-01,Kanpur Dehat Miatha,qt0Ra0vMorS,aRueVYr35yM.Ti9FJqkSK6J,176.0,2.0,2024.0,36b,p,354.0,Kanpur Dehat,k3D0AumUCiC,indicator_36,888,36
2023-09-01,Kanpur Dehat Miatha,qt0Ra0vMorS,ixBYYYjxXPP,36.0,2.0,2024.0,36a,p,354.0,Kanpur Dehat,k3D0AumUCiC,indicator_36,888,36
2023-09-01,Kanpur Dehat Miatha,qt0Ra0vMorS,ui45G8KwpzU.Ti9FJqkSK6J,338.0,2.0,2024.0,2a,p,354.0,Kanpur Dehat,k3D0AumUCiC,indicator_2,888,2
2023-09-01,Kanpur Dehat Miatha,qt0Ra0vMorS,GJKYhq2wR9L,341.0,2.0,2024.0,7a,p,354.0,Kanpur Dehat,k3D0AumUCiC,indicator_7,888,7
2023-09-01,Kanpur Dehat Miatha,qt0Ra0vMorS,NI0EC5no6PO,547.0,2.0,2024.0,10a,p,354.0,Kanpur Dehat,k3D0AumUCiC,indicator_10,888,10
2023-09-01,Mainpuri Jagir,BkcbTCyupP9,aRueVYr35yM.Ti9FJqkSK6J,176.0,2.0,2024.0,36b,p,168.0,Mainpuri,XBLhrSWGytu,indicator_36,642,36
2023-09-01,Mainpuri Jagir,BkcbTCyupP9,ixBYYYjxXPP,176.0,2.0,2024.0,36a,p,168.0,Mainpuri,XBLhrSWGytu,indicator_36,642,36
2023-09-01,Mainpuri Jagir,BkcbTCyupP9,ui45G8KwpzU.Ti9FJqkSK6J,439.0,2.0,2024.0,2a,p,168.0,Mainpuri,XBLhrSWGytu,indicator_2,642,2
2023-09-01,Mainpuri Jagir,BkcbTCyupP9,GJKYhq2wR9L,379.0,2.0,2024.0,7a,p,168.0,Mainpuri,XBLhrSWGytu,indicator_7,642,7
2023-09-01,Mainpuri Jagir,BkcbTCyupP9,NI0EC5no6PO,574.0,2.0,2024.0,10a,p,168.0,Mainpuri,XBLhrSWGytu,indicator_10,642,10
2023-09-01,Mainpuri Bewar,Dn4n2S6qEWw,aRueVYr35yM.Ti9FJqkSK6J,269.0,2.0,2024.0,36b,p,167.0,Mainpuri,XBLhrSWGytu,indicator_36,271,36
2023-09-01,Mainpuri Bewar,Dn4n2S6qEWw,ixBYYYjxXPP,155.0,2.0,2024.0,36a,p,167.0,Mainpuri,XBLhrSWGytu,indicator_36,271,36
2023-09-01,Mainpuri Bewar,Dn4n2S6qEWw,ui45G8KwpzU.Ti9FJqkSK6J,562.0,2.0,2024.0,2a,p,167.0,Mainpuri,XBLhrSWGytu,indicator_2,271,2
2023-09-01,Mainpuri Bewar,Dn4n2S6qEWw,GJKYhq2wR9L,631.0,2.0,2024.0,7a,p,167.0,Mainpuri,XBLhrSWGytu,indicator_7,271,7
2023-09-01,Mainpuri Bewar,Dn4n2S6qEWw,NI0EC5no6PO,256.0,2.0,2024.0,10a,p,167.0,Mainpuri,XBLhrSWGytu,indicator_10,271,10
2023-09-01,Mainpuri Barnahal,EeFlmvJs36p,aRueVYr35yM.Ti9FJqkSK6J,210.0,2.0,2024.0,36b,p,164.0,Mainpuri,XBLhrSWGytu,indicator_36,306,36
2023-09-01,Mainpuri Barnahal,EeFlmvJs36p,ixBYYYjxXPP,204.0,2.0,2024.0,36a,p,164.0,Mainpuri,XBLhrSWGytu,indicator_36,306,36
2023-09-01,Mainpuri Barnahal,EeFlmvJs36p,ui45G8KwpzU.Ti9FJqkSK6J,294.0,2.0,2024.0,2a,p,164.0,Mainpuri,XBLhrSWGytu,indicator_2,306,2
2023-09-01,Mainpuri Barnahal,EeFlmvJs36p,GJKYhq2wR9L,327.0,2.0,2024.0,7a,p,164.0,Mainpuri,XBLhrSWGytu,indicator_7,306,7
2023-09-01,Mainpuri Barnahal,EeFlmvJs36p,NI0EC5no6PO,336.0,2.0,2024.0,10a,p,164.0,Mainpuri,XBLhrSWGytu,indicator_10,306,10
2023-09-01,Mainpuri Ghiror,GdimZzDSdCV,aRueVYr35yM.Ti9FJqkSK6J,230.0,2.0,2024.0,36b,p,161.0,Mainpuri,XBLhrSWGytu,indicator_36,29,36
2023-09-01,Mainpuri Ghiror,GdimZzDSdCV,ixBYYYjxXPP,0.0,2.0,2024.0,36a,p,161.0,Mainpuri,XBLhrSWGytu,indicator_36,29,36
2023-09-01,Mainpuri Ghiror,GdimZzDSdCV,ui45G8KwpzU.Ti9FJqkSK6J,481.0,2.0,2024.0,2a,p,161.0,Mainpuri,XBLhrSWGytu,indicator_2,29,2
2023-09-01,Mainpuri Ghiror,GdimZzDSdCV,GJKYhq2wR9L,456.0,2.0,2024.0,7a,p,161.0,Mainpuri,XBLhrSWGytu,indicator_7,29,7
2023-09-01,Mainpuri Ghiror,GdimZzDSdCV,NI0EC5no6PO,42.0,2.0,2024.0,10a,p,161.0,Mainpuri,XBLhrSWGytu,indicator_10,29,10
2023-09-01,Mainpuri Kerhal,HNZwOODMyul,aRueVYr35yM.Ti9FJqkSK6J,231.0,2.0,2024.0,36b,p,165.0,Mainpuri,XBLhrSWGytu,indicator_36,598,36
2023-09-01,Mainpuri Kerhal,HNZwOODMyul,ixBYYYjxXPP,231.0,2.0,2024.0,36a,p,165.0,Mainpuri,XBLhrSWGytu,indicator_36,598,36
2023-09-01,Mainpuri Kerhal,HNZwOODMyul,ui45G8KwpzU.Ti9FJqkSK6J,467.0,2.0,2024.0,2a,p,165.0,Mainpuri,XBLhrSWGytu,indicator_2,598,2
2023-09-01,Mainpuri Kerhal,HNZwOODMyul,GJKYhq2wR9L,538.0,2.0,2024.0,7a,p,165.0,Mainpuri,XBLhrSWGytu,indicator_7,598,7
2023-09-01,Mainpuri Kerhal,HNZwOODMyul,NI0EC5no6PO,582.0,2.0,2024.0,10a,p,165.0,Mainpuri,XBLhrSWGytu,indicator_10,598,10
2023-09-01,Mainpuri DHQ,O8puBy9wDpN,aRueVYr35yM.Ti9FJqkSK6J,321.0,2.0,2024.0,36b,p,,Mainpuri,XBLhrSWGytu,indicator_36,559,36
2023-09-01,Mainpuri DHQ,O8puBy9wDpN,aRueVYr35yM.Ti9FJqkSK6J,2.0,2.0,2024.0,36b,p,,Mainpuri,XBLhrSWGytu,indicator_36,559,36
2023-09-01,Mainpuri DHQ,O8puBy9wDpN,ui45G8KwpzU.Ti9FJqkSK6J,405.0,2.0,2024.0,2a,p,,Mainpuri,XBLhrSWGytu,indicator_2,559,2
2023-09-01,Mainpuri DHQ,O8puBy9wDpN,GJKYhq2wR9L,122.0,2.0,2024.0,7a,p,,Mainpuri,XBLhrSWGytu,indicator_7,559,7
2023-09-01,Mainpuri DHQ,O8puBy9wDpN,NI0EC5no6PO,121.0,2.0,2024.0,10a,p,,Mainpuri,XBLhrSWGytu,indicator_10,559,10
2023-09-01,Mainpuri Kurawali,PZAj1qhZHhE,aRueVYr35yM.Ti9FJqkSK6J,295.0,2.0,2024.0,36b,p,162.0,Mainpuri,XBLhrSWGytu,indicator_36,526,36
2023-09-01,Mainpuri Kurawali,PZAj1qhZHhE,ixBYYYjxXPP,275.0,2.0,2024.0,36a,p,162.0,Mainpuri,XBLhrSWGytu,indicator_36,526,36
2023-09-01,Mainpuri Kurawali,PZAj1qhZHhE,aRueVYr35yM.Ti9FJqkSK6J,275.0,2.0,2024.0,36b,p,162.0,Mainpuri,XBLhrSWGytu,indicator_36,526,36
2023-09-01,Mainpuri Kurawali,PZAj1qhZHhE,ui45G8KwpzU.Ti9FJqkSK6J,520.0,2.0,2024.0,2a,p,162.0,Mainpuri,XBLhrSWGytu,indicator_2,526,2
2023-09-01,Mainpuri Kurawali,PZAj1qhZHhE,GJKYhq2wR9L,689.0,2.0,2024.0,7a,p,162.0,Mainpuri,XBLhrSWGytu,indicator_7,526,7
2023-09-01,Mainpuri Kurawali,PZAj1qhZHhE,NI0EC5no6PO,720.0,2.0,2024.0,10a,p,162.0,Mainpuri,XBLhrSWGytu,indicator_10,526,10
2023-09-01,Mainpuri Sultanganj,Ri9nZlNp7vJ,aRueVYr35yM.Ti9FJqkSK6J,307.0,2.0,2024.0,36b,p,166.0,Mainpuri,XBLhrSWGytu,indicator_36,28,36
2023-09-01,Mainpuri Sultanganj,Ri9nZlNp7vJ,ixBYYYjxXPP,0.0,2.0,2024.0,36a,p,166.0,Mainpuri,XBLhrSWGytu,indicator_36,28,36
2023-09-01,Mainpuri Sultanganj,Ri9nZlNp7vJ,ui45G8KwpzU.Ti9FJqkSK6J,612.0,2.0,2024.0,2a,p,166.0,Mainpuri,XBLhrSWGytu,indicator_2,28,2
2023-09-01,Mainpuri Sultanganj,Ri9nZlNp7vJ,GJKYhq2wR9L,522.0,2.0,2024.0,7a,p,166.0,Mainpuri,XBLhrSWGytu,indicator_7,28,7
2023-09-01,Mainpuri Sultanganj,Ri9nZlNp7vJ,NI0EC5no6PO,576.0,2.0,2024.0,10a,p,166.0,Mainpuri,XBLhrSWGytu,indicator_10,28,10
2023-09-01,Mainpuri Mainpuri,covI1BtEX12,aRueVYr35yM.Ti9FJqkSK6J,525.0,2.0,2024.0,36b,p,163.0,Mainpuri,XBLhrSWGytu,indicator_36,96,36
2023-09-01,Mainpuri Mainpuri,covI1BtEX12,ixBYYYjxXPP,525.0,2.0,2024.0,36a,p,163.0,Mainpuri,XBLhrSWGytu,indicator_36,96,36
2023-09-01,Mainpuri Mainpuri,covI1BtEX12,ui45G8KwpzU.Ti9FJqkSK6J,676.0,2.0,2024.0,2a,p,163.0,Mainpuri,XBLhrSWGytu,indicator_2,96,2
2023-09-01,Mainpuri Mainpuri,covI1BtEX12,GJKYhq2wR9L,594.0,2.0,2024.0,7a,p,163.0,Mainpuri,XBLhrSWGytu,indicator_7,96,7
2023-09-01,Mainpuri Mainpuri,covI1BtEX12,NI0EC5no6PO,1388.0,2.0,2024.0,10a,p,163.0,Mainpuri,XBLhrSWGytu,indicator_10,96,10
2023-09-01,Mainpuri Kishni,yWnYeaWXCE1,aRueVYr35yM.Ti9FJqkSK6J,285.0,2.0,2024.0,36b,p,169.0,Mainpuri,XBLhrSWGytu,indicator_36,246,36
2023-09-01,Mainpuri Kishni,yWnYeaWXCE1,ixBYYYjxXPP,283.0,2.0,2024.0,36a,p,169.0,Mainpuri,XBLhrSWGytu,indicator_36,246,36
2023-09-01,Mainpuri Kishni,yWnYeaWXCE1,ui45G8KwpzU.Ti9FJqkSK6J,634.0,2.0,2024.0,2a,p,169.0,Mainpuri,XBLhrSWGytu,indicator_2,246,2
2023-09-01,Mainpuri Kishni,yWnYeaWXCE1,GJKYhq2wR9L,621.0,2.0,2024.0,7a,p,169.0,Mainpuri,XBLhrSWGytu,indicator_7,246,7
2023-09-01,Mainpuri Kishni,yWnYeaWXCE1,NI0EC5no6PO,703.0,2.0,2024.0,10a,p,169.0,Mainpuri,XBLhrSWGytu,indicator_10,246,10
2023-09-01,Firozabad Jasrana,C4DRedrM3Pb,aRueVYr35yM.Ti9FJqkSK6J,190.0,2.0,2024.0,36b,p,157.0,Firozabad,eJTsuE56XDF,indicator_36,857,36
2023-09-01,Firozabad Jasrana,C4DRedrM3Pb,ixBYYYjxXPP,176.0,2.0,2024.0,36a,p,157.0,Firozabad,eJTsuE56XDF,indicator_36,857,36
2023-09-01,Firozabad Jasrana,C4DRedrM3Pb,ui45G8KwpzU.Ti9FJqkSK6J,394.0,2.0,2024.0,2a,p,157.0,Firozabad,eJTsuE56XDF,indicator_2,857,2
2023-09-01,Firozabad Jasrana,C4DRedrM3Pb,GJKYhq2wR9L,337.0,2.0,2024.0,7a,p,157.0,Firozabad,eJTsuE56XDF,indicator_7,857,7
2023-09-01,Firozabad Jasrana,C4DRedrM3Pb,NI0EC5no6PO,513.0,2.0,2024.0,10a,p,157.0,Firozabad,eJTsuE56XDF,indicator_10,857,10
2023-09-01,Firozabad Narkhi,GcLGdTGiU8M,aRueVYr35yM.Ti9FJqkSK6J,265.0,2.0,2024.0,36b,p,153.0,Firozabad,eJTsuE56XDF,indicator_36,794,36
2023-09-01,Firozabad Narkhi,GcLGdTGiU8M,ixBYYYjxXPP,175.0,2.0,2024.0,36a,p,153.0,Firozabad,eJTsuE56XDF,indicator_36,794,36
2023-09-01,Firozabad Narkhi,GcLGdTGiU8M,ui45G8KwpzU.Ti9FJqkSK6J,329.0,2.0,2024.0,2a,p,153.0,Firozabad,eJTsuE56XDF,indicator_2,794,2
2023-09-01,Firozabad Narkhi,GcLGdTGiU8M,GJKYhq2wR9L,590.0,2.0,2024.0,7a,p,153.0,Firozabad,eJTsuE56XDF,indicator_7,794,7
2023-09-01,Firozabad Narkhi,GcLGdTGiU8M,NI0EC5no6PO,861.0,2.0,2024.0,10a,p,153.0,Firozabad,eJTsuE56XDF,indicator_10,794,10
2023-09-01,Firozabad Firozabad,R0tPbvDqGLH,aRueVYr35yM.Ti9FJqkSK6J,1621.0,2.0,2024.0,36b,p,154.0,Firozabad,eJTsuE56XDF,indicator_36,427,36
2023-09-01,Firozabad Firozabad,R0tPbvDqGLH,ixBYYYjxXPP,1178.0,2.0,2024.0,36a,p,154.0,Firozabad,eJTsuE56XDF,indicator_36,427,36
2023-09-01,Firozabad Firozabad,R0tPbvDqGLH,ui45G8KwpzU.Ti9FJqkSK6J,1424.0,2.0,2024.0,2a,p,154.0,Firozabad,eJTsuE56XDF,indicator_2,427,2
2023-09-01,Firozabad Firozabad,R0tPbvDqGLH,GJKYhq2wR9L,515.0,2.0,2024.0,7a,p,154.0,Firozabad,eJTsuE56XDF,indicator_7,427,7
2023-09-01,Firozabad Firozabad,R0tPbvDqGLH,NI0EC5no6PO,1739.0,2.0,2024.0,10a,p,154.0,Firozabad,eJTsuE56XDF,indicator_10,427,10
2023-09-01,Firozabad Madanpur,TEd7x916bEz,aRueVYr35yM.Ti9FJqkSK6J,190.0,2.0,2024.0,36b,p,160.0,Firozabad,eJTsuE56XDF,indicator_36,388,36
2023-09-01,Firozabad Madanpur,TEd7x916bEz,ixBYYYjxXPP,188.0,2.0,2024.0,36a,p,160.0,Firozabad,eJTsuE56XDF,indicator_36,388,36
2023-09-01,Firozabad Madanpur,TEd7x916bEz,ui45G8KwpzU.Ti9FJqkSK6J,1378.0,2.0,2024.0,2a,p,160.0,Firozabad,eJTsuE56XDF,indicator_2,388,2
2023-09-01,Firozabad Madanpur,TEd7x916bEz,GJKYhq2wR9L,636.0,2.0,2024.0,7a,p,160.0,Firozabad,eJTsuE56XDF,indicator_7,388,7
2023-09-01,Firozabad Madanpur,TEd7x916bEz,NI0EC5no6PO,967.0,2.0,2024.0,10a,p,160.0,Firozabad,eJTsuE56XDF,indicator_10,388,10
2023-09-01,Firozabad Tundla,TJrLeyFzLWY,aRueVYr35yM.Ti9FJqkSK6J,473.0,2.0,2024.0,36b,p,152.0,Firozabad,eJTsuE56XDF,indicator_36,277,36
2023-09-01,Firozabad Tundla,TJrLeyFzLWY,ixBYYYjxXPP,371.0,2.0,2024.0,36a,p,152.0,Firozabad,eJTsuE56XDF,indicator_36,277,36
2023-09-01,Firozabad Tundla,TJrLeyFzLWY,ui45G8KwpzU.Ti9FJqkSK6J,1344.0,2.0,2024.0,2a,p,152.0,Firozabad,eJTsuE56XDF,indicator_2,277,2
2023-09-01,Firozabad Tundla,TJrLeyFzLWY,GJKYhq2wR9L,809.0,2.0,2024.0,7a,p,152.0,Firozabad,eJTsuE56XDF,indicator_7,277,7
2023-09-01,Firozabad Tundla,TJrLeyFzLWY,NI0EC5no6PO,1340.0,2.0,2024.0,10a,p,152.0,Firozabad,eJTsuE56XDF,indicator_10,277,10
2023-09-01,Firozabad DHQ,fAXjUK5F5Xr,aRueVYr35yM.Ti9FJqkSK6J,1753.0,2.0,2024.0,36b,p,,Firozabad,eJTsuE56XDF,indicator_36,873,36
2023-09-01,Firozabad DHQ,fAXjUK5F5Xr,aRueVYr35yM.Ti9FJqkSK6J,38.0,2.0,2024.0,36b,p,,Firozabad,eJTsuE56XDF,indicator_36,873,36
2023-09-01,Firozabad DHQ,fAXjUK5F5Xr,ui45G8KwpzU.Ti9FJqkSK6J,2317.0,2.0,2024.0,2a,p,,Firozabad,eJTsuE56XDF,indicator_2,873,2
2023-09-01,Firozabad DHQ,fAXjUK5F5Xr,GJKYhq2wR9L,2169.0,2.0,2024.0,7a,p,,Firozabad,eJTsuE56XDF,indicator_7,873,7
2023-09-01,Firozabad DHQ,fAXjUK5F5Xr,NI0EC5no6PO,2088.0,2.0,2024.0,10a,p,,Firozabad,eJTsuE56XDF,indicator_10,873,10
2023-09-01,Firozabad Hathwant,ipancoUtUKq,aRueVYr35yM.Ti9FJqkSK6J,178.0,2.0,2024.0,36b,p,156.0,Firozabad,eJTsuE56XDF,indicator_36,419,36
2023-09-01,Firozabad Hathwant,ipancoUtUKq,ixBYYYjxXPP,120.0,2.0,2024.0,36a,p,156.0,Firozabad,eJTsuE56XDF,indicator_36,419,36
2023-09-01,Firozabad Hathwant,ipancoUtUKq,ui45G8KwpzU.Ti9FJqkSK6J,620.0,2.0,2024.0,2a,p,156.0,Firozabad,eJTsuE56XDF,indicator_2,419,2
2023-09-01,Firozabad Hathwant,ipancoUtUKq,GJKYhq2wR9L,421.0,2.0,2024.0,7a,p,156.0,Firozabad,eJTsuE56XDF,indicator_7,419,7
2023-09-01,Firozabad Hathwant,ipancoUtUKq,NI0EC5no6PO,863.0,2.0,2024.0,10a,p,156.0,Firozabad,eJTsuE56XDF,indicator_10,419,10
2023-09-01,Firozabad Araon,njhb7CY73zh,aRueVYr35yM.Ti9FJqkSK6J,141.0,2.0,2024.0,36b,p,159.0,Firozabad,eJTsuE56XDF,indicator_36,788,36
2023-09-01,Firozabad Araon,njhb7CY73zh,ui45G8KwpzU.Ti9FJqkSK6J,716.0,2.0,2024.0,2a,p,159.0,Firozabad,eJTsuE56XDF,indicator_2,788,2
2023-09-01,Firozabad Araon,njhb7CY73zh,GJKYhq2wR9L,578.0,2.0,2024.0,7a,p,159.0,Firozabad,eJTsuE56XDF,indicator_7,788,7
2023-09-01,Firozabad Araon,njhb7CY73zh,NI0EC5no6PO,716.0,2.0,2024.0,10a,p,159.0,Firozabad,eJTsuE56XDF,indicator_10,788,10
2023-09-01,Firozabad Shikohabad,rgR8kKaylIH,aRueVYr35yM.Ti9FJqkSK6J,105.0,2.0,2024.0,36b,p,158.0,Firozabad,eJTsuE56XDF,indicator_36,784,36
2023-09-01,Firozabad Shikohabad,rgR8kKaylIH,ixBYYYjxXPP,0.0,2.0,2024.0,36a,p,158.0,Firozabad,eJTsuE56XDF,indicator_36,784,36
2023-09-01,Firozabad Shikohabad,rgR8kKaylIH,ui45G8KwpzU.Ti9FJqkSK6J,592.0,2.0,2024.0,2a,p,158.0,Firozabad,eJTsuE56XDF,indicator_2,784,2
2023-09-01,Firozabad Shikohabad,rgR8kKaylIH,GJKYhq2wR9L,631.0,2.0,2024.0,7a,p,158.0,Firozabad,eJTsuE56XDF,indicator_7,784,7
2023-09-01,Firozabad Shikohabad,rgR8kKaylIH,NI0EC5no6PO,778.0,2.0,2024.0,10a,p,158.0,Firozabad,eJTsuE56XDF,indicator_10,784,10
2023-09-01,Firozabad Aeka,v4LM2W1q50L,aRueVYr35yM.Ti9FJqkSK6J,215.0,2.0,2024.0,36b,p,155.0,Firozabad,eJTsuE56XDF,indicator_36,811,36
2023-09-01,Firozabad Aeka,v4LM2W1q50L,ixBYYYjxXPP,105.0,2.0,2024.0,36a,p,155.0,Firozabad,eJTsuE56XDF,indicator_36,811,36
2023-09-01,Firozabad Aeka,v4LM2W1q50L,ui45G8KwpzU.Ti9FJqkSK6J,712.0,2.0,2024.0,2a,p,155.0,Firozabad,eJTsuE56XDF,indicator_2,811,2
2023-09-01,Firozabad Aeka,v4LM2W1q50L,GJKYhq2wR9L,478.0,2.0,2024.0,7a,p,155.0,Firozabad,eJTsuE56XDF,indicator_7,811,7
2023-09-01,Firozabad Aeka,v4LM2W1q50L,NI0EC5no6PO,849.0,2.0,2024.0,10a,p,155.0,Firozabad,eJTsuE56XDF,indicator_10,811,10
2023-09-01,Fakharpur,C9qOAPWGoUS,aRueVYr35yM.Ti9FJqkSK6J,721.0,2.0,2024.0,36b,p,545.0,Bahraich,iE0E3nLioFr,indicator_36,283,36
2023-09-01,Fakharpur,C9qOAPWGoUS,ixBYYYjxXPP,0.0,2.0,2024.0,36a,p,545.0,Bahraich,iE0E3nLioFr,indicator_36,283,36
2023-09-01,Fakharpur,C9qOAPWGoUS,aRueVYr35yM.Ti9FJqkSK6J,460.0,2.0,2024.0,36b,p,545.0,Bahraich,iE0E3nLioFr,indicator_36,283,36
2023-09-01,Fakharpur,C9qOAPWGoUS,ui45G8KwpzU.Ti9FJqkSK6J,444.0,2.0,2024.0,2a,p,545.0,Bahraich,iE0E3nLioFr,indicator_2,283,2
2023-09-01,Fakharpur,C9qOAPWGoUS,GJKYhq2wR9L,874.0,2.0,2024.0,7a,p,545.0,Bahraich,iE0E3nLioFr,indicator_7,283,7
2023-09-01,Fakharpur,C9qOAPWGoUS,NI0EC5no6PO,783.0,2.0,2024.0,10a,p,545.0,Bahraich,iE0E3nLioFr,indicator_10,283,10
2023-09-01,Huzoorpur,CjshmDK5t8E,aRueVYr35yM.Ti9FJqkSK6J,616.0,2.0,2024.0,36b,p,546.0,Bahraich,iE0E3nLioFr,indicator_36,412,36
2023-09-01,Huzoorpur,CjshmDK5t8E,ixBYYYjxXPP,196.0,2.0,2024.0,36a,p,546.0,Bahraich,iE0E3nLioFr,indicator_36,412,36
2023-09-01,Huzoorpur,CjshmDK5t8E,aRueVYr35yM.Ti9FJqkSK6J,345.0,2.0,2024.0,36b,p,546.0,Bahraich,iE0E3nLioFr,indicator_36,412,36
2023-09-01,Huzoorpur,CjshmDK5t8E,ui45G8KwpzU.Ti9FJqkSK6J,617.0,2.0,2024.0,2a,p,546.0,Bahraich,iE0E3nLioFr,indicator_2,412,2
2023-09-01,Huzoorpur,CjshmDK5t8E,GJKYhq2wR9L,770.0,2.0,2024.0,7a,p,546.0,Bahraich,iE0E3nLioFr,indicator_7,412,7
2023-09-01,Huzoorpur,CjshmDK5t8E,NI0EC5no6PO,820.0,2.0,2024.0,10a,p,546.0,Bahraich,iE0E3nLioFr,indicator_10,412,10
2023-09-01,Mahsi,EdjW9d0OX1h,aRueVYr35yM.Ti9FJqkSK6J,471.0,2.0,2024.0,36b,p,543.0,Bahraich,iE0E3nLioFr,indicator_36,568,36
2023-09-01,Mahsi,EdjW9d0OX1h,ixBYYYjxXPP,0.0,2.0,2024.0,36a,p,543.0,Bahraich,iE0E3nLioFr,indicator_36,568,36
2023-09-01,Mahsi,EdjW9d0OX1h,ui45G8KwpzU.Ti9FJqkSK6J,725.0,2.0,2024.0,2a,p,543.0,Bahraich,iE0E3nLioFr,indicator_2,568,2
2023-09-01,Mahsi,EdjW9d0OX1h,GJKYhq2wR9L,704.0,2.0,2024.0,7a,p,543.0,Bahraich,iE0E3nLioFr,indicator_7,568,7
2023-09-01,Mahsi,EdjW9d0OX1h,NI0EC5no6PO,761.0,2.0,2024.0,10a,p,543.0,Bahraich,iE0E3nLioFr,indicator_10,568,10
2023-09-01,Nawabganj Bahraich,F2HjseXcv3G,aRueVYr35yM.Ti9FJqkSK6J,471.0,2.0,2024.0,36b,p,538.0,Bahraich,iE0E3nLioFr,indicator_36,827,36
2023-09-01,Nawabganj Bahraich,F2HjseXcv3G,ixBYYYjxXPP,0.0,2.0,2024.0,36a,p,538.0,Bahraich,iE0E3nLioFr,indicator_36,827,36
2023-09-01,Nawabganj Bahraich,F2HjseXcv3G,aRueVYr35yM.Ti9FJqkSK6J,403.0,2.0,2024.0,36b,p,538.0,Bahraich,iE0E3nLioFr,indicator_36,827,36
2023-09-01,Nawabganj Bahraich,F2HjseXcv3G,ui45G8KwpzU.Ti9FJqkSK6J,330.0,2.0,2024.0,2a,p,538.0,Bahraich,iE0E3nLioFr,indicator_2,827,2
2023-09-01,Nawabganj Bahraich,F2HjseXcv3G,GJKYhq2wR9L,641.0,2.0,2024.0,7a,p,538.0,Bahraich,iE0E3nLioFr,indicator_7,827,7
2023-09-01,Nawabganj Bahraich,F2HjseXcv3G,NI0EC5no6PO,672.0,2.0,2024.0,10a,p,538.0,Bahraich,iE0E3nLioFr,indicator_10,827,10
2023-09-01,Visheshwerganj,NGqtRmZHnOm,aRueVYr35yM.Ti9FJqkSK6J,384.0,2.0,2024.0,36b,p,550.0,Bahraich,iE0E3nLioFr,indicator_36,74,36
2023-09-01,Visheshwerganj,NGqtRmZHnOm,ixBYYYjxXPP,215.0,2.0,2024.0,36a,p,550.0,Bahraich,iE0E3nLioFr,indicator_36,74,36
2023-09-01,Visheshwerganj,NGqtRmZHnOm,ui45G8KwpzU.Ti9FJqkSK6J,729.0,2.0,2024.0,2a,p,550.0,Bahraich,iE0E3nLioFr,indicator_2,74,2
2023-09-01,Visheshwerganj,NGqtRmZHnOm,GJKYhq2wR9L,638.0,2.0,2024.0,7a,p,550.0,Bahraich,iE0E3nLioFr,indicator_7,74,7
2023-09-01,Visheshwerganj,NGqtRmZHnOm,NI0EC5no6PO,733.0,2.0,2024.0,10a,p,550.0,Bahraich,iE0E3nLioFr,indicator_10,74,10
2023-09-01,Jarwal,PK0wuMfp3LE,aRueVYr35yM.Ti9FJqkSK6J,479.0,2.0,2024.0,36b,p,548.0,Bahraich,iE0E3nLioFr,indicator_36,659,36
2023-09-01,Jarwal,PK0wuMfp3LE,ixBYYYjxXPP,0.0,2.0,2024.0,36a,p,548.0,Bahraich,iE0E3nLioFr,indicator_36,659,36
2023-09-01,Jarwal,PK0wuMfp3LE,aRueVYr35yM.Ti9FJqkSK6J,377.0,2.0,2024.0,36b,p,548.0,Bahraich,iE0E3nLioFr,indicator_36,659,36
2023-09-01,Jarwal,PK0wuMfp3LE,ui45G8KwpzU.Ti9FJqkSK6J,803.0,2.0,2024.0,2a,p,548.0,Bahraich,iE0E3nLioFr,indicator_2,659,2
2023-09-01,Jarwal,PK0wuMfp3LE,GJKYhq2wR9L,831.0,2.0,2024.0,7a,p,548.0,Bahraich,iE0E3nLioFr,indicator_7,659,7
2023-09-01,Jarwal,PK0wuMfp3LE,NI0EC5no6PO,660.0,2.0,2024.0,10a,p,548.0,Bahraich,iE0E3nLioFr,indicator_10,659,10
2023-09-01,Tejwapur,QTCGfCQMXd3,aRueVYr35yM.Ti9FJqkSK6J,616.0,2.0,2024.0,36b,p,544.0,Bahraich,iE0E3nLioFr,indicator_36,705,36
2023-09-01,Tejwapur,QTCGfCQMXd3,ixBYYYjxXPP,322.0,2.0,2024.0,36a,p,544.0,Bahraich,iE0E3nLioFr,indicator_36,705,36
2023-09-01,Tejwapur,QTCGfCQMXd3,ui45G8KwpzU.Ti9FJqkSK6J,704.0,2.0,2024.0,2a,p,544.0,Bahraich,iE0E3nLioFr,indicator_2,705,2
2023-09-01,Tejwapur,QTCGfCQMXd3,GJKYhq2wR9L,761.0,2.0,2024.0,7a,p,544.0,Bahraich,iE0E3nLioFr,indicator_7,705,7
2023-09-01,Tejwapur,QTCGfCQMXd3,NI0EC5no6PO,698.0,2.0,2024.0,10a,p,544.0,Bahraich,iE0E3nLioFr,indicator_10,705,10
2023-09-01,Keaserganj,RXv1GaQ6IyV,aRueVYr35yM.Ti9FJqkSK6J,763.0,2.0,2024.0,36b,p,547.0,Bahraich,iE0E3nLioFr,indicator_36,274,36
2023-09-01,Keaserganj,RXv1GaQ6IyV,ixBYYYjxXPP,579.0,2.0,2024.0,36a,p,547.0,Bahraich,iE0E3nLioFr,indicator_36,274,36
2023-09-01,Keaserganj,RXv1GaQ6IyV,aRueVYr35yM.Ti9FJqkSK6J,693.0,2.0,2024.0,36b,p,547.0,Bahraich,iE0E3nLioFr,indicator_36,274,36
2023-09-01,Keaserganj,RXv1GaQ6IyV,ui45G8KwpzU.Ti9FJqkSK6J,489.0,2.0,2024.0,2a,p,547.0,Bahraich,iE0E3nLioFr,indicator_2,274,2
2023-09-01,Keaserganj,RXv1GaQ6IyV,GJKYhq2wR9L,646.0,2.0,2024.0,7a,p,547.0,Bahraich,iE0E3nLioFr,indicator_7,274,7
2023-09-01,Keaserganj,RXv1GaQ6IyV,NI0EC5no6PO,452.0,2.0,2024.0,10a,p,547.0,Bahraich,iE0E3nLioFr,indicator_10,274,10
2023-09-01,Shivpur,axbfDth7CE1,aRueVYr35yM.Ti9FJqkSK6J,585.0,2.0,2024.0,36b,p,540.0,Bahraich,iE0E3nLioFr,indicator_36,64,36
2023-09-01,Shivpur,axbfDth7CE1,ixBYYYjxXPP,0.0,2.0,2024.0,36a,p,540.0,Bahraich,iE0E3nLioFr,indicator_36,64,36
2023-09-01,Shivpur,axbfDth7CE1,aRueVYr35yM.Ti9FJqkSK6J,545.0,2.0,2024.0,36b,p,540.0,Bahraich,iE0E3nLioFr,indicator_36,64,36
2023-09-01,Shivpur,axbfDth7CE1,ui45G8KwpzU.Ti9FJqkSK6J,624.0,2.0,2024.0,2a,p,540.0,Bahraich,iE0E3nLioFr,indicator_2,64,2
2023-09-01,Shivpur,axbfDth7CE1,GJKYhq2wR9L,1041.0,2.0,2024.0,7a,p,540.0,Bahraich,iE0E3nLioFr,indicator_7,64,7
2023-09-01,Shivpur,axbfDth7CE1,NI0EC5no6PO,686.0,2.0,2024.0,10a,p,540.0,Bahraich,iE0E3nLioFr,indicator_10,64,10
2023-09-01,Chittaura,jNYEM4EP98K,aRueVYr35yM.Ti9FJqkSK6J,376.0,2.0,2024.0,36b,p,542.0,Bahraich,iE0E3nLioFr,indicator_36,132,36
2023-09-01,Chittaura,jNYEM4EP98K,ixBYYYjxXPP,0.0,2.0,2024.0,36a,p,542.0,Bahraich,iE0E3nLioFr,indicator_36,132,36
2023-09-01,Chittaura,jNYEM4EP98K,aRueVYr35yM.Ti9FJqkSK6J,300.0,2.0,2024.0,36b,p,542.0,Bahraich,iE0E3nLioFr,indicator_36,132,36
2023-09-01,Chittaura,jNYEM4EP98K,ui45G8KwpzU.Ti9FJqkSK6J,762.0,2.0,2024.0,2a,p,542.0,Bahraich,iE0E3nLioFr,indicator_2,132,2
2023-09-01,Chittaura,jNYEM4EP98K,GJKYhq2wR9L,884.0,2.0,2024.0,7a,p,542.0,Bahraich,iE0E3nLioFr,indicator_7,132,7
2023-09-01,Chittaura,jNYEM4EP98K,NI0EC5no6PO,530.0,2.0,2024.0,10a,p,542.0,Bahraich,iE0E3nLioFr,indicator_10,132,10
2023-09-01,Mihipurwa,jo7VYHdzhDi,aRueVYr35yM.Ti9FJqkSK6J,722.0,2.0,2024.0,36b,p,537.0,Bahraich,iE0E3nLioFr,indicator_36,709,36
2023-09-01,Mihipurwa,jo7VYHdzhDi,ixBYYYjxXPP,0.0,2.0,2024.0,36a,p,537.0,Bahraich,iE0E3nLioFr,indicator_36,709,36
2023-09-01,Mihipurwa,jo7VYHdzhDi,ui45G8KwpzU.Ti9FJqkSK6J,698.0,2.0,2024.0,2a,p,537.0,Bahraich,iE0E3nLioFr,indicator_2,709,2
2023-09-01,Mihipurwa,jo7VYHdzhDi,GJKYhq2wR9L,1065.0,2.0,2024.0,7a,p,537.0,Bahraich,iE0E3nLioFr,indicator_7,709,7
2023-09-01,Mihipurwa,jo7VYHdzhDi,NI0EC5no6PO,453.0,2.0,2024.0,10a,p,537.0,Bahraich,iE0E3nLioFr,indicator_10,709,10
2023-09-01,Payagpur,m1nYwKqPcyp,aRueVYr35yM.Ti9FJqkSK6J,500.0,2.0,2024.0,36b,p,549.0,Bahraich,iE0E3nLioFr,indicator_36,727,36
2023-09-01,Payagpur,m1nYwKqPcyp,ixBYYYjxXPP,171.0,2.0,2024.0,36a,p,549.0,Bahraich,iE0E3nLioFr,indicator_36,727,36
2023-09-01,Payagpur,m1nYwKqPcyp,ui45G8KwpzU.Ti9FJqkSK6J,542.0,2.0,2024.0,2a,p,549.0,Bahraich,iE0E3nLioFr,indicator_2,727,2
2023-09-01,Payagpur,m1nYwKqPcyp,GJKYhq2wR9L,420.0,2.0,2024.0,7a,p,549.0,Bahraich,iE0E3nLioFr,indicator_7,727,7
2023-09-01,Payagpur,m1nYwKqPcyp,NI0EC5no6PO,746.0,2.0,2024.0,10a,p,549.0,Bahraich,iE0E3nLioFr,indicator_10,727,10
2023-09-01,Bahraich DHQ,sGS6zRDhdsB,aRueVYr35yM.Ti9FJqkSK6J,1475.0,2.0,2024.0,36b,p,,Bahraich,iE0E3nLioFr,indicator_36,777,36
2023-09-01,Bahraich DHQ,sGS6zRDhdsB,ixBYYYjxXPP,1118.0,2.0,2024.0,36a,p,,Bahraich,iE0E3nLioFr,indicator_36,777,36
2023-09-01,Bahraich DHQ,sGS6zRDhdsB,aRueVYr35yM.Ti9FJqkSK6J,1118.0,2.0,2024.0,36b,p,,Bahraich,iE0E3nLioFr,indicator_36,777,36
2023-09-01,Bahraich DHQ,sGS6zRDhdsB,ui45G8KwpzU.Ti9FJqkSK6J,299.0,2.0,2024.0,2a,p,,Bahraich,iE0E3nLioFr,indicator_2,777,2
2023-09-01,Bahraich DHQ,sGS6zRDhdsB,GJKYhq2wR9L,554.0,2.0,2024.0,7a,p,,Bahraich,iE0E3nLioFr,indicator_7,777,7
2023-09-01,Bahraich DHQ,sGS6zRDhdsB,NI0EC5no6PO,166.0,2.0,2024.0,10a,p,,Bahraich,iE0E3nLioFr,indicator_10,777,10
2023-09-01,Risia,wgoGe5KFMCX,aRueVYr35yM.Ti9FJqkSK6J,786.0,2.0,2024.0,36b,p,541.0,Bahraich,iE0E3nLioFr,indicator_36,76,36
2023-09-01,Risia,wgoGe5KFMCX,ixBYYYjxXPP,0.0,2.0,2024.0,36a,p,541.0,Bahraich,iE0E3nLioFr,indicator_36,76,36
2023-09-01,Risia,wgoGe5KFMCX,aRueVYr35yM.Ti9FJqkSK6J,784.0,2.0,2024.0,36b,p,541.0,Bahraich,iE0E3nLioFr,indicator_36,76,36
2023-09-01,Risia,wgoGe5KFMCX,ui45G8KwpzU.Ti9FJqkSK6J,625.0,2.0,2024.0,2a,p,541.0,Bahraich,iE0E3nLioFr,indicator_2,76,2
2023-09-01,Risia,wgoGe5KFMCX,GJKYhq2wR9L,879.0,2.0,2024.0,7a,p,541.0,Bahraich,iE0E3nLioFr,indicator_7,76,7
2023-09-01,Risia,wgoGe5KFMCX,NI0EC5no6PO,722.0,2.0,2024.0,10a,p,541.0,Bahraich,iE0E3nLioFr,indicator_10,76,10
2023-09-01,Balha,ww1Qb6eAFFD,aRueVYr35yM.Ti9FJqkSK6J,653.0,2.0,2024.0,36b,p,539.0,Bahraich,iE0E3nLioFr,indicator_36,795,36
2023-09-01,Balha,ww1Qb6eAFFD,ixBYYYjxXPP,0.0,2.0,2024.0,36a,p,539.0,Bahraich,iE0E3nLioFr,indicator_36,795,36
2023-09-01,Balha,ww1Qb6eAFFD,aRueVYr35yM.Ti9FJqkSK6J,577.0,2.0,2024.0,36b,p,539.0,Bahraich,iE0E3nLioFr,indicator_36,795,36
2023-09-01,Balha,ww1Qb6eAFFD,ui45G8KwpzU.Ti9FJqkSK6J,842.0,2.0,2024.0,2a,p,539.0,Bahraich,iE0E3nLioFr,indicator_2,795,2
2023-09-01,Balha,ww1Qb6eAFFD,GJKYhq2wR9L,1011.0,2.0,2024.0,7a,p,539.0,Bahraich,iE0E3nLioFr,indicator_7,795,7
2023-09-01,Balha,ww1Qb6eAFFD,NI0EC5no6PO,1017.0,2.0,2024.0,10a,p,539.0,Bahraich,iE0E3nLioFr,indicator_10,795,10
2023-09-01,Manda,CGzm91g5LUD,aRueVYr35yM.Ti9FJqkSK6J,416.0,2.0,2024.0,36b,p,476.0,Prayagraj,tXgaew1Pd2Y,indicator_36,828,36
2023-09-01,Manda,CGzm91g5LUD,ixBYYYjxXPP,274.0,2.0,2024.0,36a,p,476.0,Prayagraj,tXgaew1Pd2Y,indicator_36,828,36
2023-09-01,Manda,CGzm91g5LUD,aRueVYr35yM.Ti9FJqkSK6J,321.0,2.0,2024.0,36b,p,476.0,Prayagraj,tXgaew1Pd2Y,indicator_36,828,36
2023-09-01,Manda,CGzm91g5LUD,ui45G8KwpzU.Ti9FJqkSK6J,574.0,2.0,2024.0,2a,p,476.0,Prayagraj,tXgaew1Pd2Y,indicator_2,828,2
2023-09-01,Manda,CGzm91g5LUD,GJKYhq2wR9L,503.0,2.0,2024.0,7a,p,476.0,Prayagraj,tXgaew1Pd2Y,indicator_7,828,7
2023-09-01,Manda,CGzm91g5LUD,NI0EC5no6PO,777.0,2.0,2024.0,10a,p,476.0,Prayagraj,tXgaew1Pd2Y,indicator_10,828,10
2023-09-01,Meja,En85jBKx0aq,aRueVYr35yM.Ti9FJqkSK6J,370.0,2.0,2024.0,36b,p,474.0,Prayagraj,tXgaew1Pd2Y,indicator_36,325,36
2023-09-01,Meja,En85jBKx0aq,ixBYYYjxXPP,136.0,2.0,2024.0,36a,p,474.0,Prayagraj,tXgaew1Pd2Y,indicator_36,325,36
2023-09-01,Meja,En85jBKx0aq,aRueVYr35yM.Ti9FJqkSK6J,322.0,2.0,2024.0,36b,p,474.0,Prayagraj,tXgaew1Pd2Y,indicator_36,325,36
2023-09-01,Meja,En85jBKx0aq,ui45G8KwpzU.Ti9FJqkSK6J,734.0,2.0,2024.0,2a,p,474.0,Prayagraj,tXgaew1Pd2Y,indicator_2,325,2
2023-09-01,Meja,En85jBKx0aq,GJKYhq2wR9L,540.0,2.0,2024.0,7a,p,474.0,Prayagraj,tXgaew1Pd2Y,indicator_7,325,7
2023-09-01,Meja,En85jBKx0aq,NI0EC5no6PO,849.0,2.0,2024.0,10a,p,474.0,Prayagraj,tXgaew1Pd2Y,indicator_10,325,10
2023-09-01,Soraon,Gs9FnVq3FME,aRueVYr35yM.Ti9FJqkSK6J,477.0,2.0,2024.0,36b,p,461.0,Prayagraj,tXgaew1Pd2Y,indicator_36,368,36
2023-09-01,Soraon,Gs9FnVq3FME,ixBYYYjxXPP,0.0,2.0,2024.0,36a,p,461.0,Prayagraj,tXgaew1Pd2Y,indicator_36,368,36
2023-09-01,Soraon,Gs9FnVq3FME,aRueVYr35yM.Ti9FJqkSK6J,251.0,2.0,2024.0,36b,p,461.0,Prayagraj,tXgaew1Pd2Y,indicator_36,368,36
2023-09-01,Soraon,Gs9FnVq3FME,ui45G8KwpzU.Ti9FJqkSK6J,726.0,2.0,2024.0,2a,p,461.0,Prayagraj,tXgaew1Pd2Y,indicator_2,368,2
2023-09-01,Soraon,Gs9FnVq3FME,GJKYhq2wR9L,401.0,2.0,2024.0,7a,p,461.0,Prayagraj,tXgaew1Pd2Y,indicator_7,368,7
2023-09-01,Soraon,Gs9FnVq3FME,NI0EC5no6PO,748.0,2.0,2024.0,10a,p,461.0,Prayagraj,tXgaew1Pd2Y,indicator_10,368,10
2023-09-01,Karchhana,INQHpWL0ZBk,aRueVYr35yM.Ti9FJqkSK6J,554.0,2.0,2024.0,36b,p,469.0,Prayagraj,tXgaew1Pd2Y,indicator_36,505,36
2023-09-01,Karchhana,INQHpWL0ZBk,ixBYYYjxXPP,200.0,2.0,2024.0,36a,p,469.0,Prayagraj,tXgaew1Pd2Y,indicator_36,505,36
2023-09-01,Karchhana,INQHpWL0ZBk,aRueVYr35yM.Ti9FJqkSK6J,414.0,2.0,2024.0,36b,p,469.0,Prayagraj,tXgaew1Pd2Y,indicator_36,505,36
2023-09-01,Karchhana,INQHpWL0ZBk,ui45G8KwpzU.Ti9FJqkSK6J,671.0,2.0,2024.0,2a,p,469.0,Prayagraj,tXgaew1Pd2Y,indicator_2,505,2
2023-09-01,Karchhana,INQHpWL0ZBk,GJKYhq2wR9L,558.0,2.0,2024.0,7a,p,469.0,Prayagraj,tXgaew1Pd2Y,indicator_7,505,7
2023-09-01,Karchhana,INQHpWL0ZBk,NI0EC5no6PO,777.0,2.0,2024.0,10a,p,469.0,Prayagraj,tXgaew1Pd2Y,indicator_10,505,10
2023-09-01,Handia,Qk15i4lxQ0C,aRueVYr35yM.Ti9FJqkSK6J,599.0,2.0,2024.0,36b,p,473.0,Prayagraj,tXgaew1Pd2Y,indicator_36,629,36
2023-09-01,Handia,Qk15i4lxQ0C,ixBYYYjxXPP,370.0,2.0,2024.0,36a,p,473.0,Prayagraj,tXgaew1Pd2Y,indicator_36,629,36
2023-09-01,Handia,Qk15i4lxQ0C,aRueVYr35yM.Ti9FJqkSK6J,410.0,2.0,2024.0,36b,p,473.0,Prayagraj,tXgaew1Pd2Y,indicator_36,629,36
2023-09-01,Handia,Qk15i4lxQ0C,ui45G8KwpzU.Ti9FJqkSK6J,690.0,2.0,2024.0,2a,p,473.0,Prayagraj,tXgaew1Pd2Y,indicator_2,629,2
2023-09-01,Handia,Qk15i4lxQ0C,GJKYhq2wR9L,593.0,2.0,2024.0,7a,p,473.0,Prayagraj,tXgaew1Pd2Y,indicator_7,629,7
2023-09-01,Handia,Qk15i4lxQ0C,NI0EC5no6PO,1192.0,2.0,2024.0,10a,p,473.0,Prayagraj,tXgaew1Pd2Y,indicator_10,629,10
2023-09-01,Holagarh,SkcYjFliQxI,aRueVYr35yM.Ti9FJqkSK6J,238.0,2.0,2024.0,36b,p,459.0,Prayagraj,tXgaew1Pd2Y,indicator_36,65,36
2023-09-01,Holagarh,SkcYjFliQxI,ixBYYYjxXPP,178.0,2.0,2024.0,36a,p,459.0,Prayagraj,tXgaew1Pd2Y,indicator_36,65,36
2023-09-01,Holagarh,SkcYjFliQxI,aRueVYr35yM.Ti9FJqkSK6J,229.0,2.0,2024.0,36b,p,459.0,Prayagraj,tXgaew1Pd2Y,indicator_36,65,36
2023-09-01,Holagarh,SkcYjFliQxI,ui45G8KwpzU.Ti9FJqkSK6J,581.0,2.0,2024.0,2a,p,459.0,Prayagraj,tXgaew1Pd2Y,indicator_2,65,2
2023-09-01,Holagarh,SkcYjFliQxI,GJKYhq2wR9L,488.0,2.0,2024.0,7a,p,459.0,Prayagraj,tXgaew1Pd2Y,indicator_7,65,7
2023-09-01,Holagarh,SkcYjFliQxI,NI0EC5no6PO,531.0,2.0,2024.0,10a,p,459.0,Prayagraj,tXgaew1Pd2Y,indicator_10,65,10
2023-09-01,Baharia,TcWp3YBgjTX,aRueVYr35yM.Ti9FJqkSK6J,452.0,2.0,2024.0,36b,p,462.0,Prayagraj,tXgaew1Pd2Y,indicator_36,133,36
2023-09-01,Baharia,TcWp3YBgjTX,ixBYYYjxXPP,0.0,2.0,2024.0,36a,p,462.0,Prayagraj,tXgaew1Pd2Y,indicator_36,133,36
2023-09-01,Baharia,TcWp3YBgjTX,aRueVYr35yM.Ti9FJqkSK6J,403.0,2.0,2024.0,36b,p,462.0,Prayagraj,tXgaew1Pd2Y,indicator_36,133,36
2023-09-01,Baharia,TcWp3YBgjTX,ui45G8KwpzU.Ti9FJqkSK6J,710.0,2.0,2024.0,2a,p,462.0,Prayagraj,tXgaew1Pd2Y,indicator_2,133,2
2023-09-01,Baharia,TcWp3YBgjTX,GJKYhq2wR9L,586.0,2.0,2024.0,7a,p,462.0,Prayagraj,tXgaew1Pd2Y,indicator_7,133,7
2023-09-01,Baharia,TcWp3YBgjTX,NI0EC5no6PO,999.0,2.0,2024.0,10a,p,462.0,Prayagraj,tXgaew1Pd2Y,indicator_10,133,10
2023-09-01,Kaundhiyara,UBw5aJTPmZ3,aRueVYr35yM.Ti9FJqkSK6J,273.0,2.0,2024.0,36b,p,468.0,Prayagraj,tXgaew1Pd2Y,indicator_36,581,36
2023-09-01,Kaundhiyara,UBw5aJTPmZ3,ixBYYYjxXPP,210.0,2.0,2024.0,36a,p,468.0,Prayagraj,tXgaew1Pd2Y,indicator_36,581,36
2023-09-01,Kaundhiyara,UBw5aJTPmZ3,aRueVYr35yM.Ti9FJqkSK6J,240.0,2.0,2024.0,36b,p,468.0,Prayagraj,tXgaew1Pd2Y,indicator_36,581,36
2023-09-01,Kaundhiyara,UBw5aJTPmZ3,ui45G8KwpzU.Ti9FJqkSK6J,434.0,2.0,2024.0,2a,p,468.0,Prayagraj,tXgaew1Pd2Y,indicator_2,581,2
2023-09-01,Kaundhiyara,UBw5aJTPmZ3,GJKYhq2wR9L,450.0,2.0,2024.0,7a,p,468.0,Prayagraj,tXgaew1Pd2Y,indicator_7,581,7
2023-09-01,Kaundhiyara,UBw5aJTPmZ3,NI0EC5no6PO,728.0,2.0,2024.0,10a,p,468.0,Prayagraj,tXgaew1Pd2Y,indicator_10,581,10
2023-09-01,Saidabad,UtcpvEmyolV,aRueVYr35yM.Ti9FJqkSK6J,364.0,2.0,2024.0,36b,p,472.0,Prayagraj,tXgaew1Pd2Y,indicator_36,117,36
2023-09-01,Saidabad,UtcpvEmyolV,ixBYYYjxXPP,132.0,2.0,2024.0,36a,p,472.0,Prayagraj,tXgaew1Pd2Y,indicator_36,117,36
2023-09-01,Saidabad,UtcpvEmyolV,aRueVYr35yM.Ti9FJqkSK6J,299.0,2.0,2024.0,36b,p,472.0,Prayagraj,tXgaew1Pd2Y,indicator_36,117,36
2023-09-01,Saidabad,UtcpvEmyolV,ui45G8KwpzU.Ti9FJqkSK6J,737.0,2.0,2024.0,2a,p,472.0,Prayagraj,tXgaew1Pd2Y,indicator_2,117,2
2023-09-01,Saidabad,UtcpvEmyolV,GJKYhq2wR9L,635.0,2.0,2024.0,7a,p,472.0,Prayagraj,tXgaew1Pd2Y,indicator_7,117,7
2023-09-01,Saidabad,UtcpvEmyolV,NI0EC5no6PO,956.0,2.0,2024.0,10a,p,472.0,Prayagraj,tXgaew1Pd2Y,indicator_10,117,10
2023-09-01,Kaurihar,V9DOCawlsCk,aRueVYr35yM.Ti9FJqkSK6J,272.0,2.0,2024.0,36b,p,458.0,Prayagraj,tXgaew1Pd2Y,indicator_36,605,36
2023-09-01,Kaurihar,V9DOCawlsCk,ixBYYYjxXPP,0.0,2.0,2024.0,36a,p,458.0,Prayagraj,tXgaew1Pd2Y,indicator_36,605,36
2023-09-01,Kaurihar,V9DOCawlsCk,aRueVYr35yM.Ti9FJqkSK6J,254.0,2.0,2024.0,36b,p,458.0,Prayagraj,tXgaew1Pd2Y,indicator_36,605,36
2023-09-01,Kaurihar,V9DOCawlsCk,ui45G8KwpzU.Ti9FJqkSK6J,726.0,2.0,2024.0,2a,p,458.0,Prayagraj,tXgaew1Pd2Y,indicator_2,605,2
2023-09-01,Kaurihar,V9DOCawlsCk,GJKYhq2wR9L,622.0,2.0,2024.0,7a,p,458.0,Prayagraj,tXgaew1Pd2Y,indicator_7,605,7
2023-09-01,Kaurihar,V9DOCawlsCk,NI0EC5no6PO,867.0,2.0,2024.0,10a,p,458.0,Prayagraj,tXgaew1Pd2Y,indicator_10,605,10
2023-09-01,Uruwa,ZYDAjKxE7WN,aRueVYr35yM.Ti9FJqkSK6J,337.0,2.0,2024.0,36b,p,475.0,Prayagraj,tXgaew1Pd2Y,indicator_36,399,36
2023-09-01,Uruwa,ZYDAjKxE7WN,ixBYYYjxXPP,150.0,2.0,2024.0,36a,p,475.0,Prayagraj,tXgaew1Pd2Y,indicator_36,399,36
2023-09-01,Uruwa,ZYDAjKxE7WN,aRueVYr35yM.Ti9FJqkSK6J,272.0,2.0,2024.0,36b,p,475.0,Prayagraj,tXgaew1Pd2Y,indicator_36,399,36
2023-09-01,Uruwa,ZYDAjKxE7WN,ui45G8KwpzU.Ti9FJqkSK6J,660.0,2.0,2024.0,2a,p,475.0,Prayagraj,tXgaew1Pd2Y,indicator_2,399,2
2023-09-01,Uruwa,ZYDAjKxE7WN,GJKYhq2wR9L,611.0,2.0,2024.0,7a,p,475.0,Prayagraj,tXgaew1Pd2Y,indicator_7,399,7
2023-09-01,Uruwa,ZYDAjKxE7WN,NI0EC5no6PO,938.0,2.0,2024.0,10a,p,475.0,Prayagraj,tXgaew1Pd2Y,indicator_10,399,10
2023-09-01,Mauaima,dawiYinsnkV,aRueVYr35yM.Ti9FJqkSK6J,412.0,2.0,2024.0,36b,p,460.0,Prayagraj,tXgaew1Pd2Y,indicator_36,207,36
2023-09-01,Mauaima,dawiYinsnkV,ixBYYYjxXPP,287.0,2.0,2024.0,36a,p,460.0,Prayagraj,tXgaew1Pd2Y,indicator_36,207,36
2023-09-01,Mauaima,dawiYinsnkV,aRueVYr35yM.Ti9FJqkSK6J,288.0,2.0,2024.0,36b,p,460.0,Prayagraj,tXgaew1Pd2Y,indicator_36,207,36
2023-09-01,Mauaima,dawiYinsnkV,ui45G8KwpzU.Ti9FJqkSK6J,641.0,2.0,2024.0,2a,p,460.0,Prayagraj,tXgaew1Pd2Y,indicator_2,207,2
2023-09-01,Mauaima,dawiYinsnkV,GJKYhq2wR9L,485.0,2.0,2024.0,7a,p,460.0,Prayagraj,tXgaew1Pd2Y,indicator_7,207,7
2023-09-01,Mauaima,dawiYinsnkV,NI0EC5no6PO,750.0,2.0,2024.0,10a,p,460.0,Prayagraj,tXgaew1Pd2Y,indicator_10,207,10
2023-09-01,Prayagraj DHQ,engUwg3VX3b,aRueVYr35yM.Ti9FJqkSK6J,2098.0,2.0,2024.0,36b,p,,Prayagraj,tXgaew1Pd2Y,indicator_36,675,36
2023-09-01,Prayagraj DHQ,engUwg3VX3b,ixBYYYjxXPP,414.0,2.0,2024.0,36a,p,,Prayagraj,tXgaew1Pd2Y,indicator_36,675,36
2023-09-01,Prayagraj DHQ,engUwg3VX3b,aRueVYr35yM.Ti9FJqkSK6J,738.0,2.0,2024.0,36b,p,,Prayagraj,tXgaew1Pd2Y,indicator_36,675,36
2023-09-01,Prayagraj DHQ,engUwg3VX3b,ui45G8KwpzU.Ti9FJqkSK6J,4938.0,2.0,2024.0,2a,p,,Prayagraj,tXgaew1Pd2Y,indicator_2,675,2
2023-09-01,Prayagraj DHQ,engUwg3VX3b,GJKYhq2wR9L,3407.0,2.0,2024.0,7a,p,,Prayagraj,tXgaew1Pd2Y,indicator_7,675,7
2023-09-01,Prayagraj DHQ,engUwg3VX3b,NI0EC5no6PO,3829.0,2.0,2024.0,10a,p,,Prayagraj,tXgaew1Pd2Y,indicator_10,675,10
2023-09-01,Chaka,hty8pfH1ySe,aRueVYr35yM.Ti9FJqkSK6J,429.0,2.0,2024.0,36b,p,467.0,Prayagraj,tXgaew1Pd2Y,indicator_36,376,36
2023-09-01,Chaka,hty8pfH1ySe,ixBYYYjxXPP,0.0,2.0,2024.0,36a,p,467.0,Prayagraj,tXgaew1Pd2Y,indicator_36,376,36
2023-09-01,Chaka,hty8pfH1ySe,aRueVYr35yM.Ti9FJqkSK6J,286.0,2.0,2024.0,36b,p,467.0,Prayagraj,tXgaew1Pd2Y,indicator_36,376,36
2023-09-01,Chaka,hty8pfH1ySe,ui45G8KwpzU.Ti9FJqkSK6J,597.0,2.0,2024.0,2a,p,467.0,Prayagraj,tXgaew1Pd2Y,indicator_2,376,2
2023-09-01,Chaka,hty8pfH1ySe,GJKYhq2wR9L,509.0,2.0,2024.0,7a,p,467.0,Prayagraj,tXgaew1Pd2Y,indicator_7,376,7
2023-09-01,Chaka,hty8pfH1ySe,NI0EC5no6PO,730.0,2.0,2024.0,10a,p,467.0,Prayagraj,tXgaew1Pd2Y,indicator_10,376,10
2023-09-01,Shankargarh,omKjHTDECWY,aRueVYr35yM.Ti9FJqkSK6J,381.0,2.0,2024.0,36b,p,466.0,Prayagraj,tXgaew1Pd2Y,indicator_36,434,36
2023-09-01,Shankargarh,omKjHTDECWY,ixBYYYjxXPP,0.0,2.0,2024.0,36a,p,466.0,Prayagraj,tXgaew1Pd2Y,indicator_36,434,36
2023-09-01,Shankargarh,omKjHTDECWY,aRueVYr35yM.Ti9FJqkSK6J,340.0,2.0,2024.0,36b,p,466.0,Prayagraj,tXgaew1Pd2Y,indicator_36,434,36
2023-09-01,Shankargarh,omKjHTDECWY,ui45G8KwpzU.Ti9FJqkSK6J,509.0,2.0,2024.0,2a,p,466.0,Prayagraj,tXgaew1Pd2Y,indicator_2,434,2
2023-09-01,Shankargarh,omKjHTDECWY,GJKYhq2wR9L,558.0,2.0,2024.0,7a,p,466.0,Prayagraj,tXgaew1Pd2Y,indicator_7,434,7
2023-09-01,Shankargarh,omKjHTDECWY,NI0EC5no6PO,717.0,2.0,2024.0,10a,p,466.0,Prayagraj,tXgaew1Pd2Y,indicator_10,434,10
2023-09-01,Dhanupur,ooMZMhdhlnd,aRueVYr35yM.Ti9FJqkSK6J,330.0,2.0,2024.0,36b,p,471.0,Prayagraj,tXgaew1Pd2Y,indicator_36,809,36
2023-09-01,Dhanupur,ooMZMhdhlnd,ixBYYYjxXPP,0.0,2.0,2024.0,36a,p,471.0,Prayagraj,tXgaew1Pd2Y,indicator_36,809,36
2023-09-01,Dhanupur,ooMZMhdhlnd,aRueVYr35yM.Ti9FJqkSK6J,325.0,2.0,2024.0,36b,p,471.0,Prayagraj,tXgaew1Pd2Y,indicator_36,809,36
2023-09-01,Dhanupur,ooMZMhdhlnd,ui45G8KwpzU.Ti9FJqkSK6J,679.0,2.0,2024.0,2a,p,471.0,Prayagraj,tXgaew1Pd2Y,indicator_2,809,2
2023-09-01,Dhanupur,ooMZMhdhlnd,GJKYhq2wR9L,652.0,2.0,2024.0,7a,p,471.0,Prayagraj,tXgaew1Pd2Y,indicator_7,809,7
2023-09-01,Dhanupur,ooMZMhdhlnd,NI0EC5no6PO,759.0,2.0,2024.0,10a,p,471.0,Prayagraj,tXgaew1Pd2Y,indicator_10,809,10
2023-09-01,Pratappur,rnqodqKeG71,aRueVYr35yM.Ti9FJqkSK6J,498.0,2.0,2024.0,36b,p,470.0,Prayagraj,tXgaew1Pd2Y,indicator_36,353,36
2023-09-01,Pratappur,rnqodqKeG71,ixBYYYjxXPP,0.0,2.0,2024.0,36a,p,470.0,Prayagraj,tXgaew1Pd2Y,indicator_36,353,36
2023-09-01,Pratappur,rnqodqKeG71,aRueVYr35yM.Ti9FJqkSK6J,433.0,2.0,2024.0,36b,p,470.0,Prayagraj,tXgaew1Pd2Y,indicator_36,353,36
2023-09-01,Pratappur,rnqodqKeG71,ui45G8KwpzU.Ti9FJqkSK6J,626.0,2.0,2024.0,2a,p,470.0,Prayagraj,tXgaew1Pd2Y,indicator_2,353,2
2023-09-01,Pratappur,rnqodqKeG71,GJKYhq2wR9L,609.0,2.0,2024.0,7a,p,470.0,Prayagraj,tXgaew1Pd2Y,indicator_7,353,7
2023-09-01,Pratappur,rnqodqKeG71,NI0EC5no6PO,965.0,2.0,2024.0,10a,p,470.0,Prayagraj,tXgaew1Pd2Y,indicator_10,353,10
2023-09-01,Koraon,snr8f1gc8vd,aRueVYr35yM.Ti9FJqkSK6J,618.0,2.0,2024.0,36b,p,477.0,Prayagraj,tXgaew1Pd2Y,indicator_36,145,36
2023-09-01,Koraon,snr8f1gc8vd,ixBYYYjxXPP,212.0,2.0,2024.0,36a,p,477.0,Prayagraj,tXgaew1Pd2Y,indicator_36,145,36
2023-09-01,Koraon,snr8f1gc8vd,aRueVYr35yM.Ti9FJqkSK6J,484.0,2.0,2024.0,36b,p,477.0,Prayagraj,tXgaew1Pd2Y,indicator_36,145,36
2023-09-01,Koraon,snr8f1gc8vd,ui45G8KwpzU.Ti9FJqkSK6J,956.0,2.0,2024.0,2a,p,477.0,Prayagraj,tXgaew1Pd2Y,indicator_2,145,2
2023-09-01,Koraon,snr8f1gc8vd,GJKYhq2wR9L,748.0,2.0,2024.0,7a,p,477.0,Prayagraj,tXgaew1Pd2Y,indicator_7,145,7
2023-09-01,Koraon,snr8f1gc8vd,NI0EC5no6PO,1086.0,2.0,2024.0,10a,p,477.0,Prayagraj,tXgaew1Pd2Y,indicator_10,145,10
2023-09-01,Bahadurpur,tqyaSDfRN87,aRueVYr35yM.Ti9FJqkSK6J,851.0,2.0,2024.0,36b,p,464.0,Prayagraj,tXgaew1Pd2Y,indicator_36,312,36
2023-09-01,Bahadurpur,tqyaSDfRN87,ixBYYYjxXPP,133.0,2.0,2024.0,36a,p,464.0,Prayagraj,tXgaew1Pd2Y,indicator_36,312,36
2023-09-01,Bahadurpur,tqyaSDfRN87,aRueVYr35yM.Ti9FJqkSK6J,395.0,2.0,2024.0,36b,p,464.0,Prayagraj,tXgaew1Pd2Y,indicator_36,312,36
2023-09-01,Bahadurpur,tqyaSDfRN87,ui45G8KwpzU.Ti9FJqkSK6J,1010.0,2.0,2024.0,2a,p,464.0,Prayagraj,tXgaew1Pd2Y,indicator_2,312,2
2023-09-01,Bahadurpur,tqyaSDfRN87,GJKYhq2wR9L,998.0,2.0,2024.0,7a,p,464.0,Prayagraj,tXgaew1Pd2Y,indicator_7,312,7
2023-09-01,Bahadurpur,tqyaSDfRN87,NI0EC5no6PO,1412.0,2.0,2024.0,10a,p,464.0,Prayagraj,tXgaew1Pd2Y,indicator_10,312,10
2023-09-01,Phulpur,uiUVlKvhhxF,aRueVYr35yM.Ti9FJqkSK6J,550.0,2.0,2024.0,36b,p,463.0,Prayagraj,tXgaew1Pd2Y,indicator_36,646,36
2023-09-01,Phulpur,uiUVlKvhhxF,ixBYYYjxXPP,422.0,2.0,2024.0,36a,p,463.0,Prayagraj,tXgaew1Pd2Y,indicator_36,646,36
2023-09-01,Phulpur,uiUVlKvhhxF,aRueVYr35yM.Ti9FJqkSK6J,422.0,2.0,2024.0,36b,p,463.0,Prayagraj,tXgaew1Pd2Y,indicator_36,646,36
2023-09-01,Phulpur,uiUVlKvhhxF,ui45G8KwpzU.Ti9FJqkSK6J,724.0,2.0,2024.0,2a,p,463.0,Prayagraj,tXgaew1Pd2Y,indicator_2,646,2
2023-09-01,Phulpur,uiUVlKvhhxF,GJKYhq2wR9L,935.0,2.0,2024.0,7a,p,463.0,Prayagraj,tXgaew1Pd2Y,indicator_7,646,7
2023-09-01,Phulpur,uiUVlKvhhxF,NI0EC5no6PO,934.0,2.0,2024.0,10a,p,463.0,Prayagraj,tXgaew1Pd2Y,indicator_10,646,10
2023-09-01,Jasra,vAlop9evcWY,aRueVYr35yM.Ti9FJqkSK6J,331.0,2.0,2024.0,36b,p,465.0,Prayagraj,tXgaew1Pd2Y,indicator_36,43,36
2023-09-01,Jasra,vAlop9evcWY,ixBYYYjxXPP,245.0,2.0,2024.0,36a,p,465.0,Prayagraj,tXgaew1Pd2Y,indicator_36,43,36
2023-09-01,Jasra,vAlop9evcWY,aRueVYr35yM.Ti9FJqkSK6J,296.0,2.0,2024.0,36b,p,465.0,Prayagraj,tXgaew1Pd2Y,indicator_36,43,36
2023-09-01,Jasra,vAlop9evcWY,ui45G8KwpzU.Ti9FJqkSK6J,755.0,2.0,2024.0,2a,p,465.0,Prayagraj,tXgaew1Pd2Y,indicator_2,43,2
2023-09-01,Jasra,vAlop9evcWY,GJKYhq2wR9L,516.0,2.0,2024.0,7a,p,465.0,Prayagraj,tXgaew1Pd2Y,indicator_7,43,7
2023-09-01,Jasra,vAlop9evcWY,NI0EC5no6PO,946.0,2.0,2024.0,10a,p,465.0,Prayagraj,tXgaew1Pd2Y,indicator_10,43,10
2023-09-01,Bhagwatpur,xDTc9JFJJPU,aRueVYr35yM.Ti9FJqkSK6J,318.0,2.0,2024.0,36b,p,0.0,Prayagraj,tXgaew1Pd2Y,indicator_36,911,36
2023-09-01,Bhagwatpur,xDTc9JFJJPU,aRueVYr35yM.Ti9FJqkSK6J,299.0,2.0,2024.0,36b,p,0.0,Prayagraj,tXgaew1Pd2Y,indicator_36,911,36
2023-09-01,Bhagwatpur,xDTc9JFJJPU,ui45G8KwpzU.Ti9FJqkSK6J,263.0,2.0,2024.0,2a,p,0.0,Prayagraj,tXgaew1Pd2Y,indicator_2,911,2
2023-09-01,Bhagwatpur,xDTc9JFJJPU,GJKYhq2wR9L,389.0,2.0,2024.0,7a,p,0.0,Prayagraj,tXgaew1Pd2Y,indicator_7,911,7
2023-09-01,Bhagwatpur,xDTc9JFJJPU,NI0EC5no6PO,497.0,2.0,2024.0,10a,p,0.0,Prayagraj,tXgaew1Pd2Y,indicator_10,911,10
2023-09-01,Jalalabad,CJnQGhWTHo0,aRueVYr35yM.Ti9FJqkSK6J,482.0,2.0,2024.0,36b,p,224.0,Shahjahanpur,GaiLSoQq1ue,indicator_36,70,36
2023-09-01,Jalalabad,CJnQGhWTHo0,ixBYYYjxXPP,0.0,2.0,2024.0,36a,p,224.0,Shahjahanpur,GaiLSoQq1ue,indicator_36,70,36
2023-09-01,Jalalabad,CJnQGhWTHo0,ui45G8KwpzU.Ti9FJqkSK6J,1203.0,2.0,2024.0,2a,p,224.0,Shahjahanpur,GaiLSoQq1ue,indicator_2,70,2
2023-09-01,Jalalabad,CJnQGhWTHo0,GJKYhq2wR9L,704.0,2.0,2024.0,7a,p,224.0,Shahjahanpur,GaiLSoQq1ue,indicator_7,70,7
2023-09-01,Jalalabad,CJnQGhWTHo0,NI0EC5no6PO,1242.0,2.0,2024.0,10a,p,224.0,Shahjahanpur,GaiLSoQq1ue,indicator_10,70,10
2023-09-01,Dadroul,CzrcP2SLElb,aRueVYr35yM.Ti9FJqkSK6J,168.0,2.0,2024.0,36b,p,220.0,Shahjahanpur,GaiLSoQq1ue,indicator_36,502,36
2023-09-01,Dadroul,CzrcP2SLElb,ixBYYYjxXPP,150.0,2.0,2024.0,36a,p,220.0,Shahjahanpur,GaiLSoQq1ue,indicator_36,502,36
2023-09-01,Dadroul,CzrcP2SLElb,ui45G8KwpzU.Ti9FJqkSK6J,896.0,2.0,2024.0,2a,p,220.0,Shahjahanpur,GaiLSoQq1ue,indicator_2,502,2
2023-09-01,Dadroul,CzrcP2SLElb,GJKYhq2wR9L,457.0,2.0,2024.0,7a,p,220.0,Shahjahanpur,GaiLSoQq1ue,indicator_7,502,7
2023-09-01,Dadroul,CzrcP2SLElb,NI0EC5no6PO,557.0,2.0,2024.0,10a,p,220.0,Shahjahanpur,GaiLSoQq1ue,indicator_10,502,10
2023-09-01,Bhawalkheda,FHp906GIA29,aRueVYr35yM.Ti9FJqkSK6J,306.0,2.0,2024.0,36b,p,221.0,Shahjahanpur,GaiLSoQq1ue,indicator_36,17,36
2023-09-01,Bhawalkheda,FHp906GIA29,ixBYYYjxXPP,154.0,2.0,2024.0,36a,p,221.0,Shahjahanpur,GaiLSoQq1ue,indicator_36,17,36
2023-09-01,Bhawalkheda,FHp906GIA29,ui45G8KwpzU.Ti9FJqkSK6J,1069.0,2.0,2024.0,2a,p,221.0,Shahjahanpur,GaiLSoQq1ue,indicator_2,17,2
2023-09-01,Bhawalkheda,FHp906GIA29,GJKYhq2wR9L,676.0,2.0,2024.0,7a,p,221.0,Shahjahanpur,GaiLSoQq1ue,indicator_7,17,7
2023-09-01,Bhawalkheda,FHp906GIA29,NI0EC5no6PO,884.0,2.0,2024.0,10a,p,221.0,Shahjahanpur,GaiLSoQq1ue,indicator_10,17,10
2023-09-01,Puwaya,FJZd1VoPnSp,aRueVYr35yM.Ti9FJqkSK6J,184.0,2.0,2024.0,36b,p,212.0,Shahjahanpur,GaiLSoQq1ue,indicator_36,764,36
2023-09-01,Puwaya,FJZd1VoPnSp,ixBYYYjxXPP,0.0,2.0,2024.0,36a,p,212.0,Shahjahanpur,GaiLSoQq1ue,indicator_36,764,36
2023-09-01,Puwaya,FJZd1VoPnSp,ui45G8KwpzU.Ti9FJqkSK6J,380.0,2.0,2024.0,2a,p,212.0,Shahjahanpur,GaiLSoQq1ue,indicator_2,764,2
2023-09-01,Puwaya,FJZd1VoPnSp,GJKYhq2wR9L,406.0,2.0,2024.0,7a,p,212.0,Shahjahanpur,GaiLSoQq1ue,indicator_7,764,7
2023-09-01,Puwaya,FJZd1VoPnSp,NI0EC5no6PO,765.0,2.0,2024.0,10a,p,212.0,Shahjahanpur,GaiLSoQq1ue,indicator_10,764,10
2023-09-01,Mirzapur Shahjahanpur,Gj3mY1laAQs,aRueVYr35yM.Ti9FJqkSK6J,218.0,2.0,2024.0,36b,p,223.0,Shahjahanpur,GaiLSoQq1ue,indicator_36,739,36
2023-09-01,Mirzapur Shahjahanpur,Gj3mY1laAQs,ixBYYYjxXPP,0.0,2.0,2024.0,36a,p,223.0,Shahjahanpur,GaiLSoQq1ue,indicator_36,739,36
2023-09-01,Mirzapur Shahjahanpur,Gj3mY1laAQs,ui45G8KwpzU.Ti9FJqkSK6J,542.0,2.0,2024.0,2a,p,223.0,Shahjahanpur,GaiLSoQq1ue,indicator_2,739,2
2023-09-01,Mirzapur Shahjahanpur,Gj3mY1laAQs,GJKYhq2wR9L,332.0,2.0,2024.0,7a,p,223.0,Shahjahanpur,GaiLSoQq1ue,indicator_7,739,7
2023-09-01,Mirzapur Shahjahanpur,Gj3mY1laAQs,NI0EC5no6PO,709.0,2.0,2024.0,10a,p,223.0,Shahjahanpur,GaiLSoQq1ue,indicator_10,739,10
2023-09-01,Khutar,ROeKhlePe7w,aRueVYr35yM.Ti9FJqkSK6J,182.0,2.0,2024.0,36b,p,211.0,Shahjahanpur,GaiLSoQq1ue,indicator_36,114,36
2023-09-01,Khutar,ROeKhlePe7w,ixBYYYjxXPP,182.0,2.0,2024.0,36a,p,211.0,Shahjahanpur,GaiLSoQq1ue,indicator_36,114,36
2023-09-01,Khutar,ROeKhlePe7w,ui45G8KwpzU.Ti9FJqkSK6J,530.0,2.0,2024.0,2a,p,211.0,Shahjahanpur,GaiLSoQq1ue,indicator_2,114,2
2023-09-01,Khutar,ROeKhlePe7w,GJKYhq2wR9L,322.0,2.0,2024.0,7a,p,211.0,Shahjahanpur,GaiLSoQq1ue,indicator_7,114,7
2023-09-01,Khutar,ROeKhlePe7w,NI0EC5no6PO,466.0,2.0,2024.0,10a,p,211.0,Shahjahanpur,GaiLSoQq1ue,indicator_10,114,10
2023-09-01,Sidhouli,RWbJEn9kMN0,aRueVYr35yM.Ti9FJqkSK6J,237.0,2.0,2024.0,36b,p,213.0,Shahjahanpur,GaiLSoQq1ue,indicator_36,469,36
2023-09-01,Sidhouli,RWbJEn9kMN0,ixBYYYjxXPP,100.0,2.0,2024.0,36a,p,213.0,Shahjahanpur,GaiLSoQq1ue,indicator_36,469,36
2023-09-01,Sidhouli,RWbJEn9kMN0,ui45G8KwpzU.Ti9FJqkSK6J,606.0,2.0,2024.0,2a,p,213.0,Shahjahanpur,GaiLSoQq1ue,indicator_2,469,2
2023-09-01,Sidhouli,RWbJEn9kMN0,GJKYhq2wR9L,413.0,2.0,2024.0,7a,p,213.0,Shahjahanpur,GaiLSoQq1ue,indicator_7,469,7
2023-09-01,Sidhouli,RWbJEn9kMN0,NI0EC5no6PO,623.0,2.0,2024.0,10a,p,213.0,Shahjahanpur,GaiLSoQq1ue,indicator_10,469,10
2023-09-01,Madnapur,Siyf9v1S9St,aRueVYr35yM.Ti9FJqkSK6J,133.0,2.0,2024.0,36b,p,216.0,Shahjahanpur,GaiLSoQq1ue,indicator_36,240,36
2023-09-01,Madnapur,Siyf9v1S9St,ixBYYYjxXPP,116.0,2.0,2024.0,36a,p,216.0,Shahjahanpur,GaiLSoQq1ue,indicator_36,240,36
2023-09-01,Madnapur,Siyf9v1S9St,ui45G8KwpzU.Ti9FJqkSK6J,727.0,2.0,2024.0,2a,p,216.0,Shahjahanpur,GaiLSoQq1ue,indicator_2,240,2
2023-09-01,Madnapur,Siyf9v1S9St,GJKYhq2wR9L,428.0,2.0,2024.0,7a,p,216.0,Shahjahanpur,GaiLSoQq1ue,indicator_7,240,7
2023-09-01,Madnapur,Siyf9v1S9St,NI0EC5no6PO,751.0,2.0,2024.0,10a,p,216.0,Shahjahanpur,GaiLSoQq1ue,indicator_10,240,10
2023-09-01,Khudaganj,Y5b8fuW0nqo,aRueVYr35yM.Ti9FJqkSK6J,268.0,2.0,2024.0,36b,p,214.0,Shahjahanpur,GaiLSoQq1ue,indicator_36,826,36
2023-09-01,Khudaganj,Y5b8fuW0nqo,ixBYYYjxXPP,260.0,2.0,2024.0,36a,p,214.0,Shahjahanpur,GaiLSoQq1ue,indicator_36,826,36
2023-09-01,Khudaganj,Y5b8fuW0nqo,ui45G8KwpzU.Ti9FJqkSK6J,274.0,2.0,2024.0,2a,p,214.0,Shahjahanpur,GaiLSoQq1ue,indicator_2,826,2
2023-09-01,Khudaganj,Y5b8fuW0nqo,GJKYhq2wR9L,441.0,2.0,2024.0,7a,p,214.0,Shahjahanpur,GaiLSoQq1ue,indicator_7,826,7
2023-09-01,Khudaganj,Y5b8fuW0nqo,NI0EC5no6PO,543.0,2.0,2024.0,10a,p,214.0,Shahjahanpur,GaiLSoQq1ue,indicator_10,826,10
2023-09-01,Kanth,eRgWsRn98MG,aRueVYr35yM.Ti9FJqkSK6J,263.0,2.0,2024.0,36b,p,219.0,Shahjahanpur,GaiLSoQq1ue,indicator_36,484,36
2023-09-01,Kanth,eRgWsRn98MG,ixBYYYjxXPP,228.0,2.0,2024.0,36a,p,219.0,Shahjahanpur,GaiLSoQq1ue,indicator_36,484,36
2023-09-01,Kanth,eRgWsRn98MG,ui45G8KwpzU.Ti9FJqkSK6J,551.0,2.0,2024.0,2a,p,219.0,Shahjahanpur,GaiLSoQq1ue,indicator_2,484,2
2023-09-01,Kanth,eRgWsRn98MG,GJKYhq2wR9L,458.0,2.0,2024.0,7a,p,219.0,Shahjahanpur,GaiLSoQq1ue,indicator_7,484,7
2023-09-01,Kanth,eRgWsRn98MG,NI0EC5no6PO,704.0,2.0,2024.0,10a,p,219.0,Shahjahanpur,GaiLSoQq1ue,indicator_10,484,10
2023-09-01,Kalan,gGoFUoVcUmI,aRueVYr35yM.Ti9FJqkSK6J,320.0,2.0,2024.0,36b,p,222.0,Shahjahanpur,GaiLSoQq1ue,indicator_36,113,36
2023-09-01,Kalan,gGoFUoVcUmI,ixBYYYjxXPP,309.0,2.0,2024.0,36a,p,222.0,Shahjahanpur,GaiLSoQq1ue,indicator_36,113,36
2023-09-01,Kalan,gGoFUoVcUmI,ui45G8KwpzU.Ti9FJqkSK6J,519.0,2.0,2024.0,2a,p,222.0,Shahjahanpur,GaiLSoQq1ue,indicator_2,113,2
2023-09-01,Kalan,gGoFUoVcUmI,GJKYhq2wR9L,430.0,2.0,2024.0,7a,p,222.0,Shahjahanpur,GaiLSoQq1ue,indicator_7,113,7
2023-09-01,Kalan,gGoFUoVcUmI,NI0EC5no6PO,439.0,2.0,2024.0,10a,p,222.0,Shahjahanpur,GaiLSoQq1ue,indicator_10,113,10
2023-09-01,Shahjahanpur DHQ,jc5MqfKVzRH,aRueVYr35yM.Ti9FJqkSK6J,3575.0,2.0,2024.0,36b,p,,Shahjahanpur,GaiLSoQq1ue,indicator_36,661,36
2023-09-01,Shahjahanpur DHQ,jc5MqfKVzRH,ixBYYYjxXPP,503.0,2.0,2024.0,36a,p,,Shahjahanpur,GaiLSoQq1ue,indicator_36,661,36
2023-09-01,Shahjahanpur DHQ,jc5MqfKVzRH,aRueVYr35yM.Ti9FJqkSK6J,660.0,2.0,2024.0,36b,p,,Shahjahanpur,GaiLSoQq1ue,indicator_36,661,36
2023-09-01,Shahjahanpur DHQ,jc5MqfKVzRH,ui45G8KwpzU.Ti9FJqkSK6J,2335.0,2.0,2024.0,2a,p,,Shahjahanpur,GaiLSoQq1ue,indicator_2,661,2
2023-09-01,Shahjahanpur DHQ,jc5MqfKVzRH,GJKYhq2wR9L,783.0,2.0,2024.0,7a,p,,Shahjahanpur,GaiLSoQq1ue,indicator_7,661,7
2023-09-01,Shahjahanpur DHQ,jc5MqfKVzRH,NI0EC5no6PO,2927.0,2.0,2024.0,10a,p,,Shahjahanpur,GaiLSoQq1ue,indicator_10,661,10
2023-09-01,Jaitipur,l14UZLO07Q9,aRueVYr35yM.Ti9FJqkSK6J,168.0,2.0,2024.0,36b,p,215.0,Shahjahanpur,GaiLSoQq1ue,indicator_36,564,36
2023-09-01,Jaitipur,l14UZLO07Q9,ixBYYYjxXPP,113.0,2.0,2024.0,36a,p,215.0,Shahjahanpur,GaiLSoQq1ue,indicator_36,564,36
2023-09-01,Jaitipur,l14UZLO07Q9,ui45G8KwpzU.Ti9FJqkSK6J,483.0,2.0,2024.0,2a,p,215.0,Shahjahanpur,GaiLSoQq1ue,indicator_2,564,2
2023-09-01,Jaitipur,l14UZLO07Q9,GJKYhq2wR9L,390.0,2.0,2024.0,7a,p,215.0,Shahjahanpur,GaiLSoQq1ue,indicator_7,564,7
2023-09-01,Jaitipur,l14UZLO07Q9,NI0EC5no6PO,514.0,2.0,2024.0,10a,p,215.0,Shahjahanpur,GaiLSoQq1ue,indicator_10,564,10
2023-09-01,Tilhar,o9TtE34iDMB,aRueVYr35yM.Ti9FJqkSK6J,327.0,2.0,2024.0,36b,p,217.0,Shahjahanpur,GaiLSoQq1ue,indicator_36,287,36
2023-09-01,Tilhar,o9TtE34iDMB,ixBYYYjxXPP,322.0,2.0,2024.0,36a,p,217.0,Shahjahanpur,GaiLSoQq1ue,indicator_36,287,36
2023-09-01,Tilhar,o9TtE34iDMB,ui45G8KwpzU.Ti9FJqkSK6J,794.0,2.0,2024.0,2a,p,217.0,Shahjahanpur,GaiLSoQq1ue,indicator_2,287,2
2023-09-01,Tilhar,o9TtE34iDMB,GJKYhq2wR9L,481.0,2.0,2024.0,7a,p,217.0,Shahjahanpur,GaiLSoQq1ue,indicator_7,287,7
2023-09-01,Tilhar,o9TtE34iDMB,NI0EC5no6PO,620.0,2.0,2024.0,10a,p,217.0,Shahjahanpur,GaiLSoQq1ue,indicator_10,287,10
2023-09-01,Nigohi,oSPqI1SUnmV,aRueVYr35yM.Ti9FJqkSK6J,337.0,2.0,2024.0,36b,p,218.0,Shahjahanpur,GaiLSoQq1ue,indicator_36,754,36
2023-09-01,Nigohi,oSPqI1SUnmV,ui45G8KwpzU.Ti9FJqkSK6J,678.0,2.0,2024.0,2a,p,218.0,Shahjahanpur,GaiLSoQq1ue,indicator_2,754,2
2023-09-01,Nigohi,oSPqI1SUnmV,GJKYhq2wR9L,463.0,2.0,2024.0,7a,p,218.0,Shahjahanpur,GaiLSoQq1ue,indicator_7,754,7
2023-09-01,Nigohi,oSPqI1SUnmV,NI0EC5no6PO,598.0,2.0,2024.0,10a,p,218.0,Shahjahanpur,GaiLSoQq1ue,indicator_10,754,10
2023-09-01,Banda,tjhsboDAHva,aRueVYr35yM.Ti9FJqkSK6J,335.0,2.0,2024.0,36b,p,210.0,Shahjahanpur,GaiLSoQq1ue,indicator_36,323,36
2023-09-01,Banda,tjhsboDAHva,ixBYYYjxXPP,290.0,2.0,2024.0,36a,p,210.0,Shahjahanpur,GaiLSoQq1ue,indicator_36,323,36
2023-09-01,Banda,tjhsboDAHva,ui45G8KwpzU.Ti9FJqkSK6J,666.0,2.0,2024.0,2a,p,210.0,Shahjahanpur,GaiLSoQq1ue,indicator_2,323,2
2023-09-01,Banda,tjhsboDAHva,GJKYhq2wR9L,509.0,2.0,2024.0,7a,p,210.0,Shahjahanpur,GaiLSoQq1ue,indicator_7,323,7
2023-09-01,Banda,tjhsboDAHva,NI0EC5no6PO,975.0,2.0,2024.0,10a,p,210.0,Shahjahanpur,GaiLSoQq1ue,indicator_10,323,10
2023-09-01,Chirgaon,CNdl7yi4n8S,aRueVYr35yM.Ti9FJqkSK6J,255.0,2.0,2024.0,36b,p,383.0,Jhansi,Mq751wBMqGF,indicator_36,523,36
2023-09-01,Chirgaon,CNdl7yi4n8S,ixBYYYjxXPP,246.0,2.0,2024.0,36a,p,383.0,Jhansi,Mq751wBMqGF,indicator_36,523,36
2023-09-01,Chirgaon,CNdl7yi4n8S,ui45G8KwpzU.Ti9FJqkSK6J,363.0,2.0,2024.0,2a,p,383.0,Jhansi,Mq751wBMqGF,indicator_2,523,2
2023-09-01,Chirgaon,CNdl7yi4n8S,GJKYhq2wR9L,385.0,2.0,2024.0,7a,p,383.0,Jhansi,Mq751wBMqGF,indicator_7,523,7
2023-09-01,Chirgaon,CNdl7yi4n8S,NI0EC5no6PO,401.0,2.0,2024.0,10a,p,383.0,Jhansi,Mq751wBMqGF,indicator_10,523,10
2023-09-01,Bangra,W9mkfkYcPh8,aRueVYr35yM.Ti9FJqkSK6J,169.0,2.0,2024.0,36b,p,386.0,Jhansi,Mq751wBMqGF,indicator_36,33,36
2023-09-01,Bangra,W9mkfkYcPh8,ixBYYYjxXPP,155.0,2.0,2024.0,36a,p,386.0,Jhansi,Mq751wBMqGF,indicator_36,33,36
2023-09-01,Bangra,W9mkfkYcPh8,ui45G8KwpzU.Ti9FJqkSK6J,414.0,2.0,2024.0,2a,p,386.0,Jhansi,Mq751wBMqGF,indicator_2,33,2
2023-09-01,Bangra,W9mkfkYcPh8,GJKYhq2wR9L,434.0,2.0,2024.0,7a,p,386.0,Jhansi,Mq751wBMqGF,indicator_7,33,7
2023-09-01,Bangra,W9mkfkYcPh8,NI0EC5no6PO,416.0,2.0,2024.0,10a,p,386.0,Jhansi,Mq751wBMqGF,indicator_10,33,10
2023-09-01,Mauranipur,cmHMhMayFWq,aRueVYr35yM.Ti9FJqkSK6J,338.0,2.0,2024.0,36b,p,387.0,Jhansi,Mq751wBMqGF,indicator_36,720,36
2023-09-01,Mauranipur,cmHMhMayFWq,ixBYYYjxXPP,331.0,2.0,2024.0,36a,p,387.0,Jhansi,Mq751wBMqGF,indicator_36,720,36
2023-09-01,Mauranipur,cmHMhMayFWq,ui45G8KwpzU.Ti9FJqkSK6J,573.0,2.0,2024.0,2a,p,387.0,Jhansi,Mq751wBMqGF,indicator_2,720,2
2023-09-01,Mauranipur,cmHMhMayFWq,GJKYhq2wR9L,518.0,2.0,2024.0,7a,p,387.0,Jhansi,Mq751wBMqGF,indicator_7,720,7
2023-09-01,Mauranipur,cmHMhMayFWq,NI0EC5no6PO,565.0,2.0,2024.0,10a,p,387.0,Jhansi,Mq751wBMqGF,indicator_10,720,10
2023-09-01,Moth,cvjZcBpUtSR,aRueVYr35yM.Ti9FJqkSK6J,241.0,2.0,2024.0,36b,p,382.0,Jhansi,Mq751wBMqGF,indicator_36,519,36
2023-09-01,Moth,cvjZcBpUtSR,ixBYYYjxXPP,223.0,2.0,2024.0,36a,p,382.0,Jhansi,Mq751wBMqGF,indicator_36,519,36
2023-09-01,Moth,cvjZcBpUtSR,ui45G8KwpzU.Ti9FJqkSK6J,724.0,2.0,2024.0,2a,p,382.0,Jhansi,Mq751wBMqGF,indicator_2,519,2
2023-09-01,Moth,cvjZcBpUtSR,GJKYhq2wR9L,539.0,2.0,2024.0,7a,p,382.0,Jhansi,Mq751wBMqGF,indicator_7,519,7
2023-09-01,Moth,cvjZcBpUtSR,NI0EC5no6PO,895.0,2.0,2024.0,10a,p,382.0,Jhansi,Mq751wBMqGF,indicator_10,519,10
2023-09-01,Gursaria,h9b0ymhftGb,aRueVYr35yM.Ti9FJqkSK6J,230.0,2.0,2024.0,36b,p,385.0,Jhansi,Mq751wBMqGF,indicator_36,326,36
2023-09-01,Gursaria,h9b0ymhftGb,ixBYYYjxXPP,212.0,2.0,2024.0,36a,p,385.0,Jhansi,Mq751wBMqGF,indicator_36,326,36
2023-09-01,Gursaria,h9b0ymhftGb,ui45G8KwpzU.Ti9FJqkSK6J,427.0,2.0,2024.0,2a,p,385.0,Jhansi,Mq751wBMqGF,indicator_2,326,2
2023-09-01,Gursaria,h9b0ymhftGb,GJKYhq2wR9L,357.0,2.0,2024.0,7a,p,385.0,Jhansi,Mq751wBMqGF,indicator_7,326,7
2023-09-01,Gursaria,h9b0ymhftGb,NI0EC5no6PO,270.0,2.0,2024.0,10a,p,385.0,Jhansi,Mq751wBMqGF,indicator_10,326,10
2023-09-01,Babina,jtzi71zh7X8,aRueVYr35yM.Ti9FJqkSK6J,164.0,2.0,2024.0,36b,p,389.0,Jhansi,Mq751wBMqGF,indicator_36,522,36
2023-09-01,Babina,jtzi71zh7X8,ixBYYYjxXPP,158.0,2.0,2024.0,36a,p,389.0,Jhansi,Mq751wBMqGF,indicator_36,522,36
2023-09-01,Babina,jtzi71zh7X8,ui45G8KwpzU.Ti9FJqkSK6J,548.0,2.0,2024.0,2a,p,389.0,Jhansi,Mq751wBMqGF,indicator_2,522,2
2023-09-01,Babina,jtzi71zh7X8,GJKYhq2wR9L,597.0,2.0,2024.0,7a,p,389.0,Jhansi,Mq751wBMqGF,indicator_7,522,7
2023-09-01,Babina,jtzi71zh7X8,NI0EC5no6PO,552.0,2.0,2024.0,10a,p,389.0,Jhansi,Mq751wBMqGF,indicator_10,522,10
2023-09-01,Bada Gaon,l7op2G8Asvm,aRueVYr35yM.Ti9FJqkSK6J,124.0,2.0,2024.0,36b,p,388.0,Jhansi,Mq751wBMqGF,indicator_36,225,36
2023-09-01,Bada Gaon,l7op2G8Asvm,ixBYYYjxXPP,128.0,2.0,2024.0,36a,p,388.0,Jhansi,Mq751wBMqGF,indicator_36,225,36
2023-09-01,Bada Gaon,l7op2G8Asvm,ui45G8KwpzU.Ti9FJqkSK6J,475.0,2.0,2024.0,2a,p,388.0,Jhansi,Mq751wBMqGF,indicator_2,225,2
2023-09-01,Bada Gaon,l7op2G8Asvm,GJKYhq2wR9L,374.0,2.0,2024.0,7a,p,388.0,Jhansi,Mq751wBMqGF,indicator_7,225,7
2023-09-01,Bada Gaon,l7op2G8Asvm,NI0EC5no6PO,476.0,2.0,2024.0,10a,p,388.0,Jhansi,Mq751wBMqGF,indicator_10,225,10
2023-09-01,Jhansi DHQ,o2TR0og834Q,aRueVYr35yM.Ti9FJqkSK6J,2253.0,2.0,2024.0,36b,p,,Jhansi,Mq751wBMqGF,indicator_36,91,36
2023-09-01,Jhansi DHQ,o2TR0og834Q,ixBYYYjxXPP,642.0,2.0,2024.0,36a,p,,Jhansi,Mq751wBMqGF,indicator_36,91,36
2023-09-01,Jhansi DHQ,o2TR0og834Q,aRueVYr35yM.Ti9FJqkSK6J,707.0,2.0,2024.0,36b,p,,Jhansi,Mq751wBMqGF,indicator_36,91,36
2023-09-01,Jhansi DHQ,o2TR0og834Q,ui45G8KwpzU.Ti9FJqkSK6J,1606.0,2.0,2024.0,2a,p,,Jhansi,Mq751wBMqGF,indicator_2,91,2
2023-09-01,Jhansi DHQ,o2TR0og834Q,GJKYhq2wR9L,1068.0,2.0,2024.0,7a,p,,Jhansi,Mq751wBMqGF,indicator_7,91,7
2023-09-01,Jhansi DHQ,o2TR0og834Q,NI0EC5no6PO,856.0,2.0,2024.0,10a,p,,Jhansi,Mq751wBMqGF,indicator_10,91,10
2023-09-01,Bamaur,yfN8RlEk6Eo,aRueVYr35yM.Ti9FJqkSK6J,147.0,2.0,2024.0,36b,p,384.0,Jhansi,Mq751wBMqGF,indicator_36,41,36
2023-09-01,Bamaur,yfN8RlEk6Eo,ixBYYYjxXPP,135.0,2.0,2024.0,36a,p,384.0,Jhansi,Mq751wBMqGF,indicator_36,41,36
2023-09-01,Bamaur,yfN8RlEk6Eo,ui45G8KwpzU.Ti9FJqkSK6J,273.0,2.0,2024.0,2a,p,384.0,Jhansi,Mq751wBMqGF,indicator_2,41,2
2023-09-01,Bamaur,yfN8RlEk6Eo,GJKYhq2wR9L,306.0,2.0,2024.0,7a,p,384.0,Jhansi,Mq751wBMqGF,indicator_7,41,7
2023-09-01,Bamaur,yfN8RlEk6Eo,NI0EC5no6PO,353.0,2.0,2024.0,10a,p,384.0,Jhansi,Mq751wBMqGF,indicator_10,41,10
2023-09-01,Agra Shashambad,CSr734nIeVU,aRueVYr35yM.Ti9FJqkSK6J,343.0,2.0,2024.0,36b,p,147.0,Agra,N5WWbRtsjWp,indicator_36,249,36
2023-09-01,Agra Shashambad,CSr734nIeVU,ixBYYYjxXPP,334.0,2.0,2024.0,36a,p,147.0,Agra,N5WWbRtsjWp,indicator_36,249,36
2023-09-01,Agra Shashambad,CSr734nIeVU,ui45G8KwpzU.Ti9FJqkSK6J,1113.0,2.0,2024.0,2a,p,147.0,Agra,N5WWbRtsjWp,indicator_2,249,2
2023-09-01,Agra Shashambad,CSr734nIeVU,GJKYhq2wR9L,528.0,2.0,2024.0,7a,p,147.0,Agra,N5WWbRtsjWp,indicator_7,249,7
2023-09-01,Agra Shashambad,CSr734nIeVU,NI0EC5no6PO,881.0,2.0,2024.0,10a,p,147.0,Agra,N5WWbRtsjWp,indicator_10,249,10
2023-09-01,Agra DHQ,CUTzCqh1nRn,aRueVYr35yM.Ti9FJqkSK6J,6081.0,2.0,2024.0,36b,p,,Agra,N5WWbRtsjWp,indicator_36,555,36
2023-09-01,Agra DHQ,CUTzCqh1nRn,ixBYYYjxXPP,826.0,2.0,2024.0,36a,p,,Agra,N5WWbRtsjWp,indicator_36,555,36
2023-09-01,Agra DHQ,CUTzCqh1nRn,aRueVYr35yM.Ti9FJqkSK6J,1485.0,2.0,2024.0,36b,p,,Agra,N5WWbRtsjWp,indicator_36,555,36
2023-09-01,Agra DHQ,CUTzCqh1nRn,ui45G8KwpzU.Ti9FJqkSK6J,2604.0,2.0,2024.0,2a,p,,Agra,N5WWbRtsjWp,indicator_2,555,2
2023-09-01,Agra DHQ,CUTzCqh1nRn,GJKYhq2wR9L,2268.0,2.0,2024.0,7a,p,,Agra,N5WWbRtsjWp,indicator_7,555,7
2023-09-01,Agra DHQ,CUTzCqh1nRn,NI0EC5no6PO,2794.0,2.0,2024.0,10a,p,,Agra,N5WWbRtsjWp,indicator_10,555,10
2023-09-01,Agra Jagner,JGBdoOZp18V,aRueVYr35yM.Ti9FJqkSK6J,225.0,2.0,2024.0,36b,p,144.0,Agra,N5WWbRtsjWp,indicator_36,344,36
2023-09-01,Agra Jagner,JGBdoOZp18V,ixBYYYjxXPP,201.0,2.0,2024.0,36a,p,144.0,Agra,N5WWbRtsjWp,indicator_36,344,36
2023-09-01,Agra Jagner,JGBdoOZp18V,ui45G8KwpzU.Ti9FJqkSK6J,492.0,2.0,2024.0,2a,p,144.0,Agra,N5WWbRtsjWp,indicator_2,344,2
2023-09-01,Agra Jagner,JGBdoOZp18V,GJKYhq2wR9L,325.0,2.0,2024.0,7a,p,144.0,Agra,N5WWbRtsjWp,indicator_7,344,7
2023-09-01,Agra Jagner,JGBdoOZp18V,NI0EC5no6PO,524.0,2.0,2024.0,10a,p,144.0,Agra,N5WWbRtsjWp,indicator_10,344,10
2023-09-01,Agra Khaundali,NWLheaE7Ac4,aRueVYr35yM.Ti9FJqkSK6J,329.0,2.0,2024.0,36b,p,137.0,Agra,N5WWbRtsjWp,indicator_36,601,36
2023-09-01,Agra Khaundali,NWLheaE7Ac4,ixBYYYjxXPP,250.0,2.0,2024.0,36a,p,137.0,Agra,N5WWbRtsjWp,indicator_36,601,36
2023-09-01,Agra Khaundali,NWLheaE7Ac4,ui45G8KwpzU.Ti9FJqkSK6J,295.0,2.0,2024.0,2a,p,137.0,Agra,N5WWbRtsjWp,indicator_2,601,2
2023-09-01,Agra Khaundali,NWLheaE7Ac4,GJKYhq2wR9L,446.0,2.0,2024.0,7a,p,137.0,Agra,N5WWbRtsjWp,indicator_7,601,7
2023-09-01,Agra Khaundali,NWLheaE7Ac4,NI0EC5no6PO,572.0,2.0,2024.0,10a,p,137.0,Agra,N5WWbRtsjWp,indicator_10,601,10
2023-09-01,Agra Jaitpur Kala,PlRYdgqkTLD,aRueVYr35yM.Ti9FJqkSK6J,158.0,2.0,2024.0,36b,p,151.0,Agra,N5WWbRtsjWp,indicator_36,191,36
2023-09-01,Agra Jaitpur Kala,PlRYdgqkTLD,ixBYYYjxXPP,158.0,2.0,2024.0,36a,p,151.0,Agra,N5WWbRtsjWp,indicator_36,191,36
2023-09-01,Agra Jaitpur Kala,PlRYdgqkTLD,ui45G8KwpzU.Ti9FJqkSK6J,488.0,2.0,2024.0,2a,p,151.0,Agra,N5WWbRtsjWp,indicator_2,191,2
2023-09-01,Agra Jaitpur Kala,PlRYdgqkTLD,GJKYhq2wR9L,237.0,2.0,2024.0,7a,p,151.0,Agra,N5WWbRtsjWp,indicator_7,191,7
2023-09-01,Agra Jaitpur Kala,PlRYdgqkTLD,NI0EC5no6PO,277.0,2.0,2024.0,10a,p,151.0,Agra,N5WWbRtsjWp,indicator_10,191,10
2023-09-01,Agra Barauli Ahir,PskcWzXXxHt,aRueVYr35yM.Ti9FJqkSK6J,343.0,2.0,2024.0,36b,p,141.0,Agra,N5WWbRtsjWp,indicator_36,644,36
2023-09-01,Agra Barauli Ahir,PskcWzXXxHt,ixBYYYjxXPP,0.0,2.0,2024.0,36a,p,141.0,Agra,N5WWbRtsjWp,indicator_36,644,36
2023-09-01,Agra Barauli Ahir,PskcWzXXxHt,ui45G8KwpzU.Ti9FJqkSK6J,916.0,2.0,2024.0,2a,p,141.0,Agra,N5WWbRtsjWp,indicator_2,644,2
2023-09-01,Agra Barauli Ahir,PskcWzXXxHt,GJKYhq2wR9L,879.0,2.0,2024.0,7a,p,141.0,Agra,N5WWbRtsjWp,indicator_7,644,7
2023-09-01,Agra Barauli Ahir,PskcWzXXxHt,NI0EC5no6PO,1018.0,2.0,2024.0,10a,p,141.0,Agra,N5WWbRtsjWp,indicator_10,644,10
2023-09-01,Agra Bichpuri,RjTiJ3wL4Ir,aRueVYr35yM.Ti9FJqkSK6J,367.0,2.0,2024.0,36b,p,139.0,Agra,N5WWbRtsjWp,indicator_36,836,36
2023-09-01,Agra Bichpuri,RjTiJ3wL4Ir,ixBYYYjxXPP,0.0,2.0,2024.0,36a,p,139.0,Agra,N5WWbRtsjWp,indicator_36,836,36
2023-09-01,Agra Bichpuri,RjTiJ3wL4Ir,ui45G8KwpzU.Ti9FJqkSK6J,770.0,2.0,2024.0,2a,p,139.0,Agra,N5WWbRtsjWp,indicator_2,836,2
2023-09-01,Agra Bichpuri,RjTiJ3wL4Ir,GJKYhq2wR9L,562.0,2.0,2024.0,7a,p,139.0,Agra,N5WWbRtsjWp,indicator_7,836,7
2023-09-01,Agra Bichpuri,RjTiJ3wL4Ir,NI0EC5no6PO,462.0,2.0,2024.0,10a,p,139.0,Agra,N5WWbRtsjWp,indicator_10,836,10
2023-09-01,Agra Bah,TNFp3ouQZzy,aRueVYr35yM.Ti9FJqkSK6J,285.0,2.0,2024.0,36b,p,150.0,Agra,N5WWbRtsjWp,indicator_36,499,36
2023-09-01,Agra Bah,TNFp3ouQZzy,ixBYYYjxXPP,105.0,2.0,2024.0,36a,p,150.0,Agra,N5WWbRtsjWp,indicator_36,499,36
2023-09-01,Agra Bah,TNFp3ouQZzy,ui45G8KwpzU.Ti9FJqkSK6J,544.0,2.0,2024.0,2a,p,150.0,Agra,N5WWbRtsjWp,indicator_2,499,2
2023-09-01,Agra Bah,TNFp3ouQZzy,GJKYhq2wR9L,319.0,2.0,2024.0,7a,p,150.0,Agra,N5WWbRtsjWp,indicator_7,499,7
2023-09-01,Agra Bah,TNFp3ouQZzy,NI0EC5no6PO,493.0,2.0,2024.0,10a,p,150.0,Agra,N5WWbRtsjWp,indicator_10,499,10
2023-09-01,Agra Achnera,eV15qufBx79,aRueVYr35yM.Ti9FJqkSK6J,430.0,2.0,2024.0,36b,p,143.0,Agra,N5WWbRtsjWp,indicator_36,755,36
2023-09-01,Agra Achnera,eV15qufBx79,ixBYYYjxXPP,360.0,2.0,2024.0,36a,p,143.0,Agra,N5WWbRtsjWp,indicator_36,755,36
2023-09-01,Agra Achnera,eV15qufBx79,ui45G8KwpzU.Ti9FJqkSK6J,993.0,2.0,2024.0,2a,p,143.0,Agra,N5WWbRtsjWp,indicator_2,755,2
2023-09-01,Agra Achnera,eV15qufBx79,GJKYhq2wR9L,526.0,2.0,2024.0,7a,p,143.0,Agra,N5WWbRtsjWp,indicator_7,755,7
2023-09-01,Agra Achnera,eV15qufBx79,NI0EC5no6PO,836.0,2.0,2024.0,10a,p,143.0,Agra,N5WWbRtsjWp,indicator_10,755,10
2023-09-01,Agra Kahiragarh,hO5EeDRnO8S,aRueVYr35yM.Ti9FJqkSK6J,219.0,2.0,2024.0,36b,p,145.0,Agra,N5WWbRtsjWp,indicator_36,231,36
2023-09-01,Agra Kahiragarh,hO5EeDRnO8S,ixBYYYjxXPP,135.0,2.0,2024.0,36a,p,145.0,Agra,N5WWbRtsjWp,indicator_36,231,36
2023-09-01,Agra Kahiragarh,hO5EeDRnO8S,ui45G8KwpzU.Ti9FJqkSK6J,820.0,2.0,2024.0,2a,p,145.0,Agra,N5WWbRtsjWp,indicator_2,231,2
2023-09-01,Agra Kahiragarh,hO5EeDRnO8S,GJKYhq2wR9L,327.0,2.0,2024.0,7a,p,145.0,Agra,N5WWbRtsjWp,indicator_7,231,7
2023-09-01,Agra Kahiragarh,hO5EeDRnO8S,NI0EC5no6PO,804.0,2.0,2024.0,10a,p,145.0,Agra,N5WWbRtsjWp,indicator_10,231,10
2023-09-01,Agra Akola,iqYgALY5y5A,aRueVYr35yM.Ti9FJqkSK6J,228.0,2.0,2024.0,36b,p,140.0,Agra,N5WWbRtsjWp,indicator_36,47,36
2023-09-01,Agra Akola,iqYgALY5y5A,ixBYYYjxXPP,136.0,2.0,2024.0,36a,p,140.0,Agra,N5WWbRtsjWp,indicator_36,47,36
2023-09-01,Agra Akola,iqYgALY5y5A,ui45G8KwpzU.Ti9FJqkSK6J,829.0,2.0,2024.0,2a,p,140.0,Agra,N5WWbRtsjWp,indicator_2,47,2
2023-09-01,Agra Akola,iqYgALY5y5A,GJKYhq2wR9L,359.0,2.0,2024.0,7a,p,140.0,Agra,N5WWbRtsjWp,indicator_7,47,7
2023-09-01,Agra Akola,iqYgALY5y5A,NI0EC5no6PO,603.0,2.0,2024.0,10a,p,140.0,Agra,N5WWbRtsjWp,indicator_10,47,10
2023-09-01,Agra Sainya,mqJOhnNW2ce,aRueVYr35yM.Ti9FJqkSK6J,309.0,2.0,2024.0,36b,p,146.0,Agra,N5WWbRtsjWp,indicator_36,394,36
2023-09-01,Agra Sainya,mqJOhnNW2ce,ixBYYYjxXPP,304.0,2.0,2024.0,36a,p,146.0,Agra,N5WWbRtsjWp,indicator_36,394,36
2023-09-01,Agra Sainya,mqJOhnNW2ce,ui45G8KwpzU.Ti9FJqkSK6J,1017.0,2.0,2024.0,2a,p,146.0,Agra,N5WWbRtsjWp,indicator_2,394,2
2023-09-01,Agra Sainya,mqJOhnNW2ce,GJKYhq2wR9L,314.0,2.0,2024.0,7a,p,146.0,Agra,N5WWbRtsjWp,indicator_7,394,7
2023-09-01,Agra Sainya,mqJOhnNW2ce,NI0EC5no6PO,364.0,2.0,2024.0,10a,p,146.0,Agra,N5WWbRtsjWp,indicator_10,394,10
2023-09-01,Agra Pinhat,sGuuKBoA9Rh,aRueVYr35yM.Ti9FJqkSK6J,263.0,2.0,2024.0,36b,p,149.0,Agra,N5WWbRtsjWp,indicator_36,854,36
2023-09-01,Agra Pinhat,sGuuKBoA9Rh,ixBYYYjxXPP,218.0,2.0,2024.0,36a,p,149.0,Agra,N5WWbRtsjWp,indicator_36,854,36
2023-09-01,Agra Pinhat,sGuuKBoA9Rh,ui45G8KwpzU.Ti9FJqkSK6J,790.0,2.0,2024.0,2a,p,149.0,Agra,N5WWbRtsjWp,indicator_2,854,2
2023-09-01,Agra Pinhat,sGuuKBoA9Rh,GJKYhq2wR9L,372.0,2.0,2024.0,7a,p,149.0,Agra,N5WWbRtsjWp,indicator_7,854,7
2023-09-01,Agra Pinhat,sGuuKBoA9Rh,NI0EC5no6PO,638.0,2.0,2024.0,10a,p,149.0,Agra,N5WWbRtsjWp,indicator_10,854,10
2023-09-01,Agra Fatehpur Sikhri,tZd8rrGLhlU,aRueVYr35yM.Ti9FJqkSK6J,232.0,2.0,2024.0,36b,p,142.0,Agra,N5WWbRtsjWp,indicator_36,751,36
2023-09-01,Agra Fatehpur Sikhri,tZd8rrGLhlU,ixBYYYjxXPP,185.0,2.0,2024.0,36a,p,142.0,Agra,N5WWbRtsjWp,indicator_36,751,36
2023-09-01,Agra Fatehpur Sikhri,tZd8rrGLhlU,ui45G8KwpzU.Ti9FJqkSK6J,359.0,2.0,2024.0,2a,p,142.0,Agra,N5WWbRtsjWp,indicator_2,751,2
2023-09-01,Agra Fatehpur Sikhri,tZd8rrGLhlU,GJKYhq2wR9L,389.0,2.0,2024.0,7a,p,142.0,Agra,N5WWbRtsjWp,indicator_7,751,7
2023-09-01,Agra Fatehpur Sikhri,tZd8rrGLhlU,NI0EC5no6PO,500.0,2.0,2024.0,10a,p,142.0,Agra,N5WWbRtsjWp,indicator_10,751,10
2023-09-01,Agra Fathehabad,vKblzOJTuGM,aRueVYr35yM.Ti9FJqkSK6J,393.0,2.0,2024.0,36b,p,148.0,Agra,N5WWbRtsjWp,indicator_36,895,36
2023-09-01,Agra Fathehabad,vKblzOJTuGM,ui45G8KwpzU.Ti9FJqkSK6J,583.0,2.0,2024.0,2a,p,148.0,Agra,N5WWbRtsjWp,indicator_2,895,2
2023-09-01,Agra Fathehabad,vKblzOJTuGM,GJKYhq2wR9L,478.0,2.0,2024.0,7a,p,148.0,Agra,N5WWbRtsjWp,indicator_7,895,7
2023-09-01,Agra Fathehabad,vKblzOJTuGM,NI0EC5no6PO,584.0,2.0,2024.0,10a,p,148.0,Agra,N5WWbRtsjWp,indicator_10,895,10
2023-09-01,Agra Etmadpur,xiUPA06ix22,aRueVYr35yM.Ti9FJqkSK6J,284.0,2.0,2024.0,36b,p,138.0,Agra,N5WWbRtsjWp,indicator_36,663,36
2023-09-01,Agra Etmadpur,xiUPA06ix22,ixBYYYjxXPP,219.0,2.0,2024.0,36a,p,138.0,Agra,N5WWbRtsjWp,indicator_36,663,36
2023-09-01,Agra Etmadpur,xiUPA06ix22,ui45G8KwpzU.Ti9FJqkSK6J,342.0,2.0,2024.0,2a,p,138.0,Agra,N5WWbRtsjWp,indicator_2,663,2
2023-09-01,Agra Etmadpur,xiUPA06ix22,GJKYhq2wR9L,306.0,2.0,2024.0,7a,p,138.0,Agra,N5WWbRtsjWp,indicator_7,663,7
2023-09-01,Agra Etmadpur,xiUPA06ix22,NI0EC5no6PO,554.0,2.0,2024.0,10a,p,138.0,Agra,N5WWbRtsjWp,indicator_10,663,10
2023-09-01,Nawada,CUfl7clOb3K,aRueVYr35yM.Ti9FJqkSK6J,609.0,2.0,2024.0,36b,p,457.0,Kaushambi,PAj0oVY0Dxu,indicator_36,825,36
2023-09-01,Nawada,CUfl7clOb3K,ixBYYYjxXPP,0.0,2.0,2024.0,36a,p,457.0,Kaushambi,PAj0oVY0Dxu,indicator_36,825,36
2023-09-01,Nawada,CUfl7clOb3K,aRueVYr35yM.Ti9FJqkSK6J,403.0,2.0,2024.0,36b,p,457.0,Kaushambi,PAj0oVY0Dxu,indicator_36,825,36
2023-09-01,Nawada,CUfl7clOb3K,ui45G8KwpzU.Ti9FJqkSK6J,433.0,2.0,2024.0,2a,p,457.0,Kaushambi,PAj0oVY0Dxu,indicator_2,825,2
2023-09-01,Nawada,CUfl7clOb3K,GJKYhq2wR9L,478.0,2.0,2024.0,7a,p,457.0,Kaushambi,PAj0oVY0Dxu,indicator_7,825,7
2023-09-01,Nawada,CUfl7clOb3K,NI0EC5no6PO,795.0,2.0,2024.0,10a,p,457.0,Kaushambi,PAj0oVY0Dxu,indicator_10,825,10
2023-09-01,Sarswan,EXoRpuAixOF,aRueVYr35yM.Ti9FJqkSK6J,453.0,2.0,2024.0,36b,p,452.0,Kaushambi,PAj0oVY0Dxu,indicator_36,483,36
2023-09-01,Sarswan,EXoRpuAixOF,ixBYYYjxXPP,0.0,2.0,2024.0,36a,p,452.0,Kaushambi,PAj0oVY0Dxu,indicator_36,483,36
2023-09-01,Sarswan,EXoRpuAixOF,aRueVYr35yM.Ti9FJqkSK6J,366.0,2.0,2024.0,36b,p,452.0,Kaushambi,PAj0oVY0Dxu,indicator_36,483,36
2023-09-01,Sarswan,EXoRpuAixOF,ui45G8KwpzU.Ti9FJqkSK6J,707.0,2.0,2024.0,2a,p,452.0,Kaushambi,PAj0oVY0Dxu,indicator_2,483,2
2023-09-01,Sarswan,EXoRpuAixOF,GJKYhq2wR9L,500.0,2.0,2024.0,7a,p,452.0,Kaushambi,PAj0oVY0Dxu,indicator_7,483,7
2023-09-01,Sarswan,EXoRpuAixOF,NI0EC5no6PO,667.0,2.0,2024.0,10a,p,452.0,Kaushambi,PAj0oVY0Dxu,indicator_10,483,10
2023-09-01,Sirthu,HtBQrKnRi8A,aRueVYr35yM.Ti9FJqkSK6J,689.0,2.0,2024.0,36b,p,451.0,Kaushambi,PAj0oVY0Dxu,indicator_36,334,36
2023-09-01,Sirthu,HtBQrKnRi8A,ixBYYYjxXPP,303.0,2.0,2024.0,36a,p,451.0,Kaushambi,PAj0oVY0Dxu,indicator_36,334,36
2023-09-01,Sirthu,HtBQrKnRi8A,aRueVYr35yM.Ti9FJqkSK6J,371.0,2.0,2024.0,36b,p,451.0,Kaushambi,PAj0oVY0Dxu,indicator_36,334,36
2023-09-01,Sirthu,HtBQrKnRi8A,ui45G8KwpzU.Ti9FJqkSK6J,725.0,2.0,2024.0,2a,p,451.0,Kaushambi,PAj0oVY0Dxu,indicator_2,334,2
2023-09-01,Sirthu,HtBQrKnRi8A,GJKYhq2wR9L,826.0,2.0,2024.0,7a,p,451.0,Kaushambi,PAj0oVY0Dxu,indicator_7,334,7
2023-09-01,Sirthu,HtBQrKnRi8A,NI0EC5no6PO,1233.0,2.0,2024.0,10a,p,451.0,Kaushambi,PAj0oVY0Dxu,indicator_10,334,10
2023-09-01,Kaneli,JyfWW9uiTL5,aRueVYr35yM.Ti9FJqkSK6J,370.0,2.0,2024.0,36b,p,454.0,Kaushambi,PAj0oVY0Dxu,indicator_36,770,36
2023-09-01,Kaneli,JyfWW9uiTL5,ixBYYYjxXPP,290.0,2.0,2024.0,36a,p,454.0,Kaushambi,PAj0oVY0Dxu,indicator_36,770,36
2023-09-01,Kaneli,JyfWW9uiTL5,aRueVYr35yM.Ti9FJqkSK6J,304.0,2.0,2024.0,36b,p,454.0,Kaushambi,PAj0oVY0Dxu,indicator_36,770,36
2023-09-01,Kaneli,JyfWW9uiTL5,ui45G8KwpzU.Ti9FJqkSK6J,541.0,2.0,2024.0,2a,p,454.0,Kaushambi,PAj0oVY0Dxu,indicator_2,770,2
2023-09-01,Kaneli,JyfWW9uiTL5,GJKYhq2wR9L,424.0,2.0,2024.0,7a,p,454.0,Kaushambi,PAj0oVY0Dxu,indicator_7,770,7
2023-09-01,Kaneli,JyfWW9uiTL5,NI0EC5no6PO,680.0,2.0,2024.0,10a,p,454.0,Kaushambi,PAj0oVY0Dxu,indicator_10,770,10
2023-09-01,Chayal,QGh6NT0LgVl,aRueVYr35yM.Ti9FJqkSK6J,405.0,2.0,2024.0,36b,p,456.0,Kaushambi,PAj0oVY0Dxu,indicator_36,106,36
2023-09-01,Chayal,QGh6NT0LgVl,ixBYYYjxXPP,269.0,2.0,2024.0,36a,p,456.0,Kaushambi,PAj0oVY0Dxu,indicator_36,106,36
2023-09-01,Chayal,QGh6NT0LgVl,aRueVYr35yM.Ti9FJqkSK6J,269.0,2.0,2024.0,36b,p,456.0,Kaushambi,PAj0oVY0Dxu,indicator_36,106,36
2023-09-01,Chayal,QGh6NT0LgVl,ui45G8KwpzU.Ti9FJqkSK6J,541.0,2.0,2024.0,2a,p,456.0,Kaushambi,PAj0oVY0Dxu,indicator_2,106,2
2023-09-01,Chayal,QGh6NT0LgVl,GJKYhq2wR9L,361.0,2.0,2024.0,7a,p,456.0,Kaushambi,PAj0oVY0Dxu,indicator_7,106,7
2023-09-01,Chayal,QGh6NT0LgVl,NI0EC5no6PO,470.0,2.0,2024.0,10a,p,456.0,Kaushambi,PAj0oVY0Dxu,indicator_10,106,10
2023-09-01,Kara,UBoDZuuvpRs,aRueVYr35yM.Ti9FJqkSK6J,531.0,2.0,2024.0,36b,p,450.0,Kaushambi,PAj0oVY0Dxu,indicator_36,458,36
2023-09-01,Kara,UBoDZuuvpRs,ixBYYYjxXPP,346.0,2.0,2024.0,36a,p,450.0,Kaushambi,PAj0oVY0Dxu,indicator_36,458,36
2023-09-01,Kara,UBoDZuuvpRs,aRueVYr35yM.Ti9FJqkSK6J,366.0,2.0,2024.0,36b,p,450.0,Kaushambi,PAj0oVY0Dxu,indicator_36,458,36
2023-09-01,Kara,UBoDZuuvpRs,ui45G8KwpzU.Ti9FJqkSK6J,767.0,2.0,2024.0,2a,p,450.0,Kaushambi,PAj0oVY0Dxu,indicator_2,458,2
2023-09-01,Kara,UBoDZuuvpRs,GJKYhq2wR9L,654.0,2.0,2024.0,7a,p,450.0,Kaushambi,PAj0oVY0Dxu,indicator_7,458,7
2023-09-01,Kara,UBoDZuuvpRs,NI0EC5no6PO,696.0,2.0,2024.0,10a,p,450.0,Kaushambi,PAj0oVY0Dxu,indicator_10,458,10
2023-09-01,Muratganj,gO0bpL7Tygs,aRueVYr35yM.Ti9FJqkSK6J,311.0,2.0,2024.0,36b,p,455.0,Kaushambi,PAj0oVY0Dxu,indicator_36,126,36
2023-09-01,Muratganj,gO0bpL7Tygs,ixBYYYjxXPP,0.0,2.0,2024.0,36a,p,455.0,Kaushambi,PAj0oVY0Dxu,indicator_36,126,36
2023-09-01,Muratganj,gO0bpL7Tygs,ui45G8KwpzU.Ti9FJqkSK6J,681.0,2.0,2024.0,2a,p,455.0,Kaushambi,PAj0oVY0Dxu,indicator_2,126,2
2023-09-01,Muratganj,gO0bpL7Tygs,GJKYhq2wR9L,508.0,2.0,2024.0,7a,p,455.0,Kaushambi,PAj0oVY0Dxu,indicator_7,126,7
2023-09-01,Muratganj,gO0bpL7Tygs,NI0EC5no6PO,994.0,2.0,2024.0,10a,p,455.0,Kaushambi,PAj0oVY0Dxu,indicator_10,126,10
2023-09-01,Manjhanpur,ppVmu0WT8Jb,aRueVYr35yM.Ti9FJqkSK6J,635.0,2.0,2024.0,36b,p,453.0,Kaushambi,PAj0oVY0Dxu,indicator_36,303,36
2023-09-01,Manjhanpur,ppVmu0WT8Jb,ixBYYYjxXPP,222.0,2.0,2024.0,36a,p,453.0,Kaushambi,PAj0oVY0Dxu,indicator_36,303,36
2023-09-01,Manjhanpur,ppVmu0WT8Jb,aRueVYr35yM.Ti9FJqkSK6J,521.0,2.0,2024.0,36b,p,453.0,Kaushambi,PAj0oVY0Dxu,indicator_36,303,36
2023-09-01,Manjhanpur,ppVmu0WT8Jb,ui45G8KwpzU.Ti9FJqkSK6J,515.0,2.0,2024.0,2a,p,453.0,Kaushambi,PAj0oVY0Dxu,indicator_2,303,2
2023-09-01,Manjhanpur,ppVmu0WT8Jb,GJKYhq2wR9L,548.0,2.0,2024.0,7a,p,453.0,Kaushambi,PAj0oVY0Dxu,indicator_7,303,7
2023-09-01,Manjhanpur,ppVmu0WT8Jb,NI0EC5no6PO,659.0,2.0,2024.0,10a,p,453.0,Kaushambi,PAj0oVY0Dxu,indicator_10,303,10
2023-09-01,Kaushambi DHQ,qaNCPibFPR2,aRueVYr35yM.Ti9FJqkSK6J,559.0,2.0,2024.0,36b,p,,Kaushambi,PAj0oVY0Dxu,indicator_36,878,36
2023-09-01,Kaushambi DHQ,qaNCPibFPR2,ixBYYYjxXPP,0.0,2.0,2024.0,36a,p,,Kaushambi,PAj0oVY0Dxu,indicator_36,878,36
2023-09-01,Kaushambi DHQ,qaNCPibFPR2,ui45G8KwpzU.Ti9FJqkSK6J,182.0,2.0,2024.0,2a,p,,Kaushambi,PAj0oVY0Dxu,indicator_2,878,2
2023-09-01,Kaushambi DHQ,qaNCPibFPR2,GJKYhq2wR9L,52.0,2.0,2024.0,7a,p,,Kaushambi,PAj0oVY0Dxu,indicator_7,878,7
2023-09-01,Kaushambi DHQ,qaNCPibFPR2,NI0EC5no6PO,876.0,2.0,2024.0,10a,p,,Kaushambi,PAj0oVY0Dxu,indicator_10,878,10
2023-09-01,Ghorahawal,Cea63kQpiOw,aRueVYr35yM.Ti9FJqkSK6J,706.0,2.0,2024.0,36b,p,799.0,Sonbhadra,NNk3JP90QZ5,indicator_36,137,36
2023-09-01,Ghorahawal,Cea63kQpiOw,ixBYYYjxXPP,536.0,2.0,2024.0,36a,p,799.0,Sonbhadra,NNk3JP90QZ5,indicator_36,137,36
2023-09-01,Ghorahawal,Cea63kQpiOw,aRueVYr35yM.Ti9FJqkSK6J,644.0,2.0,2024.0,36b,p,799.0,Sonbhadra,NNk3JP90QZ5,indicator_36,137,36
2023-09-01,Ghorahawal,Cea63kQpiOw,ui45G8KwpzU.Ti9FJqkSK6J,864.0,2.0,2024.0,2a,p,799.0,Sonbhadra,NNk3JP90QZ5,indicator_2,137,2
2023-09-01,Ghorahawal,Cea63kQpiOw,GJKYhq2wR9L,765.0,2.0,2024.0,7a,p,799.0,Sonbhadra,NNk3JP90QZ5,indicator_7,137,7
2023-09-01,Ghorahawal,Cea63kQpiOw,NI0EC5no6PO,1128.0,2.0,2024.0,10a,p,799.0,Sonbhadra,NNk3JP90QZ5,indicator_10,137,10
2023-09-01,Myoerpur,Gbo5ncDmsIv,aRueVYr35yM.Ti9FJqkSK6J,495.0,2.0,2024.0,36b,p,804.0,Sonbhadra,NNk3JP90QZ5,indicator_36,573,36
2023-09-01,Myoerpur,Gbo5ncDmsIv,ixBYYYjxXPP,409.0,2.0,2024.0,36a,p,804.0,Sonbhadra,NNk3JP90QZ5,indicator_36,573,36
2023-09-01,Myoerpur,Gbo5ncDmsIv,aRueVYr35yM.Ti9FJqkSK6J,368.0,2.0,2024.0,36b,p,804.0,Sonbhadra,NNk3JP90QZ5,indicator_36,573,36
2023-09-01,Myoerpur,Gbo5ncDmsIv,ui45G8KwpzU.Ti9FJqkSK6J,1146.0,2.0,2024.0,2a,p,804.0,Sonbhadra,NNk3JP90QZ5,indicator_2,573,2
2023-09-01,Myoerpur,Gbo5ncDmsIv,GJKYhq2wR9L,882.0,2.0,2024.0,7a,p,804.0,Sonbhadra,NNk3JP90QZ5,indicator_7,573,7
2023-09-01,Myoerpur,Gbo5ncDmsIv,NI0EC5no6PO,1328.0,2.0,2024.0,10a,p,804.0,Sonbhadra,NNk3JP90QZ5,indicator_10,573,10
2023-09-01,Ravertganj,Hz4rBdA4kWR,aRueVYr35yM.Ti9FJqkSK6J,599.0,2.0,2024.0,36b,p,801.0,Sonbhadra,NNk3JP90QZ5,indicator_36,576,36
2023-09-01,Ravertganj,Hz4rBdA4kWR,ixBYYYjxXPP,230.0,2.0,2024.0,36a,p,801.0,Sonbhadra,NNk3JP90QZ5,indicator_36,576,36
2023-09-01,Ravertganj,Hz4rBdA4kWR,aRueVYr35yM.Ti9FJqkSK6J,447.0,2.0,2024.0,36b,p,801.0,Sonbhadra,NNk3JP90QZ5,indicator_36,576,36
2023-09-01,Ravertganj,Hz4rBdA4kWR,ui45G8KwpzU.Ti9FJqkSK6J,992.0,2.0,2024.0,2a,p,801.0,Sonbhadra,NNk3JP90QZ5,indicator_2,576,2
2023-09-01,Ravertganj,Hz4rBdA4kWR,GJKYhq2wR9L,651.0,2.0,2024.0,7a,p,801.0,Sonbhadra,NNk3JP90QZ5,indicator_7,576,7
2023-09-01,Ravertganj,Hz4rBdA4kWR,NI0EC5no6PO,955.0,2.0,2024.0,10a,p,801.0,Sonbhadra,NNk3JP90QZ5,indicator_10,576,10
2023-09-01,Chatra,I0SrxhvmkHK,aRueVYr35yM.Ti9FJqkSK6J,264.0,2.0,2024.0,36b,p,802.0,Sonbhadra,NNk3JP90QZ5,indicator_36,142,36
2023-09-01,Chatra,I0SrxhvmkHK,ixBYYYjxXPP,0.0,2.0,2024.0,36a,p,802.0,Sonbhadra,NNk3JP90QZ5,indicator_36,142,36
2023-09-01,Chatra,I0SrxhvmkHK,ui45G8KwpzU.Ti9FJqkSK6J,276.0,2.0,2024.0,2a,p,802.0,Sonbhadra,NNk3JP90QZ5,indicator_2,142,2
2023-09-01,Chatra,I0SrxhvmkHK,GJKYhq2wR9L,274.0,2.0,2024.0,7a,p,802.0,Sonbhadra,NNk3JP90QZ5,indicator_7,142,7
2023-09-01,Chatra,I0SrxhvmkHK,NI0EC5no6PO,424.0,2.0,2024.0,10a,p,802.0,Sonbhadra,NNk3JP90QZ5,indicator_10,142,10
2023-09-01,Sonbhadra DHQ,NBKbLavdozm,aRueVYr35yM.Ti9FJqkSK6J,269.0,2.0,2024.0,36b,p,,Sonbhadra,NNk3JP90QZ5,indicator_36,120,36
2023-09-01,Sonbhadra DHQ,NBKbLavdozm,ixBYYYjxXPP,0.0,2.0,2024.0,36a,p,,Sonbhadra,NNk3JP90QZ5,indicator_36,120,36
2023-09-01,Sonbhadra DHQ,NBKbLavdozm,ui45G8KwpzU.Ti9FJqkSK6J,72.0,2.0,2024.0,2a,p,,Sonbhadra,NNk3JP90QZ5,indicator_2,120,2
2023-09-01,Sonbhadra DHQ,NBKbLavdozm,GJKYhq2wR9L,117.0,2.0,2024.0,7a,p,,Sonbhadra,NNk3JP90QZ5,indicator_7,120,7
2023-09-01,Sonbhadra DHQ,NBKbLavdozm,NI0EC5no6PO,686.0,2.0,2024.0,10a,p,,Sonbhadra,NNk3JP90QZ5,indicator_10,120,10
2023-09-01,Nagawa,YPsEnS75cQ8,aRueVYr35yM.Ti9FJqkSK6J,169.0,2.0,2024.0,36b,p,803.0,Sonbhadra,NNk3JP90QZ5,indicator_36,393,36
2023-09-01,Nagawa,YPsEnS75cQ8,ixBYYYjxXPP,90.0,2.0,2024.0,36a,p,803.0,Sonbhadra,NNk3JP90QZ5,indicator_36,393,36
2023-09-01,Nagawa,YPsEnS75cQ8,ui45G8KwpzU.Ti9FJqkSK6J,279.0,2.0,2024.0,2a,p,803.0,Sonbhadra,NNk3JP90QZ5,indicator_2,393,2
2023-09-01,Nagawa,YPsEnS75cQ8,GJKYhq2wR9L,261.0,2.0,2024.0,7a,p,803.0,Sonbhadra,NNk3JP90QZ5,indicator_7,393,7
2023-09-01,Nagawa,YPsEnS75cQ8,NI0EC5no6PO,388.0,2.0,2024.0,10a,p,803.0,Sonbhadra,NNk3JP90QZ5,indicator_10,393,10
2023-09-01,Bhabni,dOCMMkuHb5N,aRueVYr35yM.Ti9FJqkSK6J,182.0,2.0,2024.0,36b,p,806.0,Sonbhadra,NNk3JP90QZ5,indicator_36,342,36
2023-09-01,Bhabni,dOCMMkuHb5N,ixBYYYjxXPP,98.0,2.0,2024.0,36a,p,806.0,Sonbhadra,NNk3JP90QZ5,indicator_36,342,36
2023-09-01,Bhabni,dOCMMkuHb5N,ui45G8KwpzU.Ti9FJqkSK6J,272.0,2.0,2024.0,2a,p,806.0,Sonbhadra,NNk3JP90QZ5,indicator_2,342,2
2023-09-01,Bhabni,dOCMMkuHb5N,GJKYhq2wR9L,286.0,2.0,2024.0,7a,p,806.0,Sonbhadra,NNk3JP90QZ5,indicator_7,342,7
2023-09-01,Bhabni,dOCMMkuHb5N,NI0EC5no6PO,464.0,2.0,2024.0,10a,p,806.0,Sonbhadra,NNk3JP90QZ5,indicator_10,342,10
2023-09-01,Chopen,rqYozNDUgyg,aRueVYr35yM.Ti9FJqkSK6J,570.0,2.0,2024.0,36b,p,800.0,Sonbhadra,NNk3JP90QZ5,indicator_36,194,36
2023-09-01,Chopen,rqYozNDUgyg,ixBYYYjxXPP,365.0,2.0,2024.0,36a,p,800.0,Sonbhadra,NNk3JP90QZ5,indicator_36,194,36
2023-09-01,Chopen,rqYozNDUgyg,aRueVYr35yM.Ti9FJqkSK6J,463.0,2.0,2024.0,36b,p,800.0,Sonbhadra,NNk3JP90QZ5,indicator_36,194,36
2023-09-01,Chopen,rqYozNDUgyg,ui45G8KwpzU.Ti9FJqkSK6J,950.0,2.0,2024.0,2a,p,800.0,Sonbhadra,NNk3JP90QZ5,indicator_2,194,2
2023-09-01,Chopen,rqYozNDUgyg,GJKYhq2wR9L,876.0,2.0,2024.0,7a,p,800.0,Sonbhadra,NNk3JP90QZ5,indicator_7,194,7
2023-09-01,Chopen,rqYozNDUgyg,NI0EC5no6PO,1040.0,2.0,2024.0,10a,p,800.0,Sonbhadra,NNk3JP90QZ5,indicator_10,194,10
2023-09-01,Dudhi,vqGMYi6W3ep,aRueVYr35yM.Ti9FJqkSK6J,444.0,2.0,2024.0,36b,p,805.0,Sonbhadra,NNk3JP90QZ5,indicator_36,650,36
2023-09-01,Dudhi,vqGMYi6W3ep,ixBYYYjxXPP,112.0,2.0,2024.0,36a,p,805.0,Sonbhadra,NNk3JP90QZ5,indicator_36,650,36
2023-09-01,Dudhi,vqGMYi6W3ep,aRueVYr35yM.Ti9FJqkSK6J,370.0,2.0,2024.0,36b,p,805.0,Sonbhadra,NNk3JP90QZ5,indicator_36,650,36
2023-09-01,Dudhi,vqGMYi6W3ep,ui45G8KwpzU.Ti9FJqkSK6J,512.0,2.0,2024.0,2a,p,805.0,Sonbhadra,NNk3JP90QZ5,indicator_2,650,2
2023-09-01,Dudhi,vqGMYi6W3ep,GJKYhq2wR9L,452.0,2.0,2024.0,7a,p,805.0,Sonbhadra,NNk3JP90QZ5,indicator_7,650,7
2023-09-01,Dudhi,vqGMYi6W3ep,NI0EC5no6PO,744.0,2.0,2024.0,10a,p,805.0,Sonbhadra,NNk3JP90QZ5,indicator_10,650,10
2023-09-01,Fatehpur Deomai,Cge552Satby,aRueVYr35yM.Ti9FJqkSK6J,312.0,2.0,2024.0,36b,p,420.0,Fatehpur,ibLiLcaKzw2,indicator_36,423,36
2023-09-01,Fatehpur Deomai,Cge552Satby,ixBYYYjxXPP,327.0,2.0,2024.0,36a,p,420.0,Fatehpur,ibLiLcaKzw2,indicator_36,423,36
2023-09-01,Fatehpur Deomai,Cge552Satby,ui45G8KwpzU.Ti9FJqkSK6J,318.0,2.0,2024.0,2a,p,420.0,Fatehpur,ibLiLcaKzw2,indicator_2,423,2
2023-09-01,Fatehpur Deomai,Cge552Satby,GJKYhq2wR9L,371.0,2.0,2024.0,7a,p,420.0,Fatehpur,ibLiLcaKzw2,indicator_7,423,7
2023-09-01,Fatehpur Deomai,Cge552Satby,NI0EC5no6PO,99.0,2.0,2024.0,10a,p,420.0,Fatehpur,ibLiLcaKzw2,indicator_10,423,10
2023-09-01,Fatehpur DHQ,HHTQ2caXrBL,aRueVYr35yM.Ti9FJqkSK6J,626.0,2.0,2024.0,36b,p,,Fatehpur,ibLiLcaKzw2,indicator_36,625,36
2023-09-01,Fatehpur DHQ,HHTQ2caXrBL,ixBYYYjxXPP,389.0,2.0,2024.0,36a,p,,Fatehpur,ibLiLcaKzw2,indicator_36,625,36
2023-09-01,Fatehpur DHQ,HHTQ2caXrBL,ui45G8KwpzU.Ti9FJqkSK6J,97.0,2.0,2024.0,2a,p,,Fatehpur,ibLiLcaKzw2,indicator_2,625,2
2023-09-01,Fatehpur DHQ,HHTQ2caXrBL,GJKYhq2wR9L,140.0,2.0,2024.0,7a,p,,Fatehpur,ibLiLcaKzw2,indicator_7,625,7
2023-09-01,Fatehpur DHQ,HHTQ2caXrBL,NI0EC5no6PO,1158.0,2.0,2024.0,10a,p,,Fatehpur,ibLiLcaKzw2,indicator_10,625,10
2023-09-01,Fatehpur Haswa,LWEb9Onpgzi,aRueVYr35yM.Ti9FJqkSK6J,222.0,2.0,2024.0,36b,p,426.0,Fatehpur,ibLiLcaKzw2,indicator_36,875,36
2023-09-01,Fatehpur Haswa,LWEb9Onpgzi,ixBYYYjxXPP,218.0,2.0,2024.0,36a,p,426.0,Fatehpur,ibLiLcaKzw2,indicator_36,875,36
2023-09-01,Fatehpur Haswa,LWEb9Onpgzi,ui45G8KwpzU.Ti9FJqkSK6J,678.0,2.0,2024.0,2a,p,426.0,Fatehpur,ibLiLcaKzw2,indicator_2,875,2
2023-09-01,Fatehpur Haswa,LWEb9Onpgzi,GJKYhq2wR9L,500.0,2.0,2024.0,7a,p,426.0,Fatehpur,ibLiLcaKzw2,indicator_7,875,7
2023-09-01,Fatehpur Haswa,LWEb9Onpgzi,NI0EC5no6PO,474.0,2.0,2024.0,10a,p,426.0,Fatehpur,ibLiLcaKzw2,indicator_10,875,10
2023-09-01,Fatehpur Khjuha,O3U9QEmpjTV,aRueVYr35yM.Ti9FJqkSK6J,275.0,2.0,2024.0,36b,p,423.0,Fatehpur,ibLiLcaKzw2,indicator_36,292,36
2023-09-01,Fatehpur Khjuha,O3U9QEmpjTV,ixBYYYjxXPP,0.0,2.0,2024.0,36a,p,423.0,Fatehpur,ibLiLcaKzw2,indicator_36,292,36
2023-09-01,Fatehpur Khjuha,O3U9QEmpjTV,ui45G8KwpzU.Ti9FJqkSK6J,816.0,2.0,2024.0,2a,p,423.0,Fatehpur,ibLiLcaKzw2,indicator_2,292,2
2023-09-01,Fatehpur Khjuha,O3U9QEmpjTV,GJKYhq2wR9L,491.0,2.0,2024.0,7a,p,423.0,Fatehpur,ibLiLcaKzw2,indicator_7,292,7
2023-09-01,Fatehpur Khjuha,O3U9QEmpjTV,NI0EC5no6PO,748.0,2.0,2024.0,10a,p,423.0,Fatehpur,ibLiLcaKzw2,indicator_10,292,10
2023-09-01,Fatehpur Hathgam,OA8wf7skznm,aRueVYr35yM.Ti9FJqkSK6J,571.0,2.0,2024.0,36b,p,429.0,Fatehpur,ibLiLcaKzw2,indicator_36,521,36
2023-09-01,Fatehpur Hathgam,OA8wf7skznm,ixBYYYjxXPP,506.0,2.0,2024.0,36a,p,429.0,Fatehpur,ibLiLcaKzw2,indicator_36,521,36
2023-09-01,Fatehpur Hathgam,OA8wf7skznm,ui45G8KwpzU.Ti9FJqkSK6J,304.0,2.0,2024.0,2a,p,429.0,Fatehpur,ibLiLcaKzw2,indicator_2,521,2
2023-09-01,Fatehpur Hathgam,OA8wf7skznm,GJKYhq2wR9L,382.0,2.0,2024.0,7a,p,429.0,Fatehpur,ibLiLcaKzw2,indicator_7,521,7
2023-09-01,Fatehpur Hathgam,OA8wf7skznm,NI0EC5no6PO,450.0,2.0,2024.0,10a,p,429.0,Fatehpur,ibLiLcaKzw2,indicator_10,521,10
2023-09-01,Fatehpur Gpalganj,QiCjYBLbYGE,aRueVYr35yM.Ti9FJqkSK6J,166.0,2.0,2024.0,36b,p,421.0,Fatehpur,ibLiLcaKzw2,indicator_36,480,36
2023-09-01,Fatehpur Gpalganj,QiCjYBLbYGE,ixBYYYjxXPP,166.0,2.0,2024.0,36a,p,421.0,Fatehpur,ibLiLcaKzw2,indicator_36,480,36
2023-09-01,Fatehpur Gpalganj,QiCjYBLbYGE,ui45G8KwpzU.Ti9FJqkSK6J,445.0,2.0,2024.0,2a,p,421.0,Fatehpur,ibLiLcaKzw2,indicator_2,480,2
2023-09-01,Fatehpur Gpalganj,QiCjYBLbYGE,GJKYhq2wR9L,490.0,2.0,2024.0,7a,p,421.0,Fatehpur,ibLiLcaKzw2,indicator_7,480,7
2023-09-01,Fatehpur Gpalganj,QiCjYBLbYGE,NI0EC5no6PO,645.0,2.0,2024.0,10a,p,421.0,Fatehpur,ibLiLcaKzw2,indicator_10,480,10
2023-09-01,Fatehpur  Vijaipur,X3gyut5H2FR,aRueVYr35yM.Ti9FJqkSK6J,258.0,2.0,2024.0,36b,p,431.0,Fatehpur,ibLiLcaKzw2,indicator_36,628,36
2023-09-01,Fatehpur  Vijaipur,X3gyut5H2FR,ui45G8KwpzU.Ti9FJqkSK6J,395.0,2.0,2024.0,2a,p,431.0,Fatehpur,ibLiLcaKzw2,indicator_2,628,2
2023-09-01,Fatehpur  Vijaipur,X3gyut5H2FR,GJKYhq2wR9L,544.0,2.0,2024.0,7a,p,431.0,Fatehpur,ibLiLcaKzw2,indicator_7,628,7
2023-09-01,Fatehpur  Vijaipur,X3gyut5H2FR,NI0EC5no6PO,432.0,2.0,2024.0,10a,p,431.0,Fatehpur,ibLiLcaKzw2,indicator_10,628,10
2023-09-01,Fatehpur  Bahua,gAuwshptXMU,aRueVYr35yM.Ti9FJqkSK6J,386.0,2.0,2024.0,36b,p,427.0,Fatehpur,ibLiLcaKzw2,indicator_36,143,36
2023-09-01,Fatehpur  Bahua,gAuwshptXMU,ixBYYYjxXPP,0.0,2.0,2024.0,36a,p,427.0,Fatehpur,ibLiLcaKzw2,indicator_36,143,36
2023-09-01,Fatehpur  Bahua,gAuwshptXMU,ui45G8KwpzU.Ti9FJqkSK6J,333.0,2.0,2024.0,2a,p,427.0,Fatehpur,ibLiLcaKzw2,indicator_2,143,2
2023-09-01,Fatehpur  Bahua,gAuwshptXMU,GJKYhq2wR9L,457.0,2.0,2024.0,7a,p,427.0,Fatehpur,ibLiLcaKzw2,indicator_7,143,7
2023-09-01,Fatehpur  Bahua,gAuwshptXMU,NI0EC5no6PO,226.0,2.0,2024.0,10a,p,427.0,Fatehpur,ibLiLcaKzw2,indicator_10,143,10
2023-09-01,Fatehpur Amuali,janjc2a7UuX,aRueVYr35yM.Ti9FJqkSK6J,150.0,2.0,2024.0,36b,p,422.0,Fatehpur,ibLiLcaKzw2,indicator_36,40,36
2023-09-01,Fatehpur Amuali,janjc2a7UuX,ixBYYYjxXPP,0.0,2.0,2024.0,36a,p,422.0,Fatehpur,ibLiLcaKzw2,indicator_36,40,36
2023-09-01,Fatehpur Amuali,janjc2a7UuX,ui45G8KwpzU.Ti9FJqkSK6J,335.0,2.0,2024.0,2a,p,422.0,Fatehpur,ibLiLcaKzw2,indicator_2,40,2
2023-09-01,Fatehpur Amuali,janjc2a7UuX,GJKYhq2wR9L,408.0,2.0,2024.0,7a,p,422.0,Fatehpur,ibLiLcaKzw2,indicator_7,40,7
2023-09-01,Fatehpur Amuali,janjc2a7UuX,NI0EC5no6PO,370.0,2.0,2024.0,10a,p,422.0,Fatehpur,ibLiLcaKzw2,indicator_10,40,10
2023-09-01,Fatehpur Asthar,niYGeZzm6Zu,aRueVYr35yM.Ti9FJqkSK6J,220.0,2.0,2024.0,36b,p,428.0,Fatehpur,ibLiLcaKzw2,indicator_36,799,36
2023-09-01,Fatehpur Asthar,niYGeZzm6Zu,ixBYYYjxXPP,105.0,2.0,2024.0,36a,p,428.0,Fatehpur,ibLiLcaKzw2,indicator_36,799,36
2023-09-01,Fatehpur Asthar,niYGeZzm6Zu,ui45G8KwpzU.Ti9FJqkSK6J,358.0,2.0,2024.0,2a,p,428.0,Fatehpur,ibLiLcaKzw2,indicator_2,799,2
2023-09-01,Fatehpur Asthar,niYGeZzm6Zu,GJKYhq2wR9L,376.0,2.0,2024.0,7a,p,428.0,Fatehpur,ibLiLcaKzw2,indicator_7,799,7
2023-09-01,Fatehpur Asthar,niYGeZzm6Zu,NI0EC5no6PO,496.0,2.0,2024.0,10a,p,428.0,Fatehpur,ibLiLcaKzw2,indicator_10,799,10
2023-09-01,Fatehpur Teliyani,sGcpaNGqN8u,aRueVYr35yM.Ti9FJqkSK6J,179.0,2.0,2024.0,36b,p,424.0,Fatehpur,ibLiLcaKzw2,indicator_36,494,36
2023-09-01,Fatehpur Teliyani,sGcpaNGqN8u,ixBYYYjxXPP,168.0,2.0,2024.0,36a,p,424.0,Fatehpur,ibLiLcaKzw2,indicator_36,494,36
2023-09-01,Fatehpur Teliyani,sGcpaNGqN8u,ui45G8KwpzU.Ti9FJqkSK6J,286.0,2.0,2024.0,2a,p,424.0,Fatehpur,ibLiLcaKzw2,indicator_2,494,2
2023-09-01,Fatehpur Teliyani,sGcpaNGqN8u,GJKYhq2wR9L,320.0,2.0,2024.0,7a,p,424.0,Fatehpur,ibLiLcaKzw2,indicator_7,494,7
2023-09-01,Fatehpur Teliyani,sGcpaNGqN8u,NI0EC5no6PO,334.0,2.0,2024.0,10a,p,424.0,Fatehpur,ibLiLcaKzw2,indicator_10,494,10
2023-09-01,Fatehpur Khaga,uEEKeL3UnB2,aRueVYr35yM.Ti9FJqkSK6J,389.0,2.0,2024.0,36b,p,430.0,Fatehpur,ibLiLcaKzw2,indicator_36,218,36
2023-09-01,Fatehpur Khaga,uEEKeL3UnB2,ixBYYYjxXPP,0.0,2.0,2024.0,36a,p,430.0,Fatehpur,ibLiLcaKzw2,indicator_36,218,36
2023-09-01,Fatehpur Khaga,uEEKeL3UnB2,ui45G8KwpzU.Ti9FJqkSK6J,436.0,2.0,2024.0,2a,p,430.0,Fatehpur,ibLiLcaKzw2,indicator_2,218,2
2023-09-01,Fatehpur Khaga,uEEKeL3UnB2,GJKYhq2wR9L,534.0,2.0,2024.0,7a,p,430.0,Fatehpur,ibLiLcaKzw2,indicator_7,218,7
2023-09-01,Fatehpur Khaga,uEEKeL3UnB2,NI0EC5no6PO,597.0,2.0,2024.0,10a,p,430.0,Fatehpur,ibLiLcaKzw2,indicator_10,218,10
2023-09-01,Fatehpur Dhata,w0PTR0Qc2H7,aRueVYr35yM.Ti9FJqkSK6J,221.0,2.0,2024.0,36b,p,432.0,Fatehpur,ibLiLcaKzw2,indicator_36,439,36
2023-09-01,Fatehpur Dhata,w0PTR0Qc2H7,ixBYYYjxXPP,0.0,2.0,2024.0,36a,p,432.0,Fatehpur,ibLiLcaKzw2,indicator_36,439,36
2023-09-01,Fatehpur Dhata,w0PTR0Qc2H7,ui45G8KwpzU.Ti9FJqkSK6J,649.0,2.0,2024.0,2a,p,432.0,Fatehpur,ibLiLcaKzw2,indicator_2,439,2
2023-09-01,Fatehpur Dhata,w0PTR0Qc2H7,GJKYhq2wR9L,229.0,2.0,2024.0,7a,p,432.0,Fatehpur,ibLiLcaKzw2,indicator_7,439,7
2023-09-01,Fatehpur Dhata,w0PTR0Qc2H7,NI0EC5no6PO,356.0,2.0,2024.0,10a,p,432.0,Fatehpur,ibLiLcaKzw2,indicator_10,439,10
2023-09-01,Fatehpur Bhittora,w25YwsZC9ZT,aRueVYr35yM.Ti9FJqkSK6J,315.0,2.0,2024.0,36b,p,425.0,Fatehpur,ibLiLcaKzw2,indicator_36,1,36
2023-09-01,Fatehpur Bhittora,w25YwsZC9ZT,ixBYYYjxXPP,296.0,2.0,2024.0,36a,p,425.0,Fatehpur,ibLiLcaKzw2,indicator_36,1,36
2023-09-01,Fatehpur Bhittora,w25YwsZC9ZT,ui45G8KwpzU.Ti9FJqkSK6J,458.0,2.0,2024.0,2a,p,425.0,Fatehpur,ibLiLcaKzw2,indicator_2,1,2
2023-09-01,Fatehpur Bhittora,w25YwsZC9ZT,GJKYhq2wR9L,509.0,2.0,2024.0,7a,p,425.0,Fatehpur,ibLiLcaKzw2,indicator_7,1,7
2023-09-01,Fatehpur Bhittora,w25YwsZC9ZT,NI0EC5no6PO,794.0,2.0,2024.0,10a,p,425.0,Fatehpur,ibLiLcaKzw2,indicator_10,1,10
2023-09-01,Azamgarh Lalganj,CqNwKYL7iqH,aRueVYr35yM.Ti9FJqkSK6J,178.0,2.0,2024.0,36b,p,697.0,Azamgarh,NjckKfm3g0k,indicator_36,745,36
2023-09-01,Azamgarh Lalganj,CqNwKYL7iqH,ixBYYYjxXPP,150.0,2.0,2024.0,36a,p,697.0,Azamgarh,NjckKfm3g0k,indicator_36,745,36
2023-09-01,Azamgarh Lalganj,CqNwKYL7iqH,ui45G8KwpzU.Ti9FJqkSK6J,746.0,2.0,2024.0,2a,p,697.0,Azamgarh,NjckKfm3g0k,indicator_2,745,2
2023-09-01,Azamgarh Lalganj,CqNwKYL7iqH,GJKYhq2wR9L,579.0,2.0,2024.0,7a,p,697.0,Azamgarh,NjckKfm3g0k,indicator_7,745,7
2023-09-01,Azamgarh Lalganj,CqNwKYL7iqH,NI0EC5no6PO,746.0,2.0,2024.0,10a,p,697.0,Azamgarh,NjckKfm3g0k,indicator_10,745,10
2023-09-01,Azamgarh Rani Ki Sarai,DYvPZYv80ET,aRueVYr35yM.Ti9FJqkSK6J,308.0,2.0,2024.0,36b,p,687.0,Azamgarh,NjckKfm3g0k,indicator_36,255,36
2023-09-01,Azamgarh Rani Ki Sarai,DYvPZYv80ET,ixBYYYjxXPP,0.0,2.0,2024.0,36a,p,687.0,Azamgarh,NjckKfm3g0k,indicator_36,255,36
2023-09-01,Azamgarh Rani Ki Sarai,DYvPZYv80ET,aRueVYr35yM.Ti9FJqkSK6J,212.0,2.0,2024.0,36b,p,687.0,Azamgarh,NjckKfm3g0k,indicator_36,255,36
2023-09-01,Azamgarh Rani Ki Sarai,DYvPZYv80ET,ui45G8KwpzU.Ti9FJqkSK6J,403.0,2.0,2024.0,2a,p,687.0,Azamgarh,NjckKfm3g0k,indicator_2,255,2
2023-09-01,Azamgarh Rani Ki Sarai,DYvPZYv80ET,GJKYhq2wR9L,262.0,2.0,2024.0,7a,p,687.0,Azamgarh,NjckKfm3g0k,indicator_7,255,7
2023-09-01,Azamgarh Rani Ki Sarai,DYvPZYv80ET,NI0EC5no6PO,268.0,2.0,2024.0,10a,p,687.0,Azamgarh,NjckKfm3g0k,indicator_10,255,10
2023-09-01,Azamgarh Mehnagar,KjTOOkkFXwn,aRueVYr35yM.Ti9FJqkSK6J,155.0,2.0,2024.0,36b,p,699.0,Azamgarh,NjckKfm3g0k,indicator_36,210,36
2023-09-01,Azamgarh Mehnagar,KjTOOkkFXwn,ixBYYYjxXPP,0.0,2.0,2024.0,36a,p,699.0,Azamgarh,NjckKfm3g0k,indicator_36,210,36
2023-09-01,Azamgarh Mehnagar,KjTOOkkFXwn,ui45G8KwpzU.Ti9FJqkSK6J,828.0,2.0,2024.0,2a,p,699.0,Azamgarh,NjckKfm3g0k,indicator_2,210,2
2023-09-01,Azamgarh Mehnagar,KjTOOkkFXwn,GJKYhq2wR9L,693.0,2.0,2024.0,7a,p,699.0,Azamgarh,NjckKfm3g0k,indicator_7,210,7
2023-09-01,Azamgarh Mehnagar,KjTOOkkFXwn,NI0EC5no6PO,852.0,2.0,2024.0,10a,p,699.0,Azamgarh,NjckKfm3g0k,indicator_10,210,10
2023-09-01,Azamgarh DHQ,MVd5w4juglR,aRueVYr35yM.Ti9FJqkSK6J,2837.0,2.0,2024.0,36b,p,,Azamgarh,NjckKfm3g0k,indicator_36,357,36
2023-09-01,Azamgarh DHQ,MVd5w4juglR,ixBYYYjxXPP,345.0,2.0,2024.0,36a,p,,Azamgarh,NjckKfm3g0k,indicator_36,357,36
2023-09-01,Azamgarh DHQ,MVd5w4juglR,aRueVYr35yM.Ti9FJqkSK6J,547.0,2.0,2024.0,36b,p,,Azamgarh,NjckKfm3g0k,indicator_36,357,36
2023-09-01,Azamgarh DHQ,MVd5w4juglR,ui45G8KwpzU.Ti9FJqkSK6J,1641.0,2.0,2024.0,2a,p,,Azamgarh,NjckKfm3g0k,indicator_2,357,2
2023-09-01,Azamgarh DHQ,MVd5w4juglR,GJKYhq2wR9L,713.0,2.0,2024.0,7a,p,,Azamgarh,NjckKfm3g0k,indicator_7,357,7
2023-09-01,Azamgarh DHQ,MVd5w4juglR,NI0EC5no6PO,0.0,2.0,2024.0,10a,p,,Azamgarh,NjckKfm3g0k,indicator_10,357,10
2023-09-01,Azamgarh Jahanaganj,O2VQy7yy72b,aRueVYr35yM.Ti9FJqkSK6J,108.0,2.0,2024.0,36b,p,689.0,Azamgarh,NjckKfm3g0k,indicator_36,268,36
2023-09-01,Azamgarh Jahanaganj,O2VQy7yy72b,ixBYYYjxXPP,63.0,2.0,2024.0,36a,p,689.0,Azamgarh,NjckKfm3g0k,indicator_36,268,36
2023-09-01,Azamgarh Jahanaganj,O2VQy7yy72b,ui45G8KwpzU.Ti9FJqkSK6J,199.0,2.0,2024.0,2a,p,689.0,Azamgarh,NjckKfm3g0k,indicator_2,268,2
2023-09-01,Azamgarh Jahanaganj,O2VQy7yy72b,GJKYhq2wR9L,299.0,2.0,2024.0,7a,p,689.0,Azamgarh,NjckKfm3g0k,indicator_7,268,7
2023-09-01,Azamgarh Jahanaganj,O2VQy7yy72b,NI0EC5no6PO,232.0,2.0,2024.0,10a,p,689.0,Azamgarh,NjckKfm3g0k,indicator_10,268,10
2023-09-01,Azamgarh Thekma,QeJhMnDGzrC,aRueVYr35yM.Ti9FJqkSK6J,140.0,2.0,2024.0,36b,p,696.0,Azamgarh,NjckKfm3g0k,indicator_36,366,36
2023-09-01,Azamgarh Thekma,QeJhMnDGzrC,ixBYYYjxXPP,113.0,2.0,2024.0,36a,p,696.0,Azamgarh,NjckKfm3g0k,indicator_36,366,36
2023-09-01,Azamgarh Thekma,QeJhMnDGzrC,ui45G8KwpzU.Ti9FJqkSK6J,540.0,2.0,2024.0,2a,p,696.0,Azamgarh,NjckKfm3g0k,indicator_2,366,2
2023-09-01,Azamgarh Thekma,QeJhMnDGzrC,GJKYhq2wR9L,453.0,2.0,2024.0,7a,p,696.0,Azamgarh,NjckKfm3g0k,indicator_7,366,7
2023-09-01,Azamgarh Thekma,QeJhMnDGzrC,NI0EC5no6PO,729.0,2.0,2024.0,10a,p,696.0,Azamgarh,NjckKfm3g0k,indicator_10,366,10
2023-09-01,Azamgarh Azmatgarh,QlDZDhfK4iZ,aRueVYr35yM.Ti9FJqkSK6J,231.0,2.0,2024.0,36b,p,685.0,Azamgarh,NjckKfm3g0k,indicator_36,79,36
2023-09-01,Azamgarh Azmatgarh,QlDZDhfK4iZ,ixBYYYjxXPP,169.0,2.0,2024.0,36a,p,685.0,Azamgarh,NjckKfm3g0k,indicator_36,79,36
2023-09-01,Azamgarh Azmatgarh,QlDZDhfK4iZ,aRueVYr35yM.Ti9FJqkSK6J,172.0,2.0,2024.0,36b,p,685.0,Azamgarh,NjckKfm3g0k,indicator_36,79,36
2023-09-01,Azamgarh Azmatgarh,QlDZDhfK4iZ,ui45G8KwpzU.Ti9FJqkSK6J,412.0,2.0,2024.0,2a,p,685.0,Azamgarh,NjckKfm3g0k,indicator_2,79,2
2023-09-01,Azamgarh Azmatgarh,QlDZDhfK4iZ,GJKYhq2wR9L,595.0,2.0,2024.0,7a,p,685.0,Azamgarh,NjckKfm3g0k,indicator_7,79,7
2023-09-01,Azamgarh Azmatgarh,QlDZDhfK4iZ,NI0EC5no6PO,1057.0,2.0,2024.0,10a,p,685.0,Azamgarh,NjckKfm3g0k,indicator_10,79,10
2023-09-01,Azamgarh Koilsa,S32hqFqb1zY,aRueVYr35yM.Ti9FJqkSK6J,173.0,2.0,2024.0,36b,p,680.0,Azamgarh,NjckKfm3g0k,indicator_36,239,36
2023-09-01,Azamgarh Koilsa,S32hqFqb1zY,ui45G8KwpzU.Ti9FJqkSK6J,432.0,2.0,2024.0,2a,p,680.0,Azamgarh,NjckKfm3g0k,indicator_2,239,2
2023-09-01,Azamgarh Koilsa,S32hqFqb1zY,GJKYhq2wR9L,305.0,2.0,2024.0,7a,p,680.0,Azamgarh,NjckKfm3g0k,indicator_7,239,7
2023-09-01,Azamgarh Koilsa,S32hqFqb1zY,NI0EC5no6PO,135.0,2.0,2024.0,10a,p,680.0,Azamgarh,NjckKfm3g0k,indicator_10,239,10
2023-09-01,Azamgarh Tarwa,UqPfQ9syNvH,aRueVYr35yM.Ti9FJqkSK6J,326.0,2.0,2024.0,36b,p,698.0,Azamgarh,NjckKfm3g0k,indicator_36,409,36
2023-09-01,Azamgarh Tarwa,UqPfQ9syNvH,ixBYYYjxXPP,120.0,2.0,2024.0,36a,p,698.0,Azamgarh,NjckKfm3g0k,indicator_36,409,36
2023-09-01,Azamgarh Tarwa,UqPfQ9syNvH,ui45G8KwpzU.Ti9FJqkSK6J,331.0,2.0,2024.0,2a,p,698.0,Azamgarh,NjckKfm3g0k,indicator_2,409,2
2023-09-01,Azamgarh Tarwa,UqPfQ9syNvH,GJKYhq2wR9L,356.0,2.0,2024.0,7a,p,698.0,Azamgarh,NjckKfm3g0k,indicator_7,409,7
2023-09-01,Azamgarh Tarwa,UqPfQ9syNvH,NI0EC5no6PO,275.0,2.0,2024.0,10a,p,698.0,Azamgarh,NjckKfm3g0k,indicator_10,409,10
2023-09-01,Azamgarh Maharajganj,Wyo5sWkkK3V,aRueVYr35yM.Ti9FJqkSK6J,196.0,2.0,2024.0,36b,p,682.0,Azamgarh,NjckKfm3g0k,indicator_36,574,36
2023-09-01,Azamgarh Maharajganj,Wyo5sWkkK3V,ixBYYYjxXPP,80.0,2.0,2024.0,36a,p,682.0,Azamgarh,NjckKfm3g0k,indicator_36,574,36
2023-09-01,Azamgarh Maharajganj,Wyo5sWkkK3V,ui45G8KwpzU.Ti9FJqkSK6J,368.0,2.0,2024.0,2a,p,682.0,Azamgarh,NjckKfm3g0k,indicator_2,574,2
2023-09-01,Azamgarh Maharajganj,Wyo5sWkkK3V,GJKYhq2wR9L,291.0,2.0,2024.0,7a,p,682.0,Azamgarh,NjckKfm3g0k,indicator_7,574,7
2023-09-01,Azamgarh Maharajganj,Wyo5sWkkK3V,NI0EC5no6PO,140.0,2.0,2024.0,10a,p,682.0,Azamgarh,NjckKfm3g0k,indicator_10,574,10
2023-09-01,Azamgarh Momadpur,Yj3IUe7pBJn,aRueVYr35yM.Ti9FJqkSK6J,166.0,2.0,2024.0,36b,p,692.0,Azamgarh,NjckKfm3g0k,indicator_36,798,36
2023-09-01,Azamgarh Momadpur,Yj3IUe7pBJn,ui45G8KwpzU.Ti9FJqkSK6J,803.0,2.0,2024.0,2a,p,692.0,Azamgarh,NjckKfm3g0k,indicator_2,798,2
2023-09-01,Azamgarh Momadpur,Yj3IUe7pBJn,GJKYhq2wR9L,389.0,2.0,2024.0,7a,p,692.0,Azamgarh,NjckKfm3g0k,indicator_7,798,7
2023-09-01,Azamgarh Momadpur,Yj3IUe7pBJn,NI0EC5no6PO,412.0,2.0,2024.0,10a,p,692.0,Azamgarh,NjckKfm3g0k,indicator_10,798,10
2023-09-01,Azamgarh Biliria Ganj,YpJFFqOo3Eh,aRueVYr35yM.Ti9FJqkSK6J,219.0,2.0,2024.0,36b,p,684.0,Azamgarh,NjckKfm3g0k,indicator_36,214,36
2023-09-01,Azamgarh Biliria Ganj,YpJFFqOo3Eh,ixBYYYjxXPP,186.0,2.0,2024.0,36a,p,684.0,Azamgarh,NjckKfm3g0k,indicator_36,214,36
2023-09-01,Azamgarh Biliria Ganj,YpJFFqOo3Eh,ui45G8KwpzU.Ti9FJqkSK6J,259.0,2.0,2024.0,2a,p,684.0,Azamgarh,NjckKfm3g0k,indicator_2,214,2
2023-09-01,Azamgarh Biliria Ganj,YpJFFqOo3Eh,GJKYhq2wR9L,591.0,2.0,2024.0,7a,p,684.0,Azamgarh,NjckKfm3g0k,indicator_7,214,7
2023-09-01,Azamgarh Biliria Ganj,YpJFFqOo3Eh,NI0EC5no6PO,357.0,2.0,2024.0,10a,p,684.0,Azamgarh,NjckKfm3g0k,indicator_10,214,10
2023-09-01,Azamgarh Mirzapur,bYn0jt3AvMQ,aRueVYr35yM.Ti9FJqkSK6J,160.0,2.0,2024.0,36b,p,691.0,Azamgarh,NjckKfm3g0k,indicator_36,55,36
2023-09-01,Azamgarh Mirzapur,bYn0jt3AvMQ,ixBYYYjxXPP,0.0,2.0,2024.0,36a,p,691.0,Azamgarh,NjckKfm3g0k,indicator_36,55,36
2023-09-01,Azamgarh Mirzapur,bYn0jt3AvMQ,ui45G8KwpzU.Ti9FJqkSK6J,669.0,2.0,2024.0,2a,p,691.0,Azamgarh,NjckKfm3g0k,indicator_2,55,2
2023-09-01,Azamgarh Mirzapur,bYn0jt3AvMQ,GJKYhq2wR9L,581.0,2.0,2024.0,7a,p,691.0,Azamgarh,NjckKfm3g0k,indicator_7,55,7
2023-09-01,Azamgarh Mirzapur,bYn0jt3AvMQ,NI0EC5no6PO,685.0,2.0,2024.0,10a,p,691.0,Azamgarh,NjckKfm3g0k,indicator_10,55,10
2023-09-01,Azamgarh Ahiraulla,bqyQpybBJt7,aRueVYr35yM.Ti9FJqkSK6J,207.0,2.0,2024.0,36b,p,681.0,Azamgarh,NjckKfm3g0k,indicator_36,272,36
2023-09-01,Azamgarh Ahiraulla,bqyQpybBJt7,ixBYYYjxXPP,169.0,2.0,2024.0,36a,p,681.0,Azamgarh,NjckKfm3g0k,indicator_36,272,36
2023-09-01,Azamgarh Ahiraulla,bqyQpybBJt7,ui45G8KwpzU.Ti9FJqkSK6J,624.0,2.0,2024.0,2a,p,681.0,Azamgarh,NjckKfm3g0k,indicator_2,272,2
2023-09-01,Azamgarh Ahiraulla,bqyQpybBJt7,GJKYhq2wR9L,429.0,2.0,2024.0,7a,p,681.0,Azamgarh,NjckKfm3g0k,indicator_7,272,7
2023-09-01,Azamgarh Ahiraulla,bqyQpybBJt7,NI0EC5no6PO,498.0,2.0,2024.0,10a,p,681.0,Azamgarh,NjckKfm3g0k,indicator_10,272,10
2023-09-01,Azamgarh Tahebpur,cbIIWsiZRDy,aRueVYr35yM.Ti9FJqkSK6J,120.0,2.0,2024.0,36b,p,690.0,Azamgarh,NjckKfm3g0k,indicator_36,717,36
2023-09-01,Azamgarh Tahebpur,cbIIWsiZRDy,ixBYYYjxXPP,0.0,2.0,2024.0,36a,p,690.0,Azamgarh,NjckKfm3g0k,indicator_36,717,36
2023-09-01,Azamgarh Tahebpur,cbIIWsiZRDy,ui45G8KwpzU.Ti9FJqkSK6J,579.0,2.0,2024.0,2a,p,690.0,Azamgarh,NjckKfm3g0k,indicator_2,717,2
2023-09-01,Azamgarh Tahebpur,cbIIWsiZRDy,GJKYhq2wR9L,399.0,2.0,2024.0,7a,p,690.0,Azamgarh,NjckKfm3g0k,indicator_7,717,7
2023-09-01,Azamgarh Tahebpur,cbIIWsiZRDy,NI0EC5no6PO,453.0,2.0,2024.0,10a,p,690.0,Azamgarh,NjckKfm3g0k,indicator_10,717,10
2023-09-01,Azamgarh Palhani,dIVl43wpljo,aRueVYr35yM.Ti9FJqkSK6J,51.0,2.0,2024.0,36b,p,686.0,Azamgarh,NjckKfm3g0k,indicator_36,153,36
2023-09-01,Azamgarh Palhani,dIVl43wpljo,ixBYYYjxXPP,51.0,2.0,2024.0,36a,p,686.0,Azamgarh,NjckKfm3g0k,indicator_36,153,36
2023-09-01,Azamgarh Palhani,dIVl43wpljo,ui45G8KwpzU.Ti9FJqkSK6J,555.0,2.0,2024.0,2a,p,686.0,Azamgarh,NjckKfm3g0k,indicator_2,153,2
2023-09-01,Azamgarh Palhani,dIVl43wpljo,GJKYhq2wR9L,644.0,2.0,2024.0,7a,p,686.0,Azamgarh,NjckKfm3g0k,indicator_7,153,7
2023-09-01,Azamgarh Palhani,dIVl43wpljo,NI0EC5no6PO,604.0,2.0,2024.0,10a,p,686.0,Azamgarh,NjckKfm3g0k,indicator_10,153,10
2023-09-01,Azamgarh Sathiyaon,hjSHCmJGFAP,aRueVYr35yM.Ti9FJqkSK6J,219.0,2.0,2024.0,36b,p,688.0,Azamgarh,NjckKfm3g0k,indicator_36,619,36
2023-09-01,Azamgarh Sathiyaon,hjSHCmJGFAP,ixBYYYjxXPP,175.0,2.0,2024.0,36a,p,688.0,Azamgarh,NjckKfm3g0k,indicator_36,619,36
2023-09-01,Azamgarh Sathiyaon,hjSHCmJGFAP,ui45G8KwpzU.Ti9FJqkSK6J,510.0,2.0,2024.0,2a,p,688.0,Azamgarh,NjckKfm3g0k,indicator_2,619,2
2023-09-01,Azamgarh Sathiyaon,hjSHCmJGFAP,GJKYhq2wR9L,567.0,2.0,2024.0,7a,p,688.0,Azamgarh,NjckKfm3g0k,indicator_7,619,7
2023-09-01,Azamgarh Sathiyaon,hjSHCmJGFAP,NI0EC5no6PO,622.0,2.0,2024.0,10a,p,688.0,Azamgarh,NjckKfm3g0k,indicator_10,619,10
2023-09-01,Azamgarh Pawai,lcnwkO2gp49,aRueVYr35yM.Ti9FJqkSK6J,127.0,2.0,2024.0,36b,p,693.0,Azamgarh,NjckKfm3g0k,indicator_36,383,36
2023-09-01,Azamgarh Pawai,lcnwkO2gp49,ixBYYYjxXPP,115.0,2.0,2024.0,36a,p,693.0,Azamgarh,NjckKfm3g0k,indicator_36,383,36
2023-09-01,Azamgarh Pawai,lcnwkO2gp49,ui45G8KwpzU.Ti9FJqkSK6J,383.0,2.0,2024.0,2a,p,693.0,Azamgarh,NjckKfm3g0k,indicator_2,383,2
2023-09-01,Azamgarh Pawai,lcnwkO2gp49,GJKYhq2wR9L,502.0,2.0,2024.0,7a,p,693.0,Azamgarh,NjckKfm3g0k,indicator_7,383,7
2023-09-01,Azamgarh Pawai,lcnwkO2gp49,NI0EC5no6PO,602.0,2.0,2024.0,10a,p,693.0,Azamgarh,NjckKfm3g0k,indicator_10,383,10
2023-09-01,Azamgarh Martinganj,q7hwjHjsWmD,aRueVYr35yM.Ti9FJqkSK6J,129.0,2.0,2024.0,36b,p,695.0,Azamgarh,NjckKfm3g0k,indicator_36,300,36
2023-09-01,Azamgarh Martinganj,q7hwjHjsWmD,ixBYYYjxXPP,78.0,2.0,2024.0,36a,p,695.0,Azamgarh,NjckKfm3g0k,indicator_36,300,36
2023-09-01,Azamgarh Martinganj,q7hwjHjsWmD,ui45G8KwpzU.Ti9FJqkSK6J,199.0,2.0,2024.0,2a,p,695.0,Azamgarh,NjckKfm3g0k,indicator_2,300,2
2023-09-01,Azamgarh Martinganj,q7hwjHjsWmD,GJKYhq2wR9L,532.0,2.0,2024.0,7a,p,695.0,Azamgarh,NjckKfm3g0k,indicator_7,300,7
2023-09-01,Azamgarh Martinganj,q7hwjHjsWmD,NI0EC5no6PO,129.0,2.0,2024.0,10a,p,695.0,Azamgarh,NjckKfm3g0k,indicator_10,300,10
2023-09-01,Azamgarh Fhoolpur,qzyZ63I1bIh,aRueVYr35yM.Ti9FJqkSK6J,166.0,2.0,2024.0,36b,p,694.0,Azamgarh,NjckKfm3g0k,indicator_36,446,36
2023-09-01,Azamgarh Fhoolpur,qzyZ63I1bIh,ixBYYYjxXPP,94.0,2.0,2024.0,36a,p,694.0,Azamgarh,NjckKfm3g0k,indicator_36,446,36
2023-09-01,Azamgarh Fhoolpur,qzyZ63I1bIh,ui45G8KwpzU.Ti9FJqkSK6J,284.0,2.0,2024.0,2a,p,694.0,Azamgarh,NjckKfm3g0k,indicator_2,446,2
2023-09-01,Azamgarh Fhoolpur,qzyZ63I1bIh,GJKYhq2wR9L,481.0,2.0,2024.0,7a,p,694.0,Azamgarh,NjckKfm3g0k,indicator_7,446,7
2023-09-01,Azamgarh Fhoolpur,qzyZ63I1bIh,NI0EC5no6PO,535.0,2.0,2024.0,10a,p,694.0,Azamgarh,NjckKfm3g0k,indicator_10,446,10
2023-09-01,Azamgarh Harriya,sODyhiqy8iZ,aRueVYr35yM.Ti9FJqkSK6J,110.0,2.0,2024.0,36b,p,683.0,Azamgarh,NjckKfm3g0k,indicator_36,599,36
2023-09-01,Azamgarh Harriya,sODyhiqy8iZ,ixBYYYjxXPP,0.0,2.0,2024.0,36a,p,683.0,Azamgarh,NjckKfm3g0k,indicator_36,599,36
2023-09-01,Azamgarh Harriya,sODyhiqy8iZ,ui45G8KwpzU.Ti9FJqkSK6J,698.0,2.0,2024.0,2a,p,683.0,Azamgarh,NjckKfm3g0k,indicator_2,599,2
2023-09-01,Azamgarh Harriya,sODyhiqy8iZ,GJKYhq2wR9L,545.0,2.0,2024.0,7a,p,683.0,Azamgarh,NjckKfm3g0k,indicator_7,599,7
2023-09-01,Azamgarh Harriya,sODyhiqy8iZ,NI0EC5no6PO,473.0,2.0,2024.0,10a,p,683.0,Azamgarh,NjckKfm3g0k,indicator_10,599,10
2023-09-01,Azamgarh Atraullia,wCrGRYFB5Qo,aRueVYr35yM.Ti9FJqkSK6J,166.0,2.0,2024.0,36b,p,679.0,Azamgarh,NjckKfm3g0k,indicator_36,674,36
2023-09-01,Azamgarh Atraullia,wCrGRYFB5Qo,ixBYYYjxXPP,133.0,2.0,2024.0,36a,p,679.0,Azamgarh,NjckKfm3g0k,indicator_36,674,36
2023-09-01,Azamgarh Atraullia,wCrGRYFB5Qo,ui45G8KwpzU.Ti9FJqkSK6J,246.0,2.0,2024.0,2a,p,679.0,Azamgarh,NjckKfm3g0k,indicator_2,674,2
2023-09-01,Azamgarh Atraullia,wCrGRYFB5Qo,GJKYhq2wR9L,279.0,2.0,2024.0,7a,p,679.0,Azamgarh,NjckKfm3g0k,indicator_7,674,7
2023-09-01,Azamgarh Atraullia,wCrGRYFB5Qo,NI0EC5no6PO,384.0,2.0,2024.0,10a,p,679.0,Azamgarh,NjckKfm3g0k,indicator_10,674,10
2023-09-01,Varanasi Pindara,Cr1PwYBuSs1,aRueVYr35yM.Ti9FJqkSK6J,461.0,2.0,2024.0,36b,p,774.0,Varanasi,LeuBT7KfuuA,indicator_36,167,36
2023-09-01,Varanasi Pindara,Cr1PwYBuSs1,ixBYYYjxXPP,0.0,2.0,2024.0,36a,p,774.0,Varanasi,LeuBT7KfuuA,indicator_36,167,36
2023-09-01,Varanasi Pindara,Cr1PwYBuSs1,ui45G8KwpzU.Ti9FJqkSK6J,748.0,2.0,2024.0,2a,p,774.0,Varanasi,LeuBT7KfuuA,indicator_2,167,2
2023-09-01,Varanasi Pindara,Cr1PwYBuSs1,GJKYhq2wR9L,523.0,2.0,2024.0,7a,p,774.0,Varanasi,LeuBT7KfuuA,indicator_7,167,7
2023-09-01,Varanasi Pindara,Cr1PwYBuSs1,NI0EC5no6PO,1099.0,2.0,2024.0,10a,p,774.0,Varanasi,LeuBT7KfuuA,indicator_10,167,10
2023-09-01,Varanasi Cholapur,HonPmXiTJw7,aRueVYr35yM.Ti9FJqkSK6J,471.0,2.0,2024.0,36b,p,775.0,Varanasi,LeuBT7KfuuA,indicator_36,321,36
2023-09-01,Varanasi Cholapur,HonPmXiTJw7,ixBYYYjxXPP,144.0,2.0,2024.0,36a,p,775.0,Varanasi,LeuBT7KfuuA,indicator_36,321,36
2023-09-01,Varanasi Cholapur,HonPmXiTJw7,ui45G8KwpzU.Ti9FJqkSK6J,455.0,2.0,2024.0,2a,p,775.0,Varanasi,LeuBT7KfuuA,indicator_2,321,2
2023-09-01,Varanasi Cholapur,HonPmXiTJw7,GJKYhq2wR9L,558.0,2.0,2024.0,7a,p,775.0,Varanasi,LeuBT7KfuuA,indicator_7,321,7
2023-09-01,Varanasi Cholapur,HonPmXiTJw7,NI0EC5no6PO,438.0,2.0,2024.0,10a,p,775.0,Varanasi,LeuBT7KfuuA,indicator_10,321,10
2023-09-01,Varanasi Araji Lines,IyYYBHo9msY,aRueVYr35yM.Ti9FJqkSK6J,425.0,2.0,2024.0,36b,p,778.0,Varanasi,LeuBT7KfuuA,indicator_36,364,36
2023-09-01,Varanasi Araji Lines,IyYYBHo9msY,ixBYYYjxXPP,85.0,2.0,2024.0,36a,p,778.0,Varanasi,LeuBT7KfuuA,indicator_36,364,36
2023-09-01,Varanasi Araji Lines,IyYYBHo9msY,ui45G8KwpzU.Ti9FJqkSK6J,706.0,2.0,2024.0,2a,p,778.0,Varanasi,LeuBT7KfuuA,indicator_2,364,2
2023-09-01,Varanasi Araji Lines,IyYYBHo9msY,GJKYhq2wR9L,705.0,2.0,2024.0,7a,p,778.0,Varanasi,LeuBT7KfuuA,indicator_7,364,7
2023-09-01,Varanasi Araji Lines,IyYYBHo9msY,NI0EC5no6PO,1015.0,2.0,2024.0,10a,p,778.0,Varanasi,LeuBT7KfuuA,indicator_10,364,10
2023-09-01,Varanasi Badagoan,J2vP2MAp32p,aRueVYr35yM.Ti9FJqkSK6J,323.0,2.0,2024.0,36b,p,773.0,Varanasi,LeuBT7KfuuA,indicator_36,699,36
2023-09-01,Varanasi Badagoan,J2vP2MAp32p,ixBYYYjxXPP,169.0,2.0,2024.0,36a,p,773.0,Varanasi,LeuBT7KfuuA,indicator_36,699,36
2023-09-01,Varanasi Badagoan,J2vP2MAp32p,ui45G8KwpzU.Ti9FJqkSK6J,370.0,2.0,2024.0,2a,p,773.0,Varanasi,LeuBT7KfuuA,indicator_2,699,2
2023-09-01,Varanasi Badagoan,J2vP2MAp32p,GJKYhq2wR9L,395.0,2.0,2024.0,7a,p,773.0,Varanasi,LeuBT7KfuuA,indicator_7,699,7
2023-09-01,Varanasi Badagoan,J2vP2MAp32p,NI0EC5no6PO,638.0,2.0,2024.0,10a,p,773.0,Varanasi,LeuBT7KfuuA,indicator_10,699,10
2023-09-01,Varanasi Sewapuri,NJxCMa3k532,aRueVYr35yM.Ti9FJqkSK6J,277.0,2.0,2024.0,36b,p,777.0,Varanasi,LeuBT7KfuuA,indicator_36,432,36
2023-09-01,Varanasi Sewapuri,NJxCMa3k532,ixBYYYjxXPP,191.0,2.0,2024.0,36a,p,777.0,Varanasi,LeuBT7KfuuA,indicator_36,432,36
2023-09-01,Varanasi Sewapuri,NJxCMa3k532,ui45G8KwpzU.Ti9FJqkSK6J,430.0,2.0,2024.0,2a,p,777.0,Varanasi,LeuBT7KfuuA,indicator_2,432,2
2023-09-01,Varanasi Sewapuri,NJxCMa3k532,GJKYhq2wR9L,425.0,2.0,2024.0,7a,p,777.0,Varanasi,LeuBT7KfuuA,indicator_7,432,7
2023-09-01,Varanasi Sewapuri,NJxCMa3k532,NI0EC5no6PO,1047.0,2.0,2024.0,10a,p,777.0,Varanasi,LeuBT7KfuuA,indicator_10,432,10
2023-09-01,Varanasi Harraua,YAHDIDrUMwP,aRueVYr35yM.Ti9FJqkSK6J,399.0,2.0,2024.0,36b,p,776.0,Varanasi,LeuBT7KfuuA,indicator_36,740,36
2023-09-01,Varanasi Harraua,YAHDIDrUMwP,ixBYYYjxXPP,0.0,2.0,2024.0,36a,p,776.0,Varanasi,LeuBT7KfuuA,indicator_36,740,36
2023-09-01,Varanasi Harraua,YAHDIDrUMwP,ui45G8KwpzU.Ti9FJqkSK6J,742.0,2.0,2024.0,2a,p,776.0,Varanasi,LeuBT7KfuuA,indicator_2,740,2
2023-09-01,Varanasi Harraua,YAHDIDrUMwP,GJKYhq2wR9L,566.0,2.0,2024.0,7a,p,776.0,Varanasi,LeuBT7KfuuA,indicator_7,740,7
2023-09-01,Varanasi Harraua,YAHDIDrUMwP,NI0EC5no6PO,794.0,2.0,2024.0,10a,p,776.0,Varanasi,LeuBT7KfuuA,indicator_10,740,10
2023-09-01,Varanasi DHQ,cFRa7gJ9JI1,aRueVYr35yM.Ti9FJqkSK6J,1841.0,2.0,2024.0,36b,p,,Varanasi,LeuBT7KfuuA,indicator_36,260,36
2023-09-01,Varanasi DHQ,cFRa7gJ9JI1,ixBYYYjxXPP,70.0,2.0,2024.0,36a,p,,Varanasi,LeuBT7KfuuA,indicator_36,260,36
2023-09-01,Varanasi DHQ,cFRa7gJ9JI1,aRueVYr35yM.Ti9FJqkSK6J,1601.0,2.0,2024.0,36b,p,,Varanasi,LeuBT7KfuuA,indicator_36,260,36
2023-09-01,Varanasi DHQ,cFRa7gJ9JI1,ui45G8KwpzU.Ti9FJqkSK6J,4742.0,2.0,2024.0,2a,p,,Varanasi,LeuBT7KfuuA,indicator_2,260,2
2023-09-01,Varanasi DHQ,cFRa7gJ9JI1,GJKYhq2wR9L,2811.0,2.0,2024.0,7a,p,,Varanasi,LeuBT7KfuuA,indicator_7,260,7
2023-09-01,Varanasi DHQ,cFRa7gJ9JI1,NI0EC5no6PO,3108.0,2.0,2024.0,10a,p,,Varanasi,LeuBT7KfuuA,indicator_10,260,10
2023-09-01,Varanasi Chiraigoan,pzUMM4ITvbI,aRueVYr35yM.Ti9FJqkSK6J,353.0,2.0,2024.0,36b,p,780.0,Varanasi,LeuBT7KfuuA,indicator_36,678,36
2023-09-01,Varanasi Chiraigoan,pzUMM4ITvbI,ixBYYYjxXPP,88.0,2.0,2024.0,36a,p,780.0,Varanasi,LeuBT7KfuuA,indicator_36,678,36
2023-09-01,Varanasi Chiraigoan,pzUMM4ITvbI,ui45G8KwpzU.Ti9FJqkSK6J,724.0,2.0,2024.0,2a,p,780.0,Varanasi,LeuBT7KfuuA,indicator_2,678,2
2023-09-01,Varanasi Chiraigoan,pzUMM4ITvbI,GJKYhq2wR9L,716.0,2.0,2024.0,7a,p,780.0,Varanasi,LeuBT7KfuuA,indicator_7,678,7
2023-09-01,Varanasi Chiraigoan,pzUMM4ITvbI,NI0EC5no6PO,596.0,2.0,2024.0,10a,p,780.0,Varanasi,LeuBT7KfuuA,indicator_10,678,10
2023-09-01,Varanasi Kashi Vidhyapith,tJRXhxV3GJh,aRueVYr35yM.Ti9FJqkSK6J,183.0,2.0,2024.0,36b,p,779.0,Varanasi,LeuBT7KfuuA,indicator_36,640,36
2023-09-01,Varanasi Kashi Vidhyapith,tJRXhxV3GJh,ixBYYYjxXPP,110.0,2.0,2024.0,36a,p,779.0,Varanasi,LeuBT7KfuuA,indicator_36,640,36
2023-09-01,Varanasi Kashi Vidhyapith,tJRXhxV3GJh,ui45G8KwpzU.Ti9FJqkSK6J,816.0,2.0,2024.0,2a,p,779.0,Varanasi,LeuBT7KfuuA,indicator_2,640,2
2023-09-01,Varanasi Kashi Vidhyapith,tJRXhxV3GJh,GJKYhq2wR9L,757.0,2.0,2024.0,7a,p,779.0,Varanasi,LeuBT7KfuuA,indicator_7,640,7
2023-09-01,Varanasi Kashi Vidhyapith,tJRXhxV3GJh,NI0EC5no6PO,913.0,2.0,2024.0,10a,p,779.0,Varanasi,LeuBT7KfuuA,indicator_10,640,10
2023-09-01,Sant Kabir Nagar DHQ,Cv8WrBixKYV,aRueVYr35yM.Ti9FJqkSK6J,47.0,2.0,2024.0,36b,p,,Sant Kabir Nagar,fe1yBApr2sl,indicator_36,478,36
2023-09-01,Sant Kabir Nagar DHQ,Cv8WrBixKYV,ui45G8KwpzU.Ti9FJqkSK6J,160.0,2.0,2024.0,2a,p,,Sant Kabir Nagar,fe1yBApr2sl,indicator_2,478,2
2023-09-01,Sant Kabir Nagar DHQ,Cv8WrBixKYV,GJKYhq2wR9L,71.0,2.0,2024.0,7a,p,,Sant Kabir Nagar,fe1yBApr2sl,indicator_7,478,7
2023-09-01,Sant Kabir Nagar DHQ,Cv8WrBixKYV,NI0EC5no6PO,210.0,2.0,2024.0,10a,p,,Sant Kabir Nagar,fe1yBApr2sl,indicator_10,478,10
2023-09-01,Khlilabad,Go3zUv1lOWw,aRueVYr35yM.Ti9FJqkSK6J,523.0,2.0,2024.0,36b,p,614.0,Sant Kabir Nagar,fe1yBApr2sl,indicator_36,146,36
2023-09-01,Khlilabad,Go3zUv1lOWw,ixBYYYjxXPP,100.0,2.0,2024.0,36a,p,614.0,Sant Kabir Nagar,fe1yBApr2sl,indicator_36,146,36
2023-09-01,Khlilabad,Go3zUv1lOWw,ui45G8KwpzU.Ti9FJqkSK6J,557.0,2.0,2024.0,2a,p,614.0,Sant Kabir Nagar,fe1yBApr2sl,indicator_2,146,2
2023-09-01,Khlilabad,Go3zUv1lOWw,GJKYhq2wR9L,687.0,2.0,2024.0,7a,p,614.0,Sant Kabir Nagar,fe1yBApr2sl,indicator_7,146,7
2023-09-01,Khlilabad,Go3zUv1lOWw,NI0EC5no6PO,678.0,2.0,2024.0,10a,p,614.0,Sant Kabir Nagar,fe1yBApr2sl,indicator_10,146,10
2023-09-01,Pouli,IFHbGZd8LVv,aRueVYr35yM.Ti9FJqkSK6J,186.0,2.0,2024.0,36b,p,616.0,Sant Kabir Nagar,fe1yBApr2sl,indicator_36,420,36
2023-09-01,Pouli,IFHbGZd8LVv,ixBYYYjxXPP,0.0,2.0,2024.0,36a,p,616.0,Sant Kabir Nagar,fe1yBApr2sl,indicator_36,420,36
2023-09-01,Pouli,IFHbGZd8LVv,ui45G8KwpzU.Ti9FJqkSK6J,250.0,2.0,2024.0,2a,p,616.0,Sant Kabir Nagar,fe1yBApr2sl,indicator_2,420,2
2023-09-01,Pouli,IFHbGZd8LVv,GJKYhq2wR9L,267.0,2.0,2024.0,7a,p,616.0,Sant Kabir Nagar,fe1yBApr2sl,indicator_7,420,7
2023-09-01,Pouli,IFHbGZd8LVv,NI0EC5no6PO,251.0,2.0,2024.0,10a,p,616.0,Sant Kabir Nagar,fe1yBApr2sl,indicator_10,420,10
2023-09-01,Haisar Bazar,K98xeQTVavi,aRueVYr35yM.Ti9FJqkSK6J,266.0,2.0,2024.0,36b,p,617.0,Sant Kabir Nagar,fe1yBApr2sl,indicator_36,150,36
2023-09-01,Haisar Bazar,K98xeQTVavi,ixBYYYjxXPP,0.0,2.0,2024.0,36a,p,617.0,Sant Kabir Nagar,fe1yBApr2sl,indicator_36,150,36
2023-09-01,Haisar Bazar,K98xeQTVavi,ui45G8KwpzU.Ti9FJqkSK6J,573.0,2.0,2024.0,2a,p,617.0,Sant Kabir Nagar,fe1yBApr2sl,indicator_2,150,2
2023-09-01,Haisar Bazar,K98xeQTVavi,GJKYhq2wR9L,538.0,2.0,2024.0,7a,p,617.0,Sant Kabir Nagar,fe1yBApr2sl,indicator_7,150,7
2023-09-01,Haisar Bazar,K98xeQTVavi,NI0EC5no6PO,562.0,2.0,2024.0,10a,p,617.0,Sant Kabir Nagar,fe1yBApr2sl,indicator_10,150,10
2023-09-01,Belahar Kala,Orx7pmg4L68,aRueVYr35yM.Ti9FJqkSK6J,115.0,2.0,2024.0,36b,p,611.0,Sant Kabir Nagar,fe1yBApr2sl,indicator_36,617,36
2023-09-01,Belahar Kala,Orx7pmg4L68,ui45G8KwpzU.Ti9FJqkSK6J,363.0,2.0,2024.0,2a,p,611.0,Sant Kabir Nagar,fe1yBApr2sl,indicator_2,617,2
2023-09-01,Belahar Kala,Orx7pmg4L68,GJKYhq2wR9L,333.0,2.0,2024.0,7a,p,611.0,Sant Kabir Nagar,fe1yBApr2sl,indicator_7,617,7
2023-09-01,Belahar Kala,Orx7pmg4L68,NI0EC5no6PO,302.0,2.0,2024.0,10a,p,611.0,Sant Kabir Nagar,fe1yBApr2sl,indicator_10,617,10
2023-09-01,Semariyawa,T2yKNxqQdgI,aRueVYr35yM.Ti9FJqkSK6J,514.0,2.0,2024.0,36b,p,613.0,Sant Kabir Nagar,fe1yBApr2sl,indicator_36,891,36
2023-09-01,Semariyawa,T2yKNxqQdgI,ui45G8KwpzU.Ti9FJqkSK6J,690.0,2.0,2024.0,2a,p,613.0,Sant Kabir Nagar,fe1yBApr2sl,indicator_2,891,2
2023-09-01,Semariyawa,T2yKNxqQdgI,GJKYhq2wR9L,609.0,2.0,2024.0,7a,p,613.0,Sant Kabir Nagar,fe1yBApr2sl,indicator_7,891,7
2023-09-01,Semariyawa,T2yKNxqQdgI,NI0EC5no6PO,1539.0,2.0,2024.0,10a,p,613.0,Sant Kabir Nagar,fe1yBApr2sl,indicator_10,891,10
2023-09-01,Bghouli,kvn8lGZHRgM,aRueVYr35yM.Ti9FJqkSK6J,240.0,2.0,2024.0,36b,p,612.0,Sant Kabir Nagar,fe1yBApr2sl,indicator_36,252,36
2023-09-01,Bghouli,kvn8lGZHRgM,ixBYYYjxXPP,220.0,2.0,2024.0,36a,p,612.0,Sant Kabir Nagar,fe1yBApr2sl,indicator_36,252,36
2023-09-01,Bghouli,kvn8lGZHRgM,ui45G8KwpzU.Ti9FJqkSK6J,680.0,2.0,2024.0,2a,p,612.0,Sant Kabir Nagar,fe1yBApr2sl,indicator_2,252,2
2023-09-01,Bghouli,kvn8lGZHRgM,GJKYhq2wR9L,641.0,2.0,2024.0,7a,p,612.0,Sant Kabir Nagar,fe1yBApr2sl,indicator_7,252,7
2023-09-01,Bghouli,kvn8lGZHRgM,NI0EC5no6PO,720.0,2.0,2024.0,10a,p,612.0,Sant Kabir Nagar,fe1yBApr2sl,indicator_10,252,10
2023-09-01,Santha,nS9UOwtscu1,aRueVYr35yM.Ti9FJqkSK6J,263.0,2.0,2024.0,36b,p,609.0,Sant Kabir Nagar,fe1yBApr2sl,indicator_36,104,36
2023-09-01,Santha,nS9UOwtscu1,ixBYYYjxXPP,0.0,2.0,2024.0,36a,p,609.0,Sant Kabir Nagar,fe1yBApr2sl,indicator_36,104,36
2023-09-01,Santha,nS9UOwtscu1,ui45G8KwpzU.Ti9FJqkSK6J,478.0,2.0,2024.0,2a,p,609.0,Sant Kabir Nagar,fe1yBApr2sl,indicator_2,104,2
2023-09-01,Santha,nS9UOwtscu1,GJKYhq2wR9L,464.0,2.0,2024.0,7a,p,609.0,Sant Kabir Nagar,fe1yBApr2sl,indicator_7,104,7
2023-09-01,Santha,nS9UOwtscu1,NI0EC5no6PO,533.0,2.0,2024.0,10a,p,609.0,Sant Kabir Nagar,fe1yBApr2sl,indicator_10,104,10
2023-09-01,Mehadawal,qEXJSGxJGJX,aRueVYr35yM.Ti9FJqkSK6J,416.0,2.0,2024.0,36b,p,610.0,Sant Kabir Nagar,fe1yBApr2sl,indicator_36,341,36
2023-09-01,Mehadawal,qEXJSGxJGJX,ixBYYYjxXPP,215.0,2.0,2024.0,36a,p,610.0,Sant Kabir Nagar,fe1yBApr2sl,indicator_36,341,36
2023-09-01,Mehadawal,qEXJSGxJGJX,ui45G8KwpzU.Ti9FJqkSK6J,528.0,2.0,2024.0,2a,p,610.0,Sant Kabir Nagar,fe1yBApr2sl,indicator_2,341,2
2023-09-01,Mehadawal,qEXJSGxJGJX,GJKYhq2wR9L,508.0,2.0,2024.0,7a,p,610.0,Sant Kabir Nagar,fe1yBApr2sl,indicator_7,341,7
2023-09-01,Mehadawal,qEXJSGxJGJX,NI0EC5no6PO,107.0,2.0,2024.0,10a,p,610.0,Sant Kabir Nagar,fe1yBApr2sl,indicator_10,341,10
2023-09-01,Nathnagar,rOs2X9fLu4i,aRueVYr35yM.Ti9FJqkSK6J,318.0,2.0,2024.0,36b,p,615.0,Sant Kabir Nagar,fe1yBApr2sl,indicator_36,387,36
2023-09-01,Nathnagar,rOs2X9fLu4i,ixBYYYjxXPP,0.0,2.0,2024.0,36a,p,615.0,Sant Kabir Nagar,fe1yBApr2sl,indicator_36,387,36
2023-09-01,Nathnagar,rOs2X9fLu4i,aRueVYr35yM.Ti9FJqkSK6J,279.0,2.0,2024.0,36b,p,615.0,Sant Kabir Nagar,fe1yBApr2sl,indicator_36,387,36
2023-09-01,Nathnagar,rOs2X9fLu4i,ui45G8KwpzU.Ti9FJqkSK6J,491.0,2.0,2024.0,2a,p,615.0,Sant Kabir Nagar,fe1yBApr2sl,indicator_2,387,2
2023-09-01,Nathnagar,rOs2X9fLu4i,GJKYhq2wR9L,514.0,2.0,2024.0,7a,p,615.0,Sant Kabir Nagar,fe1yBApr2sl,indicator_7,387,7
2023-09-01,Nathnagar,rOs2X9fLu4i,NI0EC5no6PO,585.0,2.0,2024.0,10a,p,615.0,Sant Kabir Nagar,fe1yBApr2sl,indicator_10,387,10
2023-09-01,Sidhpura,DCamfBCJMSi,aRueVYr35yM.Ti9FJqkSK6J,227.0,2.0,2024.0,36b,p,821.0,Kasganj,hITp09XOBLZ,indicator_36,100,36
2023-09-01,Sidhpura,DCamfBCJMSi,ixBYYYjxXPP,156.0,2.0,2024.0,36a,p,821.0,Kasganj,hITp09XOBLZ,indicator_36,100,36
2023-09-01,Sidhpura,DCamfBCJMSi,ui45G8KwpzU.Ti9FJqkSK6J,311.0,2.0,2024.0,2a,p,821.0,Kasganj,hITp09XOBLZ,indicator_2,100,2
2023-09-01,Sidhpura,DCamfBCJMSi,GJKYhq2wR9L,393.0,2.0,2024.0,7a,p,821.0,Kasganj,hITp09XOBLZ,indicator_7,100,7
2023-09-01,Sidhpura,DCamfBCJMSi,NI0EC5no6PO,415.0,2.0,2024.0,10a,p,821.0,Kasganj,hITp09XOBLZ,indicator_10,100,10
2023-09-01,Sahawar,KjLfuqjRVec,aRueVYr35yM.Ti9FJqkSK6J,304.0,2.0,2024.0,36b,p,818.0,Kasganj,hITp09XOBLZ,indicator_36,416,36
2023-09-01,Sahawar,KjLfuqjRVec,ixBYYYjxXPP,303.0,2.0,2024.0,36a,p,818.0,Kasganj,hITp09XOBLZ,indicator_36,416,36
2023-09-01,Sahawar,KjLfuqjRVec,ui45G8KwpzU.Ti9FJqkSK6J,505.0,2.0,2024.0,2a,p,818.0,Kasganj,hITp09XOBLZ,indicator_2,416,2
2023-09-01,Sahawar,KjLfuqjRVec,GJKYhq2wR9L,475.0,2.0,2024.0,7a,p,818.0,Kasganj,hITp09XOBLZ,indicator_7,416,7
2023-09-01,Sahawar,KjLfuqjRVec,NI0EC5no6PO,447.0,2.0,2024.0,10a,p,818.0,Kasganj,hITp09XOBLZ,indicator_10,416,10
2023-09-01,Kasganj DHQ,UuNK1H4MurF,aRueVYr35yM.Ti9FJqkSK6J,112.0,2.0,2024.0,36b,p,,Kasganj,hITp09XOBLZ,indicator_36,455,36
2023-09-01,Kasganj DHQ,UuNK1H4MurF,ixBYYYjxXPP,84.0,2.0,2024.0,36a,p,,Kasganj,hITp09XOBLZ,indicator_36,455,36
2023-09-01,Kasganj DHQ,UuNK1H4MurF,ui45G8KwpzU.Ti9FJqkSK6J,350.0,2.0,2024.0,2a,p,,Kasganj,hITp09XOBLZ,indicator_2,455,2
2023-09-01,Kasganj DHQ,UuNK1H4MurF,GJKYhq2wR9L,282.0,2.0,2024.0,7a,p,,Kasganj,hITp09XOBLZ,indicator_7,455,7
2023-09-01,Kasganj DHQ,UuNK1H4MurF,NI0EC5no6PO,369.0,2.0,2024.0,10a,p,,Kasganj,hITp09XOBLZ,indicator_10,455,10
2023-09-01,Patiyali,at47ZXktqxv,aRueVYr35yM.Ti9FJqkSK6J,247.0,2.0,2024.0,36b,p,820.0,Kasganj,hITp09XOBLZ,indicator_36,706,36
2023-09-01,Patiyali,at47ZXktqxv,ixBYYYjxXPP,155.0,2.0,2024.0,36a,p,820.0,Kasganj,hITp09XOBLZ,indicator_36,706,36
2023-09-01,Patiyali,at47ZXktqxv,ui45G8KwpzU.Ti9FJqkSK6J,501.0,2.0,2024.0,2a,p,820.0,Kasganj,hITp09XOBLZ,indicator_2,706,2
2023-09-01,Patiyali,at47ZXktqxv,GJKYhq2wR9L,467.0,2.0,2024.0,7a,p,820.0,Kasganj,hITp09XOBLZ,indicator_7,706,7
2023-09-01,Patiyali,at47ZXktqxv,NI0EC5no6PO,549.0,2.0,2024.0,10a,p,820.0,Kasganj,hITp09XOBLZ,indicator_10,706,10
2023-09-01,Amapur,ayWFJQ6ulBH,aRueVYr35yM.Ti9FJqkSK6J,224.0,2.0,2024.0,36b,p,817.0,Kasganj,hITp09XOBLZ,indicator_36,726,36
2023-09-01,Amapur,ayWFJQ6ulBH,ixBYYYjxXPP,0.0,2.0,2024.0,36a,p,817.0,Kasganj,hITp09XOBLZ,indicator_36,726,36
2023-09-01,Amapur,ayWFJQ6ulBH,ui45G8KwpzU.Ti9FJqkSK6J,489.0,2.0,2024.0,2a,p,817.0,Kasganj,hITp09XOBLZ,indicator_2,726,2
2023-09-01,Amapur,ayWFJQ6ulBH,GJKYhq2wR9L,410.0,2.0,2024.0,7a,p,817.0,Kasganj,hITp09XOBLZ,indicator_7,726,7
2023-09-01,Amapur,ayWFJQ6ulBH,NI0EC5no6PO,413.0,2.0,2024.0,10a,p,817.0,Kasganj,hITp09XOBLZ,indicator_10,726,10
2023-09-01,kasganj,jvUzHuel9I6,aRueVYr35yM.Ti9FJqkSK6J,991.0,2.0,2024.0,36b,p,816.0,Kasganj,hITp09XOBLZ,indicator_36,257,36
2023-09-01,kasganj,jvUzHuel9I6,ixBYYYjxXPP,552.0,2.0,2024.0,36a,p,816.0,Kasganj,hITp09XOBLZ,indicator_36,257,36
2023-09-01,kasganj,jvUzHuel9I6,aRueVYr35yM.Ti9FJqkSK6J,535.0,2.0,2024.0,36b,p,816.0,Kasganj,hITp09XOBLZ,indicator_36,257,36
2023-09-01,kasganj,jvUzHuel9I6,ui45G8KwpzU.Ti9FJqkSK6J,794.0,2.0,2024.0,2a,p,816.0,Kasganj,hITp09XOBLZ,indicator_2,257,2
2023-09-01,kasganj,jvUzHuel9I6,GJKYhq2wR9L,579.0,2.0,2024.0,7a,p,816.0,Kasganj,hITp09XOBLZ,indicator_7,257,7
2023-09-01,kasganj,jvUzHuel9I6,NI0EC5no6PO,436.0,2.0,2024.0,10a,p,816.0,Kasganj,hITp09XOBLZ,indicator_10,257,10
2023-09-01,Soron,lBW2OFwomV0,aRueVYr35yM.Ti9FJqkSK6J,288.0,2.0,2024.0,36b,p,815.0,Kasganj,hITp09XOBLZ,indicator_36,693,36
2023-09-01,Soron,lBW2OFwomV0,ixBYYYjxXPP,196.0,2.0,2024.0,36a,p,815.0,Kasganj,hITp09XOBLZ,indicator_36,693,36
2023-09-01,Soron,lBW2OFwomV0,ui45G8KwpzU.Ti9FJqkSK6J,594.0,2.0,2024.0,2a,p,815.0,Kasganj,hITp09XOBLZ,indicator_2,693,2
2023-09-01,Soron,lBW2OFwomV0,GJKYhq2wR9L,581.0,2.0,2024.0,7a,p,815.0,Kasganj,hITp09XOBLZ,indicator_7,693,7
2023-09-01,Soron,lBW2OFwomV0,NI0EC5no6PO,375.0,2.0,2024.0,10a,p,815.0,Kasganj,hITp09XOBLZ,indicator_10,693,10
2023-09-01,Ganjdunwara,rhv6cneiTR1,aRueVYr35yM.Ti9FJqkSK6J,247.0,2.0,2024.0,36b,p,819.0,Kasganj,hITp09XOBLZ,indicator_36,123,36
2023-09-01,Ganjdunwara,rhv6cneiTR1,ixBYYYjxXPP,0.0,2.0,2024.0,36a,p,819.0,Kasganj,hITp09XOBLZ,indicator_36,123,36
2023-09-01,Ganjdunwara,rhv6cneiTR1,ui45G8KwpzU.Ti9FJqkSK6J,708.0,2.0,2024.0,2a,p,819.0,Kasganj,hITp09XOBLZ,indicator_2,123,2
2023-09-01,Ganjdunwara,rhv6cneiTR1,GJKYhq2wR9L,961.0,2.0,2024.0,7a,p,819.0,Kasganj,hITp09XOBLZ,indicator_7,123,7
2023-09-01,Ganjdunwara,rhv6cneiTR1,NI0EC5no6PO,715.0,2.0,2024.0,10a,p,819.0,Kasganj,hITp09XOBLZ,indicator_10,123,10
2023-09-01,Aeliya,DPIQ2VWtvGl,aRueVYr35yM.Ti9FJqkSK6J,199.0,2.0,2024.0,36b,p,245.0,Sitapur,XxaOowFtkiJ,indicator_36,906,36
2023-09-01,Aeliya,DPIQ2VWtvGl,ixBYYYjxXPP,153.0,2.0,2024.0,36a,p,245.0,Sitapur,XxaOowFtkiJ,indicator_36,906,36
2023-09-01,Aeliya,DPIQ2VWtvGl,ui45G8KwpzU.Ti9FJqkSK6J,615.0,2.0,2024.0,2a,p,245.0,Sitapur,XxaOowFtkiJ,indicator_2,906,2
2023-09-01,Aeliya,DPIQ2VWtvGl,GJKYhq2wR9L,498.0,2.0,2024.0,7a,p,245.0,Sitapur,XxaOowFtkiJ,indicator_7,906,7
2023-09-01,Aeliya,DPIQ2VWtvGl,NI0EC5no6PO,621.0,2.0,2024.0,10a,p,245.0,Sitapur,XxaOowFtkiJ,indicator_10,906,10
2023-09-01,Kasmanda,E8Ds6nIiHXM,aRueVYr35yM.Ti9FJqkSK6J,393.0,2.0,2024.0,36b,p,257.0,Sitapur,XxaOowFtkiJ,indicator_36,560,36
2023-09-01,Kasmanda,E8Ds6nIiHXM,ixBYYYjxXPP,152.0,2.0,2024.0,36a,p,257.0,Sitapur,XxaOowFtkiJ,indicator_36,560,36
2023-09-01,Kasmanda,E8Ds6nIiHXM,ui45G8KwpzU.Ti9FJqkSK6J,615.0,2.0,2024.0,2a,p,257.0,Sitapur,XxaOowFtkiJ,indicator_2,560,2
2023-09-01,Kasmanda,E8Ds6nIiHXM,GJKYhq2wR9L,448.0,2.0,2024.0,7a,p,257.0,Sitapur,XxaOowFtkiJ,indicator_7,560,7
2023-09-01,Kasmanda,E8Ds6nIiHXM,NI0EC5no6PO,533.0,2.0,2024.0,10a,p,257.0,Sitapur,XxaOowFtkiJ,indicator_10,560,10
2023-09-01,Mishirikh,Gfmfuy8CQrI,aRueVYr35yM.Ti9FJqkSK6J,659.0,2.0,2024.0,36b,p,242.0,Sitapur,XxaOowFtkiJ,indicator_36,901,36
2023-09-01,Mishirikh,Gfmfuy8CQrI,ixBYYYjxXPP,0.0,2.0,2024.0,36a,p,242.0,Sitapur,XxaOowFtkiJ,indicator_36,901,36
2023-09-01,Mishirikh,Gfmfuy8CQrI,ui45G8KwpzU.Ti9FJqkSK6J,645.0,2.0,2024.0,2a,p,242.0,Sitapur,XxaOowFtkiJ,indicator_2,901,2
2023-09-01,Mishirikh,Gfmfuy8CQrI,GJKYhq2wR9L,581.0,2.0,2024.0,7a,p,242.0,Sitapur,XxaOowFtkiJ,indicator_7,901,7
2023-09-01,Mishirikh,Gfmfuy8CQrI,NI0EC5no6PO,633.0,2.0,2024.0,10a,p,242.0,Sitapur,XxaOowFtkiJ,indicator_10,901,10
2023-09-01,Gondlamau,HWAP9AgN3Ym,aRueVYr35yM.Ti9FJqkSK6J,265.0,2.0,2024.0,36b,p,244.0,Sitapur,XxaOowFtkiJ,indicator_36,542,36
2023-09-01,Gondlamau,HWAP9AgN3Ym,ixBYYYjxXPP,172.0,2.0,2024.0,36a,p,244.0,Sitapur,XxaOowFtkiJ,indicator_36,542,36
2023-09-01,Gondlamau,HWAP9AgN3Ym,ui45G8KwpzU.Ti9FJqkSK6J,755.0,2.0,2024.0,2a,p,244.0,Sitapur,XxaOowFtkiJ,indicator_2,542,2
2023-09-01,Gondlamau,HWAP9AgN3Ym,GJKYhq2wR9L,597.0,2.0,2024.0,7a,p,244.0,Sitapur,XxaOowFtkiJ,indicator_7,542,7
2023-09-01,Gondlamau,HWAP9AgN3Ym,NI0EC5no6PO,767.0,2.0,2024.0,10a,p,244.0,Sitapur,XxaOowFtkiJ,indicator_10,542,10
2023-09-01,Pahla,I2ZGoBUtTtO,aRueVYr35yM.Ti9FJqkSK6J,281.0,2.0,2024.0,36b,p,254.0,Sitapur,XxaOowFtkiJ,indicator_36,682,36
2023-09-01,Pahla,I2ZGoBUtTtO,ixBYYYjxXPP,119.0,2.0,2024.0,36a,p,254.0,Sitapur,XxaOowFtkiJ,indicator_36,682,36
2023-09-01,Pahla,I2ZGoBUtTtO,ui45G8KwpzU.Ti9FJqkSK6J,500.0,2.0,2024.0,2a,p,254.0,Sitapur,XxaOowFtkiJ,indicator_2,682,2
2023-09-01,Pahla,I2ZGoBUtTtO,GJKYhq2wR9L,484.0,2.0,2024.0,7a,p,254.0,Sitapur,XxaOowFtkiJ,indicator_7,682,7
2023-09-01,Pahla,I2ZGoBUtTtO,NI0EC5no6PO,657.0,2.0,2024.0,10a,p,254.0,Sitapur,XxaOowFtkiJ,indicator_10,682,10
2023-09-01,Maholi,KEc8Ha9MyTJ,aRueVYr35yM.Ti9FJqkSK6J,341.0,2.0,2024.0,36b,p,241.0,Sitapur,XxaOowFtkiJ,indicator_36,401,36
2023-09-01,Maholi,KEc8Ha9MyTJ,ixBYYYjxXPP,115.0,2.0,2024.0,36a,p,241.0,Sitapur,XxaOowFtkiJ,indicator_36,401,36
2023-09-01,Maholi,KEc8Ha9MyTJ,aRueVYr35yM.Ti9FJqkSK6J,331.0,2.0,2024.0,36b,p,241.0,Sitapur,XxaOowFtkiJ,indicator_36,401,36
2023-09-01,Maholi,KEc8Ha9MyTJ,ui45G8KwpzU.Ti9FJqkSK6J,601.0,2.0,2024.0,2a,p,241.0,Sitapur,XxaOowFtkiJ,indicator_2,401,2
2023-09-01,Maholi,KEc8Ha9MyTJ,GJKYhq2wR9L,422.0,2.0,2024.0,7a,p,241.0,Sitapur,XxaOowFtkiJ,indicator_7,401,7
2023-09-01,Maholi,KEc8Ha9MyTJ,NI0EC5no6PO,591.0,2.0,2024.0,10a,p,241.0,Sitapur,XxaOowFtkiJ,indicator_10,401,10
2023-09-01,Sidhauli,NAhNn2JVtnF,aRueVYr35yM.Ti9FJqkSK6J,506.0,2.0,2024.0,36b,p,258.0,Sitapur,XxaOowFtkiJ,indicator_36,865,36
2023-09-01,Sidhauli,NAhNn2JVtnF,ixBYYYjxXPP,479.0,2.0,2024.0,36a,p,258.0,Sitapur,XxaOowFtkiJ,indicator_36,865,36
2023-09-01,Sidhauli,NAhNn2JVtnF,ui45G8KwpzU.Ti9FJqkSK6J,496.0,2.0,2024.0,2a,p,258.0,Sitapur,XxaOowFtkiJ,indicator_2,865,2
2023-09-01,Sidhauli,NAhNn2JVtnF,GJKYhq2wR9L,468.0,2.0,2024.0,7a,p,258.0,Sitapur,XxaOowFtkiJ,indicator_7,865,7
2023-09-01,Sidhauli,NAhNn2JVtnF,NI0EC5no6PO,527.0,2.0,2024.0,10a,p,258.0,Sitapur,XxaOowFtkiJ,indicator_10,865,10
2023-09-01,Reusa,W91p7yS5r9P,aRueVYr35yM.Ti9FJqkSK6J,511.0,2.0,2024.0,36b,p,251.0,Sitapur,XxaOowFtkiJ,indicator_36,443,36
2023-09-01,Reusa,W91p7yS5r9P,ixBYYYjxXPP,0.0,2.0,2024.0,36a,p,251.0,Sitapur,XxaOowFtkiJ,indicator_36,443,36
2023-09-01,Reusa,W91p7yS5r9P,ui45G8KwpzU.Ti9FJqkSK6J,940.0,2.0,2024.0,2a,p,251.0,Sitapur,XxaOowFtkiJ,indicator_2,443,2
2023-09-01,Reusa,W91p7yS5r9P,GJKYhq2wR9L,708.0,2.0,2024.0,7a,p,251.0,Sitapur,XxaOowFtkiJ,indicator_7,443,7
2023-09-01,Reusa,W91p7yS5r9P,NI0EC5no6PO,931.0,2.0,2024.0,10a,p,251.0,Sitapur,XxaOowFtkiJ,indicator_10,443,10
2023-09-01,Khiarabad,ch0hBYu0VuS,aRueVYr35yM.Ti9FJqkSK6J,296.0,2.0,2024.0,36b,p,248.0,Sitapur,XxaOowFtkiJ,indicator_36,329,36
2023-09-01,Khiarabad,ch0hBYu0VuS,ixBYYYjxXPP,0.0,2.0,2024.0,36a,p,248.0,Sitapur,XxaOowFtkiJ,indicator_36,329,36
2023-09-01,Khiarabad,ch0hBYu0VuS,ui45G8KwpzU.Ti9FJqkSK6J,605.0,2.0,2024.0,2a,p,248.0,Sitapur,XxaOowFtkiJ,indicator_2,329,2
2023-09-01,Khiarabad,ch0hBYu0VuS,GJKYhq2wR9L,612.0,2.0,2024.0,7a,p,248.0,Sitapur,XxaOowFtkiJ,indicator_7,329,7
2023-09-01,Khiarabad,ch0hBYu0VuS,NI0EC5no6PO,647.0,2.0,2024.0,10a,p,248.0,Sitapur,XxaOowFtkiJ,indicator_10,329,10
2023-09-01,Machrehta,eiVpF4VfZGS,aRueVYr35yM.Ti9FJqkSK6J,353.0,2.0,2024.0,36b,p,243.0,Sitapur,XxaOowFtkiJ,indicator_36,698,36
2023-09-01,Machrehta,eiVpF4VfZGS,ixBYYYjxXPP,286.0,2.0,2024.0,36a,p,243.0,Sitapur,XxaOowFtkiJ,indicator_36,698,36
2023-09-01,Machrehta,eiVpF4VfZGS,ui45G8KwpzU.Ti9FJqkSK6J,565.0,2.0,2024.0,2a,p,243.0,Sitapur,XxaOowFtkiJ,indicator_2,698,2
2023-09-01,Machrehta,eiVpF4VfZGS,GJKYhq2wR9L,470.0,2.0,2024.0,7a,p,243.0,Sitapur,XxaOowFtkiJ,indicator_7,698,7
2023-09-01,Machrehta,eiVpF4VfZGS,NI0EC5no6PO,640.0,2.0,2024.0,10a,p,243.0,Sitapur,XxaOowFtkiJ,indicator_10,698,10
2023-09-01,Mahmudabad Sitapur,gCv411YjGXv,aRueVYr35yM.Ti9FJqkSK6J,455.0,2.0,2024.0,36b,p,255.0,Sitapur,XxaOowFtkiJ,indicator_36,606,36
2023-09-01,Mahmudabad Sitapur,gCv411YjGXv,ixBYYYjxXPP,286.0,2.0,2024.0,36a,p,255.0,Sitapur,XxaOowFtkiJ,indicator_36,606,36
2023-09-01,Mahmudabad Sitapur,gCv411YjGXv,ui45G8KwpzU.Ti9FJqkSK6J,719.0,2.0,2024.0,2a,p,255.0,Sitapur,XxaOowFtkiJ,indicator_2,606,2
2023-09-01,Mahmudabad Sitapur,gCv411YjGXv,GJKYhq2wR9L,610.0,2.0,2024.0,7a,p,255.0,Sitapur,XxaOowFtkiJ,indicator_7,606,7
2023-09-01,Mahmudabad Sitapur,gCv411YjGXv,NI0EC5no6PO,723.0,2.0,2024.0,10a,p,255.0,Sitapur,XxaOowFtkiJ,indicator_10,606,10
2023-09-01,Biswan,gSwqRR5qMEE,aRueVYr35yM.Ti9FJqkSK6J,695.0,2.0,2024.0,36b,p,253.0,Sitapur,XxaOowFtkiJ,indicator_36,637,36
2023-09-01,Biswan,gSwqRR5qMEE,ixBYYYjxXPP,692.0,2.0,2024.0,36a,p,253.0,Sitapur,XxaOowFtkiJ,indicator_36,637,36
2023-09-01,Biswan,gSwqRR5qMEE,ui45G8KwpzU.Ti9FJqkSK6J,1056.0,2.0,2024.0,2a,p,253.0,Sitapur,XxaOowFtkiJ,indicator_2,637,2
2023-09-01,Biswan,gSwqRR5qMEE,GJKYhq2wR9L,996.0,2.0,2024.0,7a,p,253.0,Sitapur,XxaOowFtkiJ,indicator_7,637,7
2023-09-01,Biswan,gSwqRR5qMEE,NI0EC5no6PO,1037.0,2.0,2024.0,10a,p,253.0,Sitapur,XxaOowFtkiJ,indicator_10,637,10
2023-09-01,Behta,nKJmMxPaEZ9,aRueVYr35yM.Ti9FJqkSK6J,328.0,2.0,2024.0,36b,p,250.0,Sitapur,XxaOowFtkiJ,indicator_36,657,36
2023-09-01,Behta,nKJmMxPaEZ9,ixBYYYjxXPP,310.0,2.0,2024.0,36a,p,250.0,Sitapur,XxaOowFtkiJ,indicator_36,657,36
2023-09-01,Behta,nKJmMxPaEZ9,ui45G8KwpzU.Ti9FJqkSK6J,815.0,2.0,2024.0,2a,p,250.0,Sitapur,XxaOowFtkiJ,indicator_2,657,2
2023-09-01,Behta,nKJmMxPaEZ9,GJKYhq2wR9L,738.0,2.0,2024.0,7a,p,250.0,Sitapur,XxaOowFtkiJ,indicator_7,657,7
2023-09-01,Behta,nKJmMxPaEZ9,NI0EC5no6PO,812.0,2.0,2024.0,10a,p,250.0,Sitapur,XxaOowFtkiJ,indicator_10,657,10
2023-09-01,Hergaon,nwuxQQpdi7D,aRueVYr35yM.Ti9FJqkSK6J,338.0,2.0,2024.0,36b,p,246.0,Sitapur,XxaOowFtkiJ,indicator_36,815,36
2023-09-01,Hergaon,nwuxQQpdi7D,ixBYYYjxXPP,213.0,2.0,2024.0,36a,p,246.0,Sitapur,XxaOowFtkiJ,indicator_36,815,36
2023-09-01,Hergaon,nwuxQQpdi7D,ui45G8KwpzU.Ti9FJqkSK6J,725.0,2.0,2024.0,2a,p,246.0,Sitapur,XxaOowFtkiJ,indicator_2,815,2
2023-09-01,Hergaon,nwuxQQpdi7D,GJKYhq2wR9L,601.0,2.0,2024.0,7a,p,246.0,Sitapur,XxaOowFtkiJ,indicator_7,815,7
2023-09-01,Hergaon,nwuxQQpdi7D,NI0EC5no6PO,729.0,2.0,2024.0,10a,p,246.0,Sitapur,XxaOowFtkiJ,indicator_10,815,10
2023-09-01,Sitapur DHQ,ql65TcOIaDt,aRueVYr35yM.Ti9FJqkSK6J,1756.0,2.0,2024.0,36b,p,,Sitapur,XxaOowFtkiJ,indicator_36,281,36
2023-09-01,Sitapur DHQ,ql65TcOIaDt,ixBYYYjxXPP,1098.0,2.0,2024.0,36a,p,,Sitapur,XxaOowFtkiJ,indicator_36,281,36
2023-09-01,Sitapur DHQ,ql65TcOIaDt,aRueVYr35yM.Ti9FJqkSK6J,1433.0,2.0,2024.0,36b,p,,Sitapur,XxaOowFtkiJ,indicator_36,281,36
2023-09-01,Sitapur DHQ,ql65TcOIaDt,ui45G8KwpzU.Ti9FJqkSK6J,905.0,2.0,2024.0,2a,p,,Sitapur,XxaOowFtkiJ,indicator_2,281,2
2023-09-01,Sitapur DHQ,ql65TcOIaDt,GJKYhq2wR9L,661.0,2.0,2024.0,7a,p,,Sitapur,XxaOowFtkiJ,indicator_7,281,7
2023-09-01,Sitapur DHQ,ql65TcOIaDt,NI0EC5no6PO,355.0,2.0,2024.0,10a,p,,Sitapur,XxaOowFtkiJ,indicator_10,281,10
2023-09-01,Persendi,qyrJ0VLceRJ,aRueVYr35yM.Ti9FJqkSK6J,420.0,2.0,2024.0,36b,p,247.0,Sitapur,XxaOowFtkiJ,indicator_36,415,36
2023-09-01,Persendi,qyrJ0VLceRJ,ixBYYYjxXPP,203.0,2.0,2024.0,36a,p,247.0,Sitapur,XxaOowFtkiJ,indicator_36,415,36
2023-09-01,Persendi,qyrJ0VLceRJ,ui45G8KwpzU.Ti9FJqkSK6J,738.0,2.0,2024.0,2a,p,247.0,Sitapur,XxaOowFtkiJ,indicator_2,415,2
2023-09-01,Persendi,qyrJ0VLceRJ,GJKYhq2wR9L,575.0,2.0,2024.0,7a,p,247.0,Sitapur,XxaOowFtkiJ,indicator_7,415,7
2023-09-01,Persendi,qyrJ0VLceRJ,NI0EC5no6PO,809.0,2.0,2024.0,10a,p,247.0,Sitapur,XxaOowFtkiJ,indicator_10,415,10
2023-09-01,Laharpur,tIk5hphkbm1,aRueVYr35yM.Ti9FJqkSK6J,433.0,2.0,2024.0,36b,p,249.0,Sitapur,XxaOowFtkiJ,indicator_36,733,36
2023-09-01,Laharpur,tIk5hphkbm1,ixBYYYjxXPP,227.0,2.0,2024.0,36a,p,249.0,Sitapur,XxaOowFtkiJ,indicator_36,733,36
2023-09-01,Laharpur,tIk5hphkbm1,ui45G8KwpzU.Ti9FJqkSK6J,692.0,2.0,2024.0,2a,p,249.0,Sitapur,XxaOowFtkiJ,indicator_2,733,2
2023-09-01,Laharpur,tIk5hphkbm1,GJKYhq2wR9L,563.0,2.0,2024.0,7a,p,249.0,Sitapur,XxaOowFtkiJ,indicator_7,733,7
2023-09-01,Laharpur,tIk5hphkbm1,NI0EC5no6PO,840.0,2.0,2024.0,10a,p,249.0,Sitapur,XxaOowFtkiJ,indicator_10,733,10
2023-09-01,Rampur Mathura,tvZfs4DYlev,aRueVYr35yM.Ti9FJqkSK6J,382.0,2.0,2024.0,36b,p,256.0,Sitapur,XxaOowFtkiJ,indicator_36,516,36
2023-09-01,Rampur Mathura,tvZfs4DYlev,ixBYYYjxXPP,261.0,2.0,2024.0,36a,p,256.0,Sitapur,XxaOowFtkiJ,indicator_36,516,36
2023-09-01,Rampur Mathura,tvZfs4DYlev,ui45G8KwpzU.Ti9FJqkSK6J,737.0,2.0,2024.0,2a,p,256.0,Sitapur,XxaOowFtkiJ,indicator_2,516,2
2023-09-01,Rampur Mathura,tvZfs4DYlev,GJKYhq2wR9L,597.0,2.0,2024.0,7a,p,256.0,Sitapur,XxaOowFtkiJ,indicator_7,516,7
2023-09-01,Rampur Mathura,tvZfs4DYlev,NI0EC5no6PO,682.0,2.0,2024.0,10a,p,256.0,Sitapur,XxaOowFtkiJ,indicator_10,516,10
2023-09-01,Pisawan,yubhT8MSy2O,aRueVYr35yM.Ti9FJqkSK6J,221.0,2.0,2024.0,36b,p,240.0,Sitapur,XxaOowFtkiJ,indicator_36,173,36
2023-09-01,Pisawan,yubhT8MSy2O,ixBYYYjxXPP,221.0,2.0,2024.0,36a,p,240.0,Sitapur,XxaOowFtkiJ,indicator_36,173,36
2023-09-01,Pisawan,yubhT8MSy2O,ui45G8KwpzU.Ti9FJqkSK6J,646.0,2.0,2024.0,2a,p,240.0,Sitapur,XxaOowFtkiJ,indicator_2,173,2
2023-09-01,Pisawan,yubhT8MSy2O,GJKYhq2wR9L,443.0,2.0,2024.0,7a,p,240.0,Sitapur,XxaOowFtkiJ,indicator_7,173,7
2023-09-01,Pisawan,yubhT8MSy2O,NI0EC5no6PO,723.0,2.0,2024.0,10a,p,240.0,Sitapur,XxaOowFtkiJ,indicator_10,173,10
2023-09-01,Sakran,zghTOXwIiKT,aRueVYr35yM.Ti9FJqkSK6J,494.0,2.0,2024.0,36b,p,252.0,Sitapur,XxaOowFtkiJ,indicator_36,471,36
2023-09-01,Sakran,zghTOXwIiKT,ixBYYYjxXPP,0.0,2.0,2024.0,36a,p,252.0,Sitapur,XxaOowFtkiJ,indicator_36,471,36
2023-09-01,Sakran,zghTOXwIiKT,ui45G8KwpzU.Ti9FJqkSK6J,799.0,2.0,2024.0,2a,p,252.0,Sitapur,XxaOowFtkiJ,indicator_2,471,2
2023-09-01,Sakran,zghTOXwIiKT,GJKYhq2wR9L,622.0,2.0,2024.0,7a,p,252.0,Sitapur,XxaOowFtkiJ,indicator_7,471,7
2023-09-01,Sakran,zghTOXwIiKT,NI0EC5no6PO,839.0,2.0,2024.0,10a,p,252.0,Sitapur,XxaOowFtkiJ,indicator_10,471,10
2023-09-01,Etawah Badpura,DQKs9hxWhSr,aRueVYr35yM.Ti9FJqkSK6J,98.0,2.0,2024.0,36b,p,340.0,Etawah,Pm0jLk6EAiE,indicator_36,508,36
2023-09-01,Etawah Badpura,DQKs9hxWhSr,ixBYYYjxXPP,113.0,2.0,2024.0,36a,p,340.0,Etawah,Pm0jLk6EAiE,indicator_36,508,36
2023-09-01,Etawah Badpura,DQKs9hxWhSr,ui45G8KwpzU.Ti9FJqkSK6J,462.0,2.0,2024.0,2a,p,340.0,Etawah,Pm0jLk6EAiE,indicator_2,508,2
2023-09-01,Etawah Badpura,DQKs9hxWhSr,GJKYhq2wR9L,356.0,2.0,2024.0,7a,p,340.0,Etawah,Pm0jLk6EAiE,indicator_7,508,7
2023-09-01,Etawah Badpura,DQKs9hxWhSr,NI0EC5no6PO,492.0,2.0,2024.0,10a,p,340.0,Etawah,Pm0jLk6EAiE,indicator_10,508,10
2023-09-01,Etawah DHQ,H82DYZCKRwR,aRueVYr35yM.Ti9FJqkSK6J,1356.0,2.0,2024.0,36b,p,,Etawah,Pm0jLk6EAiE,indicator_36,46,36
2023-09-01,Etawah DHQ,H82DYZCKRwR,ixBYYYjxXPP,402.0,2.0,2024.0,36a,p,,Etawah,Pm0jLk6EAiE,indicator_36,46,36
2023-09-01,Etawah DHQ,H82DYZCKRwR,aRueVYr35yM.Ti9FJqkSK6J,1070.0,2.0,2024.0,36b,p,,Etawah,Pm0jLk6EAiE,indicator_36,46,36
2023-09-01,Etawah DHQ,H82DYZCKRwR,ui45G8KwpzU.Ti9FJqkSK6J,630.0,2.0,2024.0,2a,p,,Etawah,Pm0jLk6EAiE,indicator_2,46,2
2023-09-01,Etawah DHQ,H82DYZCKRwR,GJKYhq2wR9L,1236.0,2.0,2024.0,7a,p,,Etawah,Pm0jLk6EAiE,indicator_7,46,7
2023-09-01,Etawah DHQ,H82DYZCKRwR,NI0EC5no6PO,1157.0,2.0,2024.0,10a,p,,Etawah,Pm0jLk6EAiE,indicator_10,46,10
2023-09-01,Etawah Basrehar,JBG7yZn3ZhD,aRueVYr35yM.Ti9FJqkSK6J,404.0,2.0,2024.0,36b,p,341.0,Etawah,Pm0jLk6EAiE,indicator_36,258,36
2023-09-01,Etawah Basrehar,JBG7yZn3ZhD,ixBYYYjxXPP,379.0,2.0,2024.0,36a,p,341.0,Etawah,Pm0jLk6EAiE,indicator_36,258,36
2023-09-01,Etawah Basrehar,JBG7yZn3ZhD,ui45G8KwpzU.Ti9FJqkSK6J,399.0,2.0,2024.0,2a,p,341.0,Etawah,Pm0jLk6EAiE,indicator_2,258,2
2023-09-01,Etawah Basrehar,JBG7yZn3ZhD,GJKYhq2wR9L,333.0,2.0,2024.0,7a,p,341.0,Etawah,Pm0jLk6EAiE,indicator_7,258,7
2023-09-01,Etawah Basrehar,JBG7yZn3ZhD,NI0EC5no6PO,686.0,2.0,2024.0,10a,p,341.0,Etawah,Pm0jLk6EAiE,indicator_10,258,10
2023-09-01,Etawah Jasventnagar,L3tm8ZCQ4VU,aRueVYr35yM.Ti9FJqkSK6J,211.0,2.0,2024.0,36b,p,338.0,Etawah,Pm0jLk6EAiE,indicator_36,235,36
2023-09-01,Etawah Jasventnagar,L3tm8ZCQ4VU,ixBYYYjxXPP,0.0,2.0,2024.0,36a,p,338.0,Etawah,Pm0jLk6EAiE,indicator_36,235,36
2023-09-01,Etawah Jasventnagar,L3tm8ZCQ4VU,ui45G8KwpzU.Ti9FJqkSK6J,330.0,2.0,2024.0,2a,p,338.0,Etawah,Pm0jLk6EAiE,indicator_2,235,2
2023-09-01,Etawah Jasventnagar,L3tm8ZCQ4VU,GJKYhq2wR9L,377.0,2.0,2024.0,7a,p,338.0,Etawah,Pm0jLk6EAiE,indicator_7,235,7
2023-09-01,Etawah Jasventnagar,L3tm8ZCQ4VU,NI0EC5no6PO,460.0,2.0,2024.0,10a,p,338.0,Etawah,Pm0jLk6EAiE,indicator_10,235,10
2023-09-01,Etawah Chkernagar,eLIy5rJdmIo,aRueVYr35yM.Ti9FJqkSK6J,128.0,2.0,2024.0,36b,p,345.0,Etawah,Pm0jLk6EAiE,indicator_36,32,36
2023-09-01,Etawah Chkernagar,eLIy5rJdmIo,ixBYYYjxXPP,127.0,2.0,2024.0,36a,p,345.0,Etawah,Pm0jLk6EAiE,indicator_36,32,36
2023-09-01,Etawah Chkernagar,eLIy5rJdmIo,ui45G8KwpzU.Ti9FJqkSK6J,119.0,2.0,2024.0,2a,p,345.0,Etawah,Pm0jLk6EAiE,indicator_2,32,2
2023-09-01,Etawah Chkernagar,eLIy5rJdmIo,GJKYhq2wR9L,385.0,2.0,2024.0,7a,p,345.0,Etawah,Pm0jLk6EAiE,indicator_7,32,7
2023-09-01,Etawah Chkernagar,eLIy5rJdmIo,NI0EC5no6PO,328.0,2.0,2024.0,10a,p,345.0,Etawah,Pm0jLk6EAiE,indicator_10,32,10
2023-09-01,Etawah Mahewa,g6QRDUGvU6j,aRueVYr35yM.Ti9FJqkSK6J,379.0,2.0,2024.0,36b,p,344.0,Etawah,Pm0jLk6EAiE,indicator_36,584,36
2023-09-01,Etawah Mahewa,g6QRDUGvU6j,ixBYYYjxXPP,370.0,2.0,2024.0,36a,p,344.0,Etawah,Pm0jLk6EAiE,indicator_36,584,36
2023-09-01,Etawah Mahewa,g6QRDUGvU6j,ui45G8KwpzU.Ti9FJqkSK6J,585.0,2.0,2024.0,2a,p,344.0,Etawah,Pm0jLk6EAiE,indicator_2,584,2
2023-09-01,Etawah Mahewa,g6QRDUGvU6j,GJKYhq2wR9L,457.0,2.0,2024.0,7a,p,344.0,Etawah,Pm0jLk6EAiE,indicator_7,584,7
2023-09-01,Etawah Mahewa,g6QRDUGvU6j,NI0EC5no6PO,438.0,2.0,2024.0,10a,p,344.0,Etawah,Pm0jLk6EAiE,indicator_10,584,10
2023-09-01,Etawah Saifai,kxTyOTd53rb,aRueVYr35yM.Ti9FJqkSK6J,7.0,2.0,2024.0,36b,p,339.0,Etawah,Pm0jLk6EAiE,indicator_36,608,36
2023-09-01,Etawah Saifai,kxTyOTd53rb,ixBYYYjxXPP,0.0,2.0,2024.0,36a,p,339.0,Etawah,Pm0jLk6EAiE,indicator_36,608,36
2023-09-01,Etawah Saifai,kxTyOTd53rb,ui45G8KwpzU.Ti9FJqkSK6J,239.0,2.0,2024.0,2a,p,339.0,Etawah,Pm0jLk6EAiE,indicator_2,608,2
2023-09-01,Etawah Saifai,kxTyOTd53rb,GJKYhq2wR9L,157.0,2.0,2024.0,7a,p,339.0,Etawah,Pm0jLk6EAiE,indicator_7,608,7
2023-09-01,Etawah Saifai,kxTyOTd53rb,NI0EC5no6PO,279.0,2.0,2024.0,10a,p,339.0,Etawah,Pm0jLk6EAiE,indicator_10,608,10
2023-09-01,Etawah Thakha,vVEYFNLCthf,aRueVYr35yM.Ti9FJqkSK6J,221.0,2.0,2024.0,36b,p,342.0,Etawah,Pm0jLk6EAiE,indicator_36,130,36
2023-09-01,Etawah Thakha,vVEYFNLCthf,ixBYYYjxXPP,196.0,2.0,2024.0,36a,p,342.0,Etawah,Pm0jLk6EAiE,indicator_36,130,36
2023-09-01,Etawah Thakha,vVEYFNLCthf,ui45G8KwpzU.Ti9FJqkSK6J,276.0,2.0,2024.0,2a,p,342.0,Etawah,Pm0jLk6EAiE,indicator_2,130,2
2023-09-01,Etawah Thakha,vVEYFNLCthf,GJKYhq2wR9L,309.0,2.0,2024.0,7a,p,342.0,Etawah,Pm0jLk6EAiE,indicator_7,130,7
2023-09-01,Etawah Thakha,vVEYFNLCthf,NI0EC5no6PO,551.0,2.0,2024.0,10a,p,342.0,Etawah,Pm0jLk6EAiE,indicator_10,130,10
2023-09-01,Etawah Bherthna,xraYmPK0pc5,aRueVYr35yM.Ti9FJqkSK6J,264.0,2.0,2024.0,36b,p,343.0,Etawah,Pm0jLk6EAiE,indicator_36,186,36
2023-09-01,Etawah Bherthna,xraYmPK0pc5,ixBYYYjxXPP,0.0,2.0,2024.0,36a,p,343.0,Etawah,Pm0jLk6EAiE,indicator_36,186,36
2023-09-01,Etawah Bherthna,xraYmPK0pc5,ui45G8KwpzU.Ti9FJqkSK6J,405.0,2.0,2024.0,2a,p,343.0,Etawah,Pm0jLk6EAiE,indicator_2,186,2
2023-09-01,Etawah Bherthna,xraYmPK0pc5,GJKYhq2wR9L,517.0,2.0,2024.0,7a,p,343.0,Etawah,Pm0jLk6EAiE,indicator_7,186,7
2023-09-01,Etawah Bherthna,xraYmPK0pc5,NI0EC5no6PO,571.0,2.0,2024.0,10a,p,343.0,Etawah,Pm0jLk6EAiE,indicator_10,186,10
2023-09-01,Lalitpur Madawara,DQg8KWOYf9m,aRueVYr35yM.Ti9FJqkSK6J,332.0,2.0,2024.0,36b,p,395.0,Lalitpur,fagfcadhxej,indicator_36,530,36
2023-09-01,Lalitpur Madawara,DQg8KWOYf9m,ixBYYYjxXPP,303.0,2.0,2024.0,36a,p,395.0,Lalitpur,fagfcadhxej,indicator_36,530,36
2023-09-01,Lalitpur Madawara,DQg8KWOYf9m,ui45G8KwpzU.Ti9FJqkSK6J,249.0,2.0,2024.0,2a,p,395.0,Lalitpur,fagfcadhxej,indicator_2,530,2
2023-09-01,Lalitpur Madawara,DQg8KWOYf9m,GJKYhq2wR9L,289.0,2.0,2024.0,7a,p,395.0,Lalitpur,fagfcadhxej,indicator_7,530,7
2023-09-01,Lalitpur Madawara,DQg8KWOYf9m,NI0EC5no6PO,438.0,2.0,2024.0,10a,p,395.0,Lalitpur,fagfcadhxej,indicator_10,530,10
2023-09-01,Lalitpur  DHQ,OlW82qQAtpe,aRueVYr35yM.Ti9FJqkSK6J,877.0,2.0,2024.0,36b,p,,Lalitpur,fagfcadhxej,indicator_36,482,36
2023-09-01,Lalitpur  DHQ,OlW82qQAtpe,ixBYYYjxXPP,690.0,2.0,2024.0,36a,p,,Lalitpur,fagfcadhxej,indicator_36,482,36
2023-09-01,Lalitpur  DHQ,OlW82qQAtpe,aRueVYr35yM.Ti9FJqkSK6J,731.0,2.0,2024.0,36b,p,,Lalitpur,fagfcadhxej,indicator_36,482,36
2023-09-01,Lalitpur  DHQ,OlW82qQAtpe,ui45G8KwpzU.Ti9FJqkSK6J,636.0,2.0,2024.0,2a,p,,Lalitpur,fagfcadhxej,indicator_2,482,2
2023-09-01,Lalitpur  DHQ,OlW82qQAtpe,GJKYhq2wR9L,658.0,2.0,2024.0,7a,p,,Lalitpur,fagfcadhxej,indicator_7,482,7
2023-09-01,Lalitpur  DHQ,OlW82qQAtpe,NI0EC5no6PO,985.0,2.0,2024.0,10a,p,,Lalitpur,fagfcadhxej,indicator_10,482,10
2023-09-01,Lalitpur Jakhaura,cBlMjL2O6oW,aRueVYr35yM.Ti9FJqkSK6J,197.0,2.0,2024.0,36b,p,391.0,Lalitpur,fagfcadhxej,indicator_36,461,36
2023-09-01,Lalitpur Jakhaura,cBlMjL2O6oW,ixBYYYjxXPP,159.0,2.0,2024.0,36a,p,391.0,Lalitpur,fagfcadhxej,indicator_36,461,36
2023-09-01,Lalitpur Jakhaura,cBlMjL2O6oW,ui45G8KwpzU.Ti9FJqkSK6J,578.0,2.0,2024.0,2a,p,391.0,Lalitpur,fagfcadhxej,indicator_2,461,2
2023-09-01,Lalitpur Jakhaura,cBlMjL2O6oW,GJKYhq2wR9L,460.0,2.0,2024.0,7a,p,391.0,Lalitpur,fagfcadhxej,indicator_7,461,7
2023-09-01,Lalitpur Jakhaura,cBlMjL2O6oW,NI0EC5no6PO,587.0,2.0,2024.0,10a,p,391.0,Lalitpur,fagfcadhxej,indicator_10,461,10
2023-09-01,Lalitpur Talbehat,hByPwhy4hFw,aRueVYr35yM.Ti9FJqkSK6J,387.0,2.0,2024.0,36b,p,390.0,Lalitpur,fagfcadhxej,indicator_36,507,36
2023-09-01,Lalitpur Talbehat,hByPwhy4hFw,ixBYYYjxXPP,162.0,2.0,2024.0,36a,p,390.0,Lalitpur,fagfcadhxej,indicator_36,507,36
2023-09-01,Lalitpur Talbehat,hByPwhy4hFw,aRueVYr35yM.Ti9FJqkSK6J,363.0,2.0,2024.0,36b,p,390.0,Lalitpur,fagfcadhxej,indicator_36,507,36
2023-09-01,Lalitpur Talbehat,hByPwhy4hFw,ui45G8KwpzU.Ti9FJqkSK6J,596.0,2.0,2024.0,2a,p,390.0,Lalitpur,fagfcadhxej,indicator_2,507,2
2023-09-01,Lalitpur Talbehat,hByPwhy4hFw,GJKYhq2wR9L,388.0,2.0,2024.0,7a,p,390.0,Lalitpur,fagfcadhxej,indicator_7,507,7
2023-09-01,Lalitpur Talbehat,hByPwhy4hFw,NI0EC5no6PO,583.0,2.0,2024.0,10a,p,390.0,Lalitpur,fagfcadhxej,indicator_10,507,10
2023-09-01,Lalitpur Mahroni,hSxXTcaWSE8,aRueVYr35yM.Ti9FJqkSK6J,248.0,2.0,2024.0,36b,p,394.0,Lalitpur,fagfcadhxej,indicator_36,377,36
2023-09-01,Lalitpur Mahroni,hSxXTcaWSE8,ixBYYYjxXPP,151.0,2.0,2024.0,36a,p,394.0,Lalitpur,fagfcadhxej,indicator_36,377,36
2023-09-01,Lalitpur Mahroni,hSxXTcaWSE8,ui45G8KwpzU.Ti9FJqkSK6J,456.0,2.0,2024.0,2a,p,394.0,Lalitpur,fagfcadhxej,indicator_2,377,2
2023-09-01,Lalitpur Mahroni,hSxXTcaWSE8,GJKYhq2wR9L,315.0,2.0,2024.0,7a,p,394.0,Lalitpur,fagfcadhxej,indicator_7,377,7
2023-09-01,Lalitpur Mahroni,hSxXTcaWSE8,NI0EC5no6PO,456.0,2.0,2024.0,10a,p,394.0,Lalitpur,fagfcadhxej,indicator_10,377,10
2023-09-01,Lalitpur Birdha,ilEX3iUSCkP,aRueVYr35yM.Ti9FJqkSK6J,209.0,2.0,2024.0,36b,p,393.0,Lalitpur,fagfcadhxej,indicator_36,660,36
2023-09-01,Lalitpur Birdha,ilEX3iUSCkP,ixBYYYjxXPP,185.0,2.0,2024.0,36a,p,393.0,Lalitpur,fagfcadhxej,indicator_36,660,36
2023-09-01,Lalitpur Birdha,ilEX3iUSCkP,ui45G8KwpzU.Ti9FJqkSK6J,659.0,2.0,2024.0,2a,p,393.0,Lalitpur,fagfcadhxej,indicator_2,660,2
2023-09-01,Lalitpur Birdha,ilEX3iUSCkP,GJKYhq2wR9L,603.0,2.0,2024.0,7a,p,393.0,Lalitpur,fagfcadhxej,indicator_7,660,7
2023-09-01,Lalitpur Birdha,ilEX3iUSCkP,NI0EC5no6PO,659.0,2.0,2024.0,10a,p,393.0,Lalitpur,fagfcadhxej,indicator_10,660,10
2023-09-01,Lalitpur Bar,qMddUgnDzYX,aRueVYr35yM.Ti9FJqkSK6J,431.0,2.0,2024.0,36b,p,392.0,Lalitpur,fagfcadhxej,indicator_36,714,36
2023-09-01,Lalitpur Bar,qMddUgnDzYX,ixBYYYjxXPP,315.0,2.0,2024.0,36a,p,392.0,Lalitpur,fagfcadhxej,indicator_36,714,36
2023-09-01,Lalitpur Bar,qMddUgnDzYX,ui45G8KwpzU.Ti9FJqkSK6J,376.0,2.0,2024.0,2a,p,392.0,Lalitpur,fagfcadhxej,indicator_2,714,2
2023-09-01,Lalitpur Bar,qMddUgnDzYX,GJKYhq2wR9L,385.0,2.0,2024.0,7a,p,392.0,Lalitpur,fagfcadhxej,indicator_7,714,7
2023-09-01,Lalitpur Bar,qMddUgnDzYX,NI0EC5no6PO,538.0,2.0,2024.0,10a,p,392.0,Lalitpur,fagfcadhxej,indicator_10,714,10
2023-09-01,Tandiyanwa,DSmdrNpxWTp,aRueVYr35yM.Ti9FJqkSK6J,271.0,2.0,2024.0,36b,p,270.0,Hardoi,MTIkUw5q5pX,indicator_36,790,36
2023-09-01,Tandiyanwa,DSmdrNpxWTp,ixBYYYjxXPP,0.0,2.0,2024.0,36a,p,270.0,Hardoi,MTIkUw5q5pX,indicator_36,790,36
2023-09-01,Tandiyanwa,DSmdrNpxWTp,ui45G8KwpzU.Ti9FJqkSK6J,644.0,2.0,2024.0,2a,p,270.0,Hardoi,MTIkUw5q5pX,indicator_2,790,2
2023-09-01,Tandiyanwa,DSmdrNpxWTp,GJKYhq2wR9L,802.0,2.0,2024.0,7a,p,270.0,Hardoi,MTIkUw5q5pX,indicator_7,790,7
2023-09-01,Tandiyanwa,DSmdrNpxWTp,NI0EC5no6PO,980.0,2.0,2024.0,10a,p,270.0,Hardoi,MTIkUw5q5pX,indicator_10,790,10
2023-09-01,Ahirori,JNhW47eyrRv,aRueVYr35yM.Ti9FJqkSK6J,398.0,2.0,2024.0,36b,p,272.0,Hardoi,MTIkUw5q5pX,indicator_36,477,36
2023-09-01,Ahirori,JNhW47eyrRv,ixBYYYjxXPP,0.0,2.0,2024.0,36a,p,272.0,Hardoi,MTIkUw5q5pX,indicator_36,477,36
2023-09-01,Ahirori,JNhW47eyrRv,ui45G8KwpzU.Ti9FJqkSK6J,949.0,2.0,2024.0,2a,p,272.0,Hardoi,MTIkUw5q5pX,indicator_2,477,2
2023-09-01,Ahirori,JNhW47eyrRv,GJKYhq2wR9L,698.0,2.0,2024.0,7a,p,272.0,Hardoi,MTIkUw5q5pX,indicator_7,477,7
2023-09-01,Ahirori,JNhW47eyrRv,NI0EC5no6PO,883.0,2.0,2024.0,10a,p,272.0,Hardoi,MTIkUw5q5pX,indicator_10,477,10
2023-09-01,Malanwan,L7LEJCs3NnM,aRueVYr35yM.Ti9FJqkSK6J,273.0,2.0,2024.0,36b,p,268.0,Hardoi,MTIkUw5q5pX,indicator_36,722,36
2023-09-01,Malanwan,L7LEJCs3NnM,ixBYYYjxXPP,273.0,2.0,2024.0,36a,p,268.0,Hardoi,MTIkUw5q5pX,indicator_36,722,36
2023-09-01,Malanwan,L7LEJCs3NnM,ui45G8KwpzU.Ti9FJqkSK6J,555.0,2.0,2024.0,2a,p,268.0,Hardoi,MTIkUw5q5pX,indicator_2,722,2
2023-09-01,Malanwan,L7LEJCs3NnM,GJKYhq2wR9L,443.0,2.0,2024.0,7a,p,268.0,Hardoi,MTIkUw5q5pX,indicator_7,722,7
2023-09-01,Malanwan,L7LEJCs3NnM,NI0EC5no6PO,586.0,2.0,2024.0,10a,p,268.0,Hardoi,MTIkUw5q5pX,indicator_10,722,10
2023-09-01,Sahabad,NvR1ROHQCYV,aRueVYr35yM.Ti9FJqkSK6J,420.0,2.0,2024.0,36b,p,259.0,Hardoi,MTIkUw5q5pX,indicator_36,680,36
2023-09-01,Sahabad,NvR1ROHQCYV,ixBYYYjxXPP,402.0,2.0,2024.0,36a,p,259.0,Hardoi,MTIkUw5q5pX,indicator_36,680,36
2023-09-01,Sahabad,NvR1ROHQCYV,aRueVYr35yM.Ti9FJqkSK6J,345.0,2.0,2024.0,36b,p,259.0,Hardoi,MTIkUw5q5pX,indicator_36,680,36
2023-09-01,Sahabad,NvR1ROHQCYV,ui45G8KwpzU.Ti9FJqkSK6J,1135.0,2.0,2024.0,2a,p,259.0,Hardoi,MTIkUw5q5pX,indicator_2,680,2
2023-09-01,Sahabad,NvR1ROHQCYV,GJKYhq2wR9L,711.0,2.0,2024.0,7a,p,259.0,Hardoi,MTIkUw5q5pX,indicator_7,680,7
2023-09-01,Sahabad,NvR1ROHQCYV,NI0EC5no6PO,1105.0,2.0,2024.0,10a,p,259.0,Hardoi,MTIkUw5q5pX,indicator_10,680,10
2023-09-01,Sandi,OG07uORb7i2,aRueVYr35yM.Ti9FJqkSK6J,248.0,2.0,2024.0,36b,p,265.0,Hardoi,MTIkUw5q5pX,indicator_36,723,36
2023-09-01,Sandi,OG07uORb7i2,ixBYYYjxXPP,213.0,2.0,2024.0,36a,p,265.0,Hardoi,MTIkUw5q5pX,indicator_36,723,36
2023-09-01,Sandi,OG07uORb7i2,ui45G8KwpzU.Ti9FJqkSK6J,721.0,2.0,2024.0,2a,p,265.0,Hardoi,MTIkUw5q5pX,indicator_2,723,2
2023-09-01,Sandi,OG07uORb7i2,GJKYhq2wR9L,503.0,2.0,2024.0,7a,p,265.0,Hardoi,MTIkUw5q5pX,indicator_7,723,7
2023-09-01,Sandi,OG07uORb7i2,NI0EC5no6PO,520.0,2.0,2024.0,10a,p,265.0,Hardoi,MTIkUw5q5pX,indicator_10,723,10
2023-09-01,Harpalpur,TY7glMGf9aG,aRueVYr35yM.Ti9FJqkSK6J,499.0,2.0,2024.0,36b,p,264.0,Hardoi,MTIkUw5q5pX,indicator_36,884,36
2023-09-01,Harpalpur,TY7glMGf9aG,ixBYYYjxXPP,401.0,2.0,2024.0,36a,p,264.0,Hardoi,MTIkUw5q5pX,indicator_36,884,36
2023-09-01,Harpalpur,TY7glMGf9aG,ui45G8KwpzU.Ti9FJqkSK6J,453.0,2.0,2024.0,2a,p,264.0,Hardoi,MTIkUw5q5pX,indicator_2,884,2
2023-09-01,Harpalpur,TY7glMGf9aG,GJKYhq2wR9L,477.0,2.0,2024.0,7a,p,264.0,Hardoi,MTIkUw5q5pX,indicator_7,884,7
2023-09-01,Harpalpur,TY7glMGf9aG,NI0EC5no6PO,983.0,2.0,2024.0,10a,p,264.0,Hardoi,MTIkUw5q5pX,indicator_10,884,10
2023-09-01,Bilgram,TqhQTNCu0rW,aRueVYr35yM.Ti9FJqkSK6J,444.0,2.0,2024.0,36b,p,266.0,Hardoi,MTIkUw5q5pX,indicator_36,894,36
2023-09-01,Bilgram,TqhQTNCu0rW,ixBYYYjxXPP,0.0,2.0,2024.0,36a,p,266.0,Hardoi,MTIkUw5q5pX,indicator_36,894,36
2023-09-01,Bilgram,TqhQTNCu0rW,ui45G8KwpzU.Ti9FJqkSK6J,972.0,2.0,2024.0,2a,p,266.0,Hardoi,MTIkUw5q5pX,indicator_2,894,2
2023-09-01,Bilgram,TqhQTNCu0rW,GJKYhq2wR9L,699.0,2.0,2024.0,7a,p,266.0,Hardoi,MTIkUw5q5pX,indicator_7,894,7
2023-09-01,Bilgram,TqhQTNCu0rW,NI0EC5no6PO,664.0,2.0,2024.0,10a,p,266.0,Hardoi,MTIkUw5q5pX,indicator_10,894,10
2023-09-01,Behander,VoR9CT9z1Rx,aRueVYr35yM.Ti9FJqkSK6J,229.0,2.0,2024.0,36b,p,275.0,Hardoi,MTIkUw5q5pX,indicator_36,858,36
2023-09-01,Behander,VoR9CT9z1Rx,ixBYYYjxXPP,210.0,2.0,2024.0,36a,p,275.0,Hardoi,MTIkUw5q5pX,indicator_36,858,36
2023-09-01,Behander,VoR9CT9z1Rx,ui45G8KwpzU.Ti9FJqkSK6J,509.0,2.0,2024.0,2a,p,275.0,Hardoi,MTIkUw5q5pX,indicator_2,858,2
2023-09-01,Behander,VoR9CT9z1Rx,GJKYhq2wR9L,521.0,2.0,2024.0,7a,p,275.0,Hardoi,MTIkUw5q5pX,indicator_7,858,7
2023-09-01,Behander,VoR9CT9z1Rx,NI0EC5no6PO,779.0,2.0,2024.0,10a,p,275.0,Hardoi,MTIkUw5q5pX,indicator_10,858,10
2023-09-01,Sursa,dBCX7zX8Feb,aRueVYr35yM.Ti9FJqkSK6J,189.0,2.0,2024.0,36b,p,271.0,Hardoi,MTIkUw5q5pX,indicator_36,779,36
2023-09-01,Sursa,dBCX7zX8Feb,ixBYYYjxXPP,180.0,2.0,2024.0,36a,p,271.0,Hardoi,MTIkUw5q5pX,indicator_36,779,36
2023-09-01,Sursa,dBCX7zX8Feb,ui45G8KwpzU.Ti9FJqkSK6J,850.0,2.0,2024.0,2a,p,271.0,Hardoi,MTIkUw5q5pX,indicator_2,779,2
2023-09-01,Sursa,dBCX7zX8Feb,GJKYhq2wR9L,625.0,2.0,2024.0,7a,p,271.0,Hardoi,MTIkUw5q5pX,indicator_7,779,7
2023-09-01,Sursa,dBCX7zX8Feb,NI0EC5no6PO,265.0,2.0,2024.0,10a,p,271.0,Hardoi,MTIkUw5q5pX,indicator_10,779,10
2023-09-01,Madhouganj,iBHysCEYPjb,aRueVYr35yM.Ti9FJqkSK6J,247.0,2.0,2024.0,36b,p,267.0,Hardoi,MTIkUw5q5pX,indicator_36,212,36
2023-09-01,Madhouganj,iBHysCEYPjb,ixBYYYjxXPP,237.0,2.0,2024.0,36a,p,267.0,Hardoi,MTIkUw5q5pX,indicator_36,212,36
2023-09-01,Madhouganj,iBHysCEYPjb,ui45G8KwpzU.Ti9FJqkSK6J,845.0,2.0,2024.0,2a,p,267.0,Hardoi,MTIkUw5q5pX,indicator_2,212,2
2023-09-01,Madhouganj,iBHysCEYPjb,GJKYhq2wR9L,600.0,2.0,2024.0,7a,p,267.0,Hardoi,MTIkUw5q5pX,indicator_7,212,7
2023-09-01,Madhouganj,iBHysCEYPjb,NI0EC5no6PO,963.0,2.0,2024.0,10a,p,267.0,Hardoi,MTIkUw5q5pX,indicator_10,212,10
2023-09-01,Tondarpur,jvwEe3kpMPg,aRueVYr35yM.Ti9FJqkSK6J,147.0,2.0,2024.0,36b,p,260.0,Hardoi,MTIkUw5q5pX,indicator_36,73,36
2023-09-01,Tondarpur,jvwEe3kpMPg,ixBYYYjxXPP,218.0,2.0,2024.0,36a,p,260.0,Hardoi,MTIkUw5q5pX,indicator_36,73,36
2023-09-01,Tondarpur,jvwEe3kpMPg,ui45G8KwpzU.Ti9FJqkSK6J,752.0,2.0,2024.0,2a,p,260.0,Hardoi,MTIkUw5q5pX,indicator_2,73,2
2023-09-01,Tondarpur,jvwEe3kpMPg,GJKYhq2wR9L,557.0,2.0,2024.0,7a,p,260.0,Hardoi,MTIkUw5q5pX,indicator_7,73,7
2023-09-01,Tondarpur,jvwEe3kpMPg,NI0EC5no6PO,770.0,2.0,2024.0,10a,p,260.0,Hardoi,MTIkUw5q5pX,indicator_10,73,10
2023-09-01,Hardoi DHQ,kBVkJI1qaWb,aRueVYr35yM.Ti9FJqkSK6J,1820.0,2.0,2024.0,36b,p,,Hardoi,MTIkUw5q5pX,indicator_36,125,36
2023-09-01,Hardoi DHQ,kBVkJI1qaWb,ixBYYYjxXPP,835.0,2.0,2024.0,36a,p,,Hardoi,MTIkUw5q5pX,indicator_36,125,36
2023-09-01,Hardoi DHQ,kBVkJI1qaWb,aRueVYr35yM.Ti9FJqkSK6J,1115.0,2.0,2024.0,36b,p,,Hardoi,MTIkUw5q5pX,indicator_36,125,36
2023-09-01,Hardoi DHQ,kBVkJI1qaWb,ui45G8KwpzU.Ti9FJqkSK6J,509.0,2.0,2024.0,2a,p,,Hardoi,MTIkUw5q5pX,indicator_2,125,2
2023-09-01,Hardoi DHQ,kBVkJI1qaWb,GJKYhq2wR9L,418.0,2.0,2024.0,7a,p,,Hardoi,MTIkUw5q5pX,indicator_7,125,7
2023-09-01,Hardoi DHQ,kBVkJI1qaWb,NI0EC5no6PO,679.0,2.0,2024.0,10a,p,,Hardoi,MTIkUw5q5pX,indicator_10,125,10
2023-09-01,Pihani,lr3CfswaZMq,aRueVYr35yM.Ti9FJqkSK6J,720.0,2.0,2024.0,36b,p,261.0,Hardoi,MTIkUw5q5pX,indicator_36,762,36
2023-09-01,Pihani,lr3CfswaZMq,ixBYYYjxXPP,0.0,2.0,2024.0,36a,p,261.0,Hardoi,MTIkUw5q5pX,indicator_36,762,36
2023-09-01,Pihani,lr3CfswaZMq,aRueVYr35yM.Ti9FJqkSK6J,708.0,2.0,2024.0,36b,p,261.0,Hardoi,MTIkUw5q5pX,indicator_36,762,36
2023-09-01,Pihani,lr3CfswaZMq,ui45G8KwpzU.Ti9FJqkSK6J,961.0,2.0,2024.0,2a,p,261.0,Hardoi,MTIkUw5q5pX,indicator_2,762,2
2023-09-01,Pihani,lr3CfswaZMq,GJKYhq2wR9L,565.0,2.0,2024.0,7a,p,261.0,Hardoi,MTIkUw5q5pX,indicator_7,762,7
2023-09-01,Pihani,lr3CfswaZMq,NI0EC5no6PO,517.0,2.0,2024.0,10a,p,261.0,Hardoi,MTIkUw5q5pX,indicator_10,762,10
2023-09-01,Barkhani,pkRX2naWpN3,aRueVYr35yM.Ti9FJqkSK6J,368.0,2.0,2024.0,36b,p,262.0,Hardoi,MTIkUw5q5pX,indicator_36,305,36
2023-09-01,Barkhani,pkRX2naWpN3,ixBYYYjxXPP,0.0,2.0,2024.0,36a,p,262.0,Hardoi,MTIkUw5q5pX,indicator_36,305,36
2023-09-01,Barkhani,pkRX2naWpN3,ui45G8KwpzU.Ti9FJqkSK6J,925.0,2.0,2024.0,2a,p,262.0,Hardoi,MTIkUw5q5pX,indicator_2,305,2
2023-09-01,Barkhani,pkRX2naWpN3,GJKYhq2wR9L,750.0,2.0,2024.0,7a,p,262.0,Hardoi,MTIkUw5q5pX,indicator_7,305,7
2023-09-01,Barkhani,pkRX2naWpN3,NI0EC5no6PO,743.0,2.0,2024.0,10a,p,262.0,Hardoi,MTIkUw5q5pX,indicator_10,305,10
2023-09-01,Hariyanwa,ruw57rtPpxr,aRueVYr35yM.Ti9FJqkSK6J,220.0,2.0,2024.0,36b,p,269.0,Hardoi,MTIkUw5q5pX,indicator_36,758,36
2023-09-01,Hariyanwa,ruw57rtPpxr,ixBYYYjxXPP,237.0,2.0,2024.0,36a,p,269.0,Hardoi,MTIkUw5q5pX,indicator_36,758,36
2023-09-01,Hariyanwa,ruw57rtPpxr,ui45G8KwpzU.Ti9FJqkSK6J,693.0,2.0,2024.0,2a,p,269.0,Hardoi,MTIkUw5q5pX,indicator_2,758,2
2023-09-01,Hariyanwa,ruw57rtPpxr,GJKYhq2wR9L,474.0,2.0,2024.0,7a,p,269.0,Hardoi,MTIkUw5q5pX,indicator_7,758,7
2023-09-01,Hariyanwa,ruw57rtPpxr,NI0EC5no6PO,453.0,2.0,2024.0,10a,p,269.0,Hardoi,MTIkUw5q5pX,indicator_10,758,10
2023-09-01,Sandila,tZXCzgn6lut,aRueVYr35yM.Ti9FJqkSK6J,580.0,2.0,2024.0,36b,p,276.0,Hardoi,MTIkUw5q5pX,indicator_36,201,36
2023-09-01,Sandila,tZXCzgn6lut,aRueVYr35yM.Ti9FJqkSK6J,272.0,2.0,2024.0,36b,p,276.0,Hardoi,MTIkUw5q5pX,indicator_36,201,36
2023-09-01,Sandila,tZXCzgn6lut,ui45G8KwpzU.Ti9FJqkSK6J,1028.0,2.0,2024.0,2a,p,276.0,Hardoi,MTIkUw5q5pX,indicator_2,201,2
2023-09-01,Sandila,tZXCzgn6lut,GJKYhq2wR9L,1276.0,2.0,2024.0,7a,p,276.0,Hardoi,MTIkUw5q5pX,indicator_7,201,7
2023-09-01,Sandila,tZXCzgn6lut,NI0EC5no6PO,1426.0,2.0,2024.0,10a,p,276.0,Hardoi,MTIkUw5q5pX,indicator_10,201,10
2023-09-01,Bawan,tbi6Bsb6jlU,aRueVYr35yM.Ti9FJqkSK6J,259.0,2.0,2024.0,36b,p,263.0,Hardoi,MTIkUw5q5pX,indicator_36,185,36
2023-09-01,Bawan,tbi6Bsb6jlU,ixBYYYjxXPP,218.0,2.0,2024.0,36a,p,263.0,Hardoi,MTIkUw5q5pX,indicator_36,185,36
2023-09-01,Bawan,tbi6Bsb6jlU,ui45G8KwpzU.Ti9FJqkSK6J,680.0,2.0,2024.0,2a,p,263.0,Hardoi,MTIkUw5q5pX,indicator_2,185,2
2023-09-01,Bawan,tbi6Bsb6jlU,GJKYhq2wR9L,588.0,2.0,2024.0,7a,p,263.0,Hardoi,MTIkUw5q5pX,indicator_7,185,7
2023-09-01,Bawan,tbi6Bsb6jlU,NI0EC5no6PO,677.0,2.0,2024.0,10a,p,263.0,Hardoi,MTIkUw5q5pX,indicator_10,185,10
2023-09-01,Bharawan,wPymOYKUUFI,aRueVYr35yM.Ti9FJqkSK6J,243.0,2.0,2024.0,36b,p,277.0,Hardoi,MTIkUw5q5pX,indicator_36,310,36
2023-09-01,Bharawan,wPymOYKUUFI,ixBYYYjxXPP,230.0,2.0,2024.0,36a,p,277.0,Hardoi,MTIkUw5q5pX,indicator_36,310,36
2023-09-01,Bharawan,wPymOYKUUFI,ui45G8KwpzU.Ti9FJqkSK6J,1096.0,2.0,2024.0,2a,p,277.0,Hardoi,MTIkUw5q5pX,indicator_2,310,2
2023-09-01,Bharawan,wPymOYKUUFI,GJKYhq2wR9L,451.0,2.0,2024.0,7a,p,277.0,Hardoi,MTIkUw5q5pX,indicator_7,310,7
2023-09-01,Bharawan,wPymOYKUUFI,NI0EC5no6PO,627.0,2.0,2024.0,10a,p,277.0,Hardoi,MTIkUw5q5pX,indicator_10,310,10
2023-09-01,Kachhuna,zOlFDV0qaZN,aRueVYr35yM.Ti9FJqkSK6J,279.0,2.0,2024.0,36b,p,274.0,Hardoi,MTIkUw5q5pX,indicator_36,748,36
2023-09-01,Kachhuna,zOlFDV0qaZN,ixBYYYjxXPP,212.0,2.0,2024.0,36a,p,274.0,Hardoi,MTIkUw5q5pX,indicator_36,748,36
2023-09-01,Kachhuna,zOlFDV0qaZN,aRueVYr35yM.Ti9FJqkSK6J,245.0,2.0,2024.0,36b,p,274.0,Hardoi,MTIkUw5q5pX,indicator_36,748,36
2023-09-01,Kachhuna,zOlFDV0qaZN,ui45G8KwpzU.Ti9FJqkSK6J,682.0,2.0,2024.0,2a,p,274.0,Hardoi,MTIkUw5q5pX,indicator_2,748,2
2023-09-01,Kachhuna,zOlFDV0qaZN,GJKYhq2wR9L,440.0,2.0,2024.0,7a,p,274.0,Hardoi,MTIkUw5q5pX,indicator_7,748,7
2023-09-01,Kachhuna,zOlFDV0qaZN,NI0EC5no6PO,753.0,2.0,2024.0,10a,p,274.0,Hardoi,MTIkUw5q5pX,indicator_10,748,10
2023-09-01,Kothanwa,zR4FjrKQweN,aRueVYr35yM.Ti9FJqkSK6J,371.0,2.0,2024.0,36b,p,273.0,Hardoi,MTIkUw5q5pX,indicator_36,806,36
2023-09-01,Kothanwa,zR4FjrKQweN,ixBYYYjxXPP,350.0,2.0,2024.0,36a,p,273.0,Hardoi,MTIkUw5q5pX,indicator_36,806,36
2023-09-01,Kothanwa,zR4FjrKQweN,aRueVYr35yM.Ti9FJqkSK6J,362.0,2.0,2024.0,36b,p,273.0,Hardoi,MTIkUw5q5pX,indicator_36,806,36
2023-09-01,Kothanwa,zR4FjrKQweN,ui45G8KwpzU.Ti9FJqkSK6J,612.0,2.0,2024.0,2a,p,273.0,Hardoi,MTIkUw5q5pX,indicator_2,806,2
2023-09-01,Kothanwa,zR4FjrKQweN,GJKYhq2wR9L,571.0,2.0,2024.0,7a,p,273.0,Hardoi,MTIkUw5q5pX,indicator_7,806,7
2023-09-01,Kothanwa,zR4FjrKQweN,NI0EC5no6PO,604.0,2.0,2024.0,10a,p,273.0,Hardoi,MTIkUw5q5pX,indicator_10,806,10
2023-09-01,Maunathbhanjan Badraon,DlJoJFtt9AE,aRueVYr35yM.Ti9FJqkSK6J,200.0,2.0,2024.0,36b,p,703.0,Maunathbhanjan,CBSB9v92AwT,indicator_36,823,36
2023-09-01,Maunathbhanjan Badraon,DlJoJFtt9AE,ixBYYYjxXPP,0.0,2.0,2024.0,36a,p,703.0,Maunathbhanjan,CBSB9v92AwT,indicator_36,823,36
2023-09-01,Maunathbhanjan Badraon,DlJoJFtt9AE,ui45G8KwpzU.Ti9FJqkSK6J,463.0,2.0,2024.0,2a,p,703.0,Maunathbhanjan,CBSB9v92AwT,indicator_2,823,2
2023-09-01,Maunathbhanjan Badraon,DlJoJFtt9AE,GJKYhq2wR9L,408.0,2.0,2024.0,7a,p,703.0,Maunathbhanjan,CBSB9v92AwT,indicator_7,823,7
2023-09-01,Maunathbhanjan Badraon,DlJoJFtt9AE,NI0EC5no6PO,458.0,2.0,2024.0,10a,p,703.0,Maunathbhanjan,CBSB9v92AwT,indicator_10,823,10
2023-09-01,Maunathbhanjan DHQ,Obe6UPmf0LR,aRueVYr35yM.Ti9FJqkSK6J,1613.0,2.0,2024.0,36b,p,,Maunathbhanjan,CBSB9v92AwT,indicator_36,465,36
2023-09-01,Maunathbhanjan DHQ,Obe6UPmf0LR,ixBYYYjxXPP,245.0,2.0,2024.0,36a,p,,Maunathbhanjan,CBSB9v92AwT,indicator_36,465,36
2023-09-01,Maunathbhanjan DHQ,Obe6UPmf0LR,aRueVYr35yM.Ti9FJqkSK6J,254.0,2.0,2024.0,36b,p,,Maunathbhanjan,CBSB9v92AwT,indicator_36,465,36
2023-09-01,Maunathbhanjan DHQ,Obe6UPmf0LR,ui45G8KwpzU.Ti9FJqkSK6J,1692.0,2.0,2024.0,2a,p,,Maunathbhanjan,CBSB9v92AwT,indicator_2,465,2
2023-09-01,Maunathbhanjan DHQ,Obe6UPmf0LR,GJKYhq2wR9L,2212.0,2.0,2024.0,7a,p,,Maunathbhanjan,CBSB9v92AwT,indicator_7,465,7
2023-09-01,Maunathbhanjan DHQ,Obe6UPmf0LR,NI0EC5no6PO,835.0,2.0,2024.0,10a,p,,Maunathbhanjan,CBSB9v92AwT,indicator_10,465,10
2023-09-01,Maunathbhanjan F.Mandaon,YXOk9K2OqNI,aRueVYr35yM.Ti9FJqkSK6J,355.0,2.0,2024.0,36b,p,704.0,Maunathbhanjan,CBSB9v92AwT,indicator_36,459,36
2023-09-01,Maunathbhanjan F.Mandaon,YXOk9K2OqNI,ui45G8KwpzU.Ti9FJqkSK6J,516.0,2.0,2024.0,2a,p,704.0,Maunathbhanjan,CBSB9v92AwT,indicator_2,459,2
2023-09-01,Maunathbhanjan F.Mandaon,YXOk9K2OqNI,GJKYhq2wR9L,440.0,2.0,2024.0,7a,p,704.0,Maunathbhanjan,CBSB9v92AwT,indicator_7,459,7
2023-09-01,Maunathbhanjan F.Mandaon,YXOk9K2OqNI,NI0EC5no6PO,520.0,2.0,2024.0,10a,p,704.0,Maunathbhanjan,CBSB9v92AwT,indicator_10,459,10
2023-09-01,Maunathbhanjan Ghosi,d3k76C0y5y9,aRueVYr35yM.Ti9FJqkSK6J,220.0,2.0,2024.0,36b,p,702.0,Maunathbhanjan,CBSB9v92AwT,indicator_36,452,36
2023-09-01,Maunathbhanjan Ghosi,d3k76C0y5y9,ixBYYYjxXPP,0.0,2.0,2024.0,36a,p,702.0,Maunathbhanjan,CBSB9v92AwT,indicator_36,452,36
2023-09-01,Maunathbhanjan Ghosi,d3k76C0y5y9,ui45G8KwpzU.Ti9FJqkSK6J,434.0,2.0,2024.0,2a,p,702.0,Maunathbhanjan,CBSB9v92AwT,indicator_2,452,2
2023-09-01,Maunathbhanjan Ghosi,d3k76C0y5y9,GJKYhq2wR9L,379.0,2.0,2024.0,7a,p,702.0,Maunathbhanjan,CBSB9v92AwT,indicator_7,452,7
2023-09-01,Maunathbhanjan Ghosi,d3k76C0y5y9,NI0EC5no6PO,520.0,2.0,2024.0,10a,p,702.0,Maunathbhanjan,CBSB9v92AwT,indicator_10,452,10
2023-09-01,Maunathbhanjan Pardha,la9bHITzK55,aRueVYr35yM.Ti9FJqkSK6J,153.0,2.0,2024.0,36b,p,706.0,Maunathbhanjan,CBSB9v92AwT,indicator_36,681,36
2023-09-01,Maunathbhanjan Pardha,la9bHITzK55,ixBYYYjxXPP,220.0,2.0,2024.0,36a,p,706.0,Maunathbhanjan,CBSB9v92AwT,indicator_36,681,36
2023-09-01,Maunathbhanjan Pardha,la9bHITzK55,ui45G8KwpzU.Ti9FJqkSK6J,362.0,2.0,2024.0,2a,p,706.0,Maunathbhanjan,CBSB9v92AwT,indicator_2,681,2
2023-09-01,Maunathbhanjan Pardha,la9bHITzK55,GJKYhq2wR9L,355.0,2.0,2024.0,7a,p,706.0,Maunathbhanjan,CBSB9v92AwT,indicator_7,681,7
2023-09-01,Maunathbhanjan Pardha,la9bHITzK55,NI0EC5no6PO,368.0,2.0,2024.0,10a,p,706.0,Maunathbhanjan,CBSB9v92AwT,indicator_10,681,10
2023-09-01,Maunathbhanjan Mohmmada Bad,rLdutISw29n,aRueVYr35yM.Ti9FJqkSK6J,258.0,2.0,2024.0,36b,p,708.0,Maunathbhanjan,CBSB9v92AwT,indicator_36,58,36
2023-09-01,Maunathbhanjan Mohmmada Bad,rLdutISw29n,ixBYYYjxXPP,0.0,2.0,2024.0,36a,p,708.0,Maunathbhanjan,CBSB9v92AwT,indicator_36,58,36
2023-09-01,Maunathbhanjan Mohmmada Bad,rLdutISw29n,ui45G8KwpzU.Ti9FJqkSK6J,908.0,2.0,2024.0,2a,p,708.0,Maunathbhanjan,CBSB9v92AwT,indicator_2,58,2
2023-09-01,Maunathbhanjan Mohmmada Bad,rLdutISw29n,GJKYhq2wR9L,523.0,2.0,2024.0,7a,p,708.0,Maunathbhanjan,CBSB9v92AwT,indicator_7,58,7
2023-09-01,Maunathbhanjan Mohmmada Bad,rLdutISw29n,NI0EC5no6PO,614.0,2.0,2024.0,10a,p,708.0,Maunathbhanjan,CBSB9v92AwT,indicator_10,58,10
2023-09-01,Maunathbhanjan Ranipur,s9bnhPCNlnj,aRueVYr35yM.Ti9FJqkSK6J,249.0,2.0,2024.0,36b,p,709.0,Maunathbhanjan,CBSB9v92AwT,indicator_36,2,36
2023-09-01,Maunathbhanjan Ranipur,s9bnhPCNlnj,ixBYYYjxXPP,170.0,2.0,2024.0,36a,p,709.0,Maunathbhanjan,CBSB9v92AwT,indicator_36,2,36
2023-09-01,Maunathbhanjan Ranipur,s9bnhPCNlnj,ui45G8KwpzU.Ti9FJqkSK6J,558.0,2.0,2024.0,2a,p,709.0,Maunathbhanjan,CBSB9v92AwT,indicator_2,2,2
2023-09-01,Maunathbhanjan Ranipur,s9bnhPCNlnj,GJKYhq2wR9L,528.0,2.0,2024.0,7a,p,709.0,Maunathbhanjan,CBSB9v92AwT,indicator_7,2,7
2023-09-01,Maunathbhanjan Ranipur,s9bnhPCNlnj,NI0EC5no6PO,627.0,2.0,2024.0,10a,p,709.0,Maunathbhanjan,CBSB9v92AwT,indicator_10,2,10
2023-09-01,Maunathbhanjan Kopaganj,tGyBIzhjmij,aRueVYr35yM.Ti9FJqkSK6J,413.0,2.0,2024.0,36b,p,705.0,Maunathbhanjan,CBSB9v92AwT,indicator_36,433,36
2023-09-01,Maunathbhanjan Kopaganj,tGyBIzhjmij,ixBYYYjxXPP,177.0,2.0,2024.0,36a,p,705.0,Maunathbhanjan,CBSB9v92AwT,indicator_36,433,36
2023-09-01,Maunathbhanjan Kopaganj,tGyBIzhjmij,ui45G8KwpzU.Ti9FJqkSK6J,673.0,2.0,2024.0,2a,p,705.0,Maunathbhanjan,CBSB9v92AwT,indicator_2,433,2
2023-09-01,Maunathbhanjan Kopaganj,tGyBIzhjmij,GJKYhq2wR9L,730.0,2.0,2024.0,7a,p,705.0,Maunathbhanjan,CBSB9v92AwT,indicator_7,433,7
2023-09-01,Maunathbhanjan Kopaganj,tGyBIzhjmij,NI0EC5no6PO,739.0,2.0,2024.0,10a,p,705.0,Maunathbhanjan,CBSB9v92AwT,indicator_10,433,10
2023-09-01,Maunathbhanjan Ratanpura,u9ZAWcpGHu9,aRueVYr35yM.Ti9FJqkSK6J,260.0,2.0,2024.0,36b,p,707.0,Maunathbhanjan,CBSB9v92AwT,indicator_36,489,36
2023-09-01,Maunathbhanjan Ratanpura,u9ZAWcpGHu9,ixBYYYjxXPP,208.0,2.0,2024.0,36a,p,707.0,Maunathbhanjan,CBSB9v92AwT,indicator_36,489,36
2023-09-01,Maunathbhanjan Ratanpura,u9ZAWcpGHu9,ui45G8KwpzU.Ti9FJqkSK6J,451.0,2.0,2024.0,2a,p,707.0,Maunathbhanjan,CBSB9v92AwT,indicator_2,489,2
2023-09-01,Maunathbhanjan Ratanpura,u9ZAWcpGHu9,GJKYhq2wR9L,473.0,2.0,2024.0,7a,p,707.0,Maunathbhanjan,CBSB9v92AwT,indicator_7,489,7
2023-09-01,Maunathbhanjan Ratanpura,u9ZAWcpGHu9,NI0EC5no6PO,684.0,2.0,2024.0,10a,p,707.0,Maunathbhanjan,CBSB9v92AwT,indicator_10,489,10
2023-09-01,Maunathbhanjan Doharighat,y2tYqTLUS24,aRueVYr35yM.Ti9FJqkSK6J,248.0,2.0,2024.0,36b,p,701.0,Maunathbhanjan,CBSB9v92AwT,indicator_36,297,36
2023-09-01,Maunathbhanjan Doharighat,y2tYqTLUS24,ixBYYYjxXPP,0.0,2.0,2024.0,36a,p,701.0,Maunathbhanjan,CBSB9v92AwT,indicator_36,297,36
2023-09-01,Maunathbhanjan Doharighat,y2tYqTLUS24,ui45G8KwpzU.Ti9FJqkSK6J,460.0,2.0,2024.0,2a,p,701.0,Maunathbhanjan,CBSB9v92AwT,indicator_2,297,2
2023-09-01,Maunathbhanjan Doharighat,y2tYqTLUS24,GJKYhq2wR9L,403.0,2.0,2024.0,7a,p,701.0,Maunathbhanjan,CBSB9v92AwT,indicator_7,297,7
2023-09-01,Maunathbhanjan Doharighat,y2tYqTLUS24,NI0EC5no6PO,459.0,2.0,2024.0,10a,p,701.0,Maunathbhanjan,CBSB9v92AwT,indicator_10,297,10
2023-09-01,Sambhal DHQ,E3NqDNq6JJg,aRueVYr35yM.Ti9FJqkSK6J,0.0,2.0,2024.0,36b,p,,Sambhal,YzHpzrN0eLv,indicator_36,611,36
2023-09-01,Sambhal DHQ,E3NqDNq6JJg,ui45G8KwpzU.Ti9FJqkSK6J,611.0,2.0,2024.0,2a,p,,Sambhal,YzHpzrN0eLv,indicator_2,611,2
2023-09-01,Sambhal DHQ,E3NqDNq6JJg,GJKYhq2wR9L,1201.0,2.0,2024.0,7a,p,,Sambhal,YzHpzrN0eLv,indicator_7,611,7
2023-09-01,Sambhal DHQ,E3NqDNq6JJg,NI0EC5no6PO,426.0,2.0,2024.0,10a,p,,Sambhal,YzHpzrN0eLv,indicator_10,611,10
2023-09-01,Naroli,SedCcdeSesp,aRueVYr35yM.Ti9FJqkSK6J,984.0,2.0,2024.0,36b,p,45.0,Sambhal,YzHpzrN0eLv,indicator_36,166,36
2023-09-01,Naroli,SedCcdeSesp,ixBYYYjxXPP,483.0,2.0,2024.0,36a,p,45.0,Sambhal,YzHpzrN0eLv,indicator_36,166,36
2023-09-01,Naroli,SedCcdeSesp,aRueVYr35yM.Ti9FJqkSK6J,526.0,2.0,2024.0,36b,p,45.0,Sambhal,YzHpzrN0eLv,indicator_36,166,36
2023-09-01,Naroli,SedCcdeSesp,ui45G8KwpzU.Ti9FJqkSK6J,938.0,2.0,2024.0,2a,p,45.0,Sambhal,YzHpzrN0eLv,indicator_2,166,2
2023-09-01,Naroli,SedCcdeSesp,GJKYhq2wR9L,812.0,2.0,2024.0,7a,p,45.0,Sambhal,YzHpzrN0eLv,indicator_7,166,7
2023-09-01,Naroli,SedCcdeSesp,NI0EC5no6PO,903.0,2.0,2024.0,10a,p,45.0,Sambhal,YzHpzrN0eLv,indicator_10,166,10
2023-09-01,Gunnour,WtDIWivefft,aRueVYr35yM.Ti9FJqkSK6J,430.0,2.0,2024.0,36b,p,171.0,Sambhal,YzHpzrN0eLv,indicator_36,729,36
2023-09-01,Gunnour,WtDIWivefft,ixBYYYjxXPP,303.0,2.0,2024.0,36a,p,171.0,Sambhal,YzHpzrN0eLv,indicator_36,729,36
2023-09-01,Gunnour,WtDIWivefft,aRueVYr35yM.Ti9FJqkSK6J,349.0,2.0,2024.0,36b,p,171.0,Sambhal,YzHpzrN0eLv,indicator_36,729,36
2023-09-01,Gunnour,WtDIWivefft,ui45G8KwpzU.Ti9FJqkSK6J,607.0,2.0,2024.0,2a,p,171.0,Sambhal,YzHpzrN0eLv,indicator_2,729,2
2023-09-01,Gunnour,WtDIWivefft,GJKYhq2wR9L,624.0,2.0,2024.0,7a,p,171.0,Sambhal,YzHpzrN0eLv,indicator_7,729,7
2023-09-01,Gunnour,WtDIWivefft,NI0EC5no6PO,588.0,2.0,2024.0,10a,p,171.0,Sambhal,YzHpzrN0eLv,indicator_10,729,10
2023-09-01,Sambhal,XW2FOqHQemu,aRueVYr35yM.Ti9FJqkSK6J,904.0,2.0,2024.0,36b,p,47.0,Sambhal,YzHpzrN0eLv,indicator_36,51,36
2023-09-01,Sambhal,XW2FOqHQemu,ixBYYYjxXPP,192.0,2.0,2024.0,36a,p,47.0,Sambhal,YzHpzrN0eLv,indicator_36,51,36
2023-09-01,Sambhal,XW2FOqHQemu,aRueVYr35yM.Ti9FJqkSK6J,192.0,2.0,2024.0,36b,p,47.0,Sambhal,YzHpzrN0eLv,indicator_36,51,36
2023-09-01,Sambhal,XW2FOqHQemu,ui45G8KwpzU.Ti9FJqkSK6J,933.0,2.0,2024.0,2a,p,47.0,Sambhal,YzHpzrN0eLv,indicator_2,51,2
2023-09-01,Sambhal,XW2FOqHQemu,GJKYhq2wR9L,741.0,2.0,2024.0,7a,p,47.0,Sambhal,YzHpzrN0eLv,indicator_7,51,7
2023-09-01,Sambhal,XW2FOqHQemu,NI0EC5no6PO,945.0,2.0,2024.0,10a,p,47.0,Sambhal,YzHpzrN0eLv,indicator_10,51,10
2023-09-01,Asmoli,Xkw9hBGJS6I,aRueVYr35yM.Ti9FJqkSK6J,184.0,2.0,2024.0,36b,p,46.0,Sambhal,YzHpzrN0eLv,indicator_36,668,36
2023-09-01,Asmoli,Xkw9hBGJS6I,ixBYYYjxXPP,100.0,2.0,2024.0,36a,p,46.0,Sambhal,YzHpzrN0eLv,indicator_36,668,36
2023-09-01,Asmoli,Xkw9hBGJS6I,ui45G8KwpzU.Ti9FJqkSK6J,720.0,2.0,2024.0,2a,p,46.0,Sambhal,YzHpzrN0eLv,indicator_2,668,2
2023-09-01,Asmoli,Xkw9hBGJS6I,GJKYhq2wR9L,678.0,2.0,2024.0,7a,p,46.0,Sambhal,YzHpzrN0eLv,indicator_7,668,7
2023-09-01,Asmoli,Xkw9hBGJS6I,NI0EC5no6PO,700.0,2.0,2024.0,10a,p,46.0,Sambhal,YzHpzrN0eLv,indicator_10,668,10
2023-09-01,Rajpura,YxWlmBfIHmq,aRueVYr35yM.Ti9FJqkSK6J,379.0,2.0,2024.0,36b,p,170.0,Sambhal,YzHpzrN0eLv,indicator_36,780,36
2023-09-01,Rajpura,YxWlmBfIHmq,ixBYYYjxXPP,251.0,2.0,2024.0,36a,p,170.0,Sambhal,YzHpzrN0eLv,indicator_36,780,36
2023-09-01,Rajpura,YxWlmBfIHmq,ui45G8KwpzU.Ti9FJqkSK6J,626.0,2.0,2024.0,2a,p,170.0,Sambhal,YzHpzrN0eLv,indicator_2,780,2
2023-09-01,Rajpura,YxWlmBfIHmq,GJKYhq2wR9L,588.0,2.0,2024.0,7a,p,170.0,Sambhal,YzHpzrN0eLv,indicator_7,780,7
2023-09-01,Rajpura,YxWlmBfIHmq,NI0EC5no6PO,626.0,2.0,2024.0,10a,p,170.0,Sambhal,YzHpzrN0eLv,indicator_10,780,10
2023-09-01,Pawansa,f6vmbanfxRo,aRueVYr35yM.Ti9FJqkSK6J,156.0,2.0,2024.0,36b,p,48.0,Sambhal,YzHpzrN0eLv,indicator_36,105,36
2023-09-01,Pawansa,f6vmbanfxRo,ixBYYYjxXPP,147.0,2.0,2024.0,36a,p,48.0,Sambhal,YzHpzrN0eLv,indicator_36,105,36
2023-09-01,Pawansa,f6vmbanfxRo,ui45G8KwpzU.Ti9FJqkSK6J,968.0,2.0,2024.0,2a,p,48.0,Sambhal,YzHpzrN0eLv,indicator_2,105,2
2023-09-01,Pawansa,f6vmbanfxRo,GJKYhq2wR9L,816.0,2.0,2024.0,7a,p,48.0,Sambhal,YzHpzrN0eLv,indicator_7,105,7
2023-09-01,Pawansa,f6vmbanfxRo,NI0EC5no6PO,922.0,2.0,2024.0,10a,p,48.0,Sambhal,YzHpzrN0eLv,indicator_10,105,10
2023-09-01,Junawai,gspBjXC9nc5,aRueVYr35yM.Ti9FJqkSK6J,361.0,2.0,2024.0,36b,p,172.0,Sambhal,YzHpzrN0eLv,indicator_36,756,36
2023-09-01,Junawai,gspBjXC9nc5,ixBYYYjxXPP,361.0,2.0,2024.0,36a,p,172.0,Sambhal,YzHpzrN0eLv,indicator_36,756,36
2023-09-01,Junawai,gspBjXC9nc5,ui45G8KwpzU.Ti9FJqkSK6J,451.0,2.0,2024.0,2a,p,172.0,Sambhal,YzHpzrN0eLv,indicator_2,756,2
2023-09-01,Junawai,gspBjXC9nc5,GJKYhq2wR9L,473.0,2.0,2024.0,7a,p,172.0,Sambhal,YzHpzrN0eLv,indicator_7,756,7
2023-09-01,Junawai,gspBjXC9nc5,NI0EC5no6PO,470.0,2.0,2024.0,10a,p,172.0,Sambhal,YzHpzrN0eLv,indicator_10,756,10
2023-09-01,Bahjoi,uqiwsVkCjJB,aRueVYr35yM.Ti9FJqkSK6J,369.0,2.0,2024.0,36b,p,49.0,Sambhal,YzHpzrN0eLv,indicator_36,196,36
2023-09-01,Bahjoi,uqiwsVkCjJB,ixBYYYjxXPP,275.0,2.0,2024.0,36a,p,49.0,Sambhal,YzHpzrN0eLv,indicator_36,196,36
2023-09-01,Bahjoi,uqiwsVkCjJB,ui45G8KwpzU.Ti9FJqkSK6J,640.0,2.0,2024.0,2a,p,49.0,Sambhal,YzHpzrN0eLv,indicator_2,196,2
2023-09-01,Bahjoi,uqiwsVkCjJB,GJKYhq2wR9L,637.0,2.0,2024.0,7a,p,49.0,Sambhal,YzHpzrN0eLv,indicator_7,196,7
2023-09-01,Bahjoi,uqiwsVkCjJB,NI0EC5no6PO,527.0,2.0,2024.0,10a,p,49.0,Sambhal,YzHpzrN0eLv,indicator_10,196,10
2023-09-01,Badoukher Khurd,EFUeXhmIy8J,aRueVYr35yM.Ti9FJqkSK6J,885.0,2.0,2024.0,36b,p,409.0,Banda,DggJGxqbWHn,indicator_36,293,36
2023-09-01,Badoukher Khurd,EFUeXhmIy8J,ixBYYYjxXPP,380.0,2.0,2024.0,36a,p,409.0,Banda,DggJGxqbWHn,indicator_36,293,36
2023-09-01,Badoukher Khurd,EFUeXhmIy8J,ui45G8KwpzU.Ti9FJqkSK6J,591.0,2.0,2024.0,2a,p,409.0,Banda,DggJGxqbWHn,indicator_2,293,2
2023-09-01,Badoukher Khurd,EFUeXhmIy8J,GJKYhq2wR9L,660.0,2.0,2024.0,7a,p,409.0,Banda,DggJGxqbWHn,indicator_7,293,7
2023-09-01,Badoukher Khurd,EFUeXhmIy8J,NI0EC5no6PO,1379.0,2.0,2024.0,10a,p,409.0,Banda,DggJGxqbWHn,indicator_10,293,10
2023-09-01,Kemasin,FhvPjqLG12y,aRueVYr35yM.Ti9FJqkSK6J,386.0,2.0,2024.0,36b,p,411.0,Banda,DggJGxqbWHn,indicator_36,15,36
2023-09-01,Kemasin,FhvPjqLG12y,ixBYYYjxXPP,350.0,2.0,2024.0,36a,p,411.0,Banda,DggJGxqbWHn,indicator_36,15,36
2023-09-01,Kemasin,FhvPjqLG12y,ui45G8KwpzU.Ti9FJqkSK6J,494.0,2.0,2024.0,2a,p,411.0,Banda,DggJGxqbWHn,indicator_2,15,2
2023-09-01,Kemasin,FhvPjqLG12y,GJKYhq2wR9L,435.0,2.0,2024.0,7a,p,411.0,Banda,DggJGxqbWHn,indicator_7,15,7
2023-09-01,Kemasin,FhvPjqLG12y,NI0EC5no6PO,630.0,2.0,2024.0,10a,p,411.0,Banda,DggJGxqbWHn,indicator_10,15,10
2023-09-01,Nereani,PPxFR8laHqe,aRueVYr35yM.Ti9FJqkSK6J,982.0,2.0,2024.0,36b,p,414.0,Banda,DggJGxqbWHn,indicator_36,747,36
2023-09-01,Nereani,PPxFR8laHqe,ixBYYYjxXPP,929.0,2.0,2024.0,36a,p,414.0,Banda,DggJGxqbWHn,indicator_36,747,36
2023-09-01,Nereani,PPxFR8laHqe,ui45G8KwpzU.Ti9FJqkSK6J,575.0,2.0,2024.0,2a,p,414.0,Banda,DggJGxqbWHn,indicator_2,747,2
2023-09-01,Nereani,PPxFR8laHqe,GJKYhq2wR9L,907.0,2.0,2024.0,7a,p,414.0,Banda,DggJGxqbWHn,indicator_7,747,7
2023-09-01,Nereani,PPxFR8laHqe,NI0EC5no6PO,1422.0,2.0,2024.0,10a,p,414.0,Banda,DggJGxqbWHn,indicator_10,747,10
2023-09-01,Baberu,QAfsawYvIW0,aRueVYr35yM.Ti9FJqkSK6J,587.0,2.0,2024.0,36b,p,410.0,Banda,DggJGxqbWHn,indicator_36,624,36
2023-09-01,Baberu,QAfsawYvIW0,ixBYYYjxXPP,568.0,2.0,2024.0,36a,p,410.0,Banda,DggJGxqbWHn,indicator_36,624,36
2023-09-01,Baberu,QAfsawYvIW0,ui45G8KwpzU.Ti9FJqkSK6J,659.0,2.0,2024.0,2a,p,410.0,Banda,DggJGxqbWHn,indicator_2,624,2
2023-09-01,Baberu,QAfsawYvIW0,GJKYhq2wR9L,588.0,2.0,2024.0,7a,p,410.0,Banda,DggJGxqbWHn,indicator_7,624,7
2023-09-01,Baberu,QAfsawYvIW0,NI0EC5no6PO,885.0,2.0,2024.0,10a,p,410.0,Banda,DggJGxqbWHn,indicator_10,624,10
2023-09-01,Banda DHQ ,QIufPcB6Kr6,aRueVYr35yM.Ti9FJqkSK6J,159.0,2.0,2024.0,36b,p,,Banda,DggJGxqbWHn,indicator_36,418,36
2023-09-01,Banda DHQ ,QIufPcB6Kr6,aRueVYr35yM.Ti9FJqkSK6J,0.0,2.0,2024.0,36b,p,,Banda,DggJGxqbWHn,indicator_36,418,36
2023-09-01,Banda DHQ ,QIufPcB6Kr6,ui45G8KwpzU.Ti9FJqkSK6J,272.0,2.0,2024.0,2a,p,,Banda,DggJGxqbWHn,indicator_2,418,2
2023-09-01,Banda DHQ ,QIufPcB6Kr6,GJKYhq2wR9L,386.0,2.0,2024.0,7a,p,,Banda,DggJGxqbWHn,indicator_7,418,7
2023-09-01,Banda DHQ ,QIufPcB6Kr6,NI0EC5no6PO,224.0,2.0,2024.0,10a,p,,Banda,DggJGxqbWHn,indicator_10,418,10
2023-09-01,Tindwari,UVNiCb7ffry,aRueVYr35yM.Ti9FJqkSK6J,390.0,2.0,2024.0,36b,p,408.0,Banda,DggJGxqbWHn,indicator_36,904,36
2023-09-01,Tindwari,UVNiCb7ffry,ixBYYYjxXPP,366.0,2.0,2024.0,36a,p,408.0,Banda,DggJGxqbWHn,indicator_36,904,36
2023-09-01,Tindwari,UVNiCb7ffry,ui45G8KwpzU.Ti9FJqkSK6J,214.0,2.0,2024.0,2a,p,408.0,Banda,DggJGxqbWHn,indicator_2,904,2
2023-09-01,Tindwari,UVNiCb7ffry,GJKYhq2wR9L,410.0,2.0,2024.0,7a,p,408.0,Banda,DggJGxqbWHn,indicator_7,904,7
2023-09-01,Tindwari,UVNiCb7ffry,NI0EC5no6PO,268.0,2.0,2024.0,10a,p,408.0,Banda,DggJGxqbWHn,indicator_10,904,10
2023-09-01,Bisanda,emjMgvubuGe,aRueVYr35yM.Ti9FJqkSK6J,445.0,2.0,2024.0,36b,p,412.0,Banda,DggJGxqbWHn,indicator_36,88,36
2023-09-01,Bisanda,emjMgvubuGe,ixBYYYjxXPP,391.0,2.0,2024.0,36a,p,412.0,Banda,DggJGxqbWHn,indicator_36,88,36
2023-09-01,Bisanda,emjMgvubuGe,ui45G8KwpzU.Ti9FJqkSK6J,531.0,2.0,2024.0,2a,p,412.0,Banda,DggJGxqbWHn,indicator_2,88,2
2023-09-01,Bisanda,emjMgvubuGe,GJKYhq2wR9L,616.0,2.0,2024.0,7a,p,412.0,Banda,DggJGxqbWHn,indicator_7,88,7
2023-09-01,Bisanda,emjMgvubuGe,NI0EC5no6PO,794.0,2.0,2024.0,10a,p,412.0,Banda,DggJGxqbWHn,indicator_10,88,10
2023-09-01,Jaspura,iD2sVe31G90,aRueVYr35yM.Ti9FJqkSK6J,243.0,2.0,2024.0,36b,p,407.0,Banda,DggJGxqbWHn,indicator_36,159,36
2023-09-01,Jaspura,iD2sVe31G90,ixBYYYjxXPP,230.0,2.0,2024.0,36a,p,407.0,Banda,DggJGxqbWHn,indicator_36,159,36
2023-09-01,Jaspura,iD2sVe31G90,ui45G8KwpzU.Ti9FJqkSK6J,295.0,2.0,2024.0,2a,p,407.0,Banda,DggJGxqbWHn,indicator_2,159,2
2023-09-01,Jaspura,iD2sVe31G90,GJKYhq2wR9L,243.0,2.0,2024.0,7a,p,407.0,Banda,DggJGxqbWHn,indicator_7,159,7
2023-09-01,Jaspura,iD2sVe31G90,NI0EC5no6PO,291.0,2.0,2024.0,10a,p,407.0,Banda,DggJGxqbWHn,indicator_10,159,10
2023-09-01,Mahuwa,kKjIKi66mY2,aRueVYr35yM.Ti9FJqkSK6J,285.0,2.0,2024.0,36b,p,413.0,Banda,DggJGxqbWHn,indicator_36,373,36
2023-09-01,Mahuwa,kKjIKi66mY2,ixBYYYjxXPP,365.0,2.0,2024.0,36a,p,413.0,Banda,DggJGxqbWHn,indicator_36,373,36
2023-09-01,Mahuwa,kKjIKi66mY2,ui45G8KwpzU.Ti9FJqkSK6J,514.0,2.0,2024.0,2a,p,413.0,Banda,DggJGxqbWHn,indicator_2,373,2
2023-09-01,Mahuwa,kKjIKi66mY2,GJKYhq2wR9L,573.0,2.0,2024.0,7a,p,413.0,Banda,DggJGxqbWHn,indicator_7,373,7
2023-09-01,Mahuwa,kKjIKi66mY2,NI0EC5no6PO,951.0,2.0,2024.0,10a,p,413.0,Banda,DggJGxqbWHn,indicator_10,373,10
2023-09-01,Panwari,ESC202G5t07,aRueVYr35yM.Ti9FJqkSK6J,185.0,2.0,2024.0,36b,p,403.0,Mahoba,sUQMxIc3yXj,indicator_36,571,36
2023-09-01,Panwari,ESC202G5t07,ixBYYYjxXPP,76.0,2.0,2024.0,36a,p,403.0,Mahoba,sUQMxIc3yXj,indicator_36,571,36
2023-09-01,Panwari,ESC202G5t07,ui45G8KwpzU.Ti9FJqkSK6J,441.0,2.0,2024.0,2a,p,403.0,Mahoba,sUQMxIc3yXj,indicator_2,571,2
2023-09-01,Panwari,ESC202G5t07,GJKYhq2wR9L,399.0,2.0,2024.0,7a,p,403.0,Mahoba,sUQMxIc3yXj,indicator_7,571,7
2023-09-01,Panwari,ESC202G5t07,NI0EC5no6PO,516.0,2.0,2024.0,10a,p,403.0,Mahoba,sUQMxIc3yXj,indicator_10,571,10
2023-09-01,Kabari,GfFQEUX1ZYy,aRueVYr35yM.Ti9FJqkSK6J,926.0,2.0,2024.0,36b,p,406.0,Mahoba,sUQMxIc3yXj,indicator_36,846,36
2023-09-01,Kabari,GfFQEUX1ZYy,ixBYYYjxXPP,584.0,2.0,2024.0,36a,p,406.0,Mahoba,sUQMxIc3yXj,indicator_36,846,36
2023-09-01,Kabari,GfFQEUX1ZYy,ui45G8KwpzU.Ti9FJqkSK6J,1036.0,2.0,2024.0,2a,p,406.0,Mahoba,sUQMxIc3yXj,indicator_2,846,2
2023-09-01,Kabari,GfFQEUX1ZYy,GJKYhq2wR9L,924.0,2.0,2024.0,7a,p,406.0,Mahoba,sUQMxIc3yXj,indicator_7,846,7
2023-09-01,Kabari,GfFQEUX1ZYy,NI0EC5no6PO,977.0,2.0,2024.0,10a,p,406.0,Mahoba,sUQMxIc3yXj,indicator_10,846,10
2023-09-01,Jaitpur,HuW3JM0nGTz,aRueVYr35yM.Ti9FJqkSK6J,169.0,2.0,2024.0,36b,p,404.0,Mahoba,sUQMxIc3yXj,indicator_36,61,36
2023-09-01,Jaitpur,HuW3JM0nGTz,ixBYYYjxXPP,0.0,2.0,2024.0,36a,p,404.0,Mahoba,sUQMxIc3yXj,indicator_36,61,36
2023-09-01,Jaitpur,HuW3JM0nGTz,ui45G8KwpzU.Ti9FJqkSK6J,473.0,2.0,2024.0,2a,p,404.0,Mahoba,sUQMxIc3yXj,indicator_2,61,2
2023-09-01,Jaitpur,HuW3JM0nGTz,GJKYhq2wR9L,355.0,2.0,2024.0,7a,p,404.0,Mahoba,sUQMxIc3yXj,indicator_7,61,7
2023-09-01,Jaitpur,HuW3JM0nGTz,NI0EC5no6PO,930.0,2.0,2024.0,10a,p,404.0,Mahoba,sUQMxIc3yXj,indicator_10,61,10
2023-09-01,Mahoba DHQ,k7nZry9XTd5,aRueVYr35yM.Ti9FJqkSK6J,0.0,2.0,2024.0,36b,p,,Mahoba,sUQMxIc3yXj,indicator_36,883,36
2023-09-01,Mahoba DHQ,k7nZry9XTd5,ui45G8KwpzU.Ti9FJqkSK6J,21.0,2.0,2024.0,2a,p,,Mahoba,sUQMxIc3yXj,indicator_2,883,2
2023-09-01,Mahoba DHQ,k7nZry9XTd5,GJKYhq2wR9L,103.0,2.0,2024.0,7a,p,,Mahoba,sUQMxIc3yXj,indicator_7,883,7
2023-09-01,Mahoba DHQ,k7nZry9XTd5,NI0EC5no6PO,21.0,2.0,2024.0,10a,p,,Mahoba,sUQMxIc3yXj,indicator_10,883,10
2023-09-01,Charkhari,voVPLJSfahW,aRueVYr35yM.Ti9FJqkSK6J,215.0,2.0,2024.0,36b,p,405.0,Mahoba,sUQMxIc3yXj,indicator_36,715,36
2023-09-01,Charkhari,voVPLJSfahW,ixBYYYjxXPP,181.0,2.0,2024.0,36a,p,405.0,Mahoba,sUQMxIc3yXj,indicator_36,715,36
2023-09-01,Charkhari,voVPLJSfahW,ui45G8KwpzU.Ti9FJqkSK6J,210.0,2.0,2024.0,2a,p,405.0,Mahoba,sUQMxIc3yXj,indicator_2,715,2
2023-09-01,Charkhari,voVPLJSfahW,GJKYhq2wR9L,296.0,2.0,2024.0,7a,p,405.0,Mahoba,sUQMxIc3yXj,indicator_7,715,7
2023-09-01,Charkhari,voVPLJSfahW,NI0EC5no6PO,544.0,2.0,2024.0,10a,p,405.0,Mahoba,sUQMxIc3yXj,indicator_10,715,10
2023-09-01,Bijnor Jalilpur,EdO6OYkMy4n,aRueVYr35yM.Ti9FJqkSK6J,911.0,2.0,2024.0,36b,p,35.0,Bijnor,uCYjHW7FuGG,indicator_36,572,36
2023-09-01,Bijnor Jalilpur,EdO6OYkMy4n,ixBYYYjxXPP,136.0,2.0,2024.0,36a,p,35.0,Bijnor,uCYjHW7FuGG,indicator_36,572,36
2023-09-01,Bijnor Jalilpur,EdO6OYkMy4n,aRueVYr35yM.Ti9FJqkSK6J,136.0,2.0,2024.0,36b,p,35.0,Bijnor,uCYjHW7FuGG,indicator_36,572,36
2023-09-01,Bijnor Jalilpur,EdO6OYkMy4n,ui45G8KwpzU.Ti9FJqkSK6J,1060.0,2.0,2024.0,2a,p,35.0,Bijnor,uCYjHW7FuGG,indicator_2,572,2
2023-09-01,Bijnor Jalilpur,EdO6OYkMy4n,GJKYhq2wR9L,835.0,2.0,2024.0,7a,p,35.0,Bijnor,uCYjHW7FuGG,indicator_7,572,7
2023-09-01,Bijnor Jalilpur,EdO6OYkMy4n,NI0EC5no6PO,1025.0,2.0,2024.0,10a,p,35.0,Bijnor,uCYjHW7FuGG,indicator_10,572,10
2023-09-01,Bijnor Haldaur,R2Jott0TJjX,aRueVYr35yM.Ti9FJqkSK6J,88.0,2.0,2024.0,36b,p,29.0,Bijnor,uCYjHW7FuGG,indicator_36,544,36
2023-09-01,Bijnor Haldaur,R2Jott0TJjX,ui45G8KwpzU.Ti9FJqkSK6J,520.0,2.0,2024.0,2a,p,29.0,Bijnor,uCYjHW7FuGG,indicator_2,544,2
2023-09-01,Bijnor Haldaur,R2Jott0TJjX,GJKYhq2wR9L,645.0,2.0,2024.0,7a,p,29.0,Bijnor,uCYjHW7FuGG,indicator_7,544,7
2023-09-01,Bijnor Haldaur,R2Jott0TJjX,NI0EC5no6PO,465.0,2.0,2024.0,10a,p,29.0,Bijnor,uCYjHW7FuGG,indicator_10,544,10
2023-09-01,Bijnor Seohara,X5WeRBwPtNl,aRueVYr35yM.Ti9FJqkSK6J,592.0,2.0,2024.0,36b,p,34.0,Bijnor,uCYjHW7FuGG,indicator_36,359,36
2023-09-01,Bijnor Seohara,X5WeRBwPtNl,ixBYYYjxXPP,96.0,2.0,2024.0,36a,p,34.0,Bijnor,uCYjHW7FuGG,indicator_36,359,36
2023-09-01,Bijnor Seohara,X5WeRBwPtNl,aRueVYr35yM.Ti9FJqkSK6J,107.0,2.0,2024.0,36b,p,34.0,Bijnor,uCYjHW7FuGG,indicator_36,359,36
2023-09-01,Bijnor Seohara,X5WeRBwPtNl,ui45G8KwpzU.Ti9FJqkSK6J,689.0,2.0,2024.0,2a,p,34.0,Bijnor,uCYjHW7FuGG,indicator_2,359,2
2023-09-01,Bijnor Seohara,X5WeRBwPtNl,GJKYhq2wR9L,668.0,2.0,2024.0,7a,p,34.0,Bijnor,uCYjHW7FuGG,indicator_7,359,7
2023-09-01,Bijnor Seohara,X5WeRBwPtNl,NI0EC5no6PO,647.0,2.0,2024.0,10a,p,34.0,Bijnor,uCYjHW7FuGG,indicator_10,359,10
2023-09-01,Bijnor Noorpur,aHuzZgGIslk,aRueVYr35yM.Ti9FJqkSK6J,524.0,2.0,2024.0,36b,p,36.0,Bijnor,uCYjHW7FuGG,indicator_36,14,36
2023-09-01,Bijnor Noorpur,aHuzZgGIslk,ixBYYYjxXPP,0.0,2.0,2024.0,36a,p,36.0,Bijnor,uCYjHW7FuGG,indicator_36,14,36
2023-09-01,Bijnor Noorpur,aHuzZgGIslk,aRueVYr35yM.Ti9FJqkSK6J,176.0,2.0,2024.0,36b,p,36.0,Bijnor,uCYjHW7FuGG,indicator_36,14,36
2023-09-01,Bijnor Noorpur,aHuzZgGIslk,ui45G8KwpzU.Ti9FJqkSK6J,851.0,2.0,2024.0,2a,p,36.0,Bijnor,uCYjHW7FuGG,indicator_2,14,2
2023-09-01,Bijnor Noorpur,aHuzZgGIslk,GJKYhq2wR9L,656.0,2.0,2024.0,7a,p,36.0,Bijnor,uCYjHW7FuGG,indicator_7,14,7
2023-09-01,Bijnor Noorpur,aHuzZgGIslk,NI0EC5no6PO,846.0,2.0,2024.0,10a,p,36.0,Bijnor,uCYjHW7FuGG,indicator_10,14,10
2023-09-01,Bijnor Najibabad,c6v4wYwFFOK,aRueVYr35yM.Ti9FJqkSK6J,776.0,2.0,2024.0,36b,p,26.0,Bijnor,uCYjHW7FuGG,indicator_36,622,36
2023-09-01,Bijnor Najibabad,c6v4wYwFFOK,ixBYYYjxXPP,0.0,2.0,2024.0,36a,p,26.0,Bijnor,uCYjHW7FuGG,indicator_36,622,36
2023-09-01,Bijnor Najibabad,c6v4wYwFFOK,aRueVYr35yM.Ti9FJqkSK6J,216.0,2.0,2024.0,36b,p,26.0,Bijnor,uCYjHW7FuGG,indicator_36,622,36
2023-09-01,Bijnor Najibabad,c6v4wYwFFOK,ui45G8KwpzU.Ti9FJqkSK6J,1279.0,2.0,2024.0,2a,p,26.0,Bijnor,uCYjHW7FuGG,indicator_2,622,2
2023-09-01,Bijnor Najibabad,c6v4wYwFFOK,GJKYhq2wR9L,1269.0,2.0,2024.0,7a,p,26.0,Bijnor,uCYjHW7FuGG,indicator_7,622,7
2023-09-01,Bijnor Najibabad,c6v4wYwFFOK,NI0EC5no6PO,1408.0,2.0,2024.0,10a,p,26.0,Bijnor,uCYjHW7FuGG,indicator_10,622,10
2023-09-01,Bijnor Dhampur,hFYPDvQ1x7I,aRueVYr35yM.Ti9FJqkSK6J,759.0,2.0,2024.0,36b,p,33.0,Bijnor,uCYjHW7FuGG,indicator_36,687,36
2023-09-01,Bijnor Dhampur,hFYPDvQ1x7I,ixBYYYjxXPP,64.0,2.0,2024.0,36a,p,33.0,Bijnor,uCYjHW7FuGG,indicator_36,687,36
2023-09-01,Bijnor Dhampur,hFYPDvQ1x7I,aRueVYr35yM.Ti9FJqkSK6J,180.0,2.0,2024.0,36b,p,33.0,Bijnor,uCYjHW7FuGG,indicator_36,687,36
2023-09-01,Bijnor Dhampur,hFYPDvQ1x7I,ui45G8KwpzU.Ti9FJqkSK6J,765.0,2.0,2024.0,2a,p,33.0,Bijnor,uCYjHW7FuGG,indicator_2,687,2
2023-09-01,Bijnor Dhampur,hFYPDvQ1x7I,GJKYhq2wR9L,807.0,2.0,2024.0,7a,p,33.0,Bijnor,uCYjHW7FuGG,indicator_7,687,7
2023-09-01,Bijnor Dhampur,hFYPDvQ1x7I,NI0EC5no6PO,716.0,2.0,2024.0,10a,p,33.0,Bijnor,uCYjHW7FuGG,indicator_10,687,10
2023-09-01,Bijnor Kotwali,j5nQ6oNNVnX,aRueVYr35yM.Ti9FJqkSK6J,288.0,2.0,2024.0,36b,p,30.0,Bijnor,uCYjHW7FuGG,indicator_36,537,36
2023-09-01,Bijnor Kotwali,j5nQ6oNNVnX,ixBYYYjxXPP,278.0,2.0,2024.0,36a,p,30.0,Bijnor,uCYjHW7FuGG,indicator_36,537,36
2023-09-01,Bijnor Kotwali,j5nQ6oNNVnX,ui45G8KwpzU.Ti9FJqkSK6J,1605.0,2.0,2024.0,2a,p,30.0,Bijnor,uCYjHW7FuGG,indicator_2,537,2
2023-09-01,Bijnor Kotwali,j5nQ6oNNVnX,GJKYhq2wR9L,1515.0,2.0,2024.0,7a,p,30.0,Bijnor,uCYjHW7FuGG,indicator_7,537,7
2023-09-01,Bijnor Kotwali,j5nQ6oNNVnX,NI0EC5no6PO,1263.0,2.0,2024.0,10a,p,30.0,Bijnor,uCYjHW7FuGG,indicator_10,537,10
2023-09-01,Bijnor  DHQ  ,pE27TXbzXZ5,aRueVYr35yM.Ti9FJqkSK6J,2194.0,2.0,2024.0,36b,p,,Bijnor,uCYjHW7FuGG,indicator_36,496,36
2023-09-01,Bijnor  DHQ  ,pE27TXbzXZ5,ixBYYYjxXPP,286.0,2.0,2024.0,36a,p,,Bijnor,uCYjHW7FuGG,indicator_36,496,36
2023-09-01,Bijnor  DHQ  ,pE27TXbzXZ5,aRueVYr35yM.Ti9FJqkSK6J,384.0,2.0,2024.0,36b,p,,Bijnor,uCYjHW7FuGG,indicator_36,496,36
2023-09-01,Bijnor  DHQ  ,pE27TXbzXZ5,ui45G8KwpzU.Ti9FJqkSK6J,764.0,2.0,2024.0,2a,p,,Bijnor,uCYjHW7FuGG,indicator_2,496,2
2023-09-01,Bijnor  DHQ  ,pE27TXbzXZ5,GJKYhq2wR9L,139.0,2.0,2024.0,7a,p,,Bijnor,uCYjHW7FuGG,indicator_7,496,7
2023-09-01,Bijnor  DHQ  ,pE27TXbzXZ5,NI0EC5no6PO,2235.0,2.0,2024.0,10a,p,,Bijnor,uCYjHW7FuGG,indicator_10,496,10
2023-09-01,Bijnor Nehtaur,rAeHXnn5JSw,aRueVYr35yM.Ti9FJqkSK6J,767.0,2.0,2024.0,36b,p,32.0,Bijnor,uCYjHW7FuGG,indicator_36,818,36
2023-09-01,Bijnor Nehtaur,rAeHXnn5JSw,ixBYYYjxXPP,105.0,2.0,2024.0,36a,p,32.0,Bijnor,uCYjHW7FuGG,indicator_36,818,36
2023-09-01,Bijnor Nehtaur,rAeHXnn5JSw,aRueVYr35yM.Ti9FJqkSK6J,161.0,2.0,2024.0,36b,p,32.0,Bijnor,uCYjHW7FuGG,indicator_36,818,36
2023-09-01,Bijnor Nehtaur,rAeHXnn5JSw,ui45G8KwpzU.Ti9FJqkSK6J,691.0,2.0,2024.0,2a,p,32.0,Bijnor,uCYjHW7FuGG,indicator_2,818,2
2023-09-01,Bijnor Nehtaur,rAeHXnn5JSw,GJKYhq2wR9L,614.0,2.0,2024.0,7a,p,32.0,Bijnor,uCYjHW7FuGG,indicator_7,818,7
2023-09-01,Bijnor Nehtaur,rAeHXnn5JSw,NI0EC5no6PO,673.0,2.0,2024.0,10a,p,32.0,Bijnor,uCYjHW7FuGG,indicator_10,818,10
2023-09-01,Bijnor Kiratpur,rzAzyO3UWpL,aRueVYr35yM.Ti9FJqkSK6J,115.0,2.0,2024.0,36b,p,27.0,Bijnor,uCYjHW7FuGG,indicator_36,623,36
2023-09-01,Bijnor Kiratpur,rzAzyO3UWpL,ixBYYYjxXPP,94.0,2.0,2024.0,36a,p,27.0,Bijnor,uCYjHW7FuGG,indicator_36,623,36
2023-09-01,Bijnor Kiratpur,rzAzyO3UWpL,ui45G8KwpzU.Ti9FJqkSK6J,699.0,2.0,2024.0,2a,p,27.0,Bijnor,uCYjHW7FuGG,indicator_2,623,2
2023-09-01,Bijnor Kiratpur,rzAzyO3UWpL,GJKYhq2wR9L,500.0,2.0,2024.0,7a,p,27.0,Bijnor,uCYjHW7FuGG,indicator_7,623,7
2023-09-01,Bijnor Kiratpur,rzAzyO3UWpL,NI0EC5no6PO,505.0,2.0,2024.0,10a,p,27.0,Bijnor,uCYjHW7FuGG,indicator_10,623,10
2023-09-01,Bijnor Chandok,shhTmT0DeTX,aRueVYr35yM.Ti9FJqkSK6J,2097.0,2.0,2024.0,36b,p,28.0,Bijnor,uCYjHW7FuGG,indicator_36,773,36
2023-09-01,Bijnor Chandok,shhTmT0DeTX,ixBYYYjxXPP,0.0,2.0,2024.0,36a,p,28.0,Bijnor,uCYjHW7FuGG,indicator_36,773,36
2023-09-01,Bijnor Chandok,shhTmT0DeTX,aRueVYr35yM.Ti9FJqkSK6J,127.0,2.0,2024.0,36b,p,28.0,Bijnor,uCYjHW7FuGG,indicator_36,773,36
2023-09-01,Bijnor Chandok,shhTmT0DeTX,ui45G8KwpzU.Ti9FJqkSK6J,1380.0,2.0,2024.0,2a,p,28.0,Bijnor,uCYjHW7FuGG,indicator_2,773,2
2023-09-01,Bijnor Chandok,shhTmT0DeTX,GJKYhq2wR9L,1052.0,2.0,2024.0,7a,p,28.0,Bijnor,uCYjHW7FuGG,indicator_7,773,7
2023-09-01,Bijnor Chandok,shhTmT0DeTX,NI0EC5no6PO,1880.0,2.0,2024.0,10a,p,28.0,Bijnor,uCYjHW7FuGG,indicator_10,773,10
2023-09-01,Bijnor Afjialgarh,wwaYoRwSd1k,aRueVYr35yM.Ti9FJqkSK6J,221.0,2.0,2024.0,36b,p,31.0,Bijnor,uCYjHW7FuGG,indicator_36,219,36
2023-09-01,Bijnor Afjialgarh,wwaYoRwSd1k,ixBYYYjxXPP,163.0,2.0,2024.0,36a,p,31.0,Bijnor,uCYjHW7FuGG,indicator_36,219,36
2023-09-01,Bijnor Afjialgarh,wwaYoRwSd1k,ui45G8KwpzU.Ti9FJqkSK6J,691.0,2.0,2024.0,2a,p,31.0,Bijnor,uCYjHW7FuGG,indicator_2,219,2
2023-09-01,Bijnor Afjialgarh,wwaYoRwSd1k,GJKYhq2wR9L,601.0,2.0,2024.0,7a,p,31.0,Bijnor,uCYjHW7FuGG,indicator_7,219,7
2023-09-01,Bijnor Afjialgarh,wwaYoRwSd1k,NI0EC5no6PO,689.0,2.0,2024.0,10a,p,31.0,Bijnor,uCYjHW7FuGG,indicator_10,219,10
2023-09-01,Sangipur,EgafD8LSM5T,aRueVYr35yM.Ti9FJqkSK6J,283.0,2.0,2024.0,36b,p,433.0,Pratapgarh,fz7bJo3egPX,indicator_36,236,36
2023-09-01,Sangipur,EgafD8LSM5T,ixBYYYjxXPP,78.0,2.0,2024.0,36a,p,433.0,Pratapgarh,fz7bJo3egPX,indicator_36,236,36
2023-09-01,Sangipur,EgafD8LSM5T,ui45G8KwpzU.Ti9FJqkSK6J,411.0,2.0,2024.0,2a,p,433.0,Pratapgarh,fz7bJo3egPX,indicator_2,236,2
2023-09-01,Sangipur,EgafD8LSM5T,GJKYhq2wR9L,400.0,2.0,2024.0,7a,p,433.0,Pratapgarh,fz7bJo3egPX,indicator_7,236,7
2023-09-01,Sangipur,EgafD8LSM5T,NI0EC5no6PO,769.0,2.0,2024.0,10a,p,433.0,Pratapgarh,fz7bJo3egPX,indicator_10,236,10
2023-09-01,Shivgarh Pratapgarh,GMBAMYjK1nv,aRueVYr35yM.Ti9FJqkSK6J,178.0,2.0,2024.0,36b,p,447.0,Pratapgarh,fz7bJo3egPX,indicator_36,588,36
2023-09-01,Shivgarh Pratapgarh,GMBAMYjK1nv,ixBYYYjxXPP,127.0,2.0,2024.0,36a,p,447.0,Pratapgarh,fz7bJo3egPX,indicator_36,588,36
2023-09-01,Shivgarh Pratapgarh,GMBAMYjK1nv,aRueVYr35yM.Ti9FJqkSK6J,128.0,2.0,2024.0,36b,p,447.0,Pratapgarh,fz7bJo3egPX,indicator_36,588,36
2023-09-01,Shivgarh Pratapgarh,GMBAMYjK1nv,ui45G8KwpzU.Ti9FJqkSK6J,271.0,2.0,2024.0,2a,p,447.0,Pratapgarh,fz7bJo3egPX,indicator_2,588,2
2023-09-01,Shivgarh Pratapgarh,GMBAMYjK1nv,GJKYhq2wR9L,373.0,2.0,2024.0,7a,p,447.0,Pratapgarh,fz7bJo3egPX,indicator_7,588,7
2023-09-01,Shivgarh Pratapgarh,GMBAMYjK1nv,NI0EC5no6PO,533.0,2.0,2024.0,10a,p,447.0,Pratapgarh,fz7bJo3egPX,indicator_10,588,10
2023-09-01,Patti,QGFqwtIZDnf,aRueVYr35yM.Ti9FJqkSK6J,352.0,2.0,2024.0,36b,p,445.0,Pratapgarh,fz7bJo3egPX,indicator_36,580,36
2023-09-01,Patti,QGFqwtIZDnf,ixBYYYjxXPP,242.0,2.0,2024.0,36a,p,445.0,Pratapgarh,fz7bJo3egPX,indicator_36,580,36
2023-09-01,Patti,QGFqwtIZDnf,aRueVYr35yM.Ti9FJqkSK6J,208.0,2.0,2024.0,36b,p,445.0,Pratapgarh,fz7bJo3egPX,indicator_36,580,36
2023-09-01,Patti,QGFqwtIZDnf,ui45G8KwpzU.Ti9FJqkSK6J,329.0,2.0,2024.0,2a,p,445.0,Pratapgarh,fz7bJo3egPX,indicator_2,580,2
2023-09-01,Patti,QGFqwtIZDnf,GJKYhq2wR9L,286.0,2.0,2024.0,7a,p,445.0,Pratapgarh,fz7bJo3egPX,indicator_7,580,7
2023-09-01,Patti,QGFqwtIZDnf,NI0EC5no6PO,676.0,2.0,2024.0,10a,p,445.0,Pratapgarh,fz7bJo3egPX,indicator_10,580,10
2023-09-01,Belkharnath,VmevjLb8Eme,aRueVYr35yM.Ti9FJqkSK6J,138.0,2.0,2024.0,36b,p,449.0,Pratapgarh,fz7bJo3egPX,indicator_36,848,36
2023-09-01,Belkharnath,VmevjLb8Eme,ixBYYYjxXPP,114.0,2.0,2024.0,36a,p,449.0,Pratapgarh,fz7bJo3egPX,indicator_36,848,36
2023-09-01,Belkharnath,VmevjLb8Eme,ui45G8KwpzU.Ti9FJqkSK6J,326.0,2.0,2024.0,2a,p,449.0,Pratapgarh,fz7bJo3egPX,indicator_2,848,2
2023-09-01,Belkharnath,VmevjLb8Eme,GJKYhq2wR9L,252.0,2.0,2024.0,7a,p,449.0,Pratapgarh,fz7bJo3egPX,indicator_7,848,7
2023-09-01,Belkharnath,VmevjLb8Eme,NI0EC5no6PO,323.0,2.0,2024.0,10a,p,449.0,Pratapgarh,fz7bJo3egPX,indicator_10,848,10
2023-09-01,Kunda,XnEGHve0wKr,aRueVYr35yM.Ti9FJqkSK6J,661.0,2.0,2024.0,36b,p,439.0,Pratapgarh,fz7bJo3egPX,indicator_36,136,36
2023-09-01,Kunda,XnEGHve0wKr,ixBYYYjxXPP,282.0,2.0,2024.0,36a,p,439.0,Pratapgarh,fz7bJo3egPX,indicator_36,136,36
2023-09-01,Kunda,XnEGHve0wKr,aRueVYr35yM.Ti9FJqkSK6J,613.0,2.0,2024.0,36b,p,439.0,Pratapgarh,fz7bJo3egPX,indicator_36,136,36
2023-09-01,Kunda,XnEGHve0wKr,ui45G8KwpzU.Ti9FJqkSK6J,637.0,2.0,2024.0,2a,p,439.0,Pratapgarh,fz7bJo3egPX,indicator_2,136,2
2023-09-01,Kunda,XnEGHve0wKr,GJKYhq2wR9L,576.0,2.0,2024.0,7a,p,439.0,Pratapgarh,fz7bJo3egPX,indicator_7,136,7
2023-09-01,Kunda,XnEGHve0wKr,NI0EC5no6PO,661.0,2.0,2024.0,10a,p,439.0,Pratapgarh,fz7bJo3egPX,indicator_10,136,10
2023-09-01,SChandrika,ZFpgvZ5wO0j,aRueVYr35yM.Ti9FJqkSK6J,109.0,2.0,2024.0,36b,p,441.0,Pratapgarh,fz7bJo3egPX,indicator_36,174,36
2023-09-01,SChandrika,ZFpgvZ5wO0j,ixBYYYjxXPP,106.0,2.0,2024.0,36a,p,441.0,Pratapgarh,fz7bJo3egPX,indicator_36,174,36
2023-09-01,SChandrika,ZFpgvZ5wO0j,ui45G8KwpzU.Ti9FJqkSK6J,478.0,2.0,2024.0,2a,p,441.0,Pratapgarh,fz7bJo3egPX,indicator_2,174,2
2023-09-01,SChandrika,ZFpgvZ5wO0j,GJKYhq2wR9L,401.0,2.0,2024.0,7a,p,441.0,Pratapgarh,fz7bJo3egPX,indicator_7,174,7
2023-09-01,SChandrika,ZFpgvZ5wO0j,NI0EC5no6PO,680.0,2.0,2024.0,10a,p,441.0,Pratapgarh,fz7bJo3egPX,indicator_10,174,10
2023-09-01,Mandhata,ZjQLMtbMM7E,aRueVYr35yM.Ti9FJqkSK6J,130.0,2.0,2024.0,36b,p,443.0,Pratapgarh,fz7bJo3egPX,indicator_36,316,36
2023-09-01,Mandhata,ZjQLMtbMM7E,ixBYYYjxXPP,103.0,2.0,2024.0,36a,p,443.0,Pratapgarh,fz7bJo3egPX,indicator_36,316,36
2023-09-01,Mandhata,ZjQLMtbMM7E,ui45G8KwpzU.Ti9FJqkSK6J,728.0,2.0,2024.0,2a,p,443.0,Pratapgarh,fz7bJo3egPX,indicator_2,316,2
2023-09-01,Mandhata,ZjQLMtbMM7E,GJKYhq2wR9L,436.0,2.0,2024.0,7a,p,443.0,Pratapgarh,fz7bJo3egPX,indicator_7,316,7
2023-09-01,Mandhata,ZjQLMtbMM7E,NI0EC5no6PO,707.0,2.0,2024.0,10a,p,443.0,Pratapgarh,fz7bJo3egPX,indicator_10,316,10
2023-09-01,Gaura,b29DRuniQju,aRueVYr35yM.Ti9FJqkSK6J,195.0,2.0,2024.0,36b,p,448.0,Pratapgarh,fz7bJo3egPX,indicator_36,626,36
2023-09-01,Gaura,b29DRuniQju,ixBYYYjxXPP,0.0,2.0,2024.0,36a,p,448.0,Pratapgarh,fz7bJo3egPX,indicator_36,626,36
2023-09-01,Gaura,b29DRuniQju,ui45G8KwpzU.Ti9FJqkSK6J,465.0,2.0,2024.0,2a,p,448.0,Pratapgarh,fz7bJo3egPX,indicator_2,626,2
2023-09-01,Gaura,b29DRuniQju,GJKYhq2wR9L,482.0,2.0,2024.0,7a,p,448.0,Pratapgarh,fz7bJo3egPX,indicator_7,626,7
2023-09-01,Gaura,b29DRuniQju,NI0EC5no6PO,591.0,2.0,2024.0,10a,p,448.0,Pratapgarh,fz7bJo3egPX,indicator_10,626,10
2023-09-01,RSangramgarh,dRG9GGcp4gQ,aRueVYr35yM.Ti9FJqkSK6J,209.0,2.0,2024.0,36b,p,436.0,Pratapgarh,fz7bJo3egPX,indicator_36,535,36
2023-09-01,RSangramgarh,dRG9GGcp4gQ,ixBYYYjxXPP,0.0,2.0,2024.0,36a,p,436.0,Pratapgarh,fz7bJo3egPX,indicator_36,535,36
2023-09-01,RSangramgarh,dRG9GGcp4gQ,ui45G8KwpzU.Ti9FJqkSK6J,519.0,2.0,2024.0,2a,p,436.0,Pratapgarh,fz7bJo3egPX,indicator_2,535,2
2023-09-01,RSangramgarh,dRG9GGcp4gQ,GJKYhq2wR9L,361.0,2.0,2024.0,7a,p,436.0,Pratapgarh,fz7bJo3egPX,indicator_7,535,7
2023-09-01,RSangramgarh,dRG9GGcp4gQ,NI0EC5no6PO,590.0,2.0,2024.0,10a,p,436.0,Pratapgarh,fz7bJo3egPX,indicator_10,535,10
2023-09-01,Sadar,dlErcN5wTNz,aRueVYr35yM.Ti9FJqkSK6J,254.0,2.0,2024.0,36b,p,442.0,Pratapgarh,fz7bJo3egPX,indicator_36,280,36
2023-09-01,Sadar,dlErcN5wTNz,ixBYYYjxXPP,70.0,2.0,2024.0,36a,p,442.0,Pratapgarh,fz7bJo3egPX,indicator_36,280,36
2023-09-01,Sadar,dlErcN5wTNz,ui45G8KwpzU.Ti9FJqkSK6J,529.0,2.0,2024.0,2a,p,442.0,Pratapgarh,fz7bJo3egPX,indicator_2,280,2
2023-09-01,Sadar,dlErcN5wTNz,GJKYhq2wR9L,443.0,2.0,2024.0,7a,p,442.0,Pratapgarh,fz7bJo3egPX,indicator_7,280,7
2023-09-01,Sadar,dlErcN5wTNz,NI0EC5no6PO,850.0,2.0,2024.0,10a,p,442.0,Pratapgarh,fz7bJo3egPX,indicator_10,280,10
2023-09-01,Kohandaur,es3YNWUdqOh,aRueVYr35yM.Ti9FJqkSK6J,162.0,2.0,2024.0,36b,p,444.0,Pratapgarh,fz7bJo3egPX,indicator_36,543,36
2023-09-01,Kohandaur,es3YNWUdqOh,ixBYYYjxXPP,135.0,2.0,2024.0,36a,p,444.0,Pratapgarh,fz7bJo3egPX,indicator_36,543,36
2023-09-01,Kohandaur,es3YNWUdqOh,ui45G8KwpzU.Ti9FJqkSK6J,365.0,2.0,2024.0,2a,p,444.0,Pratapgarh,fz7bJo3egPX,indicator_2,543,2
2023-09-01,Kohandaur,es3YNWUdqOh,GJKYhq2wR9L,405.0,2.0,2024.0,7a,p,444.0,Pratapgarh,fz7bJo3egPX,indicator_7,543,7
2023-09-01,Kohandaur,es3YNWUdqOh,NI0EC5no6PO,427.0,2.0,2024.0,10a,p,444.0,Pratapgarh,fz7bJo3egPX,indicator_10,543,10
2023-09-01,Aaspurdavsra,iobObmzVNqo,aRueVYr35yM.Ti9FJqkSK6J,80.0,2.0,2024.0,36b,p,446.0,Pratapgarh,fz7bJo3egPX,indicator_36,585,36
2023-09-01,Aaspurdavsra,iobObmzVNqo,ixBYYYjxXPP,62.0,2.0,2024.0,36a,p,446.0,Pratapgarh,fz7bJo3egPX,indicator_36,585,36
2023-09-01,Aaspurdavsra,iobObmzVNqo,ui45G8KwpzU.Ti9FJqkSK6J,416.0,2.0,2024.0,2a,p,446.0,Pratapgarh,fz7bJo3egPX,indicator_2,585,2
2023-09-01,Aaspurdavsra,iobObmzVNqo,GJKYhq2wR9L,375.0,2.0,2024.0,7a,p,446.0,Pratapgarh,fz7bJo3egPX,indicator_7,585,7
2023-09-01,Aaspurdavsra,iobObmzVNqo,NI0EC5no6PO,497.0,2.0,2024.0,10a,p,446.0,Pratapgarh,fz7bJo3egPX,indicator_10,585,10
2023-09-01,Vihar,klR8OoJpYaw,aRueVYr35yM.Ti9FJqkSK6J,207.0,2.0,2024.0,36b,p,440.0,Pratapgarh,fz7bJo3egPX,indicator_36,665,36
2023-09-01,Vihar,klR8OoJpYaw,ixBYYYjxXPP,0.0,2.0,2024.0,36a,p,440.0,Pratapgarh,fz7bJo3egPX,indicator_36,665,36
2023-09-01,Vihar,klR8OoJpYaw,ui45G8KwpzU.Ti9FJqkSK6J,753.0,2.0,2024.0,2a,p,440.0,Pratapgarh,fz7bJo3egPX,indicator_2,665,2
2023-09-01,Vihar,klR8OoJpYaw,GJKYhq2wR9L,600.0,2.0,2024.0,7a,p,440.0,Pratapgarh,fz7bJo3egPX,indicator_7,665,7
2023-09-01,Vihar,klR8OoJpYaw,NI0EC5no6PO,747.0,2.0,2024.0,10a,p,440.0,Pratapgarh,fz7bJo3egPX,indicator_10,665,10
2023-09-01,Pratapgarh DHQ,l7DJJezKzTw,aRueVYr35yM.Ti9FJqkSK6J,717.0,2.0,2024.0,36b,p,,Pratapgarh,fz7bJo3egPX,indicator_36,667,36
2023-09-01,Pratapgarh DHQ,l7DJJezKzTw,ixBYYYjxXPP,597.0,2.0,2024.0,36a,p,,Pratapgarh,fz7bJo3egPX,indicator_36,667,36
2023-09-01,Pratapgarh DHQ,l7DJJezKzTw,aRueVYr35yM.Ti9FJqkSK6J,0.0,2.0,2024.0,36b,p,,Pratapgarh,fz7bJo3egPX,indicator_36,667,36
2023-09-01,Pratapgarh DHQ,l7DJJezKzTw,ui45G8KwpzU.Ti9FJqkSK6J,80.0,2.0,2024.0,2a,p,,Pratapgarh,fz7bJo3egPX,indicator_2,667,2
2023-09-01,Pratapgarh DHQ,l7DJJezKzTw,GJKYhq2wR9L,149.0,2.0,2024.0,7a,p,,Pratapgarh,fz7bJo3egPX,indicator_7,667,7
2023-09-01,Pratapgarh DHQ,l7DJJezKzTw,NI0EC5no6PO,47.0,2.0,2024.0,10a,p,,Pratapgarh,fz7bJo3egPX,indicator_10,667,10
2023-09-01,Lalganj Pratapgarh,lZg8HzmVg9D,aRueVYr35yM.Ti9FJqkSK6J,419.0,2.0,2024.0,36b,p,434.0,Pratapgarh,fz7bJo3egPX,indicator_36,849,36
2023-09-01,Lalganj Pratapgarh,lZg8HzmVg9D,ixBYYYjxXPP,0.0,2.0,2024.0,36a,p,434.0,Pratapgarh,fz7bJo3egPX,indicator_36,849,36
2023-09-01,Lalganj Pratapgarh,lZg8HzmVg9D,aRueVYr35yM.Ti9FJqkSK6J,371.0,2.0,2024.0,36b,p,434.0,Pratapgarh,fz7bJo3egPX,indicator_36,849,36
2023-09-01,Lalganj Pratapgarh,lZg8HzmVg9D,ui45G8KwpzU.Ti9FJqkSK6J,379.0,2.0,2024.0,2a,p,434.0,Pratapgarh,fz7bJo3egPX,indicator_2,849,2
2023-09-01,Lalganj Pratapgarh,lZg8HzmVg9D,GJKYhq2wR9L,267.0,2.0,2024.0,7a,p,434.0,Pratapgarh,fz7bJo3egPX,indicator_7,849,7
2023-09-01,Lalganj Pratapgarh,lZg8HzmVg9D,NI0EC5no6PO,499.0,2.0,2024.0,10a,p,434.0,Pratapgarh,fz7bJo3egPX,indicator_10,849,10
2023-09-01,Laxmanpur,loZ8Meaktfa,aRueVYr35yM.Ti9FJqkSK6J,95.0,2.0,2024.0,36b,p,435.0,Pratapgarh,fz7bJo3egPX,indicator_36,614,36
2023-09-01,Laxmanpur,loZ8Meaktfa,ixBYYYjxXPP,74.0,2.0,2024.0,36a,p,435.0,Pratapgarh,fz7bJo3egPX,indicator_36,614,36
2023-09-01,Laxmanpur,loZ8Meaktfa,ui45G8KwpzU.Ti9FJqkSK6J,372.0,2.0,2024.0,2a,p,435.0,Pratapgarh,fz7bJo3egPX,indicator_2,614,2
2023-09-01,Laxmanpur,loZ8Meaktfa,GJKYhq2wR9L,363.0,2.0,2024.0,7a,p,435.0,Pratapgarh,fz7bJo3egPX,indicator_7,614,7
2023-09-01,Laxmanpur,loZ8Meaktfa,NI0EC5no6PO,536.0,2.0,2024.0,10a,p,435.0,Pratapgarh,fz7bJo3egPX,indicator_10,614,10
2023-09-01,Kalakaker,qmMPEkTsow1,aRueVYr35yM.Ti9FJqkSK6J,287.0,2.0,2024.0,36b,p,437.0,Pratapgarh,fz7bJo3egPX,indicator_36,840,36
2023-09-01,Kalakaker,qmMPEkTsow1,ixBYYYjxXPP,198.0,2.0,2024.0,36a,p,437.0,Pratapgarh,fz7bJo3egPX,indicator_36,840,36
2023-09-01,Kalakaker,qmMPEkTsow1,ui45G8KwpzU.Ti9FJqkSK6J,301.0,2.0,2024.0,2a,p,437.0,Pratapgarh,fz7bJo3egPX,indicator_2,840,2
2023-09-01,Kalakaker,qmMPEkTsow1,GJKYhq2wR9L,306.0,2.0,2024.0,7a,p,437.0,Pratapgarh,fz7bJo3egPX,indicator_7,840,7
2023-09-01,Kalakaker,qmMPEkTsow1,NI0EC5no6PO,332.0,2.0,2024.0,10a,p,437.0,Pratapgarh,fz7bJo3egPX,indicator_10,840,10
2023-09-01,Babaganj,yepP1LEwWeE,aRueVYr35yM.Ti9FJqkSK6J,158.0,2.0,2024.0,36b,p,438.0,Pratapgarh,fz7bJo3egPX,indicator_36,730,36
2023-09-01,Babaganj,yepP1LEwWeE,ixBYYYjxXPP,134.0,2.0,2024.0,36a,p,438.0,Pratapgarh,fz7bJo3egPX,indicator_36,730,36
2023-09-01,Babaganj,yepP1LEwWeE,ui45G8KwpzU.Ti9FJqkSK6J,411.0,2.0,2024.0,2a,p,438.0,Pratapgarh,fz7bJo3egPX,indicator_2,730,2
2023-09-01,Babaganj,yepP1LEwWeE,GJKYhq2wR9L,440.0,2.0,2024.0,7a,p,438.0,Pratapgarh,fz7bJo3egPX,indicator_7,730,7
2023-09-01,Babaganj,yepP1LEwWeE,NI0EC5no6PO,696.0,2.0,2024.0,10a,p,438.0,Pratapgarh,fz7bJo3egPX,indicator_10,730,10
2023-09-01,Bankuti,Ek8aj4Sjo0n,aRueVYr35yM.Ti9FJqkSK6J,149.0,2.0,2024.0,36b,p,606.0,Basti,J1P16zQEOUT,indicator_36,616,36
2023-09-01,Bankuti,Ek8aj4Sjo0n,ui45G8KwpzU.Ti9FJqkSK6J,208.0,2.0,2024.0,2a,p,606.0,Basti,J1P16zQEOUT,indicator_2,616,2
2023-09-01,Bankuti,Ek8aj4Sjo0n,GJKYhq2wR9L,381.0,2.0,2024.0,7a,p,606.0,Basti,J1P16zQEOUT,indicator_7,616,7
2023-09-01,Bankuti,Ek8aj4Sjo0n,NI0EC5no6PO,615.0,2.0,2024.0,10a,p,606.0,Basti,J1P16zQEOUT,indicator_10,616,10
2023-09-01,Dubealiya,I6SfaoTpBWQ,aRueVYr35yM.Ti9FJqkSK6J,129.0,2.0,2024.0,36b,p,602.0,Basti,J1P16zQEOUT,indicator_36,645,36
2023-09-01,Dubealiya,I6SfaoTpBWQ,ixBYYYjxXPP,100.0,2.0,2024.0,36a,p,602.0,Basti,J1P16zQEOUT,indicator_36,645,36
2023-09-01,Dubealiya,I6SfaoTpBWQ,ui45G8KwpzU.Ti9FJqkSK6J,296.0,2.0,2024.0,2a,p,602.0,Basti,J1P16zQEOUT,indicator_2,645,2
2023-09-01,Dubealiya,I6SfaoTpBWQ,GJKYhq2wR9L,247.0,2.0,2024.0,7a,p,602.0,Basti,J1P16zQEOUT,indicator_7,645,7
2023-09-01,Dubealiya,I6SfaoTpBWQ,NI0EC5no6PO,276.0,2.0,2024.0,10a,p,602.0,Basti,J1P16zQEOUT,indicator_10,645,10
2023-09-01,Hreaiya,QB1bWVUZvNY,aRueVYr35yM.Ti9FJqkSK6J,190.0,2.0,2024.0,36b,p,599.0,Basti,J1P16zQEOUT,indicator_36,886,36
2023-09-01,Hreaiya,QB1bWVUZvNY,ixBYYYjxXPP,221.0,2.0,2024.0,36a,p,599.0,Basti,J1P16zQEOUT,indicator_36,886,36
2023-09-01,Hreaiya,QB1bWVUZvNY,ui45G8KwpzU.Ti9FJqkSK6J,474.0,2.0,2024.0,2a,p,599.0,Basti,J1P16zQEOUT,indicator_2,886,2
2023-09-01,Hreaiya,QB1bWVUZvNY,GJKYhq2wR9L,432.0,2.0,2024.0,7a,p,599.0,Basti,J1P16zQEOUT,indicator_7,886,7
2023-09-01,Hreaiya,QB1bWVUZvNY,NI0EC5no6PO,846.0,2.0,2024.0,10a,p,599.0,Basti,J1P16zQEOUT,indicator_10,886,10
2023-09-01,Bhadurpur,Rhej6WFZaSI,aRueVYr35yM.Ti9FJqkSK6J,189.0,2.0,2024.0,36b,p,607.0,Basti,J1P16zQEOUT,indicator_36,721,36
2023-09-01,Bhadurpur,Rhej6WFZaSI,ixBYYYjxXPP,100.0,2.0,2024.0,36a,p,607.0,Basti,J1P16zQEOUT,indicator_36,721,36
2023-09-01,Bhadurpur,Rhej6WFZaSI,ui45G8KwpzU.Ti9FJqkSK6J,418.0,2.0,2024.0,2a,p,607.0,Basti,J1P16zQEOUT,indicator_2,721,2
2023-09-01,Bhadurpur,Rhej6WFZaSI,GJKYhq2wR9L,441.0,2.0,2024.0,7a,p,607.0,Basti,J1P16zQEOUT,indicator_7,721,7
2023-09-01,Bhadurpur,Rhej6WFZaSI,NI0EC5no6PO,528.0,2.0,2024.0,10a,p,607.0,Basti,J1P16zQEOUT,indicator_10,721,10
2023-09-01,Rudhouli,X4NDrvDmL4p,aRueVYr35yM.Ti9FJqkSK6J,261.0,2.0,2024.0,36b,p,603.0,Basti,J1P16zQEOUT,indicator_36,833,36
2023-09-01,Rudhouli,X4NDrvDmL4p,ixBYYYjxXPP,330.0,2.0,2024.0,36a,p,603.0,Basti,J1P16zQEOUT,indicator_36,833,36
2023-09-01,Rudhouli,X4NDrvDmL4p,ui45G8KwpzU.Ti9FJqkSK6J,296.0,2.0,2024.0,2a,p,603.0,Basti,J1P16zQEOUT,indicator_2,833,2
2023-09-01,Rudhouli,X4NDrvDmL4p,GJKYhq2wR9L,399.0,2.0,2024.0,7a,p,603.0,Basti,J1P16zQEOUT,indicator_7,833,7
2023-09-01,Rudhouli,X4NDrvDmL4p,NI0EC5no6PO,647.0,2.0,2024.0,10a,p,603.0,Basti,J1P16zQEOUT,indicator_10,833,10
2023-09-01,Kaptanganj Basti,XyOAuYi23Qw,aRueVYr35yM.Ti9FJqkSK6J,129.0,2.0,2024.0,36b,p,601.0,Basti,J1P16zQEOUT,indicator_36,36,36
2023-09-01,Kaptanganj Basti,XyOAuYi23Qw,ixBYYYjxXPP,102.0,2.0,2024.0,36a,p,601.0,Basti,J1P16zQEOUT,indicator_36,36,36
2023-09-01,Kaptanganj Basti,XyOAuYi23Qw,ui45G8KwpzU.Ti9FJqkSK6J,308.0,2.0,2024.0,2a,p,601.0,Basti,J1P16zQEOUT,indicator_2,36,2
2023-09-01,Kaptanganj Basti,XyOAuYi23Qw,GJKYhq2wR9L,295.0,2.0,2024.0,7a,p,601.0,Basti,J1P16zQEOUT,indicator_7,36,7
2023-09-01,Kaptanganj Basti,XyOAuYi23Qw,NI0EC5no6PO,566.0,2.0,2024.0,10a,p,601.0,Basti,J1P16zQEOUT,indicator_10,36,10
2023-09-01,Kudreha,gwFahuoicRH,aRueVYr35yM.Ti9FJqkSK6J,167.0,2.0,2024.0,36b,p,608.0,Basti,J1P16zQEOUT,indicator_36,237,36
2023-09-01,Kudreha,gwFahuoicRH,ixBYYYjxXPP,73.0,2.0,2024.0,36a,p,608.0,Basti,J1P16zQEOUT,indicator_36,237,36
2023-09-01,Kudreha,gwFahuoicRH,ui45G8KwpzU.Ti9FJqkSK6J,285.0,2.0,2024.0,2a,p,608.0,Basti,J1P16zQEOUT,indicator_2,237,2
2023-09-01,Kudreha,gwFahuoicRH,GJKYhq2wR9L,387.0,2.0,2024.0,7a,p,608.0,Basti,J1P16zQEOUT,indicator_7,237,7
2023-09-01,Kudreha,gwFahuoicRH,NI0EC5no6PO,475.0,2.0,2024.0,10a,p,608.0,Basti,J1P16zQEOUT,indicator_10,237,10
2023-09-01,Basti DHQ,hIlEZsYKlhK,aRueVYr35yM.Ti9FJqkSK6J,360.0,2.0,2024.0,36b,p,,Basti,J1P16zQEOUT,indicator_36,75,36
2023-09-01,Basti DHQ,hIlEZsYKlhK,ui45G8KwpzU.Ti9FJqkSK6J,0.0,2.0,2024.0,2a,p,,Basti,J1P16zQEOUT,indicator_2,75,2
2023-09-01,Basti DHQ,hIlEZsYKlhK,GJKYhq2wR9L,0.0,2.0,2024.0,7a,p,,Basti,J1P16zQEOUT,indicator_7,75,7
2023-09-01,Basti DHQ,hIlEZsYKlhK,NI0EC5no6PO,0.0,2.0,2024.0,10a,p,,Basti,J1P16zQEOUT,indicator_10,75,10
2023-09-01,Ramnagar Basti,jiDSxIFBh1G,aRueVYr35yM.Ti9FJqkSK6J,213.0,2.0,2024.0,36b,p,595.0,Basti,J1P16zQEOUT,indicator_36,351,36
2023-09-01,Ramnagar Basti,jiDSxIFBh1G,ixBYYYjxXPP,157.0,2.0,2024.0,36a,p,595.0,Basti,J1P16zQEOUT,indicator_36,351,36
2023-09-01,Ramnagar Basti,jiDSxIFBh1G,ui45G8KwpzU.Ti9FJqkSK6J,538.0,2.0,2024.0,2a,p,595.0,Basti,J1P16zQEOUT,indicator_2,351,2
2023-09-01,Ramnagar Basti,jiDSxIFBh1G,GJKYhq2wR9L,510.0,2.0,2024.0,7a,p,595.0,Basti,J1P16zQEOUT,indicator_7,351,7
2023-09-01,Ramnagar Basti,jiDSxIFBh1G,NI0EC5no6PO,775.0,2.0,2024.0,10a,p,595.0,Basti,J1P16zQEOUT,indicator_10,351,10
2023-09-01,Sahughat,knCO4emeZY1,aRueVYr35yM.Ti9FJqkSK6J,90.0,2.0,2024.0,36b,p,604.0,Basti,J1P16zQEOUT,indicator_36,254,36
2023-09-01,Sahughat,knCO4emeZY1,ixBYYYjxXPP,73.0,2.0,2024.0,36a,p,604.0,Basti,J1P16zQEOUT,indicator_36,254,36
2023-09-01,Sahughat,knCO4emeZY1,ui45G8KwpzU.Ti9FJqkSK6J,502.0,2.0,2024.0,2a,p,604.0,Basti,J1P16zQEOUT,indicator_2,254,2
2023-09-01,Sahughat,knCO4emeZY1,GJKYhq2wR9L,450.0,2.0,2024.0,7a,p,604.0,Basti,J1P16zQEOUT,indicator_7,254,7
2023-09-01,Sahughat,knCO4emeZY1,NI0EC5no6PO,303.0,2.0,2024.0,10a,p,604.0,Basti,J1P16zQEOUT,indicator_10,254,10
2023-09-01,Parasrampur,nE41ZrKaU9G,aRueVYr35yM.Ti9FJqkSK6J,354.0,2.0,2024.0,36b,p,597.0,Basti,J1P16zQEOUT,indicator_36,178,36
2023-09-01,Parasrampur,nE41ZrKaU9G,ixBYYYjxXPP,250.0,2.0,2024.0,36a,p,597.0,Basti,J1P16zQEOUT,indicator_36,178,36
2023-09-01,Parasrampur,nE41ZrKaU9G,aRueVYr35yM.Ti9FJqkSK6J,331.0,2.0,2024.0,36b,p,597.0,Basti,J1P16zQEOUT,indicator_36,178,36
2023-09-01,Parasrampur,nE41ZrKaU9G,ui45G8KwpzU.Ti9FJqkSK6J,529.0,2.0,2024.0,2a,p,597.0,Basti,J1P16zQEOUT,indicator_2,178,2
2023-09-01,Parasrampur,nE41ZrKaU9G,GJKYhq2wR9L,454.0,2.0,2024.0,7a,p,597.0,Basti,J1P16zQEOUT,indicator_7,178,7
2023-09-01,Parasrampur,nE41ZrKaU9G,NI0EC5no6PO,657.0,2.0,2024.0,10a,p,597.0,Basti,J1P16zQEOUT,indicator_10,178,10
2023-09-01,Goura,omXlDQQZhm0,aRueVYr35yM.Ti9FJqkSK6J,310.0,2.0,2024.0,36b,p,598.0,Basti,J1P16zQEOUT,indicator_36,318,36
2023-09-01,Goura,omXlDQQZhm0,ixBYYYjxXPP,208.0,2.0,2024.0,36a,p,598.0,Basti,J1P16zQEOUT,indicator_36,318,36
2023-09-01,Goura,omXlDQQZhm0,aRueVYr35yM.Ti9FJqkSK6J,189.0,2.0,2024.0,36b,p,598.0,Basti,J1P16zQEOUT,indicator_36,318,36
2023-09-01,Goura,omXlDQQZhm0,ui45G8KwpzU.Ti9FJqkSK6J,566.0,2.0,2024.0,2a,p,598.0,Basti,J1P16zQEOUT,indicator_2,318,2
2023-09-01,Goura,omXlDQQZhm0,GJKYhq2wR9L,540.0,2.0,2024.0,7a,p,598.0,Basti,J1P16zQEOUT,indicator_7,318,7
2023-09-01,Goura,omXlDQQZhm0,NI0EC5no6PO,926.0,2.0,2024.0,10a,p,598.0,Basti,J1P16zQEOUT,indicator_10,318,10
2023-09-01,Vikramjot,r1D91q65KwQ,aRueVYr35yM.Ti9FJqkSK6J,130.0,2.0,2024.0,36b,p,600.0,Basti,J1P16zQEOUT,indicator_36,198,36
2023-09-01,Vikramjot,r1D91q65KwQ,ixBYYYjxXPP,130.0,2.0,2024.0,36a,p,600.0,Basti,J1P16zQEOUT,indicator_36,198,36
2023-09-01,Vikramjot,r1D91q65KwQ,ui45G8KwpzU.Ti9FJqkSK6J,588.0,2.0,2024.0,2a,p,600.0,Basti,J1P16zQEOUT,indicator_2,198,2
2023-09-01,Vikramjot,r1D91q65KwQ,GJKYhq2wR9L,444.0,2.0,2024.0,7a,p,600.0,Basti,J1P16zQEOUT,indicator_7,198,7
2023-09-01,Vikramjot,r1D91q65KwQ,NI0EC5no6PO,485.0,2.0,2024.0,10a,p,600.0,Basti,J1P16zQEOUT,indicator_10,198,10
2023-09-01,Saltova,tLE0KpRqOMk,aRueVYr35yM.Ti9FJqkSK6J,263.0,2.0,2024.0,36b,p,596.0,Basti,J1P16zQEOUT,indicator_36,208,36
2023-09-01,Saltova,tLE0KpRqOMk,ixBYYYjxXPP,85.0,2.0,2024.0,36a,p,596.0,Basti,J1P16zQEOUT,indicator_36,208,36
2023-09-01,Saltova,tLE0KpRqOMk,aRueVYr35yM.Ti9FJqkSK6J,152.0,2.0,2024.0,36b,p,596.0,Basti,J1P16zQEOUT,indicator_36,208,36
2023-09-01,Saltova,tLE0KpRqOMk,ui45G8KwpzU.Ti9FJqkSK6J,575.0,2.0,2024.0,2a,p,596.0,Basti,J1P16zQEOUT,indicator_2,208,2
2023-09-01,Saltova,tLE0KpRqOMk,GJKYhq2wR9L,477.0,2.0,2024.0,7a,p,596.0,Basti,J1P16zQEOUT,indicator_7,208,7
2023-09-01,Saltova,tLE0KpRqOMk,NI0EC5no6PO,694.0,2.0,2024.0,10a,p,596.0,Basti,J1P16zQEOUT,indicator_10,208,10
2023-09-01,Basti Sader,zshpWWwvLd3,aRueVYr35yM.Ti9FJqkSK6J,1034.0,2.0,2024.0,36b,p,605.0,Basti,J1P16zQEOUT,indicator_36,244,36
2023-09-01,Basti Sader,zshpWWwvLd3,ixBYYYjxXPP,502.0,2.0,2024.0,36a,p,605.0,Basti,J1P16zQEOUT,indicator_36,244,36
2023-09-01,Basti Sader,zshpWWwvLd3,aRueVYr35yM.Ti9FJqkSK6J,642.0,2.0,2024.0,36b,p,605.0,Basti,J1P16zQEOUT,indicator_36,244,36
2023-09-01,Basti Sader,zshpWWwvLd3,ui45G8KwpzU.Ti9FJqkSK6J,424.0,2.0,2024.0,2a,p,605.0,Basti,J1P16zQEOUT,indicator_2,244,2
2023-09-01,Basti Sader,zshpWWwvLd3,GJKYhq2wR9L,774.0,2.0,2024.0,7a,p,605.0,Basti,J1P16zQEOUT,indicator_7,244,7
2023-09-01,Basti Sader,zshpWWwvLd3,NI0EC5no6PO,1127.0,2.0,2024.0,10a,p,605.0,Basti,J1P16zQEOUT,indicator_10,244,10
2023-09-01,Gajraula,F4PpXNqeUpP,aRueVYr35yM.Ti9FJqkSK6J,1055.0,2.0,2024.0,36b,p,59.0,Amroha,hgquAmZaNBu,indicator_36,247,36
2023-09-01,Gajraula,F4PpXNqeUpP,ixBYYYjxXPP,152.0,2.0,2024.0,36a,p,59.0,Amroha,hgquAmZaNBu,indicator_36,247,36
2023-09-01,Gajraula,F4PpXNqeUpP,aRueVYr35yM.Ti9FJqkSK6J,215.0,2.0,2024.0,36b,p,59.0,Amroha,hgquAmZaNBu,indicator_36,247,36
2023-09-01,Gajraula,F4PpXNqeUpP,ui45G8KwpzU.Ti9FJqkSK6J,871.0,2.0,2024.0,2a,p,59.0,Amroha,hgquAmZaNBu,indicator_2,247,2
2023-09-01,Gajraula,F4PpXNqeUpP,GJKYhq2wR9L,977.0,2.0,2024.0,7a,p,59.0,Amroha,hgquAmZaNBu,indicator_7,247,7
2023-09-01,Gajraula,F4PpXNqeUpP,NI0EC5no6PO,1098.0,2.0,2024.0,10a,p,59.0,Amroha,hgquAmZaNBu,indicator_10,247,10
2023-09-01,Dhanaura,KocU1z4MS42,aRueVYr35yM.Ti9FJqkSK6J,820.0,2.0,2024.0,36b,p,56.0,Amroha,hgquAmZaNBu,indicator_36,30,36
2023-09-01,Dhanaura,KocU1z4MS42,ixBYYYjxXPP,123.0,2.0,2024.0,36a,p,56.0,Amroha,hgquAmZaNBu,indicator_36,30,36
2023-09-01,Dhanaura,KocU1z4MS42,aRueVYr35yM.Ti9FJqkSK6J,126.0,2.0,2024.0,36b,p,56.0,Amroha,hgquAmZaNBu,indicator_36,30,36
2023-09-01,Dhanaura,KocU1z4MS42,ui45G8KwpzU.Ti9FJqkSK6J,894.0,2.0,2024.0,2a,p,56.0,Amroha,hgquAmZaNBu,indicator_2,30,2
2023-09-01,Dhanaura,KocU1z4MS42,GJKYhq2wR9L,914.0,2.0,2024.0,7a,p,56.0,Amroha,hgquAmZaNBu,indicator_7,30,7
2023-09-01,Dhanaura,KocU1z4MS42,NI0EC5no6PO,994.0,2.0,2024.0,10a,p,56.0,Amroha,hgquAmZaNBu,indicator_10,30,10
2023-09-01,Amroha DHQ,Ygt5E2MGGWd,aRueVYr35yM.Ti9FJqkSK6J,303.0,2.0,2024.0,36b,p,,Amroha,hgquAmZaNBu,indicator_36,179,36
2023-09-01,Amroha DHQ,Ygt5E2MGGWd,ixBYYYjxXPP,0.0,2.0,2024.0,36a,p,,Amroha,hgquAmZaNBu,indicator_36,179,36
2023-09-01,Amroha DHQ,Ygt5E2MGGWd,ui45G8KwpzU.Ti9FJqkSK6J,649.0,2.0,2024.0,2a,p,,Amroha,hgquAmZaNBu,indicator_2,179,2
2023-09-01,Amroha DHQ,Ygt5E2MGGWd,GJKYhq2wR9L,885.0,2.0,2024.0,7a,p,,Amroha,hgquAmZaNBu,indicator_7,179,7
2023-09-01,Amroha DHQ,Ygt5E2MGGWd,NI0EC5no6PO,1387.0,2.0,2024.0,10a,p,,Amroha,hgquAmZaNBu,indicator_10,179,10
2023-09-01,Gangeshwari,bkkdTIrC9mc,aRueVYr35yM.Ti9FJqkSK6J,321.0,2.0,2024.0,36b,p,61.0,Amroha,hgquAmZaNBu,indicator_36,518,36
2023-09-01,Gangeshwari,bkkdTIrC9mc,ixBYYYjxXPP,0.0,2.0,2024.0,36a,p,61.0,Amroha,hgquAmZaNBu,indicator_36,518,36
2023-09-01,Gangeshwari,bkkdTIrC9mc,ui45G8KwpzU.Ti9FJqkSK6J,1105.0,2.0,2024.0,2a,p,61.0,Amroha,hgquAmZaNBu,indicator_2,518,2
2023-09-01,Gangeshwari,bkkdTIrC9mc,GJKYhq2wR9L,652.0,2.0,2024.0,7a,p,61.0,Amroha,hgquAmZaNBu,indicator_7,518,7
2023-09-01,Gangeshwari,bkkdTIrC9mc,NI0EC5no6PO,753.0,2.0,2024.0,10a,p,61.0,Amroha,hgquAmZaNBu,indicator_10,518,10
2023-09-01,Block Amroha,o9uEgq78lMK,aRueVYr35yM.Ti9FJqkSK6J,825.0,2.0,2024.0,36b,p,57.0,Amroha,hgquAmZaNBu,indicator_36,703,36
2023-09-01,Block Amroha,o9uEgq78lMK,ixBYYYjxXPP,220.0,2.0,2024.0,36a,p,57.0,Amroha,hgquAmZaNBu,indicator_36,703,36
2023-09-01,Block Amroha,o9uEgq78lMK,aRueVYr35yM.Ti9FJqkSK6J,232.0,2.0,2024.0,36b,p,57.0,Amroha,hgquAmZaNBu,indicator_36,703,36
2023-09-01,Block Amroha,o9uEgq78lMK,ui45G8KwpzU.Ti9FJqkSK6J,815.0,2.0,2024.0,2a,p,57.0,Amroha,hgquAmZaNBu,indicator_2,703,2
2023-09-01,Block Amroha,o9uEgq78lMK,GJKYhq2wR9L,1202.0,2.0,2024.0,7a,p,57.0,Amroha,hgquAmZaNBu,indicator_7,703,7
2023-09-01,Block Amroha,o9uEgq78lMK,NI0EC5no6PO,747.0,2.0,2024.0,10a,p,57.0,Amroha,hgquAmZaNBu,indicator_10,703,10
2023-09-01,Joya,ouPBHlLzBAu,aRueVYr35yM.Ti9FJqkSK6J,776.0,2.0,2024.0,36b,p,58.0,Amroha,hgquAmZaNBu,indicator_36,26,36
2023-09-01,Joya,ouPBHlLzBAu,ixBYYYjxXPP,201.0,2.0,2024.0,36a,p,58.0,Amroha,hgquAmZaNBu,indicator_36,26,36
2023-09-01,Joya,ouPBHlLzBAu,aRueVYr35yM.Ti9FJqkSK6J,239.0,2.0,2024.0,36b,p,58.0,Amroha,hgquAmZaNBu,indicator_36,26,36
2023-09-01,Joya,ouPBHlLzBAu,ui45G8KwpzU.Ti9FJqkSK6J,582.0,2.0,2024.0,2a,p,58.0,Amroha,hgquAmZaNBu,indicator_2,26,2
2023-09-01,Joya,ouPBHlLzBAu,GJKYhq2wR9L,1069.0,2.0,2024.0,7a,p,58.0,Amroha,hgquAmZaNBu,indicator_7,26,7
2023-09-01,Joya,ouPBHlLzBAu,NI0EC5no6PO,1173.0,2.0,2024.0,10a,p,58.0,Amroha,hgquAmZaNBu,indicator_10,26,10
2023-09-01,Hasanpur,rWNzTUgiIT6,aRueVYr35yM.Ti9FJqkSK6J,642.0,2.0,2024.0,36b,p,60.0,Amroha,hgquAmZaNBu,indicator_36,732,36
2023-09-01,Hasanpur,rWNzTUgiIT6,ixBYYYjxXPP,135.0,2.0,2024.0,36a,p,60.0,Amroha,hgquAmZaNBu,indicator_36,732,36
2023-09-01,Hasanpur,rWNzTUgiIT6,aRueVYr35yM.Ti9FJqkSK6J,286.0,2.0,2024.0,36b,p,60.0,Amroha,hgquAmZaNBu,indicator_36,732,36
2023-09-01,Hasanpur,rWNzTUgiIT6,ui45G8KwpzU.Ti9FJqkSK6J,740.0,2.0,2024.0,2a,p,60.0,Amroha,hgquAmZaNBu,indicator_2,732,2
2023-09-01,Hasanpur,rWNzTUgiIT6,GJKYhq2wR9L,585.0,2.0,2024.0,7a,p,60.0,Amroha,hgquAmZaNBu,indicator_7,732,7
2023-09-01,Hasanpur,rWNzTUgiIT6,NI0EC5no6PO,486.0,2.0,2024.0,10a,p,60.0,Amroha,hgquAmZaNBu,indicator_10,732,10
2023-09-01,Hamirpur Nauranga,F4fL0v4ObFM,aRueVYr35yM.Ti9FJqkSK6J,425.0,2.0,2024.0,36b,p,400.0,Hamirpur,VSI7HobT5qL,indicator_36,234,36
2023-09-01,Hamirpur Nauranga,F4fL0v4ObFM,ixBYYYjxXPP,245.0,2.0,2024.0,36a,p,400.0,Hamirpur,VSI7HobT5qL,indicator_36,234,36
2023-09-01,Hamirpur Nauranga,F4fL0v4ObFM,ui45G8KwpzU.Ti9FJqkSK6J,575.0,2.0,2024.0,2a,p,400.0,Hamirpur,VSI7HobT5qL,indicator_2,234,2
2023-09-01,Hamirpur Nauranga,F4fL0v4ObFM,GJKYhq2wR9L,234.0,2.0,2024.0,7a,p,400.0,Hamirpur,VSI7HobT5qL,indicator_7,234,7
2023-09-01,Hamirpur Nauranga,F4fL0v4ObFM,NI0EC5no6PO,585.0,2.0,2024.0,10a,p,400.0,Hamirpur,VSI7HobT5qL,indicator_10,234,10
2023-09-01,Hamirpur Kurara,JcfBKD9Fdaw,aRueVYr35yM.Ti9FJqkSK6J,144.0,2.0,2024.0,36b,p,396.0,Hamirpur,VSI7HobT5qL,indicator_36,131,36
2023-09-01,Hamirpur Kurara,JcfBKD9Fdaw,ixBYYYjxXPP,0.0,2.0,2024.0,36a,p,396.0,Hamirpur,VSI7HobT5qL,indicator_36,131,36
2023-09-01,Hamirpur Kurara,JcfBKD9Fdaw,ui45G8KwpzU.Ti9FJqkSK6J,193.0,2.0,2024.0,2a,p,396.0,Hamirpur,VSI7HobT5qL,indicator_2,131,2
2023-09-01,Hamirpur Kurara,JcfBKD9Fdaw,GJKYhq2wR9L,337.0,2.0,2024.0,7a,p,396.0,Hamirpur,VSI7HobT5qL,indicator_7,131,7
2023-09-01,Hamirpur Kurara,JcfBKD9Fdaw,NI0EC5no6PO,545.0,2.0,2024.0,10a,p,396.0,Hamirpur,VSI7HobT5qL,indicator_10,131,10
2023-09-01,Hamirpur DHQ,KZozTRTvHgU,aRueVYr35yM.Ti9FJqkSK6J,359.0,2.0,2024.0,36b,p,,Hamirpur,VSI7HobT5qL,indicator_36,902,36
2023-09-01,Hamirpur DHQ,KZozTRTvHgU,ixBYYYjxXPP,357.0,2.0,2024.0,36a,p,,Hamirpur,VSI7HobT5qL,indicator_36,902,36
2023-09-01,Hamirpur DHQ,KZozTRTvHgU,ui45G8KwpzU.Ti9FJqkSK6J,261.0,2.0,2024.0,2a,p,,Hamirpur,VSI7HobT5qL,indicator_2,902,2
2023-09-01,Hamirpur DHQ,KZozTRTvHgU,GJKYhq2wR9L,204.0,2.0,2024.0,7a,p,,Hamirpur,VSI7HobT5qL,indicator_7,902,7
2023-09-01,Hamirpur DHQ,KZozTRTvHgU,NI0EC5no6PO,758.0,2.0,2024.0,10a,p,,Hamirpur,VSI7HobT5qL,indicator_10,902,10
2023-09-01,Hamirpur Gohand,SEb6dTDNGdm,aRueVYr35yM.Ti9FJqkSK6J,88.0,2.0,2024.0,36b,p,399.0,Hamirpur,VSI7HobT5qL,indicator_36,319,36
2023-09-01,Hamirpur Gohand,SEb6dTDNGdm,ixBYYYjxXPP,44.0,2.0,2024.0,36a,p,399.0,Hamirpur,VSI7HobT5qL,indicator_36,319,36
2023-09-01,Hamirpur Gohand,SEb6dTDNGdm,ui45G8KwpzU.Ti9FJqkSK6J,156.0,2.0,2024.0,2a,p,399.0,Hamirpur,VSI7HobT5qL,indicator_2,319,2
2023-09-01,Hamirpur Gohand,SEb6dTDNGdm,GJKYhq2wR9L,214.0,2.0,2024.0,7a,p,399.0,Hamirpur,VSI7HobT5qL,indicator_7,319,7
2023-09-01,Hamirpur Gohand,SEb6dTDNGdm,NI0EC5no6PO,300.0,2.0,2024.0,10a,p,399.0,Hamirpur,VSI7HobT5qL,indicator_10,319,10
2023-09-01,Hamirpur Dhagwa,X8nyWuBobaz,aRueVYr35yM.Ti9FJqkSK6J,110.0,2.0,2024.0,36b,p,398.0,Hamirpur,VSI7HobT5qL,indicator_36,333,36
2023-09-01,Hamirpur Dhagwa,X8nyWuBobaz,ixBYYYjxXPP,74.0,2.0,2024.0,36a,p,398.0,Hamirpur,VSI7HobT5qL,indicator_36,333,36
2023-09-01,Hamirpur Dhagwa,X8nyWuBobaz,ui45G8KwpzU.Ti9FJqkSK6J,207.0,2.0,2024.0,2a,p,398.0,Hamirpur,VSI7HobT5qL,indicator_2,333,2
2023-09-01,Hamirpur Dhagwa,X8nyWuBobaz,GJKYhq2wR9L,215.0,2.0,2024.0,7a,p,398.0,Hamirpur,VSI7HobT5qL,indicator_7,333,7
2023-09-01,Hamirpur Dhagwa,X8nyWuBobaz,NI0EC5no6PO,399.0,2.0,2024.0,10a,p,398.0,Hamirpur,VSI7HobT5qL,indicator_10,333,10
2023-09-01,Hamirpur Muskura,Ye7mS631ryY,aRueVYr35yM.Ti9FJqkSK6J,270.0,2.0,2024.0,36b,p,401.0,Hamirpur,VSI7HobT5qL,indicator_36,763,36
2023-09-01,Hamirpur Muskura,Ye7mS631ryY,ixBYYYjxXPP,0.0,2.0,2024.0,36a,p,401.0,Hamirpur,VSI7HobT5qL,indicator_36,763,36
2023-09-01,Hamirpur Muskura,Ye7mS631ryY,ui45G8KwpzU.Ti9FJqkSK6J,248.0,2.0,2024.0,2a,p,401.0,Hamirpur,VSI7HobT5qL,indicator_2,763,2
2023-09-01,Hamirpur Muskura,Ye7mS631ryY,GJKYhq2wR9L,246.0,2.0,2024.0,7a,p,401.0,Hamirpur,VSI7HobT5qL,indicator_7,763,7
2023-09-01,Hamirpur Muskura,Ye7mS631ryY,NI0EC5no6PO,430.0,2.0,2024.0,10a,p,401.0,Hamirpur,VSI7HobT5qL,indicator_10,763,10
2023-09-01,Hamirpur Moudha,dDqSL7Hp2TV,aRueVYr35yM.Ti9FJqkSK6J,382.0,2.0,2024.0,36b,p,402.0,Hamirpur,VSI7HobT5qL,indicator_36,262,36
2023-09-01,Hamirpur Moudha,dDqSL7Hp2TV,ixBYYYjxXPP,382.0,2.0,2024.0,36a,p,402.0,Hamirpur,VSI7HobT5qL,indicator_36,262,36
2023-09-01,Hamirpur Moudha,dDqSL7Hp2TV,ui45G8KwpzU.Ti9FJqkSK6J,466.0,2.0,2024.0,2a,p,402.0,Hamirpur,VSI7HobT5qL,indicator_2,262,2
2023-09-01,Hamirpur Moudha,dDqSL7Hp2TV,GJKYhq2wR9L,442.0,2.0,2024.0,7a,p,402.0,Hamirpur,VSI7HobT5qL,indicator_7,262,7
2023-09-01,Hamirpur Moudha,dDqSL7Hp2TV,NI0EC5no6PO,643.0,2.0,2024.0,10a,p,402.0,Hamirpur,VSI7HobT5qL,indicator_10,262,10
2023-09-01,Hamirpur Sumerpur,q73Py9jt80A,aRueVYr35yM.Ti9FJqkSK6J,412.0,2.0,2024.0,36b,p,397.0,Hamirpur,VSI7HobT5qL,indicator_36,905,36
2023-09-01,Hamirpur Sumerpur,q73Py9jt80A,ixBYYYjxXPP,0.0,2.0,2024.0,36a,p,397.0,Hamirpur,VSI7HobT5qL,indicator_36,905,36
2023-09-01,Hamirpur Sumerpur,q73Py9jt80A,ui45G8KwpzU.Ti9FJqkSK6J,543.0,2.0,2024.0,2a,p,397.0,Hamirpur,VSI7HobT5qL,indicator_2,905,2
2023-09-01,Hamirpur Sumerpur,q73Py9jt80A,GJKYhq2wR9L,436.0,2.0,2024.0,7a,p,397.0,Hamirpur,VSI7HobT5qL,indicator_7,905,7
2023-09-01,Hamirpur Sumerpur,q73Py9jt80A,NI0EC5no6PO,927.0,2.0,2024.0,10a,p,397.0,Hamirpur,VSI7HobT5qL,indicator_10,905,10
2023-09-01,Ballia Pandah,F6ojCWU9pCH,aRueVYr35yM.Ti9FJqkSK6J,192.0,2.0,2024.0,36b,p,713.0,Ballia,oNDvGBE5fLq,indicator_36,604,36
2023-09-01,Ballia Pandah,F6ojCWU9pCH,ixBYYYjxXPP,28.0,2.0,2024.0,36a,p,713.0,Ballia,oNDvGBE5fLq,indicator_36,604,36
2023-09-01,Ballia Pandah,F6ojCWU9pCH,ui45G8KwpzU.Ti9FJqkSK6J,395.0,2.0,2024.0,2a,p,713.0,Ballia,oNDvGBE5fLq,indicator_2,604,2
2023-09-01,Ballia Pandah,F6ojCWU9pCH,GJKYhq2wR9L,350.0,2.0,2024.0,7a,p,713.0,Ballia,oNDvGBE5fLq,indicator_7,604,7
2023-09-01,Ballia Pandah,F6ojCWU9pCH,NI0EC5no6PO,410.0,2.0,2024.0,10a,p,713.0,Ballia,oNDvGBE5fLq,indicator_10,604,10
2023-09-01,Ballia Bansdih,G4HRu37srJN,aRueVYr35yM.Ti9FJqkSK6J,188.0,2.0,2024.0,36b,p,723.0,Ballia,oNDvGBE5fLq,indicator_36,80,36
2023-09-01,Ballia Bansdih,G4HRu37srJN,ixBYYYjxXPP,0.0,2.0,2024.0,36a,p,723.0,Ballia,oNDvGBE5fLq,indicator_36,80,36
2023-09-01,Ballia Bansdih,G4HRu37srJN,ui45G8KwpzU.Ti9FJqkSK6J,510.0,2.0,2024.0,2a,p,723.0,Ballia,oNDvGBE5fLq,indicator_2,80,2
2023-09-01,Ballia Bansdih,G4HRu37srJN,GJKYhq2wR9L,436.0,2.0,2024.0,7a,p,723.0,Ballia,oNDvGBE5fLq,indicator_7,80,7
2023-09-01,Ballia Bansdih,G4HRu37srJN,NI0EC5no6PO,687.0,2.0,2024.0,10a,p,723.0,Ballia,oNDvGBE5fLq,indicator_10,80,10
2023-09-01,Ballia Nagra,L91X7r5wkfW,aRueVYr35yM.Ti9FJqkSK6J,173.0,2.0,2024.0,36b,p,711.0,Ballia,oNDvGBE5fLq,indicator_36,752,36
2023-09-01,Ballia Nagra,L91X7r5wkfW,ixBYYYjxXPP,72.0,2.0,2024.0,36a,p,711.0,Ballia,oNDvGBE5fLq,indicator_36,752,36
2023-09-01,Ballia Nagra,L91X7r5wkfW,ui45G8KwpzU.Ti9FJqkSK6J,738.0,2.0,2024.0,2a,p,711.0,Ballia,oNDvGBE5fLq,indicator_2,752,2
2023-09-01,Ballia Nagra,L91X7r5wkfW,GJKYhq2wR9L,737.0,2.0,2024.0,7a,p,711.0,Ballia,oNDvGBE5fLq,indicator_7,752,7
2023-09-01,Ballia Nagra,L91X7r5wkfW,NI0EC5no6PO,776.0,2.0,2024.0,10a,p,711.0,Ballia,oNDvGBE5fLq,indicator_10,752,10
2023-09-01,Ballia Beruarbari,MTIyIVsTiFD,aRueVYr35yM.Ti9FJqkSK6J,249.0,2.0,2024.0,36b,p,722.0,Ballia,oNDvGBE5fLq,indicator_36,128,36
2023-09-01,Ballia Beruarbari,MTIyIVsTiFD,ui45G8KwpzU.Ti9FJqkSK6J,341.0,2.0,2024.0,2a,p,722.0,Ballia,oNDvGBE5fLq,indicator_2,128,2
2023-09-01,Ballia Beruarbari,MTIyIVsTiFD,GJKYhq2wR9L,308.0,2.0,2024.0,7a,p,722.0,Ballia,oNDvGBE5fLq,indicator_7,128,7
2023-09-01,Ballia Beruarbari,MTIyIVsTiFD,NI0EC5no6PO,376.0,2.0,2024.0,10a,p,722.0,Ballia,oNDvGBE5fLq,indicator_10,128,10
2023-09-01,Ballia DHQ,RHjnoE1DdVp,aRueVYr35yM.Ti9FJqkSK6J,1443.0,2.0,2024.0,36b,p,,Ballia,oNDvGBE5fLq,indicator_36,450,36
2023-09-01,Ballia DHQ,RHjnoE1DdVp,aRueVYr35yM.Ti9FJqkSK6J,0.0,2.0,2024.0,36b,p,,Ballia,oNDvGBE5fLq,indicator_36,450,36
2023-09-01,Ballia DHQ,RHjnoE1DdVp,ui45G8KwpzU.Ti9FJqkSK6J,0.0,2.0,2024.0,2a,p,,Ballia,oNDvGBE5fLq,indicator_2,450,2
2023-09-01,Ballia Bairiya,WZYAC5DYYJk,aRueVYr35yM.Ti9FJqkSK6J,217.0,2.0,2024.0,36b,p,725.0,Ballia,oNDvGBE5fLq,indicator_36,832,36
2023-09-01,Ballia Bairiya,WZYAC5DYYJk,ixBYYYjxXPP,0.0,2.0,2024.0,36a,p,725.0,Ballia,oNDvGBE5fLq,indicator_36,832,36
2023-09-01,Ballia Bairiya,WZYAC5DYYJk,ui45G8KwpzU.Ti9FJqkSK6J,496.0,2.0,2024.0,2a,p,725.0,Ballia,oNDvGBE5fLq,indicator_2,832,2
2023-09-01,Ballia Bairiya,WZYAC5DYYJk,GJKYhq2wR9L,453.0,2.0,2024.0,7a,p,725.0,Ballia,oNDvGBE5fLq,indicator_7,832,7
2023-09-01,Ballia Bairiya,WZYAC5DYYJk,NI0EC5no6PO,535.0,2.0,2024.0,10a,p,725.0,Ballia,oNDvGBE5fLq,indicator_10,832,10
2023-09-01,Ballia Reoti,ZEh2syBgHks,aRueVYr35yM.Ti9FJqkSK6J,184.0,2.0,2024.0,36b,p,724.0,Ballia,oNDvGBE5fLq,indicator_36,89,36
2023-09-01,Ballia Reoti,ZEh2syBgHks,ixBYYYjxXPP,150.0,2.0,2024.0,36a,p,724.0,Ballia,oNDvGBE5fLq,indicator_36,89,36
2023-09-01,Ballia Reoti,ZEh2syBgHks,ui45G8KwpzU.Ti9FJqkSK6J,559.0,2.0,2024.0,2a,p,724.0,Ballia,oNDvGBE5fLq,indicator_2,89,2
2023-09-01,Ballia Reoti,ZEh2syBgHks,GJKYhq2wR9L,466.0,2.0,2024.0,7a,p,724.0,Ballia,oNDvGBE5fLq,indicator_7,89,7
2023-09-01,Ballia Reoti,ZEh2syBgHks,NI0EC5no6PO,559.0,2.0,2024.0,10a,p,724.0,Ballia,oNDvGBE5fLq,indicator_10,89,10
2023-09-01,Ballia Sohaw,aNOBGjwlNho,aRueVYr35yM.Ti9FJqkSK6J,218.0,2.0,2024.0,36b,p,718.0,Ballia,oNDvGBE5fLq,indicator_36,676,36
2023-09-01,Ballia Sohaw,aNOBGjwlNho,ui45G8KwpzU.Ti9FJqkSK6J,431.0,2.0,2024.0,2a,p,718.0,Ballia,oNDvGBE5fLq,indicator_2,676,2
2023-09-01,Ballia Sohaw,aNOBGjwlNho,GJKYhq2wR9L,418.0,2.0,2024.0,7a,p,718.0,Ballia,oNDvGBE5fLq,indicator_7,676,7
2023-09-01,Ballia Sohaw,aNOBGjwlNho,NI0EC5no6PO,467.0,2.0,2024.0,10a,p,718.0,Ballia,oNDvGBE5fLq,indicator_10,676,10
2023-09-01,Ballia Dubhar,bmh3vNuN7xM,aRueVYr35yM.Ti9FJqkSK6J,174.0,2.0,2024.0,36b,p,720.0,Ballia,oNDvGBE5fLq,indicator_36,16,36
2023-09-01,Ballia Dubhar,bmh3vNuN7xM,ixBYYYjxXPP,75.0,2.0,2024.0,36a,p,720.0,Ballia,oNDvGBE5fLq,indicator_36,16,36
2023-09-01,Ballia Dubhar,bmh3vNuN7xM,ui45G8KwpzU.Ti9FJqkSK6J,514.0,2.0,2024.0,2a,p,720.0,Ballia,oNDvGBE5fLq,indicator_2,16,2
2023-09-01,Ballia Dubhar,bmh3vNuN7xM,GJKYhq2wR9L,447.0,2.0,2024.0,7a,p,720.0,Ballia,oNDvGBE5fLq,indicator_7,16,7
2023-09-01,Ballia Dubhar,bmh3vNuN7xM,NI0EC5no6PO,514.0,2.0,2024.0,10a,p,720.0,Ballia,oNDvGBE5fLq,indicator_10,16,10
2023-09-01,Ballia Hanumanganj,cu4HLxXXRm1,aRueVYr35yM.Ti9FJqkSK6J,728.0,2.0,2024.0,36b,p,719.0,Ballia,oNDvGBE5fLq,indicator_36,708,36
2023-09-01,Ballia Hanumanganj,cu4HLxXXRm1,ixBYYYjxXPP,150.0,2.0,2024.0,36a,p,719.0,Ballia,oNDvGBE5fLq,indicator_36,708,36
2023-09-01,Ballia Hanumanganj,cu4HLxXXRm1,ui45G8KwpzU.Ti9FJqkSK6J,1211.0,2.0,2024.0,2a,p,719.0,Ballia,oNDvGBE5fLq,indicator_2,708,2
2023-09-01,Ballia Hanumanganj,cu4HLxXXRm1,GJKYhq2wR9L,823.0,2.0,2024.0,7a,p,719.0,Ballia,oNDvGBE5fLq,indicator_7,708,7
2023-09-01,Ballia Hanumanganj,cu4HLxXXRm1,NI0EC5no6PO,1409.0,2.0,2024.0,10a,p,719.0,Ballia,oNDvGBE5fLq,indicator_10,708,10
2023-09-01,Ballia Maniyar,eFwNuT9zZod,aRueVYr35yM.Ti9FJqkSK6J,142.0,2.0,2024.0,36b,p,714.0,Ballia,oNDvGBE5fLq,indicator_36,348,36
2023-09-01,Ballia Maniyar,eFwNuT9zZod,ui45G8KwpzU.Ti9FJqkSK6J,448.0,2.0,2024.0,2a,p,714.0,Ballia,oNDvGBE5fLq,indicator_2,348,2
2023-09-01,Ballia Maniyar,eFwNuT9zZod,GJKYhq2wR9L,421.0,2.0,2024.0,7a,p,714.0,Ballia,oNDvGBE5fLq,indicator_7,348,7
2023-09-01,Ballia Maniyar,eFwNuT9zZod,NI0EC5no6PO,413.0,2.0,2024.0,10a,p,714.0,Ballia,oNDvGBE5fLq,indicator_10,348,10
2023-09-01,Ballia Garwar,jh6PK3SOcHL,aRueVYr35yM.Ti9FJqkSK6J,160.0,2.0,2024.0,36b,p,717.0,Ballia,oNDvGBE5fLq,indicator_36,570,36
2023-09-01,Ballia Garwar,jh6PK3SOcHL,ixBYYYjxXPP,119.0,2.0,2024.0,36a,p,717.0,Ballia,oNDvGBE5fLq,indicator_36,570,36
2023-09-01,Ballia Garwar,jh6PK3SOcHL,ui45G8KwpzU.Ti9FJqkSK6J,447.0,2.0,2024.0,2a,p,717.0,Ballia,oNDvGBE5fLq,indicator_2,570,2
2023-09-01,Ballia Garwar,jh6PK3SOcHL,GJKYhq2wR9L,399.0,2.0,2024.0,7a,p,717.0,Ballia,oNDvGBE5fLq,indicator_7,570,7
2023-09-01,Ballia Garwar,jh6PK3SOcHL,NI0EC5no6PO,472.0,2.0,2024.0,10a,p,717.0,Ballia,oNDvGBE5fLq,indicator_10,570,10
2023-09-01,Ballia Navanagar,kepTOn7He9W,aRueVYr35yM.Ti9FJqkSK6J,266.0,2.0,2024.0,36b,p,712.0,Ballia,oNDvGBE5fLq,indicator_36,472,36
2023-09-01,Ballia Navanagar,kepTOn7He9W,ixBYYYjxXPP,123.0,2.0,2024.0,36a,p,712.0,Ballia,oNDvGBE5fLq,indicator_36,472,36
2023-09-01,Ballia Navanagar,kepTOn7He9W,ui45G8KwpzU.Ti9FJqkSK6J,539.0,2.0,2024.0,2a,p,712.0,Ballia,oNDvGBE5fLq,indicator_2,472,2
2023-09-01,Ballia Navanagar,kepTOn7He9W,GJKYhq2wR9L,538.0,2.0,2024.0,7a,p,712.0,Ballia,oNDvGBE5fLq,indicator_7,472,7
2023-09-01,Ballia Navanagar,kepTOn7He9W,NI0EC5no6PO,989.0,2.0,2024.0,10a,p,712.0,Ballia,oNDvGBE5fLq,indicator_10,472,10
2023-09-01,Ballia Chilkahar,lLzGu8T43H8,aRueVYr35yM.Ti9FJqkSK6J,154.0,2.0,2024.0,36b,p,716.0,Ballia,oNDvGBE5fLq,indicator_36,852,36
2023-09-01,Ballia Chilkahar,lLzGu8T43H8,ui45G8KwpzU.Ti9FJqkSK6J,476.0,2.0,2024.0,2a,p,716.0,Ballia,oNDvGBE5fLq,indicator_2,852,2
2023-09-01,Ballia Chilkahar,lLzGu8T43H8,GJKYhq2wR9L,469.0,2.0,2024.0,7a,p,716.0,Ballia,oNDvGBE5fLq,indicator_7,852,7
2023-09-01,Ballia Chilkahar,lLzGu8T43H8,NI0EC5no6PO,514.0,2.0,2024.0,10a,p,716.0,Ballia,oNDvGBE5fLq,indicator_10,852,10
2023-09-01,Ballia Siar,mH7MZIxUv1s,aRueVYr35yM.Ti9FJqkSK6J,242.0,2.0,2024.0,36b,p,710.0,Ballia,oNDvGBE5fLq,indicator_36,205,36
2023-09-01,Ballia Siar,mH7MZIxUv1s,ixBYYYjxXPP,147.0,2.0,2024.0,36a,p,710.0,Ballia,oNDvGBE5fLq,indicator_36,205,36
2023-09-01,Ballia Siar,mH7MZIxUv1s,ui45G8KwpzU.Ti9FJqkSK6J,664.0,2.0,2024.0,2a,p,710.0,Ballia,oNDvGBE5fLq,indicator_2,205,2
2023-09-01,Ballia Siar,mH7MZIxUv1s,GJKYhq2wR9L,614.0,2.0,2024.0,7a,p,710.0,Ballia,oNDvGBE5fLq,indicator_7,205,7
2023-09-01,Ballia Siar,mH7MZIxUv1s,NI0EC5no6PO,640.0,2.0,2024.0,10a,p,710.0,Ballia,oNDvGBE5fLq,indicator_10,205,10
2023-09-01,Ballia Bellhri,s2dEYvDCkAZ,aRueVYr35yM.Ti9FJqkSK6J,169.0,2.0,2024.0,36b,p,721.0,Ballia,oNDvGBE5fLq,indicator_36,868,36
2023-09-01,Ballia Bellhri,s2dEYvDCkAZ,ui45G8KwpzU.Ti9FJqkSK6J,390.0,2.0,2024.0,2a,p,721.0,Ballia,oNDvGBE5fLq,indicator_2,868,2
2023-09-01,Ballia Bellhri,s2dEYvDCkAZ,GJKYhq2wR9L,295.0,2.0,2024.0,7a,p,721.0,Ballia,oNDvGBE5fLq,indicator_7,868,7
2023-09-01,Ballia Bellhri,s2dEYvDCkAZ,NI0EC5no6PO,453.0,2.0,2024.0,10a,p,721.0,Ballia,oNDvGBE5fLq,indicator_10,868,10
2023-09-01,Ballia Rasra,tws6xITzNhV,aRueVYr35yM.Ti9FJqkSK6J,324.0,2.0,2024.0,36b,p,715.0,Ballia,oNDvGBE5fLq,indicator_36,447,36
2023-09-01,Ballia Rasra,tws6xITzNhV,ixBYYYjxXPP,0.0,2.0,2024.0,36a,p,715.0,Ballia,oNDvGBE5fLq,indicator_36,447,36
2023-09-01,Ballia Rasra,tws6xITzNhV,ui45G8KwpzU.Ti9FJqkSK6J,648.0,2.0,2024.0,2a,p,715.0,Ballia,oNDvGBE5fLq,indicator_2,447,2
2023-09-01,Ballia Rasra,tws6xITzNhV,GJKYhq2wR9L,570.0,2.0,2024.0,7a,p,715.0,Ballia,oNDvGBE5fLq,indicator_7,447,7
2023-09-01,Ballia Rasra,tws6xITzNhV,NI0EC5no6PO,932.0,2.0,2024.0,10a,p,715.0,Ballia,oNDvGBE5fLq,indicator_10,447,10
2023-09-01,Ballia Murli Chhapra,wn2e7ufbuPd,aRueVYr35yM.Ti9FJqkSK6J,228.0,2.0,2024.0,36b,p,726.0,Ballia,oNDvGBE5fLq,indicator_36,122,36
2023-09-01,Ballia Murli Chhapra,wn2e7ufbuPd,ixBYYYjxXPP,144.0,2.0,2024.0,36a,p,726.0,Ballia,oNDvGBE5fLq,indicator_36,122,36
2023-09-01,Ballia Murli Chhapra,wn2e7ufbuPd,ui45G8KwpzU.Ti9FJqkSK6J,414.0,2.0,2024.0,2a,p,726.0,Ballia,oNDvGBE5fLq,indicator_2,122,2
2023-09-01,Ballia Murli Chhapra,wn2e7ufbuPd,GJKYhq2wR9L,347.0,2.0,2024.0,7a,p,726.0,Ballia,oNDvGBE5fLq,indicator_7,122,7
2023-09-01,Ballia Murli Chhapra,wn2e7ufbuPd,NI0EC5no6PO,414.0,2.0,2024.0,10a,p,726.0,Ballia,oNDvGBE5fLq,indicator_10,122,10
2023-09-01,Gautam Buddha Nagar Dankaur,FGqvmr1orP5,aRueVYr35yM.Ti9FJqkSK6J,131.0,2.0,2024.0,36b,p,90.0,Gautam Buddha Nagar,bNmwkrQeP3e,indicator_36,685,36
2023-09-01,Gautam Buddha Nagar Dankaur,FGqvmr1orP5,ixBYYYjxXPP,114.0,2.0,2024.0,36a,p,90.0,Gautam Buddha Nagar,bNmwkrQeP3e,indicator_36,685,36
2023-09-01,Gautam Buddha Nagar Dankaur,FGqvmr1orP5,ui45G8KwpzU.Ti9FJqkSK6J,446.0,2.0,2024.0,2a,p,90.0,Gautam Buddha Nagar,bNmwkrQeP3e,indicator_2,685,2
2023-09-01,Gautam Buddha Nagar Dankaur,FGqvmr1orP5,GJKYhq2wR9L,699.0,2.0,2024.0,7a,p,90.0,Gautam Buddha Nagar,bNmwkrQeP3e,indicator_7,685,7
2023-09-01,Gautam Buddha Nagar Dankaur,FGqvmr1orP5,NI0EC5no6PO,783.0,2.0,2024.0,10a,p,90.0,Gautam Buddha Nagar,bNmwkrQeP3e,indicator_10,685,10
2023-09-01,Gautam Buddha Nagar DHQ,H3RUhD0AAjW,aRueVYr35yM.Ti9FJqkSK6J,4554.0,2.0,2024.0,36b,p,,Gautam Buddha Nagar,bNmwkrQeP3e,indicator_36,796,36
2023-09-01,Gautam Buddha Nagar DHQ,H3RUhD0AAjW,ixBYYYjxXPP,330.0,2.0,2024.0,36a,p,,Gautam Buddha Nagar,bNmwkrQeP3e,indicator_36,796,36
2023-09-01,Gautam Buddha Nagar DHQ,H3RUhD0AAjW,aRueVYr35yM.Ti9FJqkSK6J,1086.0,2.0,2024.0,36b,p,,Gautam Buddha Nagar,bNmwkrQeP3e,indicator_36,796,36
2023-09-01,Gautam Buddha Nagar DHQ,H3RUhD0AAjW,ui45G8KwpzU.Ti9FJqkSK6J,1846.0,2.0,2024.0,2a,p,,Gautam Buddha Nagar,bNmwkrQeP3e,indicator_2,796,2
2023-09-01,Gautam Buddha Nagar DHQ,H3RUhD0AAjW,GJKYhq2wR9L,2390.0,2.0,2024.0,7a,p,,Gautam Buddha Nagar,bNmwkrQeP3e,indicator_7,796,7
2023-09-01,Gautam Buddha Nagar DHQ,H3RUhD0AAjW,NI0EC5no6PO,2803.0,2.0,2024.0,10a,p,,Gautam Buddha Nagar,bNmwkrQeP3e,indicator_10,796,10
2023-09-01,Gautam Buddha Nagar Jever,dnrD7zqEOQ2,aRueVYr35yM.Ti9FJqkSK6J,242.0,2.0,2024.0,36b,p,91.0,Gautam Buddha Nagar,bNmwkrQeP3e,indicator_36,753,36
2023-09-01,Gautam Buddha Nagar Jever,dnrD7zqEOQ2,ixBYYYjxXPP,230.0,2.0,2024.0,36a,p,91.0,Gautam Buddha Nagar,bNmwkrQeP3e,indicator_36,753,36
2023-09-01,Gautam Buddha Nagar Jever,dnrD7zqEOQ2,ui45G8KwpzU.Ti9FJqkSK6J,336.0,2.0,2024.0,2a,p,91.0,Gautam Buddha Nagar,bNmwkrQeP3e,indicator_2,753,2
2023-09-01,Gautam Buddha Nagar Jever,dnrD7zqEOQ2,GJKYhq2wR9L,521.0,2.0,2024.0,7a,p,91.0,Gautam Buddha Nagar,bNmwkrQeP3e,indicator_7,753,7
2023-09-01,Gautam Buddha Nagar Jever,dnrD7zqEOQ2,NI0EC5no6PO,400.0,2.0,2024.0,10a,p,91.0,Gautam Buddha Nagar,bNmwkrQeP3e,indicator_10,753,10
2023-09-01,Gautam Buddha Nagar Dadri,kRWfFb08HmE,aRueVYr35yM.Ti9FJqkSK6J,88.0,2.0,2024.0,36b,p,89.0,Gautam Buddha Nagar,bNmwkrQeP3e,indicator_36,127,36
2023-09-01,Gautam Buddha Nagar Dadri,kRWfFb08HmE,ixBYYYjxXPP,82.0,2.0,2024.0,36a,p,89.0,Gautam Buddha Nagar,bNmwkrQeP3e,indicator_36,127,36
2023-09-01,Gautam Buddha Nagar Dadri,kRWfFb08HmE,ui45G8KwpzU.Ti9FJqkSK6J,482.0,2.0,2024.0,2a,p,89.0,Gautam Buddha Nagar,bNmwkrQeP3e,indicator_2,127,2
2023-09-01,Gautam Buddha Nagar Dadri,kRWfFb08HmE,GJKYhq2wR9L,490.0,2.0,2024.0,7a,p,89.0,Gautam Buddha Nagar,bNmwkrQeP3e,indicator_7,127,7
2023-09-01,Gautam Buddha Nagar Dadri,kRWfFb08HmE,NI0EC5no6PO,323.0,2.0,2024.0,10a,p,89.0,Gautam Buddha Nagar,bNmwkrQeP3e,indicator_10,127,10
2023-09-01,Gautam Buddha Nagar Bisrakh,y9wSctfMKAu,aRueVYr35yM.Ti9FJqkSK6J,539.0,2.0,2024.0,36b,p,88.0,Gautam Buddha Nagar,bNmwkrQeP3e,indicator_36,190,36
2023-09-01,Gautam Buddha Nagar Bisrakh,y9wSctfMKAu,ixBYYYjxXPP,246.0,2.0,2024.0,36a,p,88.0,Gautam Buddha Nagar,bNmwkrQeP3e,indicator_36,190,36
2023-09-01,Gautam Buddha Nagar Bisrakh,y9wSctfMKAu,ui45G8KwpzU.Ti9FJqkSK6J,1547.0,2.0,2024.0,2a,p,88.0,Gautam Buddha Nagar,bNmwkrQeP3e,indicator_2,190,2
2023-09-01,Gautam Buddha Nagar Bisrakh,y9wSctfMKAu,GJKYhq2wR9L,1510.0,2.0,2024.0,7a,p,88.0,Gautam Buddha Nagar,bNmwkrQeP3e,indicator_7,190,7
2023-09-01,Gautam Buddha Nagar Bisrakh,y9wSctfMKAu,NI0EC5no6PO,1660.0,2.0,2024.0,10a,p,88.0,Gautam Buddha Nagar,bNmwkrQeP3e,indicator_10,190,10
2023-09-01,Meerut MEERUT,FX5OPO64IaR,aRueVYr35yM.Ti9FJqkSK6J,125.0,2.0,2024.0,36b,p,71.0,Meerut,v8YGmR7nOdj,indicator_36,367,36
2023-09-01,Meerut MEERUT,FX5OPO64IaR,ixBYYYjxXPP,80.0,2.0,2024.0,36a,p,71.0,Meerut,v8YGmR7nOdj,indicator_36,367,36
2023-09-01,Meerut MEERUT,FX5OPO64IaR,ui45G8KwpzU.Ti9FJqkSK6J,238.0,2.0,2024.0,2a,p,71.0,Meerut,v8YGmR7nOdj,indicator_2,367,2
2023-09-01,Meerut MEERUT,FX5OPO64IaR,GJKYhq2wR9L,231.0,2.0,2024.0,7a,p,71.0,Meerut,v8YGmR7nOdj,indicator_7,367,7
2023-09-01,Meerut MEERUT,FX5OPO64IaR,NI0EC5no6PO,449.0,2.0,2024.0,10a,p,71.0,Meerut,v8YGmR7nOdj,indicator_10,367,10
2023-09-01,Meerut Kharkhoda,KHpYLDYW8Pp,aRueVYr35yM.Ti9FJqkSK6J,119.0,2.0,2024.0,36b,p,73.0,Meerut,v8YGmR7nOdj,indicator_36,99,36
2023-09-01,Meerut Kharkhoda,KHpYLDYW8Pp,ixBYYYjxXPP,60.0,2.0,2024.0,36a,p,73.0,Meerut,v8YGmR7nOdj,indicator_36,99,36
2023-09-01,Meerut Kharkhoda,KHpYLDYW8Pp,ui45G8KwpzU.Ti9FJqkSK6J,467.0,2.0,2024.0,2a,p,73.0,Meerut,v8YGmR7nOdj,indicator_2,99,2
2023-09-01,Meerut Kharkhoda,KHpYLDYW8Pp,GJKYhq2wR9L,423.0,2.0,2024.0,7a,p,73.0,Meerut,v8YGmR7nOdj,indicator_7,99,7
2023-09-01,Meerut Kharkhoda,KHpYLDYW8Pp,NI0EC5no6PO,524.0,2.0,2024.0,10a,p,73.0,Meerut,v8YGmR7nOdj,indicator_10,99,10
2023-09-01,Meerut Hastinapur,MK6uVgXBbvK,aRueVYr35yM.Ti9FJqkSK6J,63.0,2.0,2024.0,36b,p,66.0,Meerut,v8YGmR7nOdj,indicator_36,59,36
2023-09-01,Meerut Hastinapur,MK6uVgXBbvK,ixBYYYjxXPP,41.0,2.0,2024.0,36a,p,66.0,Meerut,v8YGmR7nOdj,indicator_36,59,36
2023-09-01,Meerut Hastinapur,MK6uVgXBbvK,ui45G8KwpzU.Ti9FJqkSK6J,403.0,2.0,2024.0,2a,p,66.0,Meerut,v8YGmR7nOdj,indicator_2,59,2
2023-09-01,Meerut Hastinapur,MK6uVgXBbvK,GJKYhq2wR9L,413.0,2.0,2024.0,7a,p,66.0,Meerut,v8YGmR7nOdj,indicator_7,59,7
2023-09-01,Meerut Hastinapur,MK6uVgXBbvK,NI0EC5no6PO,497.0,2.0,2024.0,10a,p,66.0,Meerut,v8YGmR7nOdj,indicator_10,59,10
2023-09-01,Meerut Jani Khurd,Sl9Xsytpbd8,aRueVYr35yM.Ti9FJqkSK6J,130.0,2.0,2024.0,36b,p,70.0,Meerut,v8YGmR7nOdj,indicator_36,156,36
2023-09-01,Meerut Jani Khurd,Sl9Xsytpbd8,ixBYYYjxXPP,114.0,2.0,2024.0,36a,p,70.0,Meerut,v8YGmR7nOdj,indicator_36,156,36
2023-09-01,Meerut Jani Khurd,Sl9Xsytpbd8,ui45G8KwpzU.Ti9FJqkSK6J,496.0,2.0,2024.0,2a,p,70.0,Meerut,v8YGmR7nOdj,indicator_2,156,2
2023-09-01,Meerut Jani Khurd,Sl9Xsytpbd8,GJKYhq2wR9L,458.0,2.0,2024.0,7a,p,70.0,Meerut,v8YGmR7nOdj,indicator_7,156,7
2023-09-01,Meerut Jani Khurd,Sl9Xsytpbd8,NI0EC5no6PO,581.0,2.0,2024.0,10a,p,70.0,Meerut,v8YGmR7nOdj,indicator_10,156,10
2023-09-01,Meerut Rajpura,Vqeqm6XaBle,aRueVYr35yM.Ti9FJqkSK6J,93.0,2.0,2024.0,36b,p,72.0,Meerut,v8YGmR7nOdj,indicator_36,134,36
2023-09-01,Meerut Rajpura,Vqeqm6XaBle,ixBYYYjxXPP,65.0,2.0,2024.0,36a,p,72.0,Meerut,v8YGmR7nOdj,indicator_36,134,36
2023-09-01,Meerut Rajpura,Vqeqm6XaBle,ui45G8KwpzU.Ti9FJqkSK6J,418.0,2.0,2024.0,2a,p,72.0,Meerut,v8YGmR7nOdj,indicator_2,134,2
2023-09-01,Meerut Rajpura,Vqeqm6XaBle,GJKYhq2wR9L,416.0,2.0,2024.0,7a,p,72.0,Meerut,v8YGmR7nOdj,indicator_7,134,7
2023-09-01,Meerut Rajpura,Vqeqm6XaBle,NI0EC5no6PO,403.0,2.0,2024.0,10a,p,72.0,Meerut,v8YGmR7nOdj,indicator_10,134,10
2023-09-01,Meerut Daurala,adk9clLdGC3,aRueVYr35yM.Ti9FJqkSK6J,149.0,2.0,2024.0,36b,p,64.0,Meerut,v8YGmR7nOdj,indicator_36,589,36
2023-09-01,Meerut Daurala,adk9clLdGC3,ixBYYYjxXPP,149.0,2.0,2024.0,36a,p,64.0,Meerut,v8YGmR7nOdj,indicator_36,589,36
2023-09-01,Meerut Daurala,adk9clLdGC3,ui45G8KwpzU.Ti9FJqkSK6J,684.0,2.0,2024.0,2a,p,64.0,Meerut,v8YGmR7nOdj,indicator_2,589,2
2023-09-01,Meerut Daurala,adk9clLdGC3,GJKYhq2wR9L,442.0,2.0,2024.0,7a,p,64.0,Meerut,v8YGmR7nOdj,indicator_7,589,7
2023-09-01,Meerut Daurala,adk9clLdGC3,NI0EC5no6PO,835.0,2.0,2024.0,10a,p,64.0,Meerut,v8YGmR7nOdj,indicator_10,589,10
2023-09-01,Meerut Saroorpur,cRH5g6dZ1xf,aRueVYr35yM.Ti9FJqkSK6J,211.0,2.0,2024.0,36b,p,62.0,Meerut,v8YGmR7nOdj,indicator_36,3,36
2023-09-01,Meerut Saroorpur,cRH5g6dZ1xf,ixBYYYjxXPP,211.0,2.0,2024.0,36a,p,62.0,Meerut,v8YGmR7nOdj,indicator_36,3,36
2023-09-01,Meerut Saroorpur,cRH5g6dZ1xf,ui45G8KwpzU.Ti9FJqkSK6J,476.0,2.0,2024.0,2a,p,62.0,Meerut,v8YGmR7nOdj,indicator_2,3,2
2023-09-01,Meerut Saroorpur,cRH5g6dZ1xf,GJKYhq2wR9L,493.0,2.0,2024.0,7a,p,62.0,Meerut,v8YGmR7nOdj,indicator_7,3,7
2023-09-01,Meerut Saroorpur,cRH5g6dZ1xf,NI0EC5no6PO,731.0,2.0,2024.0,10a,p,62.0,Meerut,v8YGmR7nOdj,indicator_10,3,10
2023-09-01,Meerut Rohta,nSWcYd5JkhS,aRueVYr35yM.Ti9FJqkSK6J,103.0,2.0,2024.0,36b,p,69.0,Meerut,v8YGmR7nOdj,indicator_36,217,36
2023-09-01,Meerut Rohta,nSWcYd5JkhS,ixBYYYjxXPP,69.0,2.0,2024.0,36a,p,69.0,Meerut,v8YGmR7nOdj,indicator_36,217,36
2023-09-01,Meerut Rohta,nSWcYd5JkhS,ui45G8KwpzU.Ti9FJqkSK6J,313.0,2.0,2024.0,2a,p,69.0,Meerut,v8YGmR7nOdj,indicator_2,217,2
2023-09-01,Meerut Rohta,nSWcYd5JkhS,GJKYhq2wR9L,292.0,2.0,2024.0,7a,p,69.0,Meerut,v8YGmR7nOdj,indicator_7,217,7
2023-09-01,Meerut Rohta,nSWcYd5JkhS,NI0EC5no6PO,313.0,2.0,2024.0,10a,p,69.0,Meerut,v8YGmR7nOdj,indicator_10,217,10
2023-09-01,Meerut Parikshatgarh,oNOcph5dm8a,aRueVYr35yM.Ti9FJqkSK6J,68.0,2.0,2024.0,36b,p,67.0,Meerut,v8YGmR7nOdj,indicator_36,772,36
2023-09-01,Meerut Parikshatgarh,oNOcph5dm8a,ui45G8KwpzU.Ti9FJqkSK6J,514.0,2.0,2024.0,2a,p,67.0,Meerut,v8YGmR7nOdj,indicator_2,772,2
2023-09-01,Meerut Parikshatgarh,oNOcph5dm8a,GJKYhq2wR9L,560.0,2.0,2024.0,7a,p,67.0,Meerut,v8YGmR7nOdj,indicator_7,772,7
2023-09-01,Meerut Parikshatgarh,oNOcph5dm8a,NI0EC5no6PO,924.0,2.0,2024.0,10a,p,67.0,Meerut,v8YGmR7nOdj,indicator_10,772,10
2023-09-01,Meerut Machra,qeUdKRqslg0,aRueVYr35yM.Ti9FJqkSK6J,63.0,2.0,2024.0,36b,p,68.0,Meerut,v8YGmR7nOdj,indicator_36,95,36
2023-09-01,Meerut Machra,qeUdKRqslg0,ixBYYYjxXPP,71.0,2.0,2024.0,36a,p,68.0,Meerut,v8YGmR7nOdj,indicator_36,95,36
2023-09-01,Meerut Machra,qeUdKRqslg0,ui45G8KwpzU.Ti9FJqkSK6J,481.0,2.0,2024.0,2a,p,68.0,Meerut,v8YGmR7nOdj,indicator_2,95,2
2023-09-01,Meerut Machra,qeUdKRqslg0,GJKYhq2wR9L,443.0,2.0,2024.0,7a,p,68.0,Meerut,v8YGmR7nOdj,indicator_7,95,7
2023-09-01,Meerut Machra,qeUdKRqslg0,NI0EC5no6PO,448.0,2.0,2024.0,10a,p,68.0,Meerut,v8YGmR7nOdj,indicator_10,95,10
2023-09-01,Meerut DHQ,yzzRWFcfXzt,aRueVYr35yM.Ti9FJqkSK6J,981.0,2.0,2024.0,36b,p,,Meerut,v8YGmR7nOdj,indicator_36,275,36
2023-09-01,Meerut DHQ,yzzRWFcfXzt,ixBYYYjxXPP,309.0,2.0,2024.0,36a,p,,Meerut,v8YGmR7nOdj,indicator_36,275,36
2023-09-01,Meerut DHQ,yzzRWFcfXzt,ui45G8KwpzU.Ti9FJqkSK6J,1268.0,2.0,2024.0,2a,p,,Meerut,v8YGmR7nOdj,indicator_2,275,2
2023-09-01,Meerut DHQ,yzzRWFcfXzt,GJKYhq2wR9L,3641.0,2.0,2024.0,7a,p,,Meerut,v8YGmR7nOdj,indicator_7,275,7
2023-09-01,Meerut DHQ,yzzRWFcfXzt,NI0EC5no6PO,2078.0,2.0,2024.0,10a,p,,Meerut,v8YGmR7nOdj,indicator_10,275,10
2023-09-01,Meerut MAWANA,zoMU7oDZFvZ,aRueVYr35yM.Ti9FJqkSK6J,276.0,2.0,2024.0,36b,p,65.0,Meerut,v8YGmR7nOdj,indicator_36,509,36
2023-09-01,Meerut MAWANA,zoMU7oDZFvZ,ixBYYYjxXPP,248.0,2.0,2024.0,36a,p,65.0,Meerut,v8YGmR7nOdj,indicator_36,509,36
2023-09-01,Meerut MAWANA,zoMU7oDZFvZ,ui45G8KwpzU.Ti9FJqkSK6J,651.0,2.0,2024.0,2a,p,65.0,Meerut,v8YGmR7nOdj,indicator_2,509,2
2023-09-01,Meerut MAWANA,zoMU7oDZFvZ,GJKYhq2wR9L,350.0,2.0,2024.0,7a,p,65.0,Meerut,v8YGmR7nOdj,indicator_7,509,7
2023-09-01,Meerut MAWANA,zoMU7oDZFvZ,NI0EC5no6PO,782.0,2.0,2024.0,10a,p,65.0,Meerut,v8YGmR7nOdj,indicator_10,509,10
2023-09-01,Meerut Sardhana,zpWs8PEVrYv,aRueVYr35yM.Ti9FJqkSK6J,256.0,2.0,2024.0,36b,p,63.0,Meerut,v8YGmR7nOdj,indicator_36,289,36
2023-09-01,Meerut Sardhana,zpWs8PEVrYv,ixBYYYjxXPP,231.0,2.0,2024.0,36a,p,63.0,Meerut,v8YGmR7nOdj,indicator_36,289,36
2023-09-01,Meerut Sardhana,zpWs8PEVrYv,ui45G8KwpzU.Ti9FJqkSK6J,836.0,2.0,2024.0,2a,p,63.0,Meerut,v8YGmR7nOdj,indicator_2,289,2
2023-09-01,Meerut Sardhana,zpWs8PEVrYv,GJKYhq2wR9L,384.0,2.0,2024.0,7a,p,63.0,Meerut,v8YGmR7nOdj,indicator_7,289,7
2023-09-01,Meerut Sardhana,zpWs8PEVrYv,NI0EC5no6PO,536.0,2.0,2024.0,10a,p,63.0,Meerut,v8YGmR7nOdj,indicator_10,289,10
2023-09-01,Pilana,FXgVpTS1KKY,aRueVYr35yM.Ti9FJqkSK6J,334.0,2.0,2024.0,36b,p,78.0,Bagpat,HJIS3IrQ0Nj,indicator_36,182,36
2023-09-01,Pilana,FXgVpTS1KKY,ixBYYYjxXPP,229.0,2.0,2024.0,36a,p,78.0,Bagpat,HJIS3IrQ0Nj,indicator_36,182,36
2023-09-01,Pilana,FXgVpTS1KKY,aRueVYr35yM.Ti9FJqkSK6J,232.0,2.0,2024.0,36b,p,78.0,Bagpat,HJIS3IrQ0Nj,indicator_36,182,36
2023-09-01,Pilana,FXgVpTS1KKY,ui45G8KwpzU.Ti9FJqkSK6J,319.0,2.0,2024.0,2a,p,78.0,Bagpat,HJIS3IrQ0Nj,indicator_2,182,2
2023-09-01,Pilana,FXgVpTS1KKY,GJKYhq2wR9L,415.0,2.0,2024.0,7a,p,78.0,Bagpat,HJIS3IrQ0Nj,indicator_7,182,7
2023-09-01,Pilana,FXgVpTS1KKY,NI0EC5no6PO,526.0,2.0,2024.0,10a,p,78.0,Bagpat,HJIS3IrQ0Nj,indicator_10,182,10
2023-09-01,Khekra,Ga0Whh9BsGr,aRueVYr35yM.Ti9FJqkSK6J,227.0,2.0,2024.0,36b,p,79.0,Bagpat,HJIS3IrQ0Nj,indicator_36,243,36
2023-09-01,Khekra,Ga0Whh9BsGr,ixBYYYjxXPP,76.0,2.0,2024.0,36a,p,79.0,Bagpat,HJIS3IrQ0Nj,indicator_36,243,36
2023-09-01,Khekra,Ga0Whh9BsGr,aRueVYr35yM.Ti9FJqkSK6J,98.0,2.0,2024.0,36b,p,79.0,Bagpat,HJIS3IrQ0Nj,indicator_36,243,36
2023-09-01,Khekra,Ga0Whh9BsGr,ui45G8KwpzU.Ti9FJqkSK6J,298.0,2.0,2024.0,2a,p,79.0,Bagpat,HJIS3IrQ0Nj,indicator_2,243,2
2023-09-01,Khekra,Ga0Whh9BsGr,GJKYhq2wR9L,420.0,2.0,2024.0,7a,p,79.0,Bagpat,HJIS3IrQ0Nj,indicator_7,243,7
2023-09-01,Khekra,Ga0Whh9BsGr,NI0EC5no6PO,195.0,2.0,2024.0,10a,p,79.0,Bagpat,HJIS3IrQ0Nj,indicator_10,243,10
2023-09-01,Baraut,JIEAUI17z3o,aRueVYr35yM.Ti9FJqkSK6J,2500.0,2.0,2024.0,36b,p,75.0,Bagpat,HJIS3IrQ0Nj,indicator_36,870,36
2023-09-01,Baraut,JIEAUI17z3o,ixBYYYjxXPP,270.0,2.0,2024.0,36a,p,75.0,Bagpat,HJIS3IrQ0Nj,indicator_36,870,36
2023-09-01,Baraut,JIEAUI17z3o,aRueVYr35yM.Ti9FJqkSK6J,300.0,2.0,2024.0,36b,p,75.0,Bagpat,HJIS3IrQ0Nj,indicator_36,870,36
2023-09-01,Baraut,JIEAUI17z3o,ui45G8KwpzU.Ti9FJqkSK6J,623.0,2.0,2024.0,2a,p,75.0,Bagpat,HJIS3IrQ0Nj,indicator_2,870,2
2023-09-01,Baraut,JIEAUI17z3o,GJKYhq2wR9L,539.0,2.0,2024.0,7a,p,75.0,Bagpat,HJIS3IrQ0Nj,indicator_7,870,7
2023-09-01,Baraut,JIEAUI17z3o,NI0EC5no6PO,1143.0,2.0,2024.0,10a,p,75.0,Bagpat,HJIS3IrQ0Nj,indicator_10,870,10
2023-09-01,Binauli,h3yrIIH1cGT,aRueVYr35yM.Ti9FJqkSK6J,153.0,2.0,2024.0,36b,p,76.0,Bagpat,HJIS3IrQ0Nj,indicator_36,475,36
2023-09-01,Binauli,h3yrIIH1cGT,ixBYYYjxXPP,112.0,2.0,2024.0,36a,p,76.0,Bagpat,HJIS3IrQ0Nj,indicator_36,475,36
2023-09-01,Binauli,h3yrIIH1cGT,aRueVYr35yM.Ti9FJqkSK6J,109.0,2.0,2024.0,36b,p,76.0,Bagpat,HJIS3IrQ0Nj,indicator_36,475,36
2023-09-01,Binauli,h3yrIIH1cGT,ui45G8KwpzU.Ti9FJqkSK6J,554.0,2.0,2024.0,2a,p,76.0,Bagpat,HJIS3IrQ0Nj,indicator_2,475,2
2023-09-01,Binauli,h3yrIIH1cGT,GJKYhq2wR9L,566.0,2.0,2024.0,7a,p,76.0,Bagpat,HJIS3IrQ0Nj,indicator_7,475,7
2023-09-01,Binauli,h3yrIIH1cGT,NI0EC5no6PO,649.0,2.0,2024.0,10a,p,76.0,Bagpat,HJIS3IrQ0Nj,indicator_10,475,10
2023-09-01,Bagpat DHQ,kaWQCx3sgxl,aRueVYr35yM.Ti9FJqkSK6J,350.0,2.0,2024.0,36b,p,,Bagpat,HJIS3IrQ0Nj,indicator_36,176,36
2023-09-01,Bagpat DHQ,kaWQCx3sgxl,ixBYYYjxXPP,313.0,2.0,2024.0,36a,p,,Bagpat,HJIS3IrQ0Nj,indicator_36,176,36
2023-09-01,Bagpat DHQ,kaWQCx3sgxl,ui45G8KwpzU.Ti9FJqkSK6J,461.0,2.0,2024.0,2a,p,,Bagpat,HJIS3IrQ0Nj,indicator_2,176,2
2023-09-01,Bagpat DHQ,kaWQCx3sgxl,GJKYhq2wR9L,359.0,2.0,2024.0,7a,p,,Bagpat,HJIS3IrQ0Nj,indicator_7,176,7
2023-09-01,Bagpat DHQ,kaWQCx3sgxl,NI0EC5no6PO,702.0,2.0,2024.0,10a,p,,Bagpat,HJIS3IrQ0Nj,indicator_10,176,10
2023-09-01,Chaprauli,koZRGrwQvrl,aRueVYr35yM.Ti9FJqkSK6J,202.0,2.0,2024.0,36b,p,74.0,Bagpat,HJIS3IrQ0Nj,indicator_36,822,36
2023-09-01,Chaprauli,koZRGrwQvrl,ixBYYYjxXPP,90.0,2.0,2024.0,36a,p,74.0,Bagpat,HJIS3IrQ0Nj,indicator_36,822,36
2023-09-01,Chaprauli,koZRGrwQvrl,aRueVYr35yM.Ti9FJqkSK6J,95.0,2.0,2024.0,36b,p,74.0,Bagpat,HJIS3IrQ0Nj,indicator_36,822,36
2023-09-01,Chaprauli,koZRGrwQvrl,ui45G8KwpzU.Ti9FJqkSK6J,560.0,2.0,2024.0,2a,p,74.0,Bagpat,HJIS3IrQ0Nj,indicator_2,822,2
2023-09-01,Chaprauli,koZRGrwQvrl,GJKYhq2wR9L,370.0,2.0,2024.0,7a,p,74.0,Bagpat,HJIS3IrQ0Nj,indicator_7,822,7
2023-09-01,Chaprauli,koZRGrwQvrl,NI0EC5no6PO,444.0,2.0,2024.0,10a,p,74.0,Bagpat,HJIS3IrQ0Nj,indicator_10,822,10
2023-09-01,Baghpat,q2bkBgTq2b1,aRueVYr35yM.Ti9FJqkSK6J,452.0,2.0,2024.0,36b,p,77.0,Bagpat,HJIS3IrQ0Nj,indicator_36,38,36
2023-09-01,Baghpat,q2bkBgTq2b1,ixBYYYjxXPP,142.0,2.0,2024.0,36a,p,77.0,Bagpat,HJIS3IrQ0Nj,indicator_36,38,36
2023-09-01,Baghpat,q2bkBgTq2b1,aRueVYr35yM.Ti9FJqkSK6J,165.0,2.0,2024.0,36b,p,77.0,Bagpat,HJIS3IrQ0Nj,indicator_36,38,36
2023-09-01,Baghpat,q2bkBgTq2b1,ui45G8KwpzU.Ti9FJqkSK6J,420.0,2.0,2024.0,2a,p,77.0,Bagpat,HJIS3IrQ0Nj,indicator_2,38,2
2023-09-01,Baghpat,q2bkBgTq2b1,GJKYhq2wR9L,468.0,2.0,2024.0,7a,p,77.0,Bagpat,HJIS3IrQ0Nj,indicator_7,38,7
2023-09-01,Baghpat,q2bkBgTq2b1,NI0EC5no6PO,1687.0,2.0,2024.0,10a,p,77.0,Bagpat,HJIS3IrQ0Nj,indicator_10,38,10
2023-09-01,Jalaun Madhougarh,GGmtoqpI9Je,aRueVYr35yM.Ti9FJqkSK6J,161.0,2.0,2024.0,36b,p,375.0,Jalaun,NL5xiiHZQSC,indicator_36,180,36
2023-09-01,Jalaun Madhougarh,GGmtoqpI9Je,ixBYYYjxXPP,140.0,2.0,2024.0,36a,p,375.0,Jalaun,NL5xiiHZQSC,indicator_36,180,36
2023-09-01,Jalaun Madhougarh,GGmtoqpI9Je,ui45G8KwpzU.Ti9FJqkSK6J,296.0,2.0,2024.0,2a,p,375.0,Jalaun,NL5xiiHZQSC,indicator_2,180,2
2023-09-01,Jalaun Madhougarh,GGmtoqpI9Je,GJKYhq2wR9L,262.0,2.0,2024.0,7a,p,375.0,Jalaun,NL5xiiHZQSC,indicator_7,180,7
2023-09-01,Jalaun Madhougarh,GGmtoqpI9Je,NI0EC5no6PO,271.0,2.0,2024.0,10a,p,375.0,Jalaun,NL5xiiHZQSC,indicator_10,180,10
2023-09-01,Jalaun Mahewa,IG6BUMkoNfw,aRueVYr35yM.Ti9FJqkSK6J,152.0,2.0,2024.0,36b,p,378.0,Jalaun,NL5xiiHZQSC,indicator_36,139,36
2023-09-01,Jalaun Mahewa,IG6BUMkoNfw,ixBYYYjxXPP,101.0,2.0,2024.0,36a,p,378.0,Jalaun,NL5xiiHZQSC,indicator_36,139,36
2023-09-01,Jalaun Mahewa,IG6BUMkoNfw,ui45G8KwpzU.Ti9FJqkSK6J,342.0,2.0,2024.0,2a,p,378.0,Jalaun,NL5xiiHZQSC,indicator_2,139,2
2023-09-01,Jalaun Mahewa,IG6BUMkoNfw,GJKYhq2wR9L,314.0,2.0,2024.0,7a,p,378.0,Jalaun,NL5xiiHZQSC,indicator_7,139,7
2023-09-01,Jalaun Mahewa,IG6BUMkoNfw,NI0EC5no6PO,538.0,2.0,2024.0,10a,p,378.0,Jalaun,NL5xiiHZQSC,indicator_10,139,10
2023-09-01,Jalaun  DHQ,L75X9VvSfGc,aRueVYr35yM.Ti9FJqkSK6J,1109.0,2.0,2024.0,36b,p,,Jalaun,NL5xiiHZQSC,indicator_36,861,36
2023-09-01,Jalaun  DHQ,L75X9VvSfGc,ixBYYYjxXPP,419.0,2.0,2024.0,36a,p,,Jalaun,NL5xiiHZQSC,indicator_36,861,36
2023-09-01,Jalaun  DHQ,L75X9VvSfGc,aRueVYr35yM.Ti9FJqkSK6J,672.0,2.0,2024.0,36b,p,,Jalaun,NL5xiiHZQSC,indicator_36,861,36
2023-09-01,Jalaun  DHQ,L75X9VvSfGc,ui45G8KwpzU.Ti9FJqkSK6J,928.0,2.0,2024.0,2a,p,,Jalaun,NL5xiiHZQSC,indicator_2,861,2
2023-09-01,Jalaun  DHQ,L75X9VvSfGc,GJKYhq2wR9L,826.0,2.0,2024.0,7a,p,,Jalaun,NL5xiiHZQSC,indicator_7,861,7
2023-09-01,Jalaun  DHQ,L75X9VvSfGc,NI0EC5no6PO,710.0,2.0,2024.0,10a,p,,Jalaun,NL5xiiHZQSC,indicator_10,861,10
2023-09-01,Jalaun Nadigaun,S5qj59ohege,aRueVYr35yM.Ti9FJqkSK6J,163.0,2.0,2024.0,36b,p,376.0,Jalaun,NL5xiiHZQSC,indicator_36,44,36
2023-09-01,Jalaun Nadigaun,S5qj59ohege,ixBYYYjxXPP,50.0,2.0,2024.0,36a,p,376.0,Jalaun,NL5xiiHZQSC,indicator_36,44,36
2023-09-01,Jalaun Nadigaun,S5qj59ohege,ui45G8KwpzU.Ti9FJqkSK6J,356.0,2.0,2024.0,2a,p,376.0,Jalaun,NL5xiiHZQSC,indicator_2,44,2
2023-09-01,Jalaun Nadigaun,S5qj59ohege,GJKYhq2wR9L,414.0,2.0,2024.0,7a,p,376.0,Jalaun,NL5xiiHZQSC,indicator_7,44,7
2023-09-01,Jalaun Nadigaun,S5qj59ohege,NI0EC5no6PO,370.0,2.0,2024.0,10a,p,376.0,Jalaun,NL5xiiHZQSC,indicator_10,44,10
2023-09-01,Jalaun JALAUN,SmB8HLGFIyw,aRueVYr35yM.Ti9FJqkSK6J,210.0,2.0,2024.0,36b,p,377.0,Jalaun,NL5xiiHZQSC,indicator_36,360,36
2023-09-01,Jalaun JALAUN,SmB8HLGFIyw,ixBYYYjxXPP,123.0,2.0,2024.0,36a,p,377.0,Jalaun,NL5xiiHZQSC,indicator_36,360,36
2023-09-01,Jalaun JALAUN,SmB8HLGFIyw,ui45G8KwpzU.Ti9FJqkSK6J,533.0,2.0,2024.0,2a,p,377.0,Jalaun,NL5xiiHZQSC,indicator_2,360,2
2023-09-01,Jalaun JALAUN,SmB8HLGFIyw,GJKYhq2wR9L,410.0,2.0,2024.0,7a,p,377.0,Jalaun,NL5xiiHZQSC,indicator_7,360,7
2023-09-01,Jalaun JALAUN,SmB8HLGFIyw,NI0EC5no6PO,612.0,2.0,2024.0,10a,p,377.0,Jalaun,NL5xiiHZQSC,indicator_10,360,10
2023-09-01,Jalaun Kuthound,V1ktVWnBTTW,aRueVYr35yM.Ti9FJqkSK6J,213.0,2.0,2024.0,36b,p,374.0,Jalaun,NL5xiiHZQSC,indicator_36,193,36
2023-09-01,Jalaun Kuthound,V1ktVWnBTTW,ixBYYYjxXPP,160.0,2.0,2024.0,36a,p,374.0,Jalaun,NL5xiiHZQSC,indicator_36,193,36
2023-09-01,Jalaun Kuthound,V1ktVWnBTTW,ui45G8KwpzU.Ti9FJqkSK6J,407.0,2.0,2024.0,2a,p,374.0,Jalaun,NL5xiiHZQSC,indicator_2,193,2
2023-09-01,Jalaun Kuthound,V1ktVWnBTTW,GJKYhq2wR9L,247.0,2.0,2024.0,7a,p,374.0,Jalaun,NL5xiiHZQSC,indicator_7,193,7
2023-09-01,Jalaun Kuthound,V1ktVWnBTTW,NI0EC5no6PO,223.0,2.0,2024.0,10a,p,374.0,Jalaun,NL5xiiHZQSC,indicator_10,193,10
2023-09-01,Jalaun Dakor,V41lCBcSsRJ,aRueVYr35yM.Ti9FJqkSK6J,73.0,2.0,2024.0,36b,p,380.0,Jalaun,NL5xiiHZQSC,indicator_36,586,36
2023-09-01,Jalaun Dakor,V41lCBcSsRJ,ixBYYYjxXPP,71.0,2.0,2024.0,36a,p,380.0,Jalaun,NL5xiiHZQSC,indicator_36,586,36
2023-09-01,Jalaun Dakor,V41lCBcSsRJ,aRueVYr35yM.Ti9FJqkSK6J,69.0,2.0,2024.0,36b,p,380.0,Jalaun,NL5xiiHZQSC,indicator_36,586,36
2023-09-01,Jalaun Dakor,V41lCBcSsRJ,ui45G8KwpzU.Ti9FJqkSK6J,374.0,2.0,2024.0,2a,p,380.0,Jalaun,NL5xiiHZQSC,indicator_2,586,2
2023-09-01,Jalaun Dakor,V41lCBcSsRJ,GJKYhq2wR9L,273.0,2.0,2024.0,7a,p,380.0,Jalaun,NL5xiiHZQSC,indicator_7,586,7
2023-09-01,Jalaun Dakor,V41lCBcSsRJ,NI0EC5no6PO,356.0,2.0,2024.0,10a,p,380.0,Jalaun,NL5xiiHZQSC,indicator_10,586,10
2023-09-01,Jalaun Kadaura,aoQgD2b6JtI,aRueVYr35yM.Ti9FJqkSK6J,211.0,2.0,2024.0,36b,p,379.0,Jalaun,NL5xiiHZQSC,indicator_36,500,36
2023-09-01,Jalaun Kadaura,aoQgD2b6JtI,ixBYYYjxXPP,149.0,2.0,2024.0,36a,p,379.0,Jalaun,NL5xiiHZQSC,indicator_36,500,36
2023-09-01,Jalaun Kadaura,aoQgD2b6JtI,aRueVYr35yM.Ti9FJqkSK6J,176.0,2.0,2024.0,36b,p,379.0,Jalaun,NL5xiiHZQSC,indicator_36,500,36
2023-09-01,Jalaun Kadaura,aoQgD2b6JtI,ui45G8KwpzU.Ti9FJqkSK6J,413.0,2.0,2024.0,2a,p,379.0,Jalaun,NL5xiiHZQSC,indicator_2,500,2
2023-09-01,Jalaun Kadaura,aoQgD2b6JtI,GJKYhq2wR9L,423.0,2.0,2024.0,7a,p,379.0,Jalaun,NL5xiiHZQSC,indicator_7,500,7
2023-09-01,Jalaun Kadaura,aoQgD2b6JtI,NI0EC5no6PO,412.0,2.0,2024.0,10a,p,379.0,Jalaun,NL5xiiHZQSC,indicator_10,500,10
2023-09-01,Jalaun Rampura,iQBAMBoxYul,aRueVYr35yM.Ti9FJqkSK6J,187.0,2.0,2024.0,36b,p,373.0,Jalaun,NL5xiiHZQSC,indicator_36,141,36
2023-09-01,Jalaun Rampura,iQBAMBoxYul,ixBYYYjxXPP,187.0,2.0,2024.0,36a,p,373.0,Jalaun,NL5xiiHZQSC,indicator_36,141,36
2023-09-01,Jalaun Rampura,iQBAMBoxYul,ui45G8KwpzU.Ti9FJqkSK6J,296.0,2.0,2024.0,2a,p,373.0,Jalaun,NL5xiiHZQSC,indicator_2,141,2
2023-09-01,Jalaun Rampura,iQBAMBoxYul,GJKYhq2wR9L,223.0,2.0,2024.0,7a,p,373.0,Jalaun,NL5xiiHZQSC,indicator_7,141,7
2023-09-01,Jalaun Rampura,iQBAMBoxYul,NI0EC5no6PO,396.0,2.0,2024.0,10a,p,373.0,Jalaun,NL5xiiHZQSC,indicator_10,141,10
2023-09-01,Jalaun Konch,vMmgCa5r21L,aRueVYr35yM.Ti9FJqkSK6J,242.0,2.0,2024.0,36b,p,381.0,Jalaun,NL5xiiHZQSC,indicator_36,575,36
2023-09-01,Jalaun Konch,vMmgCa5r21L,ixBYYYjxXPP,143.0,2.0,2024.0,36a,p,381.0,Jalaun,NL5xiiHZQSC,indicator_36,575,36
2023-09-01,Jalaun Konch,vMmgCa5r21L,ui45G8KwpzU.Ti9FJqkSK6J,377.0,2.0,2024.0,2a,p,381.0,Jalaun,NL5xiiHZQSC,indicator_2,575,2
2023-09-01,Jalaun Konch,vMmgCa5r21L,GJKYhq2wR9L,264.0,2.0,2024.0,7a,p,381.0,Jalaun,NL5xiiHZQSC,indicator_7,575,7
2023-09-01,Jalaun Konch,vMmgCa5r21L,NI0EC5no6PO,389.0,2.0,2024.0,10a,p,381.0,Jalaun,NL5xiiHZQSC,indicator_10,575,10
2023-09-01,Shrawasti DHQ,GK26msJSJoZ,aRueVYr35yM.Ti9FJqkSK6J,1015.0,2.0,2024.0,36b,p,,Shrawasti,oyTwneTbWDx,indicator_36,391,36
2023-09-01,Shrawasti DHQ,GK26msJSJoZ,aRueVYr35yM.Ti9FJqkSK6J,525.0,2.0,2024.0,36b,p,,Shrawasti,oyTwneTbWDx,indicator_36,391,36
2023-09-01,Shrawasti DHQ,GK26msJSJoZ,ui45G8KwpzU.Ti9FJqkSK6J,41.0,2.0,2024.0,2a,p,,Shrawasti,oyTwneTbWDx,indicator_2,391,2
2023-09-01,Shrawasti DHQ,GK26msJSJoZ,GJKYhq2wR9L,631.0,2.0,2024.0,7a,p,,Shrawasti,oyTwneTbWDx,indicator_7,391,7
2023-09-01,Shrawasti DHQ,GK26msJSJoZ,NI0EC5no6PO,534.0,2.0,2024.0,10a,p,,Shrawasti,oyTwneTbWDx,indicator_10,391,10
2023-09-01,Gilaula,LNX0N5jnA5h,aRueVYr35yM.Ti9FJqkSK6J,517.0,2.0,2024.0,36b,p,554.0,Shrawasti,oyTwneTbWDx,indicator_36,677,36
2023-09-01,Gilaula,LNX0N5jnA5h,ixBYYYjxXPP,0.0,2.0,2024.0,36a,p,554.0,Shrawasti,oyTwneTbWDx,indicator_36,677,36
2023-09-01,Gilaula,LNX0N5jnA5h,ui45G8KwpzU.Ti9FJqkSK6J,924.0,2.0,2024.0,2a,p,554.0,Shrawasti,oyTwneTbWDx,indicator_2,677,2
2023-09-01,Gilaula,LNX0N5jnA5h,GJKYhq2wR9L,774.0,2.0,2024.0,7a,p,554.0,Shrawasti,oyTwneTbWDx,indicator_7,677,7
2023-09-01,Gilaula,LNX0N5jnA5h,NI0EC5no6PO,887.0,2.0,2024.0,10a,p,554.0,Shrawasti,oyTwneTbWDx,indicator_10,677,10
2023-09-01,Ikauna,a5QF4ok7kUq,aRueVYr35yM.Ti9FJqkSK6J,477.0,2.0,2024.0,36b,p,555.0,Shrawasti,oyTwneTbWDx,indicator_36,688,36
2023-09-01,Ikauna,a5QF4ok7kUq,ixBYYYjxXPP,590.0,2.0,2024.0,36a,p,555.0,Shrawasti,oyTwneTbWDx,indicator_36,688,36
2023-09-01,Ikauna,a5QF4ok7kUq,ui45G8KwpzU.Ti9FJqkSK6J,954.0,2.0,2024.0,2a,p,555.0,Shrawasti,oyTwneTbWDx,indicator_2,688,2
2023-09-01,Ikauna,a5QF4ok7kUq,GJKYhq2wR9L,848.0,2.0,2024.0,7a,p,555.0,Shrawasti,oyTwneTbWDx,indicator_7,688,7
2023-09-01,Ikauna,a5QF4ok7kUq,NI0EC5no6PO,1074.0,2.0,2024.0,10a,p,555.0,Shrawasti,oyTwneTbWDx,indicator_10,688,10
2023-09-01,Jmunaha,lbYsetq7442,aRueVYr35yM.Ti9FJqkSK6J,507.0,2.0,2024.0,36b,p,551.0,Shrawasti,oyTwneTbWDx,indicator_36,470,36
2023-09-01,Jmunaha,lbYsetq7442,ixBYYYjxXPP,225.0,2.0,2024.0,36a,p,551.0,Shrawasti,oyTwneTbWDx,indicator_36,470,36
2023-09-01,Jmunaha,lbYsetq7442,ui45G8KwpzU.Ti9FJqkSK6J,1095.0,2.0,2024.0,2a,p,551.0,Shrawasti,oyTwneTbWDx,indicator_2,470,2
2023-09-01,Jmunaha,lbYsetq7442,GJKYhq2wR9L,902.0,2.0,2024.0,7a,p,551.0,Shrawasti,oyTwneTbWDx,indicator_7,470,7
2023-09-01,Jmunaha,lbYsetq7442,NI0EC5no6PO,1072.0,2.0,2024.0,10a,p,551.0,Shrawasti,oyTwneTbWDx,indicator_10,470,10
2023-09-01,Hariharpur Rani,miFaxMESSJ2,aRueVYr35yM.Ti9FJqkSK6J,582.0,2.0,2024.0,36b,p,552.0,Shrawasti,oyTwneTbWDx,indicator_36,124,36
2023-09-01,Hariharpur Rani,miFaxMESSJ2,ixBYYYjxXPP,387.0,2.0,2024.0,36a,p,552.0,Shrawasti,oyTwneTbWDx,indicator_36,124,36
2023-09-01,Hariharpur Rani,miFaxMESSJ2,ui45G8KwpzU.Ti9FJqkSK6J,863.0,2.0,2024.0,2a,p,552.0,Shrawasti,oyTwneTbWDx,indicator_2,124,2
2023-09-01,Hariharpur Rani,miFaxMESSJ2,GJKYhq2wR9L,683.0,2.0,2024.0,7a,p,552.0,Shrawasti,oyTwneTbWDx,indicator_7,124,7
2023-09-01,Hariharpur Rani,miFaxMESSJ2,NI0EC5no6PO,1333.0,2.0,2024.0,10a,p,552.0,Shrawasti,oyTwneTbWDx,indicator_10,124,10
2023-09-01,Sirsiya,rUTBm0fGdMX,aRueVYr35yM.Ti9FJqkSK6J,792.0,2.0,2024.0,36b,p,553.0,Shrawasti,oyTwneTbWDx,indicator_36,317,36
2023-09-01,Sirsiya,rUTBm0fGdMX,ixBYYYjxXPP,317.0,2.0,2024.0,36a,p,553.0,Shrawasti,oyTwneTbWDx,indicator_36,317,36
2023-09-01,Sirsiya,rUTBm0fGdMX,ui45G8KwpzU.Ti9FJqkSK6J,932.0,2.0,2024.0,2a,p,553.0,Shrawasti,oyTwneTbWDx,indicator_2,317,2
2023-09-01,Sirsiya,rUTBm0fGdMX,GJKYhq2wR9L,832.0,2.0,2024.0,7a,p,553.0,Shrawasti,oyTwneTbWDx,indicator_7,317,7
2023-09-01,Sirsiya,rUTBm0fGdMX,NI0EC5no6PO,1234.0,2.0,2024.0,10a,p,553.0,Shrawasti,oyTwneTbWDx,indicator_10,317,10
2023-09-01,Skiit,H5UJopTvZPy,aRueVYr35yM.Ti9FJqkSK6J,312.0,2.0,2024.0,36b,p,812.0,Etah,ZLcx4iOVyN5,indicator_36,267,36
2023-09-01,Skiit,H5UJopTvZPy,ixBYYYjxXPP,226.0,2.0,2024.0,36a,p,812.0,Etah,ZLcx4iOVyN5,indicator_36,267,36
2023-09-01,Skiit,H5UJopTvZPy,ui45G8KwpzU.Ti9FJqkSK6J,554.0,2.0,2024.0,2a,p,812.0,Etah,ZLcx4iOVyN5,indicator_2,267,2
2023-09-01,Skiit,H5UJopTvZPy,GJKYhq2wR9L,574.0,2.0,2024.0,7a,p,812.0,Etah,ZLcx4iOVyN5,indicator_7,267,7
2023-09-01,Skiit,H5UJopTvZPy,NI0EC5no6PO,637.0,2.0,2024.0,10a,p,812.0,Etah,ZLcx4iOVyN5,indicator_10,267,10
2023-09-01,Jalsar,MGuYssW76Oy,aRueVYr35yM.Ti9FJqkSK6J,631.0,2.0,2024.0,36b,p,813.0,Etah,ZLcx4iOVyN5,indicator_36,276,36
2023-09-01,Jalsar,MGuYssW76Oy,ixBYYYjxXPP,314.0,2.0,2024.0,36a,p,813.0,Etah,ZLcx4iOVyN5,indicator_36,276,36
2023-09-01,Jalsar,MGuYssW76Oy,aRueVYr35yM.Ti9FJqkSK6J,399.0,2.0,2024.0,36b,p,813.0,Etah,ZLcx4iOVyN5,indicator_36,276,36
2023-09-01,Jalsar,MGuYssW76Oy,ui45G8KwpzU.Ti9FJqkSK6J,716.0,2.0,2024.0,2a,p,813.0,Etah,ZLcx4iOVyN5,indicator_2,276,2
2023-09-01,Jalsar,MGuYssW76Oy,GJKYhq2wR9L,799.0,2.0,2024.0,7a,p,813.0,Etah,ZLcx4iOVyN5,indicator_7,276,7
2023-09-01,Jalsar,MGuYssW76Oy,NI0EC5no6PO,877.0,2.0,2024.0,10a,p,813.0,Etah,ZLcx4iOVyN5,indicator_10,276,10
2023-09-01,Etah DHQ,MoUVR7OhsJp,aRueVYr35yM.Ti9FJqkSK6J,349.0,2.0,2024.0,36b,p,,Etah,ZLcx4iOVyN5,indicator_36,643,36
2023-09-01,Etah DHQ,MoUVR7OhsJp,ixBYYYjxXPP,298.0,2.0,2024.0,36a,p,,Etah,ZLcx4iOVyN5,indicator_36,643,36
2023-09-01,Etah DHQ,MoUVR7OhsJp,ui45G8KwpzU.Ti9FJqkSK6J,145.0,2.0,2024.0,2a,p,,Etah,ZLcx4iOVyN5,indicator_2,643,2
2023-09-01,Etah DHQ,MoUVR7OhsJp,GJKYhq2wR9L,197.0,2.0,2024.0,7a,p,,Etah,ZLcx4iOVyN5,indicator_7,643,7
2023-09-01,Etah DHQ,MoUVR7OhsJp,NI0EC5no6PO,634.0,2.0,2024.0,10a,p,,Etah,ZLcx4iOVyN5,indicator_10,643,10
2023-09-01,Marhera,PS1fneX0UVV,aRueVYr35yM.Ti9FJqkSK6J,195.0,2.0,2024.0,36b,p,809.0,Etah,ZLcx4iOVyN5,indicator_36,735,36
2023-09-01,Marhera,PS1fneX0UVV,ixBYYYjxXPP,0.0,2.0,2024.0,36a,p,809.0,Etah,ZLcx4iOVyN5,indicator_36,735,36
2023-09-01,Marhera,PS1fneX0UVV,ui45G8KwpzU.Ti9FJqkSK6J,559.0,2.0,2024.0,2a,p,809.0,Etah,ZLcx4iOVyN5,indicator_2,735,2
2023-09-01,Marhera,PS1fneX0UVV,GJKYhq2wR9L,435.0,2.0,2024.0,7a,p,809.0,Etah,ZLcx4iOVyN5,indicator_7,735,7
2023-09-01,Marhera,PS1fneX0UVV,NI0EC5no6PO,572.0,2.0,2024.0,10a,p,809.0,Etah,ZLcx4iOVyN5,indicator_10,735,10
2023-09-01,Sitalpur,PUVxtkWZlNI,aRueVYr35yM.Ti9FJqkSK6J,628.0,2.0,2024.0,36b,p,811.0,Etah,ZLcx4iOVyN5,indicator_36,390,36
2023-09-01,Sitalpur,PUVxtkWZlNI,ixBYYYjxXPP,85.0,2.0,2024.0,36a,p,811.0,Etah,ZLcx4iOVyN5,indicator_36,390,36
2023-09-01,Sitalpur,PUVxtkWZlNI,aRueVYr35yM.Ti9FJqkSK6J,172.0,2.0,2024.0,36b,p,811.0,Etah,ZLcx4iOVyN5,indicator_36,390,36
2023-09-01,Sitalpur,PUVxtkWZlNI,ui45G8KwpzU.Ti9FJqkSK6J,568.0,2.0,2024.0,2a,p,811.0,Etah,ZLcx4iOVyN5,indicator_2,390,2
2023-09-01,Sitalpur,PUVxtkWZlNI,GJKYhq2wR9L,591.0,2.0,2024.0,7a,p,811.0,Etah,ZLcx4iOVyN5,indicator_7,390,7
2023-09-01,Sitalpur,PUVxtkWZlNI,NI0EC5no6PO,555.0,2.0,2024.0,10a,p,811.0,Etah,ZLcx4iOVyN5,indicator_10,390,10
2023-09-01,Jaithra,mK3aOsGURLr,aRueVYr35yM.Ti9FJqkSK6J,258.0,2.0,2024.0,36b,p,807.0,Etah,ZLcx4iOVyN5,indicator_36,356,36
2023-09-01,Jaithra,mK3aOsGURLr,ixBYYYjxXPP,302.0,2.0,2024.0,36a,p,807.0,Etah,ZLcx4iOVyN5,indicator_36,356,36
2023-09-01,Jaithra,mK3aOsGURLr,ui45G8KwpzU.Ti9FJqkSK6J,646.0,2.0,2024.0,2a,p,807.0,Etah,ZLcx4iOVyN5,indicator_2,356,2
2023-09-01,Jaithra,mK3aOsGURLr,GJKYhq2wR9L,458.0,2.0,2024.0,7a,p,807.0,Etah,ZLcx4iOVyN5,indicator_7,356,7
2023-09-01,Jaithra,mK3aOsGURLr,NI0EC5no6PO,833.0,2.0,2024.0,10a,p,807.0,Etah,ZLcx4iOVyN5,indicator_10,356,10
2023-09-01,Aliganj,uHgTlwfqKI8,aRueVYr35yM.Ti9FJqkSK6J,487.0,2.0,2024.0,36b,p,808.0,Etah,ZLcx4iOVyN5,indicator_36,109,36
2023-09-01,Aliganj,uHgTlwfqKI8,ixBYYYjxXPP,240.0,2.0,2024.0,36a,p,808.0,Etah,ZLcx4iOVyN5,indicator_36,109,36
2023-09-01,Aliganj,uHgTlwfqKI8,aRueVYr35yM.Ti9FJqkSK6J,285.0,2.0,2024.0,36b,p,808.0,Etah,ZLcx4iOVyN5,indicator_36,109,36
2023-09-01,Aliganj,uHgTlwfqKI8,ui45G8KwpzU.Ti9FJqkSK6J,1009.0,2.0,2024.0,2a,p,808.0,Etah,ZLcx4iOVyN5,indicator_2,109,2
2023-09-01,Aliganj,uHgTlwfqKI8,GJKYhq2wR9L,689.0,2.0,2024.0,7a,p,808.0,Etah,ZLcx4iOVyN5,indicator_7,109,7
2023-09-01,Aliganj,uHgTlwfqKI8,NI0EC5no6PO,828.0,2.0,2024.0,10a,p,808.0,Etah,ZLcx4iOVyN5,indicator_10,109,10
2023-09-01,Awagarh,vXfCZfdMkdf,aRueVYr35yM.Ti9FJqkSK6J,356.0,2.0,2024.0,36b,p,814.0,Etah,ZLcx4iOVyN5,indicator_36,378,36
2023-09-01,Awagarh,vXfCZfdMkdf,ixBYYYjxXPP,170.0,2.0,2024.0,36a,p,814.0,Etah,ZLcx4iOVyN5,indicator_36,378,36
2023-09-01,Awagarh,vXfCZfdMkdf,aRueVYr35yM.Ti9FJqkSK6J,217.0,2.0,2024.0,36b,p,814.0,Etah,ZLcx4iOVyN5,indicator_36,378,36
2023-09-01,Awagarh,vXfCZfdMkdf,ui45G8KwpzU.Ti9FJqkSK6J,500.0,2.0,2024.0,2a,p,814.0,Etah,ZLcx4iOVyN5,indicator_2,378,2
2023-09-01,Awagarh,vXfCZfdMkdf,GJKYhq2wR9L,467.0,2.0,2024.0,7a,p,814.0,Etah,ZLcx4iOVyN5,indicator_7,378,7
2023-09-01,Awagarh,vXfCZfdMkdf,NI0EC5no6PO,479.0,2.0,2024.0,10a,p,814.0,Etah,ZLcx4iOVyN5,indicator_10,378,10
2023-09-01,Nidholikala,w3fNposwL8t,aRueVYr35yM.Ti9FJqkSK6J,200.0,2.0,2024.0,36b,p,810.0,Etah,ZLcx4iOVyN5,indicator_36,435,36
2023-09-01,Nidholikala,w3fNposwL8t,ixBYYYjxXPP,0.0,2.0,2024.0,36a,p,810.0,Etah,ZLcx4iOVyN5,indicator_36,435,36
2023-09-01,Nidholikala,w3fNposwL8t,ui45G8KwpzU.Ti9FJqkSK6J,593.0,2.0,2024.0,2a,p,810.0,Etah,ZLcx4iOVyN5,indicator_2,435,2
2023-09-01,Nidholikala,w3fNposwL8t,GJKYhq2wR9L,506.0,2.0,2024.0,7a,p,810.0,Etah,ZLcx4iOVyN5,indicator_7,435,7
2023-09-01,Nidholikala,w3fNposwL8t,NI0EC5no6PO,375.0,2.0,2024.0,10a,p,810.0,Etah,ZLcx4iOVyN5,indicator_10,435,10
2023-09-01,Suratganj,HLaiapcp8KF,aRueVYr35yM.Ti9FJqkSK6J,463.0,2.0,2024.0,36b,p,480.0,Barabanki,tzH6nJu9SwS,indicator_36,691,36
2023-09-01,Suratganj,HLaiapcp8KF,ixBYYYjxXPP,225.0,2.0,2024.0,36a,p,480.0,Barabanki,tzH6nJu9SwS,indicator_36,691,36
2023-09-01,Suratganj,HLaiapcp8KF,aRueVYr35yM.Ti9FJqkSK6J,458.0,2.0,2024.0,36b,p,480.0,Barabanki,tzH6nJu9SwS,indicator_36,691,36
2023-09-01,Suratganj,HLaiapcp8KF,ui45G8KwpzU.Ti9FJqkSK6J,576.0,2.0,2024.0,2a,p,480.0,Barabanki,tzH6nJu9SwS,indicator_2,691,2
2023-09-01,Suratganj,HLaiapcp8KF,GJKYhq2wR9L,581.0,2.0,2024.0,7a,p,480.0,Barabanki,tzH6nJu9SwS,indicator_7,691,7
2023-09-01,Suratganj,HLaiapcp8KF,NI0EC5no6PO,0.0,2.0,2024.0,10a,p,480.0,Barabanki,tzH6nJu9SwS,indicator_10,691,10
2023-09-01,Siddhaur,IdkC83lgdBj,aRueVYr35yM.Ti9FJqkSK6J,424.0,2.0,2024.0,36b,p,490.0,Barabanki,tzH6nJu9SwS,indicator_36,19,36
2023-09-01,Siddhaur,IdkC83lgdBj,ixBYYYjxXPP,1066.0,2.0,2024.0,36a,p,490.0,Barabanki,tzH6nJu9SwS,indicator_36,19,36
2023-09-01,Siddhaur,IdkC83lgdBj,aRueVYr35yM.Ti9FJqkSK6J,419.0,2.0,2024.0,36b,p,490.0,Barabanki,tzH6nJu9SwS,indicator_36,19,36
2023-09-01,Siddhaur,IdkC83lgdBj,ui45G8KwpzU.Ti9FJqkSK6J,691.0,2.0,2024.0,2a,p,490.0,Barabanki,tzH6nJu9SwS,indicator_2,19,2
2023-09-01,Siddhaur,IdkC83lgdBj,GJKYhq2wR9L,585.0,2.0,2024.0,7a,p,490.0,Barabanki,tzH6nJu9SwS,indicator_7,19,7
2023-09-01,Siddhaur,IdkC83lgdBj,NI0EC5no6PO,80.0,2.0,2024.0,10a,p,490.0,Barabanki,tzH6nJu9SwS,indicator_10,19,10
2023-09-01,Ramnagar Barabanki,KNS89BltpLw,aRueVYr35yM.Ti9FJqkSK6J,219.0,2.0,2024.0,36b,p,481.0,Barabanki,tzH6nJu9SwS,indicator_36,569,36
2023-09-01,Ramnagar Barabanki,KNS89BltpLw,ixBYYYjxXPP,183.0,2.0,2024.0,36a,p,481.0,Barabanki,tzH6nJu9SwS,indicator_36,569,36
2023-09-01,Ramnagar Barabanki,KNS89BltpLw,aRueVYr35yM.Ti9FJqkSK6J,206.0,2.0,2024.0,36b,p,481.0,Barabanki,tzH6nJu9SwS,indicator_36,569,36
2023-09-01,Ramnagar Barabanki,KNS89BltpLw,ui45G8KwpzU.Ti9FJqkSK6J,502.0,2.0,2024.0,2a,p,481.0,Barabanki,tzH6nJu9SwS,indicator_2,569,2
2023-09-01,Ramnagar Barabanki,KNS89BltpLw,GJKYhq2wR9L,442.0,2.0,2024.0,7a,p,481.0,Barabanki,tzH6nJu9SwS,indicator_7,569,7
2023-09-01,Ramnagar Barabanki,KNS89BltpLw,NI0EC5no6PO,541.0,2.0,2024.0,10a,p,481.0,Barabanki,tzH6nJu9SwS,indicator_10,569,10
2023-09-01,Dewa,LsCBHm1wj5S,aRueVYr35yM.Ti9FJqkSK6J,369.0,2.0,2024.0,36b,p,482.0,Barabanki,tzH6nJu9SwS,indicator_36,728,36
2023-09-01,Dewa,LsCBHm1wj5S,ixBYYYjxXPP,245.0,2.0,2024.0,36a,p,482.0,Barabanki,tzH6nJu9SwS,indicator_36,728,36
2023-09-01,Dewa,LsCBHm1wj5S,aRueVYr35yM.Ti9FJqkSK6J,366.0,2.0,2024.0,36b,p,482.0,Barabanki,tzH6nJu9SwS,indicator_36,728,36
2023-09-01,Dewa,LsCBHm1wj5S,ui45G8KwpzU.Ti9FJqkSK6J,679.0,2.0,2024.0,2a,p,482.0,Barabanki,tzH6nJu9SwS,indicator_2,728,2
2023-09-01,Dewa,LsCBHm1wj5S,GJKYhq2wR9L,524.0,2.0,2024.0,7a,p,482.0,Barabanki,tzH6nJu9SwS,indicator_7,728,7
2023-09-01,Dewa,LsCBHm1wj5S,NI0EC5no6PO,0.0,2.0,2024.0,10a,p,482.0,Barabanki,tzH6nJu9SwS,indicator_10,728,10
2023-09-01,Nindura,QvnprpIbIJp,aRueVYr35yM.Ti9FJqkSK6J,407.0,2.0,2024.0,36b,p,478.0,Barabanki,tzH6nJu9SwS,indicator_36,627,36
2023-09-01,Nindura,QvnprpIbIJp,ixBYYYjxXPP,398.0,2.0,2024.0,36a,p,478.0,Barabanki,tzH6nJu9SwS,indicator_36,627,36
2023-09-01,Nindura,QvnprpIbIJp,aRueVYr35yM.Ti9FJqkSK6J,390.0,2.0,2024.0,36b,p,478.0,Barabanki,tzH6nJu9SwS,indicator_36,627,36
2023-09-01,Nindura,QvnprpIbIJp,ui45G8KwpzU.Ti9FJqkSK6J,667.0,2.0,2024.0,2a,p,478.0,Barabanki,tzH6nJu9SwS,indicator_2,627,2
2023-09-01,Nindura,QvnprpIbIJp,GJKYhq2wR9L,554.0,2.0,2024.0,7a,p,478.0,Barabanki,tzH6nJu9SwS,indicator_7,627,7
2023-09-01,Nindura,QvnprpIbIJp,NI0EC5no6PO,98.0,2.0,2024.0,10a,p,478.0,Barabanki,tzH6nJu9SwS,indicator_10,627,10
2023-09-01,Dariyabad,Rf7c1xtIt4m,aRueVYr35yM.Ti9FJqkSK6J,233.0,2.0,2024.0,36b,p,487.0,Barabanki,tzH6nJu9SwS,indicator_36,11,36
2023-09-01,Dariyabad,Rf7c1xtIt4m,ixBYYYjxXPP,220.0,2.0,2024.0,36a,p,487.0,Barabanki,tzH6nJu9SwS,indicator_36,11,36
2023-09-01,Dariyabad,Rf7c1xtIt4m,aRueVYr35yM.Ti9FJqkSK6J,229.0,2.0,2024.0,36b,p,487.0,Barabanki,tzH6nJu9SwS,indicator_36,11,36
2023-09-01,Dariyabad,Rf7c1xtIt4m,ui45G8KwpzU.Ti9FJqkSK6J,635.0,2.0,2024.0,2a,p,487.0,Barabanki,tzH6nJu9SwS,indicator_2,11,2
2023-09-01,Dariyabad,Rf7c1xtIt4m,GJKYhq2wR9L,545.0,2.0,2024.0,7a,p,487.0,Barabanki,tzH6nJu9SwS,indicator_7,11,7
2023-09-01,Dariyabad,Rf7c1xtIt4m,NI0EC5no6PO,165.0,2.0,2024.0,10a,p,487.0,Barabanki,tzH6nJu9SwS,indicator_10,11,10
2023-09-01,Masouli,YsCQwRlNGrw,aRueVYr35yM.Ti9FJqkSK6J,397.0,2.0,2024.0,36b,p,485.0,Barabanki,tzH6nJu9SwS,indicator_36,512,36
2023-09-01,Masouli,YsCQwRlNGrw,ixBYYYjxXPP,0.0,2.0,2024.0,36a,p,485.0,Barabanki,tzH6nJu9SwS,indicator_36,512,36
2023-09-01,Masouli,YsCQwRlNGrw,ui45G8KwpzU.Ti9FJqkSK6J,305.0,2.0,2024.0,2a,p,485.0,Barabanki,tzH6nJu9SwS,indicator_2,512,2
2023-09-01,Masouli,YsCQwRlNGrw,GJKYhq2wR9L,351.0,2.0,2024.0,7a,p,485.0,Barabanki,tzH6nJu9SwS,indicator_7,512,7
2023-09-01,Masouli,YsCQwRlNGrw,NI0EC5no6PO,25.0,2.0,2024.0,10a,p,485.0,Barabanki,tzH6nJu9SwS,indicator_10,512,10
2023-09-01,Sirauli Gaus Pur,ZfE3mnPPu5Y,aRueVYr35yM.Ti9FJqkSK6J,584.0,2.0,2024.0,36b,p,486.0,Barabanki,tzH6nJu9SwS,indicator_36,641,36
2023-09-01,Sirauli Gaus Pur,ZfE3mnPPu5Y,ixBYYYjxXPP,334.0,2.0,2024.0,36a,p,486.0,Barabanki,tzH6nJu9SwS,indicator_36,641,36
2023-09-01,Sirauli Gaus Pur,ZfE3mnPPu5Y,ui45G8KwpzU.Ti9FJqkSK6J,481.0,2.0,2024.0,2a,p,486.0,Barabanki,tzH6nJu9SwS,indicator_2,641,2
2023-09-01,Sirauli Gaus Pur,ZfE3mnPPu5Y,GJKYhq2wR9L,479.0,2.0,2024.0,7a,p,486.0,Barabanki,tzH6nJu9SwS,indicator_7,641,7
2023-09-01,Sirauli Gaus Pur,ZfE3mnPPu5Y,NI0EC5no6PO,601.0,2.0,2024.0,10a,p,486.0,Barabanki,tzH6nJu9SwS,indicator_10,641,10
2023-09-01,Puradali,ctD8xxTsymJ,aRueVYr35yM.Ti9FJqkSK6J,266.0,2.0,2024.0,36b,p,488.0,Barabanki,tzH6nJu9SwS,indicator_36,171,36
2023-09-01,Puradali,ctD8xxTsymJ,ixBYYYjxXPP,187.0,2.0,2024.0,36a,p,488.0,Barabanki,tzH6nJu9SwS,indicator_36,171,36
2023-09-01,Puradali,ctD8xxTsymJ,ui45G8KwpzU.Ti9FJqkSK6J,531.0,2.0,2024.0,2a,p,488.0,Barabanki,tzH6nJu9SwS,indicator_2,171,2
2023-09-01,Puradali,ctD8xxTsymJ,GJKYhq2wR9L,398.0,2.0,2024.0,7a,p,488.0,Barabanki,tzH6nJu9SwS,indicator_7,171,7
2023-09-01,Puradali,ctD8xxTsymJ,NI0EC5no6PO,258.0,2.0,2024.0,10a,p,488.0,Barabanki,tzH6nJu9SwS,indicator_10,171,10
2023-09-01,Trivadi Ganj,gDpxx6NrC99,aRueVYr35yM.Ti9FJqkSK6J,236.0,2.0,2024.0,36b,p,491.0,Barabanki,tzH6nJu9SwS,indicator_36,407,36
2023-09-01,Trivadi Ganj,gDpxx6NrC99,ixBYYYjxXPP,218.0,2.0,2024.0,36a,p,491.0,Barabanki,tzH6nJu9SwS,indicator_36,407,36
2023-09-01,Trivadi Ganj,gDpxx6NrC99,aRueVYr35yM.Ti9FJqkSK6J,227.0,2.0,2024.0,36b,p,491.0,Barabanki,tzH6nJu9SwS,indicator_36,407,36
2023-09-01,Trivadi Ganj,gDpxx6NrC99,ui45G8KwpzU.Ti9FJqkSK6J,459.0,2.0,2024.0,2a,p,491.0,Barabanki,tzH6nJu9SwS,indicator_2,407,2
2023-09-01,Trivadi Ganj,gDpxx6NrC99,GJKYhq2wR9L,457.0,2.0,2024.0,7a,p,491.0,Barabanki,tzH6nJu9SwS,indicator_7,407,7
2023-09-01,Trivadi Ganj,gDpxx6NrC99,NI0EC5no6PO,865.0,2.0,2024.0,10a,p,491.0,Barabanki,tzH6nJu9SwS,indicator_10,407,10
2023-09-01,Fatehpur,iRCOLiyhze6,aRueVYr35yM.Ti9FJqkSK6J,345.0,2.0,2024.0,36b,p,479.0,Barabanki,tzH6nJu9SwS,indicator_36,490,36
2023-09-01,Fatehpur,iRCOLiyhze6,ixBYYYjxXPP,273.0,2.0,2024.0,36a,p,479.0,Barabanki,tzH6nJu9SwS,indicator_36,490,36
2023-09-01,Fatehpur,iRCOLiyhze6,aRueVYr35yM.Ti9FJqkSK6J,281.0,2.0,2024.0,36b,p,479.0,Barabanki,tzH6nJu9SwS,indicator_36,490,36
2023-09-01,Fatehpur,iRCOLiyhze6,ui45G8KwpzU.Ti9FJqkSK6J,595.0,2.0,2024.0,2a,p,479.0,Barabanki,tzH6nJu9SwS,indicator_2,490,2
2023-09-01,Fatehpur,iRCOLiyhze6,GJKYhq2wR9L,646.0,2.0,2024.0,7a,p,479.0,Barabanki,tzH6nJu9SwS,indicator_7,490,7
2023-09-01,Fatehpur,iRCOLiyhze6,NI0EC5no6PO,576.0,2.0,2024.0,10a,p,479.0,Barabanki,tzH6nJu9SwS,indicator_10,490,10
2023-09-01,Barabanki DHQ,jqG1GfySEy7,aRueVYr35yM.Ti9FJqkSK6J,628.0,2.0,2024.0,36b,p,,Barabanki,tzH6nJu9SwS,indicator_36,437,36
2023-09-01,Barabanki DHQ,jqG1GfySEy7,ixBYYYjxXPP,468.0,2.0,2024.0,36a,p,,Barabanki,tzH6nJu9SwS,indicator_36,437,36
2023-09-01,Barabanki DHQ,jqG1GfySEy7,ui45G8KwpzU.Ti9FJqkSK6J,225.0,2.0,2024.0,2a,p,,Barabanki,tzH6nJu9SwS,indicator_2,437,2
2023-09-01,Barabanki DHQ,jqG1GfySEy7,GJKYhq2wR9L,215.0,2.0,2024.0,7a,p,,Barabanki,tzH6nJu9SwS,indicator_7,437,7
2023-09-01,Barabanki DHQ,jqG1GfySEy7,NI0EC5no6PO,1048.0,2.0,2024.0,10a,p,,Barabanki,tzH6nJu9SwS,indicator_10,437,10
2023-09-01,Haidergarh,rFyFe7T2XXz,aRueVYr35yM.Ti9FJqkSK6J,285.0,2.0,2024.0,36b,p,492.0,Barabanki,tzH6nJu9SwS,indicator_36,702,36
2023-09-01,Haidergarh,rFyFe7T2XXz,ixBYYYjxXPP,0.0,2.0,2024.0,36a,p,492.0,Barabanki,tzH6nJu9SwS,indicator_36,702,36
2023-09-01,Haidergarh,rFyFe7T2XXz,aRueVYr35yM.Ti9FJqkSK6J,272.0,2.0,2024.0,36b,p,492.0,Barabanki,tzH6nJu9SwS,indicator_36,702,36
2023-09-01,Haidergarh,rFyFe7T2XXz,ui45G8KwpzU.Ti9FJqkSK6J,456.0,2.0,2024.0,2a,p,492.0,Barabanki,tzH6nJu9SwS,indicator_2,702,2
2023-09-01,Haidergarh,rFyFe7T2XXz,GJKYhq2wR9L,531.0,2.0,2024.0,7a,p,492.0,Barabanki,tzH6nJu9SwS,indicator_7,702,7
2023-09-01,Haidergarh,rFyFe7T2XXz,NI0EC5no6PO,52.0,2.0,2024.0,10a,p,492.0,Barabanki,tzH6nJu9SwS,indicator_10,702,10
2023-09-01,Banikoder,sCFJS0l4C5z,aRueVYr35yM.Ti9FJqkSK6J,344.0,2.0,2024.0,36b,p,489.0,Barabanki,tzH6nJu9SwS,indicator_36,10,36
2023-09-01,Banikoder,sCFJS0l4C5z,ixBYYYjxXPP,249.0,2.0,2024.0,36a,p,489.0,Barabanki,tzH6nJu9SwS,indicator_36,10,36
2023-09-01,Banikoder,sCFJS0l4C5z,aRueVYr35yM.Ti9FJqkSK6J,343.0,2.0,2024.0,36b,p,489.0,Barabanki,tzH6nJu9SwS,indicator_36,10,36
2023-09-01,Banikoder,sCFJS0l4C5z,ui45G8KwpzU.Ti9FJqkSK6J,786.0,2.0,2024.0,2a,p,489.0,Barabanki,tzH6nJu9SwS,indicator_2,10,2
2023-09-01,Banikoder,sCFJS0l4C5z,GJKYhq2wR9L,525.0,2.0,2024.0,7a,p,489.0,Barabanki,tzH6nJu9SwS,indicator_7,10,7
2023-09-01,Banikoder,sCFJS0l4C5z,NI0EC5no6PO,642.0,2.0,2024.0,10a,p,489.0,Barabanki,tzH6nJu9SwS,indicator_10,10,10
2023-09-01,Harakh,zM7L5Up3Rp4,aRueVYr35yM.Ti9FJqkSK6J,269.0,2.0,2024.0,36b,p,484.0,Barabanki,tzH6nJu9SwS,indicator_36,328,36
2023-09-01,Harakh,zM7L5Up3Rp4,ixBYYYjxXPP,0.0,2.0,2024.0,36a,p,484.0,Barabanki,tzH6nJu9SwS,indicator_36,328,36
2023-09-01,Harakh,zM7L5Up3Rp4,aRueVYr35yM.Ti9FJqkSK6J,265.0,2.0,2024.0,36b,p,484.0,Barabanki,tzH6nJu9SwS,indicator_36,328,36
2023-09-01,Harakh,zM7L5Up3Rp4,ui45G8KwpzU.Ti9FJqkSK6J,635.0,2.0,2024.0,2a,p,484.0,Barabanki,tzH6nJu9SwS,indicator_2,328,2
2023-09-01,Harakh,zM7L5Up3Rp4,GJKYhq2wR9L,602.0,2.0,2024.0,7a,p,484.0,Barabanki,tzH6nJu9SwS,indicator_7,328,7
2023-09-01,Harakh,zM7L5Up3Rp4,NI0EC5no6PO,133.0,2.0,2024.0,10a,p,484.0,Barabanki,tzH6nJu9SwS,indicator_10,328,10
2023-09-01,Banki,zrtAHVhGVAe,aRueVYr35yM.Ti9FJqkSK6J,747.0,2.0,2024.0,36b,p,483.0,Barabanki,tzH6nJu9SwS,indicator_36,707,36
2023-09-01,Banki,zrtAHVhGVAe,ixBYYYjxXPP,43.0,2.0,2024.0,36a,p,483.0,Barabanki,tzH6nJu9SwS,indicator_36,707,36
2023-09-01,Banki,zrtAHVhGVAe,aRueVYr35yM.Ti9FJqkSK6J,51.0,2.0,2024.0,36b,p,483.0,Barabanki,tzH6nJu9SwS,indicator_36,707,36
2023-09-01,Banki,zrtAHVhGVAe,ui45G8KwpzU.Ti9FJqkSK6J,664.0,2.0,2024.0,2a,p,483.0,Barabanki,tzH6nJu9SwS,indicator_2,707,2
2023-09-01,Banki,zrtAHVhGVAe,GJKYhq2wR9L,517.0,2.0,2024.0,7a,p,483.0,Barabanki,tzH6nJu9SwS,indicator_7,707,7
2023-09-01,Banki,zrtAHVhGVAe,NI0EC5no6PO,446.0,2.0,2024.0,10a,p,483.0,Barabanki,tzH6nJu9SwS,indicator_10,707,10
2023-09-01,Ghaziabad DHQ,HYVom1xMtdc,aRueVYr35yM.Ti9FJqkSK6J,5694.0,2.0,2024.0,36b,p,,Ghaziabad,M5NHlfAaKYI,indicator_36,725,36
2023-09-01,Ghaziabad DHQ,HYVom1xMtdc,ixBYYYjxXPP,624.0,2.0,2024.0,36a,p,,Ghaziabad,M5NHlfAaKYI,indicator_36,725,36
2023-09-01,Ghaziabad DHQ,HYVom1xMtdc,aRueVYr35yM.Ti9FJqkSK6J,711.0,2.0,2024.0,36b,p,,Ghaziabad,M5NHlfAaKYI,indicator_36,725,36
2023-09-01,Ghaziabad DHQ,HYVom1xMtdc,ui45G8KwpzU.Ti9FJqkSK6J,4659.0,2.0,2024.0,2a,p,,Ghaziabad,M5NHlfAaKYI,indicator_2,725,2
2023-09-01,Ghaziabad DHQ,HYVom1xMtdc,GJKYhq2wR9L,6486.0,2.0,2024.0,7a,p,,Ghaziabad,M5NHlfAaKYI,indicator_7,725,7
2023-09-01,Ghaziabad DHQ,HYVom1xMtdc,NI0EC5no6PO,4469.0,2.0,2024.0,10a,p,,Ghaziabad,M5NHlfAaKYI,indicator_10,725,10
2023-09-01,Ghaziabad Rjapur,Ne0VFmnLotb,aRueVYr35yM.Ti9FJqkSK6J,263.0,2.0,2024.0,36b,p,82.0,Ghaziabad,M5NHlfAaKYI,indicator_36,863,36
2023-09-01,Ghaziabad Rjapur,Ne0VFmnLotb,ixBYYYjxXPP,251.0,2.0,2024.0,36a,p,82.0,Ghaziabad,M5NHlfAaKYI,indicator_36,863,36
2023-09-01,Ghaziabad Rjapur,Ne0VFmnLotb,ui45G8KwpzU.Ti9FJqkSK6J,739.0,2.0,2024.0,2a,p,82.0,Ghaziabad,M5NHlfAaKYI,indicator_2,863,2
2023-09-01,Ghaziabad Rjapur,Ne0VFmnLotb,GJKYhq2wR9L,931.0,2.0,2024.0,7a,p,82.0,Ghaziabad,M5NHlfAaKYI,indicator_7,863,7
2023-09-01,Ghaziabad Rjapur,Ne0VFmnLotb,NI0EC5no6PO,939.0,2.0,2024.0,10a,p,82.0,Ghaziabad,M5NHlfAaKYI,indicator_10,863,10
2023-09-01,Ghaziabad Loni,isevBbVYacc,aRueVYr35yM.Ti9FJqkSK6J,489.0,2.0,2024.0,36b,p,83.0,Ghaziabad,M5NHlfAaKYI,indicator_36,577,36
2023-09-01,Ghaziabad Loni,isevBbVYacc,ixBYYYjxXPP,443.0,2.0,2024.0,36a,p,83.0,Ghaziabad,M5NHlfAaKYI,indicator_36,577,36
2023-09-01,Ghaziabad Loni,isevBbVYacc,ui45G8KwpzU.Ti9FJqkSK6J,1330.0,2.0,2024.0,2a,p,83.0,Ghaziabad,M5NHlfAaKYI,indicator_2,577,2
2023-09-01,Ghaziabad Loni,isevBbVYacc,GJKYhq2wR9L,1180.0,2.0,2024.0,7a,p,83.0,Ghaziabad,M5NHlfAaKYI,indicator_7,577,7
2023-09-01,Ghaziabad Loni,isevBbVYacc,NI0EC5no6PO,1828.0,2.0,2024.0,10a,p,83.0,Ghaziabad,M5NHlfAaKYI,indicator_10,577,10
2023-09-01,Ghaziabad Muradnagar,qpjXx2KEA28,aRueVYr35yM.Ti9FJqkSK6J,162.0,2.0,2024.0,36b,p,80.0,Ghaziabad,M5NHlfAaKYI,indicator_36,903,36
2023-09-01,Ghaziabad Muradnagar,qpjXx2KEA28,ixBYYYjxXPP,121.0,2.0,2024.0,36a,p,80.0,Ghaziabad,M5NHlfAaKYI,indicator_36,903,36
2023-09-01,Ghaziabad Muradnagar,qpjXx2KEA28,ui45G8KwpzU.Ti9FJqkSK6J,607.0,2.0,2024.0,2a,p,80.0,Ghaziabad,M5NHlfAaKYI,indicator_2,903,2
2023-09-01,Ghaziabad Muradnagar,qpjXx2KEA28,GJKYhq2wR9L,594.0,2.0,2024.0,7a,p,80.0,Ghaziabad,M5NHlfAaKYI,indicator_7,903,7
2023-09-01,Ghaziabad Muradnagar,qpjXx2KEA28,NI0EC5no6PO,313.0,2.0,2024.0,10a,p,80.0,Ghaziabad,M5NHlfAaKYI,indicator_10,903,10
2023-09-01,Ghaziabad Bhojpur,r0L9AlrGA7C,aRueVYr35yM.Ti9FJqkSK6J,194.0,2.0,2024.0,36b,p,81.0,Ghaziabad,M5NHlfAaKYI,indicator_36,98,36
2023-09-01,Ghaziabad Bhojpur,r0L9AlrGA7C,ixBYYYjxXPP,171.0,2.0,2024.0,36a,p,81.0,Ghaziabad,M5NHlfAaKYI,indicator_36,98,36
2023-09-01,Ghaziabad Bhojpur,r0L9AlrGA7C,ui45G8KwpzU.Ti9FJqkSK6J,658.0,2.0,2024.0,2a,p,81.0,Ghaziabad,M5NHlfAaKYI,indicator_2,98,2
2023-09-01,Ghaziabad Bhojpur,r0L9AlrGA7C,GJKYhq2wR9L,722.0,2.0,2024.0,7a,p,81.0,Ghaziabad,M5NHlfAaKYI,indicator_7,98,7
2023-09-01,Ghaziabad Bhojpur,r0L9AlrGA7C,NI0EC5no6PO,783.0,2.0,2024.0,10a,p,81.0,Ghaziabad,M5NHlfAaKYI,indicator_10,98,10
2023-09-01,C S M Nagar Bazar Shukul,HZYH9FeKSbz,aRueVYr35yM.Ti9FJqkSK6J,315.0,2.0,2024.0,36b,p,513.0,Amethi,StsLkYw1G0m,indicator_36,697,36
2023-09-01,C S M Nagar Bazar Shukul,HZYH9FeKSbz,ixBYYYjxXPP,285.0,2.0,2024.0,36a,p,513.0,Amethi,StsLkYw1G0m,indicator_36,697,36
2023-09-01,C S M Nagar Bazar Shukul,HZYH9FeKSbz,ui45G8KwpzU.Ti9FJqkSK6J,360.0,2.0,2024.0,2a,p,513.0,Amethi,StsLkYw1G0m,indicator_2,697,2
2023-09-01,C S M Nagar Bazar Shukul,HZYH9FeKSbz,GJKYhq2wR9L,319.0,2.0,2024.0,7a,p,513.0,Amethi,StsLkYw1G0m,indicator_7,697,7
2023-09-01,C S M Nagar Bazar Shukul,HZYH9FeKSbz,NI0EC5no6PO,373.0,2.0,2024.0,10a,p,513.0,Amethi,StsLkYw1G0m,indicator_10,697,10
2023-09-01,C S M Nagar Bhetua,J7htJUPglZb,aRueVYr35yM.Ti9FJqkSK6J,117.0,2.0,2024.0,36b,p,522.0,Amethi,StsLkYw1G0m,indicator_36,429,36
2023-09-01,C S M Nagar Bhetua,J7htJUPglZb,ixBYYYjxXPP,117.0,2.0,2024.0,36a,p,522.0,Amethi,StsLkYw1G0m,indicator_36,429,36
2023-09-01,C S M Nagar Bhetua,J7htJUPglZb,ui45G8KwpzU.Ti9FJqkSK6J,233.0,2.0,2024.0,2a,p,522.0,Amethi,StsLkYw1G0m,indicator_2,429,2
2023-09-01,C S M Nagar Bhetua,J7htJUPglZb,GJKYhq2wR9L,231.0,2.0,2024.0,7a,p,522.0,Amethi,StsLkYw1G0m,indicator_7,429,7
2023-09-01,C S M Nagar Bhetua,J7htJUPglZb,NI0EC5no6PO,233.0,2.0,2024.0,10a,p,522.0,Amethi,StsLkYw1G0m,indicator_10,429,10
2023-09-01,C S M Nagar DHQ,KgdLnhdQNJs,aRueVYr35yM.Ti9FJqkSK6J,41.0,2.0,2024.0,36b,p,,Amethi,StsLkYw1G0m,indicator_36,908,36
2023-09-01,C S M Nagar Sangrampur,KwM7Z0rplba,aRueVYr35yM.Ti9FJqkSK6J,71.0,2.0,2024.0,36b,p,521.0,Amethi,StsLkYw1G0m,indicator_36,766,36
2023-09-01,C S M Nagar Sangrampur,KwM7Z0rplba,ixBYYYjxXPP,69.0,2.0,2024.0,36a,p,521.0,Amethi,StsLkYw1G0m,indicator_36,766,36
2023-09-01,C S M Nagar Sangrampur,KwM7Z0rplba,ui45G8KwpzU.Ti9FJqkSK6J,201.0,2.0,2024.0,2a,p,521.0,Amethi,StsLkYw1G0m,indicator_2,766,2
2023-09-01,C S M Nagar Sangrampur,KwM7Z0rplba,GJKYhq2wR9L,212.0,2.0,2024.0,7a,p,521.0,Amethi,StsLkYw1G0m,indicator_7,766,7
2023-09-01,C S M Nagar Sangrampur,KwM7Z0rplba,NI0EC5no6PO,71.0,2.0,2024.0,10a,p,521.0,Amethi,StsLkYw1G0m,indicator_10,766,10
2023-09-01,C S M Nagar Jamon,R35oHPkysFc,aRueVYr35yM.Ti9FJqkSK6J,214.0,2.0,2024.0,36b,p,517.0,Amethi,StsLkYw1G0m,indicator_36,456,36
2023-09-01,C S M Nagar Jamon,R35oHPkysFc,ixBYYYjxXPP,177.0,2.0,2024.0,36a,p,517.0,Amethi,StsLkYw1G0m,indicator_36,456,36
2023-09-01,C S M Nagar Jamon,R35oHPkysFc,ui45G8KwpzU.Ti9FJqkSK6J,420.0,2.0,2024.0,2a,p,517.0,Amethi,StsLkYw1G0m,indicator_2,456,2
2023-09-01,C S M Nagar Jamon,R35oHPkysFc,GJKYhq2wR9L,351.0,2.0,2024.0,7a,p,517.0,Amethi,StsLkYw1G0m,indicator_7,456,7
2023-09-01,C S M Nagar Jamon,R35oHPkysFc,NI0EC5no6PO,240.0,2.0,2024.0,10a,p,517.0,Amethi,StsLkYw1G0m,indicator_10,456,10
2023-09-01,C S M Nagar Gauriganj,WM5EPg47DVT,aRueVYr35yM.Ti9FJqkSK6J,230.0,2.0,2024.0,36b,p,519.0,Amethi,StsLkYw1G0m,indicator_36,824,36
2023-09-01,C S M Nagar Gauriganj,WM5EPg47DVT,ixBYYYjxXPP,282.0,2.0,2024.0,36a,p,519.0,Amethi,StsLkYw1G0m,indicator_36,824,36
2023-09-01,C S M Nagar Gauriganj,WM5EPg47DVT,aRueVYr35yM.Ti9FJqkSK6J,144.0,2.0,2024.0,36b,p,519.0,Amethi,StsLkYw1G0m,indicator_36,824,36
2023-09-01,C S M Nagar Gauriganj,WM5EPg47DVT,ui45G8KwpzU.Ti9FJqkSK6J,318.0,2.0,2024.0,2a,p,519.0,Amethi,StsLkYw1G0m,indicator_2,824,2
2023-09-01,C S M Nagar Gauriganj,WM5EPg47DVT,GJKYhq2wR9L,286.0,2.0,2024.0,7a,p,519.0,Amethi,StsLkYw1G0m,indicator_7,824,7
2023-09-01,C S M Nagar Gauriganj,WM5EPg47DVT,NI0EC5no6PO,518.0,2.0,2024.0,10a,p,519.0,Amethi,StsLkYw1G0m,indicator_10,824,10
2023-09-01,C S M Nagar Jagdishpur,btuo0MWP5ET,aRueVYr35yM.Ti9FJqkSK6J,424.0,2.0,2024.0,36b,p,514.0,Amethi,StsLkYw1G0m,indicator_36,309,36
2023-09-01,C S M Nagar Jagdishpur,btuo0MWP5ET,ixBYYYjxXPP,380.0,2.0,2024.0,36a,p,514.0,Amethi,StsLkYw1G0m,indicator_36,309,36
2023-09-01,C S M Nagar Jagdishpur,btuo0MWP5ET,ui45G8KwpzU.Ti9FJqkSK6J,500.0,2.0,2024.0,2a,p,514.0,Amethi,StsLkYw1G0m,indicator_2,309,2
2023-09-01,C S M Nagar Jagdishpur,btuo0MWP5ET,GJKYhq2wR9L,560.0,2.0,2024.0,7a,p,514.0,Amethi,StsLkYw1G0m,indicator_7,309,7
2023-09-01,C S M Nagar Jagdishpur,btuo0MWP5ET,NI0EC5no6PO,571.0,2.0,2024.0,10a,p,514.0,Amethi,StsLkYw1G0m,indicator_10,309,10
2023-09-01,C S M Nagar Fursatganj,j4mknIwFS2j,aRueVYr35yM.Ti9FJqkSK6J,334.0,2.0,2024.0,36b,p,307.0,Amethi,StsLkYw1G0m,indicator_36,896,36
2023-09-01,C S M Nagar Fursatganj,j4mknIwFS2j,ixBYYYjxXPP,323.0,2.0,2024.0,36a,p,307.0,Amethi,StsLkYw1G0m,indicator_36,896,36
2023-09-01,C S M Nagar Fursatganj,j4mknIwFS2j,ui45G8KwpzU.Ti9FJqkSK6J,349.0,2.0,2024.0,2a,p,307.0,Amethi,StsLkYw1G0m,indicator_2,896,2
2023-09-01,C S M Nagar Fursatganj,j4mknIwFS2j,GJKYhq2wR9L,367.0,2.0,2024.0,7a,p,307.0,Amethi,StsLkYw1G0m,indicator_7,896,7
2023-09-01,C S M Nagar Fursatganj,j4mknIwFS2j,NI0EC5no6PO,349.0,2.0,2024.0,10a,p,307.0,Amethi,StsLkYw1G0m,indicator_10,896,10
2023-09-01,C S M Nagar Bhadar,l02BWTHnGkg,aRueVYr35yM.Ti9FJqkSK6J,189.0,2.0,2024.0,36b,p,523.0,Amethi,StsLkYw1G0m,indicator_36,424,36
2023-09-01,C S M Nagar Bhadar,l02BWTHnGkg,ixBYYYjxXPP,170.0,2.0,2024.0,36a,p,523.0,Amethi,StsLkYw1G0m,indicator_36,424,36
2023-09-01,C S M Nagar Bhadar,l02BWTHnGkg,ui45G8KwpzU.Ti9FJqkSK6J,298.0,2.0,2024.0,2a,p,523.0,Amethi,StsLkYw1G0m,indicator_2,424,2
2023-09-01,C S M Nagar Bhadar,l02BWTHnGkg,GJKYhq2wR9L,276.0,2.0,2024.0,7a,p,523.0,Amethi,StsLkYw1G0m,indicator_7,424,7
2023-09-01,C S M Nagar Bhadar,l02BWTHnGkg,NI0EC5no6PO,298.0,2.0,2024.0,10a,p,523.0,Amethi,StsLkYw1G0m,indicator_10,424,10
2023-09-01,C S M Nagar Amethi,myKgoGwviVc,aRueVYr35yM.Ti9FJqkSK6J,253.0,2.0,2024.0,36b,p,520.0,Amethi,StsLkYw1G0m,indicator_36,358,36
2023-09-01,C S M Nagar Amethi,myKgoGwviVc,ixBYYYjxXPP,270.0,2.0,2024.0,36a,p,520.0,Amethi,StsLkYw1G0m,indicator_36,358,36
2023-09-01,C S M Nagar Amethi,myKgoGwviVc,ui45G8KwpzU.Ti9FJqkSK6J,327.0,2.0,2024.0,2a,p,520.0,Amethi,StsLkYw1G0m,indicator_2,358,2
2023-09-01,C S M Nagar Amethi,myKgoGwviVc,GJKYhq2wR9L,315.0,2.0,2024.0,7a,p,520.0,Amethi,StsLkYw1G0m,indicator_7,358,7
2023-09-01,C S M Nagar Amethi,myKgoGwviVc,NI0EC5no6PO,315.0,2.0,2024.0,10a,p,520.0,Amethi,StsLkYw1G0m,indicator_10,358,10
2023-09-01,C S M Nagar Musafirkhana,rpRvuw2Iiug,aRueVYr35yM.Ti9FJqkSK6J,215.0,2.0,2024.0,36b,p,515.0,Amethi,StsLkYw1G0m,indicator_36,21,36
2023-09-01,C S M Nagar Musafirkhana,rpRvuw2Iiug,ixBYYYjxXPP,215.0,2.0,2024.0,36a,p,515.0,Amethi,StsLkYw1G0m,indicator_36,21,36
2023-09-01,C S M Nagar Musafirkhana,rpRvuw2Iiug,ui45G8KwpzU.Ti9FJqkSK6J,389.0,2.0,2024.0,2a,p,515.0,Amethi,StsLkYw1G0m,indicator_2,21,2
2023-09-01,C S M Nagar Musafirkhana,rpRvuw2Iiug,GJKYhq2wR9L,325.0,2.0,2024.0,7a,p,515.0,Amethi,StsLkYw1G0m,indicator_7,21,7
2023-09-01,C S M Nagar Musafirkhana,rpRvuw2Iiug,NI0EC5no6PO,114.0,2.0,2024.0,10a,p,515.0,Amethi,StsLkYw1G0m,indicator_10,21,10
2023-09-01,C S M Nagar Shahgarh,scpjZUfh7zI,aRueVYr35yM.Ti9FJqkSK6J,98.0,2.0,2024.0,36b,p,518.0,Amethi,StsLkYw1G0m,indicator_36,135,36
2023-09-01,C S M Nagar Shahgarh,scpjZUfh7zI,ixBYYYjxXPP,93.0,2.0,2024.0,36a,p,518.0,Amethi,StsLkYw1G0m,indicator_36,135,36
2023-09-01,C S M Nagar Shahgarh,scpjZUfh7zI,ui45G8KwpzU.Ti9FJqkSK6J,192.0,2.0,2024.0,2a,p,518.0,Amethi,StsLkYw1G0m,indicator_2,135,2
2023-09-01,C S M Nagar Shahgarh,scpjZUfh7zI,GJKYhq2wR9L,204.0,2.0,2024.0,7a,p,518.0,Amethi,StsLkYw1G0m,indicator_7,135,7
2023-09-01,C S M Nagar Shahgarh,scpjZUfh7zI,NI0EC5no6PO,193.0,2.0,2024.0,10a,p,518.0,Amethi,StsLkYw1G0m,indicator_10,135,10
2023-09-01,C S M Nagar Tiloi,vRgViyJ0IS6,aRueVYr35yM.Ti9FJqkSK6J,210.0,2.0,2024.0,36b,p,306.0,Amethi,StsLkYw1G0m,indicator_36,462,36
2023-09-01,C S M Nagar Tiloi,vRgViyJ0IS6,ixBYYYjxXPP,231.0,2.0,2024.0,36a,p,306.0,Amethi,StsLkYw1G0m,indicator_36,462,36
2023-09-01,C S M Nagar Tiloi,vRgViyJ0IS6,ui45G8KwpzU.Ti9FJqkSK6J,366.0,2.0,2024.0,2a,p,306.0,Amethi,StsLkYw1G0m,indicator_2,462,2
2023-09-01,C S M Nagar Tiloi,vRgViyJ0IS6,GJKYhq2wR9L,328.0,2.0,2024.0,7a,p,306.0,Amethi,StsLkYw1G0m,indicator_7,462,7
2023-09-01,C S M Nagar Tiloi,vRgViyJ0IS6,NI0EC5no6PO,370.0,2.0,2024.0,10a,p,306.0,Amethi,StsLkYw1G0m,indicator_10,462,10
2023-09-01,C S M Nagar Singhpur,vlnVnG5JxVJ,aRueVYr35yM.Ti9FJqkSK6J,268.0,2.0,2024.0,36b,p,305.0,Amethi,StsLkYw1G0m,indicator_36,591,36
2023-09-01,C S M Nagar Singhpur,vlnVnG5JxVJ,ixBYYYjxXPP,255.0,2.0,2024.0,36a,p,305.0,Amethi,StsLkYw1G0m,indicator_36,591,36
2023-09-01,C S M Nagar Singhpur,vlnVnG5JxVJ,ui45G8KwpzU.Ti9FJqkSK6J,371.0,2.0,2024.0,2a,p,305.0,Amethi,StsLkYw1G0m,indicator_2,591,2
2023-09-01,C S M Nagar Singhpur,vlnVnG5JxVJ,GJKYhq2wR9L,414.0,2.0,2024.0,7a,p,305.0,Amethi,StsLkYw1G0m,indicator_7,591,7
2023-09-01,C S M Nagar Singhpur,vlnVnG5JxVJ,NI0EC5no6PO,456.0,2.0,2024.0,10a,p,305.0,Amethi,StsLkYw1G0m,indicator_10,591,10
2023-09-01,Sant Ravidas Nagar Gyanpur,I13T5ZdIFEi,aRueVYr35yM.Ti9FJqkSK6J,460.0,2.0,2024.0,36b,p,785.0,Bhadohi,PeUY1vj02UQ,indicator_36,864,36
2023-09-01,Sant Ravidas Nagar Gyanpur,I13T5ZdIFEi,ixBYYYjxXPP,47.0,2.0,2024.0,36a,p,785.0,Bhadohi,PeUY1vj02UQ,indicator_36,864,36
2023-09-01,Sant Ravidas Nagar Gyanpur,I13T5ZdIFEi,aRueVYr35yM.Ti9FJqkSK6J,372.0,2.0,2024.0,36b,p,785.0,Bhadohi,PeUY1vj02UQ,indicator_36,864,36
2023-09-01,Sant Ravidas Nagar Gyanpur,I13T5ZdIFEi,ui45G8KwpzU.Ti9FJqkSK6J,665.0,2.0,2024.0,2a,p,785.0,Bhadohi,PeUY1vj02UQ,indicator_2,864,2
2023-09-01,Sant Ravidas Nagar Gyanpur,I13T5ZdIFEi,GJKYhq2wR9L,588.0,2.0,2024.0,7a,p,785.0,Bhadohi,PeUY1vj02UQ,indicator_7,864,7
2023-09-01,Sant Ravidas Nagar Gyanpur,I13T5ZdIFEi,NI0EC5no6PO,711.0,2.0,2024.0,10a,p,785.0,Bhadohi,PeUY1vj02UQ,indicator_10,864,10
2023-09-01,Sant Ravidas Nagar Bhadohi,LA0OjaZZFYz,aRueVYr35yM.Ti9FJqkSK6J,468.0,2.0,2024.0,36b,p,783.0,Bhadohi,PeUY1vj02UQ,indicator_36,430,36
2023-09-01,Sant Ravidas Nagar Bhadohi,LA0OjaZZFYz,aRueVYr35yM.Ti9FJqkSK6J,189.0,2.0,2024.0,36b,p,783.0,Bhadohi,PeUY1vj02UQ,indicator_36,430,36
2023-09-01,Sant Ravidas Nagar Bhadohi,LA0OjaZZFYz,ui45G8KwpzU.Ti9FJqkSK6J,433.0,2.0,2024.0,2a,p,783.0,Bhadohi,PeUY1vj02UQ,indicator_2,430,2
2023-09-01,Sant Ravidas Nagar Bhadohi,LA0OjaZZFYz,GJKYhq2wR9L,536.0,2.0,2024.0,7a,p,783.0,Bhadohi,PeUY1vj02UQ,indicator_7,430,7
2023-09-01,Sant Ravidas Nagar Bhadohi,LA0OjaZZFYz,NI0EC5no6PO,411.0,2.0,2024.0,10a,p,783.0,Bhadohi,PeUY1vj02UQ,indicator_10,430,10
2023-09-01,Sant Ravidas Nagar Deegh,RT2WzsnRZJi,aRueVYr35yM.Ti9FJqkSK6J,357.0,2.0,2024.0,36b,p,786.0,Bhadohi,PeUY1vj02UQ,indicator_36,155,36
2023-09-01,Sant Ravidas Nagar Deegh,RT2WzsnRZJi,ixBYYYjxXPP,355.0,2.0,2024.0,36a,p,786.0,Bhadohi,PeUY1vj02UQ,indicator_36,155,36
2023-09-01,Sant Ravidas Nagar Deegh,RT2WzsnRZJi,ui45G8KwpzU.Ti9FJqkSK6J,504.0,2.0,2024.0,2a,p,786.0,Bhadohi,PeUY1vj02UQ,indicator_2,155,2
2023-09-01,Sant Ravidas Nagar Deegh,RT2WzsnRZJi,GJKYhq2wR9L,514.0,2.0,2024.0,7a,p,786.0,Bhadohi,PeUY1vj02UQ,indicator_7,155,7
2023-09-01,Sant Ravidas Nagar Deegh,RT2WzsnRZJi,NI0EC5no6PO,739.0,2.0,2024.0,10a,p,786.0,Bhadohi,PeUY1vj02UQ,indicator_10,155,10
2023-09-01,Sant Ravidas Nagar DHQ,Yn3eQ5gagvS,aRueVYr35yM.Ti9FJqkSK6J,272.0,2.0,2024.0,36b,p,,Bhadohi,PeUY1vj02UQ,indicator_36,102,36
2023-09-01,Sant Ravidas Nagar DHQ,Yn3eQ5gagvS,ixBYYYjxXPP,0.0,2.0,2024.0,36a,p,,Bhadohi,PeUY1vj02UQ,indicator_36,102,36
2023-09-01,Sant Ravidas Nagar DHQ,Yn3eQ5gagvS,ui45G8KwpzU.Ti9FJqkSK6J,85.0,2.0,2024.0,2a,p,,Bhadohi,PeUY1vj02UQ,indicator_2,102,2
2023-09-01,Sant Ravidas Nagar DHQ,Yn3eQ5gagvS,GJKYhq2wR9L,57.0,2.0,2024.0,7a,p,,Bhadohi,PeUY1vj02UQ,indicator_7,102,7
2023-09-01,Sant Ravidas Nagar DHQ,Yn3eQ5gagvS,NI0EC5no6PO,166.0,2.0,2024.0,10a,p,,Bhadohi,PeUY1vj02UQ,indicator_10,102,10
2023-09-01,Sant Ravidas Nagar Aurai,h1MfXB88qMN,aRueVYr35yM.Ti9FJqkSK6J,633.0,2.0,2024.0,36b,p,784.0,Bhadohi,PeUY1vj02UQ,indicator_36,596,36
2023-09-01,Sant Ravidas Nagar Aurai,h1MfXB88qMN,ixBYYYjxXPP,208.0,2.0,2024.0,36a,p,784.0,Bhadohi,PeUY1vj02UQ,indicator_36,596,36
2023-09-01,Sant Ravidas Nagar Aurai,h1MfXB88qMN,aRueVYr35yM.Ti9FJqkSK6J,320.0,2.0,2024.0,36b,p,784.0,Bhadohi,PeUY1vj02UQ,indicator_36,596,36
2023-09-01,Sant Ravidas Nagar Aurai,h1MfXB88qMN,ui45G8KwpzU.Ti9FJqkSK6J,884.0,2.0,2024.0,2a,p,784.0,Bhadohi,PeUY1vj02UQ,indicator_2,596,2
2023-09-01,Sant Ravidas Nagar Aurai,h1MfXB88qMN,GJKYhq2wR9L,833.0,2.0,2024.0,7a,p,784.0,Bhadohi,PeUY1vj02UQ,indicator_7,596,7
2023-09-01,Sant Ravidas Nagar Aurai,h1MfXB88qMN,NI0EC5no6PO,1247.0,2.0,2024.0,10a,p,784.0,Bhadohi,PeUY1vj02UQ,indicator_10,596,10
2023-09-01,Sant Ravidas Nagar Abholi,iFwP6fSzMVI,aRueVYr35yM.Ti9FJqkSK6J,142.0,2.0,2024.0,36b,p,781.0,Bhadohi,PeUY1vj02UQ,indicator_36,909,36
2023-09-01,Sant Ravidas Nagar Abholi,iFwP6fSzMVI,ixBYYYjxXPP,36.0,2.0,2024.0,36a,p,781.0,Bhadohi,PeUY1vj02UQ,indicator_36,909,36
2023-09-01,Sant Ravidas Nagar Abholi,iFwP6fSzMVI,ui45G8KwpzU.Ti9FJqkSK6J,181.0,2.0,2024.0,2a,p,781.0,Bhadohi,PeUY1vj02UQ,indicator_2,909,2
2023-09-01,Sant Ravidas Nagar Abholi,iFwP6fSzMVI,GJKYhq2wR9L,240.0,2.0,2024.0,7a,p,781.0,Bhadohi,PeUY1vj02UQ,indicator_7,909,7
2023-09-01,Sant Ravidas Nagar Abholi,iFwP6fSzMVI,NI0EC5no6PO,729.0,2.0,2024.0,10a,p,781.0,Bhadohi,PeUY1vj02UQ,indicator_10,909,10
2023-09-01,Sant Ravidas Nagar Suriyawa,oZ8M2HNNfYK,aRueVYr35yM.Ti9FJqkSK6J,248.0,2.0,2024.0,36b,p,782.0,Bhadohi,PeUY1vj02UQ,indicator_36,474,36
2023-09-01,Sant Ravidas Nagar Suriyawa,oZ8M2HNNfYK,ixBYYYjxXPP,158.0,2.0,2024.0,36a,p,782.0,Bhadohi,PeUY1vj02UQ,indicator_36,474,36
2023-09-01,Sant Ravidas Nagar Suriyawa,oZ8M2HNNfYK,ui45G8KwpzU.Ti9FJqkSK6J,248.0,2.0,2024.0,2a,p,782.0,Bhadohi,PeUY1vj02UQ,indicator_2,474,2
2023-09-01,Sant Ravidas Nagar Suriyawa,oZ8M2HNNfYK,GJKYhq2wR9L,357.0,2.0,2024.0,7a,p,782.0,Bhadohi,PeUY1vj02UQ,indicator_7,474,7
2023-09-01,Sant Ravidas Nagar Suriyawa,oZ8M2HNNfYK,NI0EC5no6PO,626.0,2.0,2024.0,10a,p,782.0,Bhadohi,PeUY1vj02UQ,indicator_10,474,10
2023-09-01,Muzaffarnagar Jansath,IClJwvvGCfX,aRueVYr35yM.Ti9FJqkSK6J,271.0,2.0,2024.0,36b,p,24.0,Muzaffarnagar,MVQs2RrS1Nw,indicator_36,327,36
2023-09-01,Muzaffarnagar Jansath,IClJwvvGCfX,ixBYYYjxXPP,0.0,2.0,2024.0,36a,p,24.0,Muzaffarnagar,MVQs2RrS1Nw,indicator_36,327,36
2023-09-01,Muzaffarnagar Jansath,IClJwvvGCfX,ui45G8KwpzU.Ti9FJqkSK6J,777.0,2.0,2024.0,2a,p,24.0,Muzaffarnagar,MVQs2RrS1Nw,indicator_2,327,2
2023-09-01,Muzaffarnagar Jansath,IClJwvvGCfX,GJKYhq2wR9L,763.0,2.0,2024.0,7a,p,24.0,Muzaffarnagar,MVQs2RrS1Nw,indicator_7,327,7
2023-09-01,Muzaffarnagar Jansath,IClJwvvGCfX,NI0EC5no6PO,1071.0,2.0,2024.0,10a,p,24.0,Muzaffarnagar,MVQs2RrS1Nw,indicator_10,327,10
2023-09-01,Muzaffarnagar DHQ,LwbNBvrbL9f,aRueVYr35yM.Ti9FJqkSK6J,4657.0,2.0,2024.0,36b,p,,Muzaffarnagar,MVQs2RrS1Nw,indicator_36,871,36
2023-09-01,Muzaffarnagar DHQ,LwbNBvrbL9f,ixBYYYjxXPP,702.0,2.0,2024.0,36a,p,,Muzaffarnagar,MVQs2RrS1Nw,indicator_36,871,36
2023-09-01,Muzaffarnagar DHQ,LwbNBvrbL9f,aRueVYr35yM.Ti9FJqkSK6J,921.0,2.0,2024.0,36b,p,,Muzaffarnagar,MVQs2RrS1Nw,indicator_36,871,36
2023-09-01,Muzaffarnagar DHQ,LwbNBvrbL9f,ui45G8KwpzU.Ti9FJqkSK6J,2830.0,2.0,2024.0,2a,p,,Muzaffarnagar,MVQs2RrS1Nw,indicator_2,871,2
2023-09-01,Muzaffarnagar DHQ,LwbNBvrbL9f,GJKYhq2wR9L,1549.0,2.0,2024.0,7a,p,,Muzaffarnagar,MVQs2RrS1Nw,indicator_7,871,7
2023-09-01,Muzaffarnagar DHQ,LwbNBvrbL9f,NI0EC5no6PO,5280.0,2.0,2024.0,10a,p,,Muzaffarnagar,MVQs2RrS1Nw,indicator_10,871,10
2023-09-01,Muzaffarnagar Morna,RAawnADvz9B,aRueVYr35yM.Ti9FJqkSK6J,258.0,2.0,2024.0,36b,p,23.0,Muzaffarnagar,MVQs2RrS1Nw,indicator_36,440,36
2023-09-01,Muzaffarnagar Morna,RAawnADvz9B,ixBYYYjxXPP,191.0,2.0,2024.0,36a,p,23.0,Muzaffarnagar,MVQs2RrS1Nw,indicator_36,440,36
2023-09-01,Muzaffarnagar Morna,RAawnADvz9B,ui45G8KwpzU.Ti9FJqkSK6J,666.0,2.0,2024.0,2a,p,23.0,Muzaffarnagar,MVQs2RrS1Nw,indicator_2,440,2
2023-09-01,Muzaffarnagar Morna,RAawnADvz9B,GJKYhq2wR9L,552.0,2.0,2024.0,7a,p,23.0,Muzaffarnagar,MVQs2RrS1Nw,indicator_7,440,7
2023-09-01,Muzaffarnagar Morna,RAawnADvz9B,NI0EC5no6PO,671.0,2.0,2024.0,10a,p,23.0,Muzaffarnagar,MVQs2RrS1Nw,indicator_10,440,10
2023-09-01,Muzaffarnagar Shahpur,XuOunfUuyUX,aRueVYr35yM.Ti9FJqkSK6J,166.0,2.0,2024.0,36b,p,22.0,Muzaffarnagar,MVQs2RrS1Nw,indicator_36,737,36
2023-09-01,Muzaffarnagar Shahpur,XuOunfUuyUX,ixBYYYjxXPP,138.0,2.0,2024.0,36a,p,22.0,Muzaffarnagar,MVQs2RrS1Nw,indicator_36,737,36
2023-09-01,Muzaffarnagar Shahpur,XuOunfUuyUX,ui45G8KwpzU.Ti9FJqkSK6J,598.0,2.0,2024.0,2a,p,22.0,Muzaffarnagar,MVQs2RrS1Nw,indicator_2,737,2
2023-09-01,Muzaffarnagar Shahpur,XuOunfUuyUX,GJKYhq2wR9L,574.0,2.0,2024.0,7a,p,22.0,Muzaffarnagar,MVQs2RrS1Nw,indicator_7,737,7
2023-09-01,Muzaffarnagar Shahpur,XuOunfUuyUX,NI0EC5no6PO,674.0,2.0,2024.0,10a,p,22.0,Muzaffarnagar,MVQs2RrS1Nw,indicator_10,737,10
2023-09-01,Muzaffarnagar Casthawal,c0nWxLrugon,aRueVYr35yM.Ti9FJqkSK6J,230.0,2.0,2024.0,36b,p,17.0,Muzaffarnagar,MVQs2RrS1Nw,indicator_36,343,36
2023-09-01,Muzaffarnagar Casthawal,c0nWxLrugon,ixBYYYjxXPP,0.0,2.0,2024.0,36a,p,17.0,Muzaffarnagar,MVQs2RrS1Nw,indicator_36,343,36
2023-09-01,Muzaffarnagar Casthawal,c0nWxLrugon,ui45G8KwpzU.Ti9FJqkSK6J,683.0,2.0,2024.0,2a,p,17.0,Muzaffarnagar,MVQs2RrS1Nw,indicator_2,343,2
2023-09-01,Muzaffarnagar Casthawal,c0nWxLrugon,GJKYhq2wR9L,553.0,2.0,2024.0,7a,p,17.0,Muzaffarnagar,MVQs2RrS1Nw,indicator_7,343,7
2023-09-01,Muzaffarnagar Casthawal,c0nWxLrugon,NI0EC5no6PO,802.0,2.0,2024.0,10a,p,17.0,Muzaffarnagar,MVQs2RrS1Nw,indicator_10,343,10
2023-09-01,Muzaffarnagar Khthauli,e6v2BeJjdF0,aRueVYr35yM.Ti9FJqkSK6J,323.0,2.0,2024.0,36b,p,25.0,Muzaffarnagar,MVQs2RrS1Nw,indicator_36,769,36
2023-09-01,Muzaffarnagar Khthauli,e6v2BeJjdF0,ixBYYYjxXPP,223.0,2.0,2024.0,36a,p,25.0,Muzaffarnagar,MVQs2RrS1Nw,indicator_36,769,36
2023-09-01,Muzaffarnagar Khthauli,e6v2BeJjdF0,ui45G8KwpzU.Ti9FJqkSK6J,951.0,2.0,2024.0,2a,p,25.0,Muzaffarnagar,MVQs2RrS1Nw,indicator_2,769,2
2023-09-01,Muzaffarnagar Khthauli,e6v2BeJjdF0,GJKYhq2wR9L,840.0,2.0,2024.0,7a,p,25.0,Muzaffarnagar,MVQs2RrS1Nw,indicator_7,769,7
2023-09-01,Muzaffarnagar Khthauli,e6v2BeJjdF0,NI0EC5no6PO,983.0,2.0,2024.0,10a,p,25.0,Muzaffarnagar,MVQs2RrS1Nw,indicator_10,769,10
2023-09-01,Muzaffarnagar Budana,gh2z6ozRHvl,aRueVYr35yM.Ti9FJqkSK6J,229.0,2.0,2024.0,36b,p,21.0,Muzaffarnagar,MVQs2RrS1Nw,indicator_36,263,36
2023-09-01,Muzaffarnagar Budana,gh2z6ozRHvl,ixBYYYjxXPP,229.0,2.0,2024.0,36a,p,21.0,Muzaffarnagar,MVQs2RrS1Nw,indicator_36,263,36
2023-09-01,Muzaffarnagar Budana,gh2z6ozRHvl,ui45G8KwpzU.Ti9FJqkSK6J,760.0,2.0,2024.0,2a,p,21.0,Muzaffarnagar,MVQs2RrS1Nw,indicator_2,263,2
2023-09-01,Muzaffarnagar Budana,gh2z6ozRHvl,GJKYhq2wR9L,783.0,2.0,2024.0,7a,p,21.0,Muzaffarnagar,MVQs2RrS1Nw,indicator_7,263,7
2023-09-01,Muzaffarnagar Budana,gh2z6ozRHvl,NI0EC5no6PO,1248.0,2.0,2024.0,10a,p,21.0,Muzaffarnagar,MVQs2RrS1Nw,indicator_10,263,10
2023-09-01,Muzaffarnagar Badhara,hiCT4rPYCVr,aRueVYr35yM.Ti9FJqkSK6J,196.0,2.0,2024.0,36b,p,20.0,Muzaffarnagar,MVQs2RrS1Nw,indicator_36,812,36
2023-09-01,Muzaffarnagar Badhara,hiCT4rPYCVr,ixBYYYjxXPP,112.0,2.0,2024.0,36a,p,20.0,Muzaffarnagar,MVQs2RrS1Nw,indicator_36,812,36
2023-09-01,Muzaffarnagar Badhara,hiCT4rPYCVr,ui45G8KwpzU.Ti9FJqkSK6J,591.0,2.0,2024.0,2a,p,20.0,Muzaffarnagar,MVQs2RrS1Nw,indicator_2,812,2
2023-09-01,Muzaffarnagar Badhara,hiCT4rPYCVr,GJKYhq2wR9L,527.0,2.0,2024.0,7a,p,20.0,Muzaffarnagar,MVQs2RrS1Nw,indicator_7,812,7
2023-09-01,Muzaffarnagar Badhara,hiCT4rPYCVr,NI0EC5no6PO,593.0,2.0,2024.0,10a,p,20.0,Muzaffarnagar,MVQs2RrS1Nw,indicator_10,812,10
2023-09-01,Muzaffarnagar Purkaji,kE3pd8aET6C,aRueVYr35yM.Ti9FJqkSK6J,228.0,2.0,2024.0,36b,p,18.0,Muzaffarnagar,MVQs2RrS1Nw,indicator_36,531,36
2023-09-01,Muzaffarnagar Purkaji,kE3pd8aET6C,ixBYYYjxXPP,112.0,2.0,2024.0,36a,p,18.0,Muzaffarnagar,MVQs2RrS1Nw,indicator_36,531,36
2023-09-01,Muzaffarnagar Purkaji,kE3pd8aET6C,ui45G8KwpzU.Ti9FJqkSK6J,548.0,2.0,2024.0,2a,p,18.0,Muzaffarnagar,MVQs2RrS1Nw,indicator_2,531,2
2023-09-01,Muzaffarnagar Purkaji,kE3pd8aET6C,GJKYhq2wR9L,419.0,2.0,2024.0,7a,p,18.0,Muzaffarnagar,MVQs2RrS1Nw,indicator_7,531,7
2023-09-01,Muzaffarnagar Purkaji,kE3pd8aET6C,NI0EC5no6PO,434.0,2.0,2024.0,10a,p,18.0,Muzaffarnagar,MVQs2RrS1Nw,indicator_10,531,10
2023-09-01,Muzaffarnagar Sadar,xInsVC065RU,aRueVYr35yM.Ti9FJqkSK6J,149.0,2.0,2024.0,36b,p,19.0,Muzaffarnagar,MVQs2RrS1Nw,indicator_36,556,36
2023-09-01,Muzaffarnagar Sadar,xInsVC065RU,ixBYYYjxXPP,200.0,2.0,2024.0,36a,p,19.0,Muzaffarnagar,MVQs2RrS1Nw,indicator_36,556,36
2023-09-01,Muzaffarnagar Sadar,xInsVC065RU,ui45G8KwpzU.Ti9FJqkSK6J,807.0,2.0,2024.0,2a,p,19.0,Muzaffarnagar,MVQs2RrS1Nw,indicator_2,556,2
2023-09-01,Muzaffarnagar Sadar,xInsVC065RU,GJKYhq2wR9L,918.0,2.0,2024.0,7a,p,19.0,Muzaffarnagar,MVQs2RrS1Nw,indicator_7,556,7
2023-09-01,Muzaffarnagar Sadar,xInsVC065RU,NI0EC5no6PO,1168.0,2.0,2024.0,10a,p,19.0,Muzaffarnagar,MVQs2RrS1Nw,indicator_10,556,10
2023-09-01,Dhaulana,IywKKXqWKqi,aRueVYr35yM.Ti9FJqkSK6J,217.0,2.0,2024.0,36b,p,84.0,Hapur,CZ8kLjgqvSH,indicator_36,830,36
2023-09-01,Dhaulana,IywKKXqWKqi,ixBYYYjxXPP,176.0,2.0,2024.0,36a,p,84.0,Hapur,CZ8kLjgqvSH,indicator_36,830,36
2023-09-01,Dhaulana,IywKKXqWKqi,ui45G8KwpzU.Ti9FJqkSK6J,575.0,2.0,2024.0,2a,p,84.0,Hapur,CZ8kLjgqvSH,indicator_2,830,2
2023-09-01,Dhaulana,IywKKXqWKqi,GJKYhq2wR9L,687.0,2.0,2024.0,7a,p,84.0,Hapur,CZ8kLjgqvSH,indicator_7,830,7
2023-09-01,Dhaulana,IywKKXqWKqi,NI0EC5no6PO,582.0,2.0,2024.0,10a,p,84.0,Hapur,CZ8kLjgqvSH,indicator_10,830,10
2023-09-01,Hapur,MoftawJk2Oh,aRueVYr35yM.Ti9FJqkSK6J,202.0,2.0,2024.0,36b,p,85.0,Hapur,CZ8kLjgqvSH,indicator_36,801,36
2023-09-01,Hapur,MoftawJk2Oh,ixBYYYjxXPP,173.0,2.0,2024.0,36a,p,85.0,Hapur,CZ8kLjgqvSH,indicator_36,801,36
2023-09-01,Hapur,MoftawJk2Oh,ui45G8KwpzU.Ti9FJqkSK6J,636.0,2.0,2024.0,2a,p,85.0,Hapur,CZ8kLjgqvSH,indicator_2,801,2
2023-09-01,Hapur,MoftawJk2Oh,GJKYhq2wR9L,705.0,2.0,2024.0,7a,p,85.0,Hapur,CZ8kLjgqvSH,indicator_7,801,7
2023-09-01,Hapur,MoftawJk2Oh,NI0EC5no6PO,1085.0,2.0,2024.0,10a,p,85.0,Hapur,CZ8kLjgqvSH,indicator_10,801,10
2023-09-01,Hapur DHQ,Mt3m2kDHXcq,aRueVYr35yM.Ti9FJqkSK6J,1946.0,2.0,2024.0,36b,p,,Hapur,CZ8kLjgqvSH,indicator_36,93,36
2023-09-01,Hapur DHQ,Mt3m2kDHXcq,ixBYYYjxXPP,35.0,2.0,2024.0,36a,p,,Hapur,CZ8kLjgqvSH,indicator_36,93,36
2023-09-01,Hapur DHQ,Mt3m2kDHXcq,aRueVYr35yM.Ti9FJqkSK6J,63.0,2.0,2024.0,36b,p,,Hapur,CZ8kLjgqvSH,indicator_36,93,36
2023-09-01,Hapur DHQ,Mt3m2kDHXcq,ui45G8KwpzU.Ti9FJqkSK6J,8.0,2.0,2024.0,2a,p,,Hapur,CZ8kLjgqvSH,indicator_2,93,2
2023-09-01,Hapur DHQ,Mt3m2kDHXcq,GJKYhq2wR9L,0.0,2.0,2024.0,7a,p,,Hapur,CZ8kLjgqvSH,indicator_7,93,7
2023-09-01,Hapur DHQ,Mt3m2kDHXcq,NI0EC5no6PO,118.0,2.0,2024.0,10a,p,,Hapur,CZ8kLjgqvSH,indicator_10,93,10
2023-09-01,Garhmukteshwar,lY8m4U7kmq2,aRueVYr35yM.Ti9FJqkSK6J,168.0,2.0,2024.0,36b,p,87.0,Hapur,CZ8kLjgqvSH,indicator_36,13,36
2023-09-01,Garhmukteshwar,lY8m4U7kmq2,ixBYYYjxXPP,120.0,2.0,2024.0,36a,p,87.0,Hapur,CZ8kLjgqvSH,indicator_36,13,36
2023-09-01,Garhmukteshwar,lY8m4U7kmq2,ui45G8KwpzU.Ti9FJqkSK6J,484.0,2.0,2024.0,2a,p,87.0,Hapur,CZ8kLjgqvSH,indicator_2,13,2
2023-09-01,Garhmukteshwar,lY8m4U7kmq2,GJKYhq2wR9L,685.0,2.0,2024.0,7a,p,87.0,Hapur,CZ8kLjgqvSH,indicator_7,13,7
2023-09-01,Garhmukteshwar,lY8m4U7kmq2,NI0EC5no6PO,663.0,2.0,2024.0,10a,p,87.0,Hapur,CZ8kLjgqvSH,indicator_10,13,10
2023-09-01,Simbhaoli,mSef7qX2gGM,aRueVYr35yM.Ti9FJqkSK6J,108.0,2.0,2024.0,36b,p,86.0,Hapur,CZ8kLjgqvSH,indicator_36,511,36
2023-09-01,Simbhaoli,mSef7qX2gGM,ixBYYYjxXPP,124.0,2.0,2024.0,36a,p,86.0,Hapur,CZ8kLjgqvSH,indicator_36,511,36
2023-09-01,Simbhaoli,mSef7qX2gGM,ui45G8KwpzU.Ti9FJqkSK6J,392.0,2.0,2024.0,2a,p,86.0,Hapur,CZ8kLjgqvSH,indicator_2,511,2
2023-09-01,Simbhaoli,mSef7qX2gGM,GJKYhq2wR9L,499.0,2.0,2024.0,7a,p,86.0,Hapur,CZ8kLjgqvSH,indicator_7,511,7
2023-09-01,Simbhaoli,mSef7qX2gGM,NI0EC5no6PO,326.0,2.0,2024.0,10a,p,86.0,Hapur,CZ8kLjgqvSH,indicator_10,511,10
2023-09-01,Auraiya Airwa Katra,JUDfktiXVjn,aRueVYr35yM.Ti9FJqkSK6J,123.0,2.0,2024.0,36b,p,346.0,Auraiya,Bd6E8zkVvVt,indicator_36,534,36
2023-09-01,Auraiya Airwa Katra,JUDfktiXVjn,ixBYYYjxXPP,123.0,2.0,2024.0,36a,p,346.0,Auraiya,Bd6E8zkVvVt,indicator_36,534,36
2023-09-01,Auraiya Airwa Katra,JUDfktiXVjn,ui45G8KwpzU.Ti9FJqkSK6J,176.0,2.0,2024.0,2a,p,346.0,Auraiya,Bd6E8zkVvVt,indicator_2,534,2
2023-09-01,Auraiya Airwa Katra,JUDfktiXVjn,GJKYhq2wR9L,348.0,2.0,2024.0,7a,p,346.0,Auraiya,Bd6E8zkVvVt,indicator_7,534,7
2023-09-01,Auraiya Airwa Katra,JUDfktiXVjn,NI0EC5no6PO,365.0,2.0,2024.0,10a,p,346.0,Auraiya,Bd6E8zkVvVt,indicator_10,534,10
2023-09-01,Auraiya Bhagyanagar,UqkEQavyage,aRueVYr35yM.Ti9FJqkSK6J,280.0,2.0,2024.0,36b,p,351.0,Auraiya,Bd6E8zkVvVt,indicator_36,561,36
2023-09-01,Auraiya Bhagyanagar,UqkEQavyage,ixBYYYjxXPP,265.0,2.0,2024.0,36a,p,351.0,Auraiya,Bd6E8zkVvVt,indicator_36,561,36
2023-09-01,Auraiya Bhagyanagar,UqkEQavyage,ui45G8KwpzU.Ti9FJqkSK6J,560.0,2.0,2024.0,2a,p,351.0,Auraiya,Bd6E8zkVvVt,indicator_2,561,2
2023-09-01,Auraiya Bhagyanagar,UqkEQavyage,GJKYhq2wR9L,593.0,2.0,2024.0,7a,p,351.0,Auraiya,Bd6E8zkVvVt,indicator_7,561,7
2023-09-01,Auraiya Bhagyanagar,UqkEQavyage,NI0EC5no6PO,398.0,2.0,2024.0,10a,p,351.0,Auraiya,Bd6E8zkVvVt,indicator_10,561,10
2023-09-01,Auraiya Bidhuna,Uqr9pGSBzRf,aRueVYr35yM.Ti9FJqkSK6J,305.0,2.0,2024.0,36b,p,347.0,Auraiya,Bd6E8zkVvVt,indicator_36,313,36
2023-09-01,Auraiya Bidhuna,Uqr9pGSBzRf,ixBYYYjxXPP,230.0,2.0,2024.0,36a,p,347.0,Auraiya,Bd6E8zkVvVt,indicator_36,313,36
2023-09-01,Auraiya Bidhuna,Uqr9pGSBzRf,ui45G8KwpzU.Ti9FJqkSK6J,587.0,2.0,2024.0,2a,p,347.0,Auraiya,Bd6E8zkVvVt,indicator_2,313,2
2023-09-01,Auraiya Bidhuna,Uqr9pGSBzRf,GJKYhq2wR9L,784.0,2.0,2024.0,7a,p,347.0,Auraiya,Bd6E8zkVvVt,indicator_7,313,7
2023-09-01,Auraiya Bidhuna,Uqr9pGSBzRf,NI0EC5no6PO,530.0,2.0,2024.0,10a,p,347.0,Auraiya,Bd6E8zkVvVt,indicator_10,313,10
2023-09-01,Auraiya Auriya,baHOn9wfzJ1,aRueVYr35yM.Ti9FJqkSK6J,85.0,2.0,2024.0,36b,p,352.0,Auraiya,Bd6E8zkVvVt,indicator_36,900,36
2023-09-01,Auraiya Auriya,baHOn9wfzJ1,ixBYYYjxXPP,0.0,2.0,2024.0,36a,p,352.0,Auraiya,Bd6E8zkVvVt,indicator_36,900,36
2023-09-01,Auraiya Auriya,baHOn9wfzJ1,ui45G8KwpzU.Ti9FJqkSK6J,381.0,2.0,2024.0,2a,p,352.0,Auraiya,Bd6E8zkVvVt,indicator_2,900,2
2023-09-01,Auraiya Auriya,baHOn9wfzJ1,GJKYhq2wR9L,444.0,2.0,2024.0,7a,p,352.0,Auraiya,Bd6E8zkVvVt,indicator_7,900,7
2023-09-01,Auraiya Auriya,baHOn9wfzJ1,NI0EC5no6PO,84.0,2.0,2024.0,10a,p,352.0,Auraiya,Bd6E8zkVvVt,indicator_10,900,10
2023-09-01,Auraiya Ajitmal,guhyL5WpMTF,aRueVYr35yM.Ti9FJqkSK6J,299.0,2.0,2024.0,36b,p,350.0,Auraiya,Bd6E8zkVvVt,indicator_36,528,36
2023-09-01,Auraiya Ajitmal,guhyL5WpMTF,ixBYYYjxXPP,244.0,2.0,2024.0,36a,p,350.0,Auraiya,Bd6E8zkVvVt,indicator_36,528,36
2023-09-01,Auraiya Ajitmal,guhyL5WpMTF,ui45G8KwpzU.Ti9FJqkSK6J,672.0,2.0,2024.0,2a,p,350.0,Auraiya,Bd6E8zkVvVt,indicator_2,528,2
2023-09-01,Auraiya Ajitmal,guhyL5WpMTF,GJKYhq2wR9L,497.0,2.0,2024.0,7a,p,350.0,Auraiya,Bd6E8zkVvVt,indicator_7,528,7
2023-09-01,Auraiya Ajitmal,guhyL5WpMTF,NI0EC5no6PO,647.0,2.0,2024.0,10a,p,350.0,Auraiya,Bd6E8zkVvVt,indicator_10,528,10
2023-09-01,Auraiya Achhalda,iT6mwbFSnli,aRueVYr35yM.Ti9FJqkSK6J,183.0,2.0,2024.0,36b,p,348.0,Auraiya,Bd6E8zkVvVt,indicator_36,638,36
2023-09-01,Auraiya Achhalda,iT6mwbFSnli,ixBYYYjxXPP,183.0,2.0,2024.0,36a,p,348.0,Auraiya,Bd6E8zkVvVt,indicator_36,638,36
2023-09-01,Auraiya Achhalda,iT6mwbFSnli,ui45G8KwpzU.Ti9FJqkSK6J,320.0,2.0,2024.0,2a,p,348.0,Auraiya,Bd6E8zkVvVt,indicator_2,638,2
2023-09-01,Auraiya Achhalda,iT6mwbFSnli,GJKYhq2wR9L,276.0,2.0,2024.0,7a,p,348.0,Auraiya,Bd6E8zkVvVt,indicator_7,638,7
2023-09-01,Auraiya Achhalda,iT6mwbFSnli,NI0EC5no6PO,233.0,2.0,2024.0,10a,p,348.0,Auraiya,Bd6E8zkVvVt,indicator_10,638,10
2023-09-01,Auraiya DHQ,lMDCwvmApOX,aRueVYr35yM.Ti9FJqkSK6J,314.0,2.0,2024.0,36b,p,,Auraiya,Bd6E8zkVvVt,indicator_36,538,36
2023-09-01,Auraiya DHQ,lMDCwvmApOX,ui45G8KwpzU.Ti9FJqkSK6J,561.0,2.0,2024.0,2a,p,,Auraiya,Bd6E8zkVvVt,indicator_2,538,2
2023-09-01,Auraiya DHQ,lMDCwvmApOX,GJKYhq2wR9L,226.0,2.0,2024.0,7a,p,,Auraiya,Bd6E8zkVvVt,indicator_7,538,7
2023-09-01,Auraiya DHQ,lMDCwvmApOX,NI0EC5no6PO,861.0,2.0,2024.0,10a,p,,Auraiya,Bd6E8zkVvVt,indicator_10,538,10
2023-09-01,Auraiya Sahar,ogSTp4HnpXK,aRueVYr35yM.Ti9FJqkSK6J,252.0,2.0,2024.0,36b,p,349.0,Auraiya,Bd6E8zkVvVt,indicator_36,704,36
2023-09-01,Auraiya Sahar,ogSTp4HnpXK,ixBYYYjxXPP,246.0,2.0,2024.0,36a,p,349.0,Auraiya,Bd6E8zkVvVt,indicator_36,704,36
2023-09-01,Auraiya Sahar,ogSTp4HnpXK,ui45G8KwpzU.Ti9FJqkSK6J,408.0,2.0,2024.0,2a,p,349.0,Auraiya,Bd6E8zkVvVt,indicator_2,704,2
2023-09-01,Auraiya Sahar,ogSTp4HnpXK,GJKYhq2wR9L,354.0,2.0,2024.0,7a,p,349.0,Auraiya,Bd6E8zkVvVt,indicator_7,704,7
2023-09-01,Auraiya Sahar,ogSTp4HnpXK,NI0EC5no6PO,424.0,2.0,2024.0,10a,p,349.0,Auraiya,Bd6E8zkVvVt,indicator_10,704,10
2023-09-01,Bijua,Jmwf6ICjPJQ,aRueVYr35yM.Ti9FJqkSK6J,404.0,2.0,2024.0,36b,p,230.0,Lakhimpur Kheri,d9ZuMopgX29,indicator_36,37,36
2023-09-01,Bijua,Jmwf6ICjPJQ,ixBYYYjxXPP,0.0,2.0,2024.0,36a,p,230.0,Lakhimpur Kheri,d9ZuMopgX29,indicator_36,37,36
2023-09-01,Bijua,Jmwf6ICjPJQ,ui45G8KwpzU.Ti9FJqkSK6J,783.0,2.0,2024.0,2a,p,230.0,Lakhimpur Kheri,d9ZuMopgX29,indicator_2,37,2
2023-09-01,Bijua,Jmwf6ICjPJQ,GJKYhq2wR9L,610.0,2.0,2024.0,7a,p,230.0,Lakhimpur Kheri,d9ZuMopgX29,indicator_7,37,7
2023-09-01,Bijua,Jmwf6ICjPJQ,NI0EC5no6PO,536.0,2.0,2024.0,10a,p,230.0,Lakhimpur Kheri,d9ZuMopgX29,indicator_10,37,10
2023-09-01,Nighasan,K3Wk4SSTOVC,aRueVYr35yM.Ti9FJqkSK6J,513.0,2.0,2024.0,36b,p,226.0,Lakhimpur Kheri,d9ZuMopgX29,indicator_36,786,36
2023-09-01,Nighasan,K3Wk4SSTOVC,ixBYYYjxXPP,0.0,2.0,2024.0,36a,p,226.0,Lakhimpur Kheri,d9ZuMopgX29,indicator_36,786,36
2023-09-01,Nighasan,K3Wk4SSTOVC,ui45G8KwpzU.Ti9FJqkSK6J,749.0,2.0,2024.0,2a,p,226.0,Lakhimpur Kheri,d9ZuMopgX29,indicator_2,786,2
2023-09-01,Nighasan,K3Wk4SSTOVC,GJKYhq2wR9L,789.0,2.0,2024.0,7a,p,226.0,Lakhimpur Kheri,d9ZuMopgX29,indicator_7,786,7
2023-09-01,Nighasan,K3Wk4SSTOVC,NI0EC5no6PO,943.0,2.0,2024.0,10a,p,226.0,Lakhimpur Kheri,d9ZuMopgX29,indicator_10,786,10
2023-09-01,Mitoli,Owih8es2MY7,aRueVYr35yM.Ti9FJqkSK6J,433.0,2.0,2024.0,36b,p,232.0,Lakhimpur Kheri,d9ZuMopgX29,indicator_36,222,36
2023-09-01,Mitoli,Owih8es2MY7,ixBYYYjxXPP,230.0,2.0,2024.0,36a,p,232.0,Lakhimpur Kheri,d9ZuMopgX29,indicator_36,222,36
2023-09-01,Mitoli,Owih8es2MY7,ui45G8KwpzU.Ti9FJqkSK6J,772.0,2.0,2024.0,2a,p,232.0,Lakhimpur Kheri,d9ZuMopgX29,indicator_2,222,2
2023-09-01,Mitoli,Owih8es2MY7,GJKYhq2wR9L,553.0,2.0,2024.0,7a,p,232.0,Lakhimpur Kheri,d9ZuMopgX29,indicator_7,222,7
2023-09-01,Mitoli,Owih8es2MY7,NI0EC5no6PO,860.0,2.0,2024.0,10a,p,232.0,Lakhimpur Kheri,d9ZuMopgX29,indicator_10,222,10
2023-09-01,Lakhimpur DHQ,PDw9OZ2oKqK,aRueVYr35yM.Ti9FJqkSK6J,848.0,2.0,2024.0,36b,p,,Lakhimpur Kheri,d9ZuMopgX29,indicator_36,177,36
2023-09-01,Lakhimpur DHQ,PDw9OZ2oKqK,ixBYYYjxXPP,537.0,2.0,2024.0,36a,p,,Lakhimpur Kheri,d9ZuMopgX29,indicator_36,177,36
2023-09-01,Lakhimpur DHQ,PDw9OZ2oKqK,ui45G8KwpzU.Ti9FJqkSK6J,1241.0,2.0,2024.0,2a,p,,Lakhimpur Kheri,d9ZuMopgX29,indicator_2,177,2
2023-09-01,Lakhimpur DHQ,PDw9OZ2oKqK,GJKYhq2wR9L,554.0,2.0,2024.0,7a,p,,Lakhimpur Kheri,d9ZuMopgX29,indicator_7,177,7
2023-09-01,Lakhimpur DHQ,PDw9OZ2oKqK,NI0EC5no6PO,848.0,2.0,2024.0,10a,p,,Lakhimpur Kheri,d9ZuMopgX29,indicator_10,177,10
2023-09-01,Mohamdi Kheri,SiLZVlguB9v,aRueVYr35yM.Ti9FJqkSK6J,464.0,2.0,2024.0,36b,p,231.0,Lakhimpur Kheri,d9ZuMopgX29,indicator_36,165,36
2023-09-01,Mohamdi Kheri,SiLZVlguB9v,ixBYYYjxXPP,405.0,2.0,2024.0,36a,p,231.0,Lakhimpur Kheri,d9ZuMopgX29,indicator_36,165,36
2023-09-01,Mohamdi Kheri,SiLZVlguB9v,aRueVYr35yM.Ti9FJqkSK6J,421.0,2.0,2024.0,36b,p,231.0,Lakhimpur Kheri,d9ZuMopgX29,indicator_36,165,36
2023-09-01,Mohamdi Kheri,SiLZVlguB9v,ui45G8KwpzU.Ti9FJqkSK6J,813.0,2.0,2024.0,2a,p,231.0,Lakhimpur Kheri,d9ZuMopgX29,indicator_2,165,2
2023-09-01,Mohamdi Kheri,SiLZVlguB9v,GJKYhq2wR9L,819.0,2.0,2024.0,7a,p,231.0,Lakhimpur Kheri,d9ZuMopgX29,indicator_7,165,7
2023-09-01,Mohamdi Kheri,SiLZVlguB9v,NI0EC5no6PO,790.0,2.0,2024.0,10a,p,231.0,Lakhimpur Kheri,d9ZuMopgX29,indicator_10,165,10
2023-09-01,Nakha,UbmM3fTe8D0,aRueVYr35yM.Ti9FJqkSK6J,490.0,2.0,2024.0,36b,p,237.0,Lakhimpur Kheri,d9ZuMopgX29,indicator_36,582,36
2023-09-01,Nakha,UbmM3fTe8D0,ixBYYYjxXPP,359.0,2.0,2024.0,36a,p,237.0,Lakhimpur Kheri,d9ZuMopgX29,indicator_36,582,36
2023-09-01,Nakha,UbmM3fTe8D0,ui45G8KwpzU.Ti9FJqkSK6J,605.0,2.0,2024.0,2a,p,237.0,Lakhimpur Kheri,d9ZuMopgX29,indicator_2,582,2
2023-09-01,Nakha,UbmM3fTe8D0,GJKYhq2wR9L,543.0,2.0,2024.0,7a,p,237.0,Lakhimpur Kheri,d9ZuMopgX29,indicator_7,582,7
2023-09-01,Nakha,UbmM3fTe8D0,NI0EC5no6PO,804.0,2.0,2024.0,10a,p,237.0,Lakhimpur Kheri,d9ZuMopgX29,indicator_10,582,10
2023-09-01,Bakeganj,dCxTVCyf17s,aRueVYr35yM.Ti9FJqkSK6J,334.0,2.0,2024.0,36b,p,229.0,Lakhimpur Kheri,d9ZuMopgX29,indicator_36,197,36
2023-09-01,Bakeganj,dCxTVCyf17s,ixBYYYjxXPP,0.0,2.0,2024.0,36a,p,229.0,Lakhimpur Kheri,d9ZuMopgX29,indicator_36,197,36
2023-09-01,Bakeganj,dCxTVCyf17s,ui45G8KwpzU.Ti9FJqkSK6J,596.0,2.0,2024.0,2a,p,229.0,Lakhimpur Kheri,d9ZuMopgX29,indicator_2,197,2
2023-09-01,Bakeganj,dCxTVCyf17s,GJKYhq2wR9L,476.0,2.0,2024.0,7a,p,229.0,Lakhimpur Kheri,d9ZuMopgX29,indicator_7,197,7
2023-09-01,Bakeganj,dCxTVCyf17s,NI0EC5no6PO,568.0,2.0,2024.0,10a,p,229.0,Lakhimpur Kheri,d9ZuMopgX29,indicator_10,197,10
2023-09-01,Pallia,dQnnkXYAcff,aRueVYr35yM.Ti9FJqkSK6J,401.0,2.0,2024.0,36b,p,225.0,Lakhimpur Kheri,d9ZuMopgX29,indicator_36,290,36
2023-09-01,Pallia,dQnnkXYAcff,ixBYYYjxXPP,375.0,2.0,2024.0,36a,p,225.0,Lakhimpur Kheri,d9ZuMopgX29,indicator_36,290,36
2023-09-01,Pallia,dQnnkXYAcff,ui45G8KwpzU.Ti9FJqkSK6J,757.0,2.0,2024.0,2a,p,225.0,Lakhimpur Kheri,d9ZuMopgX29,indicator_2,290,2
2023-09-01,Pallia,dQnnkXYAcff,GJKYhq2wR9L,611.0,2.0,2024.0,7a,p,225.0,Lakhimpur Kheri,d9ZuMopgX29,indicator_7,290,7
2023-09-01,Pallia,dQnnkXYAcff,NI0EC5no6PO,805.0,2.0,2024.0,10a,p,225.0,Lakhimpur Kheri,d9ZuMopgX29,indicator_10,290,10
2023-09-01,Phardhan,deLO0JKgzP6,aRueVYr35yM.Ti9FJqkSK6J,182.0,2.0,2024.0,36b,p,235.0,Lakhimpur Kheri,d9ZuMopgX29,indicator_36,206,36
2023-09-01,Phardhan,deLO0JKgzP6,ixBYYYjxXPP,0.0,2.0,2024.0,36a,p,235.0,Lakhimpur Kheri,d9ZuMopgX29,indicator_36,206,36
2023-09-01,Phardhan,deLO0JKgzP6,ui45G8KwpzU.Ti9FJqkSK6J,761.0,2.0,2024.0,2a,p,235.0,Lakhimpur Kheri,d9ZuMopgX29,indicator_2,206,2
2023-09-01,Phardhan,deLO0JKgzP6,GJKYhq2wR9L,615.0,2.0,2024.0,7a,p,235.0,Lakhimpur Kheri,d9ZuMopgX29,indicator_7,206,7
2023-09-01,Phardhan,deLO0JKgzP6,NI0EC5no6PO,958.0,2.0,2024.0,10a,p,235.0,Lakhimpur Kheri,d9ZuMopgX29,indicator_10,206,10
2023-09-01,Pasgawa,el8CoMxhsji,aRueVYr35yM.Ti9FJqkSK6J,404.0,2.0,2024.0,36b,p,233.0,Lakhimpur Kheri,d9ZuMopgX29,indicator_36,108,36
2023-09-01,Pasgawa,el8CoMxhsji,ui45G8KwpzU.Ti9FJqkSK6J,839.0,2.0,2024.0,2a,p,233.0,Lakhimpur Kheri,d9ZuMopgX29,indicator_2,108,2
2023-09-01,Pasgawa,el8CoMxhsji,GJKYhq2wR9L,631.0,2.0,2024.0,7a,p,233.0,Lakhimpur Kheri,d9ZuMopgX29,indicator_7,108,7
2023-09-01,Pasgawa,el8CoMxhsji,NI0EC5no6PO,825.0,2.0,2024.0,10a,p,233.0,Lakhimpur Kheri,d9ZuMopgX29,indicator_10,108,10
2023-09-01,Dharora,gEphd9O9pPr,aRueVYr35yM.Ti9FJqkSK6J,389.0,2.0,2024.0,36b,p,238.0,Lakhimpur Kheri,d9ZuMopgX29,indicator_36,612,36
2023-09-01,Dharora,gEphd9O9pPr,ixBYYYjxXPP,101.0,2.0,2024.0,36a,p,238.0,Lakhimpur Kheri,d9ZuMopgX29,indicator_36,612,36
2023-09-01,Dharora,gEphd9O9pPr,ui45G8KwpzU.Ti9FJqkSK6J,602.0,2.0,2024.0,2a,p,238.0,Lakhimpur Kheri,d9ZuMopgX29,indicator_2,612,2
2023-09-01,Dharora,gEphd9O9pPr,GJKYhq2wR9L,606.0,2.0,2024.0,7a,p,238.0,Lakhimpur Kheri,d9ZuMopgX29,indicator_7,612,7
2023-09-01,Dharora,gEphd9O9pPr,NI0EC5no6PO,848.0,2.0,2024.0,10a,p,238.0,Lakhimpur Kheri,d9ZuMopgX29,indicator_10,612,10
2023-09-01,Phoolbhar,kKTBu6UpSYl,aRueVYr35yM.Ti9FJqkSK6J,319.0,2.0,2024.0,36b,p,236.0,Lakhimpur Kheri,d9ZuMopgX29,indicator_36,587,36
2023-09-01,Phoolbhar,kKTBu6UpSYl,ixBYYYjxXPP,0.0,2.0,2024.0,36a,p,236.0,Lakhimpur Kheri,d9ZuMopgX29,indicator_36,587,36
2023-09-01,Phoolbhar,kKTBu6UpSYl,aRueVYr35yM.Ti9FJqkSK6J,225.0,2.0,2024.0,36b,p,236.0,Lakhimpur Kheri,d9ZuMopgX29,indicator_36,587,36
2023-09-01,Phoolbhar,kKTBu6UpSYl,ui45G8KwpzU.Ti9FJqkSK6J,750.0,2.0,2024.0,2a,p,236.0,Lakhimpur Kheri,d9ZuMopgX29,indicator_2,587,2
2023-09-01,Phoolbhar,kKTBu6UpSYl,GJKYhq2wR9L,518.0,2.0,2024.0,7a,p,236.0,Lakhimpur Kheri,d9ZuMopgX29,indicator_7,587,7
2023-09-01,Phoolbhar,kKTBu6UpSYl,NI0EC5no6PO,589.0,2.0,2024.0,10a,p,236.0,Lakhimpur Kheri,d9ZuMopgX29,indicator_10,587,10
2023-09-01,Kumbhi,lbRa62r2r1d,aRueVYr35yM.Ti9FJqkSK6J,569.0,2.0,2024.0,36b,p,228.0,Lakhimpur Kheri,d9ZuMopgX29,indicator_36,397,36
2023-09-01,Kumbhi,lbRa62r2r1d,ixBYYYjxXPP,302.0,2.0,2024.0,36a,p,228.0,Lakhimpur Kheri,d9ZuMopgX29,indicator_36,397,36
2023-09-01,Kumbhi,lbRa62r2r1d,aRueVYr35yM.Ti9FJqkSK6J,440.0,2.0,2024.0,36b,p,228.0,Lakhimpur Kheri,d9ZuMopgX29,indicator_36,397,36
2023-09-01,Kumbhi,lbRa62r2r1d,ui45G8KwpzU.Ti9FJqkSK6J,989.0,2.0,2024.0,2a,p,228.0,Lakhimpur Kheri,d9ZuMopgX29,indicator_2,397,2
2023-09-01,Kumbhi,lbRa62r2r1d,GJKYhq2wR9L,784.0,2.0,2024.0,7a,p,228.0,Lakhimpur Kheri,d9ZuMopgX29,indicator_7,397,7
2023-09-01,Kumbhi,lbRa62r2r1d,NI0EC5no6PO,989.0,2.0,2024.0,10a,p,228.0,Lakhimpur Kheri,d9ZuMopgX29,indicator_10,397,10
2023-09-01,Isanagar,qbwnjNH34Cw,aRueVYr35yM.Ti9FJqkSK6J,564.0,2.0,2024.0,36b,p,239.0,Lakhimpur Kheri,d9ZuMopgX29,indicator_36,425,36
2023-09-01,Isanagar,qbwnjNH34Cw,ixBYYYjxXPP,315.0,2.0,2024.0,36a,p,239.0,Lakhimpur Kheri,d9ZuMopgX29,indicator_36,425,36
2023-09-01,Isanagar,qbwnjNH34Cw,ui45G8KwpzU.Ti9FJqkSK6J,719.0,2.0,2024.0,2a,p,239.0,Lakhimpur Kheri,d9ZuMopgX29,indicator_2,425,2
2023-09-01,Isanagar,qbwnjNH34Cw,GJKYhq2wR9L,590.0,2.0,2024.0,7a,p,239.0,Lakhimpur Kheri,d9ZuMopgX29,indicator_7,425,7
2023-09-01,Isanagar,qbwnjNH34Cw,NI0EC5no6PO,769.0,2.0,2024.0,10a,p,239.0,Lakhimpur Kheri,d9ZuMopgX29,indicator_10,425,10
2023-09-01,Behjam,qoqWCWNVx1j,aRueVYr35yM.Ti9FJqkSK6J,409.0,2.0,2024.0,36b,p,234.0,Lakhimpur Kheri,d9ZuMopgX29,indicator_36,545,36
2023-09-01,Behjam,qoqWCWNVx1j,ixBYYYjxXPP,341.0,2.0,2024.0,36a,p,234.0,Lakhimpur Kheri,d9ZuMopgX29,indicator_36,545,36
2023-09-01,Behjam,qoqWCWNVx1j,ui45G8KwpzU.Ti9FJqkSK6J,549.0,2.0,2024.0,2a,p,234.0,Lakhimpur Kheri,d9ZuMopgX29,indicator_2,545,2
2023-09-01,Behjam,qoqWCWNVx1j,GJKYhq2wR9L,539.0,2.0,2024.0,7a,p,234.0,Lakhimpur Kheri,d9ZuMopgX29,indicator_7,545,7
2023-09-01,Behjam,qoqWCWNVx1j,NI0EC5no6PO,545.0,2.0,2024.0,10a,p,234.0,Lakhimpur Kheri,d9ZuMopgX29,indicator_10,545,10
2023-09-01,Ramia Behar,yl4FsPXJXvw,aRueVYr35yM.Ti9FJqkSK6J,325.0,2.0,2024.0,36b,p,227.0,Lakhimpur Kheri,d9ZuMopgX29,indicator_36,204,36
2023-09-01,Ramia Behar,yl4FsPXJXvw,ixBYYYjxXPP,0.0,2.0,2024.0,36a,p,227.0,Lakhimpur Kheri,d9ZuMopgX29,indicator_36,204,36
2023-09-01,Ramia Behar,yl4FsPXJXvw,ui45G8KwpzU.Ti9FJqkSK6J,705.0,2.0,2024.0,2a,p,227.0,Lakhimpur Kheri,d9ZuMopgX29,indicator_2,204,2
2023-09-01,Ramia Behar,yl4FsPXJXvw,GJKYhq2wR9L,449.0,2.0,2024.0,7a,p,227.0,Lakhimpur Kheri,d9ZuMopgX29,indicator_7,204,7
2023-09-01,Ramia Behar,yl4FsPXJXvw,NI0EC5no6PO,662.0,2.0,2024.0,10a,p,227.0,Lakhimpur Kheri,d9ZuMopgX29,indicator_10,204,10
2023-09-01,Gola,KV5wZ2pPQe1,aRueVYr35yM.Ti9FJqkSK6J,262.0,2.0,2024.0,36b,p,647.0,Gorakhpur,vR85cHdsw1w,indicator_36,775,36
2023-09-01,Gola,KV5wZ2pPQe1,ixBYYYjxXPP,98.0,2.0,2024.0,36a,p,647.0,Gorakhpur,vR85cHdsw1w,indicator_36,775,36
2023-09-01,Gola,KV5wZ2pPQe1,ui45G8KwpzU.Ti9FJqkSK6J,509.0,2.0,2024.0,2a,p,647.0,Gorakhpur,vR85cHdsw1w,indicator_2,775,2
2023-09-01,Gola,KV5wZ2pPQe1,GJKYhq2wR9L,390.0,2.0,2024.0,7a,p,647.0,Gorakhpur,vR85cHdsw1w,indicator_7,775,7
2023-09-01,Gola,KV5wZ2pPQe1,NI0EC5no6PO,515.0,2.0,2024.0,10a,p,647.0,Gorakhpur,vR85cHdsw1w,indicator_10,775,10
2023-09-01,Uruwa Gorakhpur,Mohx3LmGLM5,aRueVYr35yM.Ti9FJqkSK6J,223.0,2.0,2024.0,36b,p,642.0,Gorakhpur,vR85cHdsw1w,indicator_36,498,36
2023-09-01,Uruwa Gorakhpur,Mohx3LmGLM5,ixBYYYjxXPP,125.0,2.0,2024.0,36a,p,642.0,Gorakhpur,vR85cHdsw1w,indicator_36,498,36
2023-09-01,Uruwa Gorakhpur,Mohx3LmGLM5,ui45G8KwpzU.Ti9FJqkSK6J,499.0,2.0,2024.0,2a,p,642.0,Gorakhpur,vR85cHdsw1w,indicator_2,498,2
2023-09-01,Uruwa Gorakhpur,Mohx3LmGLM5,GJKYhq2wR9L,510.0,2.0,2024.0,7a,p,642.0,Gorakhpur,vR85cHdsw1w,indicator_7,498,7
2023-09-01,Uruwa Gorakhpur,Mohx3LmGLM5,NI0EC5no6PO,498.0,2.0,2024.0,10a,p,642.0,Gorakhpur,vR85cHdsw1w,indicator_10,498,10
2023-09-01,Sahjanwa,NEdgkoHIHTS,aRueVYr35yM.Ti9FJqkSK6J,172.0,2.0,2024.0,36b,p,633.0,Gorakhpur,vR85cHdsw1w,indicator_36,384,36
2023-09-01,Sahjanwa,NEdgkoHIHTS,ixBYYYjxXPP,171.0,2.0,2024.0,36a,p,633.0,Gorakhpur,vR85cHdsw1w,indicator_36,384,36
2023-09-01,Sahjanwa,NEdgkoHIHTS,ui45G8KwpzU.Ti9FJqkSK6J,1111.0,2.0,2024.0,2a,p,633.0,Gorakhpur,vR85cHdsw1w,indicator_2,384,2
2023-09-01,Sahjanwa,NEdgkoHIHTS,GJKYhq2wR9L,370.0,2.0,2024.0,7a,p,633.0,Gorakhpur,vR85cHdsw1w,indicator_7,384,7
2023-09-01,Sahjanwa,NEdgkoHIHTS,NI0EC5no6PO,1003.0,2.0,2024.0,10a,p,633.0,Gorakhpur,vR85cHdsw1w,indicator_10,384,10
2023-09-01,Brahmpur,P39P0iQKIWH,aRueVYr35yM.Ti9FJqkSK6J,219.0,2.0,2024.0,36b,p,640.0,Gorakhpur,vR85cHdsw1w,indicator_36,684,36
2023-09-01,Brahmpur,P39P0iQKIWH,ixBYYYjxXPP,149.0,2.0,2024.0,36a,p,640.0,Gorakhpur,vR85cHdsw1w,indicator_36,684,36
2023-09-01,Brahmpur,P39P0iQKIWH,ui45G8KwpzU.Ti9FJqkSK6J,511.0,2.0,2024.0,2a,p,640.0,Gorakhpur,vR85cHdsw1w,indicator_2,684,2
2023-09-01,Brahmpur,P39P0iQKIWH,GJKYhq2wR9L,432.0,2.0,2024.0,7a,p,640.0,Gorakhpur,vR85cHdsw1w,indicator_7,684,7
2023-09-01,Brahmpur,P39P0iQKIWH,NI0EC5no6PO,598.0,2.0,2024.0,10a,p,640.0,Gorakhpur,vR85cHdsw1w,indicator_10,684,10
2023-09-01,Kauriram,W4M075uGpIs,aRueVYr35yM.Ti9FJqkSK6J,239.0,2.0,2024.0,36b,p,645.0,Gorakhpur,vR85cHdsw1w,indicator_36,121,36
2023-09-01,Kauriram,W4M075uGpIs,ixBYYYjxXPP,188.0,2.0,2024.0,36a,p,645.0,Gorakhpur,vR85cHdsw1w,indicator_36,121,36
2023-09-01,Kauriram,W4M075uGpIs,ui45G8KwpzU.Ti9FJqkSK6J,523.0,2.0,2024.0,2a,p,645.0,Gorakhpur,vR85cHdsw1w,indicator_2,121,2
2023-09-01,Kauriram,W4M075uGpIs,GJKYhq2wR9L,476.0,2.0,2024.0,7a,p,645.0,Gorakhpur,vR85cHdsw1w,indicator_7,121,7
2023-09-01,Kauriram,W4M075uGpIs,NI0EC5no6PO,494.0,2.0,2024.0,10a,p,645.0,Gorakhpur,vR85cHdsw1w,indicator_10,121,10
2023-09-01,Chargawan,X2K6bByVLd2,aRueVYr35yM.Ti9FJqkSK6J,244.0,2.0,2024.0,36b,p,635.0,Gorakhpur,vR85cHdsw1w,indicator_36,653,36
2023-09-01,Chargawan,X2K6bByVLd2,ixBYYYjxXPP,0.0,2.0,2024.0,36a,p,635.0,Gorakhpur,vR85cHdsw1w,indicator_36,653,36
2023-09-01,Chargawan,X2K6bByVLd2,ui45G8KwpzU.Ti9FJqkSK6J,719.0,2.0,2024.0,2a,p,635.0,Gorakhpur,vR85cHdsw1w,indicator_2,653,2
2023-09-01,Chargawan,X2K6bByVLd2,GJKYhq2wR9L,616.0,2.0,2024.0,7a,p,635.0,Gorakhpur,vR85cHdsw1w,indicator_7,653,7
2023-09-01,Chargawan,X2K6bByVLd2,NI0EC5no6PO,1074.0,2.0,2024.0,10a,p,635.0,Gorakhpur,vR85cHdsw1w,indicator_10,653,10
2023-09-01,Pipraich,X9URGLOiulW,aRueVYr35yM.Ti9FJqkSK6J,260.0,2.0,2024.0,36b,p,638.0,Gorakhpur,vR85cHdsw1w,indicator_36,278,36
2023-09-01,Pipraich,X9URGLOiulW,ixBYYYjxXPP,179.0,2.0,2024.0,36a,p,638.0,Gorakhpur,vR85cHdsw1w,indicator_36,278,36
2023-09-01,Pipraich,X9URGLOiulW,ui45G8KwpzU.Ti9FJqkSK6J,658.0,2.0,2024.0,2a,p,638.0,Gorakhpur,vR85cHdsw1w,indicator_2,278,2
2023-09-01,Pipraich,X9URGLOiulW,GJKYhq2wR9L,510.0,2.0,2024.0,7a,p,638.0,Gorakhpur,vR85cHdsw1w,indicator_7,278,7
2023-09-01,Pipraich,X9URGLOiulW,NI0EC5no6PO,490.0,2.0,2024.0,10a,p,638.0,Gorakhpur,vR85cHdsw1w,indicator_10,278,10
2023-09-01,Khorabar,Yz8M2ESnoFT,aRueVYr35yM.Ti9FJqkSK6J,305.0,2.0,2024.0,36b,p,637.0,Gorakhpur,vR85cHdsw1w,indicator_36,175,36
2023-09-01,Khorabar,Yz8M2ESnoFT,ui45G8KwpzU.Ti9FJqkSK6J,507.0,2.0,2024.0,2a,p,637.0,Gorakhpur,vR85cHdsw1w,indicator_2,175,2
2023-09-01,Khorabar,Yz8M2ESnoFT,GJKYhq2wR9L,410.0,2.0,2024.0,7a,p,637.0,Gorakhpur,vR85cHdsw1w,indicator_7,175,7
2023-09-01,Khorabar,Yz8M2ESnoFT,NI0EC5no6PO,507.0,2.0,2024.0,10a,p,637.0,Gorakhpur,vR85cHdsw1w,indicator_10,175,10
2023-09-01,Gagaha,aJ8DEEvimsM,aRueVYr35yM.Ti9FJqkSK6J,196.0,2.0,2024.0,36b,p,646.0,Gorakhpur,vR85cHdsw1w,indicator_36,778,36
2023-09-01,Gagaha,aJ8DEEvimsM,ixBYYYjxXPP,96.0,2.0,2024.0,36a,p,646.0,Gorakhpur,vR85cHdsw1w,indicator_36,778,36
2023-09-01,Gagaha,aJ8DEEvimsM,ui45G8KwpzU.Ti9FJqkSK6J,490.0,2.0,2024.0,2a,p,646.0,Gorakhpur,vR85cHdsw1w,indicator_2,778,2
2023-09-01,Gagaha,aJ8DEEvimsM,GJKYhq2wR9L,459.0,2.0,2024.0,7a,p,646.0,Gorakhpur,vR85cHdsw1w,indicator_7,778,7
2023-09-01,Gagaha,aJ8DEEvimsM,NI0EC5no6PO,660.0,2.0,2024.0,10a,p,646.0,Gorakhpur,vR85cHdsw1w,indicator_10,778,10
2023-09-01,Piprauli,cDxHC5dDWRe,aRueVYr35yM.Ti9FJqkSK6J,270.0,2.0,2024.0,36b,p,634.0,Gorakhpur,vR85cHdsw1w,indicator_36,164,36
2023-09-01,Piprauli,cDxHC5dDWRe,ixBYYYjxXPP,110.0,2.0,2024.0,36a,p,634.0,Gorakhpur,vR85cHdsw1w,indicator_36,164,36
2023-09-01,Piprauli,cDxHC5dDWRe,aRueVYr35yM.Ti9FJqkSK6J,193.0,2.0,2024.0,36b,p,634.0,Gorakhpur,vR85cHdsw1w,indicator_36,164,36
2023-09-01,Piprauli,cDxHC5dDWRe,ui45G8KwpzU.Ti9FJqkSK6J,577.0,2.0,2024.0,2a,p,634.0,Gorakhpur,vR85cHdsw1w,indicator_2,164,2
2023-09-01,Piprauli,cDxHC5dDWRe,GJKYhq2wR9L,523.0,2.0,2024.0,7a,p,634.0,Gorakhpur,vR85cHdsw1w,indicator_7,164,7
2023-09-01,Piprauli,cDxHC5dDWRe,NI0EC5no6PO,633.0,2.0,2024.0,10a,p,634.0,Gorakhpur,vR85cHdsw1w,indicator_10,164,10
2023-09-01,Jungle Kauriya,ewq9OZKKqta,aRueVYr35yM.Ti9FJqkSK6J,236.0,2.0,2024.0,36b,p,631.0,Gorakhpur,vR85cHdsw1w,indicator_36,375,36
2023-09-01,Jungle Kauriya,ewq9OZKKqta,ixBYYYjxXPP,200.0,2.0,2024.0,36a,p,631.0,Gorakhpur,vR85cHdsw1w,indicator_36,375,36
2023-09-01,Jungle Kauriya,ewq9OZKKqta,aRueVYr35yM.Ti9FJqkSK6J,234.0,2.0,2024.0,36b,p,631.0,Gorakhpur,vR85cHdsw1w,indicator_36,375,36
2023-09-01,Jungle Kauriya,ewq9OZKKqta,ui45G8KwpzU.Ti9FJqkSK6J,966.0,2.0,2024.0,2a,p,631.0,Gorakhpur,vR85cHdsw1w,indicator_2,375,2
2023-09-01,Jungle Kauriya,ewq9OZKKqta,GJKYhq2wR9L,650.0,2.0,2024.0,7a,p,631.0,Gorakhpur,vR85cHdsw1w,indicator_7,375,7
2023-09-01,Jungle Kauriya,ewq9OZKKqta,NI0EC5no6PO,1069.0,2.0,2024.0,10a,p,631.0,Gorakhpur,vR85cHdsw1w,indicator_10,375,10
2023-09-01,Barhalganj,h0bQr9x9gzJ,aRueVYr35yM.Ti9FJqkSK6J,272.0,2.0,2024.0,36b,p,648.0,Gorakhpur,vR85cHdsw1w,indicator_36,90,36
2023-09-01,Barhalganj,h0bQr9x9gzJ,ixBYYYjxXPP,0.0,2.0,2024.0,36a,p,648.0,Gorakhpur,vR85cHdsw1w,indicator_36,90,36
2023-09-01,Barhalganj,h0bQr9x9gzJ,aRueVYr35yM.Ti9FJqkSK6J,200.0,2.0,2024.0,36b,p,648.0,Gorakhpur,vR85cHdsw1w,indicator_36,90,36
2023-09-01,Barhalganj,h0bQr9x9gzJ,ui45G8KwpzU.Ti9FJqkSK6J,509.0,2.0,2024.0,2a,p,648.0,Gorakhpur,vR85cHdsw1w,indicator_2,90,2
2023-09-01,Barhalganj,h0bQr9x9gzJ,GJKYhq2wR9L,448.0,2.0,2024.0,7a,p,648.0,Gorakhpur,vR85cHdsw1w,indicator_7,90,7
2023-09-01,Barhalganj,h0bQr9x9gzJ,NI0EC5no6PO,555.0,2.0,2024.0,10a,p,648.0,Gorakhpur,vR85cHdsw1w,indicator_10,90,10
2023-09-01,Khajni,i8SnEC5fIxD,aRueVYr35yM.Ti9FJqkSK6J,275.0,2.0,2024.0,36b,p,641.0,Gorakhpur,vR85cHdsw1w,indicator_36,791,36
2023-09-01,Khajni,i8SnEC5fIxD,ixBYYYjxXPP,0.0,2.0,2024.0,36a,p,641.0,Gorakhpur,vR85cHdsw1w,indicator_36,791,36
2023-09-01,Khajni,i8SnEC5fIxD,ui45G8KwpzU.Ti9FJqkSK6J,507.0,2.0,2024.0,2a,p,641.0,Gorakhpur,vR85cHdsw1w,indicator_2,791,2
2023-09-01,Khajni,i8SnEC5fIxD,GJKYhq2wR9L,430.0,2.0,2024.0,7a,p,641.0,Gorakhpur,vR85cHdsw1w,indicator_7,791,7
2023-09-01,Khajni,i8SnEC5fIxD,NI0EC5no6PO,510.0,2.0,2024.0,10a,p,641.0,Gorakhpur,vR85cHdsw1w,indicator_10,791,10
2023-09-01,Bhathat,kzpItiarBRF,aRueVYr35yM.Ti9FJqkSK6J,189.0,2.0,2024.0,36b,p,636.0,Gorakhpur,vR85cHdsw1w,indicator_36,899,36
2023-09-01,Bhathat,kzpItiarBRF,ixBYYYjxXPP,415.0,2.0,2024.0,36a,p,636.0,Gorakhpur,vR85cHdsw1w,indicator_36,899,36
2023-09-01,Bhathat,kzpItiarBRF,ui45G8KwpzU.Ti9FJqkSK6J,480.0,2.0,2024.0,2a,p,636.0,Gorakhpur,vR85cHdsw1w,indicator_2,899,2
2023-09-01,Bhathat,kzpItiarBRF,GJKYhq2wR9L,367.0,2.0,2024.0,7a,p,636.0,Gorakhpur,vR85cHdsw1w,indicator_7,899,7
2023-09-01,Bhathat,kzpItiarBRF,NI0EC5no6PO,579.0,2.0,2024.0,10a,p,636.0,Gorakhpur,vR85cHdsw1w,indicator_10,899,10
2023-09-01,Belghat,l4r3ouFQPZS,aRueVYr35yM.Ti9FJqkSK6J,225.0,2.0,2024.0,36b,p,643.0,Gorakhpur,vR85cHdsw1w,indicator_36,683,36
2023-09-01,Belghat,l4r3ouFQPZS,ixBYYYjxXPP,167.0,2.0,2024.0,36a,p,643.0,Gorakhpur,vR85cHdsw1w,indicator_36,683,36
2023-09-01,Belghat,l4r3ouFQPZS,ui45G8KwpzU.Ti9FJqkSK6J,486.0,2.0,2024.0,2a,p,643.0,Gorakhpur,vR85cHdsw1w,indicator_2,683,2
2023-09-01,Belghat,l4r3ouFQPZS,GJKYhq2wR9L,474.0,2.0,2024.0,7a,p,643.0,Gorakhpur,vR85cHdsw1w,indicator_7,683,7
2023-09-01,Belghat,l4r3ouFQPZS,NI0EC5no6PO,584.0,2.0,2024.0,10a,p,643.0,Gorakhpur,vR85cHdsw1w,indicator_10,683,10
2023-09-01,Campierganj,noXyISQsTiJ,aRueVYr35yM.Ti9FJqkSK6J,399.0,2.0,2024.0,36b,p,630.0,Gorakhpur,vR85cHdsw1w,indicator_36,81,36
2023-09-01,Campierganj,noXyISQsTiJ,ixBYYYjxXPP,252.0,2.0,2024.0,36a,p,630.0,Gorakhpur,vR85cHdsw1w,indicator_36,81,36
2023-09-01,Campierganj,noXyISQsTiJ,ui45G8KwpzU.Ti9FJqkSK6J,577.0,2.0,2024.0,2a,p,630.0,Gorakhpur,vR85cHdsw1w,indicator_2,81,2
2023-09-01,Campierganj,noXyISQsTiJ,GJKYhq2wR9L,557.0,2.0,2024.0,7a,p,630.0,Gorakhpur,vR85cHdsw1w,indicator_7,81,7
2023-09-01,Campierganj,noXyISQsTiJ,NI0EC5no6PO,758.0,2.0,2024.0,10a,p,630.0,Gorakhpur,vR85cHdsw1w,indicator_10,81,10
2023-09-01,Pali,nxstNxWEDHb,aRueVYr35yM.Ti9FJqkSK6J,155.0,2.0,2024.0,36b,p,632.0,Gorakhpur,vR85cHdsw1w,indicator_36,71,36
2023-09-01,Pali,nxstNxWEDHb,ixBYYYjxXPP,155.0,2.0,2024.0,36a,p,632.0,Gorakhpur,vR85cHdsw1w,indicator_36,71,36
2023-09-01,Pali,nxstNxWEDHb,ui45G8KwpzU.Ti9FJqkSK6J,386.0,2.0,2024.0,2a,p,632.0,Gorakhpur,vR85cHdsw1w,indicator_2,71,2
2023-09-01,Pali,nxstNxWEDHb,GJKYhq2wR9L,315.0,2.0,2024.0,7a,p,632.0,Gorakhpur,vR85cHdsw1w,indicator_7,71,7
2023-09-01,Pali,nxstNxWEDHb,NI0EC5no6PO,386.0,2.0,2024.0,10a,p,632.0,Gorakhpur,vR85cHdsw1w,indicator_10,71,10
2023-09-01,Gorakhpur DHQ,oER6x75izaS,aRueVYr35yM.Ti9FJqkSK6J,1767.0,2.0,2024.0,36b,p,,Gorakhpur,vR85cHdsw1w,indicator_36,567,36
2023-09-01,Gorakhpur DHQ,oER6x75izaS,ixBYYYjxXPP,881.0,2.0,2024.0,36a,p,,Gorakhpur,vR85cHdsw1w,indicator_36,567,36
2023-09-01,Gorakhpur DHQ,oER6x75izaS,ui45G8KwpzU.Ti9FJqkSK6J,2416.0,2.0,2024.0,2a,p,,Gorakhpur,vR85cHdsw1w,indicator_2,567,2
2023-09-01,Gorakhpur DHQ,oER6x75izaS,GJKYhq2wR9L,1521.0,2.0,2024.0,7a,p,,Gorakhpur,vR85cHdsw1w,indicator_7,567,7
2023-09-01,Gorakhpur DHQ,oER6x75izaS,NI0EC5no6PO,3108.0,2.0,2024.0,10a,p,,Gorakhpur,vR85cHdsw1w,indicator_10,567,10
2023-09-01,Bansgaon,oqobaBlkco3,aRueVYr35yM.Ti9FJqkSK6J,125.0,2.0,2024.0,36b,p,644.0,Gorakhpur,vR85cHdsw1w,indicator_36,286,36
2023-09-01,Bansgaon,oqobaBlkco3,ixBYYYjxXPP,125.0,2.0,2024.0,36a,p,644.0,Gorakhpur,vR85cHdsw1w,indicator_36,286,36
2023-09-01,Bansgaon,oqobaBlkco3,ui45G8KwpzU.Ti9FJqkSK6J,471.0,2.0,2024.0,2a,p,644.0,Gorakhpur,vR85cHdsw1w,indicator_2,286,2
2023-09-01,Bansgaon,oqobaBlkco3,GJKYhq2wR9L,414.0,2.0,2024.0,7a,p,644.0,Gorakhpur,vR85cHdsw1w,indicator_7,286,7
2023-09-01,Bansgaon,oqobaBlkco3,NI0EC5no6PO,579.0,2.0,2024.0,10a,p,644.0,Gorakhpur,vR85cHdsw1w,indicator_10,286,10
2023-09-01,Sardar Nagar,plaloKJOZO2,aRueVYr35yM.Ti9FJqkSK6J,244.0,2.0,2024.0,36b,p,639.0,Gorakhpur,vR85cHdsw1w,indicator_36,250,36
2023-09-01,Sardar Nagar,plaloKJOZO2,ixBYYYjxXPP,0.0,2.0,2024.0,36a,p,639.0,Gorakhpur,vR85cHdsw1w,indicator_36,250,36
2023-09-01,Sardar Nagar,plaloKJOZO2,ui45G8KwpzU.Ti9FJqkSK6J,654.0,2.0,2024.0,2a,p,639.0,Gorakhpur,vR85cHdsw1w,indicator_2,250,2
2023-09-01,Sardar Nagar,plaloKJOZO2,GJKYhq2wR9L,425.0,2.0,2024.0,7a,p,639.0,Gorakhpur,vR85cHdsw1w,indicator_7,250,7
2023-09-01,Sardar Nagar,plaloKJOZO2,NI0EC5no6PO,678.0,2.0,2024.0,10a,p,639.0,Gorakhpur,vR85cHdsw1w,indicator_10,250,10
2023-09-01,Jalalabad Kannauj,OWrTCTjWjzI,aRueVYr35yM.Ti9FJqkSK6J,112.0,2.0,2024.0,36b,p,334.0,Kannauj,IhQbDYRiF8w,indicator_36,686,36
2023-09-01,Jalalabad Kannauj,OWrTCTjWjzI,ixBYYYjxXPP,107.0,2.0,2024.0,36a,p,334.0,Kannauj,IhQbDYRiF8w,indicator_36,686,36
2023-09-01,Jalalabad Kannauj,OWrTCTjWjzI,ui45G8KwpzU.Ti9FJqkSK6J,190.0,2.0,2024.0,2a,p,334.0,Kannauj,IhQbDYRiF8w,indicator_2,686,2
2023-09-01,Jalalabad Kannauj,OWrTCTjWjzI,GJKYhq2wR9L,196.0,2.0,2024.0,7a,p,334.0,Kannauj,IhQbDYRiF8w,indicator_7,686,7
2023-09-01,Jalalabad Kannauj,OWrTCTjWjzI,NI0EC5no6PO,217.0,2.0,2024.0,10a,p,334.0,Kannauj,IhQbDYRiF8w,indicator_10,686,10
2023-09-01,Umarda,QlnYDSaHYHx,aRueVYr35yM.Ti9FJqkSK6J,519.0,2.0,2024.0,36b,p,337.0,Kannauj,IhQbDYRiF8w,indicator_36,4,36
2023-09-01,Umarda,QlnYDSaHYHx,ixBYYYjxXPP,357.0,2.0,2024.0,36a,p,337.0,Kannauj,IhQbDYRiF8w,indicator_36,4,36
2023-09-01,Umarda,QlnYDSaHYHx,aRueVYr35yM.Ti9FJqkSK6J,432.0,2.0,2024.0,36b,p,337.0,Kannauj,IhQbDYRiF8w,indicator_36,4,36
2023-09-01,Umarda,QlnYDSaHYHx,ui45G8KwpzU.Ti9FJqkSK6J,670.0,2.0,2024.0,2a,p,337.0,Kannauj,IhQbDYRiF8w,indicator_2,4,2
2023-09-01,Umarda,QlnYDSaHYHx,GJKYhq2wR9L,592.0,2.0,2024.0,7a,p,337.0,Kannauj,IhQbDYRiF8w,indicator_7,4,7
2023-09-01,Umarda,QlnYDSaHYHx,NI0EC5no6PO,1452.0,2.0,2024.0,10a,p,337.0,Kannauj,IhQbDYRiF8w,indicator_10,4,10
2023-09-01,Gugrapur,ZawkcSeJU8n,aRueVYr35yM.Ti9FJqkSK6J,166.0,2.0,2024.0,36b,p,333.0,Kannauj,IhQbDYRiF8w,indicator_36,158,36
2023-09-01,Gugrapur,ZawkcSeJU8n,ixBYYYjxXPP,101.0,2.0,2024.0,36a,p,333.0,Kannauj,IhQbDYRiF8w,indicator_36,158,36
2023-09-01,Gugrapur,ZawkcSeJU8n,ui45G8KwpzU.Ti9FJqkSK6J,186.0,2.0,2024.0,2a,p,333.0,Kannauj,IhQbDYRiF8w,indicator_2,158,2
2023-09-01,Gugrapur,ZawkcSeJU8n,GJKYhq2wR9L,134.0,2.0,2024.0,7a,p,333.0,Kannauj,IhQbDYRiF8w,indicator_7,158,7
2023-09-01,Gugrapur,ZawkcSeJU8n,NI0EC5no6PO,164.0,2.0,2024.0,10a,p,333.0,Kannauj,IhQbDYRiF8w,indicator_10,158,10
2023-09-01,Chibramau,lqFb50V1HFl,aRueVYr35yM.Ti9FJqkSK6J,667.0,2.0,2024.0,36b,p,330.0,Kannauj,IhQbDYRiF8w,indicator_36,506,36
2023-09-01,Chibramau,lqFb50V1HFl,ixBYYYjxXPP,307.0,2.0,2024.0,36a,p,330.0,Kannauj,IhQbDYRiF8w,indicator_36,506,36
2023-09-01,Chibramau,lqFb50V1HFl,aRueVYr35yM.Ti9FJqkSK6J,336.0,2.0,2024.0,36b,p,330.0,Kannauj,IhQbDYRiF8w,indicator_36,506,36
2023-09-01,Chibramau,lqFb50V1HFl,ui45G8KwpzU.Ti9FJqkSK6J,866.0,2.0,2024.0,2a,p,330.0,Kannauj,IhQbDYRiF8w,indicator_2,506,2
2023-09-01,Chibramau,lqFb50V1HFl,GJKYhq2wR9L,841.0,2.0,2024.0,7a,p,330.0,Kannauj,IhQbDYRiF8w,indicator_7,506,7
2023-09-01,Chibramau,lqFb50V1HFl,NI0EC5no6PO,1041.0,2.0,2024.0,10a,p,330.0,Kannauj,IhQbDYRiF8w,indicator_10,506,10
2023-09-01,Kannauj,w5PW1t5ovb8,aRueVYr35yM.Ti9FJqkSK6J,921.0,2.0,2024.0,36b,p,335.0,Kannauj,IhQbDYRiF8w,indicator_36,540,36
2023-09-01,Kannauj,w5PW1t5ovb8,ixBYYYjxXPP,435.0,2.0,2024.0,36a,p,335.0,Kannauj,IhQbDYRiF8w,indicator_36,540,36
2023-09-01,Kannauj,w5PW1t5ovb8,aRueVYr35yM.Ti9FJqkSK6J,567.0,2.0,2024.0,36b,p,335.0,Kannauj,IhQbDYRiF8w,indicator_36,540,36
2023-09-01,Kannauj,w5PW1t5ovb8,ui45G8KwpzU.Ti9FJqkSK6J,708.0,2.0,2024.0,2a,p,335.0,Kannauj,IhQbDYRiF8w,indicator_2,540,2
2023-09-01,Kannauj,w5PW1t5ovb8,GJKYhq2wR9L,619.0,2.0,2024.0,7a,p,335.0,Kannauj,IhQbDYRiF8w,indicator_7,540,7
2023-09-01,Kannauj,w5PW1t5ovb8,NI0EC5no6PO,526.0,2.0,2024.0,10a,p,335.0,Kannauj,IhQbDYRiF8w,indicator_10,540,10
2023-09-01,Saurikh,wOa6hyubQ9S,aRueVYr35yM.Ti9FJqkSK6J,334.0,2.0,2024.0,36b,p,332.0,Kannauj,IhQbDYRiF8w,indicator_36,765,36
2023-09-01,Saurikh,wOa6hyubQ9S,ixBYYYjxXPP,146.0,2.0,2024.0,36a,p,332.0,Kannauj,IhQbDYRiF8w,indicator_36,765,36
2023-09-01,Saurikh,wOa6hyubQ9S,aRueVYr35yM.Ti9FJqkSK6J,252.0,2.0,2024.0,36b,p,332.0,Kannauj,IhQbDYRiF8w,indicator_36,765,36
2023-09-01,Saurikh,wOa6hyubQ9S,ui45G8KwpzU.Ti9FJqkSK6J,610.0,2.0,2024.0,2a,p,332.0,Kannauj,IhQbDYRiF8w,indicator_2,765,2
2023-09-01,Saurikh,wOa6hyubQ9S,GJKYhq2wR9L,402.0,2.0,2024.0,7a,p,332.0,Kannauj,IhQbDYRiF8w,indicator_7,765,7
2023-09-01,Saurikh,wOa6hyubQ9S,NI0EC5no6PO,355.0,2.0,2024.0,10a,p,332.0,Kannauj,IhQbDYRiF8w,indicator_10,765,10
2023-09-01,Haseran,wjAvKvlMzv0,aRueVYr35yM.Ti9FJqkSK6J,279.0,2.0,2024.0,36b,p,336.0,Kannauj,IhQbDYRiF8w,indicator_36,517,36
2023-09-01,Haseran,wjAvKvlMzv0,ixBYYYjxXPP,220.0,2.0,2024.0,36a,p,336.0,Kannauj,IhQbDYRiF8w,indicator_36,517,36
2023-09-01,Haseran,wjAvKvlMzv0,aRueVYr35yM.Ti9FJqkSK6J,230.0,2.0,2024.0,36b,p,336.0,Kannauj,IhQbDYRiF8w,indicator_36,517,36
2023-09-01,Haseran,wjAvKvlMzv0,ui45G8KwpzU.Ti9FJqkSK6J,398.0,2.0,2024.0,2a,p,336.0,Kannauj,IhQbDYRiF8w,indicator_2,517,2
2023-09-01,Haseran,wjAvKvlMzv0,GJKYhq2wR9L,313.0,2.0,2024.0,7a,p,336.0,Kannauj,IhQbDYRiF8w,indicator_7,517,7
2023-09-01,Haseran,wjAvKvlMzv0,NI0EC5no6PO,511.0,2.0,2024.0,10a,p,336.0,Kannauj,IhQbDYRiF8w,indicator_10,517,10
2023-09-01,Talgram,zFNrX1gsn6L,aRueVYr35yM.Ti9FJqkSK6J,547.0,2.0,2024.0,36b,p,331.0,Kannauj,IhQbDYRiF8w,indicator_36,273,36
2023-09-01,Talgram,zFNrX1gsn6L,ixBYYYjxXPP,0.0,2.0,2024.0,36a,p,331.0,Kannauj,IhQbDYRiF8w,indicator_36,273,36
2023-09-01,Talgram,zFNrX1gsn6L,aRueVYr35yM.Ti9FJqkSK6J,354.0,2.0,2024.0,36b,p,331.0,Kannauj,IhQbDYRiF8w,indicator_36,273,36
2023-09-01,Talgram,zFNrX1gsn6L,ui45G8KwpzU.Ti9FJqkSK6J,814.0,2.0,2024.0,2a,p,331.0,Kannauj,IhQbDYRiF8w,indicator_2,273,2
2023-09-01,Talgram,zFNrX1gsn6L,GJKYhq2wR9L,791.0,2.0,2024.0,7a,p,331.0,Kannauj,IhQbDYRiF8w,indicator_7,273,7
2023-09-01,Talgram,zFNrX1gsn6L,NI0EC5no6PO,291.0,2.0,2024.0,10a,p,331.0,Kannauj,IhQbDYRiF8w,indicator_10,273,10
2023-09-01,Feranda,PgG4CRGzrlZ,aRueVYr35yM.Ti9FJqkSK6J,289.0,2.0,2024.0,36b,p,625.0,Maharajganj,AcnMkNGgc3S,indicator_36,845,36
2023-09-01,Feranda,PgG4CRGzrlZ,ixBYYYjxXPP,275.0,2.0,2024.0,36a,p,625.0,Maharajganj,AcnMkNGgc3S,indicator_36,845,36
2023-09-01,Feranda,PgG4CRGzrlZ,ui45G8KwpzU.Ti9FJqkSK6J,681.0,2.0,2024.0,2a,p,625.0,Maharajganj,AcnMkNGgc3S,indicator_2,845,2
2023-09-01,Feranda,PgG4CRGzrlZ,GJKYhq2wR9L,576.0,2.0,2024.0,7a,p,625.0,Maharajganj,AcnMkNGgc3S,indicator_7,845,7
2023-09-01,Feranda,PgG4CRGzrlZ,NI0EC5no6PO,822.0,2.0,2024.0,10a,p,625.0,Maharajganj,AcnMkNGgc3S,indicator_10,845,10
2023-09-01,Nichlol,WFDYOeK31Ef,aRueVYr35yM.Ti9FJqkSK6J,618.0,2.0,2024.0,36b,p,620.0,Maharajganj,AcnMkNGgc3S,indicator_36,119,36
2023-09-01,Nichlol,WFDYOeK31Ef,ixBYYYjxXPP,339.0,2.0,2024.0,36a,p,620.0,Maharajganj,AcnMkNGgc3S,indicator_36,119,36
2023-09-01,Nichlol,WFDYOeK31Ef,aRueVYr35yM.Ti9FJqkSK6J,375.0,2.0,2024.0,36b,p,620.0,Maharajganj,AcnMkNGgc3S,indicator_36,119,36
2023-09-01,Nichlol,WFDYOeK31Ef,ui45G8KwpzU.Ti9FJqkSK6J,641.0,2.0,2024.0,2a,p,620.0,Maharajganj,AcnMkNGgc3S,indicator_2,119,2
2023-09-01,Nichlol,WFDYOeK31Ef,GJKYhq2wR9L,664.0,2.0,2024.0,7a,p,620.0,Maharajganj,AcnMkNGgc3S,indicator_7,119,7
2023-09-01,Nichlol,WFDYOeK31Ef,NI0EC5no6PO,663.0,2.0,2024.0,10a,p,620.0,Maharajganj,AcnMkNGgc3S,indicator_10,119,10
2023-09-01,Mithora,YhzzNFiy1cg,aRueVYr35yM.Ti9FJqkSK6J,364.0,2.0,2024.0,36b,p,621.0,Maharajganj,AcnMkNGgc3S,indicator_36,615,36
2023-09-01,Mithora,YhzzNFiy1cg,ixBYYYjxXPP,387.0,2.0,2024.0,36a,p,621.0,Maharajganj,AcnMkNGgc3S,indicator_36,615,36
2023-09-01,Mithora,YhzzNFiy1cg,aRueVYr35yM.Ti9FJqkSK6J,275.0,2.0,2024.0,36b,p,621.0,Maharajganj,AcnMkNGgc3S,indicator_36,615,36
2023-09-01,Mithora,YhzzNFiy1cg,ui45G8KwpzU.Ti9FJqkSK6J,614.0,2.0,2024.0,2a,p,621.0,Maharajganj,AcnMkNGgc3S,indicator_2,615,2
2023-09-01,Mithora,YhzzNFiy1cg,GJKYhq2wR9L,726.0,2.0,2024.0,7a,p,621.0,Maharajganj,AcnMkNGgc3S,indicator_7,615,7
2023-09-01,Mithora,YhzzNFiy1cg,NI0EC5no6PO,774.0,2.0,2024.0,10a,p,621.0,Maharajganj,AcnMkNGgc3S,indicator_10,615,10
2023-09-01,Barzmanganj,arETnjnVPdJ,aRueVYr35yM.Ti9FJqkSK6J,346.0,2.0,2024.0,36b,p,623.0,Maharajganj,AcnMkNGgc3S,indicator_36,805,36
2023-09-01,Barzmanganj,arETnjnVPdJ,ixBYYYjxXPP,104.0,2.0,2024.0,36a,p,623.0,Maharajganj,AcnMkNGgc3S,indicator_36,805,36
2023-09-01,Barzmanganj,arETnjnVPdJ,aRueVYr35yM.Ti9FJqkSK6J,283.0,2.0,2024.0,36b,p,623.0,Maharajganj,AcnMkNGgc3S,indicator_36,805,36
2023-09-01,Barzmanganj,arETnjnVPdJ,ui45G8KwpzU.Ti9FJqkSK6J,449.0,2.0,2024.0,2a,p,623.0,Maharajganj,AcnMkNGgc3S,indicator_2,805,2
2023-09-01,Barzmanganj,arETnjnVPdJ,GJKYhq2wR9L,596.0,2.0,2024.0,7a,p,623.0,Maharajganj,AcnMkNGgc3S,indicator_7,805,7
2023-09-01,Barzmanganj,arETnjnVPdJ,NI0EC5no6PO,523.0,2.0,2024.0,10a,p,623.0,Maharajganj,AcnMkNGgc3S,indicator_10,805,10
2023-09-01,Maharajganj,d5GGshi37vh,aRueVYr35yM.Ti9FJqkSK6J,558.0,2.0,2024.0,36b,p,626.0,Maharajganj,AcnMkNGgc3S,indicator_36,696,36
2023-09-01,Maharajganj,d5GGshi37vh,ixBYYYjxXPP,292.0,2.0,2024.0,36a,p,626.0,Maharajganj,AcnMkNGgc3S,indicator_36,696,36
2023-09-01,Maharajganj,d5GGshi37vh,aRueVYr35yM.Ti9FJqkSK6J,518.0,2.0,2024.0,36b,p,626.0,Maharajganj,AcnMkNGgc3S,indicator_36,696,36
2023-09-01,Maharajganj,d5GGshi37vh,ui45G8KwpzU.Ti9FJqkSK6J,608.0,2.0,2024.0,2a,p,626.0,Maharajganj,AcnMkNGgc3S,indicator_2,696,2
2023-09-01,Maharajganj,d5GGshi37vh,GJKYhq2wR9L,601.0,2.0,2024.0,7a,p,626.0,Maharajganj,AcnMkNGgc3S,indicator_7,696,7
2023-09-01,Maharajganj,d5GGshi37vh,NI0EC5no6PO,420.0,2.0,2024.0,10a,p,626.0,Maharajganj,AcnMkNGgc3S,indicator_10,696,10
2023-09-01,Maharajganj DHQ,entrhoaBv1i,aRueVYr35yM.Ti9FJqkSK6J,11.0,2.0,2024.0,36b,p,,Maharajganj,AcnMkNGgc3S,indicator_36,336,36
2023-09-01,Maharajganj DHQ,entrhoaBv1i,ui45G8KwpzU.Ti9FJqkSK6J,66.0,2.0,2024.0,2a,p,,Maharajganj,AcnMkNGgc3S,indicator_2,336,2
2023-09-01,Maharajganj DHQ,entrhoaBv1i,GJKYhq2wR9L,53.0,2.0,2024.0,7a,p,,Maharajganj,AcnMkNGgc3S,indicator_7,336,7
2023-09-01,Maharajganj DHQ,entrhoaBv1i,NI0EC5no6PO,72.0,2.0,2024.0,10a,p,,Maharajganj,AcnMkNGgc3S,indicator_10,336,10
2023-09-01,Lachmipur,fnVx6XeAGvW,aRueVYr35yM.Ti9FJqkSK6J,315.0,2.0,2024.0,36b,p,619.0,Maharajganj,AcnMkNGgc3S,indicator_36,529,36
2023-09-01,Lachmipur,fnVx6XeAGvW,ixBYYYjxXPP,163.0,2.0,2024.0,36a,p,619.0,Maharajganj,AcnMkNGgc3S,indicator_36,529,36
2023-09-01,Lachmipur,fnVx6XeAGvW,ui45G8KwpzU.Ti9FJqkSK6J,573.0,2.0,2024.0,2a,p,619.0,Maharajganj,AcnMkNGgc3S,indicator_2,529,2
2023-09-01,Lachmipur,fnVx6XeAGvW,GJKYhq2wR9L,589.0,2.0,2024.0,7a,p,619.0,Maharajganj,AcnMkNGgc3S,indicator_7,529,7
2023-09-01,Lachmipur,fnVx6XeAGvW,NI0EC5no6PO,768.0,2.0,2024.0,10a,p,619.0,Maharajganj,AcnMkNGgc3S,indicator_10,529,10
2023-09-01,Siswa,hm9hIxLNVN8,aRueVYr35yM.Ti9FJqkSK6J,382.0,2.0,2024.0,36b,p,622.0,Maharajganj,AcnMkNGgc3S,indicator_36,767,36
2023-09-01,Siswa,hm9hIxLNVN8,ixBYYYjxXPP,335.0,2.0,2024.0,36a,p,622.0,Maharajganj,AcnMkNGgc3S,indicator_36,767,36
2023-09-01,Siswa,hm9hIxLNVN8,ui45G8KwpzU.Ti9FJqkSK6J,530.0,2.0,2024.0,2a,p,622.0,Maharajganj,AcnMkNGgc3S,indicator_2,767,2
2023-09-01,Siswa,hm9hIxLNVN8,GJKYhq2wR9L,534.0,2.0,2024.0,7a,p,622.0,Maharajganj,AcnMkNGgc3S,indicator_7,767,7
2023-09-01,Siswa,hm9hIxLNVN8,NI0EC5no6PO,255.0,2.0,2024.0,10a,p,622.0,Maharajganj,AcnMkNGgc3S,indicator_10,767,10
2023-09-01,Paniyara,k0SXa6DYHlU,aRueVYr35yM.Ti9FJqkSK6J,266.0,2.0,2024.0,36b,p,628.0,Maharajganj,AcnMkNGgc3S,indicator_36,12,36
2023-09-01,Paniyara,k0SXa6DYHlU,ixBYYYjxXPP,198.0,2.0,2024.0,36a,p,628.0,Maharajganj,AcnMkNGgc3S,indicator_36,12,36
2023-09-01,Paniyara,k0SXa6DYHlU,ui45G8KwpzU.Ti9FJqkSK6J,672.0,2.0,2024.0,2a,p,628.0,Maharajganj,AcnMkNGgc3S,indicator_2,12,2
2023-09-01,Paniyara,k0SXa6DYHlU,GJKYhq2wR9L,524.0,2.0,2024.0,7a,p,628.0,Maharajganj,AcnMkNGgc3S,indicator_7,12,7
2023-09-01,Paniyara,k0SXa6DYHlU,NI0EC5no6PO,625.0,2.0,2024.0,10a,p,628.0,Maharajganj,AcnMkNGgc3S,indicator_10,12,10
2023-09-01,Dhani,m89LQqFOgTd,aRueVYr35yM.Ti9FJqkSK6J,168.0,2.0,2024.0,36b,p,624.0,Maharajganj,AcnMkNGgc3S,indicator_36,670,36
2023-09-01,Dhani,m89LQqFOgTd,ixBYYYjxXPP,0.0,2.0,2024.0,36a,p,624.0,Maharajganj,AcnMkNGgc3S,indicator_36,670,36
2023-09-01,Dhani,m89LQqFOgTd,ui45G8KwpzU.Ti9FJqkSK6J,265.0,2.0,2024.0,2a,p,624.0,Maharajganj,AcnMkNGgc3S,indicator_2,670,2
2023-09-01,Dhani,m89LQqFOgTd,GJKYhq2wR9L,281.0,2.0,2024.0,7a,p,624.0,Maharajganj,AcnMkNGgc3S,indicator_7,670,7
2023-09-01,Dhani,m89LQqFOgTd,NI0EC5no6PO,417.0,2.0,2024.0,10a,p,624.0,Maharajganj,AcnMkNGgc3S,indicator_10,670,10
2023-09-01,Naothnawan,pK8QXOdmwvY,aRueVYr35yM.Ti9FJqkSK6J,451.0,2.0,2024.0,36b,p,618.0,Maharajganj,AcnMkNGgc3S,indicator_36,248,36
2023-09-01,Naothnawan,pK8QXOdmwvY,ixBYYYjxXPP,196.0,2.0,2024.0,36a,p,618.0,Maharajganj,AcnMkNGgc3S,indicator_36,248,36
2023-09-01,Naothnawan,pK8QXOdmwvY,aRueVYr35yM.Ti9FJqkSK6J,311.0,2.0,2024.0,36b,p,618.0,Maharajganj,AcnMkNGgc3S,indicator_36,248,36
2023-09-01,Naothnawan,pK8QXOdmwvY,ui45G8KwpzU.Ti9FJqkSK6J,641.0,2.0,2024.0,2a,p,618.0,Maharajganj,AcnMkNGgc3S,indicator_2,248,2
2023-09-01,Naothnawan,pK8QXOdmwvY,GJKYhq2wR9L,993.0,2.0,2024.0,7a,p,618.0,Maharajganj,AcnMkNGgc3S,indicator_7,248,7
2023-09-01,Naothnawan,pK8QXOdmwvY,NI0EC5no6PO,1084.0,2.0,2024.0,10a,p,618.0,Maharajganj,AcnMkNGgc3S,indicator_10,248,10
2023-09-01,Ghughali,pNfKKA9YCVD,aRueVYr35yM.Ti9FJqkSK6J,321.0,2.0,2024.0,36b,p,627.0,Maharajganj,AcnMkNGgc3S,indicator_36,731,36
2023-09-01,Ghughali,pNfKKA9YCVD,ixBYYYjxXPP,240.0,2.0,2024.0,36a,p,627.0,Maharajganj,AcnMkNGgc3S,indicator_36,731,36
2023-09-01,Ghughali,pNfKKA9YCVD,aRueVYr35yM.Ti9FJqkSK6J,278.0,2.0,2024.0,36b,p,627.0,Maharajganj,AcnMkNGgc3S,indicator_36,731,36
2023-09-01,Ghughali,pNfKKA9YCVD,ui45G8KwpzU.Ti9FJqkSK6J,537.0,2.0,2024.0,2a,p,627.0,Maharajganj,AcnMkNGgc3S,indicator_2,731,2
2023-09-01,Ghughali,pNfKKA9YCVD,GJKYhq2wR9L,508.0,2.0,2024.0,7a,p,627.0,Maharajganj,AcnMkNGgc3S,indicator_7,731,7
2023-09-01,Ghughali,pNfKKA9YCVD,NI0EC5no6PO,566.0,2.0,2024.0,10a,p,627.0,Maharajganj,AcnMkNGgc3S,indicator_10,731,10
2023-09-01,Partawal,rslNb3Z3IB9,aRueVYr35yM.Ti9FJqkSK6J,365.0,2.0,2024.0,36b,p,629.0,Maharajganj,AcnMkNGgc3S,indicator_36,192,36
2023-09-01,Partawal,rslNb3Z3IB9,ixBYYYjxXPP,250.0,2.0,2024.0,36a,p,629.0,Maharajganj,AcnMkNGgc3S,indicator_36,192,36
2023-09-01,Partawal,rslNb3Z3IB9,aRueVYr35yM.Ti9FJqkSK6J,324.0,2.0,2024.0,36b,p,629.0,Maharajganj,AcnMkNGgc3S,indicator_36,192,36
2023-09-01,Partawal,rslNb3Z3IB9,ui45G8KwpzU.Ti9FJqkSK6J,660.0,2.0,2024.0,2a,p,629.0,Maharajganj,AcnMkNGgc3S,indicator_2,192,2
2023-09-01,Partawal,rslNb3Z3IB9,GJKYhq2wR9L,656.0,2.0,2024.0,7a,p,629.0,Maharajganj,AcnMkNGgc3S,indicator_7,192,7
2023-09-01,Partawal,rslNb3Z3IB9,NI0EC5no6PO,981.0,2.0,2024.0,10a,p,629.0,Maharajganj,AcnMkNGgc3S,indicator_10,192,10
2023-09-01,Shamli Thana Bhawan,PrrfSkPnkmn,aRueVYr35yM.Ti9FJqkSK6J,236.0,2.0,2024.0,36b,p,14.0,Shamli,AdiUcz9BXhx,indicator_36,621,36
2023-09-01,Shamli Thana Bhawan,PrrfSkPnkmn,ixBYYYjxXPP,236.0,2.0,2024.0,36a,p,14.0,Shamli,AdiUcz9BXhx,indicator_36,621,36
2023-09-01,Shamli Thana Bhawan,PrrfSkPnkmn,ui45G8KwpzU.Ti9FJqkSK6J,769.0,2.0,2024.0,2a,p,14.0,Shamli,AdiUcz9BXhx,indicator_2,621,2
2023-09-01,Shamli Thana Bhawan,PrrfSkPnkmn,GJKYhq2wR9L,859.0,2.0,2024.0,7a,p,14.0,Shamli,AdiUcz9BXhx,indicator_7,621,7
2023-09-01,Shamli Thana Bhawan,PrrfSkPnkmn,NI0EC5no6PO,921.0,2.0,2024.0,10a,p,14.0,Shamli,AdiUcz9BXhx,indicator_10,621,10
2023-09-01,Shamli Shamli,QgLrwudkb0M,aRueVYr35yM.Ti9FJqkSK6J,379.0,2.0,2024.0,36b,p,15.0,Shamli,AdiUcz9BXhx,indicator_36,497,36
2023-09-01,Shamli Shamli,QgLrwudkb0M,ixBYYYjxXPP,378.0,2.0,2024.0,36a,p,15.0,Shamli,AdiUcz9BXhx,indicator_36,497,36
2023-09-01,Shamli Shamli,QgLrwudkb0M,ui45G8KwpzU.Ti9FJqkSK6J,1066.0,2.0,2024.0,2a,p,15.0,Shamli,AdiUcz9BXhx,indicator_2,497,2
2023-09-01,Shamli Shamli,QgLrwudkb0M,GJKYhq2wR9L,529.0,2.0,2024.0,7a,p,15.0,Shamli,AdiUcz9BXhx,indicator_7,497,7
2023-09-01,Shamli Shamli,QgLrwudkb0M,NI0EC5no6PO,888.0,2.0,2024.0,10a,p,15.0,Shamli,AdiUcz9BXhx,indicator_10,497,10
2023-09-01,Shamli Kandhla,bJF2UI9uVXK,aRueVYr35yM.Ti9FJqkSK6J,266.0,2.0,2024.0,36b,p,16.0,Shamli,AdiUcz9BXhx,indicator_36,551,36
2023-09-01,Shamli Kandhla,bJF2UI9uVXK,ixBYYYjxXPP,249.0,2.0,2024.0,36a,p,16.0,Shamli,AdiUcz9BXhx,indicator_36,551,36
2023-09-01,Shamli Kandhla,bJF2UI9uVXK,ui45G8KwpzU.Ti9FJqkSK6J,727.0,2.0,2024.0,2a,p,16.0,Shamli,AdiUcz9BXhx,indicator_2,551,2
2023-09-01,Shamli Kandhla,bJF2UI9uVXK,GJKYhq2wR9L,693.0,2.0,2024.0,7a,p,16.0,Shamli,AdiUcz9BXhx,indicator_7,551,7
2023-09-01,Shamli Kandhla,bJF2UI9uVXK,NI0EC5no6PO,1371.0,2.0,2024.0,10a,p,16.0,Shamli,AdiUcz9BXhx,indicator_10,551,10
2023-09-01,Shamli Unn,hYGI5A3Mq94,aRueVYr35yM.Ti9FJqkSK6J,433.0,2.0,2024.0,36b,p,12.0,Shamli,AdiUcz9BXhx,indicator_36,339,36
2023-09-01,Shamli Unn,hYGI5A3Mq94,ixBYYYjxXPP,230.0,2.0,2024.0,36a,p,12.0,Shamli,AdiUcz9BXhx,indicator_36,339,36
2023-09-01,Shamli Unn,hYGI5A3Mq94,ui45G8KwpzU.Ti9FJqkSK6J,677.0,2.0,2024.0,2a,p,12.0,Shamli,AdiUcz9BXhx,indicator_2,339,2
2023-09-01,Shamli Unn,hYGI5A3Mq94,GJKYhq2wR9L,694.0,2.0,2024.0,7a,p,12.0,Shamli,AdiUcz9BXhx,indicator_7,339,7
2023-09-01,Shamli Unn,hYGI5A3Mq94,NI0EC5no6PO,1048.0,2.0,2024.0,10a,p,12.0,Shamli,AdiUcz9BXhx,indicator_10,339,10
2023-09-01,Shamli DHQ,qVXCL4F9Nfc,aRueVYr35yM.Ti9FJqkSK6J,136.0,2.0,2024.0,36b,p,,Shamli,AdiUcz9BXhx,indicator_36,371,36
2023-09-01,Shamli DHQ,qVXCL4F9Nfc,ui45G8KwpzU.Ti9FJqkSK6J,361.0,2.0,2024.0,2a,p,,Shamli,AdiUcz9BXhx,indicator_2,371,2
2023-09-01,Shamli DHQ,qVXCL4F9Nfc,GJKYhq2wR9L,305.0,2.0,2024.0,7a,p,,Shamli,AdiUcz9BXhx,indicator_7,371,7
2023-09-01,Shamli DHQ,qVXCL4F9Nfc,NI0EC5no6PO,305.0,2.0,2024.0,10a,p,,Shamli,AdiUcz9BXhx,indicator_10,371,10
2023-09-01,Shamli Kairana,y1VjuyuoJ29,aRueVYr35yM.Ti9FJqkSK6J,520.0,2.0,2024.0,36b,p,13.0,Shamli,AdiUcz9BXhx,indicator_36,242,36
2023-09-01,Shamli Kairana,y1VjuyuoJ29,ixBYYYjxXPP,489.0,2.0,2024.0,36a,p,13.0,Shamli,AdiUcz9BXhx,indicator_36,242,36
2023-09-01,Shamli Kairana,y1VjuyuoJ29,ui45G8KwpzU.Ti9FJqkSK6J,477.0,2.0,2024.0,2a,p,13.0,Shamli,AdiUcz9BXhx,indicator_2,242,2
2023-09-01,Shamli Kairana,y1VjuyuoJ29,GJKYhq2wR9L,534.0,2.0,2024.0,7a,p,13.0,Shamli,AdiUcz9BXhx,indicator_7,242,7
2023-09-01,Shamli Kairana,y1VjuyuoJ29,NI0EC5no6PO,811.0,2.0,2024.0,10a,p,13.0,Shamli,AdiUcz9BXhx,indicator_10,242,10
2023-09-01,Ramnagar Chitrakoot,QRMxe3qUWkI,aRueVYr35yM.Ti9FJqkSK6J,394.0,2.0,2024.0,36b,p,418.0,Chitrakoot,i2fSZZ3QAJJ,indicator_36,331,36
2023-09-01,Ramnagar Chitrakoot,QRMxe3qUWkI,ixBYYYjxXPP,333.0,2.0,2024.0,36a,p,418.0,Chitrakoot,i2fSZZ3QAJJ,indicator_36,331,36
2023-09-01,Ramnagar Chitrakoot,QRMxe3qUWkI,ui45G8KwpzU.Ti9FJqkSK6J,315.0,2.0,2024.0,2a,p,418.0,Chitrakoot,i2fSZZ3QAJJ,indicator_2,331,2
2023-09-01,Ramnagar Chitrakoot,QRMxe3qUWkI,GJKYhq2wR9L,323.0,2.0,2024.0,7a,p,418.0,Chitrakoot,i2fSZZ3QAJJ,indicator_7,331,7
2023-09-01,Ramnagar Chitrakoot,QRMxe3qUWkI,NI0EC5no6PO,609.0,2.0,2024.0,10a,p,418.0,Chitrakoot,i2fSZZ3QAJJ,indicator_10,331,10
2023-09-01,Mau,RMNCveuyYds,aRueVYr35yM.Ti9FJqkSK6J,386.0,2.0,2024.0,36b,p,419.0,Chitrakoot,i2fSZZ3QAJJ,indicator_36,562,36
2023-09-01,Mau,RMNCveuyYds,ixBYYYjxXPP,245.0,2.0,2024.0,36a,p,419.0,Chitrakoot,i2fSZZ3QAJJ,indicator_36,562,36
2023-09-01,Mau,RMNCveuyYds,ui45G8KwpzU.Ti9FJqkSK6J,350.0,2.0,2024.0,2a,p,419.0,Chitrakoot,i2fSZZ3QAJJ,indicator_2,562,2
2023-09-01,Mau,RMNCveuyYds,GJKYhq2wR9L,346.0,2.0,2024.0,7a,p,419.0,Chitrakoot,i2fSZZ3QAJJ,indicator_7,562,7
2023-09-01,Mau,RMNCveuyYds,NI0EC5no6PO,248.0,2.0,2024.0,10a,p,419.0,Chitrakoot,i2fSZZ3QAJJ,indicator_10,562,10
2023-09-01,Pahari,Xj8oMwQWDUl,aRueVYr35yM.Ti9FJqkSK6J,363.0,2.0,2024.0,36b,p,415.0,Chitrakoot,i2fSZZ3QAJJ,indicator_36,161,36
2023-09-01,Pahari,Xj8oMwQWDUl,ixBYYYjxXPP,354.0,2.0,2024.0,36a,p,415.0,Chitrakoot,i2fSZZ3QAJJ,indicator_36,161,36
2023-09-01,Pahari,Xj8oMwQWDUl,ui45G8KwpzU.Ti9FJqkSK6J,489.0,2.0,2024.0,2a,p,415.0,Chitrakoot,i2fSZZ3QAJJ,indicator_2,161,2
2023-09-01,Pahari,Xj8oMwQWDUl,GJKYhq2wR9L,506.0,2.0,2024.0,7a,p,415.0,Chitrakoot,i2fSZZ3QAJJ,indicator_7,161,7
2023-09-01,Pahari,Xj8oMwQWDUl,NI0EC5no6PO,445.0,2.0,2024.0,10a,p,415.0,Chitrakoot,i2fSZZ3QAJJ,indicator_10,161,10
2023-09-01,Chitrakootdham Karwi,csfXDnN3Xo3,aRueVYr35yM.Ti9FJqkSK6J,450.0,2.0,2024.0,36b,p,416.0,Chitrakoot,i2fSZZ3QAJJ,indicator_36,83,36
2023-09-01,Chitrakootdham Karwi,csfXDnN3Xo3,ixBYYYjxXPP,0.0,2.0,2024.0,36a,p,416.0,Chitrakoot,i2fSZZ3QAJJ,indicator_36,83,36
2023-09-01,Chitrakootdham Karwi,csfXDnN3Xo3,ui45G8KwpzU.Ti9FJqkSK6J,481.0,2.0,2024.0,2a,p,416.0,Chitrakoot,i2fSZZ3QAJJ,indicator_2,83,2
2023-09-01,Chitrakootdham Karwi,csfXDnN3Xo3,GJKYhq2wR9L,618.0,2.0,2024.0,7a,p,416.0,Chitrakoot,i2fSZZ3QAJJ,indicator_7,83,7
2023-09-01,Chitrakootdham Karwi,csfXDnN3Xo3,NI0EC5no6PO,651.0,2.0,2024.0,10a,p,416.0,Chitrakoot,i2fSZZ3QAJJ,indicator_10,83,10
2023-09-01,Chitrakoot DHQ,kuE3K1lT4Ik,aRueVYr35yM.Ti9FJqkSK6J,396.0,2.0,2024.0,36b,p,,Chitrakoot,i2fSZZ3QAJJ,indicator_36,233,36
2023-09-01,Chitrakoot DHQ,kuE3K1lT4Ik,ui45G8KwpzU.Ti9FJqkSK6J,144.0,2.0,2024.0,2a,p,,Chitrakoot,i2fSZZ3QAJJ,indicator_2,233,2
2023-09-01,Chitrakoot DHQ,kuE3K1lT4Ik,GJKYhq2wR9L,185.0,2.0,2024.0,7a,p,,Chitrakoot,i2fSZZ3QAJJ,indicator_7,233,7
2023-09-01,Chitrakoot DHQ,kuE3K1lT4Ik,NI0EC5no6PO,540.0,2.0,2024.0,10a,p,,Chitrakoot,i2fSZZ3QAJJ,indicator_10,233,10
2023-09-01,Manikpur,lNpqSHtjFu3,aRueVYr35yM.Ti9FJqkSK6J,319.0,2.0,2024.0,36b,p,417.0,Chitrakoot,i2fSZZ3QAJJ,indicator_36,349,36
2023-09-01,Manikpur,lNpqSHtjFu3,ixBYYYjxXPP,255.0,2.0,2024.0,36a,p,417.0,Chitrakoot,i2fSZZ3QAJJ,indicator_36,349,36
2023-09-01,Manikpur,lNpqSHtjFu3,ui45G8KwpzU.Ti9FJqkSK6J,393.0,2.0,2024.0,2a,p,417.0,Chitrakoot,i2fSZZ3QAJJ,indicator_2,349,2
2023-09-01,Manikpur,lNpqSHtjFu3,GJKYhq2wR9L,387.0,2.0,2024.0,7a,p,417.0,Chitrakoot,i2fSZZ3QAJJ,indicator_7,349,7
2023-09-01,Manikpur,lNpqSHtjFu3,NI0EC5no6PO,681.0,2.0,2024.0,10a,p,417.0,Chitrakoot,i2fSZZ3QAJJ,indicator_10,349,10
2023-09-01,Baraun,XIqs5K6oAlM,aRueVYr35yM.Ti9FJqkSK6J,186.0,2.0,2024.0,36b,p,327.0,Farrukhabad,uEEwlAGZXWW,indicator_36,346,36
2023-09-01,Baraun,XIqs5K6oAlM,ixBYYYjxXPP,0.0,2.0,2024.0,36a,p,327.0,Farrukhabad,uEEwlAGZXWW,indicator_36,346,36
2023-09-01,Baraun,XIqs5K6oAlM,ui45G8KwpzU.Ti9FJqkSK6J,396.0,2.0,2024.0,2a,p,327.0,Farrukhabad,uEEwlAGZXWW,indicator_2,346,2
2023-09-01,Baraun,XIqs5K6oAlM,GJKYhq2wR9L,407.0,2.0,2024.0,7a,p,327.0,Farrukhabad,uEEwlAGZXWW,indicator_7,346,7
2023-09-01,Baraun,XIqs5K6oAlM,NI0EC5no6PO,111.0,2.0,2024.0,10a,p,327.0,Farrukhabad,uEEwlAGZXWW,indicator_10,346,10
2023-09-01,Mohamudabad,grxxI8LtNsw,aRueVYr35yM.Ti9FJqkSK6J,247.0,2.0,2024.0,36b,p,328.0,Farrukhabad,uEEwlAGZXWW,indicator_36,379,36
2023-09-01,Mohamudabad,grxxI8LtNsw,ixBYYYjxXPP,0.0,2.0,2024.0,36a,p,328.0,Farrukhabad,uEEwlAGZXWW,indicator_36,379,36
2023-09-01,Mohamudabad,grxxI8LtNsw,ui45G8KwpzU.Ti9FJqkSK6J,882.0,2.0,2024.0,2a,p,328.0,Farrukhabad,uEEwlAGZXWW,indicator_2,379,2
2023-09-01,Mohamudabad,grxxI8LtNsw,GJKYhq2wR9L,535.0,2.0,2024.0,7a,p,328.0,Farrukhabad,uEEwlAGZXWW,indicator_7,379,7
2023-09-01,Mohamudabad,grxxI8LtNsw,NI0EC5no6PO,685.0,2.0,2024.0,10a,p,328.0,Farrukhabad,uEEwlAGZXWW,indicator_10,379,10
2023-09-01,Samsabad,istRPh0AKbM,aRueVYr35yM.Ti9FJqkSK6J,141.0,2.0,2024.0,36b,p,325.0,Farrukhabad,uEEwlAGZXWW,indicator_36,563,36
2023-09-01,Samsabad,istRPh0AKbM,ixBYYYjxXPP,131.0,2.0,2024.0,36a,p,325.0,Farrukhabad,uEEwlAGZXWW,indicator_36,563,36
2023-09-01,Samsabad,istRPh0AKbM,ui45G8KwpzU.Ti9FJqkSK6J,687.0,2.0,2024.0,2a,p,325.0,Farrukhabad,uEEwlAGZXWW,indicator_2,563,2
2023-09-01,Samsabad,istRPh0AKbM,GJKYhq2wR9L,604.0,2.0,2024.0,7a,p,325.0,Farrukhabad,uEEwlAGZXWW,indicator_7,563,7
2023-09-01,Samsabad,istRPh0AKbM,NI0EC5no6PO,687.0,2.0,2024.0,10a,p,325.0,Farrukhabad,uEEwlAGZXWW,indicator_10,563,10
2023-09-01,Rajapur ,nU3oS2SGD3b,aRueVYr35yM.Ti9FJqkSK6J,233.0,2.0,2024.0,36b,p,326.0,Farrukhabad,uEEwlAGZXWW,indicator_36,841,36
2023-09-01,Rajapur ,nU3oS2SGD3b,ixBYYYjxXPP,0.0,2.0,2024.0,36a,p,326.0,Farrukhabad,uEEwlAGZXWW,indicator_36,841,36
2023-09-01,Rajapur ,nU3oS2SGD3b,ui45G8KwpzU.Ti9FJqkSK6J,548.0,2.0,2024.0,2a,p,326.0,Farrukhabad,uEEwlAGZXWW,indicator_2,841,2
2023-09-01,Rajapur ,nU3oS2SGD3b,GJKYhq2wR9L,448.0,2.0,2024.0,7a,p,326.0,Farrukhabad,uEEwlAGZXWW,indicator_7,841,7
2023-09-01,Rajapur ,nU3oS2SGD3b,NI0EC5no6PO,356.0,2.0,2024.0,10a,p,326.0,Farrukhabad,uEEwlAGZXWW,indicator_10,841,10
2023-09-01,Farrukhabad  DHQ,pAJMw6V9F29,aRueVYr35yM.Ti9FJqkSK6J,1264.0,2.0,2024.0,36b,p,,Farrukhabad,uEEwlAGZXWW,indicator_36,636,36
2023-09-01,Farrukhabad  DHQ,pAJMw6V9F29,ixBYYYjxXPP,448.0,2.0,2024.0,36a,p,,Farrukhabad,uEEwlAGZXWW,indicator_36,636,36
2023-09-01,Farrukhabad  DHQ,pAJMw6V9F29,aRueVYr35yM.Ti9FJqkSK6J,438.0,2.0,2024.0,36b,p,,Farrukhabad,uEEwlAGZXWW,indicator_36,636,36
2023-09-01,Farrukhabad  DHQ,pAJMw6V9F29,ui45G8KwpzU.Ti9FJqkSK6J,1013.0,2.0,2024.0,2a,p,,Farrukhabad,uEEwlAGZXWW,indicator_2,636,2
2023-09-01,Farrukhabad  DHQ,pAJMw6V9F29,GJKYhq2wR9L,1053.0,2.0,2024.0,7a,p,,Farrukhabad,uEEwlAGZXWW,indicator_7,636,7
2023-09-01,Farrukhabad  DHQ,pAJMw6V9F29,NI0EC5no6PO,1256.0,2.0,2024.0,10a,p,,Farrukhabad,uEEwlAGZXWW,indicator_10,636,10
2023-09-01,Nawabganj ,s5vWj2I9NyF,aRueVYr35yM.Ti9FJqkSK6J,174.0,2.0,2024.0,36b,p,324.0,Farrukhabad,uEEwlAGZXWW,indicator_36,718,36
2023-09-01,Nawabganj ,s5vWj2I9NyF,ixBYYYjxXPP,159.0,2.0,2024.0,36a,p,324.0,Farrukhabad,uEEwlAGZXWW,indicator_36,718,36
2023-09-01,Nawabganj ,s5vWj2I9NyF,ui45G8KwpzU.Ti9FJqkSK6J,490.0,2.0,2024.0,2a,p,324.0,Farrukhabad,uEEwlAGZXWW,indicator_2,718,2
2023-09-01,Nawabganj ,s5vWj2I9NyF,GJKYhq2wR9L,387.0,2.0,2024.0,7a,p,324.0,Farrukhabad,uEEwlAGZXWW,indicator_7,718,7
2023-09-01,Nawabganj ,s5vWj2I9NyF,NI0EC5no6PO,602.0,2.0,2024.0,10a,p,324.0,Farrukhabad,uEEwlAGZXWW,indicator_10,718,10
2023-09-01,Kayamganj,vJadmkIZlfo,aRueVYr35yM.Ti9FJqkSK6J,588.0,2.0,2024.0,36b,p,323.0,Farrukhabad,uEEwlAGZXWW,indicator_36,138,36
2023-09-01,Kayamganj,vJadmkIZlfo,ixBYYYjxXPP,0.0,2.0,2024.0,36a,p,323.0,Farrukhabad,uEEwlAGZXWW,indicator_36,138,36
2023-09-01,Kayamganj,vJadmkIZlfo,ui45G8KwpzU.Ti9FJqkSK6J,739.0,2.0,2024.0,2a,p,323.0,Farrukhabad,uEEwlAGZXWW,indicator_2,138,2
2023-09-01,Kayamganj,vJadmkIZlfo,GJKYhq2wR9L,619.0,2.0,2024.0,7a,p,323.0,Farrukhabad,uEEwlAGZXWW,indicator_7,138,7
2023-09-01,Kayamganj,vJadmkIZlfo,NI0EC5no6PO,1021.0,2.0,2024.0,10a,p,323.0,Farrukhabad,uEEwlAGZXWW,indicator_10,138,10
2023-09-01,Kamalganj,xmoNxfjNe2l,aRueVYr35yM.Ti9FJqkSK6J,401.0,2.0,2024.0,36b,p,329.0,Farrukhabad,uEEwlAGZXWW,indicator_36,338,36
2023-09-01,Kamalganj,xmoNxfjNe2l,ixBYYYjxXPP,0.0,2.0,2024.0,36a,p,329.0,Farrukhabad,uEEwlAGZXWW,indicator_36,338,36
2023-09-01,Kamalganj,xmoNxfjNe2l,ui45G8KwpzU.Ti9FJqkSK6J,884.0,2.0,2024.0,2a,p,329.0,Farrukhabad,uEEwlAGZXWW,indicator_2,338,2
2023-09-01,Kamalganj,xmoNxfjNe2l,GJKYhq2wR9L,791.0,2.0,2024.0,7a,p,329.0,Farrukhabad,uEEwlAGZXWW,indicator_7,338,7
2023-09-01,Kamalganj,xmoNxfjNe2l,NI0EC5no6PO,849.0,2.0,2024.0,10a,p,329.0,Farrukhabad,uEEwlAGZXWW,indicator_10,338,10
2023.0,Asafpur,A8jhC64rvlS,TmeumlBaObG,7620.0,,2024.0,10b,p,173.0,Budaun,eA37kyBRRuZ,indicator_10,183,10
2023.0,Asafpur,A8jhC64rvlS,t03VPkJ5UXd,6773.0,,2024.0,7b,p,173.0,Budaun,eA37kyBRRuZ,indicator_7,183,7
2023.0,Asafpur,A8jhC64rvlS,g69FuEghiM5,6841.0,,2024.0,2d,p,173.0,Budaun,eA37kyBRRuZ,indicator_2,183,2
2023.0,Islam Nagar,BU3H8j3vtpl,TmeumlBaObG,7211.0,,2024.0,10b,p,174.0,Budaun,eA37kyBRRuZ,indicator_10,157,10
2023.0,Islam Nagar,BU3H8j3vtpl,t03VPkJ5UXd,6409.0,,2024.0,7b,p,174.0,Budaun,eA37kyBRRuZ,indicator_7,157,7
2023.0,Islam Nagar,BU3H8j3vtpl,g69FuEghiM5,6473.0,,2024.0,2d,p,174.0,Budaun,eA37kyBRRuZ,indicator_2,157,2
2023.0,Ujhani,EjPcZNiYzP2,TmeumlBaObG,8537.0,,2024.0,10b,p,182.0,Budaun,eA37kyBRRuZ,indicator_10,719,10
2023.0,Ujhani,EjPcZNiYzP2,t03VPkJ5UXd,7588.0,,2024.0,7b,p,182.0,Budaun,eA37kyBRRuZ,indicator_7,719,7
2023.0,Ujhani,EjPcZNiYzP2,g69FuEghiM5,7664.0,,2024.0,2d,p,182.0,Budaun,eA37kyBRRuZ,indicator_2,719,2
2023.0,Bilsi,FBjTmOT2uLU,TmeumlBaObG,8672.0,,2024.0,10b,p,178.0,Budaun,eA37kyBRRuZ,indicator_10,838,10
2023.0,Bilsi,FBjTmOT2uLU,t03VPkJ5UXd,7709.0,,2024.0,7b,p,178.0,Budaun,eA37kyBRRuZ,indicator_7,838,7
2023.0,Bilsi,FBjTmOT2uLU,g69FuEghiM5,7786.0,,2024.0,2d,p,178.0,Budaun,eA37kyBRRuZ,indicator_2,838,2
2023.0,Usawan,HJ6IPhQigva,TmeumlBaObG,6810.0,,2024.0,10b,p,187.0,Budaun,eA37kyBRRuZ,indicator_10,695,10
2023.0,Usawan,HJ6IPhQigva,t03VPkJ5UXd,6053.0,,2024.0,7b,p,187.0,Budaun,eA37kyBRRuZ,indicator_7,695,7
2023.0,Usawan,HJ6IPhQigva,g69FuEghiM5,6113.0,,2024.0,2d,p,187.0,Budaun,eA37kyBRRuZ,indicator_2,695,2
2023.0,Bisauli,MWJyDwqvBqS,TmeumlBaObG,8502.0,,2024.0,10b,p,175.0,Budaun,eA37kyBRRuZ,indicator_10,398,10
2023.0,Bisauli,MWJyDwqvBqS,t03VPkJ5UXd,7557.0,,2024.0,7b,p,175.0,Budaun,eA37kyBRRuZ,indicator_7,398,7
2023.0,Bisauli,MWJyDwqvBqS,g69FuEghiM5,7633.0,,2024.0,2d,p,175.0,Budaun,eA37kyBRRuZ,indicator_2,398,2
2023.0,Binawar,QdKW8E0HxRg,TmeumlBaObG,7223.0,,2024.0,10b,p,,Budaun,eA37kyBRRuZ,indicator_10,880,10
2023.0,Binawar,QdKW8E0HxRg,t03VPkJ5UXd,6420.0,,2024.0,7b,p,,Budaun,eA37kyBRRuZ,indicator_7,880,7
2023.0,Binawar,QdKW8E0HxRg,g69FuEghiM5,6485.0,,2024.0,2d,p,,Budaun,eA37kyBRRuZ,indicator_2,880,2
2023.0,Sahaswan,QsfJqnMcwds,TmeumlBaObG,11364.0,,2024.0,10b,p,177.0,Budaun,eA37kyBRRuZ,indicator_10,335,10
2023.0,Sahaswan,QsfJqnMcwds,t03VPkJ5UXd,10101.0,,2024.0,7b,p,177.0,Budaun,eA37kyBRRuZ,indicator_7,335,7
2023.0,Sahaswan,QsfJqnMcwds,g69FuEghiM5,10202.0,,2024.0,2d,p,177.0,Budaun,eA37kyBRRuZ,indicator_2,335,2
2023.0,Samrer,Wa8qn4d8H22,TmeumlBaObG,5562.0,,2024.0,10b,p,184.0,Budaun,eA37kyBRRuZ,indicator_10,103,10
2023.0,Samrer,Wa8qn4d8H22,t03VPkJ5UXd,4944.0,,2024.0,7b,p,184.0,Budaun,eA37kyBRRuZ,indicator_7,103,7
2023.0,Samrer,Wa8qn4d8H22,g69FuEghiM5,4994.0,,2024.0,2d,p,184.0,Budaun,eA37kyBRRuZ,indicator_2,103,2
2023.0,Dataganj,YbOAqVBdm86,TmeumlBaObG,6820.0,,2024.0,10b,p,185.0,Budaun,eA37kyBRRuZ,indicator_10,541,10
2023.0,Dataganj,YbOAqVBdm86,t03VPkJ5UXd,6062.0,,2024.0,7b,p,185.0,Budaun,eA37kyBRRuZ,indicator_7,541,7
2023.0,Dataganj,YbOAqVBdm86,g69FuEghiM5,6123.0,,2024.0,2d,p,185.0,Budaun,eA37kyBRRuZ,indicator_2,541,2
2023.0,Qaderchowk,aDSCuqsggsN,TmeumlBaObG,6827.0,,2024.0,10b,p,183.0,Budaun,eA37kyBRRuZ,indicator_10,226,10
2023.0,Qaderchowk,aDSCuqsggsN,t03VPkJ5UXd,6068.0,,2024.0,7b,p,183.0,Budaun,eA37kyBRRuZ,indicator_7,226,7
2023.0,Qaderchowk,aDSCuqsggsN,g69FuEghiM5,6129.0,,2024.0,2d,p,183.0,Budaun,eA37kyBRRuZ,indicator_2,226,2
2023.0,Budaun DHQ,i8KzqsutvXl,TmeumlBaObG,10121.0,,2024.0,10b,p,,Budaun,eA37kyBRRuZ,indicator_10,223,10
2023.0,Budaun DHQ,i8KzqsutvXl,t03VPkJ5UXd,8996.0,,2024.0,7b,p,,Budaun,eA37kyBRRuZ,indicator_7,223,7
2023.0,Budaun DHQ,i8KzqsutvXl,g69FuEghiM5,9086.0,,2024.0,2d,p,,Budaun,eA37kyBRRuZ,indicator_2,223,2
2023.0,Miaoon,n0U0QMMNJZe,TmeumlBaObG,9001.0,,2024.0,10b,p,186.0,Budaun,eA37kyBRRuZ,indicator_10,520,10
2023.0,Miaoon,n0U0QMMNJZe,t03VPkJ5UXd,8001.0,,2024.0,7b,p,186.0,Budaun,eA37kyBRRuZ,indicator_7,520,7
2023.0,Miaoon,n0U0QMMNJZe,g69FuEghiM5,8081.0,,2024.0,2d,p,186.0,Budaun,eA37kyBRRuZ,indicator_2,520,2
2023.0,Jagat,wQ2zvEh08Xs,TmeumlBaObG,8394.0,,2024.0,10b,p,181.0,Budaun,eA37kyBRRuZ,indicator_10,282,10
2023.0,Jagat,wQ2zvEh08Xs,t03VPkJ5UXd,7461.0,,2024.0,7b,p,181.0,Budaun,eA37kyBRRuZ,indicator_7,282,7
2023.0,Jagat,wQ2zvEh08Xs,g69FuEghiM5,7536.0,,2024.0,2d,p,181.0,Budaun,eA37kyBRRuZ,indicator_2,282,2
2023.0,Wazirganj,xct9yyij86y,TmeumlBaObG,7461.0,,2024.0,10b,p,176.0,Budaun,eA37kyBRRuZ,indicator_10,869,10
2023.0,Wazirganj,xct9yyij86y,t03VPkJ5UXd,6632.0,,2024.0,7b,p,176.0,Budaun,eA37kyBRRuZ,indicator_7,869,7
2023.0,Wazirganj,xct9yyij86y,g69FuEghiM5,6698.0,,2024.0,2d,p,176.0,Budaun,eA37kyBRRuZ,indicator_2,869,2
2023.0,Dahagawan,yxi8x9cQDKH,TmeumlBaObG,8053.0,,2024.0,10b,p,179.0,Budaun,eA37kyBRRuZ,indicator_10,200,10
2023.0,Dahagawan,yxi8x9cQDKH,t03VPkJ5UXd,7158.0,,2024.0,7b,p,179.0,Budaun,eA37kyBRRuZ,indicator_7,200,7
2023.0,Dahagawan,yxi8x9cQDKH,g69FuEghiM5,7230.0,,2024.0,2d,p,179.0,Budaun,eA37kyBRRuZ,indicator_2,200,2
2023.0,Rudauli,AAOPzLEjW4T,TmeumlBaObG,8427.0,,2024.0,10b,p,494.0,Ayodhya,b4XkXzoGqFY,indicator_10,444,10
2023.0,Rudauli,AAOPzLEjW4T,t03VPkJ5UXd,7490.0,,2024.0,7b,p,494.0,Ayodhya,b4XkXzoGqFY,indicator_7,444,7
2023.0,Rudauli,AAOPzLEjW4T,g69FuEghiM5,7565.0,,2024.0,2d,p,494.0,Ayodhya,b4XkXzoGqFY,indicator_2,444,2
2023.0,Sohawal,CUsMlPeoyMI,TmeumlBaObG,6918.0,,2024.0,10b,p,495.0,Ayodhya,b4XkXzoGqFY,indicator_10,736,10
2023.0,Sohawal,CUsMlPeoyMI,t03VPkJ5UXd,6150.0,,2024.0,7b,p,495.0,Ayodhya,b4XkXzoGqFY,indicator_7,736,7
2023.0,Sohawal,CUsMlPeoyMI,g69FuEghiM5,6211.0,,2024.0,2d,p,495.0,Ayodhya,b4XkXzoGqFY,indicator_2,736,2
2023.0,Poora Bazar,JOYvKXzcb8E,TmeumlBaObG,6161.0,,2024.0,10b,p,502.0,Ayodhya,b4XkXzoGqFY,indicator_10,492,10
2023.0,Poora Bazar,JOYvKXzcb8E,t03VPkJ5UXd,5476.0,,2024.0,7b,p,502.0,Ayodhya,b4XkXzoGqFY,indicator_7,492,7
2023.0,Poora Bazar,JOYvKXzcb8E,g69FuEghiM5,5531.0,,2024.0,2d,p,502.0,Ayodhya,b4XkXzoGqFY,indicator_2,492,2
2023.0,Mawai,QSXk2hR3eYG,TmeumlBaObG,6731.0,,2024.0,10b,p,493.0,Ayodhya,b4XkXzoGqFY,indicator_10,232,10
2023.0,Mawai,QSXk2hR3eYG,t03VPkJ5UXd,5984.0,,2024.0,7b,p,493.0,Ayodhya,b4XkXzoGqFY,indicator_7,232,7
2023.0,Mawai,QSXk2hR3eYG,g69FuEghiM5,6043.0,,2024.0,2d,p,493.0,Ayodhya,b4XkXzoGqFY,indicator_2,232,2
2023.0,Harington Ganj,XEfvLa6Zzxn,TmeumlBaObG,5144.0,,2024.0,10b,p,499.0,Ayodhya,b4XkXzoGqFY,indicator_10,761,10
2023.0,Harington Ganj,XEfvLa6Zzxn,t03VPkJ5UXd,4572.0,,2024.0,7b,p,499.0,Ayodhya,b4XkXzoGqFY,indicator_7,761,7
2023.0,Harington Ganj,XEfvLa6Zzxn,g69FuEghiM5,4618.0,,2024.0,2d,p,499.0,Ayodhya,b4XkXzoGqFY,indicator_2,761,2
2023.0,Maya Bazar,a2rjHSkns9X,TmeumlBaObG,6006.0,,2024.0,10b,p,503.0,Ayodhya,b4XkXzoGqFY,indicator_10,66,10
2023.0,Maya Bazar,a2rjHSkns9X,t03VPkJ5UXd,5338.0,,2024.0,7b,p,503.0,Ayodhya,b4XkXzoGqFY,indicator_7,66,7
2023.0,Maya Bazar,a2rjHSkns9X,g69FuEghiM5,5392.0,,2024.0,2d,p,503.0,Ayodhya,b4XkXzoGqFY,indicator_2,66,2
2023.0,Masaudha,aAl7bU1AYg2,TmeumlBaObG,8043.0,,2024.0,10b,p,496.0,Ayodhya,b4XkXzoGqFY,indicator_10,382,10
2023.0,Masaudha,aAl7bU1AYg2,t03VPkJ5UXd,7149.0,,2024.0,7b,p,496.0,Ayodhya,b4XkXzoGqFY,indicator_7,382,7
2023.0,Masaudha,aAl7bU1AYg2,g69FuEghiM5,7221.0,,2024.0,2d,p,496.0,Ayodhya,b4XkXzoGqFY,indicator_2,382,2
2023.0,Ayodhya DHQ,bMK9VNDswXt,TmeumlBaObG,8047.0,,2024.0,10b,p,,Ayodhya,b4XkXzoGqFY,indicator_10,834,10
2023.0,Ayodhya DHQ,bMK9VNDswXt,t03VPkJ5UXd,7152.0,,2024.0,7b,p,,Ayodhya,b4XkXzoGqFY,indicator_7,834,7
2023.0,Ayodhya DHQ,bMK9VNDswXt,g69FuEghiM5,7224.0,,2024.0,2d,p,,Ayodhya,b4XkXzoGqFY,indicator_2,834,2
2023.0,Amaniganj,pYWjwOoijbJ,TmeumlBaObG,5995.0,,2024.0,10b,p,497.0,Ayodhya,b4XkXzoGqFY,indicator_10,898,10
2023.0,Amaniganj,pYWjwOoijbJ,t03VPkJ5UXd,5329.0,,2024.0,7b,p,497.0,Ayodhya,b4XkXzoGqFY,indicator_7,898,7
2023.0,Amaniganj,pYWjwOoijbJ,g69FuEghiM5,5382.0,,2024.0,2d,p,497.0,Ayodhya,b4XkXzoGqFY,indicator_2,898,2
2023.0,Bikapur,pw5oJhc8fpc,TmeumlBaObG,5669.0,,2024.0,10b,p,500.0,Ayodhya,b4XkXzoGqFY,indicator_10,199,10
2023.0,Bikapur,pw5oJhc8fpc,t03VPkJ5UXd,5039.0,,2024.0,7b,p,500.0,Ayodhya,b4XkXzoGqFY,indicator_7,199,7
2023.0,Bikapur,pw5oJhc8fpc,g69FuEghiM5,5090.0,,2024.0,2d,p,500.0,Ayodhya,b4XkXzoGqFY,indicator_2,199,2
2023.0,Milkipur,qQSBi5m4QpM,TmeumlBaObG,6290.0,,2024.0,10b,p,498.0,Ayodhya,b4XkXzoGqFY,indicator_10,781,10
2023.0,Milkipur,qQSBi5m4QpM,t03VPkJ5UXd,5591.0,,2024.0,7b,p,498.0,Ayodhya,b4XkXzoGqFY,indicator_7,781,7
2023.0,Milkipur,qQSBi5m4QpM,g69FuEghiM5,5647.0,,2024.0,2d,p,498.0,Ayodhya,b4XkXzoGqFY,indicator_2,781,2
2023.0,Tarun,t25KkXmkJth,TmeumlBaObG,7249.0,,2024.0,10b,p,501.0,Ayodhya,b4XkXzoGqFY,indicator_10,647,10
2023.0,Tarun,t25KkXmkJth,t03VPkJ5UXd,6444.0,,2024.0,7b,p,501.0,Ayodhya,b4XkXzoGqFY,indicator_7,647,7
2023.0,Tarun,t25KkXmkJth,g69FuEghiM5,6508.0,,2024.0,2d,p,501.0,Ayodhya,b4XkXzoGqFY,indicator_2,647,2
2023.0,Baskhari,ABuWCL4zW6t,TmeumlBaObG,6675.0,,2024.0,10b,p,505.0,Ambedkar Nagar,jM27ji8tyrM,indicator_10,504,10
2023.0,Baskhari,ABuWCL4zW6t,t03VPkJ5UXd,5933.0,,2024.0,7b,p,505.0,Ambedkar Nagar,jM27ji8tyrM,indicator_7,504,7
2023.0,Baskhari,ABuWCL4zW6t,g69FuEghiM5,5993.0,,2024.0,2d,p,505.0,Ambedkar Nagar,jM27ji8tyrM,indicator_2,504,2
2023.0,Akaberpur,HHlxYUknESU,TmeumlBaObG,9860.0,,2024.0,10b,p,512.0,Ambedkar Nagar,jM27ji8tyrM,indicator_10,347,10
2023.0,Akaberpur,HHlxYUknESU,t03VPkJ5UXd,8764.0,,2024.0,7b,p,512.0,Ambedkar Nagar,jM27ji8tyrM,indicator_7,347,7
2023.0,Akaberpur,HHlxYUknESU,g69FuEghiM5,8852.0,,2024.0,2d,p,512.0,Ambedkar Nagar,jM27ji8tyrM,indicator_2,347,2
2023.0,Bhiyaon,KZ9A7NuGOta,TmeumlBaObG,6716.0,,2024.0,10b,p,509.0,Ambedkar Nagar,jM27ji8tyrM,indicator_10,162,10
2023.0,Bhiyaon,KZ9A7NuGOta,t03VPkJ5UXd,5970.0,,2024.0,7b,p,509.0,Ambedkar Nagar,jM27ji8tyrM,indicator_7,162,7
2023.0,Bhiyaon,KZ9A7NuGOta,g69FuEghiM5,6029.0,,2024.0,2d,p,509.0,Ambedkar Nagar,jM27ji8tyrM,indicator_2,162,2
2023.0,Ramnagar,M1F33pLSfxi,TmeumlBaObG,7412.0,,2024.0,10b,p,506.0,Ambedkar Nagar,jM27ji8tyrM,indicator_10,448,10
2023.0,Ramnagar,M1F33pLSfxi,t03VPkJ5UXd,6588.0,,2024.0,7b,p,506.0,Ambedkar Nagar,jM27ji8tyrM,indicator_7,448,7
2023.0,Ramnagar,M1F33pLSfxi,g69FuEghiM5,6654.0,,2024.0,2d,p,506.0,Ambedkar Nagar,jM27ji8tyrM,indicator_2,448,2
2023.0,Bhiti,RiDtZZsck6S,TmeumlBaObG,5603.0,,2024.0,10b,p,510.0,Ambedkar Nagar,jM27ji8tyrM,indicator_10,42,10
2023.0,Bhiti,RiDtZZsck6S,t03VPkJ5UXd,4980.0,,2024.0,7b,p,510.0,Ambedkar Nagar,jM27ji8tyrM,indicator_7,42,7
2023.0,Bhiti,RiDtZZsck6S,g69FuEghiM5,5030.0,,2024.0,2d,p,510.0,Ambedkar Nagar,jM27ji8tyrM,indicator_2,42,2
2023.0,Katehari,UKkd5HV5vPT,TmeumlBaObG,6945.0,,2024.0,10b,p,511.0,Ambedkar Nagar,jM27ji8tyrM,indicator_10,897,10
2023.0,Katehari,UKkd5HV5vPT,t03VPkJ5UXd,6174.0,,2024.0,7b,p,511.0,Ambedkar Nagar,jM27ji8tyrM,indicator_7,897,7
2023.0,Katehari,UKkd5HV5vPT,g69FuEghiM5,6235.0,,2024.0,2d,p,511.0,Ambedkar Nagar,jM27ji8tyrM,indicator_2,897,2
2023.0,Tanda,c228prMIirC,TmeumlBaObG,13012.0,,2024.0,10b,p,504.0,Ambedkar Nagar,jM27ji8tyrM,indicator_10,340,10
2023.0,Tanda,c228prMIirC,t03VPkJ5UXd,11566.0,,2024.0,7b,p,504.0,Ambedkar Nagar,jM27ji8tyrM,indicator_7,340,7
2023.0,Tanda,c228prMIirC,g69FuEghiM5,11682.0,,2024.0,2d,p,504.0,Ambedkar Nagar,jM27ji8tyrM,indicator_2,340,2
2023.0,Ambedkar Nagar  DHQ,dgOT0Nq7Zja,TmeumlBaObG,3594.0,,2024.0,10b,p,,Ambedkar Nagar,jM27ji8tyrM,indicator_10,170,10
2023.0,Ambedkar Nagar  DHQ,dgOT0Nq7Zja,t03VPkJ5UXd,3195.0,,2024.0,7b,p,,Ambedkar Nagar,jM27ji8tyrM,indicator_7,170,7
2023.0,Ambedkar Nagar  DHQ,dgOT0Nq7Zja,g69FuEghiM5,3227.0,,2024.0,2d,p,,Ambedkar Nagar,jM27ji8tyrM,indicator_2,170,2
2023.0,Jahangir Ganj,oB6hTaKvzgv,TmeumlBaObG,6793.0,,2024.0,10b,p,507.0,Ambedkar Nagar,jM27ji8tyrM,indicator_10,389,10
2023.0,Jahangir Ganj,oB6hTaKvzgv,t03VPkJ5UXd,6038.0,,2024.0,7b,p,507.0,Ambedkar Nagar,jM27ji8tyrM,indicator_7,389,7
2023.0,Jahangir Ganj,oB6hTaKvzgv,g69FuEghiM5,6099.0,,2024.0,2d,p,507.0,Ambedkar Nagar,jM27ji8tyrM,indicator_2,389,2
2023.0,Jalapur,zvRpdDBNAj1,TmeumlBaObG,10718.0,,2024.0,10b,p,508.0,Ambedkar Nagar,jM27ji8tyrM,indicator_10,370,10
2023.0,Jalapur,zvRpdDBNAj1,t03VPkJ5UXd,9527.0,,2024.0,7b,p,508.0,Ambedkar Nagar,jM27ji8tyrM,indicator_7,370,7
2023.0,Jalapur,zvRpdDBNAj1,g69FuEghiM5,9622.0,,2024.0,2d,p,508.0,Ambedkar Nagar,jM27ji8tyrM,indicator_2,370,2
2023.0,Dostpur,AGFzimgfzIo,TmeumlBaObG,4209.0,,2024.0,10b,p,533.0,Sultanpur,o4ZQTVcMI7U,indicator_10,487,10
2023.0,Dostpur,AGFzimgfzIo,t03VPkJ5UXd,3742.0,,2024.0,7b,p,533.0,Sultanpur,o4ZQTVcMI7U,indicator_7,487,7
2023.0,Dostpur,AGFzimgfzIo,g69FuEghiM5,3779.0,,2024.0,2d,p,533.0,Sultanpur,o4ZQTVcMI7U,indicator_2,487,2
2023.0,Jaisinghpur,BKeRkKcuOgW,TmeumlBaObG,5884.0,,2024.0,10b,p,528.0,Sultanpur,o4ZQTVcMI7U,indicator_10,594,10
2023.0,Jaisinghpur,BKeRkKcuOgW,t03VPkJ5UXd,5230.0,,2024.0,7b,p,528.0,Sultanpur,o4ZQTVcMI7U,indicator_7,594,7
2023.0,Jaisinghpur,BKeRkKcuOgW,g69FuEghiM5,5282.0,,2024.0,2d,p,528.0,Sultanpur,o4ZQTVcMI7U,indicator_2,594,2
2023.0,Dubeypur,C2FFe2TBScZ,TmeumlBaObG,7191.0,,2024.0,10b,p,527.0,Sultanpur,o4ZQTVcMI7U,indicator_10,648,10
2023.0,Dubeypur,C2FFe2TBScZ,t03VPkJ5UXd,6392.0,,2024.0,7b,p,527.0,Sultanpur,o4ZQTVcMI7U,indicator_7,648,7
2023.0,Dubeypur,C2FFe2TBScZ,g69FuEghiM5,6456.0,,2024.0,2d,p,527.0,Sultanpur,o4ZQTVcMI7U,indicator_2,648,2
2023.0,Sultanpur DHQ,L7J6pfX9JCH,TmeumlBaObG,3167.0,,2024.0,10b,p,,Sultanpur,o4ZQTVcMI7U,indicator_10,550,10
2023.0,Sultanpur DHQ,L7J6pfX9JCH,t03VPkJ5UXd,2816.0,,2024.0,7b,p,,Sultanpur,o4ZQTVcMI7U,indicator_7,550,7
2023.0,Sultanpur DHQ,L7J6pfX9JCH,g69FuEghiM5,2844.0,,2024.0,2d,p,,Sultanpur,o4ZQTVcMI7U,indicator_2,550,2
2023.0,Dhanpatganj,LNiRZH5vfaY,TmeumlBaObG,4790.0,,2024.0,10b,p,524.0,Sultanpur,o4ZQTVcMI7U,indicator_10,787,10
2023.0,Dhanpatganj,LNiRZH5vfaY,t03VPkJ5UXd,4257.0,,2024.0,7b,p,524.0,Sultanpur,o4ZQTVcMI7U,indicator_7,787,7
2023.0,Dhanpatganj,LNiRZH5vfaY,g69FuEghiM5,4300.0,,2024.0,2d,p,524.0,Sultanpur,o4ZQTVcMI7U,indicator_2,787,2
2023.0,Lambhua,O0G9BMkbU7f,TmeumlBaObG,5196.0,,2024.0,10b,p,531.0,Sultanpur,o4ZQTVcMI7U,indicator_10,649,10
2023.0,Lambhua,O0G9BMkbU7f,t03VPkJ5UXd,4619.0,,2024.0,7b,p,531.0,Sultanpur,o4ZQTVcMI7U,indicator_7,649,7
2023.0,Lambhua,O0G9BMkbU7f,g69FuEghiM5,4665.0,,2024.0,2d,p,531.0,Sultanpur,o4ZQTVcMI7U,indicator_2,649,2
2023.0,Kurwar,Sz7oQppp6s9,TmeumlBaObG,5999.0,,2024.0,10b,p,526.0,Sultanpur,o4ZQTVcMI7U,indicator_10,602,10
2023.0,Kurwar,Sz7oQppp6s9,t03VPkJ5UXd,5332.0,,2024.0,7b,p,526.0,Sultanpur,o4ZQTVcMI7U,indicator_7,602,7
2023.0,Kurwar,Sz7oQppp6s9,g69FuEghiM5,5385.0,,2024.0,2d,p,526.0,Sultanpur,o4ZQTVcMI7U,indicator_2,602,2
2023.0,Karaudikala,Tt3G0qCamwa,TmeumlBaObG,3088.0,,2024.0,10b,p,536.0,Sultanpur,o4ZQTVcMI7U,indicator_10,914,10
2023.0,Karaudikala,Tt3G0qCamwa,t03VPkJ5UXd,2745.0,,2024.0,7b,p,536.0,Sultanpur,o4ZQTVcMI7U,indicator_7,914,7
2023.0,Karaudikala,Tt3G0qCamwa,g69FuEghiM5,2772.0,,2024.0,2d,p,536.0,Sultanpur,o4ZQTVcMI7U,indicator_2,914,2
2023.0,Baldirai,VPN370bubCz,TmeumlBaObG,5369.0,,2024.0,10b,p,516.0,Sultanpur,o4ZQTVcMI7U,indicator_10,299,10
2023.0,Baldirai,VPN370bubCz,t03VPkJ5UXd,4772.0,,2024.0,7b,p,516.0,Sultanpur,o4ZQTVcMI7U,indicator_7,299,7
2023.0,Baldirai,VPN370bubCz,g69FuEghiM5,4820.0,,2024.0,2d,p,516.0,Sultanpur,o4ZQTVcMI7U,indicator_2,299,2
2023.0,Akhandnagar,bUb6dbgNp7o,TmeumlBaObG,4964.0,,2024.0,10b,p,535.0,Sultanpur,o4ZQTVcMI7U,indicator_10,485,10
2023.0,Akhandnagar,bUb6dbgNp7o,t03VPkJ5UXd,4412.0,,2024.0,7b,p,535.0,Sultanpur,o4ZQTVcMI7U,indicator_7,485,7
2023.0,Akhandnagar,bUb6dbgNp7o,g69FuEghiM5,4456.0,,2024.0,2d,p,535.0,Sultanpur,o4ZQTVcMI7U,indicator_2,485,2
2023.0,Kadipur,f8FnEAgiGOz,TmeumlBaObG,4112.0,,2024.0,10b,p,534.0,Sultanpur,o4ZQTVcMI7U,indicator_10,405,10
2023.0,Kadipur,f8FnEAgiGOz,t03VPkJ5UXd,3655.0,,2024.0,7b,p,534.0,Sultanpur,o4ZQTVcMI7U,indicator_7,405,7
2023.0,Kadipur,f8FnEAgiGOz,g69FuEghiM5,3691.0,,2024.0,2d,p,534.0,Sultanpur,o4ZQTVcMI7U,indicator_2,405,2
2023.0,Motigarpur,hcBv6xoPmri,TmeumlBaObG,2936.0,,2024.0,10b,p,529.0,Sultanpur,o4ZQTVcMI7U,indicator_10,760,10
2023.0,Motigarpur,hcBv6xoPmri,t03VPkJ5UXd,2610.0,,2024.0,7b,p,529.0,Sultanpur,o4ZQTVcMI7U,indicator_7,760,7
2023.0,Motigarpur,hcBv6xoPmri,g69FuEghiM5,2636.0,,2024.0,2d,p,529.0,Sultanpur,o4ZQTVcMI7U,indicator_2,760,2
2023.0,Bhadaiyan,vXwJYqDZIzf,TmeumlBaObG,4608.0,,2024.0,10b,p,530.0,Sultanpur,o4ZQTVcMI7U,indicator_10,279,10
2023.0,Bhadaiyan,vXwJYqDZIzf,t03VPkJ5UXd,4096.0,,2024.0,7b,p,530.0,Sultanpur,o4ZQTVcMI7U,indicator_7,279,7
2023.0,Bhadaiyan,vXwJYqDZIzf,g69FuEghiM5,4137.0,,2024.0,2d,p,530.0,Sultanpur,o4ZQTVcMI7U,indicator_2,279,2
2023.0,PP Kamaicha,wDcv6om3WT1,TmeumlBaObG,4072.0,,2024.0,10b,p,532.0,Sultanpur,o4ZQTVcMI7U,indicator_10,655,10
2023.0,PP Kamaicha,wDcv6om3WT1,t03VPkJ5UXd,3620.0,,2024.0,7b,p,532.0,Sultanpur,o4ZQTVcMI7U,indicator_7,655,7
2023.0,PP Kamaicha,wDcv6om3WT1,g69FuEghiM5,3656.0,,2024.0,2d,p,532.0,Sultanpur,o4ZQTVcMI7U,indicator_2,655,2
2023.0,Kurebhar,wzWcav8jSNr,TmeumlBaObG,5966.0,,2024.0,10b,p,525.0,Sultanpur,o4ZQTVcMI7U,indicator_10,25,10
2023.0,Kurebhar,wzWcav8jSNr,t03VPkJ5UXd,5303.0,,2024.0,7b,p,525.0,Sultanpur,o4ZQTVcMI7U,indicator_7,25,7
2023.0,Kurebhar,wzWcav8jSNr,g69FuEghiM5,5356.0,,2024.0,2d,p,525.0,Sultanpur,o4ZQTVcMI7U,indicator_2,25,2
2023.0,Khair,AN2dWDiHkBb,TmeumlBaObG,7831.0,,2024.0,10b,p,109.0,Aligarh,frD2HOp3wAs,indicator_10,68,10
2023.0,Khair,AN2dWDiHkBb,t03VPkJ5UXd,6961.0,,2024.0,7b,p,109.0,Aligarh,frD2HOp3wAs,indicator_7,68,7
2023.0,Khair,AN2dWDiHkBb,g69FuEghiM5,7030.0,,2024.0,2d,p,109.0,Aligarh,frD2HOp3wAs,indicator_2,68,2
2023.0,Tappal,ARlYpTrc811,TmeumlBaObG,7429.0,,2024.0,10b,p,108.0,Aligarh,frD2HOp3wAs,indicator_10,579,10
2023.0,Tappal,ARlYpTrc811,t03VPkJ5UXd,6603.0,,2024.0,7b,p,108.0,Aligarh,frD2HOp3wAs,indicator_7,579,7
2023.0,Tappal,ARlYpTrc811,g69FuEghiM5,6669.0,,2024.0,2d,p,108.0,Aligarh,frD2HOp3wAs,indicator_2,579,2
2023.0,Aligarh DHQ,Ae6KfBl84FW,TmeumlBaObG,32076.0,,2024.0,10b,p,,Aligarh,frD2HOp3wAs,indicator_10,793,10
2023.0,Aligarh DHQ,Ae6KfBl84FW,t03VPkJ5UXd,28512.0,,2024.0,7b,p,,Aligarh,frD2HOp3wAs,indicator_7,793,7
2023.0,Aligarh DHQ,Ae6KfBl84FW,g69FuEghiM5,28797.0,,2024.0,2d,p,,Aligarh,frD2HOp3wAs,indicator_2,793,2
2023.0,Dhnipur,DeIlv8osqJa,TmeumlBaObG,9735.0,,2024.0,10b,p,113.0,Aligarh,frD2HOp3wAs,indicator_10,711,10
2023.0,Dhnipur,DeIlv8osqJa,t03VPkJ5UXd,8653.0,,2024.0,7b,p,113.0,Aligarh,frD2HOp3wAs,indicator_7,711,7
2023.0,Dhnipur,DeIlv8osqJa,g69FuEghiM5,8740.0,,2024.0,2d,p,113.0,Aligarh,frD2HOp3wAs,indicator_2,711,2
2023.0,Atrauli,O5BIieG3GQR,TmeumlBaObG,9116.0,,2024.0,10b,p,115.0,Aligarh,frD2HOp3wAs,indicator_10,654,10
2023.0,Atrauli,O5BIieG3GQR,t03VPkJ5UXd,8103.0,,2024.0,7b,p,115.0,Aligarh,frD2HOp3wAs,indicator_7,654,7
2023.0,Atrauli,O5BIieG3GQR,g69FuEghiM5,8184.0,,2024.0,2d,p,115.0,Aligarh,frD2HOp3wAs,indicator_2,654,2
2023.0,Bijoli,Pf9sH55x9lG,TmeumlBaObG,6529.0,,2024.0,10b,p,116.0,Aligarh,frD2HOp3wAs,indicator_10,421,10
2023.0,Bijoli,Pf9sH55x9lG,t03VPkJ5UXd,5804.0,,2024.0,7b,p,116.0,Aligarh,frD2HOp3wAs,indicator_7,421,7
2023.0,Bijoli,Pf9sH55x9lG,g69FuEghiM5,5862.0,,2024.0,2d,p,116.0,Aligarh,frD2HOp3wAs,indicator_2,421,2
2023.0,Gagiri,S842tHqLUI1,TmeumlBaObG,10129.0,,2024.0,10b,p,117.0,Aligarh,frD2HOp3wAs,indicator_10,464,10
2023.0,Gagiri,S842tHqLUI1,t03VPkJ5UXd,9004.0,,2024.0,7b,p,117.0,Aligarh,frD2HOp3wAs,indicator_7,464,7
2023.0,Gagiri,S842tHqLUI1,g69FuEghiM5,9094.0,,2024.0,2d,p,117.0,Aligarh,frD2HOp3wAs,indicator_2,464,2
2023.0,Akrabad,WFVLpMb2xKo,TmeumlBaObG,6215.0,,2024.0,10b,p,114.0,Aligarh,frD2HOp3wAs,indicator_10,856,10
2023.0,Akrabad,WFVLpMb2xKo,t03VPkJ5UXd,5524.0,,2024.0,7b,p,114.0,Aligarh,frD2HOp3wAs,indicator_7,856,7
2023.0,Akrabad,WFVLpMb2xKo,g69FuEghiM5,5579.0,,2024.0,2d,p,114.0,Aligarh,frD2HOp3wAs,indicator_2,856,2
2023.0,Iglas,XYBTVZE0LeN,TmeumlBaObG,6893.0,,2024.0,10b,p,119.0,Aligarh,frD2HOp3wAs,indicator_10,295,10
2023.0,Iglas,XYBTVZE0LeN,t03VPkJ5UXd,6127.0,,2024.0,7b,p,119.0,Aligarh,frD2HOp3wAs,indicator_7,295,7
2023.0,Iglas,XYBTVZE0LeN,g69FuEghiM5,6188.0,,2024.0,2d,p,119.0,Aligarh,frD2HOp3wAs,indicator_2,295,2
2023.0,Lodha,fDgjRPtNpqt,TmeumlBaObG,9172.0,,2024.0,10b,p,112.0,Aligarh,frD2HOp3wAs,indicator_10,111,10
2023.0,Lodha,fDgjRPtNpqt,t03VPkJ5UXd,8153.0,,2024.0,7b,p,112.0,Aligarh,frD2HOp3wAs,indicator_7,111,7
2023.0,Lodha,fDgjRPtNpqt,g69FuEghiM5,8234.0,,2024.0,2d,p,112.0,Aligarh,frD2HOp3wAs,indicator_2,111,2
2023.0,Gonda,jkV9lhxAuuK,TmeumlBaObG,6729.0,,2024.0,10b,p,118.0,Aligarh,frD2HOp3wAs,indicator_10,34,10
2023.0,Gonda,jkV9lhxAuuK,t03VPkJ5UXd,5982.0,,2024.0,7b,p,118.0,Aligarh,frD2HOp3wAs,indicator_7,34,7
2023.0,Gonda,jkV9lhxAuuK,g69FuEghiM5,6041.0,,2024.0,2d,p,118.0,Aligarh,frD2HOp3wAs,indicator_2,34,2
2023.0,Jawan,nYlhMfttxtb,TmeumlBaObG,9380.0,,2024.0,10b,p,111.0,Aligarh,frD2HOp3wAs,indicator_10,350,10
2023.0,Jawan,nYlhMfttxtb,t03VPkJ5UXd,8338.0,,2024.0,7b,p,111.0,Aligarh,frD2HOp3wAs,indicator_7,350,7
2023.0,Jawan,nYlhMfttxtb,g69FuEghiM5,8421.0,,2024.0,2d,p,111.0,Aligarh,frD2HOp3wAs,indicator_2,350,2
2023.0,Chandaus,oV5iZQFUzGo,TmeumlBaObG,7117.0,,2024.0,10b,p,110.0,Aligarh,frD2HOp3wAs,indicator_10,466,10
2023.0,Chandaus,oV5iZQFUzGo,t03VPkJ5UXd,6326.0,,2024.0,7b,p,110.0,Aligarh,frD2HOp3wAs,indicator_7,466,7
2023.0,Chandaus,oV5iZQFUzGo,g69FuEghiM5,6389.0,,2024.0,2d,p,110.0,Aligarh,frD2HOp3wAs,indicator_2,466,2
2023.0,Ghazipur Manihari,APE5J6eTM3s,TmeumlBaObG,6861.0,,2024.0,10b,p,749.0,Ghazipur,dScWdMRN8PL,indicator_10,238,10
2023.0,Ghazipur Manihari,APE5J6eTM3s,t03VPkJ5UXd,6099.0,,2024.0,7b,p,749.0,Ghazipur,dScWdMRN8PL,indicator_7,238,7
2023.0,Ghazipur Manihari,APE5J6eTM3s,g69FuEghiM5,6160.0,,2024.0,2d,p,749.0,Ghazipur,dScWdMRN8PL,indicator_2,238,2
2023.0,Ghazipur Mahmudabad,ISeQXIbXref,TmeumlBaObG,8203.0,,2024.0,10b,p,759.0,Ghazipur,dScWdMRN8PL,indicator_10,413,10
2023.0,Ghazipur Mahmudabad,ISeQXIbXref,t03VPkJ5UXd,7292.0,,2024.0,7b,p,759.0,Ghazipur,dScWdMRN8PL,indicator_7,413,7
2023.0,Ghazipur Mahmudabad,ISeQXIbXref,g69FuEghiM5,7365.0,,2024.0,2d,p,759.0,Ghazipur,dScWdMRN8PL,indicator_2,413,2
2023.0,Ghazipur Karanda,J01CgvckM2C,TmeumlBaObG,4550.0,,2024.0,10b,p,756.0,Ghazipur,dScWdMRN8PL,indicator_10,692,10
2023.0,Ghazipur Karanda,J01CgvckM2C,t03VPkJ5UXd,4045.0,,2024.0,7b,p,756.0,Ghazipur,dScWdMRN8PL,indicator_7,692,7
2023.0,Ghazipur Karanda,J01CgvckM2C,g69FuEghiM5,4085.0,,2024.0,2d,p,756.0,Ghazipur,dScWdMRN8PL,indicator_2,692,2
2023.0,Ghazipur Badhora,KkUxdrYeeXC,TmeumlBaObG,7521.0,,2024.0,10b,p,763.0,Ghazipur,dScWdMRN8PL,indicator_10,712,10
2023.0,Ghazipur Badhora,KkUxdrYeeXC,t03VPkJ5UXd,6685.0,,2024.0,7b,p,763.0,Ghazipur,dScWdMRN8PL,indicator_7,712,7
2023.0,Ghazipur Badhora,KkUxdrYeeXC,g69FuEghiM5,6752.0,,2024.0,2d,p,763.0,Ghazipur,dScWdMRN8PL,indicator_2,712,2
2023.0,Ghazipur Jakahania,NbXqavwiDug,TmeumlBaObG,7003.0,,2024.0,10b,p,748.0,Ghazipur,dScWdMRN8PL,indicator_10,610,10
2023.0,Ghazipur Jakahania,NbXqavwiDug,t03VPkJ5UXd,6225.0,,2024.0,7b,p,748.0,Ghazipur,dScWdMRN8PL,indicator_7,610,7
2023.0,Ghazipur Jakahania,NbXqavwiDug,g69FuEghiM5,6287.0,,2024.0,2d,p,748.0,Ghazipur,dScWdMRN8PL,indicator_2,610,2
2023.0,Ghazipur Saidpur,OFvD8TPE8bU,TmeumlBaObG,8206.0,,2024.0,10b,p,751.0,Ghazipur,dScWdMRN8PL,indicator_10,893,10
2023.0,Ghazipur Saidpur,OFvD8TPE8bU,t03VPkJ5UXd,7294.0,,2024.0,7b,p,751.0,Ghazipur,dScWdMRN8PL,indicator_7,893,7
2023.0,Ghazipur Saidpur,OFvD8TPE8bU,g69FuEghiM5,7367.0,,2024.0,2d,p,751.0,Ghazipur,dScWdMRN8PL,indicator_2,893,2
2023.0,Ghazipur DHQ,PEDIETmpZdA,TmeumlBaObG,3821.0,,2024.0,10b,p,,Ghazipur,dScWdMRN8PL,indicator_10,486,10
2023.0,Ghazipur DHQ,PEDIETmpZdA,t03VPkJ5UXd,3397.0,,2024.0,7b,p,,Ghazipur,dScWdMRN8PL,indicator_7,486,7
2023.0,Ghazipur DHQ,PEDIETmpZdA,g69FuEghiM5,3431.0,,2024.0,2d,p,,Ghazipur,dScWdMRN8PL,indicator_2,486,2
2023.0,Ghazipur Barachwar,SQuL6ZdC6LY,TmeumlBaObG,6447.0,,2024.0,10b,p,758.0,Ghazipur,dScWdMRN8PL,indicator_10,882,10
2023.0,Ghazipur Barachwar,SQuL6ZdC6LY,t03VPkJ5UXd,5731.0,,2024.0,7b,p,758.0,Ghazipur,dScWdMRN8PL,indicator_7,882,7
2023.0,Ghazipur Barachwar,SQuL6ZdC6LY,g69FuEghiM5,5788.0,,2024.0,2d,p,758.0,Ghazipur,dScWdMRN8PL,indicator_2,882,2
2023.0,Ghazipur Sadar,VivEa0lrJEt,TmeumlBaObG,6636.0,,2024.0,10b,p,755.0,Ghazipur,dScWdMRN8PL,indicator_10,411,10
2023.0,Ghazipur Sadar,VivEa0lrJEt,t03VPkJ5UXd,5899.0,,2024.0,7b,p,755.0,Ghazipur,dScWdMRN8PL,indicator_7,411,7
2023.0,Ghazipur Sadar,VivEa0lrJEt,g69FuEghiM5,5958.0,,2024.0,2d,p,755.0,Ghazipur,dScWdMRN8PL,indicator_2,411,2
2023.0,Ghazipur Jamania,hepZfdzFqgL,TmeumlBaObG,9339.0,,2024.0,10b,p,761.0,Ghazipur,dScWdMRN8PL,indicator_10,783,10
2023.0,Ghazipur Jamania,hepZfdzFqgL,t03VPkJ5UXd,8301.0,,2024.0,7b,p,761.0,Ghazipur,dScWdMRN8PL,indicator_7,783,7
2023.0,Ghazipur Jamania,hepZfdzFqgL,g69FuEghiM5,8384.0,,2024.0,2d,p,761.0,Ghazipur,dScWdMRN8PL,indicator_2,783,2
2023.0,Ghazipur Mardeh,iMSgdsfQfK3,TmeumlBaObG,5887.0,,2024.0,10b,p,754.0,Ghazipur,dScWdMRN8PL,indicator_10,322,10
2023.0,Ghazipur Mardeh,iMSgdsfQfK3,t03VPkJ5UXd,5233.0,,2024.0,7b,p,754.0,Ghazipur,dScWdMRN8PL,indicator_7,322,7
2023.0,Ghazipur Mardeh,iMSgdsfQfK3,g69FuEghiM5,5285.0,,2024.0,2d,p,754.0,Ghazipur,dScWdMRN8PL,indicator_2,322,2
2023.0,Ghazipur Davkali,kcQKXLIXWNj,TmeumlBaObG,7143.0,,2024.0,10b,p,752.0,Ghazipur,dScWdMRN8PL,indicator_10,400,10
2023.0,Ghazipur Davkali,kcQKXLIXWNj,t03VPkJ5UXd,6349.0,,2024.0,7b,p,752.0,Ghazipur,dScWdMRN8PL,indicator_7,400,7
2023.0,Ghazipur Davkali,kcQKXLIXWNj,g69FuEghiM5,6413.0,,2024.0,2d,p,752.0,Ghazipur,dScWdMRN8PL,indicator_2,400,2
2023.0,Ghazipur Gondaur,mhI69xut9he,TmeumlBaObG,6034.0,,2024.0,10b,p,760.0,Ghazipur,dScWdMRN8PL,indicator_10,804,10
2023.0,Ghazipur Gondaur,mhI69xut9he,t03VPkJ5UXd,5363.0,,2024.0,7b,p,760.0,Ghazipur,dScWdMRN8PL,indicator_7,804,7
2023.0,Ghazipur Gondaur,mhI69xut9he,g69FuEghiM5,5417.0,,2024.0,2d,p,760.0,Ghazipur,dScWdMRN8PL,indicator_2,804,2
2023.0,Ghazipur Kasimabad,oJK3Sqdic6n,TmeumlBaObG,8202.0,,2024.0,10b,p,757.0,Ghazipur,dScWdMRN8PL,indicator_10,20,10
2023.0,Ghazipur Kasimabad,oJK3Sqdic6n,t03VPkJ5UXd,7291.0,,2024.0,7b,p,757.0,Ghazipur,dScWdMRN8PL,indicator_7,20,7
2023.0,Ghazipur Kasimabad,oJK3Sqdic6n,g69FuEghiM5,7364.0,,2024.0,2d,p,757.0,Ghazipur,dScWdMRN8PL,indicator_2,20,2
2023.0,Ghazipur Sadat,w2mC1IzGqJO,TmeumlBaObG,7140.0,,2024.0,10b,p,750.0,Ghazipur,dScWdMRN8PL,indicator_10,532,10
2023.0,Ghazipur Sadat,w2mC1IzGqJO,t03VPkJ5UXd,6347.0,,2024.0,7b,p,750.0,Ghazipur,dScWdMRN8PL,indicator_7,532,7
2023.0,Ghazipur Sadat,w2mC1IzGqJO,g69FuEghiM5,6410.0,,2024.0,2d,p,750.0,Ghazipur,dScWdMRN8PL,indicator_2,532,2
2023.0,Ghazipur Rawatipur,y8eD89Cg95c,TmeumlBaObG,5695.0,,2024.0,10b,p,762.0,Ghazipur,dScWdMRN8PL,indicator_10,381,10
2023.0,Ghazipur Rawatipur,y8eD89Cg95c,t03VPkJ5UXd,5063.0,,2024.0,7b,p,762.0,Ghazipur,dScWdMRN8PL,indicator_7,381,7
2023.0,Ghazipur Rawatipur,y8eD89Cg95c,g69FuEghiM5,5113.0,,2024.0,2d,p,762.0,Ghazipur,dScWdMRN8PL,indicator_2,381,2
2023.0,Ghazipur Birona,zv6Gc6aGnXd,TmeumlBaObG,5626.0,,2024.0,10b,p,753.0,Ghazipur,dScWdMRN8PL,indicator_10,710,10
2023.0,Ghazipur Birona,zv6Gc6aGnXd,t03VPkJ5UXd,5001.0,,2024.0,7b,p,753.0,Ghazipur,dScWdMRN8PL,indicator_7,710,7
2023.0,Ghazipur Birona,zv6Gc6aGnXd,g69FuEghiM5,5051.0,,2024.0,2d,p,753.0,Ghazipur,dScWdMRN8PL,indicator_2,710,2
2023.0,Hathras Sahpau,AcznJJtvLKq,TmeumlBaObG,5300.0,,2024.0,10b,p,126.0,Hathras,m1IAjmqkoFC,indicator_10,887,10
2023.0,Hathras Sahpau,AcznJJtvLKq,t03VPkJ5UXd,4711.0,,2024.0,7b,p,126.0,Hathras,m1IAjmqkoFC,indicator_7,887,7
2023.0,Hathras Sahpau,AcznJJtvLKq,g69FuEghiM5,4758.0,,2024.0,2d,p,126.0,Hathras,m1IAjmqkoFC,indicator_2,887,2
2023.0,Hathras Mursan,NHwhqnwjZ0d,TmeumlBaObG,6194.0,,2024.0,10b,p,124.0,Hathras,m1IAjmqkoFC,indicator_10,386,10
2023.0,Hathras Mursan,NHwhqnwjZ0d,t03VPkJ5UXd,5506.0,,2024.0,7b,p,124.0,Hathras,m1IAjmqkoFC,indicator_7,386,7
2023.0,Hathras Mursan,NHwhqnwjZ0d,g69FuEghiM5,5561.0,,2024.0,2d,p,124.0,Hathras,m1IAjmqkoFC,indicator_2,386,2
2023.0,Hathras DHQ,NZZfSO3tDC5,TmeumlBaObG,5727.0,,2024.0,10b,p,,Hathras,m1IAjmqkoFC,indicator_10,757,10
2023.0,Hathras DHQ,NZZfSO3tDC5,t03VPkJ5UXd,5091.0,,2024.0,7b,p,,Hathras,m1IAjmqkoFC,indicator_7,757,7
2023.0,Hathras DHQ,NZZfSO3tDC5,g69FuEghiM5,5142.0,,2024.0,2d,p,,Hathras,m1IAjmqkoFC,indicator_2,757,2
2023.0,Hathras Sasni,Sy6tfTi18KA,TmeumlBaObG,7082.0,,2024.0,10b,p,120.0,Hathras,m1IAjmqkoFC,indicator_10,694,10
2023.0,Hathras Sasni,Sy6tfTi18KA,t03VPkJ5UXd,6295.0,,2024.0,7b,p,120.0,Hathras,m1IAjmqkoFC,indicator_7,694,7
2023.0,Hathras Sasni,Sy6tfTi18KA,g69FuEghiM5,6358.0,,2024.0,2d,p,120.0,Hathras,m1IAjmqkoFC,indicator_2,694,2
2023.0,Hathras Hasayan,TY8SzPsUCPQ,TmeumlBaObG,6320.0,,2024.0,10b,p,122.0,Hathras,m1IAjmqkoFC,indicator_10,355,10
2023.0,Hathras Hasayan,TY8SzPsUCPQ,t03VPkJ5UXd,5618.0,,2024.0,7b,p,122.0,Hathras,m1IAjmqkoFC,indicator_7,355,7
2023.0,Hathras Hasayan,TY8SzPsUCPQ,g69FuEghiM5,5674.0,,2024.0,2d,p,122.0,Hathras,m1IAjmqkoFC,indicator_2,355,2
2023.0,Hathras Sadabad,nGMlBiXPa8W,TmeumlBaObG,6835.0,,2024.0,10b,p,125.0,Hathras,m1IAjmqkoFC,indicator_10,831,10
2023.0,Hathras Sadabad,nGMlBiXPa8W,t03VPkJ5UXd,6076.0,,2024.0,7b,p,125.0,Hathras,m1IAjmqkoFC,indicator_7,831,7
2023.0,Hathras Sadabad,nGMlBiXPa8W,g69FuEghiM5,6136.0,,2024.0,2d,p,125.0,Hathras,m1IAjmqkoFC,indicator_2,831,2
2023.0,Hathras Maho,tisCSlmEcvz,TmeumlBaObG,5495.0,,2024.0,10b,p,123.0,Hathras,m1IAjmqkoFC,indicator_10,701,10
2023.0,Hathras Maho,tisCSlmEcvz,t03VPkJ5UXd,4884.0,,2024.0,7b,p,123.0,Hathras,m1IAjmqkoFC,indicator_7,701,7
2023.0,Hathras Maho,tisCSlmEcvz,g69FuEghiM5,4933.0,,2024.0,2d,p,123.0,Hathras,m1IAjmqkoFC,indicator_2,701,2
2023.0,Hathras Sikandra Rao,ws066anR0wR,TmeumlBaObG,6454.0,,2024.0,10b,p,121.0,Hathras,m1IAjmqkoFC,indicator_10,129,10
2023.0,Hathras Sikandra Rao,ws066anR0wR,t03VPkJ5UXd,5737.0,,2024.0,7b,p,121.0,Hathras,m1IAjmqkoFC,indicator_7,129,7
2023.0,Hathras Sikandra Rao,ws066anR0wR,g69FuEghiM5,5794.0,,2024.0,2d,p,121.0,Hathras,m1IAjmqkoFC,indicator_2,129,2
2023.0,Parsupur,Ae5sVkqEY53,TmeumlBaObG,9374.0,,2024.0,10b,p,573.0,Gonda,y8WarEkWCul,indicator_10,872,10
2023.0,Parsupur,Ae5sVkqEY53,t03VPkJ5UXd,8333.0,,2024.0,7b,p,573.0,Gonda,y8WarEkWCul,indicator_7,872,7
2023.0,Parsupur,Ae5sVkqEY53,g69FuEghiM5,8416.0,,2024.0,2d,p,573.0,Gonda,y8WarEkWCul,indicator_2,872,2
2023.0,Nawabganj Gonda,FMAaW4X6ueM,TmeumlBaObG,7426.0,,2024.0,10b,p,577.0,Gonda,y8WarEkWCul,indicator_10,716,10
2023.0,Nawabganj Gonda,FMAaW4X6ueM,t03VPkJ5UXd,6601.0,,2024.0,7b,p,577.0,Gonda,y8WarEkWCul,indicator_7,716,7
2023.0,Nawabganj Gonda,FMAaW4X6ueM,g69FuEghiM5,6667.0,,2024.0,2d,p,577.0,Gonda,y8WarEkWCul,indicator_2,716,2
2023.0,Pandari Kripal,GtDp6Qz9pSx,TmeumlBaObG,4730.0,,2024.0,10b,p,567.0,Gonda,y8WarEkWCul,indicator_10,493,10
2023.0,Pandari Kripal,GtDp6Qz9pSx,t03VPkJ5UXd,4204.0,,2024.0,7b,p,567.0,Gonda,y8WarEkWCul,indicator_7,493,7
2023.0,Pandari Kripal,GtDp6Qz9pSx,g69FuEghiM5,4246.0,,2024.0,2d,p,567.0,Gonda,y8WarEkWCul,indicator_2,493,2
2023.0,Maskanwa,JLjbfCaudqg,TmeumlBaObG,7004.0,,2024.0,10b,p,580.0,Gonda,y8WarEkWCul,indicator_10,557,10
2023.0,Maskanwa,JLjbfCaudqg,t03VPkJ5UXd,6225.0,,2024.0,7b,p,580.0,Gonda,y8WarEkWCul,indicator_7,557,7
2023.0,Maskanwa,JLjbfCaudqg,g69FuEghiM5,6288.0,,2024.0,2d,p,580.0,Gonda,y8WarEkWCul,indicator_2,557,2
2023.0,Belsar,KTP3RqHdGlM,TmeumlBaObG,7577.0,,2024.0,10b,p,574.0,Gonda,y8WarEkWCul,indicator_10,479,10
2023.0,Belsar,KTP3RqHdGlM,t03VPkJ5UXd,6735.0,,2024.0,7b,p,574.0,Gonda,y8WarEkWCul,indicator_7,479,7
2023.0,Belsar,KTP3RqHdGlM,g69FuEghiM5,6802.0,,2024.0,2d,p,574.0,Gonda,y8WarEkWCul,indicator_2,479,2
2023.0,Tarabganj,QW8N7nXhELz,TmeumlBaObG,6251.0,,2024.0,10b,p,575.0,Gonda,y8WarEkWCul,indicator_10,797,10
2023.0,Tarabganj,QW8N7nXhELz,t03VPkJ5UXd,5556.0,,2024.0,7b,p,575.0,Gonda,y8WarEkWCul,indicator_7,797,7
2023.0,Tarabganj,QW8N7nXhELz,g69FuEghiM5,5612.0,,2024.0,2d,p,575.0,Gonda,y8WarEkWCul,indicator_2,797,2
2023.0,Katrabazar,SiNGqVJoMtb,TmeumlBaObG,8111.0,,2024.0,10b,p,570.0,Gonda,y8WarEkWCul,indicator_10,847,10
2023.0,Katrabazar,SiNGqVJoMtb,t03VPkJ5UXd,7210.0,,2024.0,7b,p,570.0,Gonda,y8WarEkWCul,indicator_7,847,7
2023.0,Katrabazar,SiNGqVJoMtb,g69FuEghiM5,7282.0,,2024.0,2d,p,570.0,Gonda,y8WarEkWCul,indicator_2,847,2
2023.0,Colonalganj,SxFTKbP1SXZ,TmeumlBaObG,7611.0,,2024.0,10b,p,572.0,Gonda,y8WarEkWCul,indicator_10,27,10
2023.0,Colonalganj,SxFTKbP1SXZ,t03VPkJ5UXd,6766.0,,2024.0,7b,p,572.0,Gonda,y8WarEkWCul,indicator_7,27,7
2023.0,Colonalganj,SxFTKbP1SXZ,g69FuEghiM5,6833.0,,2024.0,2d,p,572.0,Gonda,y8WarEkWCul,indicator_2,27,2
2023.0,Wajeerganj,Yzv8XKcvFMn,TmeumlBaObG,6795.0,,2024.0,10b,p,576.0,Gonda,y8WarEkWCul,indicator_10,5,10
2023.0,Wajeerganj,Yzv8XKcvFMn,t03VPkJ5UXd,6040.0,,2024.0,7b,p,576.0,Gonda,y8WarEkWCul,indicator_7,5,7
2023.0,Wajeerganj,Yzv8XKcvFMn,g69FuEghiM5,6100.0,,2024.0,2d,p,576.0,Gonda,y8WarEkWCul,indicator_2,5,2
2023.0,Itiathok,Zkst7ZD9ogq,TmeumlBaObG,7416.0,,2024.0,10b,p,566.0,Gonda,y8WarEkWCul,indicator_10,229,10
2023.0,Itiathok,Zkst7ZD9ogq,t03VPkJ5UXd,6592.0,,2024.0,7b,p,566.0,Gonda,y8WarEkWCul,indicator_7,229,7
2023.0,Itiathok,Zkst7ZD9ogq,g69FuEghiM5,6658.0,,2024.0,2d,p,566.0,Gonda,y8WarEkWCul,indicator_2,229,2
2023.0,Gonda DHQ,dbHdyWgjMbk,TmeumlBaObG,5274.0,,2024.0,10b,p,,Gonda,y8WarEkWCul,indicator_10,302,10
2023.0,Gonda DHQ,dbHdyWgjMbk,t03VPkJ5UXd,4688.0,,2024.0,7b,p,,Gonda,y8WarEkWCul,indicator_7,302,7
2023.0,Gonda DHQ,dbHdyWgjMbk,g69FuEghiM5,4735.0,,2024.0,2d,p,,Gonda,y8WarEkWCul,indicator_2,302,2
2023.0,Bamanjeet,eeLkdiQv8Ex,TmeumlBaObG,7913.0,,2024.0,10b,p,579.0,Gonda,y8WarEkWCul,indicator_10,453,10
2023.0,Bamanjeet,eeLkdiQv8Ex,t03VPkJ5UXd,7034.0,,2024.0,7b,p,579.0,Gonda,y8WarEkWCul,indicator_7,453,7
2023.0,Bamanjeet,eeLkdiQv8Ex,g69FuEghiM5,7104.0,,2024.0,2d,p,579.0,Gonda,y8WarEkWCul,indicator_2,453,2
2023.0,Quazeedevar,i9BEhkE3w1b,TmeumlBaObG,8449.0,,2024.0,10b,p,568.0,Gonda,y8WarEkWCul,indicator_10,110,10
2023.0,Quazeedevar,i9BEhkE3w1b,t03VPkJ5UXd,7510.0,,2024.0,7b,p,568.0,Gonda,y8WarEkWCul,indicator_7,110,7
2023.0,Quazeedevar,i9BEhkE3w1b,g69FuEghiM5,7585.0,,2024.0,2d,p,568.0,Gonda,y8WarEkWCul,indicator_2,110,2
2023.0,Rupaideeh,l9TKc1gE8KO,TmeumlBaObG,9558.0,,2024.0,10b,p,565.0,Gonda,y8WarEkWCul,indicator_10,578,10
2023.0,Rupaideeh,l9TKc1gE8KO,t03VPkJ5UXd,8496.0,,2024.0,7b,p,565.0,Gonda,y8WarEkWCul,indicator_7,578,7
2023.0,Rupaideeh,l9TKc1gE8KO,g69FuEghiM5,8581.0,,2024.0,2d,p,565.0,Gonda,y8WarEkWCul,indicator_2,578,2
2023.0,Mujhana,pgmL8MQQwKP,TmeumlBaObG,7648.0,,2024.0,10b,p,569.0,Gonda,y8WarEkWCul,indicator_10,48,10
2023.0,Mujhana,pgmL8MQQwKP,t03VPkJ5UXd,6798.0,,2024.0,7b,p,569.0,Gonda,y8WarEkWCul,indicator_7,48,7
2023.0,Mujhana,pgmL8MQQwKP,g69FuEghiM5,6866.0,,2024.0,2d,p,569.0,Gonda,y8WarEkWCul,indicator_2,48,2
2023.0,Hadhermau,tob7bPRXBV3,TmeumlBaObG,6405.0,,2024.0,10b,p,571.0,Gonda,y8WarEkWCul,indicator_10,87,10
2023.0,Hadhermau,tob7bPRXBV3,t03VPkJ5UXd,5693.0,,2024.0,7b,p,571.0,Gonda,y8WarEkWCul,indicator_7,87,7
2023.0,Hadhermau,tob7bPRXBV3,g69FuEghiM5,5750.0,,2024.0,2d,p,571.0,Gonda,y8WarEkWCul,indicator_2,87,2
2023.0,Mankapur,yRVebIQF3pX,TmeumlBaObG,8885.0,,2024.0,10b,p,578.0,Gonda,y8WarEkWCul,indicator_10,820,10
2023.0,Mankapur,yRVebIQF3pX,t03VPkJ5UXd,7898.0,,2024.0,7b,p,578.0,Gonda,y8WarEkWCul,indicator_7,820,7
2023.0,Mankapur,yRVebIQF3pX,g69FuEghiM5,7977.0,,2024.0,2d,p,578.0,Gonda,y8WarEkWCul,indicator_2,820,2
2023.0,Saidnagar,Afucmep9Fdq,TmeumlBaObG,7639.0,,2024.0,10b,p,52.0,Rampur,IU006h5U7jj,indicator_10,742,10
2023.0,Saidnagar,Afucmep9Fdq,t03VPkJ5UXd,6790.0,,2024.0,7b,p,52.0,Rampur,IU006h5U7jj,indicator_7,742,7
2023.0,Saidnagar,Afucmep9Fdq,g69FuEghiM5,6858.0,,2024.0,2d,p,52.0,Rampur,IU006h5U7jj,indicator_2,742,2
2023.0,Shahbad,Bgu9MPGC8NW,TmeumlBaObG,11880.0,,2024.0,10b,p,55.0,Rampur,IU006h5U7jj,indicator_10,618,10
2023.0,Shahbad,Bgu9MPGC8NW,t03VPkJ5UXd,10560.0,,2024.0,7b,p,55.0,Rampur,IU006h5U7jj,indicator_7,618,7
2023.0,Shahbad,Bgu9MPGC8NW,g69FuEghiM5,10665.0,,2024.0,2d,p,55.0,Rampur,IU006h5U7jj,indicator_2,618,2
2023.0,Bilaspur,DNtrijn28qb,TmeumlBaObG,10384.0,,2024.0,10b,p,51.0,Rampur,IU006h5U7jj,indicator_10,488,10
2023.0,Bilaspur,DNtrijn28qb,t03VPkJ5UXd,9230.0,,2024.0,7b,p,51.0,Rampur,IU006h5U7jj,indicator_7,488,7
2023.0,Bilaspur,DNtrijn28qb,g69FuEghiM5,9323.0,,2024.0,2d,p,51.0,Rampur,IU006h5U7jj,indicator_2,488,2
2023.0,Milak,TLMPAZhmOLv,TmeumlBaObG,11264.0,,2024.0,10b,p,54.0,Rampur,IU006h5U7jj,indicator_10,362,10
2023.0,Milak,TLMPAZhmOLv,t03VPkJ5UXd,10013.0,,2024.0,7b,p,54.0,Rampur,IU006h5U7jj,indicator_7,362,7
2023.0,Milak,TLMPAZhmOLv,g69FuEghiM5,10113.0,,2024.0,2d,p,54.0,Rampur,IU006h5U7jj,indicator_2,362,2
2023.0,Rampur DHQ,TfKrN4hWv8C,TmeumlBaObG,11171.0,,2024.0,10b,p,,Rampur,IU006h5U7jj,indicator_10,673,10
2023.0,Rampur DHQ,TfKrN4hWv8C,t03VPkJ5UXd,9930.0,,2024.0,7b,p,,Rampur,IU006h5U7jj,indicator_7,673,7
2023.0,Rampur DHQ,TfKrN4hWv8C,g69FuEghiM5,10029.0,,2024.0,2d,p,,Rampur,IU006h5U7jj,indicator_2,673,2
2023.0,Swar,nwSfqFHkPxa,TmeumlBaObG,17850.0,,2024.0,10b,p,50.0,Rampur,IU006h5U7jj,indicator_10,195,10
2023.0,Swar,nwSfqFHkPxa,t03VPkJ5UXd,15866.0,,2024.0,7b,p,50.0,Rampur,IU006h5U7jj,indicator_7,195,7
2023.0,Swar,nwSfqFHkPxa,g69FuEghiM5,16025.0,,2024.0,2d,p,50.0,Rampur,IU006h5U7jj,indicator_2,195,2
2023.0,Chamraua,zph89qUJBah,TmeumlBaObG,7963.0,,2024.0,10b,p,53.0,Rampur,IU006h5U7jj,indicator_10,22,10
2023.0,Chamraua,zph89qUJBah,t03VPkJ5UXd,7078.0,,2024.0,7b,p,53.0,Rampur,IU006h5U7jj,indicator_7,22,7
2023.0,Chamraua,zph89qUJBah,g69FuEghiM5,7149.0,,2024.0,2d,p,53.0,Rampur,IU006h5U7jj,indicator_2,22,2
2023.0,BKTalabe,ApSm0CuGVfL,TmeumlBaObG,7458.0,,2024.0,10b,p,296.0,Lucknow,MfHac5N78aK,indicator_10,501,10
2023.0,BKTalabe,ApSm0CuGVfL,t03VPkJ5UXd,6629.0,,2024.0,7b,p,296.0,Lucknow,MfHac5N78aK,indicator_7,501,7
2023.0,BKTalabe,ApSm0CuGVfL,g69FuEghiM5,6696.0,,2024.0,2d,p,296.0,Lucknow,MfHac5N78aK,indicator_2,501,2
2023.0,Lucknow DHQ,NyYp5W4XZfR,TmeumlBaObG,70990.0,,2024.0,10b,p,,Lucknow,MfHac5N78aK,indicator_10,228,10
2023.0,Lucknow DHQ,NyYp5W4XZfR,t03VPkJ5UXd,63102.0,,2024.0,7b,p,,Lucknow,MfHac5N78aK,indicator_7,228,7
2023.0,Lucknow DHQ,NyYp5W4XZfR,g69FuEghiM5,63733.0,,2024.0,2d,p,,Lucknow,MfHac5N78aK,indicator_2,228,2
2023.0,Mohanlalganj,VKvevXLweem,TmeumlBaObG,6338.0,,2024.0,10b,p,301.0,Lucknow,MfHac5N78aK,indicator_10,215,10
2023.0,Mohanlalganj,VKvevXLweem,t03VPkJ5UXd,5634.0,,2024.0,7b,p,301.0,Lucknow,MfHac5N78aK,indicator_7,215,7
2023.0,Mohanlalganj,VKvevXLweem,g69FuEghiM5,5690.0,,2024.0,2d,p,301.0,Lucknow,MfHac5N78aK,indicator_2,215,2
2023.0,Chinhat,aKYlZcPC3HU,TmeumlBaObG,3356.0,,2024.0,10b,p,297.0,Lucknow,MfHac5N78aK,indicator_10,442,10
2023.0,Chinhat,aKYlZcPC3HU,t03VPkJ5UXd,2984.0,,2024.0,7b,p,297.0,Lucknow,MfHac5N78aK,indicator_7,442,7
2023.0,Chinhat,aKYlZcPC3HU,g69FuEghiM5,3013.0,,2024.0,2d,p,297.0,Lucknow,MfHac5N78aK,indicator_2,442,2
2023.0,Malihabad,c8dGu0p6B0M,TmeumlBaObG,4830.0,,2024.0,10b,p,295.0,Lucknow,MfHac5N78aK,indicator_10,304,10
2023.0,Malihabad,c8dGu0p6B0M,t03VPkJ5UXd,4293.0,,2024.0,7b,p,295.0,Lucknow,MfHac5N78aK,indicator_7,304,7
2023.0,Malihabad,c8dGu0p6B0M,g69FuEghiM5,4336.0,,2024.0,2d,p,295.0,Lucknow,MfHac5N78aK,indicator_2,304,2
2023.0,Sarojninagar,ciUK1Y4Eaxf,TmeumlBaObG,5479.0,,2024.0,10b,p,299.0,Lucknow,MfHac5N78aK,indicator_10,651,10
2023.0,Sarojninagar,ciUK1Y4Eaxf,t03VPkJ5UXd,4870.0,,2024.0,7b,p,299.0,Lucknow,MfHac5N78aK,indicator_7,651,7
2023.0,Sarojninagar,ciUK1Y4Eaxf,g69FuEghiM5,4919.0,,2024.0,2d,p,299.0,Lucknow,MfHac5N78aK,indicator_2,651,2
2023.0,Kakori,iK1PfQ9wLbz,TmeumlBaObG,4198.0,,2024.0,10b,p,298.0,Lucknow,MfHac5N78aK,indicator_10,842,10
2023.0,Kakori,iK1PfQ9wLbz,t03VPkJ5UXd,3732.0,,2024.0,7b,p,298.0,Lucknow,MfHac5N78aK,indicator_7,842,7
2023.0,Kakori,iK1PfQ9wLbz,g69FuEghiM5,3769.0,,2024.0,2d,p,298.0,Lucknow,MfHac5N78aK,indicator_2,842,2
2023.0,Mall,ksTeBOfYw9L,TmeumlBaObG,4181.0,,2024.0,10b,p,294.0,Lucknow,MfHac5N78aK,indicator_10,491,10
2023.0,Mall,ksTeBOfYw9L,t03VPkJ5UXd,3716.0,,2024.0,7b,p,294.0,Lucknow,MfHac5N78aK,indicator_7,491,7
2023.0,Mall,ksTeBOfYw9L,g69FuEghiM5,3753.0,,2024.0,2d,p,294.0,Lucknow,MfHac5N78aK,indicator_2,491,2
2023.0,Gosaiganj,qnglbY5alFS,TmeumlBaObG,5413.0,,2024.0,10b,p,300.0,Lucknow,MfHac5N78aK,indicator_10,395,10
2023.0,Gosaiganj,qnglbY5alFS,t03VPkJ5UXd,4812.0,,2024.0,7b,p,300.0,Lucknow,MfHac5N78aK,indicator_7,395,7
2023.0,Gosaiganj,qnglbY5alFS,g69FuEghiM5,4860.0,,2024.0,2d,p,300.0,Lucknow,MfHac5N78aK,indicator_2,395,2
2023.0,Sahabganj,Aq89pvDpWBA,TmeumlBaObG,5266.0,,2024.0,10b,p,771.0,Chandauli,ClbehnmwSec,indicator_10,365,10
2023.0,Sahabganj,Aq89pvDpWBA,t03VPkJ5UXd,4681.0,,2024.0,7b,p,771.0,Chandauli,ClbehnmwSec,indicator_7,365,7
2023.0,Sahabganj,Aq89pvDpWBA,g69FuEghiM5,4728.0,,2024.0,2d,p,771.0,Chandauli,ClbehnmwSec,indicator_2,365,2
2023.0,Dhanapur,F1Ddi7jawvX,TmeumlBaObG,7764.0,,2024.0,10b,p,765.0,Chandauli,ClbehnmwSec,indicator_10,203,10
2023.0,Dhanapur,F1Ddi7jawvX,t03VPkJ5UXd,6901.0,,2024.0,7b,p,765.0,Chandauli,ClbehnmwSec,indicator_7,203,7
2023.0,Dhanapur,F1Ddi7jawvX,g69FuEghiM5,6970.0,,2024.0,2d,p,765.0,Chandauli,ClbehnmwSec,indicator_2,203,2
2023.0,Niyamtabad,FyHWyWYiq51,TmeumlBaObG,8368.0,,2024.0,10b,p,767.0,Chandauli,ClbehnmwSec,indicator_10,552,10
2023.0,Niyamtabad,FyHWyWYiq51,t03VPkJ5UXd,7438.0,,2024.0,7b,p,767.0,Chandauli,ClbehnmwSec,indicator_7,552,7
2023.0,Niyamtabad,FyHWyWYiq51,g69FuEghiM5,7512.0,,2024.0,2d,p,767.0,Chandauli,ClbehnmwSec,indicator_2,552,2
2023.0,Sakaldeeha,J2ufTjaikuE,TmeumlBaObG,9094.0,,2024.0,10b,p,766.0,Chandauli,ClbehnmwSec,indicator_10,808,10
2023.0,Sakaldeeha,J2ufTjaikuE,t03VPkJ5UXd,8084.0,,2024.0,7b,p,766.0,Chandauli,ClbehnmwSec,indicator_7,808,7
2023.0,Sakaldeeha,J2ufTjaikuE,g69FuEghiM5,8165.0,,2024.0,2d,p,766.0,Chandauli,ClbehnmwSec,indicator_2,808,2
2023.0,Chaniya,P0KHYXl7qFF,TmeumlBaObG,7387.0,,2024.0,10b,p,764.0,Chandauli,ClbehnmwSec,indicator_10,224,10
2023.0,Chaniya,P0KHYXl7qFF,t03VPkJ5UXd,6567.0,,2024.0,7b,p,764.0,Chandauli,ClbehnmwSec,indicator_7,224,7
2023.0,Chaniya,P0KHYXl7qFF,g69FuEghiM5,6632.0,,2024.0,2d,p,764.0,Chandauli,ClbehnmwSec,indicator_2,224,2
2023.0,Chandauli,QglkJx8TDdn,TmeumlBaObG,8421.0,,2024.0,10b,p,768.0,Chandauli,ClbehnmwSec,indicator_10,211,10
2023.0,Chandauli,QglkJx8TDdn,t03VPkJ5UXd,7485.0,,2024.0,7b,p,768.0,Chandauli,ClbehnmwSec,indicator_7,211,7
2023.0,Chandauli,QglkJx8TDdn,g69FuEghiM5,7560.0,,2024.0,2d,p,768.0,Chandauli,ClbehnmwSec,indicator_2,211,2
2023.0,Naugarh,UuA1Z7kFP5w,TmeumlBaObG,2869.0,,2024.0,10b,p,772.0,Chandauli,ClbehnmwSec,indicator_10,690,10
2023.0,Naugarh,UuA1Z7kFP5w,t03VPkJ5UXd,2550.0,,2024.0,7b,p,772.0,Chandauli,ClbehnmwSec,indicator_7,690,7
2023.0,Naugarh,UuA1Z7kFP5w,g69FuEghiM5,2576.0,,2024.0,2d,p,772.0,Chandauli,ClbehnmwSec,indicator_2,690,2
2023.0,Chakiya,VpPC8KPVwrC,TmeumlBaObG,6828.0,,2024.0,10b,p,770.0,Chandauli,ClbehnmwSec,indicator_10,713,10
2023.0,Chakiya,VpPC8KPVwrC,t03VPkJ5UXd,6069.0,,2024.0,7b,p,770.0,Chandauli,ClbehnmwSec,indicator_7,713,7
2023.0,Chakiya,VpPC8KPVwrC,g69FuEghiM5,6130.0,,2024.0,2d,p,770.0,Chandauli,ClbehnmwSec,indicator_2,713,2
2023.0,Barhani,kneJKc3fNtp,TmeumlBaObG,7013.0,,2024.0,10b,p,769.0,Chandauli,ClbehnmwSec,indicator_10,837,10
2023.0,Barhani,kneJKc3fNtp,t03VPkJ5UXd,6234.0,,2024.0,7b,p,769.0,Chandauli,ClbehnmwSec,indicator_7,837,7
2023.0,Barhani,kneJKc3fNtp,g69FuEghiM5,6296.0,,2024.0,2d,p,769.0,Chandauli,ClbehnmwSec,indicator_2,837,2
2023.0,Chandauli DHQ,kqqVceYxMn2,TmeumlBaObG,5472.0,,2024.0,10b,p,,Chandauli,ClbehnmwSec,indicator_10,792,10
2023.0,Chandauli DHQ,kqqVceYxMn2,t03VPkJ5UXd,4864.0,,2024.0,7b,p,,Chandauli,ClbehnmwSec,indicator_7,792,7
2023.0,Chandauli DHQ,kqqVceYxMn2,g69FuEghiM5,4912.0,,2024.0,2d,p,,Chandauli,ClbehnmwSec,indicator_2,792,2
2023.0,Deoria Bhttni,AzV6zQXaRba,TmeumlBaObG,6351.0,,2024.0,10b,p,674.0,Deoria,Tf9b9qcbghH,indicator_10,441,10
2023.0,Deoria Bhttni,AzV6zQXaRba,t03VPkJ5UXd,5645.0,,2024.0,7b,p,674.0,Deoria,Tf9b9qcbghH,indicator_7,441,7
2023.0,Deoria Bhttni,AzV6zQXaRba,g69FuEghiM5,5701.0,,2024.0,2d,p,674.0,Deoria,Tf9b9qcbghH,indicator_2,441,2
2023.0,Deoria Barhaz,E5A2kSTc3PM,TmeumlBaObG,5707.0,,2024.0,10b,p,672.0,Deoria,Tf9b9qcbghH,indicator_10,301,10
2023.0,Deoria Barhaz,E5A2kSTc3PM,t03VPkJ5UXd,5073.0,,2024.0,7b,p,672.0,Deoria,Tf9b9qcbghH,indicator_7,301,7
2023.0,Deoria Barhaz,E5A2kSTc3PM,g69FuEghiM5,5123.0,,2024.0,2d,p,672.0,Deoria,Tf9b9qcbghH,indicator_2,301,2
2023.0,Deoria Bankata,EmKRIMSIXim,TmeumlBaObG,6415.0,,2024.0,10b,p,677.0,Deoria,Tf9b9qcbghH,indicator_10,782,10
2023.0,Deoria Bankata,EmKRIMSIXim,t03VPkJ5UXd,5703.0,,2024.0,7b,p,677.0,Deoria,Tf9b9qcbghH,indicator_7,782,7
2023.0,Deoria Bankata,EmKRIMSIXim,g69FuEghiM5,5760.0,,2024.0,2d,p,677.0,Deoria,Tf9b9qcbghH,indicator_2,782,2
2023.0,Deoria DHQ,Kr0p5SNoG3J,TmeumlBaObG,4471.0,,2024.0,10b,p,,Deoria,Tf9b9qcbghH,indicator_10,867,10
2023.0,Deoria DHQ,Kr0p5SNoG3J,t03VPkJ5UXd,3974.0,,2024.0,7b,p,,Deoria,Tf9b9qcbghH,indicator_7,867,7
2023.0,Deoria DHQ,Kr0p5SNoG3J,g69FuEghiM5,4014.0,,2024.0,2d,p,,Deoria,Tf9b9qcbghH,indicator_2,867,2
2023.0,Deoria Desai Deoria,KsXL0whELQG,TmeumlBaObG,4538.0,,2024.0,10b,p,665.0,Deoria,Tf9b9qcbghH,indicator_10,879,10
2023.0,Deoria Desai Deoria,KsXL0whELQG,t03VPkJ5UXd,4034.0,,2024.0,7b,p,665.0,Deoria,Tf9b9qcbghH,indicator_7,879,7
2023.0,Deoria Desai Deoria,KsXL0whELQG,g69FuEghiM5,4074.0,,2024.0,2d,p,665.0,Deoria,Tf9b9qcbghH,indicator_2,879,2
2023.0,Deoria Bethalpur,LPTjBQ9rRWx,TmeumlBaObG,7517.0,,2024.0,10b,p,664.0,Deoria,Tf9b9qcbghH,indicator_10,510,10
2023.0,Deoria Bethalpur,LPTjBQ9rRWx,t03VPkJ5UXd,6682.0,,2024.0,7b,p,664.0,Deoria,Tf9b9qcbghH,indicator_7,510,7
2023.0,Deoria Bethalpur,LPTjBQ9rRWx,g69FuEghiM5,6749.0,,2024.0,2d,p,664.0,Deoria,Tf9b9qcbghH,indicator_2,510,2
2023.0,Deoria Larr,NVFxlXHdSmv,TmeumlBaObG,6411.0,,2024.0,10b,p,676.0,Deoria,Tf9b9qcbghH,indicator_10,52,10
2023.0,Deoria Larr,NVFxlXHdSmv,t03VPkJ5UXd,5698.0,,2024.0,7b,p,676.0,Deoria,Tf9b9qcbghH,indicator_7,52,7
2023.0,Deoria Larr,NVFxlXHdSmv,g69FuEghiM5,5755.0,,2024.0,2d,p,676.0,Deoria,Tf9b9qcbghH,indicator_2,52,2
2023.0,Deoria Rampur Karkhna,S0dqgoK82zn,TmeumlBaObG,5545.0,,2024.0,10b,p,668.0,Deoria,Tf9b9qcbghH,indicator_10,635,10
2023.0,Deoria Rampur Karkhna,S0dqgoK82zn,t03VPkJ5UXd,4929.0,,2024.0,7b,p,668.0,Deoria,Tf9b9qcbghH,indicator_7,635,7
2023.0,Deoria Rampur Karkhna,S0dqgoK82zn,g69FuEghiM5,4978.0,,2024.0,2d,p,668.0,Deoria,Tf9b9qcbghH,indicator_2,635,2
2023.0,Deoria Bhagelpur,ULhLz5tR5rr,TmeumlBaObG,4896.0,,2024.0,10b,p,673.0,Deoria,Tf9b9qcbghH,indicator_10,451,10
2023.0,Deoria Bhagelpur,ULhLz5tR5rr,t03VPkJ5UXd,4352.0,,2024.0,7b,p,673.0,Deoria,Tf9b9qcbghH,indicator_7,451,7
2023.0,Deoria Bhagelpur,ULhLz5tR5rr,g69FuEghiM5,4396.0,,2024.0,2d,p,673.0,Deoria,Tf9b9qcbghH,indicator_2,451,2
2023.0,Deoria Majhgawon,UlR3pGm65VX,TmeumlBaObG,7994.0,,2024.0,10b,p,,Deoria,Tf9b9qcbghH,indicator_10,54,10
2023.0,Deoria Majhgawon,UlR3pGm65VX,t03VPkJ5UXd,7105.0,,2024.0,7b,p,,Deoria,Tf9b9qcbghH,indicator_7,54,7
2023.0,Deoria Majhgawon,UlR3pGm65VX,g69FuEghiM5,7176.0,,2024.0,2d,p,,Deoria,Tf9b9qcbghH,indicator_2,54,2
2023.0,Deoria Selampur,YRYbXgGEgwG,TmeumlBaObG,8195.0,,2024.0,10b,p,675.0,Deoria,Tf9b9qcbghH,indicator_10,116,10
2023.0,Deoria Selampur,YRYbXgGEgwG,t03VPkJ5UXd,7285.0,,2024.0,7b,p,675.0,Deoria,Tf9b9qcbghH,indicator_7,116,7
2023.0,Deoria Selampur,YRYbXgGEgwG,g69FuEghiM5,7357.0,,2024.0,2d,p,675.0,Deoria,Tf9b9qcbghH,indicator_2,116,2
2023.0,Deoria Bhaluni,rMbW2gza9HD,TmeumlBaObG,6648.0,,2024.0,10b,p,671.0,Deoria,Tf9b9qcbghH,indicator_10,546,10
2023.0,Deoria Bhaluni,rMbW2gza9HD,t03VPkJ5UXd,5909.0,,2024.0,7b,p,671.0,Deoria,Tf9b9qcbghH,indicator_7,546,7
2023.0,Deoria Bhaluni,rMbW2gza9HD,g69FuEghiM5,5968.0,,2024.0,2d,p,671.0,Deoria,Tf9b9qcbghH,indicator_2,546,2
2023.0,Deoria Bhatperrani,rY5nGyzGedU,TmeumlBaObG,6425.0,,2024.0,10b,p,678.0,Deoria,Tf9b9qcbghH,indicator_10,876,10
2023.0,Deoria Bhatperrani,rY5nGyzGedU,t03VPkJ5UXd,5711.0,,2024.0,7b,p,678.0,Deoria,Tf9b9qcbghH,indicator_7,876,7
2023.0,Deoria Bhatperrani,rY5nGyzGedU,g69FuEghiM5,5769.0,,2024.0,2d,p,678.0,Deoria,Tf9b9qcbghH,indicator_2,876,2
2023.0,Deoria Tarkulwa ,rz3th45E7Sa,TmeumlBaObG,4042.0,,2024.0,10b,p,666.0,Deoria,Tf9b9qcbghH,indicator_10,583,10
2023.0,Deoria Tarkulwa ,rz3th45E7Sa,t03VPkJ5UXd,3593.0,,2024.0,7b,p,666.0,Deoria,Tf9b9qcbghH,indicator_7,583,7
2023.0,Deoria Tarkulwa ,rz3th45E7Sa,g69FuEghiM5,3629.0,,2024.0,2d,p,666.0,Deoria,Tf9b9qcbghH,indicator_2,583,2
2023.0,Deoria Ruderpur,tbaPfFzYkRT,TmeumlBaObG,7370.0,,2024.0,10b,p,670.0,Deoria,Tf9b9qcbghH,indicator_10,592,10
2023.0,Deoria Ruderpur,tbaPfFzYkRT,t03VPkJ5UXd,6551.0,,2024.0,7b,p,670.0,Deoria,Tf9b9qcbghH,indicator_7,592,7
2023.0,Deoria Ruderpur,tbaPfFzYkRT,g69FuEghiM5,6617.0,,2024.0,2d,p,670.0,Deoria,Tf9b9qcbghH,indicator_2,592,2
2023.0,Deoria Patherdewa,uwDViZiXmha,TmeumlBaObG,6039.0,,2024.0,10b,p,667.0,Deoria,Tf9b9qcbghH,indicator_10,513,10
2023.0,Deoria Patherdewa,uwDViZiXmha,t03VPkJ5UXd,5368.0,,2024.0,7b,p,667.0,Deoria,Tf9b9qcbghH,indicator_7,513,7
2023.0,Deoria Patherdewa,uwDViZiXmha,g69FuEghiM5,5421.0,,2024.0,2d,p,667.0,Deoria,Tf9b9qcbghH,indicator_2,513,2
2023.0,Deoria Goribazar,x6V2gbPDLjh,TmeumlBaObG,8519.0,,2024.0,10b,p,663.0,Deoria,Tf9b9qcbghH,indicator_10,816,10
2023.0,Deoria Goribazar,x6V2gbPDLjh,t03VPkJ5UXd,7573.0,,2024.0,7b,p,663.0,Deoria,Tf9b9qcbghH,indicator_7,816,7
2023.0,Deoria Goribazar,x6V2gbPDLjh,g69FuEghiM5,7648.0,,2024.0,2d,p,663.0,Deoria,Tf9b9qcbghH,indicator_2,816,2
2023.0,Itawa,B0QTEnRTAZg,TmeumlBaObG,9666.0,,2024.0,10b,p,592.0,Siddharth Nagar,cP0p8qfm3il,indicator_10,672,10
2023.0,Itawa,B0QTEnRTAZg,t03VPkJ5UXd,8592.0,,2024.0,7b,p,592.0,Siddharth Nagar,cP0p8qfm3il,indicator_7,672,7
2023.0,Itawa,B0QTEnRTAZg,g69FuEghiM5,8678.0,,2024.0,2d,p,592.0,Siddharth Nagar,cP0p8qfm3il,indicator_2,672,2
2023.0,Siddharth Nagar DHQ,EE0yO6YSNwL,TmeumlBaObG,2069.0,,2024.0,10b,p,,Siddharth Nagar,cP0p8qfm3il,indicator_10,422,10
2023.0,Siddharth Nagar DHQ,EE0yO6YSNwL,t03VPkJ5UXd,1839.0,,2024.0,7b,p,,Siddharth Nagar,cP0p8qfm3il,indicator_7,422,7
2023.0,Siddharth Nagar DHQ,EE0yO6YSNwL,g69FuEghiM5,1857.0,,2024.0,2d,p,,Siddharth Nagar,cP0p8qfm3il,indicator_2,422,2
2023.0,Birdpur,N5oPV77d3Vf,TmeumlBaObG,8309.0,,2024.0,10b,p,584.0,Siddharth Nagar,cP0p8qfm3il,indicator_10,8,10
2023.0,Birdpur,N5oPV77d3Vf,t03VPkJ5UXd,7385.0,,2024.0,7b,p,584.0,Siddharth Nagar,cP0p8qfm3il,indicator_7,8,7
2023.0,Birdpur,N5oPV77d3Vf,g69FuEghiM5,7459.0,,2024.0,2d,p,584.0,Siddharth Nagar,cP0p8qfm3il,indicator_2,8,2
2023.0,Mithwal,OHdFJxcZU3t,TmeumlBaObG,10660.0,,2024.0,10b,p,589.0,Siddharth Nagar,cP0p8qfm3il,indicator_10,57,10
2023.0,Mithwal,OHdFJxcZU3t,t03VPkJ5UXd,9476.0,,2024.0,7b,p,589.0,Siddharth Nagar,cP0p8qfm3il,indicator_7,57,7
2023.0,Mithwal,OHdFJxcZU3t,g69FuEghiM5,9570.0,,2024.0,2d,p,589.0,Siddharth Nagar,cP0p8qfm3il,indicator_2,57,2
2023.0,Khsrha,RtFh5dTx40I,TmeumlBaObG,9737.0,,2024.0,10b,p,590.0,Siddharth Nagar,cP0p8qfm3il,indicator_10,372,10
2023.0,Khsrha,RtFh5dTx40I,t03VPkJ5UXd,8656.0,,2024.0,7b,p,590.0,Siddharth Nagar,cP0p8qfm3il,indicator_7,372,7
2023.0,Khsrha,RtFh5dTx40I,g69FuEghiM5,8742.0,,2024.0,2d,p,590.0,Siddharth Nagar,cP0p8qfm3il,indicator_2,372,2
2023.0,Jogia,SCLwreLwByy,TmeumlBaObG,6667.0,,2024.0,10b,p,583.0,Siddharth Nagar,cP0p8qfm3il,indicator_10,426,10
2023.0,Jogia,SCLwreLwByy,t03VPkJ5UXd,5926.0,,2024.0,7b,p,583.0,Siddharth Nagar,cP0p8qfm3il,indicator_7,426,7
2023.0,Jogia,SCLwreLwByy,g69FuEghiM5,5986.0,,2024.0,2d,p,583.0,Siddharth Nagar,cP0p8qfm3il,indicator_2,426,2
2023.0,Nougarh,VQaZwzfLvV1,TmeumlBaObG,9837.0,,2024.0,10b,p,585.0,Siddharth Nagar,cP0p8qfm3il,indicator_10,785,10
2023.0,Nougarh,VQaZwzfLvV1,t03VPkJ5UXd,8744.0,,2024.0,7b,p,585.0,Siddharth Nagar,cP0p8qfm3il,indicator_7,785,7
2023.0,Nougarh,VQaZwzfLvV1,g69FuEghiM5,8831.0,,2024.0,2d,p,585.0,Siddharth Nagar,cP0p8qfm3il,indicator_2,785,2
2023.0,Khuniywa,WhN8Tp15uxY,TmeumlBaObG,10806.0,,2024.0,10b,p,593.0,Siddharth Nagar,cP0p8qfm3il,indicator_10,819,10
2023.0,Khuniywa,WhN8Tp15uxY,t03VPkJ5UXd,9606.0,,2024.0,7b,p,593.0,Siddharth Nagar,cP0p8qfm3il,indicator_7,819,7
2023.0,Khuniywa,WhN8Tp15uxY,g69FuEghiM5,9702.0,,2024.0,2d,p,593.0,Siddharth Nagar,cP0p8qfm3il,indicator_2,819,2
2023.0,Uska Bazar,WvXTe5mm0Jg,TmeumlBaObG,6715.0,,2024.0,10b,p,586.0,Siddharth Nagar,cP0p8qfm3il,indicator_10,503,10
2023.0,Uska Bazar,WvXTe5mm0Jg,t03VPkJ5UXd,5969.0,,2024.0,7b,p,586.0,Siddharth Nagar,cP0p8qfm3il,indicator_7,503,7
2023.0,Uska Bazar,WvXTe5mm0Jg,g69FuEghiM5,6028.0,,2024.0,2d,p,586.0,Siddharth Nagar,cP0p8qfm3il,indicator_2,503,2
2023.0,Bansi,dMZKc4fIqCl,TmeumlBaObG,7677.0,,2024.0,10b,p,588.0,Siddharth Nagar,cP0p8qfm3il,indicator_10,463,10
2023.0,Bansi,dMZKc4fIqCl,t03VPkJ5UXd,6824.0,,2024.0,7b,p,588.0,Siddharth Nagar,cP0p8qfm3il,indicator_7,463,7
2023.0,Bansi,dMZKc4fIqCl,g69FuEghiM5,6892.0,,2024.0,2d,p,588.0,Siddharth Nagar,cP0p8qfm3il,indicator_2,463,2
2023.0,Sohartgarh,fhrJdvxaNc3,TmeumlBaObG,7257.0,,2024.0,10b,p,582.0,Siddharth Nagar,cP0p8qfm3il,indicator_10,445,10
2023.0,Sohartgarh,fhrJdvxaNc3,t03VPkJ5UXd,6451.0,,2024.0,7b,p,582.0,Siddharth Nagar,cP0p8qfm3il,indicator_7,445,7
2023.0,Sohartgarh,fhrJdvxaNc3,g69FuEghiM5,6515.0,,2024.0,2d,p,582.0,Siddharth Nagar,cP0p8qfm3il,indicator_2,445,2
2023.0,Badani,fvt1qfVGM3G,TmeumlBaObG,8085.0,,2024.0,10b,p,581.0,Siddharth Nagar,cP0p8qfm3il,indicator_10,163,10
2023.0,Badani,fvt1qfVGM3G,t03VPkJ5UXd,7186.0,,2024.0,7b,p,581.0,Siddharth Nagar,cP0p8qfm3il,indicator_7,163,7
2023.0,Badani,fvt1qfVGM3G,g69FuEghiM5,7258.0,,2024.0,2d,p,581.0,Siddharth Nagar,cP0p8qfm3il,indicator_2,163,2
2023.0,Dumaria,nH12F0E43cT,TmeumlBaObG,15746.0,,2024.0,10b,p,594.0,Siddharth Nagar,cP0p8qfm3il,indicator_10,118,10
2023.0,Dumaria,nH12F0E43cT,t03VPkJ5UXd,13997.0,,2024.0,7b,p,594.0,Siddharth Nagar,cP0p8qfm3il,indicator_7,118,7
2023.0,Dumaria,nH12F0E43cT,g69FuEghiM5,14137.0,,2024.0,2d,p,594.0,Siddharth Nagar,cP0p8qfm3il,indicator_2,118,2
2023.0,Bhanwapur,pWd385fXS6s,TmeumlBaObG,10646.0,,2024.0,10b,p,591.0,Siddharth Nagar,cP0p8qfm3il,indicator_10,850,10
2023.0,Bhanwapur,pWd385fXS6s,t03VPkJ5UXd,9463.0,,2024.0,7b,p,591.0,Siddharth Nagar,cP0p8qfm3il,indicator_7,850,7
2023.0,Bhanwapur,pWd385fXS6s,g69FuEghiM5,9558.0,,2024.0,2d,p,591.0,Siddharth Nagar,cP0p8qfm3il,indicator_2,850,2
2023.0,Bilhari,B1rNgGH3FaM,TmeumlBaObG,9424.0,,2024.0,10b,p,44.0,Moradabad,YQNQoPjAIpV,indicator_10,620,10
2023.0,Bilhari,B1rNgGH3FaM,t03VPkJ5UXd,8377.0,,2024.0,7b,p,44.0,Moradabad,YQNQoPjAIpV,indicator_7,620,7
2023.0,Bilhari,B1rNgGH3FaM,g69FuEghiM5,8461.0,,2024.0,2d,p,44.0,Moradabad,YQNQoPjAIpV,indicator_2,620,2
2023.0,Tajpur,ETOgxiqqzTT,TmeumlBaObG,6371.0,,2024.0,10b,p,41.0,Moradabad,YQNQoPjAIpV,indicator_10,307,10
2023.0,Tajpur,ETOgxiqqzTT,t03VPkJ5UXd,5663.0,,2024.0,7b,p,41.0,Moradabad,YQNQoPjAIpV,indicator_7,307,7
2023.0,Tajpur,ETOgxiqqzTT,g69FuEghiM5,5720.0,,2024.0,2d,p,41.0,Moradabad,YQNQoPjAIpV,indicator_2,307,2
2023.0,Mundapanday,FPqrFlrWiLm,TmeumlBaObG,8569.0,,2024.0,10b,p,42.0,Moradabad,YQNQoPjAIpV,indicator_10,84,10
2023.0,Mundapanday,FPqrFlrWiLm,t03VPkJ5UXd,7617.0,,2024.0,7b,p,42.0,Moradabad,YQNQoPjAIpV,indicator_7,84,7
2023.0,Mundapanday,FPqrFlrWiLm,g69FuEghiM5,7693.0,,2024.0,2d,p,42.0,Moradabad,YQNQoPjAIpV,indicator_2,84,2
2023.0,Chjlate,MIhBWjsHb4j,TmeumlBaObG,9651.0,,2024.0,10b,p,39.0,Moradabad,YQNQoPjAIpV,indicator_10,749,10
2023.0,Chjlate,MIhBWjsHb4j,t03VPkJ5UXd,8579.0,,2024.0,7b,p,39.0,Moradabad,YQNQoPjAIpV,indicator_7,749,7
2023.0,Chjlate,MIhBWjsHb4j,g69FuEghiM5,8664.0,,2024.0,2d,p,39.0,Moradabad,YQNQoPjAIpV,indicator_2,749,2
2023.0,Moradabad DHQ,WHjh3bRw6D7,TmeumlBaObG,31851.0,,2024.0,10b,p,,Moradabad,YQNQoPjAIpV,indicator_10,438,10
2023.0,Moradabad DHQ,WHjh3bRw6D7,t03VPkJ5UXd,28312.0,,2024.0,7b,p,,Moradabad,YQNQoPjAIpV,indicator_7,438,7
2023.0,Moradabad DHQ,WHjh3bRw6D7,g69FuEghiM5,28595.0,,2024.0,2d,p,,Moradabad,YQNQoPjAIpV,indicator_2,438,2
2023.0,Thakurdwara,aO4ZhXYOBeK,TmeumlBaObG,8525.0,,2024.0,10b,p,37.0,Moradabad,YQNQoPjAIpV,indicator_10,744,10
2023.0,Thakurdwara,aO4ZhXYOBeK,t03VPkJ5UXd,7578.0,,2024.0,7b,p,37.0,Moradabad,YQNQoPjAIpV,indicator_7,744,7
2023.0,Thakurdwara,aO4ZhXYOBeK,g69FuEghiM5,7654.0,,2024.0,2d,p,37.0,Moradabad,YQNQoPjAIpV,indicator_2,744,2
2023.0,Bhagtepurtanda,f4VnN0yydmT,TmeumlBaObG,8964.0,,2024.0,10b,p,40.0,Moradabad,YQNQoPjAIpV,indicator_10,308,10
2023.0,Bhagtepurtanda,f4VnN0yydmT,t03VPkJ5UXd,7968.0,,2024.0,7b,p,40.0,Moradabad,YQNQoPjAIpV,indicator_7,308,7
2023.0,Bhagtepurtanda,f4VnN0yydmT,g69FuEghiM5,8047.0,,2024.0,2d,p,40.0,Moradabad,YQNQoPjAIpV,indicator_2,308,2
2023.0,Kunderki,gmAXrJ45VMf,TmeumlBaObG,12570.0,,2024.0,10b,p,43.0,Moradabad,YQNQoPjAIpV,indicator_10,768,10
2023.0,Kunderki,gmAXrJ45VMf,t03VPkJ5UXd,11173.0,,2024.0,7b,p,43.0,Moradabad,YQNQoPjAIpV,indicator_7,768,7
2023.0,Kunderki,gmAXrJ45VMf,g69FuEghiM5,11285.0,,2024.0,2d,p,43.0,Moradabad,YQNQoPjAIpV,indicator_2,768,2
2023.0,Dilhari,yslHqhvvXn0,TmeumlBaObG,9118.0,,2024.0,10b,p,38.0,Moradabad,YQNQoPjAIpV,indicator_10,803,10
2023.0,Dilhari,yslHqhvvXn0,t03VPkJ5UXd,8105.0,,2024.0,7b,p,38.0,Moradabad,YQNQoPjAIpV,indicator_7,803,7
2023.0,Dilhari,yslHqhvvXn0,g69FuEghiM5,8186.0,,2024.0,2d,p,38.0,Moradabad,YQNQoPjAIpV,indicator_2,803,2
2023.0,Kushinagar Fajilnagar,B3CnhXWWije,TmeumlBaObG,8717.0,,2024.0,10b,p,659.0,Kushinagar,xUeHwd9FQkg,indicator_10,734,10
2023.0,Kushinagar Fajilnagar,B3CnhXWWije,t03VPkJ5UXd,7749.0,,2024.0,7b,p,659.0,Kushinagar,xUeHwd9FQkg,indicator_7,734,7
2023.0,Kushinagar Fajilnagar,B3CnhXWWije,g69FuEghiM5,7826.0,,2024.0,2d,p,659.0,Kushinagar,xUeHwd9FQkg,indicator_2,734,2
2023.0,Kushinagar Hata,BYiQDRJhWWk,TmeumlBaObG,8494.0,,2024.0,10b,p,657.0,Kushinagar,xUeHwd9FQkg,indicator_10,548,10
2023.0,Kushinagar Hata,BYiQDRJhWWk,t03VPkJ5UXd,7551.0,,2024.0,7b,p,657.0,Kushinagar,xUeHwd9FQkg,indicator_7,548,7
2023.0,Kushinagar Hata,BYiQDRJhWWk,g69FuEghiM5,7626.0,,2024.0,2d,p,657.0,Kushinagar,xUeHwd9FQkg,indicator_2,548,2
2023.0,Kushinagar Motichak,BhMAwU8XZey,TmeumlBaObG,7680.0,,2024.0,10b,p,655.0,Kushinagar,xUeHwd9FQkg,indicator_10,658,10
2023.0,Kushinagar Motichak,BhMAwU8XZey,t03VPkJ5UXd,6826.0,,2024.0,7b,p,655.0,Kushinagar,xUeHwd9FQkg,indicator_7,658,7
2023.0,Kushinagar Motichak,BhMAwU8XZey,g69FuEghiM5,6895.0,,2024.0,2d,p,655.0,Kushinagar,xUeHwd9FQkg,indicator_2,658,2
2023.0,Kushinagar Tamkuhi,CApqqM6FvRV,TmeumlBaObG,10695.0,,2024.0,10b,p,660.0,Kushinagar,xUeHwd9FQkg,indicator_10,269,10
2023.0,Kushinagar Tamkuhi,CApqqM6FvRV,t03VPkJ5UXd,9506.0,,2024.0,7b,p,660.0,Kushinagar,xUeHwd9FQkg,indicator_7,269,7
2023.0,Kushinagar Tamkuhi,CApqqM6FvRV,g69FuEghiM5,9601.0,,2024.0,2d,p,660.0,Kushinagar,xUeHwd9FQkg,indicator_2,269,2
2023.0,Kushinagar DHQ,IiY5fP1UuFV,TmeumlBaObG,1958.0,,2024.0,10b,p,,Kushinagar,xUeHwd9FQkg,indicator_10,536,10
2023.0,Kushinagar DHQ,IiY5fP1UuFV,t03VPkJ5UXd,1740.0,,2024.0,7b,p,,Kushinagar,xUeHwd9FQkg,indicator_7,536,7
2023.0,Kushinagar DHQ,IiY5fP1UuFV,g69FuEghiM5,1757.0,,2024.0,2d,p,,Kushinagar,xUeHwd9FQkg,indicator_2,536,2
2023.0,Kushinagar Kesya,JTRnaTY9yhN,TmeumlBaObG,8184.0,,2024.0,10b,p,658.0,Kushinagar,xUeHwd9FQkg,indicator_10,53,10
2023.0,Kushinagar Kesya,JTRnaTY9yhN,t03VPkJ5UXd,7275.0,,2024.0,7b,p,658.0,Kushinagar,xUeHwd9FQkg,indicator_7,53,7
2023.0,Kushinagar Kesya,JTRnaTY9yhN,g69FuEghiM5,7348.0,,2024.0,2d,p,658.0,Kushinagar,xUeHwd9FQkg,indicator_2,53,2
2023.0,Kushinagar Khadda,OHnlTAIgKxY,TmeumlBaObG,10337.0,,2024.0,10b,p,649.0,Kushinagar,xUeHwd9FQkg,indicator_10,251,10
2023.0,Kushinagar Khadda,OHnlTAIgKxY,t03VPkJ5UXd,9188.0,,2024.0,7b,p,649.0,Kushinagar,xUeHwd9FQkg,indicator_7,251,7
2023.0,Kushinagar Khadda,OHnlTAIgKxY,g69FuEghiM5,9280.0,,2024.0,2d,p,649.0,Kushinagar,xUeHwd9FQkg,indicator_2,251,2
2023.0,Kushinagar Sukhroli,SgYEydzGGbJ,TmeumlBaObG,7449.0,,2024.0,10b,p,656.0,Kushinagar,xUeHwd9FQkg,indicator_10,69,10
2023.0,Kushinagar Sukhroli,SgYEydzGGbJ,t03VPkJ5UXd,6621.0,,2024.0,7b,p,656.0,Kushinagar,xUeHwd9FQkg,indicator_7,69,7
2023.0,Kushinagar Sukhroli,SgYEydzGGbJ,g69FuEghiM5,6687.0,,2024.0,2d,p,656.0,Kushinagar,xUeHwd9FQkg,indicator_2,69,2
2023.0,Kushinagar Ramkola,XZ4UCP8boX8,TmeumlBaObG,10014.0,,2024.0,10b,p,654.0,Kushinagar,xUeHwd9FQkg,indicator_10,467,10
2023.0,Kushinagar Ramkola,XZ4UCP8boX8,t03VPkJ5UXd,8901.0,,2024.0,7b,p,654.0,Kushinagar,xUeHwd9FQkg,indicator_7,467,7
2023.0,Kushinagar Ramkola,XZ4UCP8boX8,g69FuEghiM5,8990.0,,2024.0,2d,p,654.0,Kushinagar,xUeHwd9FQkg,indicator_2,467,2
2023.0,Kushinagar Kaptanganj,YIfO8FmqA6j,TmeumlBaObG,8980.0,,2024.0,10b,p,653.0,Kushinagar,xUeHwd9FQkg,indicator_10,85,10
2023.0,Kushinagar Kaptanganj,YIfO8FmqA6j,t03VPkJ5UXd,7982.0,,2024.0,7b,p,653.0,Kushinagar,xUeHwd9FQkg,indicator_7,85,7
2023.0,Kushinagar Kaptanganj,YIfO8FmqA6j,g69FuEghiM5,8062.0,,2024.0,2d,p,653.0,Kushinagar,xUeHwd9FQkg,indicator_2,85,2
2023.0,Kushinagar Visunpura,lgWV1VzPmhE,TmeumlBaObG,9951.0,,2024.0,10b,p,651.0,Kushinagar,xUeHwd9FQkg,indicator_10,874,10
2023.0,Kushinagar Visunpura,lgWV1VzPmhE,t03VPkJ5UXd,8845.0,,2024.0,7b,p,651.0,Kushinagar,xUeHwd9FQkg,indicator_7,874,7
2023.0,Kushinagar Visunpura,lgWV1VzPmhE,g69FuEghiM5,8934.0,,2024.0,2d,p,651.0,Kushinagar,xUeHwd9FQkg,indicator_2,874,2
2023.0,Kushinagar Seavrahi,p7wG9B3Zqol,TmeumlBaObG,12127.0,,2024.0,10b,p,662.0,Kushinagar,xUeHwd9FQkg,indicator_10,406,10
2023.0,Kushinagar Seavrahi,p7wG9B3Zqol,t03VPkJ5UXd,10779.0,,2024.0,7b,p,662.0,Kushinagar,xUeHwd9FQkg,indicator_7,406,7
2023.0,Kushinagar Seavrahi,p7wG9B3Zqol,g69FuEghiM5,10887.0,,2024.0,2d,p,662.0,Kushinagar,xUeHwd9FQkg,indicator_2,406,2
2023.0,Kushinagar Nabu Naurangia,vgRr0JIJR7M,TmeumlBaObG,8809.0,,2024.0,10b,p,650.0,Kushinagar,xUeHwd9FQkg,indicator_10,241,10
2023.0,Kushinagar Nabu Naurangia,vgRr0JIJR7M,t03VPkJ5UXd,7830.0,,2024.0,7b,p,650.0,Kushinagar,xUeHwd9FQkg,indicator_7,241,7
2023.0,Kushinagar Nabu Naurangia,vgRr0JIJR7M,g69FuEghiM5,7909.0,,2024.0,2d,p,650.0,Kushinagar,xUeHwd9FQkg,indicator_2,241,2
2023.0,Kushinagar Padrouna,vvIR3mOcYGz,TmeumlBaObG,15240.0,,2024.0,10b,p,652.0,Kushinagar,xUeHwd9FQkg,indicator_10,662,10
2023.0,Kushinagar Padrouna,vvIR3mOcYGz,t03VPkJ5UXd,13546.0,,2024.0,7b,p,652.0,Kushinagar,xUeHwd9FQkg,indicator_7,662,7
2023.0,Kushinagar Padrouna,vvIR3mOcYGz,g69FuEghiM5,13682.0,,2024.0,2d,p,652.0,Kushinagar,xUeHwd9FQkg,indicator_2,662,2
2023.0,Kushinagar Dudhai,xm14yPwUttg,TmeumlBaObG,11701.0,,2024.0,10b,p,661.0,Kushinagar,xUeHwd9FQkg,indicator_10,63,10
2023.0,Kushinagar Dudhai,xm14yPwUttg,t03VPkJ5UXd,10401.0,,2024.0,7b,p,661.0,Kushinagar,xUeHwd9FQkg,indicator_7,63,7
2023.0,Kushinagar Dudhai,xm14yPwUttg,g69FuEghiM5,10505.0,,2024.0,2d,p,661.0,Kushinagar,xUeHwd9FQkg,indicator_2,63,2
2023.0,Marouri,B6BzDe4ryaa,TmeumlBaObG,7940.0,,2024.0,10b,p,204.0,Pilibhit,c96jwckSd6j,indicator_10,92,10
2023.0,Marouri,B6BzDe4ryaa,t03VPkJ5UXd,7058.0,,2024.0,7b,p,204.0,Pilibhit,c96jwckSd6j,indicator_7,92,7
2023.0,Marouri,B6BzDe4ryaa,g69FuEghiM5,7128.0,,2024.0,2d,p,204.0,Pilibhit,c96jwckSd6j,indicator_2,92,2
2023.0,Lalaurikhera,BwBmhT0ClWR,TmeumlBaObG,6263.0,,2024.0,10b,p,205.0,Pilibhit,c96jwckSd6j,indicator_10,549,10
2023.0,Lalaurikhera,BwBmhT0ClWR,t03VPkJ5UXd,5568.0,,2024.0,7b,p,205.0,Pilibhit,c96jwckSd6j,indicator_7,549,7
2023.0,Lalaurikhera,BwBmhT0ClWR,g69FuEghiM5,5623.0,,2024.0,2d,p,205.0,Pilibhit,c96jwckSd6j,indicator_2,549,2
2023.0,Pilibhit DHQ,Ez4mS8TGHyp,TmeumlBaObG,4385.0,,2024.0,10b,p,,Pilibhit,c96jwckSd6j,indicator_10,866,10
2023.0,Pilibhit DHQ,Ez4mS8TGHyp,t03VPkJ5UXd,3898.0,,2024.0,7b,p,,Pilibhit,c96jwckSd6j,indicator_7,866,7
2023.0,Pilibhit DHQ,Ez4mS8TGHyp,g69FuEghiM5,3937.0,,2024.0,2d,p,,Pilibhit,c96jwckSd6j,indicator_2,866,2
2023.0,Bilsanda,GHjV9QTEXyn,TmeumlBaObG,7057.0,,2024.0,10b,p,207.0,Pilibhit,c96jwckSd6j,indicator_10,566,10
2023.0,Bilsanda,GHjV9QTEXyn,t03VPkJ5UXd,6273.0,,2024.0,7b,p,207.0,Pilibhit,c96jwckSd6j,indicator_7,566,7
2023.0,Bilsanda,GHjV9QTEXyn,g69FuEghiM5,6336.0,,2024.0,2d,p,207.0,Pilibhit,c96jwckSd6j,indicator_2,566,2
2023.0,Puranpur,WQzG2MmpgAg,TmeumlBaObG,20534.0,,2024.0,10b,p,209.0,Pilibhit,c96jwckSd6j,indicator_10,324,10
2023.0,Puranpur,WQzG2MmpgAg,t03VPkJ5UXd,18253.0,,2024.0,7b,p,209.0,Pilibhit,c96jwckSd6j,indicator_7,324,7
2023.0,Puranpur,WQzG2MmpgAg,g69FuEghiM5,18435.0,,2024.0,2d,p,209.0,Pilibhit,c96jwckSd6j,indicator_2,324,2
2023.0,Barkhera,aP18Pdo2sLv,TmeumlBaObG,6505.0,,2024.0,10b,p,206.0,Pilibhit,c96jwckSd6j,indicator_10,771,10
2023.0,Barkhera,aP18Pdo2sLv,t03VPkJ5UXd,5782.0,,2024.0,7b,p,206.0,Pilibhit,c96jwckSd6j,indicator_7,771,7
2023.0,Barkhera,aP18Pdo2sLv,g69FuEghiM5,5840.0,,2024.0,2d,p,206.0,Pilibhit,c96jwckSd6j,indicator_2,771,2
2023.0,Bisalpur,cCWLrzUi4yN,TmeumlBaObG,8258.0,,2024.0,10b,p,208.0,Pilibhit,c96jwckSd6j,indicator_10,417,10
2023.0,Bisalpur,cCWLrzUi4yN,t03VPkJ5UXd,7340.0,,2024.0,7b,p,208.0,Pilibhit,c96jwckSd6j,indicator_7,417,7
2023.0,Bisalpur,cCWLrzUi4yN,g69FuEghiM5,7414.0,,2024.0,2d,p,208.0,Pilibhit,c96jwckSd6j,indicator_2,417,2
2023.0,Amaria,uIkxxtBPd1K,TmeumlBaObG,8647.0,,2024.0,10b,p,203.0,Pilibhit,c96jwckSd6j,indicator_10,97,10
2023.0,Amaria,uIkxxtBPd1K,t03VPkJ5UXd,7686.0,,2024.0,7b,p,203.0,Pilibhit,c96jwckSd6j,indicator_7,97,7
2023.0,Amaria,uIkxxtBPd1K,g69FuEghiM5,7763.0,,2024.0,2d,p,203.0,Pilibhit,c96jwckSd6j,indicator_2,97,2
2023.0,Madhiyahoo,B9itA8m0ytx,TmeumlBaObG,7039.0,,2024.0,10b,p,736.0,Jaunpur,gmw76vAUMqz,indicator_10,524,10
2023.0,Madhiyahoo,B9itA8m0ytx,t03VPkJ5UXd,6257.0,,2024.0,7b,p,736.0,Jaunpur,gmw76vAUMqz,indicator_7,524,7
2023.0,Madhiyahoo,B9itA8m0ytx,g69FuEghiM5,6319.0,,2024.0,2d,p,736.0,Jaunpur,gmw76vAUMqz,indicator_2,524,2
2023.0,Barsathi,CqlV6Koe6vJ,TmeumlBaObG,5958.0,,2024.0,10b,p,738.0,Jaunpur,gmw76vAUMqz,indicator_10,31,10
2023.0,Barsathi,CqlV6Koe6vJ,t03VPkJ5UXd,5296.0,,2024.0,7b,p,738.0,Jaunpur,gmw76vAUMqz,indicator_7,31,7
2023.0,Barsathi,CqlV6Koe6vJ,g69FuEghiM5,5349.0,,2024.0,2d,p,738.0,Jaunpur,gmw76vAUMqz,indicator_2,31,2
2023.0,Sondhi,EcaeGqA47MY,TmeumlBaObG,10705.0,,2024.0,10b,p,,Jaunpur,gmw76vAUMqz,indicator_10,270,10
2023.0,Sondhi,EcaeGqA47MY,t03VPkJ5UXd,9516.0,,2024.0,7b,p,,Jaunpur,gmw76vAUMqz,indicator_7,270,7
2023.0,Sondhi,EcaeGqA47MY,g69FuEghiM5,9611.0,,2024.0,2d,p,,Jaunpur,gmw76vAUMqz,indicator_2,270,2
2023.0,Mahrajganj,FBVobg8QhyC,TmeumlBaObG,4968.0,,2024.0,10b,p,731.0,Jaunpur,gmw76vAUMqz,indicator_10,320,10
2023.0,Mahrajganj,FBVobg8QhyC,t03VPkJ5UXd,4416.0,,2024.0,7b,p,731.0,Jaunpur,gmw76vAUMqz,indicator_7,320,7
2023.0,Mahrajganj,FBVobg8QhyC,g69FuEghiM5,4460.0,,2024.0,2d,p,731.0,Jaunpur,gmw76vAUMqz,indicator_2,320,2
2023.0,Badlapur,HU9Fxw66kJA,TmeumlBaObG,6890.0,,2024.0,10b,p,730.0,Jaunpur,gmw76vAUMqz,indicator_10,227,10
2023.0,Badlapur,HU9Fxw66kJA,t03VPkJ5UXd,6124.0,,2024.0,7b,p,730.0,Jaunpur,gmw76vAUMqz,indicator_7,227,7
2023.0,Badlapur,HU9Fxw66kJA,g69FuEghiM5,6186.0,,2024.0,2d,p,730.0,Jaunpur,gmw76vAUMqz,indicator_2,227,2
2023.0,Dharmapur,K2hjVgS0LFm,TmeumlBaObG,4079.0,,2024.0,10b,p,742.0,Jaunpur,gmw76vAUMqz,indicator_10,345,10
2023.0,Dharmapur,K2hjVgS0LFm,t03VPkJ5UXd,3626.0,,2024.0,7b,p,742.0,Jaunpur,gmw76vAUMqz,indicator_7,345,7
2023.0,Dharmapur,K2hjVgS0LFm,g69FuEghiM5,3662.0,,2024.0,2d,p,742.0,Jaunpur,gmw76vAUMqz,indicator_2,345,2
2023.0,Rampur,MENKSvmhb6i,TmeumlBaObG,6410.0,,2024.0,10b,p,739.0,Jaunpur,gmw76vAUMqz,indicator_10,881,10
2023.0,Rampur,MENKSvmhb6i,t03VPkJ5UXd,5698.0,,2024.0,7b,p,739.0,Jaunpur,gmw76vAUMqz,indicator_7,881,7
2023.0,Rampur,MENKSvmhb6i,g69FuEghiM5,5754.0,,2024.0,2d,p,739.0,Jaunpur,gmw76vAUMqz,indicator_2,881,2
2023.0,Dobhi,OTeT1SgY1F7,TmeumlBaObG,5038.0,,2024.0,10b,p,747.0,Jaunpur,gmw76vAUMqz,indicator_10,813,10
2023.0,Dobhi,OTeT1SgY1F7,t03VPkJ5UXd,4478.0,,2024.0,7b,p,747.0,Jaunpur,gmw76vAUMqz,indicator_7,813,7
2023.0,Dobhi,OTeT1SgY1F7,g69FuEghiM5,4523.0,,2024.0,2d,p,747.0,Jaunpur,gmw76vAUMqz,indicator_2,813,2
2023.0,Jalalpur,OmRJBPDSih0,TmeumlBaObG,5096.0,,2024.0,10b,p,745.0,Jaunpur,gmw76vAUMqz,indicator_10,298,10
2023.0,Jalalpur,OmRJBPDSih0,t03VPkJ5UXd,4530.0,,2024.0,7b,p,745.0,Jaunpur,gmw76vAUMqz,indicator_7,298,7
2023.0,Jalalpur,OmRJBPDSih0,g69FuEghiM5,4575.0,,2024.0,2d,p,745.0,Jaunpur,gmw76vAUMqz,indicator_2,298,2
2023.0,Ramnagar Jaunpur,SiApLfkyuVz,TmeumlBaObG,6323.0,,2024.0,10b,p,737.0,Jaunpur,gmw76vAUMqz,indicator_10,889,10
2023.0,Ramnagar Jaunpur,SiApLfkyuVz,t03VPkJ5UXd,5621.0,,2024.0,7b,p,737.0,Jaunpur,gmw76vAUMqz,indicator_7,889,7
2023.0,Ramnagar Jaunpur,SiApLfkyuVz,g69FuEghiM5,5677.0,,2024.0,2d,p,737.0,Jaunpur,gmw76vAUMqz,indicator_2,889,2
2023.0,Baksha,UUtQaeoOtV1,TmeumlBaObG,6044.0,,2024.0,10b,p,732.0,Jaunpur,gmw76vAUMqz,indicator_10,160,10
2023.0,Baksha,UUtQaeoOtV1,t03VPkJ5UXd,5372.0,,2024.0,7b,p,732.0,Jaunpur,gmw76vAUMqz,indicator_7,160,7
2023.0,Baksha,UUtQaeoOtV1,g69FuEghiM5,5426.0,,2024.0,2d,p,732.0,Jaunpur,gmw76vAUMqz,indicator_2,160,2
2023.0,MoBadshahpur,Y1OSp1Ck66B,TmeumlBaObG,6529.0,,2024.0,10b,p,734.0,Jaunpur,gmw76vAUMqz,indicator_10,414,10
2023.0,MoBadshahpur,Y1OSp1Ck66B,t03VPkJ5UXd,5803.0,,2024.0,7b,p,734.0,Jaunpur,gmw76vAUMqz,indicator_7,414,7
2023.0,MoBadshahpur,Y1OSp1Ck66B,g69FuEghiM5,5861.0,,2024.0,2d,p,734.0,Jaunpur,gmw76vAUMqz,indicator_2,414,2
2023.0,Karnjakala,bU9RuaPWXkH,TmeumlBaObG,7311.0,,2024.0,10b,p,741.0,Jaunpur,gmw76vAUMqz,indicator_10,859,10
2023.0,Karnjakala,bU9RuaPWXkH,t03VPkJ5UXd,6499.0,,2024.0,7b,p,741.0,Jaunpur,gmw76vAUMqz,indicator_7,859,7
2023.0,Karnjakala,bU9RuaPWXkH,g69FuEghiM5,6564.0,,2024.0,2d,p,741.0,Jaunpur,gmw76vAUMqz,indicator_2,859,2
2023.0,Sujanganj,dQvMLUi5rMw,TmeumlBaObG,6305.0,,2024.0,10b,p,733.0,Jaunpur,gmw76vAUMqz,indicator_10,209,10
2023.0,Sujanganj,dQvMLUi5rMw,t03VPkJ5UXd,5604.0,,2024.0,7b,p,733.0,Jaunpur,gmw76vAUMqz,indicator_7,209,7
2023.0,Sujanganj,dQvMLUi5rMw,g69FuEghiM5,5660.0,,2024.0,2d,p,733.0,Jaunpur,gmw76vAUMqz,indicator_2,209,2
2023.0,Jaunpur DHQ,i81wO4m0rn2,TmeumlBaObG,5404.0,,2024.0,10b,p,,Jaunpur,gmw76vAUMqz,indicator_10,404,10
2023.0,Jaunpur DHQ,i81wO4m0rn2,t03VPkJ5UXd,4804.0,,2024.0,7b,p,,Jaunpur,gmw76vAUMqz,indicator_7,404,7
2023.0,Jaunpur DHQ,i81wO4m0rn2,g69FuEghiM5,4852.0,,2024.0,2d,p,,Jaunpur,gmw76vAUMqz,indicator_2,404,2
2023.0,Kerakat,joT95cJHrTQ,TmeumlBaObG,5922.0,,2024.0,10b,p,746.0,Jaunpur,gmw76vAUMqz,indicator_10,56,10
2023.0,Kerakat,joT95cJHrTQ,t03VPkJ5UXd,5264.0,,2024.0,7b,p,746.0,Jaunpur,gmw76vAUMqz,indicator_7,56,7
2023.0,Kerakat,joT95cJHrTQ,g69FuEghiM5,5316.0,,2024.0,2d,p,746.0,Jaunpur,gmw76vAUMqz,indicator_2,56,2
2023.0,Sirkoni,nftiI8Ch1nw,TmeumlBaObG,5712.0,,2024.0,10b,p,743.0,Jaunpur,gmw76vAUMqz,indicator_10,907,10
2023.0,Sirkoni,nftiI8Ch1nw,t03VPkJ5UXd,5077.0,,2024.0,7b,p,743.0,Jaunpur,gmw76vAUMqz,indicator_7,907,7
2023.0,Sirkoni,nftiI8Ch1nw,g69FuEghiM5,5128.0,,2024.0,2d,p,743.0,Jaunpur,gmw76vAUMqz,indicator_2,907,2
2023.0,Machhalishahar,p6cTEKZv0Bb,TmeumlBaObG,7493.0,,2024.0,10b,p,735.0,Jaunpur,gmw76vAUMqz,indicator_10,396,10
2023.0,Machhalishahar,p6cTEKZv0Bb,t03VPkJ5UXd,6661.0,,2024.0,7b,p,735.0,Jaunpur,gmw76vAUMqz,indicator_7,396,7
2023.0,Machhalishahar,p6cTEKZv0Bb,g69FuEghiM5,6727.0,,2024.0,2d,p,735.0,Jaunpur,gmw76vAUMqz,indicator_2,396,2
2023.0,Sikrara,pb5hWAn45Rk,TmeumlBaObG,5484.0,,2024.0,10b,p,740.0,Jaunpur,gmw76vAUMqz,indicator_10,361,10
2023.0,Sikrara,pb5hWAn45Rk,t03VPkJ5UXd,4875.0,,2024.0,7b,p,740.0,Jaunpur,gmw76vAUMqz,indicator_7,361,7
2023.0,Sikrara,pb5hWAn45Rk,g69FuEghiM5,4923.0,,2024.0,2d,p,740.0,Jaunpur,gmw76vAUMqz,indicator_2,361,2
2023.0,Suithakala,qyXPcuW4JMr,TmeumlBaObG,5602.0,,2024.0,10b,p,727.0,Jaunpur,gmw76vAUMqz,indicator_10,525,10
2023.0,Suithakala,qyXPcuW4JMr,t03VPkJ5UXd,4979.0,,2024.0,7b,p,727.0,Jaunpur,gmw76vAUMqz,indicator_7,525,7
2023.0,Suithakala,qyXPcuW4JMr,g69FuEghiM5,5029.0,,2024.0,2d,p,727.0,Jaunpur,gmw76vAUMqz,indicator_2,525,2
2023.0,Muftiganj,sfvcD32u4kK,TmeumlBaObG,3826.0,,2024.0,10b,p,744.0,Jaunpur,gmw76vAUMqz,indicator_10,94,10
2023.0,Muftiganj,sfvcD32u4kK,t03VPkJ5UXd,3401.0,,2024.0,7b,p,744.0,Jaunpur,gmw76vAUMqz,indicator_7,94,7
2023.0,Muftiganj,sfvcD32u4kK,g69FuEghiM5,3435.0,,2024.0,2d,p,744.0,Jaunpur,gmw76vAUMqz,indicator_2,94,2
2023.0,Khuthan,yQrRCA2ngHE,TmeumlBaObG,6525.0,,2024.0,10b,p,729.0,Jaunpur,gmw76vAUMqz,indicator_10,774,10
2023.0,Khuthan,yQrRCA2ngHE,t03VPkJ5UXd,5800.0,,2024.0,7b,p,729.0,Jaunpur,gmw76vAUMqz,indicator_7,774,7
2023.0,Khuthan,yQrRCA2ngHE,g69FuEghiM5,5858.0,,2024.0,2d,p,729.0,Jaunpur,gmw76vAUMqz,indicator_2,774,2
2023.0,Mathura Chatta,BEiGzI07UOM,TmeumlBaObG,6321.0,,2024.0,10b,p,128.0,Mathura,KP2BUB1npih,indicator_10,408,10
2023.0,Mathura Chatta,BEiGzI07UOM,t03VPkJ5UXd,5619.0,,2024.0,7b,p,128.0,Mathura,KP2BUB1npih,indicator_7,408,7
2023.0,Mathura Chatta,BEiGzI07UOM,g69FuEghiM5,5675.0,,2024.0,2d,p,128.0,Mathura,KP2BUB1npih,indicator_2,408,2
2023.0,Mathura Raya,CGmxoB5JV9G,TmeumlBaObG,5877.0,,2024.0,10b,p,132.0,Mathura,KP2BUB1npih,indicator_10,597,10
2023.0,Mathura Raya,CGmxoB5JV9G,t03VPkJ5UXd,5224.0,,2024.0,7b,p,132.0,Mathura,KP2BUB1npih,indicator_7,597,7
2023.0,Mathura Raya,CGmxoB5JV9G,g69FuEghiM5,5277.0,,2024.0,2d,p,132.0,Mathura,KP2BUB1npih,indicator_2,597,2
2023.0,Mathura Mant,EWInJymroFJ,TmeumlBaObG,5063.0,,2024.0,10b,p,131.0,Mathura,KP2BUB1npih,indicator_10,590,10
2023.0,Mathura Mant,EWInJymroFJ,t03VPkJ5UXd,4501.0,,2024.0,7b,p,131.0,Mathura,KP2BUB1npih,indicator_7,590,7
2023.0,Mathura Mant,EWInJymroFJ,g69FuEghiM5,4546.0,,2024.0,2d,p,131.0,Mathura,KP2BUB1npih,indicator_2,590,2
2023.0,Mathura DHQ,K2r1bjs4mb5,TmeumlBaObG,15715.0,,2024.0,10b,p,,Mathura,KP2BUB1npih,indicator_10,558,10
2023.0,Mathura DHQ,K2r1bjs4mb5,t03VPkJ5UXd,13969.0,,2024.0,7b,p,,Mathura,KP2BUB1npih,indicator_7,558,7
2023.0,Mathura DHQ,K2r1bjs4mb5,g69FuEghiM5,14108.0,,2024.0,2d,p,,Mathura,KP2BUB1npih,indicator_2,558,2
2023.0,Mathura Nandganv,RiVugbfNzS2,TmeumlBaObG,5705.0,,2024.0,10b,p,127.0,Mathura,KP2BUB1npih,indicator_10,23,10
2023.0,Mathura Nandganv,RiVugbfNzS2,t03VPkJ5UXd,5072.0,,2024.0,7b,p,127.0,Mathura,KP2BUB1npih,indicator_7,23,7
2023.0,Mathura Nandganv,RiVugbfNzS2,g69FuEghiM5,5122.0,,2024.0,2d,p,127.0,Mathura,KP2BUB1npih,indicator_2,23,2
2023.0,Mathura Goverdhan,bztOHPUBTjU,TmeumlBaObG,7082.0,,2024.0,10b,p,134.0,Mathura,KP2BUB1npih,indicator_10,49,10
2023.0,Mathura Goverdhan,bztOHPUBTjU,t03VPkJ5UXd,6295.0,,2024.0,7b,p,134.0,Mathura,KP2BUB1npih,indicator_7,49,7
2023.0,Mathura Goverdhan,bztOHPUBTjU,g69FuEghiM5,6358.0,,2024.0,2d,p,134.0,Mathura,KP2BUB1npih,indicator_2,49,2
2023.0,Mathura Mathura,gucZ0cBoa0r,TmeumlBaObG,7976.0,,2024.0,10b,p,135.0,Mathura,KP2BUB1npih,indicator_10,741,10
2023.0,Mathura Mathura,gucZ0cBoa0r,t03VPkJ5UXd,7090.0,,2024.0,7b,p,135.0,Mathura,KP2BUB1npih,indicator_7,741,7
2023.0,Mathura Mathura,gucZ0cBoa0r,g69FuEghiM5,7161.0,,2024.0,2d,p,135.0,Mathura,KP2BUB1npih,indicator_2,741,2
2023.0,Mathura Baldav,j3WnhnsAIht,TmeumlBaObG,7079.0,,2024.0,10b,p,133.0,Mathura,KP2BUB1npih,indicator_10,613,10
2023.0,Mathura Baldav,j3WnhnsAIht,t03VPkJ5UXd,6293.0,,2024.0,7b,p,133.0,Mathura,KP2BUB1npih,indicator_7,613,7
2023.0,Mathura Baldav,j3WnhnsAIht,g69FuEghiM5,6356.0,,2024.0,2d,p,133.0,Mathura,KP2BUB1npih,indicator_2,613,2
2023.0,Mathura Nauhjheel,r2eMDAoHzuI,TmeumlBaObG,5786.0,,2024.0,10b,p,130.0,Mathura,KP2BUB1npih,indicator_10,851,10
2023.0,Mathura Nauhjheel,r2eMDAoHzuI,t03VPkJ5UXd,5143.0,,2024.0,7b,p,130.0,Mathura,KP2BUB1npih,indicator_7,851,7
2023.0,Mathura Nauhjheel,r2eMDAoHzuI,g69FuEghiM5,5194.0,,2024.0,2d,p,130.0,Mathura,KP2BUB1npih,indicator_2,851,2
2023.0,Mathura Chaumuha,sbVBq9HPEgp,TmeumlBaObG,5100.0,,2024.0,10b,p,129.0,Mathura,KP2BUB1npih,indicator_10,553,10
2023.0,Mathura Chaumuha,sbVBq9HPEgp,t03VPkJ5UXd,4533.0,,2024.0,7b,p,129.0,Mathura,KP2BUB1npih,indicator_7,553,7
2023.0,Mathura Chaumuha,sbVBq9HPEgp,g69FuEghiM5,4579.0,,2024.0,2d,p,129.0,Mathura,KP2BUB1npih,indicator_2,553,2
2023.0,Mathura Faraha,txI2jZXppyQ,TmeumlBaObG,4961.0,,2024.0,10b,p,136.0,Mathura,KP2BUB1npih,indicator_10,633,10
2023.0,Mathura Faraha,txI2jZXppyQ,t03VPkJ5UXd,4410.0,,2024.0,7b,p,136.0,Mathura,KP2BUB1npih,indicator_7,633,7
2023.0,Mathura Faraha,txI2jZXppyQ,g69FuEghiM5,4454.0,,2024.0,2d,p,136.0,Mathura,KP2BUB1npih,indicator_2,633,2
2023.0,Bulandshahar Pahasu,BFS0IOjIJM6,TmeumlBaObG,8026.0,,2024.0,10b,p,105.0,Bulandshahar,ogBt4gWCiem,indicator_10,700,10
2023.0,Bulandshahar Pahasu,BFS0IOjIJM6,t03VPkJ5UXd,7134.0,,2024.0,7b,p,105.0,Bulandshahar,ogBt4gWCiem,indicator_7,700,7
2023.0,Bulandshahar Pahasu,BFS0IOjIJM6,g69FuEghiM5,7206.0,,2024.0,2d,p,105.0,Bulandshahar,ogBt4gWCiem,indicator_2,700,2
2023.0,Bulandshahar Arniya,BWEaFP6tBWO,TmeumlBaObG,5432.0,,2024.0,10b,p,107.0,Bulandshahar,ogBt4gWCiem,indicator_10,154,10
2023.0,Bulandshahar Arniya,BWEaFP6tBWO,t03VPkJ5UXd,4829.0,,2024.0,7b,p,107.0,Bulandshahar,ogBt4gWCiem,indicator_7,154,7
2023.0,Bulandshahar Arniya,BWEaFP6tBWO,g69FuEghiM5,4877.0,,2024.0,2d,p,107.0,Bulandshahar,ogBt4gWCiem,indicator_2,154,2
2023.0,Bulandshahar Gulaothi,FXjd8I3tis1,TmeumlBaObG,3692.0,,2024.0,10b,p,93.0,Bulandshahar,ogBt4gWCiem,indicator_10,410,10
2023.0,Bulandshahar Gulaothi,FXjd8I3tis1,t03VPkJ5UXd,3282.0,,2024.0,7b,p,93.0,Bulandshahar,ogBt4gWCiem,indicator_7,410,7
2023.0,Bulandshahar Gulaothi,FXjd8I3tis1,g69FuEghiM5,3315.0,,2024.0,2d,p,93.0,Bulandshahar,ogBt4gWCiem,indicator_2,410,2
2023.0,Bulandshahar Sikandrabad,IjocfjQxUOy,TmeumlBaObG,13211.0,,2024.0,10b,p,92.0,Bulandshahar,ogBt4gWCiem,indicator_10,60,10
2023.0,Bulandshahar Sikandrabad,IjocfjQxUOy,t03VPkJ5UXd,11743.0,,2024.0,7b,p,92.0,Bulandshahar,ogBt4gWCiem,indicator_7,60,7
2023.0,Bulandshahar Sikandrabad,IjocfjQxUOy,g69FuEghiM5,11860.0,,2024.0,2d,p,92.0,Bulandshahar,ogBt4gWCiem,indicator_2,60,2
2023.0,Bulandshahar DHQ,JZJD7vQ6YIE,TmeumlBaObG,9983.0,,2024.0,10b,p,,Bulandshahar,ogBt4gWCiem,indicator_10,403,10
2023.0,Bulandshahar DHQ,JZJD7vQ6YIE,t03VPkJ5UXd,8874.0,,2024.0,7b,p,,Bulandshahar,ogBt4gWCiem,indicator_7,403,7
2023.0,Bulandshahar DHQ,JZJD7vQ6YIE,g69FuEghiM5,8963.0,,2024.0,2d,p,,Bulandshahar,ogBt4gWCiem,indicator_2,403,2
2023.0,Bulandshahar Danpur,RyFHMa78ezE,TmeumlBaObG,7892.0,,2024.0,10b,p,102.0,Bulandshahar,ogBt4gWCiem,indicator_10,746,10
2023.0,Bulandshahar Danpur,RyFHMa78ezE,t03VPkJ5UXd,7015.0,,2024.0,7b,p,102.0,Bulandshahar,ogBt4gWCiem,indicator_7,746,7
2023.0,Bulandshahar Danpur,RyFHMa78ezE,g69FuEghiM5,7085.0,,2024.0,2d,p,102.0,Bulandshahar,ogBt4gWCiem,indicator_2,746,2
2023.0,Bulandshahar Janhgirabad,VhF9wHMOsI2,TmeumlBaObG,7765.0,,2024.0,10b,p,100.0,Bulandshahar,ogBt4gWCiem,indicator_10,460,10
2023.0,Bulandshahar Janhgirabad,VhF9wHMOsI2,t03VPkJ5UXd,6902.0,,2024.0,7b,p,100.0,Bulandshahar,ogBt4gWCiem,indicator_7,460,7
2023.0,Bulandshahar Janhgirabad,VhF9wHMOsI2,g69FuEghiM5,6971.0,,2024.0,2d,p,100.0,Bulandshahar,ogBt4gWCiem,indicator_2,460,2
2023.0,Bulandshahar Dibai,YDOGtOLeFg1,TmeumlBaObG,7249.0,,2024.0,10b,p,103.0,Bulandshahar,ogBt4gWCiem,indicator_10,750,10
2023.0,Bulandshahar Dibai,YDOGtOLeFg1,t03VPkJ5UXd,6443.0,,2024.0,7b,p,103.0,Bulandshahar,ogBt4gWCiem,indicator_7,750,7
2023.0,Bulandshahar Dibai,YDOGtOLeFg1,g69FuEghiM5,6508.0,,2024.0,2d,p,103.0,Bulandshahar,ogBt4gWCiem,indicator_2,750,2
2023.0,Bulandshahar Shikarpur,a3X4KgFjlsz,TmeumlBaObG,7176.0,,2024.0,10b,p,104.0,Bulandshahar,ogBt4gWCiem,indicator_10,890,10
2023.0,Bulandshahar Shikarpur,a3X4KgFjlsz,t03VPkJ5UXd,6379.0,,2024.0,7b,p,104.0,Bulandshahar,ogBt4gWCiem,indicator_7,890,7
2023.0,Bulandshahar Shikarpur,a3X4KgFjlsz,g69FuEghiM5,6443.0,,2024.0,2d,p,104.0,Bulandshahar,ogBt4gWCiem,indicator_2,890,2
2023.0,Bulandshahar Khurja,a5WBFfhetVT,TmeumlBaObG,12702.0,,2024.0,10b,p,106.0,Bulandshahar,ogBt4gWCiem,indicator_10,595,10
2023.0,Bulandshahar Khurja,a5WBFfhetVT,t03VPkJ5UXd,11290.0,,2024.0,7b,p,106.0,Bulandshahar,ogBt4gWCiem,indicator_7,595,7
2023.0,Bulandshahar Khurja,a5WBFfhetVT,g69FuEghiM5,11403.0,,2024.0,2d,p,106.0,Bulandshahar,ogBt4gWCiem,indicator_2,595,2
2023.0,Bulandshahar Bulandshahr,bMszXRRjCCv,TmeumlBaObG,6609.0,,2024.0,10b,p,96.0,Bulandshahar,ogBt4gWCiem,indicator_10,860,10
2023.0,Bulandshahar Bulandshahr,bMszXRRjCCv,t03VPkJ5UXd,5875.0,,2024.0,7b,p,96.0,Bulandshahar,ogBt4gWCiem,indicator_7,860,7
2023.0,Bulandshahar Bulandshahr,bMszXRRjCCv,g69FuEghiM5,5933.0,,2024.0,2d,p,96.0,Bulandshahar,ogBt4gWCiem,indicator_2,860,2
2023.0,Bulandshahar B.B.Nagar,cp2Je1Z1Zo6,TmeumlBaObG,4082.0,,2024.0,10b,p,97.0,Bulandshahar,ogBt4gWCiem,indicator_10,607,10
2023.0,Bulandshahar B.B.Nagar,cp2Je1Z1Zo6,t03VPkJ5UXd,3629.0,,2024.0,7b,p,97.0,Bulandshahar,ogBt4gWCiem,indicator_7,607,7
2023.0,Bulandshahar B.B.Nagar,cp2Je1Z1Zo6,g69FuEghiM5,3665.0,,2024.0,2d,p,97.0,Bulandshahar,ogBt4gWCiem,indicator_2,607,2
2023.0,Bulandshahar Siyana,jJP9OWvYMuH,TmeumlBaObG,5873.0,,2024.0,10b,p,98.0,Bulandshahar,ogBt4gWCiem,indicator_10,800,10
2023.0,Bulandshahar Siyana,jJP9OWvYMuH,t03VPkJ5UXd,5220.0,,2024.0,7b,p,98.0,Bulandshahar,ogBt4gWCiem,indicator_7,800,7
2023.0,Bulandshahar Siyana,jJP9OWvYMuH,g69FuEghiM5,5272.0,,2024.0,2d,p,98.0,Bulandshahar,ogBt4gWCiem,indicator_2,800,2
2023.0,Bulandshahar Agota,mQeabczYlwZ,TmeumlBaObG,4317.0,,2024.0,10b,p,94.0,Bulandshahar,ogBt4gWCiem,indicator_10,910,10
2023.0,Bulandshahar Agota,mQeabczYlwZ,t03VPkJ5UXd,3837.0,,2024.0,7b,p,94.0,Bulandshahar,ogBt4gWCiem,indicator_7,910,7
2023.0,Bulandshahar Agota,mQeabczYlwZ,g69FuEghiM5,3876.0,,2024.0,2d,p,94.0,Bulandshahar,ogBt4gWCiem,indicator_2,910,2
2023.0,Bulandshahar Anoopshahr,rBDpTYpQ340,TmeumlBaObG,7300.0,,2024.0,10b,p,101.0,Bulandshahar,ogBt4gWCiem,indicator_10,265,10
2023.0,Bulandshahar Anoopshahr,rBDpTYpQ340,t03VPkJ5UXd,6489.0,,2024.0,7b,p,101.0,Bulandshahar,ogBt4gWCiem,indicator_7,265,7
2023.0,Bulandshahar Anoopshahr,rBDpTYpQ340,g69FuEghiM5,6554.0,,2024.0,2d,p,101.0,Bulandshahar,ogBt4gWCiem,indicator_2,265,2
2023.0,Bulandshahar Lakhaothi,u7AfLScMrQL,TmeumlBaObG,5051.0,,2024.0,10b,p,95.0,Bulandshahar,ogBt4gWCiem,indicator_10,82,10
2023.0,Bulandshahar Lakhaothi,u7AfLScMrQL,t03VPkJ5UXd,4490.0,,2024.0,7b,p,95.0,Bulandshahar,ogBt4gWCiem,indicator_7,82,7
2023.0,Bulandshahar Lakhaothi,u7AfLScMrQL,g69FuEghiM5,4535.0,,2024.0,2d,p,95.0,Bulandshahar,ogBt4gWCiem,indicator_2,82,2
2023.0,Bulandshahar Uncha gaon,vlW7Ky7ubGA,TmeumlBaObG,5885.0,,2024.0,10b,p,99.0,Bulandshahar,ogBt4gWCiem,indicator_10,291,10
2023.0,Bulandshahar Uncha gaon,vlW7Ky7ubGA,t03VPkJ5UXd,5231.0,,2024.0,7b,p,99.0,Bulandshahar,ogBt4gWCiem,indicator_7,291,7
2023.0,Bulandshahar Uncha gaon,vlW7Ky7ubGA,g69FuEghiM5,5283.0,,2024.0,2d,p,99.0,Bulandshahar,ogBt4gWCiem,indicator_2,291,2
2023.0,Unnav Bangarmau,BGRBILNZiPW,TmeumlBaObG,5929.0,,2024.0,10b,p,279.0,Unnav,aT03mfdlNiF,indicator_10,679,10
2023.0,Unnav Bangarmau,BGRBILNZiPW,t03VPkJ5UXd,5270.0,,2024.0,7b,p,279.0,Unnav,aT03mfdlNiF,indicator_7,679,7
2023.0,Unnav Bangarmau,BGRBILNZiPW,g69FuEghiM5,5323.0,,2024.0,2d,p,279.0,Unnav,aT03mfdlNiF,indicator_2,679,2
2023.0,Unnav DHQ,CYb7f3DOpb0,TmeumlBaObG,7385.0,,2024.0,10b,p,,Unnav,aT03mfdlNiF,indicator_10,352,10
2023.0,Unnav DHQ,CYb7f3DOpb0,t03VPkJ5UXd,6565.0,,2024.0,7b,p,,Unnav,aT03mfdlNiF,indicator_7,352,7
2023.0,Unnav DHQ,CYb7f3DOpb0,g69FuEghiM5,6630.0,,2024.0,2d,p,,Unnav,aT03mfdlNiF,indicator_2,352,2
2023.0,Unnav Asoha,CpShKssApxk,TmeumlBaObG,4340.0,,2024.0,10b,p,289.0,Unnav,aT03mfdlNiF,indicator_10,107,10
2023.0,Unnav Asoha,CpShKssApxk,t03VPkJ5UXd,3858.0,,2024.0,7b,p,289.0,Unnav,aT03mfdlNiF,indicator_7,107,7
2023.0,Unnav Asoha,CpShKssApxk,g69FuEghiM5,3896.0,,2024.0,2d,p,289.0,Unnav,aT03mfdlNiF,indicator_2,107,2
2023.0,Unnav Bichhiya,EVsunDfk1Xx,TmeumlBaObG,5193.0,,2024.0,10b,p,287.0,Unnav,aT03mfdlNiF,indicator_10,481,10
2023.0,Unnav Bichhiya,EVsunDfk1Xx,t03VPkJ5UXd,4616.0,,2024.0,7b,p,287.0,Unnav,aT03mfdlNiF,indicator_7,481,7
2023.0,Unnav Bichhiya,EVsunDfk1Xx,g69FuEghiM5,4662.0,,2024.0,2d,p,287.0,Unnav,aT03mfdlNiF,indicator_2,481,2
2023.0,Unnav Sumerpur,Fy5oqtT0JAR,TmeumlBaObG,4484.0,,2024.0,10b,p,293.0,Unnav,aT03mfdlNiF,indicator_10,671,10
2023.0,Unnav Sumerpur,Fy5oqtT0JAR,t03VPkJ5UXd,3986.0,,2024.0,7b,p,293.0,Unnav,aT03mfdlNiF,indicator_7,671,7
2023.0,Unnav Sumerpur,Fy5oqtT0JAR,g69FuEghiM5,4026.0,,2024.0,2d,p,293.0,Unnav,aT03mfdlNiF,indicator_2,671,2
2023.0,Unnav Sikanderpur Sirausi,OC6qHC6pCm8,TmeumlBaObG,5242.0,,2024.0,10b,p,286.0,Unnav,aT03mfdlNiF,indicator_10,330,10
2023.0,Unnav Sikanderpur Sirausi,OC6qHC6pCm8,t03VPkJ5UXd,4660.0,,2024.0,7b,p,286.0,Unnav,aT03mfdlNiF,indicator_7,330,7
2023.0,Unnav Sikanderpur Sirausi,OC6qHC6pCm8,g69FuEghiM5,4706.0,,2024.0,2d,p,286.0,Unnav,aT03mfdlNiF,indicator_2,330,2
2023.0,Unnav Purwa,RLKVIOQ3q6x,TmeumlBaObG,4235.0,,2024.0,10b,p,290.0,Unnav,aT03mfdlNiF,indicator_10,385,10
2023.0,Unnav Purwa,RLKVIOQ3q6x,t03VPkJ5UXd,3764.0,,2024.0,7b,p,290.0,Unnav,aT03mfdlNiF,indicator_7,385,7
2023.0,Unnav Purwa,RLKVIOQ3q6x,g69FuEghiM5,3802.0,,2024.0,2d,p,290.0,Unnav,aT03mfdlNiF,indicator_2,385,2
2023.0,Unnav Ganj Moardabad,RzW4W8GzuhH,TmeumlBaObG,4400.0,,2024.0,10b,p,278.0,Unnav,aT03mfdlNiF,indicator_10,495,10
2023.0,Unnav Ganj Moardabad,RzW4W8GzuhH,t03VPkJ5UXd,3911.0,,2024.0,7b,p,278.0,Unnav,aT03mfdlNiF,indicator_7,495,7
2023.0,Unnav Ganj Moardabad,RzW4W8GzuhH,g69FuEghiM5,3950.0,,2024.0,2d,p,278.0,Unnav,aT03mfdlNiF,indicator_2,495,2
2023.0,Unnav Bighapur,SvNkFaLvfio,TmeumlBaObG,4038.0,,2024.0,10b,p,292.0,Unnav,aT03mfdlNiF,indicator_10,45,10
2023.0,Unnav Bighapur,SvNkFaLvfio,t03VPkJ5UXd,3589.0,,2024.0,7b,p,292.0,Unnav,aT03mfdlNiF,indicator_7,45,7
2023.0,Unnav Bighapur,SvNkFaLvfio,g69FuEghiM5,3625.0,,2024.0,2d,p,292.0,Unnav,aT03mfdlNiF,indicator_2,45,2
2023.0,Unnav Hasanganj,g9AzjVVJKJh,TmeumlBaObG,5819.0,,2024.0,10b,p,284.0,Unnav,aT03mfdlNiF,indicator_10,172,10
2023.0,Unnav Hasanganj,g9AzjVVJKJh,t03VPkJ5UXd,5173.0,,2024.0,7b,p,284.0,Unnav,aT03mfdlNiF,indicator_7,172,7
2023.0,Unnav Hasanganj,g9AzjVVJKJh,g69FuEghiM5,5224.0,,2024.0,2d,p,284.0,Unnav,aT03mfdlNiF,indicator_2,172,2
2023.0,Unnav Safipur,iudStsVG8zs,TmeumlBaObG,5116.0,,2024.0,10b,p,281.0,Unnav,aT03mfdlNiF,indicator_10,62,10
2023.0,Unnav Safipur,iudStsVG8zs,t03VPkJ5UXd,4548.0,,2024.0,7b,p,281.0,Unnav,aT03mfdlNiF,indicator_7,62,7
2023.0,Unnav Safipur,iudStsVG8zs,g69FuEghiM5,4593.0,,2024.0,2d,p,281.0,Unnav,aT03mfdlNiF,indicator_2,62,2
2023.0,Unnav C.Karen,miCbY8KENnd,TmeumlBaObG,6924.0,,2024.0,10b,p,288.0,Unnav,aT03mfdlNiF,indicator_10,814,10
2023.0,Unnav C.Karen,miCbY8KENnd,t03VPkJ5UXd,6155.0,,2024.0,7b,p,288.0,Unnav,aT03mfdlNiF,indicator_7,814,7
2023.0,Unnav C.Karen,miCbY8KENnd,g69FuEghiM5,6216.0,,2024.0,2d,p,288.0,Unnav,aT03mfdlNiF,indicator_2,814,2
2023.0,Unnav Miyaganj,odvvm2fnyz9,TmeumlBaObG,5103.0,,2024.0,10b,p,283.0,Unnav,aT03mfdlNiF,indicator_10,78,10
2023.0,Unnav Miyaganj,odvvm2fnyz9,t03VPkJ5UXd,4536.0,,2024.0,7b,p,283.0,Unnav,aT03mfdlNiF,indicator_7,78,7
2023.0,Unnav Miyaganj,odvvm2fnyz9,g69FuEghiM5,4582.0,,2024.0,2d,p,283.0,Unnav,aT03mfdlNiF,indicator_2,78,2
2023.0,Unnav Hilauli,oeicJPH2lIq,TmeumlBaObG,5473.0,,2024.0,10b,p,291.0,Unnav,aT03mfdlNiF,indicator_10,724,10
2023.0,Unnav Hilauli,oeicJPH2lIq,t03VPkJ5UXd,4864.0,,2024.0,7b,p,291.0,Unnav,aT03mfdlNiF,indicator_7,724,7
2023.0,Unnav Hilauli,oeicJPH2lIq,g69FuEghiM5,4913.0,,2024.0,2d,p,291.0,Unnav,aT03mfdlNiF,indicator_2,724,2
2023.0,Unnav Fatehpur -84,uhbQ7To0pN9,TmeumlBaObG,4634.0,,2024.0,10b,p,280.0,Unnav,aT03mfdlNiF,indicator_10,24,10
2023.0,Unnav Fatehpur -84,uhbQ7To0pN9,t03VPkJ5UXd,4120.0,,2024.0,7b,p,280.0,Unnav,aT03mfdlNiF,indicator_7,24,7
2023.0,Unnav Fatehpur -84,uhbQ7To0pN9,g69FuEghiM5,4161.0,,2024.0,2d,p,280.0,Unnav,aT03mfdlNiF,indicator_2,24,2
2023.0,Unnav Auras,wk2JVEOAFPl,TmeumlBaObG,4303.0,,2024.0,10b,p,282.0,Unnav,aT03mfdlNiF,indicator_10,855,10
2023.0,Unnav Auras,wk2JVEOAFPl,t03VPkJ5UXd,3825.0,,2024.0,7b,p,282.0,Unnav,aT03mfdlNiF,indicator_7,855,7
2023.0,Unnav Auras,wk2JVEOAFPl,g69FuEghiM5,3863.0,,2024.0,2d,p,282.0,Unnav,aT03mfdlNiF,indicator_2,855,2
2023.0,Unnav Nawabganj,ziD9Ib1XELX,TmeumlBaObG,5090.0,,2024.0,10b,p,285.0,Unnav,aT03mfdlNiF,indicator_10,332,10
2023.0,Unnav Nawabganj,ziD9Ib1XELX,t03VPkJ5UXd,4525.0,,2024.0,7b,p,285.0,Unnav,aT03mfdlNiF,indicator_7,332,7
2023.0,Unnav Nawabganj,ziD9Ib1XELX,g69FuEghiM5,4570.0,,2024.0,2d,p,285.0,Unnav,aT03mfdlNiF,indicator_2,332,2
2023.0,Saharanpur Gangoha,BHNN3R3Nfyk,TmeumlBaObG,11901.0,,2024.0,10b,p,7.0,Saharanpur,FKYZ3JbWq84,indicator_10,743,10
2023.0,Saharanpur Gangoha,BHNN3R3Nfyk,t03VPkJ5UXd,10579.0,,2024.0,7b,p,7.0,Saharanpur,FKYZ3JbWq84,indicator_7,743,7
2023.0,Saharanpur Gangoha,BHNN3R3Nfyk,g69FuEghiM5,10684.0,,2024.0,2d,p,7.0,Saharanpur,FKYZ3JbWq84,indicator_2,743,2
2023.0,Saharanpur Nukkur,Il5dY2TsnrT,TmeumlBaObG,8575.0,,2024.0,10b,p,6.0,Saharanpur,FKYZ3JbWq84,indicator_10,603,10
2023.0,Saharanpur Nukkur,Il5dY2TsnrT,t03VPkJ5UXd,7622.0,,2024.0,7b,p,6.0,Saharanpur,FKYZ3JbWq84,indicator_7,603,7
2023.0,Saharanpur Nukkur,Il5dY2TsnrT,g69FuEghiM5,7698.0,,2024.0,2d,p,6.0,Saharanpur,FKYZ3JbWq84,indicator_2,603,2
2023.0,Saharanpur Sarsawa,J4lOM1HGEln,TmeumlBaObG,10448.0,,2024.0,10b,p,5.0,Saharanpur,FKYZ3JbWq84,indicator_10,374,10
2023.0,Saharanpur Sarsawa,J4lOM1HGEln,t03VPkJ5UXd,9287.0,,2024.0,7b,p,5.0,Saharanpur,FKYZ3JbWq84,indicator_7,374,7
2023.0,Saharanpur Sarsawa,J4lOM1HGEln,g69FuEghiM5,9380.0,,2024.0,2d,p,5.0,Saharanpur,FKYZ3JbWq84,indicator_2,374,2
2023.0,Saharanpur Punwarka,PqdYyxvXbjJ,TmeumlBaObG,8079.0,,2024.0,10b,p,3.0,Saharanpur,FKYZ3JbWq84,indicator_10,392,10
2023.0,Saharanpur Punwarka,PqdYyxvXbjJ,t03VPkJ5UXd,7181.0,,2024.0,7b,p,3.0,Saharanpur,FKYZ3JbWq84,indicator_7,392,7
2023.0,Saharanpur Punwarka,PqdYyxvXbjJ,g69FuEghiM5,7253.0,,2024.0,2d,p,3.0,Saharanpur,FKYZ3JbWq84,indicator_2,392,2
2023.0,Saharanpur Nangal,TkRtB84gkNd,TmeumlBaObG,7542.0,,2024.0,10b,p,10.0,Saharanpur,FKYZ3JbWq84,indicator_10,600,10
2023.0,Saharanpur Nangal,TkRtB84gkNd,t03VPkJ5UXd,6704.0,,2024.0,7b,p,10.0,Saharanpur,FKYZ3JbWq84,indicator_7,600,7
2023.0,Saharanpur Nangal,TkRtB84gkNd,g69FuEghiM5,6771.0,,2024.0,2d,p,10.0,Saharanpur,FKYZ3JbWq84,indicator_2,600,2
2023.0,Saharanpur Nanota,ZUTLEFlviBI,TmeumlBaObG,6450.0,,2024.0,10b,p,9.0,Saharanpur,FKYZ3JbWq84,indicator_10,457,10
2023.0,Saharanpur Nanota,ZUTLEFlviBI,t03VPkJ5UXd,5734.0,,2024.0,7b,p,9.0,Saharanpur,FKYZ3JbWq84,indicator_7,457,7
2023.0,Saharanpur Nanota,ZUTLEFlviBI,g69FuEghiM5,5791.0,,2024.0,2d,p,9.0,Saharanpur,FKYZ3JbWq84,indicator_2,457,2
2023.0,Saharanpur Muzzafrabad,dTPUQF80iDV,TmeumlBaObG,11601.0,,2024.0,10b,p,2.0,Saharanpur,FKYZ3JbWq84,indicator_10,892,10
2023.0,Saharanpur Muzzafrabad,dTPUQF80iDV,t03VPkJ5UXd,10312.0,,2024.0,7b,p,2.0,Saharanpur,FKYZ3JbWq84,indicator_7,892,7
2023.0,Saharanpur Muzzafrabad,dTPUQF80iDV,g69FuEghiM5,10415.0,,2024.0,2d,p,2.0,Saharanpur,FKYZ3JbWq84,indicator_2,892,2
2023.0,Saharanpur DHQ,oJLTrPrhs93,TmeumlBaObG,25512.0,,2024.0,10b,p,,Saharanpur,FKYZ3JbWq84,indicator_10,256,10
2023.0,Saharanpur DHQ,oJLTrPrhs93,t03VPkJ5UXd,22677.0,,2024.0,7b,p,,Saharanpur,FKYZ3JbWq84,indicator_7,256,7
2023.0,Saharanpur DHQ,oJLTrPrhs93,g69FuEghiM5,22904.0,,2024.0,2d,p,,Saharanpur,FKYZ3JbWq84,indicator_2,256,2
2023.0,Saharanpur Daoband,oNfXWvtDaWv,TmeumlBaObG,10565.0,,2024.0,10b,p,11.0,Saharanpur,FKYZ3JbWq84,indicator_10,652,10
2023.0,Saharanpur Daoband,oNfXWvtDaWv,t03VPkJ5UXd,9391.0,,2024.0,7b,p,11.0,Saharanpur,FKYZ3JbWq84,indicator_7,652,7
2023.0,Saharanpur Daoband,oNfXWvtDaWv,g69FuEghiM5,9485.0,,2024.0,2d,p,11.0,Saharanpur,FKYZ3JbWq84,indicator_2,652,2
2023.0,Saharanpur Rampur Maniharan,obGw4WWLMlw,TmeumlBaObG,6358.0,,2024.0,10b,p,8.0,Saharanpur,FKYZ3JbWq84,indicator_10,789,10
2023.0,Saharanpur Rampur Maniharan,obGw4WWLMlw,t03VPkJ5UXd,5651.0,,2024.0,7b,p,8.0,Saharanpur,FKYZ3JbWq84,indicator_7,789,7
2023.0,Saharanpur Rampur Maniharan,obGw4WWLMlw,g69FuEghiM5,5708.0,,2024.0,2d,p,8.0,Saharanpur,FKYZ3JbWq84,indicator_2,789,2
2023.0,Saharanpur Balliyakhare,qxErDQBKuLE,TmeumlBaObG,7658.0,,2024.0,10b,p,4.0,Saharanpur,FKYZ3JbWq84,indicator_10,18,10
2023.0,Saharanpur Balliyakhare,qxErDQBKuLE,t03VPkJ5UXd,6807.0,,2024.0,7b,p,4.0,Saharanpur,FKYZ3JbWq84,indicator_7,18,7
2023.0,Saharanpur Balliyakhare,qxErDQBKuLE,g69FuEghiM5,6875.0,,2024.0,2d,p,4.0,Saharanpur,FKYZ3JbWq84,indicator_2,18,2
2023.0,Saharanpur Sadholi Kadeem,y5bGR23eUwH,TmeumlBaObG,7343.0,,2024.0,10b,p,1.0,Saharanpur,FKYZ3JbWq84,indicator_10,877,10
2023.0,Saharanpur Sadholi Kadeem,y5bGR23eUwH,t03VPkJ5UXd,6527.0,,2024.0,7b,p,1.0,Saharanpur,FKYZ3JbWq84,indicator_7,877,7
2023.0,Saharanpur Sadholi Kadeem,y5bGR23eUwH,g69FuEghiM5,6593.0,,2024.0,2d,p,1.0,Saharanpur,FKYZ3JbWq84,indicator_2,877,2
2023.0,Manjhwan,BLgq44ZJkKh,TmeumlBaObG,5042.0,,2024.0,10b,p,789.0,Mirzapur,UAicdMLyuk4,indicator_10,533,10
2023.0,Manjhwan,BLgq44ZJkKh,t03VPkJ5UXd,4482.0,,2024.0,7b,p,789.0,Mirzapur,UAicdMLyuk4,indicator_7,533,7
2023.0,Manjhwan,BLgq44ZJkKh,g69FuEghiM5,4526.0,,2024.0,2d,p,789.0,Mirzapur,UAicdMLyuk4,indicator_2,533,2
2023.0,Jamalpur,Dga9ieikVr5,TmeumlBaObG,7943.0,,2024.0,10b,p,798.0,Mirzapur,UAicdMLyuk4,indicator_10,39,10
2023.0,Jamalpur,Dga9ieikVr5,t03VPkJ5UXd,7061.0,,2024.0,7b,p,798.0,Mirzapur,UAicdMLyuk4,indicator_7,39,7
2023.0,Jamalpur,Dga9ieikVr5,g69FuEghiM5,7131.0,,2024.0,2d,p,798.0,Mirzapur,UAicdMLyuk4,indicator_2,39,2
2023.0,Chhanve,T5YmZQx2cme,TmeumlBaObG,8310.0,,2024.0,10b,p,787.0,Mirzapur,UAicdMLyuk4,indicator_10,202,10
2023.0,Chhanve,T5YmZQx2cme,t03VPkJ5UXd,7387.0,,2024.0,7b,p,787.0,Mirzapur,UAicdMLyuk4,indicator_7,202,7
2023.0,Chhanve,T5YmZQx2cme,g69FuEghiM5,7461.0,,2024.0,2d,p,787.0,Mirzapur,UAicdMLyuk4,indicator_2,202,2
2023.0,Mirzapur DHQ,WxMksp7j6w7,TmeumlBaObG,7399.0,,2024.0,10b,p,,Mirzapur,UAicdMLyuk4,indicator_10,821,10
2023.0,Mirzapur DHQ,WxMksp7j6w7,t03VPkJ5UXd,6577.0,,2024.0,7b,p,,Mirzapur,UAicdMLyuk4,indicator_7,821,7
2023.0,Mirzapur DHQ,WxMksp7j6w7,g69FuEghiM5,6642.0,,2024.0,2d,p,,Mirzapur,UAicdMLyuk4,indicator_2,821,2
2023.0,Naraynpur,cGCEhMelufW,TmeumlBaObG,6369.0,,2024.0,10b,p,797.0,Mirzapur,UAicdMLyuk4,indicator_10,689,10
2023.0,Naraynpur,cGCEhMelufW,t03VPkJ5UXd,5661.0,,2024.0,7b,p,797.0,Mirzapur,UAicdMLyuk4,indicator_7,689,7
2023.0,Naraynpur,cGCEhMelufW,g69FuEghiM5,5718.0,,2024.0,2d,p,797.0,Mirzapur,UAicdMLyuk4,indicator_2,689,2
2023.0,Hallia,dzvrdlSVdNw,TmeumlBaObG,6778.0,,2024.0,10b,p,793.0,Mirzapur,UAicdMLyuk4,indicator_10,86,10
2023.0,Hallia,dzvrdlSVdNw,t03VPkJ5UXd,6025.0,,2024.0,7b,p,793.0,Mirzapur,UAicdMLyuk4,indicator_7,86,7
2023.0,Hallia,dzvrdlSVdNw,g69FuEghiM5,6085.0,,2024.0,2d,p,793.0,Mirzapur,UAicdMLyuk4,indicator_2,86,2
2023.0,Rajgarh,fi3XI1IhyQO,TmeumlBaObG,6400.0,,2024.0,10b,p,795.0,Mirzapur,UAicdMLyuk4,indicator_10,473,10
2023.0,Rajgarh,fi3XI1IhyQO,t03VPkJ5UXd,5689.0,,2024.0,7b,p,795.0,Mirzapur,UAicdMLyuk4,indicator_7,473,7
2023.0,Rajgarh,fi3XI1IhyQO,g69FuEghiM5,5746.0,,2024.0,2d,p,795.0,Mirzapur,UAicdMLyuk4,indicator_2,473,2
2023.0,Sikhar,moqnzHZCfQg,TmeumlBaObG,3819.0,,2024.0,10b,p,796.0,Mirzapur,UAicdMLyuk4,indicator_10,802,10
2023.0,Sikhar,moqnzHZCfQg,t03VPkJ5UXd,3395.0,,2024.0,7b,p,796.0,Mirzapur,UAicdMLyuk4,indicator_7,802,7
2023.0,Sikhar,moqnzHZCfQg,g69FuEghiM5,3429.0,,2024.0,2d,p,796.0,Mirzapur,UAicdMLyuk4,indicator_2,802,2
2023.0,City,qFq9YH9cPE2,TmeumlBaObG,7083.0,,2024.0,10b,p,790.0,Mirzapur,UAicdMLyuk4,indicator_10,885,10
2023.0,City,qFq9YH9cPE2,t03VPkJ5UXd,6296.0,,2024.0,7b,p,790.0,Mirzapur,UAicdMLyuk4,indicator_7,885,7
2023.0,City,qFq9YH9cPE2,g69FuEghiM5,6359.0,,2024.0,2d,p,790.0,Mirzapur,UAicdMLyuk4,indicator_2,885,2
2023.0,Marihan Patehara,sh5GrKleZLD,TmeumlBaObG,4011.0,,2024.0,10b,p,794.0,Mirzapur,UAicdMLyuk4,indicator_10,843,10
2023.0,Marihan Patehara,sh5GrKleZLD,t03VPkJ5UXd,3566.0,,2024.0,7b,p,794.0,Mirzapur,UAicdMLyuk4,indicator_7,843,7
2023.0,Marihan Patehara,sh5GrKleZLD,g69FuEghiM5,3601.0,,2024.0,2d,p,794.0,Mirzapur,UAicdMLyuk4,indicator_2,843,2
2023.0,Lalganj Mirzapur,udEnBPS78Sf,TmeumlBaObG,4085.0,,2024.0,10b,p,792.0,Mirzapur,UAicdMLyuk4,indicator_10,152,10
2023.0,Lalganj Mirzapur,udEnBPS78Sf,t03VPkJ5UXd,3631.0,,2024.0,7b,p,792.0,Mirzapur,UAicdMLyuk4,indicator_7,152,7
2023.0,Lalganj Mirzapur,udEnBPS78Sf,g69FuEghiM5,3667.0,,2024.0,2d,p,792.0,Mirzapur,UAicdMLyuk4,indicator_2,152,2
2023.0,Pahadi,y74T9TfUPuz,TmeumlBaObG,3933.0,,2024.0,10b,p,791.0,Mirzapur,UAicdMLyuk4,indicator_10,369,10
2023.0,Pahadi,y74T9TfUPuz,t03VPkJ5UXd,3496.0,,2024.0,7b,p,791.0,Mirzapur,UAicdMLyuk4,indicator_7,369,7
2023.0,Pahadi,y74T9TfUPuz,g69FuEghiM5,3531.0,,2024.0,2d,p,791.0,Mirzapur,UAicdMLyuk4,indicator_2,369,2
2023.0,Kone,zBM33fSxbqN,TmeumlBaObG,3647.0,,2024.0,10b,p,788.0,Mirzapur,UAicdMLyuk4,indicator_10,168,10
2023.0,Kone,zBM33fSxbqN,t03VPkJ5UXd,3242.0,,2024.0,7b,p,788.0,Mirzapur,UAicdMLyuk4,indicator_7,168,7
2023.0,Kone,zBM33fSxbqN,g69FuEghiM5,3274.0,,2024.0,2d,p,788.0,Mirzapur,UAicdMLyuk4,indicator_2,168,2
2023.0,Nawabganj,BWxu1bDp2ht,TmeumlBaObG,10930.0,,2024.0,10b,p,199.0,Bareilly,vVqY3DPcpHf,indicator_10,776,10
2023.0,Nawabganj,BWxu1bDp2ht,t03VPkJ5UXd,9716.0,,2024.0,7b,p,199.0,Bareilly,vVqY3DPcpHf,indicator_7,776,7
2023.0,Nawabganj,BWxu1bDp2ht,g69FuEghiM5,9813.0,,2024.0,2d,p,199.0,Bareilly,vVqY3DPcpHf,indicator_2,776,2
2023.0,Shargarh,FjccMEGL0Hr,TmeumlBaObG,9333.0,,2024.0,10b,p,189.0,Bareilly,vVqY3DPcpHf,indicator_10,148,10
2023.0,Shargarh,FjccMEGL0Hr,t03VPkJ5UXd,8296.0,,2024.0,7b,p,189.0,Bareilly,vVqY3DPcpHf,indicator_7,148,7
2023.0,Shargarh,FjccMEGL0Hr,g69FuEghiM5,8379.0,,2024.0,2d,p,189.0,Bareilly,vVqY3DPcpHf,indicator_2,148,2
2023.0,Dalelnagar,G7D5lGOMxxz,TmeumlBaObG,5661.0,,2024.0,10b,p,200.0,Bareilly,vVqY3DPcpHf,indicator_10,245,10
2023.0,Dalelnagar,G7D5lGOMxxz,t03VPkJ5UXd,5032.0,,2024.0,7b,p,200.0,Bareilly,vVqY3DPcpHf,indicator_7,245,7
2023.0,Dalelnagar,G7D5lGOMxxz,g69FuEghiM5,5083.0,,2024.0,2d,p,200.0,Bareilly,vVqY3DPcpHf,indicator_2,245,2
2023.0,Bhamora,HZQTgHfOykd,TmeumlBaObG,7659.0,,2024.0,10b,p,198.0,Bareilly,vVqY3DPcpHf,indicator_10,639,10
2023.0,Bhamora,HZQTgHfOykd,t03VPkJ5UXd,6808.0,,2024.0,7b,p,198.0,Bareilly,vVqY3DPcpHf,indicator_7,639,7
2023.0,Bhamora,HZQTgHfOykd,g69FuEghiM5,6876.0,,2024.0,2d,p,198.0,Bareilly,vVqY3DPcpHf,indicator_2,639,2
2023.0,Faridpur,Hi4F69xrBS5,TmeumlBaObG,9166.0,,2024.0,10b,p,202.0,Bareilly,vVqY3DPcpHf,indicator_10,565,10
2023.0,Faridpur,Hi4F69xrBS5,t03VPkJ5UXd,8147.0,,2024.0,7b,p,202.0,Bareilly,vVqY3DPcpHf,indicator_7,565,7
2023.0,Faridpur,Hi4F69xrBS5,g69FuEghiM5,8229.0,,2024.0,2d,p,202.0,Bareilly,vVqY3DPcpHf,indicator_2,565,2
2023.0,Fatehganj(West),KRQvi7JBiuf,TmeumlBaObG,6957.0,,2024.0,10b,p,195.0,Bareilly,vVqY3DPcpHf,indicator_10,468,10
2023.0,Fatehganj(West),KRQvi7JBiuf,t03VPkJ5UXd,6184.0,,2024.0,7b,p,195.0,Bareilly,vVqY3DPcpHf,indicator_7,468,7
2023.0,Fatehganj(West),KRQvi7JBiuf,g69FuEghiM5,6246.0,,2024.0,2d,p,195.0,Bareilly,vVqY3DPcpHf,indicator_2,468,2
2023.0,Majhganwa,XmU9noLyhIA,TmeumlBaObG,8368.0,,2024.0,10b,p,197.0,Bareilly,vVqY3DPcpHf,indicator_10,187,10
2023.0,Majhganwa,XmU9noLyhIA,t03VPkJ5UXd,7438.0,,2024.0,7b,p,197.0,Bareilly,vVqY3DPcpHf,indicator_7,187,7
2023.0,Majhganwa,XmU9noLyhIA,g69FuEghiM5,7512.0,,2024.0,2d,p,197.0,Bareilly,vVqY3DPcpHf,indicator_2,187,2
2023.0,Behedi,fO0hzktt79F,TmeumlBaObG,10616.0,,2024.0,10b,p,188.0,Bareilly,vVqY3DPcpHf,indicator_10,140,10
2023.0,Behedi,fO0hzktt79F,t03VPkJ5UXd,9437.0,,2024.0,7b,p,188.0,Bareilly,vVqY3DPcpHf,indicator_7,140,7
2023.0,Behedi,fO0hzktt79F,g69FuEghiM5,9531.0,,2024.0,2d,p,188.0,Bareilly,vVqY3DPcpHf,indicator_2,140,2
2023.0,Bareily DHQ,fRl1gRWCXvz,TmeumlBaObG,36831.0,,2024.0,10b,p,,Bareilly,vVqY3DPcpHf,indicator_10,428,10
2023.0,Bareily DHQ,fRl1gRWCXvz,t03VPkJ5UXd,32738.0,,2024.0,7b,p,,Bareilly,vVqY3DPcpHf,indicator_7,428,7
2023.0,Bareily DHQ,fRl1gRWCXvz,g69FuEghiM5,33066.0,,2024.0,2d,p,,Bareilly,vVqY3DPcpHf,indicator_2,428,2
2023.0,Kuadanda,fpNl2OeBSp3,TmeumlBaObG,7273.0,,2024.0,10b,p,201.0,Bareilly,vVqY3DPcpHf,indicator_10,213,10
2023.0,Kuadanda,fpNl2OeBSp3,t03VPkJ5UXd,6465.0,,2024.0,7b,p,201.0,Bareilly,vVqY3DPcpHf,indicator_7,213,7
2023.0,Kuadanda,fpNl2OeBSp3,g69FuEghiM5,6529.0,,2024.0,2d,p,201.0,Bareilly,vVqY3DPcpHf,indicator_2,213,2
2023.0,Mirganj,gfXniA8E2yB,TmeumlBaObG,6363.0,,2024.0,10b,p,194.0,Bareilly,vVqY3DPcpHf,indicator_10,284,10
2023.0,Mirganj,gfXniA8E2yB,t03VPkJ5UXd,5656.0,,2024.0,7b,p,194.0,Bareilly,vVqY3DPcpHf,indicator_7,284,7
2023.0,Mirganj,gfXniA8E2yB,g69FuEghiM5,5712.0,,2024.0,2d,p,194.0,Bareilly,vVqY3DPcpHf,indicator_2,284,2
2023.0,Bhojipura,m5Tn9LTc2Dy,TmeumlBaObG,7806.0,,2024.0,10b,p,191.0,Bareilly,vVqY3DPcpHf,indicator_10,184,10
2023.0,Bhojipura,m5Tn9LTc2Dy,t03VPkJ5UXd,6939.0,,2024.0,7b,p,191.0,Bareilly,vVqY3DPcpHf,indicator_7,184,7
2023.0,Bhojipura,m5Tn9LTc2Dy,g69FuEghiM5,7008.0,,2024.0,2d,p,191.0,Bareilly,vVqY3DPcpHf,indicator_2,184,2
2023.0,Mudia Nawi Bux,pzDsoCMcPwD,TmeumlBaObG,8061.0,,2024.0,10b,p,190.0,Bareilly,vVqY3DPcpHf,indicator_10,539,10
2023.0,Mudia Nawi Bux,pzDsoCMcPwD,t03VPkJ5UXd,7165.0,,2024.0,7b,p,190.0,Bareilly,vVqY3DPcpHf,indicator_7,539,7
2023.0,Mudia Nawi Bux,pzDsoCMcPwD,g69FuEghiM5,7237.0,,2024.0,2d,p,190.0,Bareilly,vVqY3DPcpHf,indicator_2,539,2
2023.0,Ramnagar,svsS1G8o1pm,TmeumlBaObG,6432.0,,2024.0,10b,p,196.0,Bareilly,vVqY3DPcpHf,indicator_10,449,10
2023.0,Ramnagar,svsS1G8o1pm,t03VPkJ5UXd,5717.0,,2024.0,7b,p,196.0,Bareilly,vVqY3DPcpHf,indicator_7,449,7
2023.0,Ramnagar,svsS1G8o1pm,g69FuEghiM5,5774.0,,2024.0,2d,p,196.0,Bareilly,vVqY3DPcpHf,indicator_2,449,2
2023.0,Kyara,ukz0TmnwKtW,TmeumlBaObG,4433.0,,2024.0,10b,p,193.0,Bareilly,vVqY3DPcpHf,indicator_10,337,10
2023.0,Kyara,ukz0TmnwKtW,t03VPkJ5UXd,3941.0,,2024.0,7b,p,193.0,Bareilly,vVqY3DPcpHf,indicator_7,337,7
2023.0,Kyara,ukz0TmnwKtW,g69FuEghiM5,3980.0,,2024.0,2d,p,193.0,Bareilly,vVqY3DPcpHf,indicator_2,337,2
2023.0,Bithrichainpur,xIm2KLhn48h,TmeumlBaObG,8917.0,,2024.0,10b,p,192.0,Bareilly,vVqY3DPcpHf,indicator_10,67,10
2023.0,Bithrichainpur,xIm2KLhn48h,t03VPkJ5UXd,7927.0,,2024.0,7b,p,192.0,Bareilly,vVqY3DPcpHf,indicator_7,67,7
2023.0,Bithrichainpur,xIm2KLhn48h,g69FuEghiM5,8006.0,,2024.0,2d,p,192.0,Bareilly,vVqY3DPcpHf,indicator_2,67,2
2023.0,Rae Bareli Shivgarh,BYGgaeM7fof,TmeumlBaObG,3486.0,,2024.0,10b,p,303.0,Rae Bareli,lLvTDpBDY8u,indicator_10,296,10
2023.0,Rae Bareli Shivgarh,BYGgaeM7fof,t03VPkJ5UXd,3098.0,,2024.0,7b,p,303.0,Rae Bareli,lLvTDpBDY8u,indicator_7,296,7
2023.0,Rae Bareli Shivgarh,BYGgaeM7fof,g69FuEghiM5,3129.0,,2024.0,2d,p,303.0,Rae Bareli,lLvTDpBDY8u,indicator_2,296,2
2023.0,Rae Bareli Setawan,E6hdzl0I5tt,TmeumlBaObG,4961.0,,2024.0,10b,p,310.0,Rae Bareli,lLvTDpBDY8u,indicator_10,72,10
2023.0,Rae Bareli Setawan,E6hdzl0I5tt,t03VPkJ5UXd,4409.0,,2024.0,7b,p,310.0,Rae Bareli,lLvTDpBDY8u,indicator_7,72,7
2023.0,Rae Bareli Setawan,E6hdzl0I5tt,g69FuEghiM5,4453.0,,2024.0,2d,p,310.0,Rae Bareli,lLvTDpBDY8u,indicator_2,72,2
2023.0,Rae Bareli Salon,Gr3MErPlauk,TmeumlBaObG,7089.0,,2024.0,10b,p,322.0,Rae Bareli,lLvTDpBDY8u,indicator_10,115,10
2023.0,Rae Bareli Salon,Gr3MErPlauk,t03VPkJ5UXd,6301.0,,2024.0,7b,p,322.0,Rae Bareli,lLvTDpBDY8u,indicator_7,115,7
2023.0,Rae Bareli Salon,Gr3MErPlauk,g69FuEghiM5,6364.0,,2024.0,2d,p,322.0,Rae Bareli,lLvTDpBDY8u,indicator_2,115,2
2023.0,Rae Bareli Sarani,H1W08wOkXWC,TmeumlBaObG,5360.0,,2024.0,10b,p,313.0,Rae Bareli,lLvTDpBDY8u,indicator_10,609,10
2023.0,Rae Bareli Sarani,H1W08wOkXWC,t03VPkJ5UXd,4764.0,,2024.0,7b,p,313.0,Rae Bareli,lLvTDpBDY8u,indicator_7,609,7
2023.0,Rae Bareli Sarani,H1W08wOkXWC,g69FuEghiM5,4812.0,,2024.0,2d,p,313.0,Rae Bareli,lLvTDpBDY8u,indicator_2,609,2
2023.0,Rae Bareli Dalamau,KtYM7svxHgY,TmeumlBaObG,5626.0,,2024.0,10b,p,315.0,Rae Bareli,lLvTDpBDY8u,indicator_10,259,10
2023.0,Rae Bareli Dalamau,KtYM7svxHgY,t03VPkJ5UXd,5001.0,,2024.0,7b,p,315.0,Rae Bareli,lLvTDpBDY8u,indicator_7,259,7
2023.0,Rae Bareli Dalamau,KtYM7svxHgY,g69FuEghiM5,5051.0,,2024.0,2d,p,315.0,Rae Bareli,lLvTDpBDY8u,indicator_2,259,2
2023.0,Rae Bareli Maharajganj,NbdKCUBY7yL,TmeumlBaObG,4347.0,,2024.0,10b,p,304.0,Rae Bareli,lLvTDpBDY8u,indicator_10,363,10
2023.0,Rae Bareli Maharajganj,NbdKCUBY7yL,t03VPkJ5UXd,3864.0,,2024.0,7b,p,304.0,Rae Bareli,lLvTDpBDY8u,indicator_7,363,7
2023.0,Rae Bareli Maharajganj,NbdKCUBY7yL,g69FuEghiM5,3903.0,,2024.0,2d,p,304.0,Rae Bareli,lLvTDpBDY8u,indicator_2,363,2
2023.0,Rae Bareli Khiaro,Q889SJwv9Ok,TmeumlBaObG,4639.0,,2024.0,10b,p,312.0,Rae Bareli,lLvTDpBDY8u,indicator_10,144,10
2023.0,Rae Bareli Khiaro,Q889SJwv9Ok,t03VPkJ5UXd,4123.0,,2024.0,7b,p,312.0,Rae Bareli,lLvTDpBDY8u,indicator_7,144,7
2023.0,Rae Bareli Khiaro,Q889SJwv9Ok,g69FuEghiM5,4165.0,,2024.0,2d,p,312.0,Rae Bareli,lLvTDpBDY8u,indicator_2,144,2
2023.0,Rae Bareli Deenshah Gaura,Sk3orHKxNQG,TmeumlBaObG,3107.0,,2024.0,10b,p,316.0,Rae Bareli,lLvTDpBDY8u,indicator_10,913,10
2023.0,Rae Bareli Deenshah Gaura,Sk3orHKxNQG,t03VPkJ5UXd,2762.0,,2024.0,7b,p,316.0,Rae Bareli,lLvTDpBDY8u,indicator_7,913,7
2023.0,Rae Bareli Deenshah Gaura,Sk3orHKxNQG,g69FuEghiM5,2789.0,,2024.0,2d,p,316.0,Rae Bareli,lLvTDpBDY8u,indicator_2,913,2
2023.0,Rae Bareli Bachrawa,Y3jGyfeDYe1,TmeumlBaObG,5103.0,,2024.0,10b,p,302.0,Rae Bareli,lLvTDpBDY8u,indicator_10,554,10
2023.0,Rae Bareli Bachrawa,Y3jGyfeDYe1,t03VPkJ5UXd,4536.0,,2024.0,7b,p,302.0,Rae Bareli,lLvTDpBDY8u,indicator_7,554,7
2023.0,Rae Bareli Bachrawa,Y3jGyfeDYe1,g69FuEghiM5,4581.0,,2024.0,2d,p,302.0,Rae Bareli,lLvTDpBDY8u,indicator_2,554,2
2023.0,Rae Bareli Rohania,c89kPtwHW5H,TmeumlBaObG,2167.0,,2024.0,10b,p,318.0,Rae Bareli,lLvTDpBDY8u,indicator_10,912,10
2023.0,Rae Bareli Rohania,c89kPtwHW5H,t03VPkJ5UXd,1926.0,,2024.0,7b,p,318.0,Rae Bareli,lLvTDpBDY8u,indicator_7,912,7
2023.0,Rae Bareli Rohania,c89kPtwHW5H,g69FuEghiM5,1946.0,,2024.0,2d,p,318.0,Rae Bareli,lLvTDpBDY8u,indicator_2,912,2
2023.0,Rae Bareli Herchandrapur,jQRhw2yoQk2,TmeumlBaObG,4184.0,,2024.0,10b,p,308.0,Rae Bareli,lLvTDpBDY8u,indicator_10,9,10
2023.0,Rae Bareli Herchandrapur,jQRhw2yoQk2,t03VPkJ5UXd,3719.0,,2024.0,7b,p,308.0,Rae Bareli,lLvTDpBDY8u,indicator_7,9,7
2023.0,Rae Bareli Herchandrapur,jQRhw2yoQk2,g69FuEghiM5,3757.0,,2024.0,2d,p,308.0,Rae Bareli,lLvTDpBDY8u,indicator_2,9,2
2023.0,Rae Bareli Deeh,lruABl36XZQ,TmeumlBaObG,4355.0,,2024.0,10b,p,320.0,Rae Bareli,lLvTDpBDY8u,indicator_10,169,10
2023.0,Rae Bareli Deeh,lruABl36XZQ,t03VPkJ5UXd,3871.0,,2024.0,7b,p,320.0,Rae Bareli,lLvTDpBDY8u,indicator_7,169,7
2023.0,Rae Bareli Deeh,lruABl36XZQ,g69FuEghiM5,3909.0,,2024.0,2d,p,320.0,Rae Bareli,lLvTDpBDY8u,indicator_2,169,2
2023.0,Rae Bareli Chtoh,mbfOsRukNYs,TmeumlBaObG,3465.0,,2024.0,10b,p,321.0,Rae Bareli,lLvTDpBDY8u,indicator_10,181,10
2023.0,Rae Bareli Chtoh,mbfOsRukNYs,t03VPkJ5UXd,3080.0,,2024.0,7b,p,321.0,Rae Bareli,lLvTDpBDY8u,indicator_7,181,7
2023.0,Rae Bareli Chtoh,mbfOsRukNYs,g69FuEghiM5,3111.0,,2024.0,2d,p,321.0,Rae Bareli,lLvTDpBDY8u,indicator_2,181,2
2023.0,Rae Bareli Amawa,pvZgEadkY59,TmeumlBaObG,3933.0,,2024.0,10b,p,309.0,Rae Bareli,lLvTDpBDY8u,indicator_10,807,10
2023.0,Rae Bareli Amawa,pvZgEadkY59,t03VPkJ5UXd,3496.0,,2024.0,7b,p,309.0,Rae Bareli,lLvTDpBDY8u,indicator_7,807,7
2023.0,Rae Bareli Amawa,pvZgEadkY59,g69FuEghiM5,3531.0,,2024.0,2d,p,309.0,Rae Bareli,lLvTDpBDY8u,indicator_2,807,2
2023.0,Rae Bareli DHQ,qXzAAhlpnux,TmeumlBaObG,5707.0,,2024.0,10b,p,,Rae Bareli,lLvTDpBDY8u,indicator_10,738,10
2023.0,Rae Bareli DHQ,qXzAAhlpnux,t03VPkJ5UXd,5073.0,,2024.0,7b,p,,Rae Bareli,lLvTDpBDY8u,indicator_7,738,7
2023.0,Rae Bareli DHQ,qXzAAhlpnux,g69FuEghiM5,5123.0,,2024.0,2d,p,,Rae Bareli,lLvTDpBDY8u,indicator_2,738,2
2023.0,Rae Bareli Lalganj,sd2I8M3xhLQ,TmeumlBaObG,5550.0,,2024.0,10b,p,314.0,Rae Bareli,lLvTDpBDY8u,indicator_10,634,10
2023.0,Rae Bareli Lalganj,sd2I8M3xhLQ,t03VPkJ5UXd,4934.0,,2024.0,7b,p,314.0,Rae Bareli,lLvTDpBDY8u,indicator_7,634,7
2023.0,Rae Bareli Lalganj,sd2I8M3xhLQ,g69FuEghiM5,4983.0,,2024.0,2d,p,314.0,Rae Bareli,lLvTDpBDY8u,indicator_2,634,2
2023.0,Rae Bareli Rahi,smTNQ0RRpOL,TmeumlBaObG,6007.0,,2024.0,10b,p,311.0,Rae Bareli,lLvTDpBDY8u,indicator_10,216,10
2023.0,Rae Bareli Rahi,smTNQ0RRpOL,t03VPkJ5UXd,5340.0,,2024.0,7b,p,311.0,Rae Bareli,lLvTDpBDY8u,indicator_7,216,7
2023.0,Rae Bareli Rahi,smTNQ0RRpOL,g69FuEghiM5,5393.0,,2024.0,2d,p,311.0,Rae Bareli,lLvTDpBDY8u,indicator_2,216,2
2023.0,Rae Bareli Uchahar,tv4Qque6scf,TmeumlBaObG,4796.0,,2024.0,10b,p,319.0,Rae Bareli,lLvTDpBDY8u,indicator_10,50,10
2023.0,Rae Bareli Uchahar,tv4Qque6scf,t03VPkJ5UXd,4263.0,,2024.0,7b,p,319.0,Rae Bareli,lLvTDpBDY8u,indicator_7,50,7
2023.0,Rae Bareli Uchahar,tv4Qque6scf,g69FuEghiM5,4306.0,,2024.0,2d,p,319.0,Rae Bareli,lLvTDpBDY8u,indicator_2,50,2
2023.0,Rae Bareli Jagatpur,yFYFE5vVAAA,TmeumlBaObG,2728.0,,2024.0,10b,p,317.0,Rae Bareli,lLvTDpBDY8u,indicator_10,221,10
2023.0,Rae Bareli Jagatpur,yFYFE5vVAAA,t03VPkJ5UXd,2425.0,,2024.0,7b,p,317.0,Rae Bareli,lLvTDpBDY8u,indicator_7,221,7
2023.0,Rae Bareli Jagatpur,yFYFE5vVAAA,g69FuEghiM5,2449.0,,2024.0,2d,p,317.0,Rae Bareli,lLvTDpBDY8u,indicator_2,221,2
2023.0,Kanpur Dehat Sandalpur,Bc5VrfyFJO4,TmeumlBaObG,3211.0,,2024.0,10b,p,361.0,Kanpur Dehat,k3D0AumUCiC,indicator_10,266,10
2023.0,Kanpur Dehat Sandalpur,Bc5VrfyFJO4,t03VPkJ5UXd,2854.0,,2024.0,7b,p,361.0,Kanpur Dehat,k3D0AumUCiC,indicator_7,266,7
2023.0,Kanpur Dehat Sandalpur,Bc5VrfyFJO4,g69FuEghiM5,2883.0,,2024.0,2d,p,361.0,Kanpur Dehat,k3D0AumUCiC,indicator_2,266,2
2023.0,Kanpur Dehat Derapur,Dt0dgcTvEpm,TmeumlBaObG,3459.0,,2024.0,10b,p,356.0,Kanpur Dehat,k3D0AumUCiC,indicator_10,862,10
2023.0,Kanpur Dehat Derapur,Dt0dgcTvEpm,t03VPkJ5UXd,3075.0,,2024.0,7b,p,356.0,Kanpur Dehat,k3D0AumUCiC,indicator_7,862,7
2023.0,Kanpur Dehat Derapur,Dt0dgcTvEpm,g69FuEghiM5,3105.0,,2024.0,2d,p,356.0,Kanpur Dehat,k3D0AumUCiC,indicator_2,862,2
2023.0,Kanpur Dehat Ghinjhak,HddGvNsPs8y,TmeumlBaObG,4503.0,,2024.0,10b,p,355.0,Kanpur Dehat,k3D0AumUCiC,indicator_10,431,10
2023.0,Kanpur Dehat Ghinjhak,HddGvNsPs8y,t03VPkJ5UXd,4002.0,,2024.0,7b,p,355.0,Kanpur Dehat,k3D0AumUCiC,indicator_7,431,7
2023.0,Kanpur Dehat Ghinjhak,HddGvNsPs8y,g69FuEghiM5,4042.0,,2024.0,2d,p,355.0,Kanpur Dehat,k3D0AumUCiC,indicator_2,431,2
2023.0,Kanpur Dehat Serwenkheda,OnFJhLr5Af4,TmeumlBaObG,4692.0,,2024.0,10b,p,358.0,Kanpur Dehat,k3D0AumUCiC,indicator_10,547,10
2023.0,Kanpur Dehat Serwenkheda,OnFJhLr5Af4,t03VPkJ5UXd,4171.0,,2024.0,7b,p,358.0,Kanpur Dehat,k3D0AumUCiC,indicator_7,547,7
2023.0,Kanpur Dehat Serwenkheda,OnFJhLr5Af4,g69FuEghiM5,4212.0,,2024.0,2d,p,358.0,Kanpur Dehat,k3D0AumUCiC,indicator_2,547,2
2023.0,Kanpur Dehat Melasa,QavHaYYE31I,TmeumlBaObG,3951.0,,2024.0,10b,p,359.0,Kanpur Dehat,k3D0AumUCiC,indicator_10,35,10
2023.0,Kanpur Dehat Melasa,QavHaYYE31I,t03VPkJ5UXd,3512.0,,2024.0,7b,p,359.0,Kanpur Dehat,k3D0AumUCiC,indicator_7,35,7
2023.0,Kanpur Dehat Melasa,QavHaYYE31I,g69FuEghiM5,3547.0,,2024.0,2d,p,359.0,Kanpur Dehat,k3D0AumUCiC,indicator_2,35,2
2023.0,Kanpur Dehat Rajpur,RCZZTOaqXrm,TmeumlBaObG,4168.0,,2024.0,10b,p,362.0,Kanpur Dehat,k3D0AumUCiC,indicator_10,632,10
2023.0,Kanpur Dehat Rajpur,RCZZTOaqXrm,t03VPkJ5UXd,3705.0,,2024.0,7b,p,362.0,Kanpur Dehat,k3D0AumUCiC,indicator_7,632,7
2023.0,Kanpur Dehat Rajpur,RCZZTOaqXrm,g69FuEghiM5,3742.0,,2024.0,2d,p,362.0,Kanpur Dehat,k3D0AumUCiC,indicator_2,632,2
2023.0,Kanpur Dehat Akberpur,XyAwdfjaKov,TmeumlBaObG,5537.0,,2024.0,10b,p,357.0,Kanpur Dehat,k3D0AumUCiC,indicator_10,630,10
2023.0,Kanpur Dehat Akberpur,XyAwdfjaKov,t03VPkJ5UXd,4921.0,,2024.0,7b,p,357.0,Kanpur Dehat,k3D0AumUCiC,indicator_7,630,7
2023.0,Kanpur Dehat Akberpur,XyAwdfjaKov,g69FuEghiM5,4971.0,,2024.0,2d,p,357.0,Kanpur Dehat,k3D0AumUCiC,indicator_2,630,2
2023.0,Kanpur Dehat Amrodha,cIW3SsdBXzj,TmeumlBaObG,6168.0,,2024.0,10b,p,360.0,Kanpur Dehat,k3D0AumUCiC,indicator_10,147,10
2023.0,Kanpur Dehat Amrodha,cIW3SsdBXzj,t03VPkJ5UXd,5482.0,,2024.0,7b,p,360.0,Kanpur Dehat,k3D0AumUCiC,indicator_7,147,7
2023.0,Kanpur Dehat Amrodha,cIW3SsdBXzj,g69FuEghiM5,5537.0,,2024.0,2d,p,360.0,Kanpur Dehat,k3D0AumUCiC,indicator_2,147,2
2023.0,Kanpur Dehat Rasulabad,jc9CoHdLFLu,TmeumlBaObG,6823.0,,2024.0,10b,p,353.0,Kanpur Dehat,k3D0AumUCiC,indicator_10,264,10
2023.0,Kanpur Dehat Rasulabad,jc9CoHdLFLu,t03VPkJ5UXd,6065.0,,2024.0,7b,p,353.0,Kanpur Dehat,k3D0AumUCiC,indicator_7,264,7
2023.0,Kanpur Dehat Rasulabad,jc9CoHdLFLu,g69FuEghiM5,6125.0,,2024.0,2d,p,353.0,Kanpur Dehat,k3D0AumUCiC,indicator_2,264,2
2023.0,Kanpur Dehat Miatha,qt0Ra0vMorS,TmeumlBaObG,5035.0,,2024.0,10b,p,354.0,Kanpur Dehat,k3D0AumUCiC,indicator_10,888,10
2023.0,Kanpur Dehat Miatha,qt0Ra0vMorS,t03VPkJ5UXd,4476.0,,2024.0,7b,p,354.0,Kanpur Dehat,k3D0AumUCiC,indicator_7,888,7
2023.0,Kanpur Dehat Miatha,qt0Ra0vMorS,g69FuEghiM5,4520.0,,2024.0,2d,p,354.0,Kanpur Dehat,k3D0AumUCiC,indicator_2,888,2
2023.0,Mainpuri Jagir,BkcbTCyupP9,TmeumlBaObG,3671.0,,2024.0,10b,p,168.0,Mainpuri,XBLhrSWGytu,indicator_10,642,10
2023.0,Mainpuri Jagir,BkcbTCyupP9,t03VPkJ5UXd,3263.0,,2024.0,7b,p,168.0,Mainpuri,XBLhrSWGytu,indicator_7,642,7
2023.0,Mainpuri Jagir,BkcbTCyupP9,g69FuEghiM5,3296.0,,2024.0,2d,p,168.0,Mainpuri,XBLhrSWGytu,indicator_2,642,2
2023.0,Mainpuri Bewar,Dn4n2S6qEWw,TmeumlBaObG,7422.0,,2024.0,10b,p,167.0,Mainpuri,XBLhrSWGytu,indicator_10,271,10
2023.0,Mainpuri Bewar,Dn4n2S6qEWw,t03VPkJ5UXd,6598.0,,2024.0,7b,p,167.0,Mainpuri,XBLhrSWGytu,indicator_7,271,7
2023.0,Mainpuri Bewar,Dn4n2S6qEWw,g69FuEghiM5,6664.0,,2024.0,2d,p,167.0,Mainpuri,XBLhrSWGytu,indicator_2,271,2
2023.0,Mainpuri Barnahal,EeFlmvJs36p,TmeumlBaObG,4581.0,,2024.0,10b,p,164.0,Mainpuri,XBLhrSWGytu,indicator_10,306,10
2023.0,Mainpuri Barnahal,EeFlmvJs36p,t03VPkJ5UXd,4072.0,,2024.0,7b,p,164.0,Mainpuri,XBLhrSWGytu,indicator_7,306,7
2023.0,Mainpuri Barnahal,EeFlmvJs36p,g69FuEghiM5,4112.0,,2024.0,2d,p,164.0,Mainpuri,XBLhrSWGytu,indicator_2,306,2
2023.0,Mainpuri Ghiror,GdimZzDSdCV,TmeumlBaObG,5913.0,,2024.0,10b,p,161.0,Mainpuri,XBLhrSWGytu,indicator_10,29,10
2023.0,Mainpuri Ghiror,GdimZzDSdCV,t03VPkJ5UXd,5256.0,,2024.0,7b,p,161.0,Mainpuri,XBLhrSWGytu,indicator_7,29,7
2023.0,Mainpuri Ghiror,GdimZzDSdCV,g69FuEghiM5,5308.0,,2024.0,2d,p,161.0,Mainpuri,XBLhrSWGytu,indicator_2,29,2
2023.0,Mainpuri Kerhal,HNZwOODMyul,TmeumlBaObG,5894.0,,2024.0,10b,p,165.0,Mainpuri,XBLhrSWGytu,indicator_10,598,10
2023.0,Mainpuri Kerhal,HNZwOODMyul,t03VPkJ5UXd,5239.0,,2024.0,7b,p,165.0,Mainpuri,XBLhrSWGytu,indicator_7,598,7
2023.0,Mainpuri Kerhal,HNZwOODMyul,g69FuEghiM5,5291.0,,2024.0,2d,p,165.0,Mainpuri,XBLhrSWGytu,indicator_2,598,2
2023.0,Mainpuri DHQ,O8puBy9wDpN,TmeumlBaObG,4312.0,,2024.0,10b,p,,Mainpuri,XBLhrSWGytu,indicator_10,559,10
2023.0,Mainpuri DHQ,O8puBy9wDpN,t03VPkJ5UXd,3833.0,,2024.0,7b,p,,Mainpuri,XBLhrSWGytu,indicator_7,559,7
2023.0,Mainpuri DHQ,O8puBy9wDpN,g69FuEghiM5,3871.0,,2024.0,2d,p,,Mainpuri,XBLhrSWGytu,indicator_2,559,2
2023.0,Mainpuri Kurawali,PZAj1qhZHhE,TmeumlBaObG,5715.0,,2024.0,10b,p,162.0,Mainpuri,XBLhrSWGytu,indicator_10,526,10
2023.0,Mainpuri Kurawali,PZAj1qhZHhE,t03VPkJ5UXd,5080.0,,2024.0,7b,p,162.0,Mainpuri,XBLhrSWGytu,indicator_7,526,7
2023.0,Mainpuri Kurawali,PZAj1qhZHhE,g69FuEghiM5,5131.0,,2024.0,2d,p,162.0,Mainpuri,XBLhrSWGytu,indicator_2,526,2
2023.0,Mainpuri Sultanganj,Ri9nZlNp7vJ,TmeumlBaObG,7681.0,,2024.0,10b,p,166.0,Mainpuri,XBLhrSWGytu,indicator_10,28,10
2023.0,Mainpuri Sultanganj,Ri9nZlNp7vJ,t03VPkJ5UXd,6828.0,,2024.0,7b,p,166.0,Mainpuri,XBLhrSWGytu,indicator_7,28,7
2023.0,Mainpuri Sultanganj,Ri9nZlNp7vJ,g69FuEghiM5,6896.0,,2024.0,2d,p,166.0,Mainpuri,XBLhrSWGytu,indicator_2,28,2
2023.0,Mainpuri Mainpuri,covI1BtEX12,TmeumlBaObG,6937.0,,2024.0,10b,p,163.0,Mainpuri,XBLhrSWGytu,indicator_10,96,10
2023.0,Mainpuri Mainpuri,covI1BtEX12,t03VPkJ5UXd,6166.0,,2024.0,7b,p,163.0,Mainpuri,XBLhrSWGytu,indicator_7,96,7
2023.0,Mainpuri Mainpuri,covI1BtEX12,g69FuEghiM5,6227.0,,2024.0,2d,p,163.0,Mainpuri,XBLhrSWGytu,indicator_2,96,2
2023.0,Mainpuri Kishni,yWnYeaWXCE1,TmeumlBaObG,6876.0,,2024.0,10b,p,169.0,Mainpuri,XBLhrSWGytu,indicator_10,246,10
2023.0,Mainpuri Kishni,yWnYeaWXCE1,t03VPkJ5UXd,6112.0,,2024.0,7b,p,169.0,Mainpuri,XBLhrSWGytu,indicator_7,246,7
2023.0,Mainpuri Kishni,yWnYeaWXCE1,g69FuEghiM5,6173.0,,2024.0,2d,p,169.0,Mainpuri,XBLhrSWGytu,indicator_2,246,2
2023.0,Firozabad Jasrana,C4DRedrM3Pb,TmeumlBaObG,4659.0,,2024.0,10b,p,157.0,Firozabad,eJTsuE56XDF,indicator_10,857,10
2023.0,Firozabad Jasrana,C4DRedrM3Pb,t03VPkJ5UXd,4142.0,,2024.0,7b,p,157.0,Firozabad,eJTsuE56XDF,indicator_7,857,7
2023.0,Firozabad Jasrana,C4DRedrM3Pb,g69FuEghiM5,4183.0,,2024.0,2d,p,157.0,Firozabad,eJTsuE56XDF,indicator_2,857,2
2023.0,Firozabad Narkhi,GcLGdTGiU8M,TmeumlBaObG,5285.0,,2024.0,10b,p,153.0,Firozabad,eJTsuE56XDF,indicator_10,794,10
2023.0,Firozabad Narkhi,GcLGdTGiU8M,t03VPkJ5UXd,4698.0,,2024.0,7b,p,153.0,Firozabad,eJTsuE56XDF,indicator_7,794,7
2023.0,Firozabad Narkhi,GcLGdTGiU8M,g69FuEghiM5,4744.0,,2024.0,2d,p,153.0,Firozabad,eJTsuE56XDF,indicator_2,794,2
2023.0,Firozabad Firozabad,R0tPbvDqGLH,TmeumlBaObG,7642.0,,2024.0,10b,p,154.0,Firozabad,eJTsuE56XDF,indicator_10,427,10
2023.0,Firozabad Firozabad,R0tPbvDqGLH,t03VPkJ5UXd,6793.0,,2024.0,7b,p,154.0,Firozabad,eJTsuE56XDF,indicator_7,427,7
2023.0,Firozabad Firozabad,R0tPbvDqGLH,g69FuEghiM5,6861.0,,2024.0,2d,p,154.0,Firozabad,eJTsuE56XDF,indicator_2,427,2
2023.0,Firozabad Madanpur,TEd7x916bEz,TmeumlBaObG,7715.0,,2024.0,10b,p,160.0,Firozabad,eJTsuE56XDF,indicator_10,388,10
2023.0,Firozabad Madanpur,TEd7x916bEz,t03VPkJ5UXd,6858.0,,2024.0,7b,p,160.0,Firozabad,eJTsuE56XDF,indicator_7,388,7
2023.0,Firozabad Madanpur,TEd7x916bEz,g69FuEghiM5,6927.0,,2024.0,2d,p,160.0,Firozabad,eJTsuE56XDF,indicator_2,388,2
2023.0,Firozabad Tundla,TJrLeyFzLWY,TmeumlBaObG,11419.0,,2024.0,10b,p,152.0,Firozabad,eJTsuE56XDF,indicator_10,277,10
2023.0,Firozabad Tundla,TJrLeyFzLWY,t03VPkJ5UXd,10151.0,,2024.0,7b,p,152.0,Firozabad,eJTsuE56XDF,indicator_7,277,7
2023.0,Firozabad Tundla,TJrLeyFzLWY,g69FuEghiM5,10252.0,,2024.0,2d,p,152.0,Firozabad,eJTsuE56XDF,indicator_2,277,2
2023.0,Firozabad DHQ,fAXjUK5F5Xr,TmeumlBaObG,20621.0,,2024.0,10b,p,,Firozabad,eJTsuE56XDF,indicator_10,873,10
2023.0,Firozabad DHQ,fAXjUK5F5Xr,t03VPkJ5UXd,18330.0,,2024.0,7b,p,,Firozabad,eJTsuE56XDF,indicator_7,873,7
2023.0,Firozabad DHQ,fAXjUK5F5Xr,g69FuEghiM5,18513.0,,2024.0,2d,p,,Firozabad,eJTsuE56XDF,indicator_2,873,2
2023.0,Firozabad Hathwant,ipancoUtUKq,TmeumlBaObG,5698.0,,2024.0,10b,p,156.0,Firozabad,eJTsuE56XDF,indicator_10,419,10
2023.0,Firozabad Hathwant,ipancoUtUKq,t03VPkJ5UXd,5065.0,,2024.0,7b,p,156.0,Firozabad,eJTsuE56XDF,indicator_7,419,7
2023.0,Firozabad Hathwant,ipancoUtUKq,g69FuEghiM5,5115.0,,2024.0,2d,p,156.0,Firozabad,eJTsuE56XDF,indicator_2,419,2
2023.0,Firozabad Araon,njhb7CY73zh,TmeumlBaObG,4961.0,,2024.0,10b,p,159.0,Firozabad,eJTsuE56XDF,indicator_10,788,10
2023.0,Firozabad Araon,njhb7CY73zh,t03VPkJ5UXd,4410.0,,2024.0,7b,p,159.0,Firozabad,eJTsuE56XDF,indicator_7,788,7
2023.0,Firozabad Araon,njhb7CY73zh,g69FuEghiM5,4454.0,,2024.0,2d,p,159.0,Firozabad,eJTsuE56XDF,indicator_2,788,2
2023.0,Firozabad Shikohabad,rgR8kKaylIH,TmeumlBaObG,10349.0,,2024.0,10b,p,158.0,Firozabad,eJTsuE56XDF,indicator_10,784,10
2023.0,Firozabad Shikohabad,rgR8kKaylIH,t03VPkJ5UXd,9199.0,,2024.0,7b,p,158.0,Firozabad,eJTsuE56XDF,indicator_7,784,7
2023.0,Firozabad Shikohabad,rgR8kKaylIH,g69FuEghiM5,9291.0,,2024.0,2d,p,158.0,Firozabad,eJTsuE56XDF,indicator_2,784,2
2023.0,Firozabad Aeka,v4LM2W1q50L,TmeumlBaObG,6910.0,,2024.0,10b,p,155.0,Firozabad,eJTsuE56XDF,indicator_10,811,10
2023.0,Firozabad Aeka,v4LM2W1q50L,t03VPkJ5UXd,6142.0,,2024.0,7b,p,155.0,Firozabad,eJTsuE56XDF,indicator_7,811,7
2023.0,Firozabad Aeka,v4LM2W1q50L,g69FuEghiM5,6203.0,,2024.0,2d,p,155.0,Firozabad,eJTsuE56XDF,indicator_2,811,2
2023.0,Fakharpur,C9qOAPWGoUS,TmeumlBaObG,10787.0,,2024.0,10b,p,545.0,Bahraich,iE0E3nLioFr,indicator_10,283,10
2023.0,Fakharpur,C9qOAPWGoUS,t03VPkJ5UXd,9588.0,,2024.0,7b,p,545.0,Bahraich,iE0E3nLioFr,indicator_7,283,7
2023.0,Fakharpur,C9qOAPWGoUS,g69FuEghiM5,9684.0,,2024.0,2d,p,545.0,Bahraich,iE0E3nLioFr,indicator_2,283,2
2023.0,Huzoorpur,CjshmDK5t8E,TmeumlBaObG,8343.0,,2024.0,10b,p,546.0,Bahraich,iE0E3nLioFr,indicator_10,412,10
2023.0,Huzoorpur,CjshmDK5t8E,t03VPkJ5UXd,7416.0,,2024.0,7b,p,546.0,Bahraich,iE0E3nLioFr,indicator_7,412,7
2023.0,Huzoorpur,CjshmDK5t8E,g69FuEghiM5,7490.0,,2024.0,2d,p,546.0,Bahraich,iE0E3nLioFr,indicator_2,412,2
2023.0,Mahsi,EdjW9d0OX1h,TmeumlBaObG,9674.0,,2024.0,10b,p,543.0,Bahraich,iE0E3nLioFr,indicator_10,568,10
2023.0,Mahsi,EdjW9d0OX1h,t03VPkJ5UXd,8600.0,,2024.0,7b,p,543.0,Bahraich,iE0E3nLioFr,indicator_7,568,7
2023.0,Mahsi,EdjW9d0OX1h,g69FuEghiM5,8686.0,,2024.0,2d,p,543.0,Bahraich,iE0E3nLioFr,indicator_2,568,2
2023.0,Nawabganj Bahraich,F2HjseXcv3G,TmeumlBaObG,8397.0,,2024.0,10b,p,538.0,Bahraich,iE0E3nLioFr,indicator_10,827,10
2023.0,Nawabganj Bahraich,F2HjseXcv3G,t03VPkJ5UXd,7464.0,,2024.0,7b,p,538.0,Bahraich,iE0E3nLioFr,indicator_7,827,7
2023.0,Nawabganj Bahraich,F2HjseXcv3G,g69FuEghiM5,7539.0,,2024.0,2d,p,538.0,Bahraich,iE0E3nLioFr,indicator_2,827,2
2023.0,Visheshwerganj,NGqtRmZHnOm,TmeumlBaObG,8948.0,,2024.0,10b,p,550.0,Bahraich,iE0E3nLioFr,indicator_10,74,10
2023.0,Visheshwerganj,NGqtRmZHnOm,t03VPkJ5UXd,7954.0,,2024.0,7b,p,550.0,Bahraich,iE0E3nLioFr,indicator_7,74,7
2023.0,Visheshwerganj,NGqtRmZHnOm,g69FuEghiM5,8033.0,,2024.0,2d,p,550.0,Bahraich,iE0E3nLioFr,indicator_2,74,2
2023.0,Jarwal,PK0wuMfp3LE,TmeumlBaObG,10212.0,,2024.0,10b,p,548.0,Bahraich,iE0E3nLioFr,indicator_10,659,10
2023.0,Jarwal,PK0wuMfp3LE,t03VPkJ5UXd,9078.0,,2024.0,7b,p,548.0,Bahraich,iE0E3nLioFr,indicator_7,659,7
2023.0,Jarwal,PK0wuMfp3LE,g69FuEghiM5,9168.0,,2024.0,2d,p,548.0,Bahraich,iE0E3nLioFr,indicator_2,659,2
2023.0,Tejwapur,QTCGfCQMXd3,TmeumlBaObG,9065.0,,2024.0,10b,p,544.0,Bahraich,iE0E3nLioFr,indicator_10,705,10
2023.0,Tejwapur,QTCGfCQMXd3,t03VPkJ5UXd,8058.0,,2024.0,7b,p,544.0,Bahraich,iE0E3nLioFr,indicator_7,705,7
2023.0,Tejwapur,QTCGfCQMXd3,g69FuEghiM5,8138.0,,2024.0,2d,p,544.0,Bahraich,iE0E3nLioFr,indicator_2,705,2
2023.0,Keaserganj,RXv1GaQ6IyV,TmeumlBaObG,8239.0,,2024.0,10b,p,547.0,Bahraich,iE0E3nLioFr,indicator_10,274,10
2023.0,Keaserganj,RXv1GaQ6IyV,t03VPkJ5UXd,7324.0,,2024.0,7b,p,547.0,Bahraich,iE0E3nLioFr,indicator_7,274,7
2023.0,Keaserganj,RXv1GaQ6IyV,g69FuEghiM5,7397.0,,2024.0,2d,p,547.0,Bahraich,iE0E3nLioFr,indicator_2,274,2
2023.0,Shivpur,axbfDth7CE1,TmeumlBaObG,10545.0,,2024.0,10b,p,540.0,Bahraich,iE0E3nLioFr,indicator_10,64,10
2023.0,Shivpur,axbfDth7CE1,t03VPkJ5UXd,9373.0,,2024.0,7b,p,540.0,Bahraich,iE0E3nLioFr,indicator_7,64,7
2023.0,Shivpur,axbfDth7CE1,g69FuEghiM5,9467.0,,2024.0,2d,p,540.0,Bahraich,iE0E3nLioFr,indicator_2,64,2
2023.0,Chittaura,jNYEM4EP98K,TmeumlBaObG,10699.0,,2024.0,10b,p,542.0,Bahraich,iE0E3nLioFr,indicator_10,132,10
2023.0,Chittaura,jNYEM4EP98K,t03VPkJ5UXd,9510.0,,2024.0,7b,p,542.0,Bahraich,iE0E3nLioFr,indicator_7,132,7
2023.0,Chittaura,jNYEM4EP98K,g69FuEghiM5,9606.0,,2024.0,2d,p,542.0,Bahraich,iE0E3nLioFr,indicator_2,132,2
2023.0,Mihipurwa,jo7VYHdzhDi,TmeumlBaObG,16098.0,,2024.0,10b,p,537.0,Bahraich,iE0E3nLioFr,indicator_10,709,10
2023.0,Mihipurwa,jo7VYHdzhDi,t03VPkJ5UXd,14310.0,,2024.0,7b,p,537.0,Bahraich,iE0E3nLioFr,indicator_7,709,7
2023.0,Mihipurwa,jo7VYHdzhDi,g69FuEghiM5,14453.0,,2024.0,2d,p,537.0,Bahraich,iE0E3nLioFr,indicator_2,709,2
2023.0,Payagpur,m1nYwKqPcyp,TmeumlBaObG,8559.0,,2024.0,10b,p,549.0,Bahraich,iE0E3nLioFr,indicator_10,727,10
2023.0,Payagpur,m1nYwKqPcyp,t03VPkJ5UXd,7608.0,,2024.0,7b,p,549.0,Bahraich,iE0E3nLioFr,indicator_7,727,7
2023.0,Payagpur,m1nYwKqPcyp,g69FuEghiM5,7684.0,,2024.0,2d,p,549.0,Bahraich,iE0E3nLioFr,indicator_2,727,2
2023.0,Bahraich DHQ,sGS6zRDhdsB,TmeumlBaObG,8598.0,,2024.0,10b,p,,Bahraich,iE0E3nLioFr,indicator_10,777,10
2023.0,Bahraich DHQ,sGS6zRDhdsB,t03VPkJ5UXd,7643.0,,2024.0,7b,p,,Bahraich,iE0E3nLioFr,indicator_7,777,7
2023.0,Bahraich DHQ,sGS6zRDhdsB,g69FuEghiM5,7719.0,,2024.0,2d,p,,Bahraich,iE0E3nLioFr,indicator_2,777,2
2023.0,Risia,wgoGe5KFMCX,TmeumlBaObG,9452.0,,2024.0,10b,p,541.0,Bahraich,iE0E3nLioFr,indicator_10,76,10
2023.0,Risia,wgoGe5KFMCX,t03VPkJ5UXd,8402.0,,2024.0,7b,p,541.0,Bahraich,iE0E3nLioFr,indicator_7,76,7
2023.0,Risia,wgoGe5KFMCX,g69FuEghiM5,8486.0,,2024.0,2d,p,541.0,Bahraich,iE0E3nLioFr,indicator_2,76,2
2023.0,Balha,ww1Qb6eAFFD,TmeumlBaObG,12345.0,,2024.0,10b,p,539.0,Bahraich,iE0E3nLioFr,indicator_10,795,10
2023.0,Balha,ww1Qb6eAFFD,t03VPkJ5UXd,10973.0,,2024.0,7b,p,539.0,Bahraich,iE0E3nLioFr,indicator_7,795,7
2023.0,Balha,ww1Qb6eAFFD,g69FuEghiM5,11083.0,,2024.0,2d,p,539.0,Bahraich,iE0E3nLioFr,indicator_2,795,2
2023.0,Manda,CGzm91g5LUD,TmeumlBaObG,7209.0,,2024.0,10b,p,476.0,Prayagraj,tXgaew1Pd2Y,indicator_10,828,10
2023.0,Manda,CGzm91g5LUD,t03VPkJ5UXd,6408.0,,2024.0,7b,p,476.0,Prayagraj,tXgaew1Pd2Y,indicator_7,828,7
2023.0,Manda,CGzm91g5LUD,g69FuEghiM5,6472.0,,2024.0,2d,p,476.0,Prayagraj,tXgaew1Pd2Y,indicator_2,828,2
2023.0,Meja,En85jBKx0aq,TmeumlBaObG,6647.0,,2024.0,10b,p,474.0,Prayagraj,tXgaew1Pd2Y,indicator_10,325,10
2023.0,Meja,En85jBKx0aq,t03VPkJ5UXd,5908.0,,2024.0,7b,p,474.0,Prayagraj,tXgaew1Pd2Y,indicator_7,325,7
2023.0,Meja,En85jBKx0aq,g69FuEghiM5,5967.0,,2024.0,2d,p,474.0,Prayagraj,tXgaew1Pd2Y,indicator_2,325,2
2023.0,Soraon,Gs9FnVq3FME,TmeumlBaObG,6515.0,,2024.0,10b,p,461.0,Prayagraj,tXgaew1Pd2Y,indicator_10,368,10
2023.0,Soraon,Gs9FnVq3FME,t03VPkJ5UXd,5791.0,,2024.0,7b,p,461.0,Prayagraj,tXgaew1Pd2Y,indicator_7,368,7
2023.0,Soraon,Gs9FnVq3FME,g69FuEghiM5,5849.0,,2024.0,2d,p,461.0,Prayagraj,tXgaew1Pd2Y,indicator_2,368,2
2023.0,Karchhana,INQHpWL0ZBk,TmeumlBaObG,7947.0,,2024.0,10b,p,469.0,Prayagraj,tXgaew1Pd2Y,indicator_10,505,10
2023.0,Karchhana,INQHpWL0ZBk,t03VPkJ5UXd,7064.0,,2024.0,7b,p,469.0,Prayagraj,tXgaew1Pd2Y,indicator_7,505,7
2023.0,Karchhana,INQHpWL0ZBk,g69FuEghiM5,7134.0,,2024.0,2d,p,469.0,Prayagraj,tXgaew1Pd2Y,indicator_2,505,2
2023.0,Handia,Qk15i4lxQ0C,TmeumlBaObG,7904.0,,2024.0,10b,p,473.0,Prayagraj,tXgaew1Pd2Y,indicator_10,629,10
2023.0,Handia,Qk15i4lxQ0C,t03VPkJ5UXd,7026.0,,2024.0,7b,p,473.0,Prayagraj,tXgaew1Pd2Y,indicator_7,629,7
2023.0,Handia,Qk15i4lxQ0C,g69FuEghiM5,7096.0,,2024.0,2d,p,473.0,Prayagraj,tXgaew1Pd2Y,indicator_2,629,2
2023.0,Holagarh,SkcYjFliQxI,TmeumlBaObG,6162.0,,2024.0,10b,p,459.0,Prayagraj,tXgaew1Pd2Y,indicator_10,65,10
2023.0,Holagarh,SkcYjFliQxI,t03VPkJ5UXd,5477.0,,2024.0,7b,p,459.0,Prayagraj,tXgaew1Pd2Y,indicator_7,65,7
2023.0,Holagarh,SkcYjFliQxI,g69FuEghiM5,5532.0,,2024.0,2d,p,459.0,Prayagraj,tXgaew1Pd2Y,indicator_2,65,2
2023.0,Baharia,TcWp3YBgjTX,TmeumlBaObG,9200.0,,2024.0,10b,p,462.0,Prayagraj,tXgaew1Pd2Y,indicator_10,133,10
2023.0,Baharia,TcWp3YBgjTX,t03VPkJ5UXd,8178.0,,2024.0,7b,p,462.0,Prayagraj,tXgaew1Pd2Y,indicator_7,133,7
2023.0,Baharia,TcWp3YBgjTX,g69FuEghiM5,8259.0,,2024.0,2d,p,462.0,Prayagraj,tXgaew1Pd2Y,indicator_2,133,2
2023.0,Kaundhiyara,UBw5aJTPmZ3,TmeumlBaObG,5386.0,,2024.0,10b,p,468.0,Prayagraj,tXgaew1Pd2Y,indicator_10,581,10
2023.0,Kaundhiyara,UBw5aJTPmZ3,t03VPkJ5UXd,4788.0,,2024.0,7b,p,468.0,Prayagraj,tXgaew1Pd2Y,indicator_7,581,7
2023.0,Kaundhiyara,UBw5aJTPmZ3,g69FuEghiM5,4835.0,,2024.0,2d,p,468.0,Prayagraj,tXgaew1Pd2Y,indicator_2,581,2
2023.0,Saidabad,UtcpvEmyolV,TmeumlBaObG,8538.0,,2024.0,10b,p,472.0,Prayagraj,tXgaew1Pd2Y,indicator_10,117,10
2023.0,Saidabad,UtcpvEmyolV,t03VPkJ5UXd,7590.0,,2024.0,7b,p,472.0,Prayagraj,tXgaew1Pd2Y,indicator_7,117,7
2023.0,Saidabad,UtcpvEmyolV,g69FuEghiM5,7665.0,,2024.0,2d,p,472.0,Prayagraj,tXgaew1Pd2Y,indicator_2,117,2
2023.0,Kaurihar,V9DOCawlsCk,TmeumlBaObG,8167.0,,2024.0,10b,p,458.0,Prayagraj,tXgaew1Pd2Y,indicator_10,605,10
2023.0,Kaurihar,V9DOCawlsCk,t03VPkJ5UXd,7259.0,,2024.0,7b,p,458.0,Prayagraj,tXgaew1Pd2Y,indicator_7,605,7
2023.0,Kaurihar,V9DOCawlsCk,g69FuEghiM5,7332.0,,2024.0,2d,p,458.0,Prayagraj,tXgaew1Pd2Y,indicator_2,605,2
2023.0,Uruwa,ZYDAjKxE7WN,TmeumlBaObG,7295.0,,2024.0,10b,p,475.0,Prayagraj,tXgaew1Pd2Y,indicator_10,399,10
2023.0,Uruwa,ZYDAjKxE7WN,t03VPkJ5UXd,6485.0,,2024.0,7b,p,475.0,Prayagraj,tXgaew1Pd2Y,indicator_7,399,7
2023.0,Uruwa,ZYDAjKxE7WN,g69FuEghiM5,6550.0,,2024.0,2d,p,475.0,Prayagraj,tXgaew1Pd2Y,indicator_2,399,2
2023.0,Mauaima,dawiYinsnkV,TmeumlBaObG,6931.0,,2024.0,10b,p,460.0,Prayagraj,tXgaew1Pd2Y,indicator_10,207,10
2023.0,Mauaima,dawiYinsnkV,t03VPkJ5UXd,6161.0,,2024.0,7b,p,460.0,Prayagraj,tXgaew1Pd2Y,indicator_7,207,7
2023.0,Mauaima,dawiYinsnkV,g69FuEghiM5,6222.0,,2024.0,2d,p,460.0,Prayagraj,tXgaew1Pd2Y,indicator_2,207,2
2023.0,Prayagraj DHQ,engUwg3VX3b,TmeumlBaObG,40672.0,,2024.0,10b,p,,Prayagraj,tXgaew1Pd2Y,indicator_10,675,10
2023.0,Prayagraj DHQ,engUwg3VX3b,t03VPkJ5UXd,36153.0,,2024.0,7b,p,,Prayagraj,tXgaew1Pd2Y,indicator_7,675,7
2023.0,Prayagraj DHQ,engUwg3VX3b,g69FuEghiM5,36514.0,,2024.0,2d,p,,Prayagraj,tXgaew1Pd2Y,indicator_2,675,2
2023.0,Chaka,hty8pfH1ySe,TmeumlBaObG,7136.0,,2024.0,10b,p,467.0,Prayagraj,tXgaew1Pd2Y,indicator_10,376,10
2023.0,Chaka,hty8pfH1ySe,t03VPkJ5UXd,6343.0,,2024.0,7b,p,467.0,Prayagraj,tXgaew1Pd2Y,indicator_7,376,7
2023.0,Chaka,hty8pfH1ySe,g69FuEghiM5,6407.0,,2024.0,2d,p,467.0,Prayagraj,tXgaew1Pd2Y,indicator_2,376,2
2023.0,Shankargarh,omKjHTDECWY,TmeumlBaObG,6355.0,,2024.0,10b,p,466.0,Prayagraj,tXgaew1Pd2Y,indicator_10,434,10
2023.0,Shankargarh,omKjHTDECWY,t03VPkJ5UXd,5649.0,,2024.0,7b,p,466.0,Prayagraj,tXgaew1Pd2Y,indicator_7,434,7
2023.0,Shankargarh,omKjHTDECWY,g69FuEghiM5,5705.0,,2024.0,2d,p,466.0,Prayagraj,tXgaew1Pd2Y,indicator_2,434,2
2023.0,Dhanupur,ooMZMhdhlnd,TmeumlBaObG,7840.0,,2024.0,10b,p,471.0,Prayagraj,tXgaew1Pd2Y,indicator_10,809,10
2023.0,Dhanupur,ooMZMhdhlnd,t03VPkJ5UXd,6969.0,,2024.0,7b,p,471.0,Prayagraj,tXgaew1Pd2Y,indicator_7,809,7
2023.0,Dhanupur,ooMZMhdhlnd,g69FuEghiM5,7039.0,,2024.0,2d,p,471.0,Prayagraj,tXgaew1Pd2Y,indicator_2,809,2
2023.0,Pratappur,rnqodqKeG71,TmeumlBaObG,7579.0,,2024.0,10b,p,470.0,Prayagraj,tXgaew1Pd2Y,indicator_10,353,10
2023.0,Pratappur,rnqodqKeG71,t03VPkJ5UXd,6737.0,,2024.0,7b,p,470.0,Prayagraj,tXgaew1Pd2Y,indicator_7,353,7
2023.0,Pratappur,rnqodqKeG71,g69FuEghiM5,6804.0,,2024.0,2d,p,470.0,Prayagraj,tXgaew1Pd2Y,indicator_2,353,2
2023.0,Koraon,snr8f1gc8vd,TmeumlBaObG,11182.0,,2024.0,10b,p,477.0,Prayagraj,tXgaew1Pd2Y,indicator_10,145,10
2023.0,Koraon,snr8f1gc8vd,t03VPkJ5UXd,9940.0,,2024.0,7b,p,477.0,Prayagraj,tXgaew1Pd2Y,indicator_7,145,7
2023.0,Koraon,snr8f1gc8vd,g69FuEghiM5,10039.0,,2024.0,2d,p,477.0,Prayagraj,tXgaew1Pd2Y,indicator_2,145,2
2023.0,Bahadurpur,tqyaSDfRN87,TmeumlBaObG,11258.0,,2024.0,10b,p,464.0,Prayagraj,tXgaew1Pd2Y,indicator_10,312,10
2023.0,Bahadurpur,tqyaSDfRN87,t03VPkJ5UXd,10007.0,,2024.0,7b,p,464.0,Prayagraj,tXgaew1Pd2Y,indicator_7,312,7
2023.0,Bahadurpur,tqyaSDfRN87,g69FuEghiM5,10107.0,,2024.0,2d,p,464.0,Prayagraj,tXgaew1Pd2Y,indicator_2,312,2
2023.0,Phulpur,uiUVlKvhhxF,TmeumlBaObG,8527.0,,2024.0,10b,p,463.0,Prayagraj,tXgaew1Pd2Y,indicator_10,646,10
2023.0,Phulpur,uiUVlKvhhxF,t03VPkJ5UXd,7580.0,,2024.0,7b,p,463.0,Prayagraj,tXgaew1Pd2Y,indicator_7,646,7
2023.0,Phulpur,uiUVlKvhhxF,g69FuEghiM5,7655.0,,2024.0,2d,p,463.0,Prayagraj,tXgaew1Pd2Y,indicator_2,646,2
2023.0,Jasra,vAlop9evcWY,TmeumlBaObG,5976.0,,2024.0,10b,p,465.0,Prayagraj,tXgaew1Pd2Y,indicator_10,43,10
2023.0,Jasra,vAlop9evcWY,t03VPkJ5UXd,5312.0,,2024.0,7b,p,465.0,Prayagraj,tXgaew1Pd2Y,indicator_7,43,7
2023.0,Jasra,vAlop9evcWY,g69FuEghiM5,5365.0,,2024.0,2d,p,465.0,Prayagraj,tXgaew1Pd2Y,indicator_2,43,2
2023.0,Bhagwatpur,xDTc9JFJJPU,TmeumlBaObG,6392.0,,2024.0,10b,p,0.0,Prayagraj,tXgaew1Pd2Y,indicator_10,911,10
2023.0,Bhagwatpur,xDTc9JFJJPU,t03VPkJ5UXd,5682.0,,2024.0,7b,p,0.0,Prayagraj,tXgaew1Pd2Y,indicator_7,911,7
2023.0,Bhagwatpur,xDTc9JFJJPU,g69FuEghiM5,5738.0,,2024.0,2d,p,0.0,Prayagraj,tXgaew1Pd2Y,indicator_2,911,2
2023.0,Jalalabad,CJnQGhWTHo0,TmeumlBaObG,9172.0,,2024.0,10b,p,224.0,Shahjahanpur,GaiLSoQq1ue,indicator_10,70,10
2023.0,Jalalabad,CJnQGhWTHo0,t03VPkJ5UXd,8153.0,,2024.0,7b,p,224.0,Shahjahanpur,GaiLSoQq1ue,indicator_7,70,7
2023.0,Jalalabad,CJnQGhWTHo0,g69FuEghiM5,8235.0,,2024.0,2d,p,224.0,Shahjahanpur,GaiLSoQq1ue,indicator_2,70,2
2023.0,Dadroul,CzrcP2SLElb,TmeumlBaObG,6388.0,,2024.0,10b,p,220.0,Shahjahanpur,GaiLSoQq1ue,indicator_10,502,10
2023.0,Dadroul,CzrcP2SLElb,t03VPkJ5UXd,5678.0,,2024.0,7b,p,220.0,Shahjahanpur,GaiLSoQq1ue,indicator_7,502,7
2023.0,Dadroul,CzrcP2SLElb,g69FuEghiM5,5735.0,,2024.0,2d,p,220.0,Shahjahanpur,GaiLSoQq1ue,indicator_2,502,2
2023.0,Bhawalkheda,FHp906GIA29,TmeumlBaObG,9489.0,,2024.0,10b,p,221.0,Shahjahanpur,GaiLSoQq1ue,indicator_10,17,10
2023.0,Bhawalkheda,FHp906GIA29,t03VPkJ5UXd,8435.0,,2024.0,7b,p,221.0,Shahjahanpur,GaiLSoQq1ue,indicator_7,17,7
2023.0,Bhawalkheda,FHp906GIA29,g69FuEghiM5,8519.0,,2024.0,2d,p,221.0,Shahjahanpur,GaiLSoQq1ue,indicator_2,17,2
2023.0,Puwaya,FJZd1VoPnSp,TmeumlBaObG,6894.0,,2024.0,10b,p,212.0,Shahjahanpur,GaiLSoQq1ue,indicator_10,764,10
2023.0,Puwaya,FJZd1VoPnSp,t03VPkJ5UXd,6128.0,,2024.0,7b,p,212.0,Shahjahanpur,GaiLSoQq1ue,indicator_7,764,7
2023.0,Puwaya,FJZd1VoPnSp,g69FuEghiM5,6190.0,,2024.0,2d,p,212.0,Shahjahanpur,GaiLSoQq1ue,indicator_2,764,2
2023.0,Mirzapur Shahjahanpur,Gj3mY1laAQs,TmeumlBaObG,5513.0,,2024.0,10b,p,223.0,Shahjahanpur,GaiLSoQq1ue,indicator_10,739,10
2023.0,Mirzapur Shahjahanpur,Gj3mY1laAQs,t03VPkJ5UXd,4901.0,,2024.0,7b,p,223.0,Shahjahanpur,GaiLSoQq1ue,indicator_7,739,7
2023.0,Mirzapur Shahjahanpur,Gj3mY1laAQs,g69FuEghiM5,4950.0,,2024.0,2d,p,223.0,Shahjahanpur,GaiLSoQq1ue,indicator_2,739,2
2023.0,Khutar,ROeKhlePe7w,TmeumlBaObG,4780.0,,2024.0,10b,p,211.0,Shahjahanpur,GaiLSoQq1ue,indicator_10,114,10
2023.0,Khutar,ROeKhlePe7w,t03VPkJ5UXd,4249.0,,2024.0,7b,p,211.0,Shahjahanpur,GaiLSoQq1ue,indicator_7,114,7
2023.0,Khutar,ROeKhlePe7w,g69FuEghiM5,4291.0,,2024.0,2d,p,211.0,Shahjahanpur,GaiLSoQq1ue,indicator_2,114,2
2023.0,Sidhouli,RWbJEn9kMN0,TmeumlBaObG,6636.0,,2024.0,10b,p,213.0,Shahjahanpur,GaiLSoQq1ue,indicator_10,469,10
2023.0,Sidhouli,RWbJEn9kMN0,t03VPkJ5UXd,5899.0,,2024.0,7b,p,213.0,Shahjahanpur,GaiLSoQq1ue,indicator_7,469,7
2023.0,Sidhouli,RWbJEn9kMN0,g69FuEghiM5,5958.0,,2024.0,2d,p,213.0,Shahjahanpur,GaiLSoQq1ue,indicator_2,469,2
2023.0,Madnapur,Siyf9v1S9St,TmeumlBaObG,5689.0,,2024.0,10b,p,216.0,Shahjahanpur,GaiLSoQq1ue,indicator_10,240,10
2023.0,Madnapur,Siyf9v1S9St,t03VPkJ5UXd,5057.0,,2024.0,7b,p,216.0,Shahjahanpur,GaiLSoQq1ue,indicator_7,240,7
2023.0,Madnapur,Siyf9v1S9St,g69FuEghiM5,5107.0,,2024.0,2d,p,216.0,Shahjahanpur,GaiLSoQq1ue,indicator_2,240,2
2023.0,Khudaganj,Y5b8fuW0nqo,TmeumlBaObG,5246.0,,2024.0,10b,p,214.0,Shahjahanpur,GaiLSoQq1ue,indicator_10,826,10
2023.0,Khudaganj,Y5b8fuW0nqo,t03VPkJ5UXd,4663.0,,2024.0,7b,p,214.0,Shahjahanpur,GaiLSoQq1ue,indicator_7,826,7
2023.0,Khudaganj,Y5b8fuW0nqo,g69FuEghiM5,4709.0,,2024.0,2d,p,214.0,Shahjahanpur,GaiLSoQq1ue,indicator_2,826,2
2023.0,Kanth,eRgWsRn98MG,TmeumlBaObG,5835.0,,2024.0,10b,p,219.0,Shahjahanpur,GaiLSoQq1ue,indicator_10,484,10
2023.0,Kanth,eRgWsRn98MG,t03VPkJ5UXd,5186.0,,2024.0,7b,p,219.0,Shahjahanpur,GaiLSoQq1ue,indicator_7,484,7
2023.0,Kanth,eRgWsRn98MG,g69FuEghiM5,5238.0,,2024.0,2d,p,219.0,Shahjahanpur,GaiLSoQq1ue,indicator_2,484,2
2023.0,Kalan,gGoFUoVcUmI,TmeumlBaObG,6298.0,,2024.0,10b,p,222.0,Shahjahanpur,GaiLSoQq1ue,indicator_10,113,10
2023.0,Kalan,gGoFUoVcUmI,t03VPkJ5UXd,5598.0,,2024.0,7b,p,222.0,Shahjahanpur,GaiLSoQq1ue,indicator_7,113,7
2023.0,Kalan,gGoFUoVcUmI,g69FuEghiM5,5654.0,,2024.0,2d,p,222.0,Shahjahanpur,GaiLSoQq1ue,indicator_2,113,2
2023.0,Shahjahanpur DHQ,jc5MqfKVzRH,TmeumlBaObG,13616.0,,2024.0,10b,p,,Shahjahanpur,GaiLSoQq1ue,indicator_10,661,10
2023.0,Shahjahanpur DHQ,jc5MqfKVzRH,t03VPkJ5UXd,12103.0,,2024.0,7b,p,,Shahjahanpur,GaiLSoQq1ue,indicator_7,661,7
2023.0,Shahjahanpur DHQ,jc5MqfKVzRH,g69FuEghiM5,12224.0,,2024.0,2d,p,,Shahjahanpur,GaiLSoQq1ue,indicator_2,661,2
2023.0,Jaitipur,l14UZLO07Q9,TmeumlBaObG,5244.0,,2024.0,10b,p,215.0,Shahjahanpur,GaiLSoQq1ue,indicator_10,564,10
2023.0,Jaitipur,l14UZLO07Q9,t03VPkJ5UXd,4662.0,,2024.0,7b,p,215.0,Shahjahanpur,GaiLSoQq1ue,indicator_7,564,7
2023.0,Jaitipur,l14UZLO07Q9,g69FuEghiM5,4708.0,,2024.0,2d,p,215.0,Shahjahanpur,GaiLSoQq1ue,indicator_2,564,2
2023.0,Tilhar,o9TtE34iDMB,TmeumlBaObG,7639.0,,2024.0,10b,p,217.0,Shahjahanpur,GaiLSoQq1ue,indicator_10,287,10
2023.0,Tilhar,o9TtE34iDMB,t03VPkJ5UXd,6790.0,,2024.0,7b,p,217.0,Shahjahanpur,GaiLSoQq1ue,indicator_7,287,7
2023.0,Tilhar,o9TtE34iDMB,g69FuEghiM5,6858.0,,2024.0,2d,p,217.0,Shahjahanpur,GaiLSoQq1ue,indicator_2,287,2
2023.0,Nigohi,oSPqI1SUnmV,TmeumlBaObG,8251.0,,2024.0,10b,p,218.0,Shahjahanpur,GaiLSoQq1ue,indicator_10,754,10
2023.0,Nigohi,oSPqI1SUnmV,t03VPkJ5UXd,7334.0,,2024.0,7b,p,218.0,Shahjahanpur,GaiLSoQq1ue,indicator_7,754,7
2023.0,Nigohi,oSPqI1SUnmV,g69FuEghiM5,7408.0,,2024.0,2d,p,218.0,Shahjahanpur,GaiLSoQq1ue,indicator_2,754,2
2023.0,Banda,tjhsboDAHva,TmeumlBaObG,7231.0,,2024.0,10b,p,210.0,Shahjahanpur,GaiLSoQq1ue,indicator_10,323,10
2023.0,Banda,tjhsboDAHva,t03VPkJ5UXd,6428.0,,2024.0,7b,p,210.0,Shahjahanpur,GaiLSoQq1ue,indicator_7,323,7
2023.0,Banda,tjhsboDAHva,g69FuEghiM5,6492.0,,2024.0,2d,p,210.0,Shahjahanpur,GaiLSoQq1ue,indicator_2,323,2
2023.0,Chirgaon,CNdl7yi4n8S,TmeumlBaObG,4111.0,,2024.0,10b,p,383.0,Jhansi,Mq751wBMqGF,indicator_10,523,10
2023.0,Chirgaon,CNdl7yi4n8S,t03VPkJ5UXd,3654.0,,2024.0,7b,p,383.0,Jhansi,Mq751wBMqGF,indicator_7,523,7
2023.0,Chirgaon,CNdl7yi4n8S,g69FuEghiM5,3691.0,,2024.0,2d,p,383.0,Jhansi,Mq751wBMqGF,indicator_2,523,2
2023.0,Bangra,W9mkfkYcPh8,TmeumlBaObG,4770.0,,2024.0,10b,p,386.0,Jhansi,Mq751wBMqGF,indicator_10,33,10
2023.0,Bangra,W9mkfkYcPh8,t03VPkJ5UXd,4240.0,,2024.0,7b,p,386.0,Jhansi,Mq751wBMqGF,indicator_7,33,7
2023.0,Bangra,W9mkfkYcPh8,g69FuEghiM5,4282.0,,2024.0,2d,p,386.0,Jhansi,Mq751wBMqGF,indicator_2,33,2
2023.0,Mauranipur,cmHMhMayFWq,TmeumlBaObG,5772.0,,2024.0,10b,p,387.0,Jhansi,Mq751wBMqGF,indicator_10,720,10
2023.0,Mauranipur,cmHMhMayFWq,t03VPkJ5UXd,5131.0,,2024.0,7b,p,387.0,Jhansi,Mq751wBMqGF,indicator_7,720,7
2023.0,Mauranipur,cmHMhMayFWq,g69FuEghiM5,5182.0,,2024.0,2d,p,387.0,Jhansi,Mq751wBMqGF,indicator_2,720,2
2023.0,Moth,cvjZcBpUtSR,TmeumlBaObG,4944.0,,2024.0,10b,p,382.0,Jhansi,Mq751wBMqGF,indicator_10,519,10
2023.0,Moth,cvjZcBpUtSR,t03VPkJ5UXd,4394.0,,2024.0,7b,p,382.0,Jhansi,Mq751wBMqGF,indicator_7,519,7
2023.0,Moth,cvjZcBpUtSR,g69FuEghiM5,4438.0,,2024.0,2d,p,382.0,Jhansi,Mq751wBMqGF,indicator_2,519,2
2023.0,Gursaria,h9b0ymhftGb,TmeumlBaObG,4602.0,,2024.0,10b,p,385.0,Jhansi,Mq751wBMqGF,indicator_10,326,10
2023.0,Gursaria,h9b0ymhftGb,t03VPkJ5UXd,4091.0,,2024.0,7b,p,385.0,Jhansi,Mq751wBMqGF,indicator_7,326,7
2023.0,Gursaria,h9b0ymhftGb,g69FuEghiM5,4132.0,,2024.0,2d,p,385.0,Jhansi,Mq751wBMqGF,indicator_2,326,2
2023.0,Babina,jtzi71zh7X8,TmeumlBaObG,4879.0,,2024.0,10b,p,389.0,Jhansi,Mq751wBMqGF,indicator_10,522,10
2023.0,Babina,jtzi71zh7X8,t03VPkJ5UXd,4337.0,,2024.0,7b,p,389.0,Jhansi,Mq751wBMqGF,indicator_7,522,7
2023.0,Babina,jtzi71zh7X8,g69FuEghiM5,4381.0,,2024.0,2d,p,389.0,Jhansi,Mq751wBMqGF,indicator_2,522,2
2023.0,Bada Gaon,l7op2G8Asvm,TmeumlBaObG,3720.0,,2024.0,10b,p,388.0,Jhansi,Mq751wBMqGF,indicator_10,225,10
2023.0,Bada Gaon,l7op2G8Asvm,t03VPkJ5UXd,3306.0,,2024.0,7b,p,388.0,Jhansi,Mq751wBMqGF,indicator_7,225,7
2023.0,Bada Gaon,l7op2G8Asvm,g69FuEghiM5,3339.0,,2024.0,2d,p,388.0,Jhansi,Mq751wBMqGF,indicator_2,225,2
2023.0,Jhansi DHQ,o2TR0og834Q,TmeumlBaObG,13907.0,,2024.0,10b,p,,Jhansi,Mq751wBMqGF,indicator_10,91,10
2023.0,Jhansi DHQ,o2TR0og834Q,t03VPkJ5UXd,12362.0,,2024.0,7b,p,,Jhansi,Mq751wBMqGF,indicator_7,91,7
2023.0,Jhansi DHQ,o2TR0og834Q,g69FuEghiM5,12486.0,,2024.0,2d,p,,Jhansi,Mq751wBMqGF,indicator_2,91,2
2023.0,Bamaur,yfN8RlEk6Eo,TmeumlBaObG,4050.0,,2024.0,10b,p,384.0,Jhansi,Mq751wBMqGF,indicator_10,41,10
2023.0,Bamaur,yfN8RlEk6Eo,t03VPkJ5UXd,3600.0,,2024.0,7b,p,384.0,Jhansi,Mq751wBMqGF,indicator_7,41,7
2023.0,Bamaur,yfN8RlEk6Eo,g69FuEghiM5,3636.0,,2024.0,2d,p,384.0,Jhansi,Mq751wBMqGF,indicator_2,41,2
2023.0,Agra Shashambad,CSr734nIeVU,TmeumlBaObG,7460.0,,2024.0,10b,p,147.0,Agra,N5WWbRtsjWp,indicator_10,249,10
2023.0,Agra Shashambad,CSr734nIeVU,t03VPkJ5UXd,6631.0,,2024.0,7b,p,147.0,Agra,N5WWbRtsjWp,indicator_7,249,7
2023.0,Agra Shashambad,CSr734nIeVU,g69FuEghiM5,6697.0,,2024.0,2d,p,147.0,Agra,N5WWbRtsjWp,indicator_2,249,2
2023.0,Agra DHQ,CUTzCqh1nRn,TmeumlBaObG,51679.0,,2024.0,10b,p,,Agra,N5WWbRtsjWp,indicator_10,555,10
2023.0,Agra DHQ,CUTzCqh1nRn,t03VPkJ5UXd,45937.0,,2024.0,7b,p,,Agra,N5WWbRtsjWp,indicator_7,555,7
2023.0,Agra DHQ,CUTzCqh1nRn,g69FuEghiM5,46396.0,,2024.0,2d,p,,Agra,N5WWbRtsjWp,indicator_2,555,2
2023.0,Agra Jagner,JGBdoOZp18V,TmeumlBaObG,3897.0,,2024.0,10b,p,144.0,Agra,N5WWbRtsjWp,indicator_10,344,10
2023.0,Agra Jagner,JGBdoOZp18V,t03VPkJ5UXd,3464.0,,2024.0,7b,p,144.0,Agra,N5WWbRtsjWp,indicator_7,344,7
2023.0,Agra Jagner,JGBdoOZp18V,g69FuEghiM5,3498.0,,2024.0,2d,p,144.0,Agra,N5WWbRtsjWp,indicator_2,344,2
2023.0,Agra Khaundali,NWLheaE7Ac4,TmeumlBaObG,5806.0,,2024.0,10b,p,137.0,Agra,N5WWbRtsjWp,indicator_10,601,10
2023.0,Agra Khaundali,NWLheaE7Ac4,t03VPkJ5UXd,5160.0,,2024.0,7b,p,137.0,Agra,N5WWbRtsjWp,indicator_7,601,7
2023.0,Agra Khaundali,NWLheaE7Ac4,g69FuEghiM5,5212.0,,2024.0,2d,p,137.0,Agra,N5WWbRtsjWp,indicator_2,601,2
2023.0,Agra Jaitpur Kala,PlRYdgqkTLD,TmeumlBaObG,3835.0,,2024.0,10b,p,151.0,Agra,N5WWbRtsjWp,indicator_10,191,10
2023.0,Agra Jaitpur Kala,PlRYdgqkTLD,t03VPkJ5UXd,3409.0,,2024.0,7b,p,151.0,Agra,N5WWbRtsjWp,indicator_7,191,7
2023.0,Agra Jaitpur Kala,PlRYdgqkTLD,g69FuEghiM5,3443.0,,2024.0,2d,p,151.0,Agra,N5WWbRtsjWp,indicator_2,191,2
2023.0,Agra Barauli Ahir,PskcWzXXxHt,TmeumlBaObG,11642.0,,2024.0,10b,p,141.0,Agra,N5WWbRtsjWp,indicator_10,644,10
2023.0,Agra Barauli Ahir,PskcWzXXxHt,t03VPkJ5UXd,10348.0,,2024.0,7b,p,141.0,Agra,N5WWbRtsjWp,indicator_7,644,7
2023.0,Agra Barauli Ahir,PskcWzXXxHt,g69FuEghiM5,10452.0,,2024.0,2d,p,141.0,Agra,N5WWbRtsjWp,indicator_2,644,2
2023.0,Agra Bichpuri,RjTiJ3wL4Ir,TmeumlBaObG,3391.0,,2024.0,10b,p,139.0,Agra,N5WWbRtsjWp,indicator_10,836,10
2023.0,Agra Bichpuri,RjTiJ3wL4Ir,t03VPkJ5UXd,3014.0,,2024.0,7b,p,139.0,Agra,N5WWbRtsjWp,indicator_7,836,7
2023.0,Agra Bichpuri,RjTiJ3wL4Ir,g69FuEghiM5,3044.0,,2024.0,2d,p,139.0,Agra,N5WWbRtsjWp,indicator_2,836,2
2023.0,Agra Bah,TNFp3ouQZzy,TmeumlBaObG,5146.0,,2024.0,10b,p,150.0,Agra,N5WWbRtsjWp,indicator_10,499,10
2023.0,Agra Bah,TNFp3ouQZzy,t03VPkJ5UXd,4574.0,,2024.0,7b,p,150.0,Agra,N5WWbRtsjWp,indicator_7,499,7
2023.0,Agra Bah,TNFp3ouQZzy,g69FuEghiM5,4620.0,,2024.0,2d,p,150.0,Agra,N5WWbRtsjWp,indicator_2,499,2
2023.0,Agra Achnera,eV15qufBx79,TmeumlBaObG,7604.0,,2024.0,10b,p,143.0,Agra,N5WWbRtsjWp,indicator_10,755,10
2023.0,Agra Achnera,eV15qufBx79,t03VPkJ5UXd,6759.0,,2024.0,7b,p,143.0,Agra,N5WWbRtsjWp,indicator_7,755,7
2023.0,Agra Achnera,eV15qufBx79,g69FuEghiM5,6827.0,,2024.0,2d,p,143.0,Agra,N5WWbRtsjWp,indicator_2,755,2
2023.0,Agra Kahiragarh,hO5EeDRnO8S,TmeumlBaObG,5641.0,,2024.0,10b,p,145.0,Agra,N5WWbRtsjWp,indicator_10,231,10
2023.0,Agra Kahiragarh,hO5EeDRnO8S,t03VPkJ5UXd,5014.0,,2024.0,7b,p,145.0,Agra,N5WWbRtsjWp,indicator_7,231,7
2023.0,Agra Kahiragarh,hO5EeDRnO8S,g69FuEghiM5,5064.0,,2024.0,2d,p,145.0,Agra,N5WWbRtsjWp,indicator_2,231,2
2023.0,Agra Akola,iqYgALY5y5A,TmeumlBaObG,4198.0,,2024.0,10b,p,140.0,Agra,N5WWbRtsjWp,indicator_10,47,10
2023.0,Agra Akola,iqYgALY5y5A,t03VPkJ5UXd,3731.0,,2024.0,7b,p,140.0,Agra,N5WWbRtsjWp,indicator_7,47,7
2023.0,Agra Akola,iqYgALY5y5A,g69FuEghiM5,3769.0,,2024.0,2d,p,140.0,Agra,N5WWbRtsjWp,indicator_2,47,2
2023.0,Agra Sainya,mqJOhnNW2ce,TmeumlBaObG,5140.0,,2024.0,10b,p,146.0,Agra,N5WWbRtsjWp,indicator_10,394,10
2023.0,Agra Sainya,mqJOhnNW2ce,t03VPkJ5UXd,4569.0,,2024.0,7b,p,146.0,Agra,N5WWbRtsjWp,indicator_7,394,7
2023.0,Agra Sainya,mqJOhnNW2ce,g69FuEghiM5,4614.0,,2024.0,2d,p,146.0,Agra,N5WWbRtsjWp,indicator_2,394,2
2023.0,Agra Pinhat,sGuuKBoA9Rh,TmeumlBaObG,4555.0,,2024.0,10b,p,149.0,Agra,N5WWbRtsjWp,indicator_10,854,10
2023.0,Agra Pinhat,sGuuKBoA9Rh,t03VPkJ5UXd,4049.0,,2024.0,7b,p,149.0,Agra,N5WWbRtsjWp,indicator_7,854,7
2023.0,Agra Pinhat,sGuuKBoA9Rh,g69FuEghiM5,4090.0,,2024.0,2d,p,149.0,Agra,N5WWbRtsjWp,indicator_2,854,2
2023.0,Agra Fatehpur Sikhri,tZd8rrGLhlU,TmeumlBaObG,6174.0,,2024.0,10b,p,142.0,Agra,N5WWbRtsjWp,indicator_10,751,10
2023.0,Agra Fatehpur Sikhri,tZd8rrGLhlU,t03VPkJ5UXd,5488.0,,2024.0,7b,p,142.0,Agra,N5WWbRtsjWp,indicator_7,751,7
2023.0,Agra Fatehpur Sikhri,tZd8rrGLhlU,g69FuEghiM5,5543.0,,2024.0,2d,p,142.0,Agra,N5WWbRtsjWp,indicator_2,751,2
2023.0,Agra Fathehabad,vKblzOJTuGM,TmeumlBaObG,7022.0,,2024.0,10b,p,148.0,Agra,N5WWbRtsjWp,indicator_10,895,10
2023.0,Agra Fathehabad,vKblzOJTuGM,t03VPkJ5UXd,6242.0,,2024.0,7b,p,148.0,Agra,N5WWbRtsjWp,indicator_7,895,7
2023.0,Agra Fathehabad,vKblzOJTuGM,g69FuEghiM5,6304.0,,2024.0,2d,p,148.0,Agra,N5WWbRtsjWp,indicator_2,895,2
2023.0,Agra Etmadpur,xiUPA06ix22,TmeumlBaObG,5747.0,,2024.0,10b,p,138.0,Agra,N5WWbRtsjWp,indicator_10,663,10
2023.0,Agra Etmadpur,xiUPA06ix22,t03VPkJ5UXd,5109.0,,2024.0,7b,p,138.0,Agra,N5WWbRtsjWp,indicator_7,663,7
2023.0,Agra Etmadpur,xiUPA06ix22,g69FuEghiM5,5160.0,,2024.0,2d,p,138.0,Agra,N5WWbRtsjWp,indicator_2,663,2
2023.0,Nawada,CUfl7clOb3K,TmeumlBaObG,6822.0,,2024.0,10b,p,457.0,Kaushambi,PAj0oVY0Dxu,indicator_10,825,10
2023.0,Nawada,CUfl7clOb3K,t03VPkJ5UXd,6064.0,,2024.0,7b,p,457.0,Kaushambi,PAj0oVY0Dxu,indicator_7,825,7
2023.0,Nawada,CUfl7clOb3K,g69FuEghiM5,6125.0,,2024.0,2d,p,457.0,Kaushambi,PAj0oVY0Dxu,indicator_2,825,2
2023.0,Sarswan,EXoRpuAixOF,TmeumlBaObG,7335.0,,2024.0,10b,p,452.0,Kaushambi,PAj0oVY0Dxu,indicator_10,483,10
2023.0,Sarswan,EXoRpuAixOF,t03VPkJ5UXd,6520.0,,2024.0,7b,p,452.0,Kaushambi,PAj0oVY0Dxu,indicator_7,483,7
2023.0,Sarswan,EXoRpuAixOF,g69FuEghiM5,6585.0,,2024.0,2d,p,452.0,Kaushambi,PAj0oVY0Dxu,indicator_2,483,2
2023.0,Sirthu,HtBQrKnRi8A,TmeumlBaObG,11959.0,,2024.0,10b,p,451.0,Kaushambi,PAj0oVY0Dxu,indicator_10,334,10
2023.0,Sirthu,HtBQrKnRi8A,t03VPkJ5UXd,10630.0,,2024.0,7b,p,451.0,Kaushambi,PAj0oVY0Dxu,indicator_7,334,7
2023.0,Sirthu,HtBQrKnRi8A,g69FuEghiM5,10736.0,,2024.0,2d,p,451.0,Kaushambi,PAj0oVY0Dxu,indicator_2,334,2
2023.0,Kaneli,JyfWW9uiTL5,TmeumlBaObG,6746.0,,2024.0,10b,p,454.0,Kaushambi,PAj0oVY0Dxu,indicator_10,770,10
2023.0,Kaneli,JyfWW9uiTL5,t03VPkJ5UXd,5996.0,,2024.0,7b,p,454.0,Kaushambi,PAj0oVY0Dxu,indicator_7,770,7
2023.0,Kaneli,JyfWW9uiTL5,g69FuEghiM5,6056.0,,2024.0,2d,p,454.0,Kaushambi,PAj0oVY0Dxu,indicator_2,770,2
2023.0,Chayal,QGh6NT0LgVl,TmeumlBaObG,4534.0,,2024.0,10b,p,456.0,Kaushambi,PAj0oVY0Dxu,indicator_10,106,10
2023.0,Chayal,QGh6NT0LgVl,t03VPkJ5UXd,4031.0,,2024.0,7b,p,456.0,Kaushambi,PAj0oVY0Dxu,indicator_7,106,7
2023.0,Chayal,QGh6NT0LgVl,g69FuEghiM5,4071.0,,2024.0,2d,p,456.0,Kaushambi,PAj0oVY0Dxu,indicator_2,106,2
2023.0,Kara,UBoDZuuvpRs,TmeumlBaObG,8238.0,,2024.0,10b,p,450.0,Kaushambi,PAj0oVY0Dxu,indicator_10,458,10
2023.0,Kara,UBoDZuuvpRs,t03VPkJ5UXd,7323.0,,2024.0,7b,p,450.0,Kaushambi,PAj0oVY0Dxu,indicator_7,458,7
2023.0,Kara,UBoDZuuvpRs,g69FuEghiM5,7396.0,,2024.0,2d,p,450.0,Kaushambi,PAj0oVY0Dxu,indicator_2,458,2
2023.0,Muratganj,gO0bpL7Tygs,TmeumlBaObG,7586.0,,2024.0,10b,p,455.0,Kaushambi,PAj0oVY0Dxu,indicator_10,126,10
2023.0,Muratganj,gO0bpL7Tygs,t03VPkJ5UXd,6743.0,,2024.0,7b,p,455.0,Kaushambi,PAj0oVY0Dxu,indicator_7,126,7
2023.0,Muratganj,gO0bpL7Tygs,g69FuEghiM5,6811.0,,2024.0,2d,p,455.0,Kaushambi,PAj0oVY0Dxu,indicator_2,126,2
2023.0,Manjhanpur,ppVmu0WT8Jb,TmeumlBaObG,7512.0,,2024.0,10b,p,453.0,Kaushambi,PAj0oVY0Dxu,indicator_10,303,10
2023.0,Manjhanpur,ppVmu0WT8Jb,t03VPkJ5UXd,6677.0,,2024.0,7b,p,453.0,Kaushambi,PAj0oVY0Dxu,indicator_7,303,7
2023.0,Manjhanpur,ppVmu0WT8Jb,g69FuEghiM5,6744.0,,2024.0,2d,p,453.0,Kaushambi,PAj0oVY0Dxu,indicator_2,303,2
2023.0,Kaushambi DHQ,qaNCPibFPR2,TmeumlBaObG,2028.0,,2024.0,10b,p,,Kaushambi,PAj0oVY0Dxu,indicator_10,878,10
2023.0,Kaushambi DHQ,qaNCPibFPR2,t03VPkJ5UXd,1802.0,,2024.0,7b,p,,Kaushambi,PAj0oVY0Dxu,indicator_7,878,7
2023.0,Kaushambi DHQ,qaNCPibFPR2,g69FuEghiM5,1821.0,,2024.0,2d,p,,Kaushambi,PAj0oVY0Dxu,indicator_2,878,2
2023.0,Ghorahawal,Cea63kQpiOw,TmeumlBaObG,10999.0,,2024.0,10b,p,799.0,Sonbhadra,NNk3JP90QZ5,indicator_10,137,10
2023.0,Ghorahawal,Cea63kQpiOw,t03VPkJ5UXd,9777.0,,2024.0,7b,p,799.0,Sonbhadra,NNk3JP90QZ5,indicator_7,137,7
2023.0,Ghorahawal,Cea63kQpiOw,g69FuEghiM5,9875.0,,2024.0,2d,p,799.0,Sonbhadra,NNk3JP90QZ5,indicator_2,137,2
2023.0,Myoerpur,Gbo5ncDmsIv,TmeumlBaObG,8552.0,,2024.0,10b,p,804.0,Sonbhadra,NNk3JP90QZ5,indicator_10,573,10
2023.0,Myoerpur,Gbo5ncDmsIv,t03VPkJ5UXd,7601.0,,2024.0,7b,p,804.0,Sonbhadra,NNk3JP90QZ5,indicator_7,573,7
2023.0,Myoerpur,Gbo5ncDmsIv,g69FuEghiM5,7677.0,,2024.0,2d,p,804.0,Sonbhadra,NNk3JP90QZ5,indicator_2,573,2
2023.0,Ravertganj,Hz4rBdA4kWR,TmeumlBaObG,13372.0,,2024.0,10b,p,801.0,Sonbhadra,NNk3JP90QZ5,indicator_10,576,10
2023.0,Ravertganj,Hz4rBdA4kWR,t03VPkJ5UXd,11886.0,,2024.0,7b,p,801.0,Sonbhadra,NNk3JP90QZ5,indicator_7,576,7
2023.0,Ravertganj,Hz4rBdA4kWR,g69FuEghiM5,12005.0,,2024.0,2d,p,801.0,Sonbhadra,NNk3JP90QZ5,indicator_2,576,2
2023.0,Chatra,I0SrxhvmkHK,TmeumlBaObG,4136.0,,2024.0,10b,p,802.0,Sonbhadra,NNk3JP90QZ5,indicator_10,142,10
2023.0,Chatra,I0SrxhvmkHK,t03VPkJ5UXd,3676.0,,2024.0,7b,p,802.0,Sonbhadra,NNk3JP90QZ5,indicator_7,142,7
2023.0,Chatra,I0SrxhvmkHK,g69FuEghiM5,3713.0,,2024.0,2d,p,802.0,Sonbhadra,NNk3JP90QZ5,indicator_2,142,2
2023.0,Sonbhadra DHQ,NBKbLavdozm,TmeumlBaObG,6402.0,,2024.0,10b,p,,Sonbhadra,NNk3JP90QZ5,indicator_10,120,10
2023.0,Sonbhadra DHQ,NBKbLavdozm,t03VPkJ5UXd,5691.0,,2024.0,7b,p,,Sonbhadra,NNk3JP90QZ5,indicator_7,120,7
2023.0,Sonbhadra DHQ,NBKbLavdozm,g69FuEghiM5,5748.0,,2024.0,2d,p,,Sonbhadra,NNk3JP90QZ5,indicator_2,120,2
2023.0,Nagawa,YPsEnS75cQ8,TmeumlBaObG,3574.0,,2024.0,10b,p,803.0,Sonbhadra,NNk3JP90QZ5,indicator_10,393,10
2023.0,Nagawa,YPsEnS75cQ8,t03VPkJ5UXd,3177.0,,2024.0,7b,p,803.0,Sonbhadra,NNk3JP90QZ5,indicator_7,393,7
2023.0,Nagawa,YPsEnS75cQ8,g69FuEghiM5,3209.0,,2024.0,2d,p,803.0,Sonbhadra,NNk3JP90QZ5,indicator_2,393,2
2023.0,Bhabni,dOCMMkuHb5N,TmeumlBaObG,3940.0,,2024.0,10b,p,806.0,Sonbhadra,NNk3JP90QZ5,indicator_10,342,10
2023.0,Bhabni,dOCMMkuHb5N,t03VPkJ5UXd,3502.0,,2024.0,7b,p,806.0,Sonbhadra,NNk3JP90QZ5,indicator_7,342,7
2023.0,Bhabni,dOCMMkuHb5N,g69FuEghiM5,3537.0,,2024.0,2d,p,806.0,Sonbhadra,NNk3JP90QZ5,indicator_2,342,2
2023.0,Chopen,rqYozNDUgyg,TmeumlBaObG,13099.0,,2024.0,10b,p,800.0,Sonbhadra,NNk3JP90QZ5,indicator_10,194,10
2023.0,Chopen,rqYozNDUgyg,t03VPkJ5UXd,11644.0,,2024.0,7b,p,800.0,Sonbhadra,NNk3JP90QZ5,indicator_7,194,7
2023.0,Chopen,rqYozNDUgyg,g69FuEghiM5,11760.0,,2024.0,2d,p,800.0,Sonbhadra,NNk3JP90QZ5,indicator_2,194,2
2023.0,Dudhi,vqGMYi6W3ep,TmeumlBaObG,6501.0,,2024.0,10b,p,805.0,Sonbhadra,NNk3JP90QZ5,indicator_10,650,10
2023.0,Dudhi,vqGMYi6W3ep,t03VPkJ5UXd,5778.0,,2024.0,7b,p,805.0,Sonbhadra,NNk3JP90QZ5,indicator_7,650,7
2023.0,Dudhi,vqGMYi6W3ep,g69FuEghiM5,5836.0,,2024.0,2d,p,805.0,Sonbhadra,NNk3JP90QZ5,indicator_2,650,2
2023.0,Fatehpur Deomai,Cge552Satby,TmeumlBaObG,4931.0,,2024.0,10b,p,420.0,Fatehpur,ibLiLcaKzw2,indicator_10,423,10
2023.0,Fatehpur Deomai,Cge552Satby,t03VPkJ5UXd,4383.0,,2024.0,7b,p,420.0,Fatehpur,ibLiLcaKzw2,indicator_7,423,7
2023.0,Fatehpur Deomai,Cge552Satby,g69FuEghiM5,4427.0,,2024.0,2d,p,420.0,Fatehpur,ibLiLcaKzw2,indicator_2,423,2
2023.0,Fatehpur DHQ,HHTQ2caXrBL,TmeumlBaObG,5945.0,,2024.0,10b,p,,Fatehpur,ibLiLcaKzw2,indicator_10,625,10
2023.0,Fatehpur DHQ,HHTQ2caXrBL,t03VPkJ5UXd,5284.0,,2024.0,7b,p,,Fatehpur,ibLiLcaKzw2,indicator_7,625,7
2023.0,Fatehpur DHQ,HHTQ2caXrBL,g69FuEghiM5,5337.0,,2024.0,2d,p,,Fatehpur,ibLiLcaKzw2,indicator_2,625,2
2023.0,Fatehpur Haswa,LWEb9Onpgzi,TmeumlBaObG,6101.0,,2024.0,10b,p,426.0,Fatehpur,ibLiLcaKzw2,indicator_10,875,10
2023.0,Fatehpur Haswa,LWEb9Onpgzi,t03VPkJ5UXd,5423.0,,2024.0,7b,p,426.0,Fatehpur,ibLiLcaKzw2,indicator_7,875,7
2023.0,Fatehpur Haswa,LWEb9Onpgzi,g69FuEghiM5,5477.0,,2024.0,2d,p,426.0,Fatehpur,ibLiLcaKzw2,indicator_2,875,2
2023.0,Fatehpur Khjuha,O3U9QEmpjTV,TmeumlBaObG,6704.0,,2024.0,10b,p,423.0,Fatehpur,ibLiLcaKzw2,indicator_10,292,10
2023.0,Fatehpur Khjuha,O3U9QEmpjTV,t03VPkJ5UXd,5959.0,,2024.0,7b,p,423.0,Fatehpur,ibLiLcaKzw2,indicator_7,292,7
2023.0,Fatehpur Khjuha,O3U9QEmpjTV,g69FuEghiM5,6018.0,,2024.0,2d,p,423.0,Fatehpur,ibLiLcaKzw2,indicator_2,292,2
2023.0,Fatehpur Hathgam,OA8wf7skznm,TmeumlBaObG,6181.0,,2024.0,10b,p,429.0,Fatehpur,ibLiLcaKzw2,indicator_10,521,10
2023.0,Fatehpur Hathgam,OA8wf7skznm,t03VPkJ5UXd,5495.0,,2024.0,7b,p,429.0,Fatehpur,ibLiLcaKzw2,indicator_7,521,7
2023.0,Fatehpur Hathgam,OA8wf7skznm,g69FuEghiM5,5549.0,,2024.0,2d,p,429.0,Fatehpur,ibLiLcaKzw2,indicator_2,521,2
2023.0,Fatehpur Gpalganj,QiCjYBLbYGE,TmeumlBaObG,6559.0,,2024.0,10b,p,421.0,Fatehpur,ibLiLcaKzw2,indicator_10,480,10
2023.0,Fatehpur Gpalganj,QiCjYBLbYGE,t03VPkJ5UXd,5830.0,,2024.0,7b,p,421.0,Fatehpur,ibLiLcaKzw2,indicator_7,480,7
2023.0,Fatehpur Gpalganj,QiCjYBLbYGE,g69FuEghiM5,5888.0,,2024.0,2d,p,421.0,Fatehpur,ibLiLcaKzw2,indicator_2,480,2
2023.0,Fatehpur  Vijaipur,X3gyut5H2FR,TmeumlBaObG,5983.0,,2024.0,10b,p,431.0,Fatehpur,ibLiLcaKzw2,indicator_10,628,10
2023.0,Fatehpur  Vijaipur,X3gyut5H2FR,t03VPkJ5UXd,5318.0,,2024.0,7b,p,431.0,Fatehpur,ibLiLcaKzw2,indicator_7,628,7
2023.0,Fatehpur  Vijaipur,X3gyut5H2FR,g69FuEghiM5,5371.0,,2024.0,2d,p,431.0,Fatehpur,ibLiLcaKzw2,indicator_2,628,2
2023.0,Fatehpur  Bahua,gAuwshptXMU,TmeumlBaObG,5565.0,,2024.0,10b,p,427.0,Fatehpur,ibLiLcaKzw2,indicator_10,143,10
2023.0,Fatehpur  Bahua,gAuwshptXMU,t03VPkJ5UXd,4946.0,,2024.0,7b,p,427.0,Fatehpur,ibLiLcaKzw2,indicator_7,143,7
2023.0,Fatehpur  Bahua,gAuwshptXMU,g69FuEghiM5,4996.0,,2024.0,2d,p,427.0,Fatehpur,ibLiLcaKzw2,indicator_2,143,2
2023.0,Fatehpur Amuali,janjc2a7UuX,TmeumlBaObG,4873.0,,2024.0,10b,p,422.0,Fatehpur,ibLiLcaKzw2,indicator_10,40,10
2023.0,Fatehpur Amuali,janjc2a7UuX,t03VPkJ5UXd,4331.0,,2024.0,7b,p,422.0,Fatehpur,ibLiLcaKzw2,indicator_7,40,7
2023.0,Fatehpur Amuali,janjc2a7UuX,g69FuEghiM5,4374.0,,2024.0,2d,p,422.0,Fatehpur,ibLiLcaKzw2,indicator_2,40,2
2023.0,Fatehpur Asthar,niYGeZzm6Zu,TmeumlBaObG,5353.0,,2024.0,10b,p,428.0,Fatehpur,ibLiLcaKzw2,indicator_10,799,10
2023.0,Fatehpur Asthar,niYGeZzm6Zu,t03VPkJ5UXd,4758.0,,2024.0,7b,p,428.0,Fatehpur,ibLiLcaKzw2,indicator_7,799,7
2023.0,Fatehpur Asthar,niYGeZzm6Zu,g69FuEghiM5,4806.0,,2024.0,2d,p,428.0,Fatehpur,ibLiLcaKzw2,indicator_2,799,2
2023.0,Fatehpur Teliyani,sGcpaNGqN8u,TmeumlBaObG,4449.0,,2024.0,10b,p,424.0,Fatehpur,ibLiLcaKzw2,indicator_10,494,10
2023.0,Fatehpur Teliyani,sGcpaNGqN8u,t03VPkJ5UXd,3954.0,,2024.0,7b,p,424.0,Fatehpur,ibLiLcaKzw2,indicator_7,494,7
2023.0,Fatehpur Teliyani,sGcpaNGqN8u,g69FuEghiM5,3994.0,,2024.0,2d,p,424.0,Fatehpur,ibLiLcaKzw2,indicator_2,494,2
2023.0,Fatehpur Khaga,uEEKeL3UnB2,TmeumlBaObG,6584.0,,2024.0,10b,p,430.0,Fatehpur,ibLiLcaKzw2,indicator_10,218,10
2023.0,Fatehpur Khaga,uEEKeL3UnB2,t03VPkJ5UXd,5852.0,,2024.0,7b,p,430.0,Fatehpur,ibLiLcaKzw2,indicator_7,218,7
2023.0,Fatehpur Khaga,uEEKeL3UnB2,g69FuEghiM5,5911.0,,2024.0,2d,p,430.0,Fatehpur,ibLiLcaKzw2,indicator_2,218,2
2023.0,Fatehpur Dhata,w0PTR0Qc2H7,TmeumlBaObG,5457.0,,2024.0,10b,p,432.0,Fatehpur,ibLiLcaKzw2,indicator_10,439,10
2023.0,Fatehpur Dhata,w0PTR0Qc2H7,t03VPkJ5UXd,4850.0,,2024.0,7b,p,432.0,Fatehpur,ibLiLcaKzw2,indicator_7,439,7
2023.0,Fatehpur Dhata,w0PTR0Qc2H7,g69FuEghiM5,4899.0,,2024.0,2d,p,432.0,Fatehpur,ibLiLcaKzw2,indicator_2,439,2
2023.0,Fatehpur Bhittora,w25YwsZC9ZT,TmeumlBaObG,6326.0,,2024.0,10b,p,425.0,Fatehpur,ibLiLcaKzw2,indicator_10,1,10
2023.0,Fatehpur Bhittora,w25YwsZC9ZT,t03VPkJ5UXd,5623.0,,2024.0,7b,p,425.0,Fatehpur,ibLiLcaKzw2,indicator_7,1,7
2023.0,Fatehpur Bhittora,w25YwsZC9ZT,g69FuEghiM5,5679.0,,2024.0,2d,p,425.0,Fatehpur,ibLiLcaKzw2,indicator_2,1,2
2023.0,Azamgarh Lalganj,CqNwKYL7iqH,TmeumlBaObG,7802.0,,2024.0,10b,p,697.0,Azamgarh,NjckKfm3g0k,indicator_10,745,10
2023.0,Azamgarh Lalganj,CqNwKYL7iqH,t03VPkJ5UXd,6936.0,,2024.0,7b,p,697.0,Azamgarh,NjckKfm3g0k,indicator_7,745,7
2023.0,Azamgarh Lalganj,CqNwKYL7iqH,g69FuEghiM5,7005.0,,2024.0,2d,p,697.0,Azamgarh,NjckKfm3g0k,indicator_2,745,2
2023.0,Azamgarh Rani Ki Sarai,DYvPZYv80ET,TmeumlBaObG,6354.0,,2024.0,10b,p,687.0,Azamgarh,NjckKfm3g0k,indicator_10,255,10
2023.0,Azamgarh Rani Ki Sarai,DYvPZYv80ET,t03VPkJ5UXd,5648.0,,2024.0,7b,p,687.0,Azamgarh,NjckKfm3g0k,indicator_7,255,7
2023.0,Azamgarh Rani Ki Sarai,DYvPZYv80ET,g69FuEghiM5,5704.0,,2024.0,2d,p,687.0,Azamgarh,NjckKfm3g0k,indicator_2,255,2
2023.0,Azamgarh Mehnagar,KjTOOkkFXwn,TmeumlBaObG,8024.0,,2024.0,10b,p,699.0,Azamgarh,NjckKfm3g0k,indicator_10,210,10
2023.0,Azamgarh Mehnagar,KjTOOkkFXwn,t03VPkJ5UXd,7132.0,,2024.0,7b,p,699.0,Azamgarh,NjckKfm3g0k,indicator_7,210,7
2023.0,Azamgarh Mehnagar,KjTOOkkFXwn,g69FuEghiM5,7203.0,,2024.0,2d,p,699.0,Azamgarh,NjckKfm3g0k,indicator_2,210,2
2023.0,Azamgarh DHQ,MVd5w4juglR,TmeumlBaObG,4485.0,,2024.0,10b,p,,Azamgarh,NjckKfm3g0k,indicator_10,357,10
2023.0,Azamgarh DHQ,MVd5w4juglR,t03VPkJ5UXd,3986.0,,2024.0,7b,p,,Azamgarh,NjckKfm3g0k,indicator_7,357,7
2023.0,Azamgarh DHQ,MVd5w4juglR,g69FuEghiM5,4026.0,,2024.0,2d,p,,Azamgarh,NjckKfm3g0k,indicator_2,357,2
2023.0,Azamgarh Jahanaganj,O2VQy7yy72b,TmeumlBaObG,5385.0,,2024.0,10b,p,689.0,Azamgarh,NjckKfm3g0k,indicator_10,268,10
2023.0,Azamgarh Jahanaganj,O2VQy7yy72b,t03VPkJ5UXd,4786.0,,2024.0,7b,p,689.0,Azamgarh,NjckKfm3g0k,indicator_7,268,7
2023.0,Azamgarh Jahanaganj,O2VQy7yy72b,g69FuEghiM5,4834.0,,2024.0,2d,p,689.0,Azamgarh,NjckKfm3g0k,indicator_2,268,2
2023.0,Azamgarh Thekma,QeJhMnDGzrC,TmeumlBaObG,6436.0,,2024.0,10b,p,696.0,Azamgarh,NjckKfm3g0k,indicator_10,366,10
2023.0,Azamgarh Thekma,QeJhMnDGzrC,t03VPkJ5UXd,5721.0,,2024.0,7b,p,696.0,Azamgarh,NjckKfm3g0k,indicator_7,366,7
2023.0,Azamgarh Thekma,QeJhMnDGzrC,g69FuEghiM5,5779.0,,2024.0,2d,p,696.0,Azamgarh,NjckKfm3g0k,indicator_2,366,2
2023.0,Azamgarh Azmatgarh,QlDZDhfK4iZ,TmeumlBaObG,7783.0,,2024.0,10b,p,685.0,Azamgarh,NjckKfm3g0k,indicator_10,79,10
2023.0,Azamgarh Azmatgarh,QlDZDhfK4iZ,t03VPkJ5UXd,6918.0,,2024.0,7b,p,685.0,Azamgarh,NjckKfm3g0k,indicator_7,79,7
2023.0,Azamgarh Azmatgarh,QlDZDhfK4iZ,g69FuEghiM5,6987.0,,2024.0,2d,p,685.0,Azamgarh,NjckKfm3g0k,indicator_2,79,2
2023.0,Azamgarh Koilsa,S32hqFqb1zY,TmeumlBaObG,5896.0,,2024.0,10b,p,680.0,Azamgarh,NjckKfm3g0k,indicator_10,239,10
2023.0,Azamgarh Koilsa,S32hqFqb1zY,t03VPkJ5UXd,5241.0,,2024.0,7b,p,680.0,Azamgarh,NjckKfm3g0k,indicator_7,239,7
2023.0,Azamgarh Koilsa,S32hqFqb1zY,g69FuEghiM5,5294.0,,2024.0,2d,p,680.0,Azamgarh,NjckKfm3g0k,indicator_2,239,2
2023.0,Azamgarh Tarwa,UqPfQ9syNvH,TmeumlBaObG,7422.0,,2024.0,10b,p,698.0,Azamgarh,NjckKfm3g0k,indicator_10,409,10
2023.0,Azamgarh Tarwa,UqPfQ9syNvH,t03VPkJ5UXd,6597.0,,2024.0,7b,p,698.0,Azamgarh,NjckKfm3g0k,indicator_7,409,7
2023.0,Azamgarh Tarwa,UqPfQ9syNvH,g69FuEghiM5,6663.0,,2024.0,2d,p,698.0,Azamgarh,NjckKfm3g0k,indicator_2,409,2
2023.0,Azamgarh Maharajganj,Wyo5sWkkK3V,TmeumlBaObG,6268.0,,2024.0,10b,p,682.0,Azamgarh,NjckKfm3g0k,indicator_10,574,10
2023.0,Azamgarh Maharajganj,Wyo5sWkkK3V,t03VPkJ5UXd,5572.0,,2024.0,7b,p,682.0,Azamgarh,NjckKfm3g0k,indicator_7,574,7
2023.0,Azamgarh Maharajganj,Wyo5sWkkK3V,g69FuEghiM5,5628.0,,2024.0,2d,p,682.0,Azamgarh,NjckKfm3g0k,indicator_2,574,2
2023.0,Azamgarh Momadpur,Yj3IUe7pBJn,TmeumlBaObG,6253.0,,2024.0,10b,p,692.0,Azamgarh,NjckKfm3g0k,indicator_10,798,10
2023.0,Azamgarh Momadpur,Yj3IUe7pBJn,t03VPkJ5UXd,5559.0,,2024.0,7b,p,692.0,Azamgarh,NjckKfm3g0k,indicator_7,798,7
2023.0,Azamgarh Momadpur,Yj3IUe7pBJn,g69FuEghiM5,5614.0,,2024.0,2d,p,692.0,Azamgarh,NjckKfm3g0k,indicator_2,798,2
2023.0,Azamgarh Biliria Ganj,YpJFFqOo3Eh,TmeumlBaObG,8581.0,,2024.0,10b,p,684.0,Azamgarh,NjckKfm3g0k,indicator_10,214,10
2023.0,Azamgarh Biliria Ganj,YpJFFqOo3Eh,t03VPkJ5UXd,7627.0,,2024.0,7b,p,684.0,Azamgarh,NjckKfm3g0k,indicator_7,214,7
2023.0,Azamgarh Biliria Ganj,YpJFFqOo3Eh,g69FuEghiM5,7704.0,,2024.0,2d,p,684.0,Azamgarh,NjckKfm3g0k,indicator_2,214,2
2023.0,Azamgarh Mirzapur,bYn0jt3AvMQ,TmeumlBaObG,7353.0,,2024.0,10b,p,691.0,Azamgarh,NjckKfm3g0k,indicator_10,55,10
2023.0,Azamgarh Mirzapur,bYn0jt3AvMQ,t03VPkJ5UXd,6536.0,,2024.0,7b,p,691.0,Azamgarh,NjckKfm3g0k,indicator_7,55,7
2023.0,Azamgarh Mirzapur,bYn0jt3AvMQ,g69FuEghiM5,6602.0,,2024.0,2d,p,691.0,Azamgarh,NjckKfm3g0k,indicator_2,55,2
2023.0,Azamgarh Ahiraulla,bqyQpybBJt7,TmeumlBaObG,6825.0,,2024.0,10b,p,681.0,Azamgarh,NjckKfm3g0k,indicator_10,272,10
2023.0,Azamgarh Ahiraulla,bqyQpybBJt7,t03VPkJ5UXd,6067.0,,2024.0,7b,p,681.0,Azamgarh,NjckKfm3g0k,indicator_7,272,7
2023.0,Azamgarh Ahiraulla,bqyQpybBJt7,g69FuEghiM5,6127.0,,2024.0,2d,p,681.0,Azamgarh,NjckKfm3g0k,indicator_2,272,2
2023.0,Azamgarh Tahebpur,cbIIWsiZRDy,TmeumlBaObG,5702.0,,2024.0,10b,p,690.0,Azamgarh,NjckKfm3g0k,indicator_10,717,10
2023.0,Azamgarh Tahebpur,cbIIWsiZRDy,t03VPkJ5UXd,5068.0,,2024.0,7b,p,690.0,Azamgarh,NjckKfm3g0k,indicator_7,717,7
2023.0,Azamgarh Tahebpur,cbIIWsiZRDy,g69FuEghiM5,5119.0,,2024.0,2d,p,690.0,Azamgarh,NjckKfm3g0k,indicator_2,717,2
2023.0,Azamgarh Palhani,dIVl43wpljo,TmeumlBaObG,10620.0,,2024.0,10b,p,686.0,Azamgarh,NjckKfm3g0k,indicator_10,153,10
2023.0,Azamgarh Palhani,dIVl43wpljo,t03VPkJ5UXd,9440.0,,2024.0,7b,p,686.0,Azamgarh,NjckKfm3g0k,indicator_7,153,7
2023.0,Azamgarh Palhani,dIVl43wpljo,g69FuEghiM5,9535.0,,2024.0,2d,p,686.0,Azamgarh,NjckKfm3g0k,indicator_2,153,2
2023.0,Azamgarh Sathiyaon,hjSHCmJGFAP,TmeumlBaObG,6617.0,,2024.0,10b,p,688.0,Azamgarh,NjckKfm3g0k,indicator_10,619,10
2023.0,Azamgarh Sathiyaon,hjSHCmJGFAP,t03VPkJ5UXd,5881.0,,2024.0,7b,p,688.0,Azamgarh,NjckKfm3g0k,indicator_7,619,7
2023.0,Azamgarh Sathiyaon,hjSHCmJGFAP,g69FuEghiM5,5940.0,,2024.0,2d,p,688.0,Azamgarh,NjckKfm3g0k,indicator_2,619,2
2023.0,Azamgarh Pawai,lcnwkO2gp49,TmeumlBaObG,6840.0,,2024.0,10b,p,693.0,Azamgarh,NjckKfm3g0k,indicator_10,383,10
2023.0,Azamgarh Pawai,lcnwkO2gp49,t03VPkJ5UXd,6080.0,,2024.0,7b,p,693.0,Azamgarh,NjckKfm3g0k,indicator_7,383,7
2023.0,Azamgarh Pawai,lcnwkO2gp49,g69FuEghiM5,6141.0,,2024.0,2d,p,693.0,Azamgarh,NjckKfm3g0k,indicator_2,383,2
2023.0,Azamgarh Martinganj,q7hwjHjsWmD,TmeumlBaObG,6275.0,,2024.0,10b,p,695.0,Azamgarh,NjckKfm3g0k,indicator_10,300,10
2023.0,Azamgarh Martinganj,q7hwjHjsWmD,t03VPkJ5UXd,5578.0,,2024.0,7b,p,695.0,Azamgarh,NjckKfm3g0k,indicator_7,300,7
2023.0,Azamgarh Martinganj,q7hwjHjsWmD,g69FuEghiM5,5634.0,,2024.0,2d,p,695.0,Azamgarh,NjckKfm3g0k,indicator_2,300,2
2023.0,Azamgarh Fhoolpur,qzyZ63I1bIh,TmeumlBaObG,6983.0,,2024.0,10b,p,694.0,Azamgarh,NjckKfm3g0k,indicator_10,446,10
2023.0,Azamgarh Fhoolpur,qzyZ63I1bIh,t03VPkJ5UXd,6207.0,,2024.0,7b,p,694.0,Azamgarh,NjckKfm3g0k,indicator_7,446,7
2023.0,Azamgarh Fhoolpur,qzyZ63I1bIh,g69FuEghiM5,6269.0,,2024.0,2d,p,694.0,Azamgarh,NjckKfm3g0k,indicator_2,446,2
2023.0,Azamgarh Harriya,sODyhiqy8iZ,TmeumlBaObG,6439.0,,2024.0,10b,p,683.0,Azamgarh,NjckKfm3g0k,indicator_10,599,10
2023.0,Azamgarh Harriya,sODyhiqy8iZ,t03VPkJ5UXd,5723.0,,2024.0,7b,p,683.0,Azamgarh,NjckKfm3g0k,indicator_7,599,7
2023.0,Azamgarh Harriya,sODyhiqy8iZ,g69FuEghiM5,5781.0,,2024.0,2d,p,683.0,Azamgarh,NjckKfm3g0k,indicator_2,599,2
2023.0,Azamgarh Atraullia,wCrGRYFB5Qo,TmeumlBaObG,4446.0,,2024.0,10b,p,679.0,Azamgarh,NjckKfm3g0k,indicator_10,674,10
2023.0,Azamgarh Atraullia,wCrGRYFB5Qo,t03VPkJ5UXd,3952.0,,2024.0,7b,p,679.0,Azamgarh,NjckKfm3g0k,indicator_7,674,7
2023.0,Azamgarh Atraullia,wCrGRYFB5Qo,g69FuEghiM5,3992.0,,2024.0,2d,p,679.0,Azamgarh,NjckKfm3g0k,indicator_2,674,2
2023.0,Varanasi Pindara,Cr1PwYBuSs1,TmeumlBaObG,7075.0,,2024.0,10b,p,774.0,Varanasi,LeuBT7KfuuA,indicator_10,167,10
2023.0,Varanasi Pindara,Cr1PwYBuSs1,t03VPkJ5UXd,6289.0,,2024.0,7b,p,774.0,Varanasi,LeuBT7KfuuA,indicator_7,167,7
2023.0,Varanasi Pindara,Cr1PwYBuSs1,g69FuEghiM5,6352.0,,2024.0,2d,p,774.0,Varanasi,LeuBT7KfuuA,indicator_2,167,2
2023.0,Varanasi Cholapur,HonPmXiTJw7,TmeumlBaObG,6132.0,,2024.0,10b,p,775.0,Varanasi,LeuBT7KfuuA,indicator_10,321,10
2023.0,Varanasi Cholapur,HonPmXiTJw7,t03VPkJ5UXd,5451.0,,2024.0,7b,p,775.0,Varanasi,LeuBT7KfuuA,indicator_7,321,7
2023.0,Varanasi Cholapur,HonPmXiTJw7,g69FuEghiM5,5505.0,,2024.0,2d,p,775.0,Varanasi,LeuBT7KfuuA,indicator_2,321,2
2023.0,Varanasi Araji Lines,IyYYBHo9msY,TmeumlBaObG,9471.0,,2024.0,10b,p,778.0,Varanasi,LeuBT7KfuuA,indicator_10,364,10
2023.0,Varanasi Araji Lines,IyYYBHo9msY,t03VPkJ5UXd,8419.0,,2024.0,7b,p,778.0,Varanasi,LeuBT7KfuuA,indicator_7,364,7
2023.0,Varanasi Araji Lines,IyYYBHo9msY,g69FuEghiM5,8503.0,,2024.0,2d,p,778.0,Varanasi,LeuBT7KfuuA,indicator_2,364,2
2023.0,Varanasi Badagoan,J2vP2MAp32p,TmeumlBaObG,5974.0,,2024.0,10b,p,773.0,Varanasi,LeuBT7KfuuA,indicator_10,699,10
2023.0,Varanasi Badagoan,J2vP2MAp32p,t03VPkJ5UXd,5310.0,,2024.0,7b,p,773.0,Varanasi,LeuBT7KfuuA,indicator_7,699,7
2023.0,Varanasi Badagoan,J2vP2MAp32p,g69FuEghiM5,5363.0,,2024.0,2d,p,773.0,Varanasi,LeuBT7KfuuA,indicator_2,699,2
2023.0,Varanasi Sewapuri,NJxCMa3k532,TmeumlBaObG,6015.0,,2024.0,10b,p,777.0,Varanasi,LeuBT7KfuuA,indicator_10,432,10
2023.0,Varanasi Sewapuri,NJxCMa3k532,t03VPkJ5UXd,5347.0,,2024.0,7b,p,777.0,Varanasi,LeuBT7KfuuA,indicator_7,432,7
2023.0,Varanasi Sewapuri,NJxCMa3k532,g69FuEghiM5,5401.0,,2024.0,2d,p,777.0,Varanasi,LeuBT7KfuuA,indicator_2,432,2
2023.0,Varanasi Harraua,YAHDIDrUMwP,TmeumlBaObG,6955.0,,2024.0,10b,p,776.0,Varanasi,LeuBT7KfuuA,indicator_10,740,10
2023.0,Varanasi Harraua,YAHDIDrUMwP,t03VPkJ5UXd,6182.0,,2024.0,7b,p,776.0,Varanasi,LeuBT7KfuuA,indicator_7,740,7
2023.0,Varanasi Harraua,YAHDIDrUMwP,g69FuEghiM5,6244.0,,2024.0,2d,p,776.0,Varanasi,LeuBT7KfuuA,indicator_2,740,2
2023.0,Varanasi DHQ,cFRa7gJ9JI1,TmeumlBaObG,37814.0,,2024.0,10b,p,,Varanasi,LeuBT7KfuuA,indicator_10,260,10
2023.0,Varanasi DHQ,cFRa7gJ9JI1,t03VPkJ5UXd,33612.0,,2024.0,7b,p,,Varanasi,LeuBT7KfuuA,indicator_7,260,7
2023.0,Varanasi DHQ,cFRa7gJ9JI1,g69FuEghiM5,33948.0,,2024.0,2d,p,,Varanasi,LeuBT7KfuuA,indicator_2,260,2
2023.0,Varanasi Chiraigoan,pzUMM4ITvbI,TmeumlBaObG,8281.0,,2024.0,10b,p,780.0,Varanasi,LeuBT7KfuuA,indicator_10,678,10
2023.0,Varanasi Chiraigoan,pzUMM4ITvbI,t03VPkJ5UXd,7360.0,,2024.0,7b,p,780.0,Varanasi,LeuBT7KfuuA,indicator_7,678,7
2023.0,Varanasi Chiraigoan,pzUMM4ITvbI,g69FuEghiM5,7434.0,,2024.0,2d,p,780.0,Varanasi,LeuBT7KfuuA,indicator_2,678,2
2023.0,Varanasi Kashi Vidhyapith,tJRXhxV3GJh,TmeumlBaObG,6646.0,,2024.0,10b,p,779.0,Varanasi,LeuBT7KfuuA,indicator_10,640,10
2023.0,Varanasi Kashi Vidhyapith,tJRXhxV3GJh,t03VPkJ5UXd,5907.0,,2024.0,7b,p,779.0,Varanasi,LeuBT7KfuuA,indicator_7,640,7
2023.0,Varanasi Kashi Vidhyapith,tJRXhxV3GJh,g69FuEghiM5,5966.0,,2024.0,2d,p,779.0,Varanasi,LeuBT7KfuuA,indicator_2,640,2
2023.0,Sant Kabir Nagar DHQ,Cv8WrBixKYV,TmeumlBaObG,2738.0,,2024.0,10b,p,,Sant Kabir Nagar,fe1yBApr2sl,indicator_10,478,10
2023.0,Sant Kabir Nagar DHQ,Cv8WrBixKYV,t03VPkJ5UXd,2434.0,,2024.0,7b,p,,Sant Kabir Nagar,fe1yBApr2sl,indicator_7,478,7
2023.0,Sant Kabir Nagar DHQ,Cv8WrBixKYV,g69FuEghiM5,2458.0,,2024.0,2d,p,,Sant Kabir Nagar,fe1yBApr2sl,indicator_2,478,2
2023.0,Khlilabad,Go3zUv1lOWw,TmeumlBaObG,8338.0,,2024.0,10b,p,614.0,Sant Kabir Nagar,fe1yBApr2sl,indicator_10,146,10
2023.0,Khlilabad,Go3zUv1lOWw,t03VPkJ5UXd,7412.0,,2024.0,7b,p,614.0,Sant Kabir Nagar,fe1yBApr2sl,indicator_7,146,7
2023.0,Khlilabad,Go3zUv1lOWw,g69FuEghiM5,7486.0,,2024.0,2d,p,614.0,Sant Kabir Nagar,fe1yBApr2sl,indicator_2,146,2
2023.0,Pouli,IFHbGZd8LVv,TmeumlBaObG,4382.0,,2024.0,10b,p,616.0,Sant Kabir Nagar,fe1yBApr2sl,indicator_10,420,10
2023.0,Pouli,IFHbGZd8LVv,t03VPkJ5UXd,3895.0,,2024.0,7b,p,616.0,Sant Kabir Nagar,fe1yBApr2sl,indicator_7,420,7
2023.0,Pouli,IFHbGZd8LVv,g69FuEghiM5,3934.0,,2024.0,2d,p,616.0,Sant Kabir Nagar,fe1yBApr2sl,indicator_2,420,2
2023.0,Haisar Bazar,K98xeQTVavi,TmeumlBaObG,8489.0,,2024.0,10b,p,617.0,Sant Kabir Nagar,fe1yBApr2sl,indicator_10,150,10
2023.0,Haisar Bazar,K98xeQTVavi,t03VPkJ5UXd,7546.0,,2024.0,7b,p,617.0,Sant Kabir Nagar,fe1yBApr2sl,indicator_7,150,7
2023.0,Haisar Bazar,K98xeQTVavi,g69FuEghiM5,7622.0,,2024.0,2d,p,617.0,Sant Kabir Nagar,fe1yBApr2sl,indicator_2,150,2
2023.0,Belahar Kala,Orx7pmg4L68,TmeumlBaObG,4813.0,,2024.0,10b,p,611.0,Sant Kabir Nagar,fe1yBApr2sl,indicator_10,617,10
2023.0,Belahar Kala,Orx7pmg4L68,t03VPkJ5UXd,4278.0,,2024.0,7b,p,611.0,Sant Kabir Nagar,fe1yBApr2sl,indicator_7,617,7
2023.0,Belahar Kala,Orx7pmg4L68,g69FuEghiM5,4321.0,,2024.0,2d,p,611.0,Sant Kabir Nagar,fe1yBApr2sl,indicator_2,617,2
2023.0,Semariyawa,T2yKNxqQdgI,TmeumlBaObG,9910.0,,2024.0,10b,p,613.0,Sant Kabir Nagar,fe1yBApr2sl,indicator_10,891,10
2023.0,Semariyawa,T2yKNxqQdgI,t03VPkJ5UXd,8809.0,,2024.0,7b,p,613.0,Sant Kabir Nagar,fe1yBApr2sl,indicator_7,891,7
2023.0,Semariyawa,T2yKNxqQdgI,g69FuEghiM5,8897.0,,2024.0,2d,p,613.0,Sant Kabir Nagar,fe1yBApr2sl,indicator_2,891,2
2023.0,Bghouli,kvn8lGZHRgM,TmeumlBaObG,10338.0,,2024.0,10b,p,612.0,Sant Kabir Nagar,fe1yBApr2sl,indicator_10,252,10
2023.0,Bghouli,kvn8lGZHRgM,t03VPkJ5UXd,9190.0,,2024.0,7b,p,612.0,Sant Kabir Nagar,fe1yBApr2sl,indicator_7,252,7
2023.0,Bghouli,kvn8lGZHRgM,g69FuEghiM5,9282.0,,2024.0,2d,p,612.0,Sant Kabir Nagar,fe1yBApr2sl,indicator_2,252,2
2023.0,Santha,nS9UOwtscu1,TmeumlBaObG,6197.0,,2024.0,10b,p,609.0,Sant Kabir Nagar,fe1yBApr2sl,indicator_10,104,10
2023.0,Santha,nS9UOwtscu1,t03VPkJ5UXd,5509.0,,2024.0,7b,p,609.0,Sant Kabir Nagar,fe1yBApr2sl,indicator_7,104,7
2023.0,Santha,nS9UOwtscu1,g69FuEghiM5,5564.0,,2024.0,2d,p,609.0,Sant Kabir Nagar,fe1yBApr2sl,indicator_2,104,2
2023.0,Mehadawal,qEXJSGxJGJX,TmeumlBaObG,6582.0,,2024.0,10b,p,610.0,Sant Kabir Nagar,fe1yBApr2sl,indicator_10,341,10
2023.0,Mehadawal,qEXJSGxJGJX,t03VPkJ5UXd,5851.0,,2024.0,7b,p,610.0,Sant Kabir Nagar,fe1yBApr2sl,indicator_7,341,7
2023.0,Mehadawal,qEXJSGxJGJX,g69FuEghiM5,5910.0,,2024.0,2d,p,610.0,Sant Kabir Nagar,fe1yBApr2sl,indicator_2,341,2
2023.0,Nathnagar,rOs2X9fLu4i,TmeumlBaObG,8272.0,,2024.0,10b,p,615.0,Sant Kabir Nagar,fe1yBApr2sl,indicator_10,387,10
2023.0,Nathnagar,rOs2X9fLu4i,t03VPkJ5UXd,7353.0,,2024.0,7b,p,615.0,Sant Kabir Nagar,fe1yBApr2sl,indicator_7,387,7
2023.0,Nathnagar,rOs2X9fLu4i,g69FuEghiM5,7427.0,,2024.0,2d,p,615.0,Sant Kabir Nagar,fe1yBApr2sl,indicator_2,387,2
2023.0,Sidhpura,DCamfBCJMSi,TmeumlBaObG,5646.0,,2024.0,10b,p,821.0,Kasganj,hITp09XOBLZ,indicator_10,100,10
2023.0,Sidhpura,DCamfBCJMSi,t03VPkJ5UXd,5018.0,,2024.0,7b,p,821.0,Kasganj,hITp09XOBLZ,indicator_7,100,7
2023.0,Sidhpura,DCamfBCJMSi,g69FuEghiM5,5068.0,,2024.0,2d,p,821.0,Kasganj,hITp09XOBLZ,indicator_2,100,2
2023.0,Sahawar,KjLfuqjRVec,TmeumlBaObG,5958.0,,2024.0,10b,p,818.0,Kasganj,hITp09XOBLZ,indicator_10,416,10
2023.0,Sahawar,KjLfuqjRVec,t03VPkJ5UXd,5296.0,,2024.0,7b,p,818.0,Kasganj,hITp09XOBLZ,indicator_7,416,7
2023.0,Sahawar,KjLfuqjRVec,g69FuEghiM5,5349.0,,2024.0,2d,p,818.0,Kasganj,hITp09XOBLZ,indicator_2,416,2
2023.0,Kasganj DHQ,UuNK1H4MurF,TmeumlBaObG,4217.0,,2024.0,10b,p,,Kasganj,hITp09XOBLZ,indicator_10,455,10
2023.0,Kasganj DHQ,UuNK1H4MurF,t03VPkJ5UXd,3748.0,,2024.0,7b,p,,Kasganj,hITp09XOBLZ,indicator_7,455,7
2023.0,Kasganj DHQ,UuNK1H4MurF,g69FuEghiM5,3786.0,,2024.0,2d,p,,Kasganj,hITp09XOBLZ,indicator_2,455,2
2023.0,Patiyali,at47ZXktqxv,TmeumlBaObG,6632.0,,2024.0,10b,p,820.0,Kasganj,hITp09XOBLZ,indicator_10,706,10
2023.0,Patiyali,at47ZXktqxv,t03VPkJ5UXd,5895.0,,2024.0,7b,p,820.0,Kasganj,hITp09XOBLZ,indicator_7,706,7
2023.0,Patiyali,at47ZXktqxv,g69FuEghiM5,5954.0,,2024.0,2d,p,820.0,Kasganj,hITp09XOBLZ,indicator_2,706,2
2023.0,Amapur,ayWFJQ6ulBH,TmeumlBaObG,5811.0,,2024.0,10b,p,817.0,Kasganj,hITp09XOBLZ,indicator_10,726,10
2023.0,Amapur,ayWFJQ6ulBH,t03VPkJ5UXd,5165.0,,2024.0,7b,p,817.0,Kasganj,hITp09XOBLZ,indicator_7,726,7
2023.0,Amapur,ayWFJQ6ulBH,g69FuEghiM5,5217.0,,2024.0,2d,p,817.0,Kasganj,hITp09XOBLZ,indicator_2,726,2
2023.0,kasganj,jvUzHuel9I6,TmeumlBaObG,7344.0,,2024.0,10b,p,816.0,Kasganj,hITp09XOBLZ,indicator_10,257,10
2023.0,kasganj,jvUzHuel9I6,t03VPkJ5UXd,6528.0,,2024.0,7b,p,816.0,Kasganj,hITp09XOBLZ,indicator_7,257,7
2023.0,kasganj,jvUzHuel9I6,g69FuEghiM5,6593.0,,2024.0,2d,p,816.0,Kasganj,hITp09XOBLZ,indicator_2,257,2
2023.0,Soron,lBW2OFwomV0,TmeumlBaObG,9172.0,,2024.0,10b,p,815.0,Kasganj,hITp09XOBLZ,indicator_10,693,10
2023.0,Soron,lBW2OFwomV0,t03VPkJ5UXd,8153.0,,2024.0,7b,p,815.0,Kasganj,hITp09XOBLZ,indicator_7,693,7
2023.0,Soron,lBW2OFwomV0,g69FuEghiM5,8234.0,,2024.0,2d,p,815.0,Kasganj,hITp09XOBLZ,indicator_2,693,2
2023.0,Ganjdunwara,rhv6cneiTR1,TmeumlBaObG,8502.0,,2024.0,10b,p,819.0,Kasganj,hITp09XOBLZ,indicator_10,123,10
2023.0,Ganjdunwara,rhv6cneiTR1,t03VPkJ5UXd,7558.0,,2024.0,7b,p,819.0,Kasganj,hITp09XOBLZ,indicator_7,123,7
2023.0,Ganjdunwara,rhv6cneiTR1,g69FuEghiM5,7633.0,,2024.0,2d,p,819.0,Kasganj,hITp09XOBLZ,indicator_2,123,2
2023.0,Aeliya,DPIQ2VWtvGl,TmeumlBaObG,7144.0,,2024.0,10b,p,245.0,Sitapur,XxaOowFtkiJ,indicator_10,906,10
2023.0,Aeliya,DPIQ2VWtvGl,t03VPkJ5UXd,6350.0,,2024.0,7b,p,245.0,Sitapur,XxaOowFtkiJ,indicator_7,906,7
2023.0,Aeliya,DPIQ2VWtvGl,g69FuEghiM5,6414.0,,2024.0,2d,p,245.0,Sitapur,XxaOowFtkiJ,indicator_2,906,2
2023.0,Kasmanda,E8Ds6nIiHXM,TmeumlBaObG,7707.0,,2024.0,10b,p,257.0,Sitapur,XxaOowFtkiJ,indicator_10,560,10
2023.0,Kasmanda,E8Ds6nIiHXM,t03VPkJ5UXd,6851.0,,2024.0,7b,p,257.0,Sitapur,XxaOowFtkiJ,indicator_7,560,7
2023.0,Kasmanda,E8Ds6nIiHXM,g69FuEghiM5,6920.0,,2024.0,2d,p,257.0,Sitapur,XxaOowFtkiJ,indicator_2,560,2
2023.0,Mishirikh,Gfmfuy8CQrI,TmeumlBaObG,7853.0,,2024.0,10b,p,242.0,Sitapur,XxaOowFtkiJ,indicator_10,901,10
2023.0,Mishirikh,Gfmfuy8CQrI,t03VPkJ5UXd,6980.0,,2024.0,7b,p,242.0,Sitapur,XxaOowFtkiJ,indicator_7,901,7
2023.0,Mishirikh,Gfmfuy8CQrI,g69FuEghiM5,7050.0,,2024.0,2d,p,242.0,Sitapur,XxaOowFtkiJ,indicator_2,901,2
2023.0,Gondlamau,HWAP9AgN3Ym,TmeumlBaObG,7813.0,,2024.0,10b,p,244.0,Sitapur,XxaOowFtkiJ,indicator_10,542,10
2023.0,Gondlamau,HWAP9AgN3Ym,t03VPkJ5UXd,6945.0,,2024.0,7b,p,244.0,Sitapur,XxaOowFtkiJ,indicator_7,542,7
2023.0,Gondlamau,HWAP9AgN3Ym,g69FuEghiM5,7014.0,,2024.0,2d,p,244.0,Sitapur,XxaOowFtkiJ,indicator_2,542,2
2023.0,Pahla,I2ZGoBUtTtO,TmeumlBaObG,7185.0,,2024.0,10b,p,254.0,Sitapur,XxaOowFtkiJ,indicator_10,682,10
2023.0,Pahla,I2ZGoBUtTtO,t03VPkJ5UXd,6387.0,,2024.0,7b,p,254.0,Sitapur,XxaOowFtkiJ,indicator_7,682,7
2023.0,Pahla,I2ZGoBUtTtO,g69FuEghiM5,6451.0,,2024.0,2d,p,254.0,Sitapur,XxaOowFtkiJ,indicator_2,682,2
2023.0,Maholi,KEc8Ha9MyTJ,TmeumlBaObG,7057.0,,2024.0,10b,p,241.0,Sitapur,XxaOowFtkiJ,indicator_10,401,10
2023.0,Maholi,KEc8Ha9MyTJ,t03VPkJ5UXd,6273.0,,2024.0,7b,p,241.0,Sitapur,XxaOowFtkiJ,indicator_7,401,7
2023.0,Maholi,KEc8Ha9MyTJ,g69FuEghiM5,6335.0,,2024.0,2d,p,241.0,Sitapur,XxaOowFtkiJ,indicator_2,401,2
2023.0,Sidhauli,NAhNn2JVtnF,TmeumlBaObG,8563.0,,2024.0,10b,p,258.0,Sitapur,XxaOowFtkiJ,indicator_10,865,10
2023.0,Sidhauli,NAhNn2JVtnF,t03VPkJ5UXd,7612.0,,2024.0,7b,p,258.0,Sitapur,XxaOowFtkiJ,indicator_7,865,7
2023.0,Sidhauli,NAhNn2JVtnF,g69FuEghiM5,7688.0,,2024.0,2d,p,258.0,Sitapur,XxaOowFtkiJ,indicator_2,865,2
2023.0,Reusa,W91p7yS5r9P,TmeumlBaObG,10673.0,,2024.0,10b,p,251.0,Sitapur,XxaOowFtkiJ,indicator_10,443,10
2023.0,Reusa,W91p7yS5r9P,t03VPkJ5UXd,9487.0,,2024.0,7b,p,251.0,Sitapur,XxaOowFtkiJ,indicator_7,443,7
2023.0,Reusa,W91p7yS5r9P,g69FuEghiM5,9582.0,,2024.0,2d,p,251.0,Sitapur,XxaOowFtkiJ,indicator_2,443,2
2023.0,Khiarabad,ch0hBYu0VuS,TmeumlBaObG,7663.0,,2024.0,10b,p,248.0,Sitapur,XxaOowFtkiJ,indicator_10,329,10
2023.0,Khiarabad,ch0hBYu0VuS,t03VPkJ5UXd,6812.0,,2024.0,7b,p,248.0,Sitapur,XxaOowFtkiJ,indicator_7,329,7
2023.0,Khiarabad,ch0hBYu0VuS,g69FuEghiM5,6880.0,,2024.0,2d,p,248.0,Sitapur,XxaOowFtkiJ,indicator_2,329,2
2023.0,Machrehta,eiVpF4VfZGS,TmeumlBaObG,7125.0,,2024.0,10b,p,243.0,Sitapur,XxaOowFtkiJ,indicator_10,698,10
2023.0,Machrehta,eiVpF4VfZGS,t03VPkJ5UXd,6333.0,,2024.0,7b,p,243.0,Sitapur,XxaOowFtkiJ,indicator_7,698,7
2023.0,Machrehta,eiVpF4VfZGS,g69FuEghiM5,6396.0,,2024.0,2d,p,243.0,Sitapur,XxaOowFtkiJ,indicator_2,698,2
2023.0,Mahmudabad Sitapur,gCv411YjGXv,TmeumlBaObG,8671.0,,2024.0,10b,p,255.0,Sitapur,XxaOowFtkiJ,indicator_10,606,10
2023.0,Mahmudabad Sitapur,gCv411YjGXv,t03VPkJ5UXd,7708.0,,2024.0,7b,p,255.0,Sitapur,XxaOowFtkiJ,indicator_7,606,7
2023.0,Mahmudabad Sitapur,gCv411YjGXv,g69FuEghiM5,7785.0,,2024.0,2d,p,255.0,Sitapur,XxaOowFtkiJ,indicator_2,606,2
2023.0,Biswan,gSwqRR5qMEE,TmeumlBaObG,12679.0,,2024.0,10b,p,253.0,Sitapur,XxaOowFtkiJ,indicator_10,637,10
2023.0,Biswan,gSwqRR5qMEE,t03VPkJ5UXd,11270.0,,2024.0,7b,p,253.0,Sitapur,XxaOowFtkiJ,indicator_7,637,7
2023.0,Biswan,gSwqRR5qMEE,g69FuEghiM5,11383.0,,2024.0,2d,p,253.0,Sitapur,XxaOowFtkiJ,indicator_2,637,2
2023.0,Behta,nKJmMxPaEZ9,TmeumlBaObG,9465.0,,2024.0,10b,p,250.0,Sitapur,XxaOowFtkiJ,indicator_10,657,10
2023.0,Behta,nKJmMxPaEZ9,t03VPkJ5UXd,8414.0,,2024.0,7b,p,250.0,Sitapur,XxaOowFtkiJ,indicator_7,657,7
2023.0,Behta,nKJmMxPaEZ9,g69FuEghiM5,8498.0,,2024.0,2d,p,250.0,Sitapur,XxaOowFtkiJ,indicator_2,657,2
2023.0,Hergaon,nwuxQQpdi7D,TmeumlBaObG,8775.0,,2024.0,10b,p,246.0,Sitapur,XxaOowFtkiJ,indicator_10,815,10
2023.0,Hergaon,nwuxQQpdi7D,t03VPkJ5UXd,7800.0,,2024.0,7b,p,246.0,Sitapur,XxaOowFtkiJ,indicator_7,815,7
2023.0,Hergaon,nwuxQQpdi7D,g69FuEghiM5,7878.0,,2024.0,2d,p,246.0,Sitapur,XxaOowFtkiJ,indicator_2,815,2
2023.0,Sitapur DHQ,ql65TcOIaDt,TmeumlBaObG,8904.0,,2024.0,10b,p,,Sitapur,XxaOowFtkiJ,indicator_10,281,10
2023.0,Sitapur DHQ,ql65TcOIaDt,t03VPkJ5UXd,7914.0,,2024.0,7b,p,,Sitapur,XxaOowFtkiJ,indicator_7,281,7
2023.0,Sitapur DHQ,ql65TcOIaDt,g69FuEghiM5,7993.0,,2024.0,2d,p,,Sitapur,XxaOowFtkiJ,indicator_2,281,2
2023.0,Persendi,qyrJ0VLceRJ,TmeumlBaObG,8275.0,,2024.0,10b,p,247.0,Sitapur,XxaOowFtkiJ,indicator_10,415,10
2023.0,Persendi,qyrJ0VLceRJ,t03VPkJ5UXd,7355.0,,2024.0,7b,p,247.0,Sitapur,XxaOowFtkiJ,indicator_7,415,7
2023.0,Persendi,qyrJ0VLceRJ,g69FuEghiM5,7429.0,,2024.0,2d,p,247.0,Sitapur,XxaOowFtkiJ,indicator_2,415,2
2023.0,Laharpur,tIk5hphkbm1,TmeumlBaObG,8717.0,,2024.0,10b,p,249.0,Sitapur,XxaOowFtkiJ,indicator_10,733,10
2023.0,Laharpur,tIk5hphkbm1,t03VPkJ5UXd,7749.0,,2024.0,7b,p,249.0,Sitapur,XxaOowFtkiJ,indicator_7,733,7
2023.0,Laharpur,tIk5hphkbm1,g69FuEghiM5,7826.0,,2024.0,2d,p,249.0,Sitapur,XxaOowFtkiJ,indicator_2,733,2
2023.0,Rampur Mathura,tvZfs4DYlev,TmeumlBaObG,8264.0,,2024.0,10b,p,256.0,Sitapur,XxaOowFtkiJ,indicator_10,516,10
2023.0,Rampur Mathura,tvZfs4DYlev,t03VPkJ5UXd,7345.0,,2024.0,7b,p,256.0,Sitapur,XxaOowFtkiJ,indicator_7,516,7
2023.0,Rampur Mathura,tvZfs4DYlev,g69FuEghiM5,7419.0,,2024.0,2d,p,256.0,Sitapur,XxaOowFtkiJ,indicator_2,516,2
2023.0,Pisawan,yubhT8MSy2O,TmeumlBaObG,8415.0,,2024.0,10b,p,240.0,Sitapur,XxaOowFtkiJ,indicator_10,173,10
2023.0,Pisawan,yubhT8MSy2O,t03VPkJ5UXd,7480.0,,2024.0,7b,p,240.0,Sitapur,XxaOowFtkiJ,indicator_7,173,7
2023.0,Pisawan,yubhT8MSy2O,g69FuEghiM5,7555.0,,2024.0,2d,p,240.0,Sitapur,XxaOowFtkiJ,indicator_2,173,2
2023.0,Sakran,zghTOXwIiKT,TmeumlBaObG,7752.0,,2024.0,10b,p,252.0,Sitapur,XxaOowFtkiJ,indicator_10,471,10
2023.0,Sakran,zghTOXwIiKT,t03VPkJ5UXd,6891.0,,2024.0,7b,p,252.0,Sitapur,XxaOowFtkiJ,indicator_7,471,7
2023.0,Sakran,zghTOXwIiKT,g69FuEghiM5,6959.0,,2024.0,2d,p,252.0,Sitapur,XxaOowFtkiJ,indicator_2,471,2
2023.0,Etawah Badpura,DQKs9hxWhSr,TmeumlBaObG,4703.0,,2024.0,10b,p,340.0,Etawah,Pm0jLk6EAiE,indicator_10,508,10
2023.0,Etawah Badpura,DQKs9hxWhSr,t03VPkJ5UXd,4180.0,,2024.0,7b,p,340.0,Etawah,Pm0jLk6EAiE,indicator_7,508,7
2023.0,Etawah Badpura,DQKs9hxWhSr,g69FuEghiM5,4222.0,,2024.0,2d,p,340.0,Etawah,Pm0jLk6EAiE,indicator_2,508,2
2023.0,Etawah DHQ,H82DYZCKRwR,TmeumlBaObG,7799.0,,2024.0,10b,p,,Etawah,Pm0jLk6EAiE,indicator_10,46,10
2023.0,Etawah DHQ,H82DYZCKRwR,t03VPkJ5UXd,6933.0,,2024.0,7b,p,,Etawah,Pm0jLk6EAiE,indicator_7,46,7
2023.0,Etawah DHQ,H82DYZCKRwR,g69FuEghiM5,7002.0,,2024.0,2d,p,,Etawah,Pm0jLk6EAiE,indicator_2,46,2
2023.0,Etawah Basrehar,JBG7yZn3ZhD,TmeumlBaObG,5449.0,,2024.0,10b,p,341.0,Etawah,Pm0jLk6EAiE,indicator_10,258,10
2023.0,Etawah Basrehar,JBG7yZn3ZhD,t03VPkJ5UXd,4844.0,,2024.0,7b,p,341.0,Etawah,Pm0jLk6EAiE,indicator_7,258,7
2023.0,Etawah Basrehar,JBG7yZn3ZhD,g69FuEghiM5,4892.0,,2024.0,2d,p,341.0,Etawah,Pm0jLk6EAiE,indicator_2,258,2
2023.0,Etawah Jasventnagar,L3tm8ZCQ4VU,TmeumlBaObG,5986.0,,2024.0,10b,p,338.0,Etawah,Pm0jLk6EAiE,indicator_10,235,10
2023.0,Etawah Jasventnagar,L3tm8ZCQ4VU,t03VPkJ5UXd,5321.0,,2024.0,7b,p,338.0,Etawah,Pm0jLk6EAiE,indicator_7,235,7
2023.0,Etawah Jasventnagar,L3tm8ZCQ4VU,g69FuEghiM5,5374.0,,2024.0,2d,p,338.0,Etawah,Pm0jLk6EAiE,indicator_2,235,2
2023.0,Etawah Chkernagar,eLIy5rJdmIo,TmeumlBaObG,2532.0,,2024.0,10b,p,345.0,Etawah,Pm0jLk6EAiE,indicator_10,32,10
2023.0,Etawah Chkernagar,eLIy5rJdmIo,t03VPkJ5UXd,2250.0,,2024.0,7b,p,345.0,Etawah,Pm0jLk6EAiE,indicator_7,32,7
2023.0,Etawah Chkernagar,eLIy5rJdmIo,g69FuEghiM5,2273.0,,2024.0,2d,p,345.0,Etawah,Pm0jLk6EAiE,indicator_2,32,2
2023.0,Etawah Mahewa,g6QRDUGvU6j,TmeumlBaObG,7541.0,,2024.0,10b,p,344.0,Etawah,Pm0jLk6EAiE,indicator_10,584,10
2023.0,Etawah Mahewa,g6QRDUGvU6j,t03VPkJ5UXd,6703.0,,2024.0,7b,p,344.0,Etawah,Pm0jLk6EAiE,indicator_7,584,7
2023.0,Etawah Mahewa,g6QRDUGvU6j,g69FuEghiM5,6770.0,,2024.0,2d,p,344.0,Etawah,Pm0jLk6EAiE,indicator_2,584,2
2023.0,Etawah Saifai,kxTyOTd53rb,TmeumlBaObG,3420.0,,2024.0,10b,p,339.0,Etawah,Pm0jLk6EAiE,indicator_10,608,10
2023.0,Etawah Saifai,kxTyOTd53rb,t03VPkJ5UXd,3040.0,,2024.0,7b,p,339.0,Etawah,Pm0jLk6EAiE,indicator_7,608,7
2023.0,Etawah Saifai,kxTyOTd53rb,g69FuEghiM5,3070.0,,2024.0,2d,p,339.0,Etawah,Pm0jLk6EAiE,indicator_2,608,2
2023.0,Etawah Thakha,vVEYFNLCthf,TmeumlBaObG,4034.0,,2024.0,10b,p,342.0,Etawah,Pm0jLk6EAiE,indicator_10,130,10
2023.0,Etawah Thakha,vVEYFNLCthf,t03VPkJ5UXd,3586.0,,2024.0,7b,p,342.0,Etawah,Pm0jLk6EAiE,indicator_7,130,7
2023.0,Etawah Thakha,vVEYFNLCthf,g69FuEghiM5,3621.0,,2024.0,2d,p,342.0,Etawah,Pm0jLk6EAiE,indicator_2,130,2
2023.0,Etawah Bherthna,xraYmPK0pc5,TmeumlBaObG,6571.0,,2024.0,10b,p,343.0,Etawah,Pm0jLk6EAiE,indicator_10,186,10
2023.0,Etawah Bherthna,xraYmPK0pc5,t03VPkJ5UXd,5841.0,,2024.0,7b,p,343.0,Etawah,Pm0jLk6EAiE,indicator_7,186,7
2023.0,Etawah Bherthna,xraYmPK0pc5,g69FuEghiM5,5899.0,,2024.0,2d,p,343.0,Etawah,Pm0jLk6EAiE,indicator_2,186,2
2023.0,Lalitpur Madawara,DQg8KWOYf9m,TmeumlBaObG,5377.0,,2024.0,10b,p,395.0,Lalitpur,fagfcadhxej,indicator_10,530,10
2023.0,Lalitpur Madawara,DQg8KWOYf9m,t03VPkJ5UXd,4779.0,,2024.0,7b,p,395.0,Lalitpur,fagfcadhxej,indicator_7,530,7
2023.0,Lalitpur Madawara,DQg8KWOYf9m,g69FuEghiM5,4827.0,,2024.0,2d,p,395.0,Lalitpur,fagfcadhxej,indicator_2,530,2
2023.0,Lalitpur  DHQ,OlW82qQAtpe,TmeumlBaObG,4818.0,,2024.0,10b,p,,Lalitpur,fagfcadhxej,indicator_10,482,10
2023.0,Lalitpur  DHQ,OlW82qQAtpe,t03VPkJ5UXd,4283.0,,2024.0,7b,p,,Lalitpur,fagfcadhxej,indicator_7,482,7
2023.0,Lalitpur  DHQ,OlW82qQAtpe,g69FuEghiM5,4326.0,,2024.0,2d,p,,Lalitpur,fagfcadhxej,indicator_2,482,2
2023.0,Lalitpur Jakhaura,cBlMjL2O6oW,TmeumlBaObG,7828.0,,2024.0,10b,p,391.0,Lalitpur,fagfcadhxej,indicator_10,461,10
2023.0,Lalitpur Jakhaura,cBlMjL2O6oW,t03VPkJ5UXd,6958.0,,2024.0,7b,p,391.0,Lalitpur,fagfcadhxej,indicator_7,461,7
2023.0,Lalitpur Jakhaura,cBlMjL2O6oW,g69FuEghiM5,7028.0,,2024.0,2d,p,391.0,Lalitpur,fagfcadhxej,indicator_2,461,2
2023.0,Lalitpur Talbehat,hByPwhy4hFw,TmeumlBaObG,6554.0,,2024.0,10b,p,390.0,Lalitpur,fagfcadhxej,indicator_10,507,10
2023.0,Lalitpur Talbehat,hByPwhy4hFw,t03VPkJ5UXd,5825.0,,2024.0,7b,p,390.0,Lalitpur,fagfcadhxej,indicator_7,507,7
2023.0,Lalitpur Talbehat,hByPwhy4hFw,g69FuEghiM5,5884.0,,2024.0,2d,p,390.0,Lalitpur,fagfcadhxej,indicator_2,507,2
2023.0,Lalitpur Mahroni,hSxXTcaWSE8,TmeumlBaObG,6193.0,,2024.0,10b,p,394.0,Lalitpur,fagfcadhxej,indicator_10,377,10
2023.0,Lalitpur Mahroni,hSxXTcaWSE8,t03VPkJ5UXd,5505.0,,2024.0,7b,p,394.0,Lalitpur,fagfcadhxej,indicator_7,377,7
2023.0,Lalitpur Mahroni,hSxXTcaWSE8,g69FuEghiM5,5560.0,,2024.0,2d,p,394.0,Lalitpur,fagfcadhxej,indicator_2,377,2
2023.0,Lalitpur Birdha,ilEX3iUSCkP,TmeumlBaObG,7414.0,,2024.0,10b,p,393.0,Lalitpur,fagfcadhxej,indicator_10,660,10
2023.0,Lalitpur Birdha,ilEX3iUSCkP,t03VPkJ5UXd,6590.0,,2024.0,7b,p,393.0,Lalitpur,fagfcadhxej,indicator_7,660,7
2023.0,Lalitpur Birdha,ilEX3iUSCkP,g69FuEghiM5,6656.0,,2024.0,2d,p,393.0,Lalitpur,fagfcadhxej,indicator_2,660,2
2023.0,Lalitpur Bar,qMddUgnDzYX,TmeumlBaObG,5970.0,,2024.0,10b,p,392.0,Lalitpur,fagfcadhxej,indicator_10,714,10
2023.0,Lalitpur Bar,qMddUgnDzYX,t03VPkJ5UXd,5307.0,,2024.0,7b,p,392.0,Lalitpur,fagfcadhxej,indicator_7,714,7
2023.0,Lalitpur Bar,qMddUgnDzYX,g69FuEghiM5,5360.0,,2024.0,2d,p,392.0,Lalitpur,fagfcadhxej,indicator_2,714,2
2023.0,Tandiyanwa,DSmdrNpxWTp,TmeumlBaObG,6856.0,,2024.0,10b,p,270.0,Hardoi,MTIkUw5q5pX,indicator_10,790,10
2023.0,Tandiyanwa,DSmdrNpxWTp,t03VPkJ5UXd,6095.0,,2024.0,7b,p,270.0,Hardoi,MTIkUw5q5pX,indicator_7,790,7
2023.0,Tandiyanwa,DSmdrNpxWTp,g69FuEghiM5,6156.0,,2024.0,2d,p,270.0,Hardoi,MTIkUw5q5pX,indicator_2,790,2
2023.0,Ahirori,JNhW47eyrRv,TmeumlBaObG,8875.0,,2024.0,10b,p,272.0,Hardoi,MTIkUw5q5pX,indicator_10,477,10
2023.0,Ahirori,JNhW47eyrRv,t03VPkJ5UXd,7889.0,,2024.0,7b,p,272.0,Hardoi,MTIkUw5q5pX,indicator_7,477,7
2023.0,Ahirori,JNhW47eyrRv,g69FuEghiM5,7968.0,,2024.0,2d,p,272.0,Hardoi,MTIkUw5q5pX,indicator_2,477,2
2023.0,Malanwan,L7LEJCs3NnM,TmeumlBaObG,6047.0,,2024.0,10b,p,268.0,Hardoi,MTIkUw5q5pX,indicator_10,722,10
2023.0,Malanwan,L7LEJCs3NnM,t03VPkJ5UXd,5375.0,,2024.0,7b,p,268.0,Hardoi,MTIkUw5q5pX,indicator_7,722,7
2023.0,Malanwan,L7LEJCs3NnM,g69FuEghiM5,5429.0,,2024.0,2d,p,268.0,Hardoi,MTIkUw5q5pX,indicator_2,722,2
2023.0,Sahabad,NvR1ROHQCYV,TmeumlBaObG,9900.0,,2024.0,10b,p,259.0,Hardoi,MTIkUw5q5pX,indicator_10,680,10
2023.0,Sahabad,NvR1ROHQCYV,t03VPkJ5UXd,8800.0,,2024.0,7b,p,259.0,Hardoi,MTIkUw5q5pX,indicator_7,680,7
2023.0,Sahabad,NvR1ROHQCYV,g69FuEghiM5,8888.0,,2024.0,2d,p,259.0,Hardoi,MTIkUw5q5pX,indicator_2,680,2
2023.0,Sandi,OG07uORb7i2,TmeumlBaObG,7145.0,,2024.0,10b,p,265.0,Hardoi,MTIkUw5q5pX,indicator_10,723,10
2023.0,Sandi,OG07uORb7i2,t03VPkJ5UXd,6351.0,,2024.0,7b,p,265.0,Hardoi,MTIkUw5q5pX,indicator_7,723,7
2023.0,Sandi,OG07uORb7i2,g69FuEghiM5,6415.0,,2024.0,2d,p,265.0,Hardoi,MTIkUw5q5pX,indicator_2,723,2
2023.0,Harpalpur,TY7glMGf9aG,TmeumlBaObG,6433.0,,2024.0,10b,p,264.0,Hardoi,MTIkUw5q5pX,indicator_10,884,10
2023.0,Harpalpur,TY7glMGf9aG,t03VPkJ5UXd,5718.0,,2024.0,7b,p,264.0,Hardoi,MTIkUw5q5pX,indicator_7,884,7
2023.0,Harpalpur,TY7glMGf9aG,g69FuEghiM5,5776.0,,2024.0,2d,p,264.0,Hardoi,MTIkUw5q5pX,indicator_2,884,2
2023.0,Bilgram,TqhQTNCu0rW,TmeumlBaObG,8887.0,,2024.0,10b,p,266.0,Hardoi,MTIkUw5q5pX,indicator_10,894,10
2023.0,Bilgram,TqhQTNCu0rW,t03VPkJ5UXd,7900.0,,2024.0,7b,p,266.0,Hardoi,MTIkUw5q5pX,indicator_7,894,7
2023.0,Bilgram,TqhQTNCu0rW,g69FuEghiM5,7979.0,,2024.0,2d,p,266.0,Hardoi,MTIkUw5q5pX,indicator_2,894,2
2023.0,Behander,VoR9CT9z1Rx,TmeumlBaObG,6388.0,,2024.0,10b,p,275.0,Hardoi,MTIkUw5q5pX,indicator_10,858,10
2023.0,Behander,VoR9CT9z1Rx,t03VPkJ5UXd,5679.0,,2024.0,7b,p,275.0,Hardoi,MTIkUw5q5pX,indicator_7,858,7
2023.0,Behander,VoR9CT9z1Rx,g69FuEghiM5,5735.0,,2024.0,2d,p,275.0,Hardoi,MTIkUw5q5pX,indicator_2,858,2
2023.0,Sursa,dBCX7zX8Feb,TmeumlBaObG,7844.0,,2024.0,10b,p,271.0,Hardoi,MTIkUw5q5pX,indicator_10,779,10
2023.0,Sursa,dBCX7zX8Feb,t03VPkJ5UXd,6973.0,,2024.0,7b,p,271.0,Hardoi,MTIkUw5q5pX,indicator_7,779,7
2023.0,Sursa,dBCX7zX8Feb,g69FuEghiM5,7043.0,,2024.0,2d,p,271.0,Hardoi,MTIkUw5q5pX,indicator_2,779,2
2023.0,Madhouganj,iBHysCEYPjb,TmeumlBaObG,7452.0,,2024.0,10b,p,267.0,Hardoi,MTIkUw5q5pX,indicator_10,212,10
2023.0,Madhouganj,iBHysCEYPjb,t03VPkJ5UXd,6624.0,,2024.0,7b,p,267.0,Hardoi,MTIkUw5q5pX,indicator_7,212,7
2023.0,Madhouganj,iBHysCEYPjb,g69FuEghiM5,6690.0,,2024.0,2d,p,267.0,Hardoi,MTIkUw5q5pX,indicator_2,212,2
2023.0,Tondarpur,jvwEe3kpMPg,TmeumlBaObG,6844.0,,2024.0,10b,p,260.0,Hardoi,MTIkUw5q5pX,indicator_10,73,10
2023.0,Tondarpur,jvwEe3kpMPg,t03VPkJ5UXd,6084.0,,2024.0,7b,p,260.0,Hardoi,MTIkUw5q5pX,indicator_7,73,7
2023.0,Tondarpur,jvwEe3kpMPg,g69FuEghiM5,6145.0,,2024.0,2d,p,260.0,Hardoi,MTIkUw5q5pX,indicator_2,73,2
2023.0,Hardoi DHQ,kBVkJI1qaWb,TmeumlBaObG,7360.0,,2024.0,10b,p,,Hardoi,MTIkUw5q5pX,indicator_10,125,10
2023.0,Hardoi DHQ,kBVkJI1qaWb,t03VPkJ5UXd,6542.0,,2024.0,7b,p,,Hardoi,MTIkUw5q5pX,indicator_7,125,7
2023.0,Hardoi DHQ,kBVkJI1qaWb,g69FuEghiM5,6607.0,,2024.0,2d,p,,Hardoi,MTIkUw5q5pX,indicator_2,125,2
2023.0,Pihani,lr3CfswaZMq,TmeumlBaObG,9068.0,,2024.0,10b,p,261.0,Hardoi,MTIkUw5q5pX,indicator_10,762,10
2023.0,Pihani,lr3CfswaZMq,t03VPkJ5UXd,8060.0,,2024.0,7b,p,261.0,Hardoi,MTIkUw5q5pX,indicator_7,762,7
2023.0,Pihani,lr3CfswaZMq,g69FuEghiM5,8141.0,,2024.0,2d,p,261.0,Hardoi,MTIkUw5q5pX,indicator_2,762,2
2023.0,Barkhani,pkRX2naWpN3,TmeumlBaObG,8348.0,,2024.0,10b,p,262.0,Hardoi,MTIkUw5q5pX,indicator_10,305,10
2023.0,Barkhani,pkRX2naWpN3,t03VPkJ5UXd,7421.0,,2024.0,7b,p,262.0,Hardoi,MTIkUw5q5pX,indicator_7,305,7
2023.0,Barkhani,pkRX2naWpN3,g69FuEghiM5,7495.0,,2024.0,2d,p,262.0,Hardoi,MTIkUw5q5pX,indicator_2,305,2
2023.0,Hariyanwa,ruw57rtPpxr,TmeumlBaObG,7007.0,,2024.0,10b,p,269.0,Hardoi,MTIkUw5q5pX,indicator_10,758,10
2023.0,Hariyanwa,ruw57rtPpxr,t03VPkJ5UXd,6228.0,,2024.0,7b,p,269.0,Hardoi,MTIkUw5q5pX,indicator_7,758,7
2023.0,Hariyanwa,ruw57rtPpxr,g69FuEghiM5,6290.0,,2024.0,2d,p,269.0,Hardoi,MTIkUw5q5pX,indicator_2,758,2
2023.0,Sandila,tZXCzgn6lut,TmeumlBaObG,9831.0,,2024.0,10b,p,276.0,Hardoi,MTIkUw5q5pX,indicator_10,201,10
2023.0,Sandila,tZXCzgn6lut,t03VPkJ5UXd,8739.0,,2024.0,7b,p,276.0,Hardoi,MTIkUw5q5pX,indicator_7,201,7
2023.0,Sandila,tZXCzgn6lut,g69FuEghiM5,8826.0,,2024.0,2d,p,276.0,Hardoi,MTIkUw5q5pX,indicator_2,201,2
2023.0,Bawan,tbi6Bsb6jlU,TmeumlBaObG,8094.0,,2024.0,10b,p,263.0,Hardoi,MTIkUw5q5pX,indicator_10,185,10
2023.0,Bawan,tbi6Bsb6jlU,t03VPkJ5UXd,7195.0,,2024.0,7b,p,263.0,Hardoi,MTIkUw5q5pX,indicator_7,185,7
2023.0,Bawan,tbi6Bsb6jlU,g69FuEghiM5,7267.0,,2024.0,2d,p,263.0,Hardoi,MTIkUw5q5pX,indicator_2,185,2
2023.0,Bharawan,wPymOYKUUFI,TmeumlBaObG,7026.0,,2024.0,10b,p,277.0,Hardoi,MTIkUw5q5pX,indicator_10,310,10
2023.0,Bharawan,wPymOYKUUFI,t03VPkJ5UXd,6246.0,,2024.0,7b,p,277.0,Hardoi,MTIkUw5q5pX,indicator_7,310,7
2023.0,Bharawan,wPymOYKUUFI,g69FuEghiM5,6308.0,,2024.0,2d,p,277.0,Hardoi,MTIkUw5q5pX,indicator_2,310,2
2023.0,Kachhuna,zOlFDV0qaZN,TmeumlBaObG,6536.0,,2024.0,10b,p,274.0,Hardoi,MTIkUw5q5pX,indicator_10,748,10
2023.0,Kachhuna,zOlFDV0qaZN,t03VPkJ5UXd,5810.0,,2024.0,7b,p,274.0,Hardoi,MTIkUw5q5pX,indicator_7,748,7
2023.0,Kachhuna,zOlFDV0qaZN,g69FuEghiM5,5868.0,,2024.0,2d,p,274.0,Hardoi,MTIkUw5q5pX,indicator_2,748,2
2023.0,Kothanwa,zR4FjrKQweN,TmeumlBaObG,6941.0,,2024.0,10b,p,273.0,Hardoi,MTIkUw5q5pX,indicator_10,806,10
2023.0,Kothanwa,zR4FjrKQweN,t03VPkJ5UXd,6170.0,,2024.0,7b,p,273.0,Hardoi,MTIkUw5q5pX,indicator_7,806,7
2023.0,Kothanwa,zR4FjrKQweN,g69FuEghiM5,6232.0,,2024.0,2d,p,273.0,Hardoi,MTIkUw5q5pX,indicator_2,806,2
2023.0,Maunathbhanjan Badraon,DlJoJFtt9AE,TmeumlBaObG,5612.0,,2024.0,10b,p,703.0,Maunathbhanjan,CBSB9v92AwT,indicator_10,823,10
2023.0,Maunathbhanjan Badraon,DlJoJFtt9AE,t03VPkJ5UXd,4988.0,,2024.0,7b,p,703.0,Maunathbhanjan,CBSB9v92AwT,indicator_7,823,7
2023.0,Maunathbhanjan Badraon,DlJoJFtt9AE,g69FuEghiM5,5038.0,,2024.0,2d,p,703.0,Maunathbhanjan,CBSB9v92AwT,indicator_2,823,2
2023.0,Maunathbhanjan DHQ,Obe6UPmf0LR,TmeumlBaObG,8015.0,,2024.0,10b,p,,Maunathbhanjan,CBSB9v92AwT,indicator_10,465,10
2023.0,Maunathbhanjan DHQ,Obe6UPmf0LR,t03VPkJ5UXd,7125.0,,2024.0,7b,p,,Maunathbhanjan,CBSB9v92AwT,indicator_7,465,7
2023.0,Maunathbhanjan DHQ,Obe6UPmf0LR,g69FuEghiM5,7196.0,,2024.0,2d,p,,Maunathbhanjan,CBSB9v92AwT,indicator_2,465,2
2023.0,Maunathbhanjan F.Mandaon,YXOk9K2OqNI,TmeumlBaObG,6266.0,,2024.0,10b,p,704.0,Maunathbhanjan,CBSB9v92AwT,indicator_10,459,10
2023.0,Maunathbhanjan F.Mandaon,YXOk9K2OqNI,t03VPkJ5UXd,5569.0,,2024.0,7b,p,704.0,Maunathbhanjan,CBSB9v92AwT,indicator_7,459,7
2023.0,Maunathbhanjan F.Mandaon,YXOk9K2OqNI,g69FuEghiM5,5625.0,,2024.0,2d,p,704.0,Maunathbhanjan,CBSB9v92AwT,indicator_2,459,2
2023.0,Maunathbhanjan Ghosi,d3k76C0y5y9,TmeumlBaObG,5671.0,,2024.0,10b,p,702.0,Maunathbhanjan,CBSB9v92AwT,indicator_10,452,10
2023.0,Maunathbhanjan Ghosi,d3k76C0y5y9,t03VPkJ5UXd,5040.0,,2024.0,7b,p,702.0,Maunathbhanjan,CBSB9v92AwT,indicator_7,452,7
2023.0,Maunathbhanjan Ghosi,d3k76C0y5y9,g69FuEghiM5,5091.0,,2024.0,2d,p,702.0,Maunathbhanjan,CBSB9v92AwT,indicator_2,452,2
2023.0,Maunathbhanjan Pardha,la9bHITzK55,TmeumlBaObG,4468.0,,2024.0,10b,p,706.0,Maunathbhanjan,CBSB9v92AwT,indicator_10,681,10
2023.0,Maunathbhanjan Pardha,la9bHITzK55,t03VPkJ5UXd,3972.0,,2024.0,7b,p,706.0,Maunathbhanjan,CBSB9v92AwT,indicator_7,681,7
2023.0,Maunathbhanjan Pardha,la9bHITzK55,g69FuEghiM5,4011.0,,2024.0,2d,p,706.0,Maunathbhanjan,CBSB9v92AwT,indicator_2,681,2
2023.0,Maunathbhanjan Mohmmada Bad,rLdutISw29n,TmeumlBaObG,7488.0,,2024.0,10b,p,708.0,Maunathbhanjan,CBSB9v92AwT,indicator_10,58,10
2023.0,Maunathbhanjan Mohmmada Bad,rLdutISw29n,t03VPkJ5UXd,6656.0,,2024.0,7b,p,708.0,Maunathbhanjan,CBSB9v92AwT,indicator_7,58,7
2023.0,Maunathbhanjan Mohmmada Bad,rLdutISw29n,g69FuEghiM5,6723.0,,2024.0,2d,p,708.0,Maunathbhanjan,CBSB9v92AwT,indicator_2,58,2
2023.0,Maunathbhanjan Ranipur,s9bnhPCNlnj,TmeumlBaObG,6713.0,,2024.0,10b,p,709.0,Maunathbhanjan,CBSB9v92AwT,indicator_10,2,10
2023.0,Maunathbhanjan Ranipur,s9bnhPCNlnj,t03VPkJ5UXd,5967.0,,2024.0,7b,p,709.0,Maunathbhanjan,CBSB9v92AwT,indicator_7,2,7
2023.0,Maunathbhanjan Ranipur,s9bnhPCNlnj,g69FuEghiM5,6027.0,,2024.0,2d,p,709.0,Maunathbhanjan,CBSB9v92AwT,indicator_2,2,2
2023.0,Maunathbhanjan Kopaganj,tGyBIzhjmij,TmeumlBaObG,8237.0,,2024.0,10b,p,705.0,Maunathbhanjan,CBSB9v92AwT,indicator_10,433,10
2023.0,Maunathbhanjan Kopaganj,tGyBIzhjmij,t03VPkJ5UXd,7322.0,,2024.0,7b,p,705.0,Maunathbhanjan,CBSB9v92AwT,indicator_7,433,7
2023.0,Maunathbhanjan Kopaganj,tGyBIzhjmij,g69FuEghiM5,7395.0,,2024.0,2d,p,705.0,Maunathbhanjan,CBSB9v92AwT,indicator_2,433,2
2023.0,Maunathbhanjan Ratanpura,u9ZAWcpGHu9,TmeumlBaObG,5462.0,,2024.0,10b,p,707.0,Maunathbhanjan,CBSB9v92AwT,indicator_10,489,10
2023.0,Maunathbhanjan Ratanpura,u9ZAWcpGHu9,t03VPkJ5UXd,4855.0,,2024.0,7b,p,707.0,Maunathbhanjan,CBSB9v92AwT,indicator_7,489,7
2023.0,Maunathbhanjan Ratanpura,u9ZAWcpGHu9,g69FuEghiM5,4904.0,,2024.0,2d,p,707.0,Maunathbhanjan,CBSB9v92AwT,indicator_2,489,2
2023.0,Maunathbhanjan Doharighat,y2tYqTLUS24,TmeumlBaObG,5500.0,,2024.0,10b,p,701.0,Maunathbhanjan,CBSB9v92AwT,indicator_10,297,10
2023.0,Maunathbhanjan Doharighat,y2tYqTLUS24,t03VPkJ5UXd,4889.0,,2024.0,7b,p,701.0,Maunathbhanjan,CBSB9v92AwT,indicator_7,297,7
2023.0,Maunathbhanjan Doharighat,y2tYqTLUS24,g69FuEghiM5,4938.0,,2024.0,2d,p,701.0,Maunathbhanjan,CBSB9v92AwT,indicator_2,297,2
2023.0,Sambhal DHQ,E3NqDNq6JJg,TmeumlBaObG,8278.0,,2024.0,10b,p,,Sambhal,YzHpzrN0eLv,indicator_10,611,10
2023.0,Sambhal DHQ,E3NqDNq6JJg,t03VPkJ5UXd,7358.0,,2024.0,7b,p,,Sambhal,YzHpzrN0eLv,indicator_7,611,7
2023.0,Sambhal DHQ,E3NqDNq6JJg,g69FuEghiM5,7432.0,,2024.0,2d,p,,Sambhal,YzHpzrN0eLv,indicator_2,611,2
2023.0,Naroli,SedCcdeSesp,TmeumlBaObG,15636.0,,2024.0,10b,p,45.0,Sambhal,YzHpzrN0eLv,indicator_10,166,10
2023.0,Naroli,SedCcdeSesp,t03VPkJ5UXd,13899.0,,2024.0,7b,p,45.0,Sambhal,YzHpzrN0eLv,indicator_7,166,7
2023.0,Naroli,SedCcdeSesp,g69FuEghiM5,14038.0,,2024.0,2d,p,45.0,Sambhal,YzHpzrN0eLv,indicator_2,166,2
2023.0,Gunnour,WtDIWivefft,TmeumlBaObG,7746.0,,2024.0,10b,p,171.0,Sambhal,YzHpzrN0eLv,indicator_10,729,10
2023.0,Gunnour,WtDIWivefft,t03VPkJ5UXd,6885.0,,2024.0,7b,p,171.0,Sambhal,YzHpzrN0eLv,indicator_7,729,7
2023.0,Gunnour,WtDIWivefft,g69FuEghiM5,6954.0,,2024.0,2d,p,171.0,Sambhal,YzHpzrN0eLv,indicator_2,729,2
2023.0,Sambhal,XW2FOqHQemu,TmeumlBaObG,11495.0,,2024.0,10b,p,47.0,Sambhal,YzHpzrN0eLv,indicator_10,51,10
2023.0,Sambhal,XW2FOqHQemu,t03VPkJ5UXd,10218.0,,2024.0,7b,p,47.0,Sambhal,YzHpzrN0eLv,indicator_7,51,7
2023.0,Sambhal,XW2FOqHQemu,g69FuEghiM5,10320.0,,2024.0,2d,p,47.0,Sambhal,YzHpzrN0eLv,indicator_2,51,2
2023.0,Asmoli,Xkw9hBGJS6I,TmeumlBaObG,9279.0,,2024.0,10b,p,46.0,Sambhal,YzHpzrN0eLv,indicator_10,668,10
2023.0,Asmoli,Xkw9hBGJS6I,t03VPkJ5UXd,8248.0,,2024.0,7b,p,46.0,Sambhal,YzHpzrN0eLv,indicator_7,668,7
2023.0,Asmoli,Xkw9hBGJS6I,g69FuEghiM5,8331.0,,2024.0,2d,p,46.0,Sambhal,YzHpzrN0eLv,indicator_2,668,2
2023.0,Rajpura,YxWlmBfIHmq,TmeumlBaObG,7348.0,,2024.0,10b,p,170.0,Sambhal,YzHpzrN0eLv,indicator_10,780,10
2023.0,Rajpura,YxWlmBfIHmq,t03VPkJ5UXd,6532.0,,2024.0,7b,p,170.0,Sambhal,YzHpzrN0eLv,indicator_7,780,7
2023.0,Rajpura,YxWlmBfIHmq,g69FuEghiM5,6597.0,,2024.0,2d,p,170.0,Sambhal,YzHpzrN0eLv,indicator_2,780,2
2023.0,Pawansa,f6vmbanfxRo,TmeumlBaObG,10029.0,,2024.0,10b,p,48.0,Sambhal,YzHpzrN0eLv,indicator_10,105,10
2023.0,Pawansa,f6vmbanfxRo,t03VPkJ5UXd,8915.0,,2024.0,7b,p,48.0,Sambhal,YzHpzrN0eLv,indicator_7,105,7
2023.0,Pawansa,f6vmbanfxRo,g69FuEghiM5,9004.0,,2024.0,2d,p,48.0,Sambhal,YzHpzrN0eLv,indicator_2,105,2
2023.0,Junawai,gspBjXC9nc5,TmeumlBaObG,5684.0,,2024.0,10b,p,172.0,Sambhal,YzHpzrN0eLv,indicator_10,756,10
2023.0,Junawai,gspBjXC9nc5,t03VPkJ5UXd,5053.0,,2024.0,7b,p,172.0,Sambhal,YzHpzrN0eLv,indicator_7,756,7
2023.0,Junawai,gspBjXC9nc5,g69FuEghiM5,5103.0,,2024.0,2d,p,172.0,Sambhal,YzHpzrN0eLv,indicator_2,756,2
2023.0,Bahjoi,uqiwsVkCjJB,TmeumlBaObG,7879.0,,2024.0,10b,p,49.0,Sambhal,YzHpzrN0eLv,indicator_10,196,10
2023.0,Bahjoi,uqiwsVkCjJB,t03VPkJ5UXd,7004.0,,2024.0,7b,p,49.0,Sambhal,YzHpzrN0eLv,indicator_7,196,7
2023.0,Bahjoi,uqiwsVkCjJB,g69FuEghiM5,7074.0,,2024.0,2d,p,49.0,Sambhal,YzHpzrN0eLv,indicator_2,196,2
2023.0,Badoukher Khurd,EFUeXhmIy8J,TmeumlBaObG,7338.0,,2024.0,10b,p,409.0,Banda,DggJGxqbWHn,indicator_10,293,10
2023.0,Badoukher Khurd,EFUeXhmIy8J,t03VPkJ5UXd,6522.0,,2024.0,7b,p,409.0,Banda,DggJGxqbWHn,indicator_7,293,7
2023.0,Badoukher Khurd,EFUeXhmIy8J,g69FuEghiM5,6587.0,,2024.0,2d,p,409.0,Banda,DggJGxqbWHn,indicator_2,293,2
2023.0,Kemasin,FhvPjqLG12y,TmeumlBaObG,6366.0,,2024.0,10b,p,411.0,Banda,DggJGxqbWHn,indicator_10,15,10
2023.0,Kemasin,FhvPjqLG12y,t03VPkJ5UXd,5659.0,,2024.0,7b,p,411.0,Banda,DggJGxqbWHn,indicator_7,15,7
2023.0,Kemasin,FhvPjqLG12y,g69FuEghiM5,5715.0,,2024.0,2d,p,411.0,Banda,DggJGxqbWHn,indicator_2,15,2
2023.0,Nereani,PPxFR8laHqe,TmeumlBaObG,12447.0,,2024.0,10b,p,414.0,Banda,DggJGxqbWHn,indicator_10,747,10
2023.0,Nereani,PPxFR8laHqe,t03VPkJ5UXd,11064.0,,2024.0,7b,p,414.0,Banda,DggJGxqbWHn,indicator_7,747,7
2023.0,Nereani,PPxFR8laHqe,g69FuEghiM5,11174.0,,2024.0,2d,p,414.0,Banda,DggJGxqbWHn,indicator_2,747,2
2023.0,Baberu,QAfsawYvIW0,TmeumlBaObG,7809.0,,2024.0,10b,p,410.0,Banda,DggJGxqbWHn,indicator_10,624,10
2023.0,Baberu,QAfsawYvIW0,t03VPkJ5UXd,6941.0,,2024.0,7b,p,410.0,Banda,DggJGxqbWHn,indicator_7,624,7
2023.0,Baberu,QAfsawYvIW0,g69FuEghiM5,7011.0,,2024.0,2d,p,410.0,Banda,DggJGxqbWHn,indicator_2,624,2
2023.0,Banda DHQ ,QIufPcB6Kr6,TmeumlBaObG,6662.0,,2024.0,10b,p,,Banda,DggJGxqbWHn,indicator_10,418,10
2023.0,Banda DHQ ,QIufPcB6Kr6,t03VPkJ5UXd,5922.0,,2024.0,7b,p,,Banda,DggJGxqbWHn,indicator_7,418,7
2023.0,Banda DHQ ,QIufPcB6Kr6,g69FuEghiM5,5981.0,,2024.0,2d,p,,Banda,DggJGxqbWHn,indicator_2,418,2
2023.0,Tindwari,UVNiCb7ffry,TmeumlBaObG,6576.0,,2024.0,10b,p,408.0,Banda,DggJGxqbWHn,indicator_10,904,10
2023.0,Tindwari,UVNiCb7ffry,t03VPkJ5UXd,5846.0,,2024.0,7b,p,408.0,Banda,DggJGxqbWHn,indicator_7,904,7
2023.0,Tindwari,UVNiCb7ffry,g69FuEghiM5,5904.0,,2024.0,2d,p,408.0,Banda,DggJGxqbWHn,indicator_2,904,2
2023.0,Bisanda,emjMgvubuGe,TmeumlBaObG,7350.0,,2024.0,10b,p,412.0,Banda,DggJGxqbWHn,indicator_10,88,10
2023.0,Bisanda,emjMgvubuGe,t03VPkJ5UXd,6534.0,,2024.0,7b,p,412.0,Banda,DggJGxqbWHn,indicator_7,88,7
2023.0,Bisanda,emjMgvubuGe,g69FuEghiM5,6599.0,,2024.0,2d,p,412.0,Banda,DggJGxqbWHn,indicator_2,88,2
2023.0,Jaspura,iD2sVe31G90,TmeumlBaObG,3872.0,,2024.0,10b,p,407.0,Banda,DggJGxqbWHn,indicator_10,159,10
2023.0,Jaspura,iD2sVe31G90,t03VPkJ5UXd,3442.0,,2024.0,7b,p,407.0,Banda,DggJGxqbWHn,indicator_7,159,7
2023.0,Jaspura,iD2sVe31G90,g69FuEghiM5,3477.0,,2024.0,2d,p,407.0,Banda,DggJGxqbWHn,indicator_2,159,2
2023.0,Mahuwa,kKjIKi66mY2,TmeumlBaObG,7828.0,,2024.0,10b,p,413.0,Banda,DggJGxqbWHn,indicator_10,373,10
2023.0,Mahuwa,kKjIKi66mY2,t03VPkJ5UXd,6958.0,,2024.0,7b,p,413.0,Banda,DggJGxqbWHn,indicator_7,373,7
2023.0,Mahuwa,kKjIKi66mY2,g69FuEghiM5,7027.0,,2024.0,2d,p,413.0,Banda,DggJGxqbWHn,indicator_2,373,2
2023.0,Panwari,ESC202G5t07,TmeumlBaObG,5230.0,,2024.0,10b,p,403.0,Mahoba,sUQMxIc3yXj,indicator_10,571,10
2023.0,Panwari,ESC202G5t07,t03VPkJ5UXd,4649.0,,2024.0,7b,p,403.0,Mahoba,sUQMxIc3yXj,indicator_7,571,7
2023.0,Panwari,ESC202G5t07,g69FuEghiM5,4695.0,,2024.0,2d,p,403.0,Mahoba,sUQMxIc3yXj,indicator_2,571,2
2023.0,Kabari,GfFQEUX1ZYy,TmeumlBaObG,8553.0,,2024.0,10b,p,406.0,Mahoba,sUQMxIc3yXj,indicator_10,846,10
2023.0,Kabari,GfFQEUX1ZYy,t03VPkJ5UXd,7602.0,,2024.0,7b,p,406.0,Mahoba,sUQMxIc3yXj,indicator_7,846,7
2023.0,Kabari,GfFQEUX1ZYy,g69FuEghiM5,7678.0,,2024.0,2d,p,406.0,Mahoba,sUQMxIc3yXj,indicator_2,846,2
2023.0,Jaitpur,HuW3JM0nGTz,TmeumlBaObG,5863.0,,2024.0,10b,p,404.0,Mahoba,sUQMxIc3yXj,indicator_10,61,10
2023.0,Jaitpur,HuW3JM0nGTz,t03VPkJ5UXd,5212.0,,2024.0,7b,p,404.0,Mahoba,sUQMxIc3yXj,indicator_7,61,7
2023.0,Jaitpur,HuW3JM0nGTz,g69FuEghiM5,5264.0,,2024.0,2d,p,404.0,Mahoba,sUQMxIc3yXj,indicator_2,61,2
2023.0,Mahoba DHQ,k7nZry9XTd5,TmeumlBaObG,4075.0,,2024.0,10b,p,,Mahoba,sUQMxIc3yXj,indicator_10,883,10
2023.0,Mahoba DHQ,k7nZry9XTd5,t03VPkJ5UXd,3622.0,,2024.0,7b,p,,Mahoba,sUQMxIc3yXj,indicator_7,883,7
2023.0,Mahoba DHQ,k7nZry9XTd5,g69FuEghiM5,3658.0,,2024.0,2d,p,,Mahoba,sUQMxIc3yXj,indicator_2,883,2
2023.0,Charkhari,voVPLJSfahW,TmeumlBaObG,5116.0,,2024.0,10b,p,405.0,Mahoba,sUQMxIc3yXj,indicator_10,715,10
2023.0,Charkhari,voVPLJSfahW,t03VPkJ5UXd,4548.0,,2024.0,7b,p,405.0,Mahoba,sUQMxIc3yXj,indicator_7,715,7
2023.0,Charkhari,voVPLJSfahW,g69FuEghiM5,4593.0,,2024.0,2d,p,405.0,Mahoba,sUQMxIc3yXj,indicator_2,715,2
2023.0,Bijnor Jalilpur,EdO6OYkMy4n,TmeumlBaObG,10972.0,,2024.0,10b,p,35.0,Bijnor,uCYjHW7FuGG,indicator_10,572,10
2023.0,Bijnor Jalilpur,EdO6OYkMy4n,t03VPkJ5UXd,9753.0,,2024.0,7b,p,35.0,Bijnor,uCYjHW7FuGG,indicator_7,572,7
2023.0,Bijnor Jalilpur,EdO6OYkMy4n,g69FuEghiM5,9851.0,,2024.0,2d,p,35.0,Bijnor,uCYjHW7FuGG,indicator_2,572,2
2023.0,Bijnor Haldaur,R2Jott0TJjX,TmeumlBaObG,9316.0,,2024.0,10b,p,29.0,Bijnor,uCYjHW7FuGG,indicator_10,544,10
2023.0,Bijnor Haldaur,R2Jott0TJjX,t03VPkJ5UXd,8281.0,,2024.0,7b,p,29.0,Bijnor,uCYjHW7FuGG,indicator_7,544,7
2023.0,Bijnor Haldaur,R2Jott0TJjX,g69FuEghiM5,8363.0,,2024.0,2d,p,29.0,Bijnor,uCYjHW7FuGG,indicator_2,544,2
2023.0,Bijnor Seohara,X5WeRBwPtNl,TmeumlBaObG,8308.0,,2024.0,10b,p,34.0,Bijnor,uCYjHW7FuGG,indicator_10,359,10
2023.0,Bijnor Seohara,X5WeRBwPtNl,t03VPkJ5UXd,7385.0,,2024.0,7b,p,34.0,Bijnor,uCYjHW7FuGG,indicator_7,359,7
2023.0,Bijnor Seohara,X5WeRBwPtNl,g69FuEghiM5,7459.0,,2024.0,2d,p,34.0,Bijnor,uCYjHW7FuGG,indicator_2,359,2
2023.0,Bijnor Noorpur,aHuzZgGIslk,TmeumlBaObG,10464.0,,2024.0,10b,p,36.0,Bijnor,uCYjHW7FuGG,indicator_10,14,10
2023.0,Bijnor Noorpur,aHuzZgGIslk,t03VPkJ5UXd,9302.0,,2024.0,7b,p,36.0,Bijnor,uCYjHW7FuGG,indicator_7,14,7
2023.0,Bijnor Noorpur,aHuzZgGIslk,g69FuEghiM5,9395.0,,2024.0,2d,p,36.0,Bijnor,uCYjHW7FuGG,indicator_2,14,2
2023.0,Bijnor Najibabad,c6v4wYwFFOK,TmeumlBaObG,15474.0,,2024.0,10b,p,26.0,Bijnor,uCYjHW7FuGG,indicator_10,622,10
2023.0,Bijnor Najibabad,c6v4wYwFFOK,t03VPkJ5UXd,13754.0,,2024.0,7b,p,26.0,Bijnor,uCYjHW7FuGG,indicator_7,622,7
2023.0,Bijnor Najibabad,c6v4wYwFFOK,g69FuEghiM5,13892.0,,2024.0,2d,p,26.0,Bijnor,uCYjHW7FuGG,indicator_2,622,2
2023.0,Bijnor Dhampur,hFYPDvQ1x7I,TmeumlBaObG,11566.0,,2024.0,10b,p,33.0,Bijnor,uCYjHW7FuGG,indicator_10,687,10
2023.0,Bijnor Dhampur,hFYPDvQ1x7I,t03VPkJ5UXd,10281.0,,2024.0,7b,p,33.0,Bijnor,uCYjHW7FuGG,indicator_7,687,7
2023.0,Bijnor Dhampur,hFYPDvQ1x7I,g69FuEghiM5,10384.0,,2024.0,2d,p,33.0,Bijnor,uCYjHW7FuGG,indicator_2,687,2
2023.0,Bijnor Kotwali,j5nQ6oNNVnX,TmeumlBaObG,15740.0,,2024.0,10b,p,30.0,Bijnor,uCYjHW7FuGG,indicator_10,537,10
2023.0,Bijnor Kotwali,j5nQ6oNNVnX,t03VPkJ5UXd,13991.0,,2024.0,7b,p,30.0,Bijnor,uCYjHW7FuGG,indicator_7,537,7
2023.0,Bijnor Kotwali,j5nQ6oNNVnX,g69FuEghiM5,14131.0,,2024.0,2d,p,30.0,Bijnor,uCYjHW7FuGG,indicator_2,537,2
2023.0,Bijnor  DHQ  ,pE27TXbzXZ5,TmeumlBaObG,2984.0,,2024.0,10b,p,,Bijnor,uCYjHW7FuGG,indicator_10,496,10
2023.0,Bijnor  DHQ  ,pE27TXbzXZ5,t03VPkJ5UXd,2652.0,,2024.0,7b,p,,Bijnor,uCYjHW7FuGG,indicator_7,496,7
2023.0,Bijnor  DHQ  ,pE27TXbzXZ5,g69FuEghiM5,2679.0,,2024.0,2d,p,,Bijnor,uCYjHW7FuGG,indicator_2,496,2
2023.0,Bijnor Nehtaur,rAeHXnn5JSw,TmeumlBaObG,7932.0,,2024.0,10b,p,32.0,Bijnor,uCYjHW7FuGG,indicator_10,818,10
2023.0,Bijnor Nehtaur,rAeHXnn5JSw,t03VPkJ5UXd,7051.0,,2024.0,7b,p,32.0,Bijnor,uCYjHW7FuGG,indicator_7,818,7
2023.0,Bijnor Nehtaur,rAeHXnn5JSw,g69FuEghiM5,7122.0,,2024.0,2d,p,32.0,Bijnor,uCYjHW7FuGG,indicator_2,818,2
2023.0,Bijnor Kiratpur,rzAzyO3UWpL,TmeumlBaObG,7602.0,,2024.0,10b,p,27.0,Bijnor,uCYjHW7FuGG,indicator_10,623,10
2023.0,Bijnor Kiratpur,rzAzyO3UWpL,t03VPkJ5UXd,6757.0,,2024.0,7b,p,27.0,Bijnor,uCYjHW7FuGG,indicator_7,623,7
2023.0,Bijnor Kiratpur,rzAzyO3UWpL,g69FuEghiM5,6825.0,,2024.0,2d,p,27.0,Bijnor,uCYjHW7FuGG,indicator_2,623,2
2023.0,Bijnor Chandok,shhTmT0DeTX,TmeumlBaObG,8947.0,,2024.0,10b,p,28.0,Bijnor,uCYjHW7FuGG,indicator_10,773,10
2023.0,Bijnor Chandok,shhTmT0DeTX,t03VPkJ5UXd,7952.0,,2024.0,7b,p,28.0,Bijnor,uCYjHW7FuGG,indicator_7,773,7
2023.0,Bijnor Chandok,shhTmT0DeTX,g69FuEghiM5,8032.0,,2024.0,2d,p,28.0,Bijnor,uCYjHW7FuGG,indicator_2,773,2
2023.0,Bijnor Afjialgarh,wwaYoRwSd1k,TmeumlBaObG,8466.0,,2024.0,10b,p,31.0,Bijnor,uCYjHW7FuGG,indicator_10,219,10
2023.0,Bijnor Afjialgarh,wwaYoRwSd1k,t03VPkJ5UXd,7525.0,,2024.0,7b,p,31.0,Bijnor,uCYjHW7FuGG,indicator_7,219,7
2023.0,Bijnor Afjialgarh,wwaYoRwSd1k,g69FuEghiM5,7600.0,,2024.0,2d,p,31.0,Bijnor,uCYjHW7FuGG,indicator_2,219,2
2023.0,Sangipur,EgafD8LSM5T,TmeumlBaObG,6037.0,,2024.0,10b,p,433.0,Pratapgarh,fz7bJo3egPX,indicator_10,236,10
2023.0,Sangipur,EgafD8LSM5T,t03VPkJ5UXd,5366.0,,2024.0,7b,p,433.0,Pratapgarh,fz7bJo3egPX,indicator_7,236,7
2023.0,Sangipur,EgafD8LSM5T,g69FuEghiM5,5420.0,,2024.0,2d,p,433.0,Pratapgarh,fz7bJo3egPX,indicator_2,236,2
2023.0,Shivgarh Pratapgarh,GMBAMYjK1nv,TmeumlBaObG,5443.0,,2024.0,10b,p,447.0,Pratapgarh,fz7bJo3egPX,indicator_10,588,10
2023.0,Shivgarh Pratapgarh,GMBAMYjK1nv,t03VPkJ5UXd,4838.0,,2024.0,7b,p,447.0,Pratapgarh,fz7bJo3egPX,indicator_7,588,7
2023.0,Shivgarh Pratapgarh,GMBAMYjK1nv,g69FuEghiM5,4887.0,,2024.0,2d,p,447.0,Pratapgarh,fz7bJo3egPX,indicator_2,588,2
2023.0,Patti,QGFqwtIZDnf,TmeumlBaObG,4381.0,,2024.0,10b,p,445.0,Pratapgarh,fz7bJo3egPX,indicator_10,580,10
2023.0,Patti,QGFqwtIZDnf,t03VPkJ5UXd,3894.0,,2024.0,7b,p,445.0,Pratapgarh,fz7bJo3egPX,indicator_7,580,7
2023.0,Patti,QGFqwtIZDnf,g69FuEghiM5,3933.0,,2024.0,2d,p,445.0,Pratapgarh,fz7bJo3egPX,indicator_2,580,2
2023.0,Belkharnath,VmevjLb8Eme,TmeumlBaObG,3903.0,,2024.0,10b,p,449.0,Pratapgarh,fz7bJo3egPX,indicator_10,848,10
2023.0,Belkharnath,VmevjLb8Eme,t03VPkJ5UXd,3469.0,,2024.0,7b,p,449.0,Pratapgarh,fz7bJo3egPX,indicator_7,848,7
2023.0,Belkharnath,VmevjLb8Eme,g69FuEghiM5,3504.0,,2024.0,2d,p,449.0,Pratapgarh,fz7bJo3egPX,indicator_2,848,2
2023.0,Kunda,XnEGHve0wKr,TmeumlBaObG,9030.0,,2024.0,10b,p,439.0,Pratapgarh,fz7bJo3egPX,indicator_10,136,10
2023.0,Kunda,XnEGHve0wKr,t03VPkJ5UXd,8026.0,,2024.0,7b,p,439.0,Pratapgarh,fz7bJo3egPX,indicator_7,136,7
2023.0,Kunda,XnEGHve0wKr,g69FuEghiM5,8107.0,,2024.0,2d,p,439.0,Pratapgarh,fz7bJo3egPX,indicator_2,136,2
2023.0,SChandrika,ZFpgvZ5wO0j,TmeumlBaObG,5381.0,,2024.0,10b,p,441.0,Pratapgarh,fz7bJo3egPX,indicator_10,174,10
2023.0,SChandrika,ZFpgvZ5wO0j,t03VPkJ5UXd,4784.0,,2024.0,7b,p,441.0,Pratapgarh,fz7bJo3egPX,indicator_7,174,7
2023.0,SChandrika,ZFpgvZ5wO0j,g69FuEghiM5,4831.0,,2024.0,2d,p,441.0,Pratapgarh,fz7bJo3egPX,indicator_2,174,2
2023.0,Mandhata,ZjQLMtbMM7E,TmeumlBaObG,7406.0,,2024.0,10b,p,443.0,Pratapgarh,fz7bJo3egPX,indicator_10,316,10
2023.0,Mandhata,ZjQLMtbMM7E,t03VPkJ5UXd,6583.0,,2024.0,7b,p,443.0,Pratapgarh,fz7bJo3egPX,indicator_7,316,7
2023.0,Mandhata,ZjQLMtbMM7E,g69FuEghiM5,6649.0,,2024.0,2d,p,443.0,Pratapgarh,fz7bJo3egPX,indicator_2,316,2
2023.0,Gaura,b29DRuniQju,TmeumlBaObG,6854.0,,2024.0,10b,p,448.0,Pratapgarh,fz7bJo3egPX,indicator_10,626,10
2023.0,Gaura,b29DRuniQju,t03VPkJ5UXd,6092.0,,2024.0,7b,p,448.0,Pratapgarh,fz7bJo3egPX,indicator_7,626,7
2023.0,Gaura,b29DRuniQju,g69FuEghiM5,6153.0,,2024.0,2d,p,448.0,Pratapgarh,fz7bJo3egPX,indicator_2,626,2
2023.0,RSangramgarh,dRG9GGcp4gQ,TmeumlBaObG,5143.0,,2024.0,10b,p,436.0,Pratapgarh,fz7bJo3egPX,indicator_10,535,10
2023.0,RSangramgarh,dRG9GGcp4gQ,t03VPkJ5UXd,4572.0,,2024.0,7b,p,436.0,Pratapgarh,fz7bJo3egPX,indicator_7,535,7
2023.0,RSangramgarh,dRG9GGcp4gQ,g69FuEghiM5,4618.0,,2024.0,2d,p,436.0,Pratapgarh,fz7bJo3egPX,indicator_2,535,2
2023.0,Sadar,dlErcN5wTNz,TmeumlBaObG,6012.0,,2024.0,10b,p,442.0,Pratapgarh,fz7bJo3egPX,indicator_10,280,10
2023.0,Sadar,dlErcN5wTNz,t03VPkJ5UXd,5344.0,,2024.0,7b,p,442.0,Pratapgarh,fz7bJo3egPX,indicator_7,280,7
2023.0,Sadar,dlErcN5wTNz,g69FuEghiM5,5398.0,,2024.0,2d,p,442.0,Pratapgarh,fz7bJo3egPX,indicator_2,280,2
2023.0,Kohandaur,es3YNWUdqOh,TmeumlBaObG,5622.0,,2024.0,10b,p,444.0,Pratapgarh,fz7bJo3egPX,indicator_10,543,10
2023.0,Kohandaur,es3YNWUdqOh,t03VPkJ5UXd,4998.0,,2024.0,7b,p,444.0,Pratapgarh,fz7bJo3egPX,indicator_7,543,7
2023.0,Kohandaur,es3YNWUdqOh,g69FuEghiM5,5048.0,,2024.0,2d,p,444.0,Pratapgarh,fz7bJo3egPX,indicator_2,543,2
2023.0,Aaspurdavsra,iobObmzVNqo,TmeumlBaObG,5783.0,,2024.0,10b,p,446.0,Pratapgarh,fz7bJo3egPX,indicator_10,585,10
2023.0,Aaspurdavsra,iobObmzVNqo,t03VPkJ5UXd,5141.0,,2024.0,7b,p,446.0,Pratapgarh,fz7bJo3egPX,indicator_7,585,7
2023.0,Aaspurdavsra,iobObmzVNqo,g69FuEghiM5,5192.0,,2024.0,2d,p,446.0,Pratapgarh,fz7bJo3egPX,indicator_2,585,2
2023.0,Vihar,klR8OoJpYaw,TmeumlBaObG,8013.0,,2024.0,10b,p,440.0,Pratapgarh,fz7bJo3egPX,indicator_10,665,10
2023.0,Vihar,klR8OoJpYaw,t03VPkJ5UXd,7122.0,,2024.0,7b,p,440.0,Pratapgarh,fz7bJo3egPX,indicator_7,665,7
2023.0,Vihar,klR8OoJpYaw,g69FuEghiM5,7194.0,,2024.0,2d,p,440.0,Pratapgarh,fz7bJo3egPX,indicator_2,665,2
2023.0,Pratapgarh DHQ,l7DJJezKzTw,TmeumlBaObG,3655.0,,2024.0,10b,p,,Pratapgarh,fz7bJo3egPX,indicator_10,667,10
2023.0,Pratapgarh DHQ,l7DJJezKzTw,t03VPkJ5UXd,3249.0,,2024.0,7b,p,,Pratapgarh,fz7bJo3egPX,indicator_7,667,7
2023.0,Pratapgarh DHQ,l7DJJezKzTw,g69FuEghiM5,3281.0,,2024.0,2d,p,,Pratapgarh,fz7bJo3egPX,indicator_2,667,2
2023.0,Lalganj Pratapgarh,lZg8HzmVg9D,TmeumlBaObG,4213.0,,2024.0,10b,p,434.0,Pratapgarh,fz7bJo3egPX,indicator_10,849,10
2023.0,Lalganj Pratapgarh,lZg8HzmVg9D,t03VPkJ5UXd,3745.0,,2024.0,7b,p,434.0,Pratapgarh,fz7bJo3egPX,indicator_7,849,7
2023.0,Lalganj Pratapgarh,lZg8HzmVg9D,g69FuEghiM5,3782.0,,2024.0,2d,p,434.0,Pratapgarh,fz7bJo3egPX,indicator_2,849,2
2023.0,Laxmanpur,loZ8Meaktfa,TmeumlBaObG,5581.0,,2024.0,10b,p,435.0,Pratapgarh,fz7bJo3egPX,indicator_10,614,10
2023.0,Laxmanpur,loZ8Meaktfa,t03VPkJ5UXd,4961.0,,2024.0,7b,p,435.0,Pratapgarh,fz7bJo3egPX,indicator_7,614,7
2023.0,Laxmanpur,loZ8Meaktfa,g69FuEghiM5,5011.0,,2024.0,2d,p,435.0,Pratapgarh,fz7bJo3egPX,indicator_2,614,2
2023.0,Kalakaker,qmMPEkTsow1,TmeumlBaObG,4953.0,,2024.0,10b,p,437.0,Pratapgarh,fz7bJo3egPX,indicator_10,840,10
2023.0,Kalakaker,qmMPEkTsow1,t03VPkJ5UXd,4402.0,,2024.0,7b,p,437.0,Pratapgarh,fz7bJo3egPX,indicator_7,840,7
2023.0,Kalakaker,qmMPEkTsow1,g69FuEghiM5,4446.0,,2024.0,2d,p,437.0,Pratapgarh,fz7bJo3egPX,indicator_2,840,2
2023.0,Babaganj,yepP1LEwWeE,TmeumlBaObG,6079.0,,2024.0,10b,p,438.0,Pratapgarh,fz7bJo3egPX,indicator_10,730,10
2023.0,Babaganj,yepP1LEwWeE,t03VPkJ5UXd,5403.0,,2024.0,7b,p,438.0,Pratapgarh,fz7bJo3egPX,indicator_7,730,7
2023.0,Babaganj,yepP1LEwWeE,g69FuEghiM5,5457.0,,2024.0,2d,p,438.0,Pratapgarh,fz7bJo3egPX,indicator_2,730,2
2023.0,Bankuti,Ek8aj4Sjo0n,TmeumlBaObG,6537.0,,2024.0,10b,p,606.0,Basti,J1P16zQEOUT,indicator_10,616,10
2023.0,Bankuti,Ek8aj4Sjo0n,t03VPkJ5UXd,5810.0,,2024.0,7b,p,606.0,Basti,J1P16zQEOUT,indicator_7,616,7
2023.0,Bankuti,Ek8aj4Sjo0n,g69FuEghiM5,5868.0,,2024.0,2d,p,606.0,Basti,J1P16zQEOUT,indicator_2,616,2
2023.0,Dubealiya,I6SfaoTpBWQ,TmeumlBaObG,3655.0,,2024.0,10b,p,602.0,Basti,J1P16zQEOUT,indicator_10,645,10
2023.0,Dubealiya,I6SfaoTpBWQ,t03VPkJ5UXd,3249.0,,2024.0,7b,p,602.0,Basti,J1P16zQEOUT,indicator_7,645,7
2023.0,Dubealiya,I6SfaoTpBWQ,g69FuEghiM5,3281.0,,2024.0,2d,p,602.0,Basti,J1P16zQEOUT,indicator_2,645,2
2023.0,Hreaiya,QB1bWVUZvNY,TmeumlBaObG,5760.0,,2024.0,10b,p,599.0,Basti,J1P16zQEOUT,indicator_10,886,10
2023.0,Hreaiya,QB1bWVUZvNY,t03VPkJ5UXd,5120.0,,2024.0,7b,p,599.0,Basti,J1P16zQEOUT,indicator_7,886,7
2023.0,Hreaiya,QB1bWVUZvNY,g69FuEghiM5,5172.0,,2024.0,2d,p,599.0,Basti,J1P16zQEOUT,indicator_2,886,2
2023.0,Bhadurpur,Rhej6WFZaSI,TmeumlBaObG,6241.0,,2024.0,10b,p,607.0,Basti,J1P16zQEOUT,indicator_10,721,10
2023.0,Bhadurpur,Rhej6WFZaSI,t03VPkJ5UXd,5548.0,,2024.0,7b,p,607.0,Basti,J1P16zQEOUT,indicator_7,721,7
2023.0,Bhadurpur,Rhej6WFZaSI,g69FuEghiM5,5603.0,,2024.0,2d,p,607.0,Basti,J1P16zQEOUT,indicator_2,721,2
2023.0,Rudhouli,X4NDrvDmL4p,TmeumlBaObG,4245.0,,2024.0,10b,p,603.0,Basti,J1P16zQEOUT,indicator_10,833,10
2023.0,Rudhouli,X4NDrvDmL4p,t03VPkJ5UXd,3773.0,,2024.0,7b,p,603.0,Basti,J1P16zQEOUT,indicator_7,833,7
2023.0,Rudhouli,X4NDrvDmL4p,g69FuEghiM5,3811.0,,2024.0,2d,p,603.0,Basti,J1P16zQEOUT,indicator_2,833,2
2023.0,Kaptanganj Basti,XyOAuYi23Qw,TmeumlBaObG,4626.0,,2024.0,10b,p,601.0,Basti,J1P16zQEOUT,indicator_10,36,10
2023.0,Kaptanganj Basti,XyOAuYi23Qw,t03VPkJ5UXd,4112.0,,2024.0,7b,p,601.0,Basti,J1P16zQEOUT,indicator_7,36,7
2023.0,Kaptanganj Basti,XyOAuYi23Qw,g69FuEghiM5,4153.0,,2024.0,2d,p,601.0,Basti,J1P16zQEOUT,indicator_2,36,2
2023.0,Kudreha,gwFahuoicRH,TmeumlBaObG,5063.0,,2024.0,10b,p,608.0,Basti,J1P16zQEOUT,indicator_10,237,10
2023.0,Kudreha,gwFahuoicRH,t03VPkJ5UXd,4500.0,,2024.0,7b,p,608.0,Basti,J1P16zQEOUT,indicator_7,237,7
2023.0,Kudreha,gwFahuoicRH,g69FuEghiM5,4545.0,,2024.0,2d,p,608.0,Basti,J1P16zQEOUT,indicator_2,237,2
2023.0,Basti DHQ,hIlEZsYKlhK,TmeumlBaObG,4160.0,,2024.0,10b,p,,Basti,J1P16zQEOUT,indicator_10,75,10
2023.0,Basti DHQ,hIlEZsYKlhK,t03VPkJ5UXd,3697.0,,2024.0,7b,p,,Basti,J1P16zQEOUT,indicator_7,75,7
2023.0,Basti DHQ,hIlEZsYKlhK,g69FuEghiM5,3734.0,,2024.0,2d,p,,Basti,J1P16zQEOUT,indicator_2,75,2
2023.0,Ramnagar Basti,jiDSxIFBh1G,TmeumlBaObG,6190.0,,2024.0,10b,p,595.0,Basti,J1P16zQEOUT,indicator_10,351,10
2023.0,Ramnagar Basti,jiDSxIFBh1G,t03VPkJ5UXd,5502.0,,2024.0,7b,p,595.0,Basti,J1P16zQEOUT,indicator_7,351,7
2023.0,Ramnagar Basti,jiDSxIFBh1G,g69FuEghiM5,5557.0,,2024.0,2d,p,595.0,Basti,J1P16zQEOUT,indicator_2,351,2
2023.0,Sahughat,knCO4emeZY1,TmeumlBaObG,7189.0,,2024.0,10b,p,604.0,Basti,J1P16zQEOUT,indicator_10,254,10
2023.0,Sahughat,knCO4emeZY1,t03VPkJ5UXd,6390.0,,2024.0,7b,p,604.0,Basti,J1P16zQEOUT,indicator_7,254,7
2023.0,Sahughat,knCO4emeZY1,g69FuEghiM5,6454.0,,2024.0,2d,p,604.0,Basti,J1P16zQEOUT,indicator_2,254,2
2023.0,Parasrampur,nE41ZrKaU9G,TmeumlBaObG,6101.0,,2024.0,10b,p,597.0,Basti,J1P16zQEOUT,indicator_10,178,10
2023.0,Parasrampur,nE41ZrKaU9G,t03VPkJ5UXd,5423.0,,2024.0,7b,p,597.0,Basti,J1P16zQEOUT,indicator_7,178,7
2023.0,Parasrampur,nE41ZrKaU9G,g69FuEghiM5,5478.0,,2024.0,2d,p,597.0,Basti,J1P16zQEOUT,indicator_2,178,2
2023.0,Goura,omXlDQQZhm0,TmeumlBaObG,8693.0,,2024.0,10b,p,598.0,Basti,J1P16zQEOUT,indicator_10,318,10
2023.0,Goura,omXlDQQZhm0,t03VPkJ5UXd,7728.0,,2024.0,7b,p,598.0,Basti,J1P16zQEOUT,indicator_7,318,7
2023.0,Goura,omXlDQQZhm0,g69FuEghiM5,7805.0,,2024.0,2d,p,598.0,Basti,J1P16zQEOUT,indicator_2,318,2
2023.0,Vikramjot,r1D91q65KwQ,TmeumlBaObG,5643.0,,2024.0,10b,p,600.0,Basti,J1P16zQEOUT,indicator_10,198,10
2023.0,Vikramjot,r1D91q65KwQ,t03VPkJ5UXd,5016.0,,2024.0,7b,p,600.0,Basti,J1P16zQEOUT,indicator_7,198,7
2023.0,Vikramjot,r1D91q65KwQ,g69FuEghiM5,5067.0,,2024.0,2d,p,600.0,Basti,J1P16zQEOUT,indicator_2,198,2
2023.0,Saltova,tLE0KpRqOMk,TmeumlBaObG,6819.0,,2024.0,10b,p,596.0,Basti,J1P16zQEOUT,indicator_10,208,10
2023.0,Saltova,tLE0KpRqOMk,t03VPkJ5UXd,6061.0,,2024.0,7b,p,596.0,Basti,J1P16zQEOUT,indicator_7,208,7
2023.0,Saltova,tLE0KpRqOMk,g69FuEghiM5,6122.0,,2024.0,2d,p,596.0,Basti,J1P16zQEOUT,indicator_2,208,2
2023.0,Basti Sader,zshpWWwvLd3,TmeumlBaObG,8486.0,,2024.0,10b,p,605.0,Basti,J1P16zQEOUT,indicator_10,244,10
2023.0,Basti Sader,zshpWWwvLd3,t03VPkJ5UXd,7543.0,,2024.0,7b,p,605.0,Basti,J1P16zQEOUT,indicator_7,244,7
2023.0,Basti Sader,zshpWWwvLd3,g69FuEghiM5,7619.0,,2024.0,2d,p,605.0,Basti,J1P16zQEOUT,indicator_2,244,2
2023.0,Gajraula,F4PpXNqeUpP,TmeumlBaObG,8480.0,,2024.0,10b,p,59.0,Amroha,hgquAmZaNBu,indicator_10,247,10
2023.0,Gajraula,F4PpXNqeUpP,t03VPkJ5UXd,7538.0,,2024.0,7b,p,59.0,Amroha,hgquAmZaNBu,indicator_7,247,7
2023.0,Gajraula,F4PpXNqeUpP,g69FuEghiM5,7613.0,,2024.0,2d,p,59.0,Amroha,hgquAmZaNBu,indicator_2,247,2
2023.0,Dhanaura,KocU1z4MS42,TmeumlBaObG,9146.0,,2024.0,10b,p,56.0,Amroha,hgquAmZaNBu,indicator_10,30,10
2023.0,Dhanaura,KocU1z4MS42,t03VPkJ5UXd,8130.0,,2024.0,7b,p,56.0,Amroha,hgquAmZaNBu,indicator_7,30,7
2023.0,Dhanaura,KocU1z4MS42,g69FuEghiM5,8211.0,,2024.0,2d,p,56.0,Amroha,hgquAmZaNBu,indicator_2,30,2
2023.0,Amroha DHQ,Ygt5E2MGGWd,TmeumlBaObG,7576.0,,2024.0,10b,p,,Amroha,hgquAmZaNBu,indicator_10,179,10
2023.0,Amroha DHQ,Ygt5E2MGGWd,t03VPkJ5UXd,6734.0,,2024.0,7b,p,,Amroha,hgquAmZaNBu,indicator_7,179,7
2023.0,Amroha DHQ,Ygt5E2MGGWd,g69FuEghiM5,6801.0,,2024.0,2d,p,,Amroha,hgquAmZaNBu,indicator_2,179,2
2023.0,Gangeshwari,bkkdTIrC9mc,TmeumlBaObG,7828.0,,2024.0,10b,p,61.0,Amroha,hgquAmZaNBu,indicator_10,518,10
2023.0,Gangeshwari,bkkdTIrC9mc,t03VPkJ5UXd,6958.0,,2024.0,7b,p,61.0,Amroha,hgquAmZaNBu,indicator_7,518,7
2023.0,Gangeshwari,bkkdTIrC9mc,g69FuEghiM5,7028.0,,2024.0,2d,p,61.0,Amroha,hgquAmZaNBu,indicator_2,518,2
2023.0,Block Amroha,o9uEgq78lMK,TmeumlBaObG,9389.0,,2024.0,10b,p,57.0,Amroha,hgquAmZaNBu,indicator_10,703,10
2023.0,Block Amroha,o9uEgq78lMK,t03VPkJ5UXd,8345.0,,2024.0,7b,p,57.0,Amroha,hgquAmZaNBu,indicator_7,703,7
2023.0,Block Amroha,o9uEgq78lMK,g69FuEghiM5,8429.0,,2024.0,2d,p,57.0,Amroha,hgquAmZaNBu,indicator_2,703,2
2023.0,Joya,ouPBHlLzBAu,TmeumlBaObG,11427.0,,2024.0,10b,p,58.0,Amroha,hgquAmZaNBu,indicator_10,26,10
2023.0,Joya,ouPBHlLzBAu,t03VPkJ5UXd,10157.0,,2024.0,7b,p,58.0,Amroha,hgquAmZaNBu,indicator_7,26,7
2023.0,Joya,ouPBHlLzBAu,g69FuEghiM5,10259.0,,2024.0,2d,p,58.0,Amroha,hgquAmZaNBu,indicator_2,26,2
2023.0,Hasanpur,rWNzTUgiIT6,TmeumlBaObG,10443.0,,2024.0,10b,p,60.0,Amroha,hgquAmZaNBu,indicator_10,732,10
2023.0,Hasanpur,rWNzTUgiIT6,t03VPkJ5UXd,9283.0,,2024.0,7b,p,60.0,Amroha,hgquAmZaNBu,indicator_7,732,7
2023.0,Hasanpur,rWNzTUgiIT6,g69FuEghiM5,9376.0,,2024.0,2d,p,60.0,Amroha,hgquAmZaNBu,indicator_2,732,2
2023.0,Hamirpur Nauranga,F4fL0v4ObFM,TmeumlBaObG,5419.0,,2024.0,10b,p,400.0,Hamirpur,VSI7HobT5qL,indicator_10,234,10
2023.0,Hamirpur Nauranga,F4fL0v4ObFM,t03VPkJ5UXd,4817.0,,2024.0,7b,p,400.0,Hamirpur,VSI7HobT5qL,indicator_7,234,7
2023.0,Hamirpur Nauranga,F4fL0v4ObFM,g69FuEghiM5,4865.0,,2024.0,2d,p,400.0,Hamirpur,VSI7HobT5qL,indicator_2,234,2
2023.0,Hamirpur Kurara,JcfBKD9Fdaw,TmeumlBaObG,3523.0,,2024.0,10b,p,396.0,Hamirpur,VSI7HobT5qL,indicator_10,131,10
2023.0,Hamirpur Kurara,JcfBKD9Fdaw,t03VPkJ5UXd,3132.0,,2024.0,7b,p,396.0,Hamirpur,VSI7HobT5qL,indicator_7,131,7
2023.0,Hamirpur Kurara,JcfBKD9Fdaw,g69FuEghiM5,3163.0,,2024.0,2d,p,396.0,Hamirpur,VSI7HobT5qL,indicator_2,131,2
2023.0,Hamirpur DHQ,KZozTRTvHgU,TmeumlBaObG,1045.0,,2024.0,10b,p,,Hamirpur,VSI7HobT5qL,indicator_10,902,10
2023.0,Hamirpur DHQ,KZozTRTvHgU,t03VPkJ5UXd,929.0,,2024.0,7b,p,,Hamirpur,VSI7HobT5qL,indicator_7,902,7
2023.0,Hamirpur DHQ,KZozTRTvHgU,g69FuEghiM5,938.0,,2024.0,2d,p,,Hamirpur,VSI7HobT5qL,indicator_2,902,2
2023.0,Hamirpur Gohand,SEb6dTDNGdm,TmeumlBaObG,4050.0,,2024.0,10b,p,399.0,Hamirpur,VSI7HobT5qL,indicator_10,319,10
2023.0,Hamirpur Gohand,SEb6dTDNGdm,t03VPkJ5UXd,3600.0,,2024.0,7b,p,399.0,Hamirpur,VSI7HobT5qL,indicator_7,319,7
2023.0,Hamirpur Gohand,SEb6dTDNGdm,g69FuEghiM5,3636.0,,2024.0,2d,p,399.0,Hamirpur,VSI7HobT5qL,indicator_2,319,2
2023.0,Hamirpur Dhagwa,X8nyWuBobaz,TmeumlBaObG,3883.0,,2024.0,10b,p,398.0,Hamirpur,VSI7HobT5qL,indicator_10,333,10
2023.0,Hamirpur Dhagwa,X8nyWuBobaz,t03VPkJ5UXd,3451.0,,2024.0,7b,p,398.0,Hamirpur,VSI7HobT5qL,indicator_7,333,7
2023.0,Hamirpur Dhagwa,X8nyWuBobaz,g69FuEghiM5,3486.0,,2024.0,2d,p,398.0,Hamirpur,VSI7HobT5qL,indicator_2,333,2
2023.0,Hamirpur Muskura,Ye7mS631ryY,TmeumlBaObG,4372.0,,2024.0,10b,p,401.0,Hamirpur,VSI7HobT5qL,indicator_10,763,10
2023.0,Hamirpur Muskura,Ye7mS631ryY,t03VPkJ5UXd,3886.0,,2024.0,7b,p,401.0,Hamirpur,VSI7HobT5qL,indicator_7,763,7
2023.0,Hamirpur Muskura,Ye7mS631ryY,g69FuEghiM5,3925.0,,2024.0,2d,p,401.0,Hamirpur,VSI7HobT5qL,indicator_2,763,2
2023.0,Hamirpur Moudha,dDqSL7Hp2TV,TmeumlBaObG,6312.0,,2024.0,10b,p,402.0,Hamirpur,VSI7HobT5qL,indicator_10,262,10
2023.0,Hamirpur Moudha,dDqSL7Hp2TV,t03VPkJ5UXd,5610.0,,2024.0,7b,p,402.0,Hamirpur,VSI7HobT5qL,indicator_7,262,7
2023.0,Hamirpur Moudha,dDqSL7Hp2TV,g69FuEghiM5,5666.0,,2024.0,2d,p,402.0,Hamirpur,VSI7HobT5qL,indicator_2,262,2
2023.0,Hamirpur Sumerpur,q73Py9jt80A,TmeumlBaObG,6116.0,,2024.0,10b,p,397.0,Hamirpur,VSI7HobT5qL,indicator_10,905,10
2023.0,Hamirpur Sumerpur,q73Py9jt80A,t03VPkJ5UXd,5436.0,,2024.0,7b,p,397.0,Hamirpur,VSI7HobT5qL,indicator_7,905,7
2023.0,Hamirpur Sumerpur,q73Py9jt80A,g69FuEghiM5,5491.0,,2024.0,2d,p,397.0,Hamirpur,VSI7HobT5qL,indicator_2,905,2
2023.0,Ballia Pandah,F6ojCWU9pCH,TmeumlBaObG,4826.0,,2024.0,10b,p,713.0,Ballia,oNDvGBE5fLq,indicator_10,604,10
2023.0,Ballia Pandah,F6ojCWU9pCH,t03VPkJ5UXd,4290.0,,2024.0,7b,p,713.0,Ballia,oNDvGBE5fLq,indicator_7,604,7
2023.0,Ballia Pandah,F6ojCWU9pCH,g69FuEghiM5,4333.0,,2024.0,2d,p,713.0,Ballia,oNDvGBE5fLq,indicator_2,604,2
2023.0,Ballia Bansdih,G4HRu37srJN,TmeumlBaObG,5986.0,,2024.0,10b,p,723.0,Ballia,oNDvGBE5fLq,indicator_10,80,10
2023.0,Ballia Bansdih,G4HRu37srJN,t03VPkJ5UXd,5321.0,,2024.0,7b,p,723.0,Ballia,oNDvGBE5fLq,indicator_7,80,7
2023.0,Ballia Bansdih,G4HRu37srJN,g69FuEghiM5,5374.0,,2024.0,2d,p,723.0,Ballia,oNDvGBE5fLq,indicator_2,80,2
2023.0,Ballia Nagra,L91X7r5wkfW,TmeumlBaObG,8810.0,,2024.0,10b,p,711.0,Ballia,oNDvGBE5fLq,indicator_10,752,10
2023.0,Ballia Nagra,L91X7r5wkfW,t03VPkJ5UXd,7831.0,,2024.0,7b,p,711.0,Ballia,oNDvGBE5fLq,indicator_7,752,7
2023.0,Ballia Nagra,L91X7r5wkfW,g69FuEghiM5,7909.0,,2024.0,2d,p,711.0,Ballia,oNDvGBE5fLq,indicator_2,752,2
2023.0,Ballia Beruarbari,MTIyIVsTiFD,TmeumlBaObG,4108.0,,2024.0,10b,p,722.0,Ballia,oNDvGBE5fLq,indicator_10,128,10
2023.0,Ballia Beruarbari,MTIyIVsTiFD,t03VPkJ5UXd,3651.0,,2024.0,7b,p,722.0,Ballia,oNDvGBE5fLq,indicator_7,128,7
2023.0,Ballia Beruarbari,MTIyIVsTiFD,g69FuEghiM5,3688.0,,2024.0,2d,p,722.0,Ballia,oNDvGBE5fLq,indicator_2,128,2
2023.0,Ballia DHQ,RHjnoE1DdVp,TmeumlBaObG,4124.0,,2024.0,10b,p,,Ballia,oNDvGBE5fLq,indicator_10,450,10
2023.0,Ballia DHQ,RHjnoE1DdVp,t03VPkJ5UXd,3666.0,,2024.0,7b,p,,Ballia,oNDvGBE5fLq,indicator_7,450,7
2023.0,Ballia DHQ,RHjnoE1DdVp,g69FuEghiM5,3702.0,,2024.0,2d,p,,Ballia,oNDvGBE5fLq,indicator_2,450,2
2023.0,Ballia Bairiya,WZYAC5DYYJk,TmeumlBaObG,5774.0,,2024.0,10b,p,725.0,Ballia,oNDvGBE5fLq,indicator_10,832,10
2023.0,Ballia Bairiya,WZYAC5DYYJk,t03VPkJ5UXd,5132.0,,2024.0,7b,p,725.0,Ballia,oNDvGBE5fLq,indicator_7,832,7
2023.0,Ballia Bairiya,WZYAC5DYYJk,g69FuEghiM5,5183.0,,2024.0,2d,p,725.0,Ballia,oNDvGBE5fLq,indicator_2,832,2
2023.0,Ballia Reoti,ZEh2syBgHks,TmeumlBaObG,6556.0,,2024.0,10b,p,724.0,Ballia,oNDvGBE5fLq,indicator_10,89,10
2023.0,Ballia Reoti,ZEh2syBgHks,t03VPkJ5UXd,5828.0,,2024.0,7b,p,724.0,Ballia,oNDvGBE5fLq,indicator_7,89,7
2023.0,Ballia Reoti,ZEh2syBgHks,g69FuEghiM5,5886.0,,2024.0,2d,p,724.0,Ballia,oNDvGBE5fLq,indicator_2,89,2
2023.0,Ballia Sohaw,aNOBGjwlNho,TmeumlBaObG,5429.0,,2024.0,10b,p,718.0,Ballia,oNDvGBE5fLq,indicator_10,676,10
2023.0,Ballia Sohaw,aNOBGjwlNho,t03VPkJ5UXd,4826.0,,2024.0,7b,p,718.0,Ballia,oNDvGBE5fLq,indicator_7,676,7
2023.0,Ballia Sohaw,aNOBGjwlNho,g69FuEghiM5,4874.0,,2024.0,2d,p,718.0,Ballia,oNDvGBE5fLq,indicator_2,676,2
2023.0,Ballia Dubhar,bmh3vNuN7xM,TmeumlBaObG,6034.0,,2024.0,10b,p,720.0,Ballia,oNDvGBE5fLq,indicator_10,16,10
2023.0,Ballia Dubhar,bmh3vNuN7xM,t03VPkJ5UXd,5364.0,,2024.0,7b,p,720.0,Ballia,oNDvGBE5fLq,indicator_7,16,7
2023.0,Ballia Dubhar,bmh3vNuN7xM,g69FuEghiM5,5417.0,,2024.0,2d,p,720.0,Ballia,oNDvGBE5fLq,indicator_2,16,2
2023.0,Ballia Hanumanganj,cu4HLxXXRm1,TmeumlBaObG,6708.0,,2024.0,10b,p,719.0,Ballia,oNDvGBE5fLq,indicator_10,708,10
2023.0,Ballia Hanumanganj,cu4HLxXXRm1,t03VPkJ5UXd,5963.0,,2024.0,7b,p,719.0,Ballia,oNDvGBE5fLq,indicator_7,708,7
2023.0,Ballia Hanumanganj,cu4HLxXXRm1,g69FuEghiM5,6023.0,,2024.0,2d,p,719.0,Ballia,oNDvGBE5fLq,indicator_2,708,2
2023.0,Ballia Maniyar,eFwNuT9zZod,TmeumlBaObG,5155.0,,2024.0,10b,p,714.0,Ballia,oNDvGBE5fLq,indicator_10,348,10
2023.0,Ballia Maniyar,eFwNuT9zZod,t03VPkJ5UXd,4582.0,,2024.0,7b,p,714.0,Ballia,oNDvGBE5fLq,indicator_7,348,7
2023.0,Ballia Maniyar,eFwNuT9zZod,g69FuEghiM5,4628.0,,2024.0,2d,p,714.0,Ballia,oNDvGBE5fLq,indicator_2,348,2
2023.0,Ballia Garwar,jh6PK3SOcHL,TmeumlBaObG,5445.0,,2024.0,10b,p,717.0,Ballia,oNDvGBE5fLq,indicator_10,570,10
2023.0,Ballia Garwar,jh6PK3SOcHL,t03VPkJ5UXd,4840.0,,2024.0,7b,p,717.0,Ballia,oNDvGBE5fLq,indicator_7,570,7
2023.0,Ballia Garwar,jh6PK3SOcHL,g69FuEghiM5,4889.0,,2024.0,2d,p,717.0,Ballia,oNDvGBE5fLq,indicator_2,570,2
2023.0,Ballia Navanagar,kepTOn7He9W,TmeumlBaObG,5943.0,,2024.0,10b,p,712.0,Ballia,oNDvGBE5fLq,indicator_10,472,10
2023.0,Ballia Navanagar,kepTOn7He9W,t03VPkJ5UXd,5283.0,,2024.0,7b,p,712.0,Ballia,oNDvGBE5fLq,indicator_7,472,7
2023.0,Ballia Navanagar,kepTOn7He9W,g69FuEghiM5,5335.0,,2024.0,2d,p,712.0,Ballia,oNDvGBE5fLq,indicator_2,472,2
2023.0,Ballia Chilkahar,lLzGu8T43H8,TmeumlBaObG,5934.0,,2024.0,10b,p,716.0,Ballia,oNDvGBE5fLq,indicator_10,852,10
2023.0,Ballia Chilkahar,lLzGu8T43H8,t03VPkJ5UXd,5274.0,,2024.0,7b,p,716.0,Ballia,oNDvGBE5fLq,indicator_7,852,7
2023.0,Ballia Chilkahar,lLzGu8T43H8,g69FuEghiM5,5327.0,,2024.0,2d,p,716.0,Ballia,oNDvGBE5fLq,indicator_2,852,2
2023.0,Ballia Siar,mH7MZIxUv1s,TmeumlBaObG,8372.0,,2024.0,10b,p,710.0,Ballia,oNDvGBE5fLq,indicator_10,205,10
2023.0,Ballia Siar,mH7MZIxUv1s,t03VPkJ5UXd,7442.0,,2024.0,7b,p,710.0,Ballia,oNDvGBE5fLq,indicator_7,205,7
2023.0,Ballia Siar,mH7MZIxUv1s,g69FuEghiM5,7516.0,,2024.0,2d,p,710.0,Ballia,oNDvGBE5fLq,indicator_2,205,2
2023.0,Ballia Bellhri,s2dEYvDCkAZ,TmeumlBaObG,4238.0,,2024.0,10b,p,721.0,Ballia,oNDvGBE5fLq,indicator_10,868,10
2023.0,Ballia Bellhri,s2dEYvDCkAZ,t03VPkJ5UXd,3767.0,,2024.0,7b,p,721.0,Ballia,oNDvGBE5fLq,indicator_7,868,7
2023.0,Ballia Bellhri,s2dEYvDCkAZ,g69FuEghiM5,3804.0,,2024.0,2d,p,721.0,Ballia,oNDvGBE5fLq,indicator_2,868,2
2023.0,Ballia Rasra,tws6xITzNhV,TmeumlBaObG,7586.0,,2024.0,10b,p,715.0,Ballia,oNDvGBE5fLq,indicator_10,447,10
2023.0,Ballia Rasra,tws6xITzNhV,t03VPkJ5UXd,6744.0,,2024.0,7b,p,715.0,Ballia,oNDvGBE5fLq,indicator_7,447,7
2023.0,Ballia Rasra,tws6xITzNhV,g69FuEghiM5,6811.0,,2024.0,2d,p,715.0,Ballia,oNDvGBE5fLq,indicator_2,447,2
2023.0,Ballia Murli Chhapra,wn2e7ufbuPd,TmeumlBaObG,4755.0,,2024.0,10b,p,726.0,Ballia,oNDvGBE5fLq,indicator_10,122,10
2023.0,Ballia Murli Chhapra,wn2e7ufbuPd,t03VPkJ5UXd,4226.0,,2024.0,7b,p,726.0,Ballia,oNDvGBE5fLq,indicator_7,122,7
2023.0,Ballia Murli Chhapra,wn2e7ufbuPd,g69FuEghiM5,4269.0,,2024.0,2d,p,726.0,Ballia,oNDvGBE5fLq,indicator_2,122,2
2023.0,Gautam Buddha Nagar Dankaur,FGqvmr1orP5,TmeumlBaObG,9969.0,,2024.0,10b,p,90.0,Gautam Buddha Nagar,bNmwkrQeP3e,indicator_10,685,10
2023.0,Gautam Buddha Nagar Dankaur,FGqvmr1orP5,t03VPkJ5UXd,8861.0,,2024.0,7b,p,90.0,Gautam Buddha Nagar,bNmwkrQeP3e,indicator_7,685,7
2023.0,Gautam Buddha Nagar Dankaur,FGqvmr1orP5,g69FuEghiM5,8950.0,,2024.0,2d,p,90.0,Gautam Buddha Nagar,bNmwkrQeP3e,indicator_2,685,2
2023.0,Gautam Buddha Nagar DHQ,H3RUhD0AAjW,TmeumlBaObG,21488.0,,2024.0,10b,p,,Gautam Buddha Nagar,bNmwkrQeP3e,indicator_10,796,10
2023.0,Gautam Buddha Nagar DHQ,H3RUhD0AAjW,t03VPkJ5UXd,19101.0,,2024.0,7b,p,,Gautam Buddha Nagar,bNmwkrQeP3e,indicator_7,796,7
2023.0,Gautam Buddha Nagar DHQ,H3RUhD0AAjW,g69FuEghiM5,19292.0,,2024.0,2d,p,,Gautam Buddha Nagar,bNmwkrQeP3e,indicator_2,796,2
2023.0,Gautam Buddha Nagar Jever,dnrD7zqEOQ2,TmeumlBaObG,6768.0,,2024.0,10b,p,91.0,Gautam Buddha Nagar,bNmwkrQeP3e,indicator_10,753,10
2023.0,Gautam Buddha Nagar Jever,dnrD7zqEOQ2,t03VPkJ5UXd,6016.0,,2024.0,7b,p,91.0,Gautam Buddha Nagar,bNmwkrQeP3e,indicator_7,753,7
2023.0,Gautam Buddha Nagar Jever,dnrD7zqEOQ2,g69FuEghiM5,6076.0,,2024.0,2d,p,91.0,Gautam Buddha Nagar,bNmwkrQeP3e,indicator_2,753,2
2023.0,Gautam Buddha Nagar Dadri,kRWfFb08HmE,TmeumlBaObG,9264.0,,2024.0,10b,p,89.0,Gautam Buddha Nagar,bNmwkrQeP3e,indicator_10,127,10
2023.0,Gautam Buddha Nagar Dadri,kRWfFb08HmE,t03VPkJ5UXd,8235.0,,2024.0,7b,p,89.0,Gautam Buddha Nagar,bNmwkrQeP3e,indicator_7,127,7
2023.0,Gautam Buddha Nagar Dadri,kRWfFb08HmE,g69FuEghiM5,8317.0,,2024.0,2d,p,89.0,Gautam Buddha Nagar,bNmwkrQeP3e,indicator_2,127,2
2023.0,Gautam Buddha Nagar Bisrakh,y9wSctfMKAu,TmeumlBaObG,4331.0,,2024.0,10b,p,88.0,Gautam Buddha Nagar,bNmwkrQeP3e,indicator_10,190,10
2023.0,Gautam Buddha Nagar Bisrakh,y9wSctfMKAu,t03VPkJ5UXd,3850.0,,2024.0,7b,p,88.0,Gautam Buddha Nagar,bNmwkrQeP3e,indicator_7,190,7
2023.0,Gautam Buddha Nagar Bisrakh,y9wSctfMKAu,g69FuEghiM5,3888.0,,2024.0,2d,p,88.0,Gautam Buddha Nagar,bNmwkrQeP3e,indicator_2,190,2
2023.0,Meerut MEERUT,FX5OPO64IaR,TmeumlBaObG,2376.0,,2024.0,10b,p,71.0,Meerut,v8YGmR7nOdj,indicator_10,367,10
2023.0,Meerut MEERUT,FX5OPO64IaR,t03VPkJ5UXd,2112.0,,2024.0,7b,p,71.0,Meerut,v8YGmR7nOdj,indicator_7,367,7
2023.0,Meerut MEERUT,FX5OPO64IaR,g69FuEghiM5,2133.0,,2024.0,2d,p,71.0,Meerut,v8YGmR7nOdj,indicator_2,367,2
2023.0,Meerut Kharkhoda,KHpYLDYW8Pp,TmeumlBaObG,4382.0,,2024.0,10b,p,73.0,Meerut,v8YGmR7nOdj,indicator_10,99,10
2023.0,Meerut Kharkhoda,KHpYLDYW8Pp,t03VPkJ5UXd,3895.0,,2024.0,7b,p,73.0,Meerut,v8YGmR7nOdj,indicator_7,99,7
2023.0,Meerut Kharkhoda,KHpYLDYW8Pp,g69FuEghiM5,3934.0,,2024.0,2d,p,73.0,Meerut,v8YGmR7nOdj,indicator_2,99,2
2023.0,Meerut Hastinapur,MK6uVgXBbvK,TmeumlBaObG,5064.0,,2024.0,10b,p,66.0,Meerut,v8YGmR7nOdj,indicator_10,59,10
2023.0,Meerut Hastinapur,MK6uVgXBbvK,t03VPkJ5UXd,4502.0,,2024.0,7b,p,66.0,Meerut,v8YGmR7nOdj,indicator_7,59,7
2023.0,Meerut Hastinapur,MK6uVgXBbvK,g69FuEghiM5,4547.0,,2024.0,2d,p,66.0,Meerut,v8YGmR7nOdj,indicator_2,59,2
2023.0,Meerut Jani Khurd,Sl9Xsytpbd8,TmeumlBaObG,5771.0,,2024.0,10b,p,70.0,Meerut,v8YGmR7nOdj,indicator_10,156,10
2023.0,Meerut Jani Khurd,Sl9Xsytpbd8,t03VPkJ5UXd,5130.0,,2024.0,7b,p,70.0,Meerut,v8YGmR7nOdj,indicator_7,156,7
2023.0,Meerut Jani Khurd,Sl9Xsytpbd8,g69FuEghiM5,5181.0,,2024.0,2d,p,70.0,Meerut,v8YGmR7nOdj,indicator_2,156,2
2023.0,Meerut Rajpura,Vqeqm6XaBle,TmeumlBaObG,6137.0,,2024.0,10b,p,72.0,Meerut,v8YGmR7nOdj,indicator_10,134,10
2023.0,Meerut Rajpura,Vqeqm6XaBle,t03VPkJ5UXd,5455.0,,2024.0,7b,p,72.0,Meerut,v8YGmR7nOdj,indicator_7,134,7
2023.0,Meerut Rajpura,Vqeqm6XaBle,g69FuEghiM5,5510.0,,2024.0,2d,p,72.0,Meerut,v8YGmR7nOdj,indicator_2,134,2
2023.0,Meerut Daurala,adk9clLdGC3,TmeumlBaObG,5868.0,,2024.0,10b,p,64.0,Meerut,v8YGmR7nOdj,indicator_10,589,10
2023.0,Meerut Daurala,adk9clLdGC3,t03VPkJ5UXd,5216.0,,2024.0,7b,p,64.0,Meerut,v8YGmR7nOdj,indicator_7,589,7
2023.0,Meerut Daurala,adk9clLdGC3,g69FuEghiM5,5268.0,,2024.0,2d,p,64.0,Meerut,v8YGmR7nOdj,indicator_2,589,2
2023.0,Meerut Saroorpur,cRH5g6dZ1xf,TmeumlBaObG,5810.0,,2024.0,10b,p,62.0,Meerut,v8YGmR7nOdj,indicator_10,3,10
2023.0,Meerut Saroorpur,cRH5g6dZ1xf,t03VPkJ5UXd,5165.0,,2024.0,7b,p,62.0,Meerut,v8YGmR7nOdj,indicator_7,3,7
2023.0,Meerut Saroorpur,cRH5g6dZ1xf,g69FuEghiM5,5216.0,,2024.0,2d,p,62.0,Meerut,v8YGmR7nOdj,indicator_2,3,2
2023.0,Meerut Rohta,nSWcYd5JkhS,TmeumlBaObG,3751.0,,2024.0,10b,p,69.0,Meerut,v8YGmR7nOdj,indicator_10,217,10
2023.0,Meerut Rohta,nSWcYd5JkhS,t03VPkJ5UXd,3334.0,,2024.0,7b,p,69.0,Meerut,v8YGmR7nOdj,indicator_7,217,7
2023.0,Meerut Rohta,nSWcYd5JkhS,g69FuEghiM5,3368.0,,2024.0,2d,p,69.0,Meerut,v8YGmR7nOdj,indicator_2,217,2
2023.0,Meerut Parikshatgarh,oNOcph5dm8a,TmeumlBaObG,6168.0,,2024.0,10b,p,67.0,Meerut,v8YGmR7nOdj,indicator_10,772,10
2023.0,Meerut Parikshatgarh,oNOcph5dm8a,t03VPkJ5UXd,5483.0,,2024.0,7b,p,67.0,Meerut,v8YGmR7nOdj,indicator_7,772,7
2023.0,Meerut Parikshatgarh,oNOcph5dm8a,g69FuEghiM5,5538.0,,2024.0,2d,p,67.0,Meerut,v8YGmR7nOdj,indicator_2,772,2
2023.0,Meerut Machra,qeUdKRqslg0,TmeumlBaObG,5985.0,,2024.0,10b,p,68.0,Meerut,v8YGmR7nOdj,indicator_10,95,10
2023.0,Meerut Machra,qeUdKRqslg0,t03VPkJ5UXd,5320.0,,2024.0,7b,p,68.0,Meerut,v8YGmR7nOdj,indicator_7,95,7
2023.0,Meerut Machra,qeUdKRqslg0,g69FuEghiM5,5373.0,,2024.0,2d,p,68.0,Meerut,v8YGmR7nOdj,indicator_2,95,2
2023.0,Meerut DHQ,yzzRWFcfXzt,TmeumlBaObG,45090.0,,2024.0,10b,p,,Meerut,v8YGmR7nOdj,indicator_10,275,10
2023.0,Meerut DHQ,yzzRWFcfXzt,t03VPkJ5UXd,40080.0,,2024.0,7b,p,,Meerut,v8YGmR7nOdj,indicator_7,275,7
2023.0,Meerut DHQ,yzzRWFcfXzt,g69FuEghiM5,40481.0,,2024.0,2d,p,,Meerut,v8YGmR7nOdj,indicator_2,275,2
2023.0,Meerut MAWANA,zoMU7oDZFvZ,TmeumlBaObG,7588.0,,2024.0,10b,p,65.0,Meerut,v8YGmR7nOdj,indicator_10,509,10
2023.0,Meerut MAWANA,zoMU7oDZFvZ,t03VPkJ5UXd,6745.0,,2024.0,7b,p,65.0,Meerut,v8YGmR7nOdj,indicator_7,509,7
2023.0,Meerut MAWANA,zoMU7oDZFvZ,g69FuEghiM5,6813.0,,2024.0,2d,p,65.0,Meerut,v8YGmR7nOdj,indicator_2,509,2
2023.0,Meerut Sardhana,zpWs8PEVrYv,TmeumlBaObG,6597.0,,2024.0,10b,p,63.0,Meerut,v8YGmR7nOdj,indicator_10,289,10
2023.0,Meerut Sardhana,zpWs8PEVrYv,t03VPkJ5UXd,5864.0,,2024.0,7b,p,63.0,Meerut,v8YGmR7nOdj,indicator_7,289,7
2023.0,Meerut Sardhana,zpWs8PEVrYv,g69FuEghiM5,5923.0,,2024.0,2d,p,63.0,Meerut,v8YGmR7nOdj,indicator_2,289,2
2023.0,Pilana,FXgVpTS1KKY,TmeumlBaObG,5157.0,,2024.0,10b,p,78.0,Bagpat,HJIS3IrQ0Nj,indicator_10,182,10
2023.0,Pilana,FXgVpTS1KKY,t03VPkJ5UXd,4584.0,,2024.0,7b,p,78.0,Bagpat,HJIS3IrQ0Nj,indicator_7,182,7
2023.0,Pilana,FXgVpTS1KKY,g69FuEghiM5,4630.0,,2024.0,2d,p,78.0,Bagpat,HJIS3IrQ0Nj,indicator_2,182,2
2023.0,Khekra,Ga0Whh9BsGr,TmeumlBaObG,5493.0,,2024.0,10b,p,79.0,Bagpat,HJIS3IrQ0Nj,indicator_10,243,10
2023.0,Khekra,Ga0Whh9BsGr,t03VPkJ5UXd,4883.0,,2024.0,7b,p,79.0,Bagpat,HJIS3IrQ0Nj,indicator_7,243,7
2023.0,Khekra,Ga0Whh9BsGr,g69FuEghiM5,4932.0,,2024.0,2d,p,79.0,Bagpat,HJIS3IrQ0Nj,indicator_2,243,2
2023.0,Baraut,JIEAUI17z3o,TmeumlBaObG,6510.0,,2024.0,10b,p,75.0,Bagpat,HJIS3IrQ0Nj,indicator_10,870,10
2023.0,Baraut,JIEAUI17z3o,t03VPkJ5UXd,5786.0,,2024.0,7b,p,75.0,Bagpat,HJIS3IrQ0Nj,indicator_7,870,7
2023.0,Baraut,JIEAUI17z3o,g69FuEghiM5,5844.0,,2024.0,2d,p,75.0,Bagpat,HJIS3IrQ0Nj,indicator_2,870,2
2023.0,Binauli,h3yrIIH1cGT,TmeumlBaObG,6818.0,,2024.0,10b,p,76.0,Bagpat,HJIS3IrQ0Nj,indicator_10,475,10
2023.0,Binauli,h3yrIIH1cGT,t03VPkJ5UXd,6060.0,,2024.0,7b,p,76.0,Bagpat,HJIS3IrQ0Nj,indicator_7,475,7
2023.0,Binauli,h3yrIIH1cGT,g69FuEghiM5,6121.0,,2024.0,2d,p,76.0,Bagpat,HJIS3IrQ0Nj,indicator_2,475,2
2023.0,Bagpat DHQ,kaWQCx3sgxl,TmeumlBaObG,3081.0,,2024.0,10b,p,,Bagpat,HJIS3IrQ0Nj,indicator_10,176,10
2023.0,Bagpat DHQ,kaWQCx3sgxl,t03VPkJ5UXd,2739.0,,2024.0,7b,p,,Bagpat,HJIS3IrQ0Nj,indicator_7,176,7
2023.0,Bagpat DHQ,kaWQCx3sgxl,g69FuEghiM5,2766.0,,2024.0,2d,p,,Bagpat,HJIS3IrQ0Nj,indicator_2,176,2
2023.0,Chaprauli,koZRGrwQvrl,TmeumlBaObG,4767.0,,2024.0,10b,p,74.0,Bagpat,HJIS3IrQ0Nj,indicator_10,822,10
2023.0,Chaprauli,koZRGrwQvrl,t03VPkJ5UXd,4237.0,,2024.0,7b,p,74.0,Bagpat,HJIS3IrQ0Nj,indicator_7,822,7
2023.0,Chaprauli,koZRGrwQvrl,g69FuEghiM5,4280.0,,2024.0,2d,p,74.0,Bagpat,HJIS3IrQ0Nj,indicator_2,822,2
2023.0,Baghpat,q2bkBgTq2b1,TmeumlBaObG,6868.0,,2024.0,10b,p,77.0,Bagpat,HJIS3IrQ0Nj,indicator_10,38,10
2023.0,Baghpat,q2bkBgTq2b1,t03VPkJ5UXd,6105.0,,2024.0,7b,p,77.0,Bagpat,HJIS3IrQ0Nj,indicator_7,38,7
2023.0,Baghpat,q2bkBgTq2b1,g69FuEghiM5,6166.0,,2024.0,2d,p,77.0,Bagpat,HJIS3IrQ0Nj,indicator_2,38,2
2023.0,Jalaun Madhougarh,GGmtoqpI9Je,TmeumlBaObG,4089.0,,2024.0,10b,p,375.0,Jalaun,NL5xiiHZQSC,indicator_10,180,10
2023.0,Jalaun Madhougarh,GGmtoqpI9Je,t03VPkJ5UXd,3635.0,,2024.0,7b,p,375.0,Jalaun,NL5xiiHZQSC,indicator_7,180,7
2023.0,Jalaun Madhougarh,GGmtoqpI9Je,g69FuEghiM5,3671.0,,2024.0,2d,p,375.0,Jalaun,NL5xiiHZQSC,indicator_2,180,2
2023.0,Jalaun Mahewa,IG6BUMkoNfw,TmeumlBaObG,5224.0,,2024.0,10b,p,378.0,Jalaun,NL5xiiHZQSC,indicator_10,139,10
2023.0,Jalaun Mahewa,IG6BUMkoNfw,t03VPkJ5UXd,4643.0,,2024.0,7b,p,378.0,Jalaun,NL5xiiHZQSC,indicator_7,139,7
2023.0,Jalaun Mahewa,IG6BUMkoNfw,g69FuEghiM5,4690.0,,2024.0,2d,p,378.0,Jalaun,NL5xiiHZQSC,indicator_2,139,2
2023.0,Jalaun  DHQ,L75X9VvSfGc,TmeumlBaObG,5762.0,,2024.0,10b,p,,Jalaun,NL5xiiHZQSC,indicator_10,861,10
2023.0,Jalaun  DHQ,L75X9VvSfGc,t03VPkJ5UXd,5121.0,,2024.0,7b,p,,Jalaun,NL5xiiHZQSC,indicator_7,861,7
2023.0,Jalaun  DHQ,L75X9VvSfGc,g69FuEghiM5,5173.0,,2024.0,2d,p,,Jalaun,NL5xiiHZQSC,indicator_2,861,2
2023.0,Jalaun Nadigaun,S5qj59ohege,TmeumlBaObG,5224.0,,2024.0,10b,p,376.0,Jalaun,NL5xiiHZQSC,indicator_10,44,10
2023.0,Jalaun Nadigaun,S5qj59ohege,t03VPkJ5UXd,4644.0,,2024.0,7b,p,376.0,Jalaun,NL5xiiHZQSC,indicator_7,44,7
2023.0,Jalaun Nadigaun,S5qj59ohege,g69FuEghiM5,4690.0,,2024.0,2d,p,376.0,Jalaun,NL5xiiHZQSC,indicator_2,44,2
2023.0,Jalaun JALAUN,SmB8HLGFIyw,TmeumlBaObG,5505.0,,2024.0,10b,p,377.0,Jalaun,NL5xiiHZQSC,indicator_10,360,10
2023.0,Jalaun JALAUN,SmB8HLGFIyw,t03VPkJ5UXd,4894.0,,2024.0,7b,p,377.0,Jalaun,NL5xiiHZQSC,indicator_7,360,7
2023.0,Jalaun JALAUN,SmB8HLGFIyw,g69FuEghiM5,4942.0,,2024.0,2d,p,377.0,Jalaun,NL5xiiHZQSC,indicator_2,360,2
2023.0,Jalaun Kuthound,V1ktVWnBTTW,TmeumlBaObG,4185.0,,2024.0,10b,p,374.0,Jalaun,NL5xiiHZQSC,indicator_10,193,10
2023.0,Jalaun Kuthound,V1ktVWnBTTW,t03VPkJ5UXd,3720.0,,2024.0,7b,p,374.0,Jalaun,NL5xiiHZQSC,indicator_7,193,7
2023.0,Jalaun Kuthound,V1ktVWnBTTW,g69FuEghiM5,3757.0,,2024.0,2d,p,374.0,Jalaun,NL5xiiHZQSC,indicator_2,193,2
2023.0,Jalaun Dakor,V41lCBcSsRJ,TmeumlBaObG,6234.0,,2024.0,10b,p,380.0,Jalaun,NL5xiiHZQSC,indicator_10,586,10
2023.0,Jalaun Dakor,V41lCBcSsRJ,t03VPkJ5UXd,5541.0,,2024.0,7b,p,380.0,Jalaun,NL5xiiHZQSC,indicator_7,586,7
2023.0,Jalaun Dakor,V41lCBcSsRJ,g69FuEghiM5,5597.0,,2024.0,2d,p,380.0,Jalaun,NL5xiiHZQSC,indicator_2,586,2
2023.0,Jalaun Kadaura,aoQgD2b6JtI,TmeumlBaObG,5958.0,,2024.0,10b,p,379.0,Jalaun,NL5xiiHZQSC,indicator_10,500,10
2023.0,Jalaun Kadaura,aoQgD2b6JtI,t03VPkJ5UXd,5296.0,,2024.0,7b,p,379.0,Jalaun,NL5xiiHZQSC,indicator_7,500,7
2023.0,Jalaun Kadaura,aoQgD2b6JtI,g69FuEghiM5,5349.0,,2024.0,2d,p,379.0,Jalaun,NL5xiiHZQSC,indicator_2,500,2
2023.0,Jalaun Rampura,iQBAMBoxYul,TmeumlBaObG,3383.0,,2024.0,10b,p,373.0,Jalaun,NL5xiiHZQSC,indicator_10,141,10
2023.0,Jalaun Rampura,iQBAMBoxYul,t03VPkJ5UXd,3007.0,,2024.0,7b,p,373.0,Jalaun,NL5xiiHZQSC,indicator_7,141,7
2023.0,Jalaun Rampura,iQBAMBoxYul,g69FuEghiM5,3037.0,,2024.0,2d,p,373.0,Jalaun,NL5xiiHZQSC,indicator_2,141,2
2023.0,Jalaun Konch,vMmgCa5r21L,TmeumlBaObG,5527.0,,2024.0,10b,p,381.0,Jalaun,NL5xiiHZQSC,indicator_10,575,10
2023.0,Jalaun Konch,vMmgCa5r21L,t03VPkJ5UXd,4913.0,,2024.0,7b,p,381.0,Jalaun,NL5xiiHZQSC,indicator_7,575,7
2023.0,Jalaun Konch,vMmgCa5r21L,g69FuEghiM5,4962.0,,2024.0,2d,p,381.0,Jalaun,NL5xiiHZQSC,indicator_2,575,2
2023.0,Shrawasti DHQ,GK26msJSJoZ,TmeumlBaObG,1275.0,,2024.0,10b,p,,Shrawasti,oyTwneTbWDx,indicator_10,391,10
2023.0,Shrawasti DHQ,GK26msJSJoZ,t03VPkJ5UXd,1133.0,,2024.0,7b,p,,Shrawasti,oyTwneTbWDx,indicator_7,391,7
2023.0,Shrawasti DHQ,GK26msJSJoZ,g69FuEghiM5,1145.0,,2024.0,2d,p,,Shrawasti,oyTwneTbWDx,indicator_2,391,2
2023.0,Gilaula,LNX0N5jnA5h,TmeumlBaObG,10951.0,,2024.0,10b,p,554.0,Shrawasti,oyTwneTbWDx,indicator_10,677,10
2023.0,Gilaula,LNX0N5jnA5h,t03VPkJ5UXd,9734.0,,2024.0,7b,p,554.0,Shrawasti,oyTwneTbWDx,indicator_7,677,7
2023.0,Gilaula,LNX0N5jnA5h,g69FuEghiM5,9832.0,,2024.0,2d,p,554.0,Shrawasti,oyTwneTbWDx,indicator_2,677,2
2023.0,Ikauna,a5QF4ok7kUq,TmeumlBaObG,12418.0,,2024.0,10b,p,555.0,Shrawasti,oyTwneTbWDx,indicator_10,688,10
2023.0,Ikauna,a5QF4ok7kUq,t03VPkJ5UXd,11038.0,,2024.0,7b,p,555.0,Shrawasti,oyTwneTbWDx,indicator_7,688,7
2023.0,Ikauna,a5QF4ok7kUq,g69FuEghiM5,11149.0,,2024.0,2d,p,555.0,Shrawasti,oyTwneTbWDx,indicator_2,688,2
2023.0,Jmunaha,lbYsetq7442,TmeumlBaObG,12806.0,,2024.0,10b,p,551.0,Shrawasti,oyTwneTbWDx,indicator_10,470,10
2023.0,Jmunaha,lbYsetq7442,t03VPkJ5UXd,11383.0,,2024.0,7b,p,551.0,Shrawasti,oyTwneTbWDx,indicator_7,470,7
2023.0,Jmunaha,lbYsetq7442,g69FuEghiM5,11497.0,,2024.0,2d,p,551.0,Shrawasti,oyTwneTbWDx,indicator_2,470,2
2023.0,Hariharpur Rani,miFaxMESSJ2,TmeumlBaObG,10641.0,,2024.0,10b,p,552.0,Shrawasti,oyTwneTbWDx,indicator_10,124,10
2023.0,Hariharpur Rani,miFaxMESSJ2,t03VPkJ5UXd,9459.0,,2024.0,7b,p,552.0,Shrawasti,oyTwneTbWDx,indicator_7,124,7
2023.0,Hariharpur Rani,miFaxMESSJ2,g69FuEghiM5,9553.0,,2024.0,2d,p,552.0,Shrawasti,oyTwneTbWDx,indicator_2,124,2
2023.0,Sirsiya,rUTBm0fGdMX,TmeumlBaObG,11813.0,,2024.0,10b,p,553.0,Shrawasti,oyTwneTbWDx,indicator_10,317,10
2023.0,Sirsiya,rUTBm0fGdMX,t03VPkJ5UXd,10501.0,,2024.0,7b,p,553.0,Shrawasti,oyTwneTbWDx,indicator_7,317,7
2023.0,Sirsiya,rUTBm0fGdMX,g69FuEghiM5,10606.0,,2024.0,2d,p,553.0,Shrawasti,oyTwneTbWDx,indicator_2,317,2
2023.0,Skiit,H5UJopTvZPy,TmeumlBaObG,7772.0,,2024.0,10b,p,812.0,Etah,ZLcx4iOVyN5,indicator_10,267,10
2023.0,Skiit,H5UJopTvZPy,t03VPkJ5UXd,6909.0,,2024.0,7b,p,812.0,Etah,ZLcx4iOVyN5,indicator_7,267,7
2023.0,Skiit,H5UJopTvZPy,g69FuEghiM5,6978.0,,2024.0,2d,p,812.0,Etah,ZLcx4iOVyN5,indicator_2,267,2
2023.0,Jalsar,MGuYssW76Oy,TmeumlBaObG,6960.0,,2024.0,10b,p,813.0,Etah,ZLcx4iOVyN5,indicator_10,276,10
2023.0,Jalsar,MGuYssW76Oy,t03VPkJ5UXd,6187.0,,2024.0,7b,p,813.0,Etah,ZLcx4iOVyN5,indicator_7,276,7
2023.0,Jalsar,MGuYssW76Oy,g69FuEghiM5,6249.0,,2024.0,2d,p,813.0,Etah,ZLcx4iOVyN5,indicator_2,276,2
2023.0,Etah DHQ,MoUVR7OhsJp,TmeumlBaObG,4856.0,,2024.0,10b,p,,Etah,ZLcx4iOVyN5,indicator_10,643,10
2023.0,Etah DHQ,MoUVR7OhsJp,t03VPkJ5UXd,4316.0,,2024.0,7b,p,,Etah,ZLcx4iOVyN5,indicator_7,643,7
2023.0,Etah DHQ,MoUVR7OhsJp,g69FuEghiM5,4359.0,,2024.0,2d,p,,Etah,ZLcx4iOVyN5,indicator_2,643,2
2023.0,Marhera,PS1fneX0UVV,TmeumlBaObG,6207.0,,2024.0,10b,p,809.0,Etah,ZLcx4iOVyN5,indicator_10,735,10
2023.0,Marhera,PS1fneX0UVV,t03VPkJ5UXd,5517.0,,2024.0,7b,p,809.0,Etah,ZLcx4iOVyN5,indicator_7,735,7
2023.0,Marhera,PS1fneX0UVV,g69FuEghiM5,5572.0,,2024.0,2d,p,809.0,Etah,ZLcx4iOVyN5,indicator_2,735,2
2023.0,Sitalpur,PUVxtkWZlNI,TmeumlBaObG,8428.0,,2024.0,10b,p,811.0,Etah,ZLcx4iOVyN5,indicator_10,390,10
2023.0,Sitalpur,PUVxtkWZlNI,t03VPkJ5UXd,7491.0,,2024.0,7b,p,811.0,Etah,ZLcx4iOVyN5,indicator_7,390,7
2023.0,Sitalpur,PUVxtkWZlNI,g69FuEghiM5,7566.0,,2024.0,2d,p,811.0,Etah,ZLcx4iOVyN5,indicator_2,390,2
2023.0,Jaithra,mK3aOsGURLr,TmeumlBaObG,7700.0,,2024.0,10b,p,807.0,Etah,ZLcx4iOVyN5,indicator_10,356,10
2023.0,Jaithra,mK3aOsGURLr,t03VPkJ5UXd,6844.0,,2024.0,7b,p,807.0,Etah,ZLcx4iOVyN5,indicator_7,356,7
2023.0,Jaithra,mK3aOsGURLr,g69FuEghiM5,6913.0,,2024.0,2d,p,807.0,Etah,ZLcx4iOVyN5,indicator_2,356,2
2023.0,Aliganj,uHgTlwfqKI8,TmeumlBaObG,10301.0,,2024.0,10b,p,808.0,Etah,ZLcx4iOVyN5,indicator_10,109,10
2023.0,Aliganj,uHgTlwfqKI8,t03VPkJ5UXd,9156.0,,2024.0,7b,p,808.0,Etah,ZLcx4iOVyN5,indicator_7,109,7
2023.0,Aliganj,uHgTlwfqKI8,g69FuEghiM5,9248.0,,2024.0,2d,p,808.0,Etah,ZLcx4iOVyN5,indicator_2,109,2
2023.0,Awagarh,vXfCZfdMkdf,TmeumlBaObG,6078.0,,2024.0,10b,p,814.0,Etah,ZLcx4iOVyN5,indicator_10,378,10
2023.0,Awagarh,vXfCZfdMkdf,t03VPkJ5UXd,5402.0,,2024.0,7b,p,814.0,Etah,ZLcx4iOVyN5,indicator_7,378,7
2023.0,Awagarh,vXfCZfdMkdf,g69FuEghiM5,5456.0,,2024.0,2d,p,814.0,Etah,ZLcx4iOVyN5,indicator_2,378,2
2023.0,Nidholikala,w3fNposwL8t,TmeumlBaObG,7506.0,,2024.0,10b,p,810.0,Etah,ZLcx4iOVyN5,indicator_10,435,10
2023.0,Nidholikala,w3fNposwL8t,t03VPkJ5UXd,6672.0,,2024.0,7b,p,810.0,Etah,ZLcx4iOVyN5,indicator_7,435,7
2023.0,Nidholikala,w3fNposwL8t,g69FuEghiM5,6739.0,,2024.0,2d,p,810.0,Etah,ZLcx4iOVyN5,indicator_2,435,2
2023.0,Suratganj,HLaiapcp8KF,TmeumlBaObG,7636.0,,2024.0,10b,p,480.0,Barabanki,tzH6nJu9SwS,indicator_10,691,10
2023.0,Suratganj,HLaiapcp8KF,t03VPkJ5UXd,6788.0,,2024.0,7b,p,480.0,Barabanki,tzH6nJu9SwS,indicator_7,691,7
2023.0,Suratganj,HLaiapcp8KF,g69FuEghiM5,6855.0,,2024.0,2d,p,480.0,Barabanki,tzH6nJu9SwS,indicator_2,691,2
2023.0,Siddhaur,IdkC83lgdBj,TmeumlBaObG,7813.0,,2024.0,10b,p,490.0,Barabanki,tzH6nJu9SwS,indicator_10,19,10
2023.0,Siddhaur,IdkC83lgdBj,t03VPkJ5UXd,6945.0,,2024.0,7b,p,490.0,Barabanki,tzH6nJu9SwS,indicator_7,19,7
2023.0,Siddhaur,IdkC83lgdBj,g69FuEghiM5,7014.0,,2024.0,2d,p,490.0,Barabanki,tzH6nJu9SwS,indicator_2,19,2
2023.0,Ramnagar Barabanki,KNS89BltpLw,TmeumlBaObG,6662.0,,2024.0,10b,p,481.0,Barabanki,tzH6nJu9SwS,indicator_10,569,10
2023.0,Ramnagar Barabanki,KNS89BltpLw,t03VPkJ5UXd,5922.0,,2024.0,7b,p,481.0,Barabanki,tzH6nJu9SwS,indicator_7,569,7
2023.0,Ramnagar Barabanki,KNS89BltpLw,g69FuEghiM5,5981.0,,2024.0,2d,p,481.0,Barabanki,tzH6nJu9SwS,indicator_2,569,2
2023.0,Dewa,LsCBHm1wj5S,TmeumlBaObG,7355.0,,2024.0,10b,p,482.0,Barabanki,tzH6nJu9SwS,indicator_10,728,10
2023.0,Dewa,LsCBHm1wj5S,t03VPkJ5UXd,6538.0,,2024.0,7b,p,482.0,Barabanki,tzH6nJu9SwS,indicator_7,728,7
2023.0,Dewa,LsCBHm1wj5S,g69FuEghiM5,6603.0,,2024.0,2d,p,482.0,Barabanki,tzH6nJu9SwS,indicator_2,728,2
2023.0,Nindura,QvnprpIbIJp,TmeumlBaObG,7785.0,,2024.0,10b,p,478.0,Barabanki,tzH6nJu9SwS,indicator_10,627,10
2023.0,Nindura,QvnprpIbIJp,t03VPkJ5UXd,6920.0,,2024.0,7b,p,478.0,Barabanki,tzH6nJu9SwS,indicator_7,627,7
2023.0,Nindura,QvnprpIbIJp,g69FuEghiM5,6989.0,,2024.0,2d,p,478.0,Barabanki,tzH6nJu9SwS,indicator_2,627,2
2023.0,Dariyabad,Rf7c1xtIt4m,TmeumlBaObG,6505.0,,2024.0,10b,p,487.0,Barabanki,tzH6nJu9SwS,indicator_10,11,10
2023.0,Dariyabad,Rf7c1xtIt4m,t03VPkJ5UXd,5783.0,,2024.0,7b,p,487.0,Barabanki,tzH6nJu9SwS,indicator_7,11,7
2023.0,Dariyabad,Rf7c1xtIt4m,g69FuEghiM5,5840.0,,2024.0,2d,p,487.0,Barabanki,tzH6nJu9SwS,indicator_2,11,2
2023.0,Masouli,YsCQwRlNGrw,TmeumlBaObG,6352.0,,2024.0,10b,p,485.0,Barabanki,tzH6nJu9SwS,indicator_10,512,10
2023.0,Masouli,YsCQwRlNGrw,t03VPkJ5UXd,5646.0,,2024.0,7b,p,485.0,Barabanki,tzH6nJu9SwS,indicator_7,512,7
2023.0,Masouli,YsCQwRlNGrw,g69FuEghiM5,5703.0,,2024.0,2d,p,485.0,Barabanki,tzH6nJu9SwS,indicator_2,512,2
2023.0,Sirauli Gaus Pur,ZfE3mnPPu5Y,TmeumlBaObG,6180.0,,2024.0,10b,p,486.0,Barabanki,tzH6nJu9SwS,indicator_10,641,10
2023.0,Sirauli Gaus Pur,ZfE3mnPPu5Y,t03VPkJ5UXd,5493.0,,2024.0,7b,p,486.0,Barabanki,tzH6nJu9SwS,indicator_7,641,7
2023.0,Sirauli Gaus Pur,ZfE3mnPPu5Y,g69FuEghiM5,5548.0,,2024.0,2d,p,486.0,Barabanki,tzH6nJu9SwS,indicator_2,641,2
2023.0,Puradali,ctD8xxTsymJ,TmeumlBaObG,4822.0,,2024.0,10b,p,488.0,Barabanki,tzH6nJu9SwS,indicator_10,171,10
2023.0,Puradali,ctD8xxTsymJ,t03VPkJ5UXd,4287.0,,2024.0,7b,p,488.0,Barabanki,tzH6nJu9SwS,indicator_7,171,7
2023.0,Puradali,ctD8xxTsymJ,g69FuEghiM5,4329.0,,2024.0,2d,p,488.0,Barabanki,tzH6nJu9SwS,indicator_2,171,2
2023.0,Trivadi Ganj,gDpxx6NrC99,TmeumlBaObG,6080.0,,2024.0,10b,p,491.0,Barabanki,tzH6nJu9SwS,indicator_10,407,10
2023.0,Trivadi Ganj,gDpxx6NrC99,t03VPkJ5UXd,5405.0,,2024.0,7b,p,491.0,Barabanki,tzH6nJu9SwS,indicator_7,407,7
2023.0,Trivadi Ganj,gDpxx6NrC99,g69FuEghiM5,5459.0,,2024.0,2d,p,491.0,Barabanki,tzH6nJu9SwS,indicator_2,407,2
2023.0,Fatehpur,iRCOLiyhze6,TmeumlBaObG,9459.0,,2024.0,10b,p,479.0,Barabanki,tzH6nJu9SwS,indicator_10,490,10
2023.0,Fatehpur,iRCOLiyhze6,t03VPkJ5UXd,8408.0,,2024.0,7b,p,479.0,Barabanki,tzH6nJu9SwS,indicator_7,490,7
2023.0,Fatehpur,iRCOLiyhze6,g69FuEghiM5,8492.0,,2024.0,2d,p,479.0,Barabanki,tzH6nJu9SwS,indicator_2,490,2
2023.0,Barabanki DHQ,jqG1GfySEy7,TmeumlBaObG,5056.0,,2024.0,10b,p,,Barabanki,tzH6nJu9SwS,indicator_10,437,10
2023.0,Barabanki DHQ,jqG1GfySEy7,t03VPkJ5UXd,4494.0,,2024.0,7b,p,,Barabanki,tzH6nJu9SwS,indicator_7,437,7
2023.0,Barabanki DHQ,jqG1GfySEy7,g69FuEghiM5,4539.0,,2024.0,2d,p,,Barabanki,tzH6nJu9SwS,indicator_2,437,2
2023.0,Haidergarh,rFyFe7T2XXz,TmeumlBaObG,7401.0,,2024.0,10b,p,492.0,Barabanki,tzH6nJu9SwS,indicator_10,702,10
2023.0,Haidergarh,rFyFe7T2XXz,t03VPkJ5UXd,6578.0,,2024.0,7b,p,492.0,Barabanki,tzH6nJu9SwS,indicator_7,702,7
2023.0,Haidergarh,rFyFe7T2XXz,g69FuEghiM5,6644.0,,2024.0,2d,p,492.0,Barabanki,tzH6nJu9SwS,indicator_2,702,2
2023.0,Banikoder,sCFJS0l4C5z,TmeumlBaObG,7866.0,,2024.0,10b,p,489.0,Barabanki,tzH6nJu9SwS,indicator_10,10,10
2023.0,Banikoder,sCFJS0l4C5z,t03VPkJ5UXd,6992.0,,2024.0,7b,p,489.0,Barabanki,tzH6nJu9SwS,indicator_7,10,7
2023.0,Banikoder,sCFJS0l4C5z,g69FuEghiM5,7062.0,,2024.0,2d,p,489.0,Barabanki,tzH6nJu9SwS,indicator_2,10,2
2023.0,Harakh,zM7L5Up3Rp4,TmeumlBaObG,7785.0,,2024.0,10b,p,484.0,Barabanki,tzH6nJu9SwS,indicator_10,328,10
2023.0,Harakh,zM7L5Up3Rp4,t03VPkJ5UXd,6920.0,,2024.0,7b,p,484.0,Barabanki,tzH6nJu9SwS,indicator_7,328,7
2023.0,Harakh,zM7L5Up3Rp4,g69FuEghiM5,6990.0,,2024.0,2d,p,484.0,Barabanki,tzH6nJu9SwS,indicator_2,328,2
2023.0,Banki,zrtAHVhGVAe,TmeumlBaObG,6965.0,,2024.0,10b,p,483.0,Barabanki,tzH6nJu9SwS,indicator_10,707,10
2023.0,Banki,zrtAHVhGVAe,t03VPkJ5UXd,6191.0,,2024.0,7b,p,483.0,Barabanki,tzH6nJu9SwS,indicator_7,707,7
2023.0,Banki,zrtAHVhGVAe,g69FuEghiM5,6253.0,,2024.0,2d,p,483.0,Barabanki,tzH6nJu9SwS,indicator_2,707,2
2023.0,Ghaziabad DHQ,HYVom1xMtdc,TmeumlBaObG,47704.0,,2024.0,10b,p,,Ghaziabad,M5NHlfAaKYI,indicator_10,725,10
2023.0,Ghaziabad DHQ,HYVom1xMtdc,t03VPkJ5UXd,42403.0,,2024.0,7b,p,,Ghaziabad,M5NHlfAaKYI,indicator_7,725,7
2023.0,Ghaziabad DHQ,HYVom1xMtdc,g69FuEghiM5,42827.0,,2024.0,2d,p,,Ghaziabad,M5NHlfAaKYI,indicator_2,725,2
2023.0,Ghaziabad Rjapur,Ne0VFmnLotb,TmeumlBaObG,4969.0,,2024.0,10b,p,82.0,Ghaziabad,M5NHlfAaKYI,indicator_10,863,10
2023.0,Ghaziabad Rjapur,Ne0VFmnLotb,t03VPkJ5UXd,4417.0,,2024.0,7b,p,82.0,Ghaziabad,M5NHlfAaKYI,indicator_7,863,7
2023.0,Ghaziabad Rjapur,Ne0VFmnLotb,g69FuEghiM5,4461.0,,2024.0,2d,p,82.0,Ghaziabad,M5NHlfAaKYI,indicator_2,863,2
2023.0,Ghaziabad Loni,isevBbVYacc,TmeumlBaObG,24159.0,,2024.0,10b,p,83.0,Ghaziabad,M5NHlfAaKYI,indicator_10,577,10
2023.0,Ghaziabad Loni,isevBbVYacc,t03VPkJ5UXd,21475.0,,2024.0,7b,p,83.0,Ghaziabad,M5NHlfAaKYI,indicator_7,577,7
2023.0,Ghaziabad Loni,isevBbVYacc,g69FuEghiM5,21690.0,,2024.0,2d,p,83.0,Ghaziabad,M5NHlfAaKYI,indicator_2,577,2
2023.0,Ghaziabad Muradnagar,qpjXx2KEA28,TmeumlBaObG,7407.0,,2024.0,10b,p,80.0,Ghaziabad,M5NHlfAaKYI,indicator_10,903,10
2023.0,Ghaziabad Muradnagar,qpjXx2KEA28,t03VPkJ5UXd,6584.0,,2024.0,7b,p,80.0,Ghaziabad,M5NHlfAaKYI,indicator_7,903,7
2023.0,Ghaziabad Muradnagar,qpjXx2KEA28,g69FuEghiM5,6650.0,,2024.0,2d,p,80.0,Ghaziabad,M5NHlfAaKYI,indicator_2,903,2
2023.0,Ghaziabad Bhojpur,r0L9AlrGA7C,TmeumlBaObG,10100.0,,2024.0,10b,p,81.0,Ghaziabad,M5NHlfAaKYI,indicator_10,98,10
2023.0,Ghaziabad Bhojpur,r0L9AlrGA7C,t03VPkJ5UXd,8978.0,,2024.0,7b,p,81.0,Ghaziabad,M5NHlfAaKYI,indicator_7,98,7
2023.0,Ghaziabad Bhojpur,r0L9AlrGA7C,g69FuEghiM5,9068.0,,2024.0,2d,p,81.0,Ghaziabad,M5NHlfAaKYI,indicator_2,98,2
2023.0,C S M Nagar Bazar Shukul,HZYH9FeKSbz,TmeumlBaObG,4707.0,,2024.0,10b,p,513.0,Amethi,StsLkYw1G0m,indicator_10,697,10
2023.0,C S M Nagar Bazar Shukul,HZYH9FeKSbz,t03VPkJ5UXd,4184.0,,2024.0,7b,p,513.0,Amethi,StsLkYw1G0m,indicator_7,697,7
2023.0,C S M Nagar Bazar Shukul,HZYH9FeKSbz,g69FuEghiM5,4226.0,,2024.0,2d,p,513.0,Amethi,StsLkYw1G0m,indicator_2,697,2
2023.0,C S M Nagar Bhetua,J7htJUPglZb,TmeumlBaObG,3060.0,,2024.0,10b,p,522.0,Amethi,StsLkYw1G0m,indicator_10,429,10
2023.0,C S M Nagar Bhetua,J7htJUPglZb,t03VPkJ5UXd,2720.0,,2024.0,7b,p,522.0,Amethi,StsLkYw1G0m,indicator_7,429,7
2023.0,C S M Nagar Bhetua,J7htJUPglZb,g69FuEghiM5,2747.0,,2024.0,2d,p,522.0,Amethi,StsLkYw1G0m,indicator_2,429,2
2023.0,C S M Nagar DHQ,KgdLnhdQNJs,TmeumlBaObG,732.0,,2024.0,10b,p,,Amethi,StsLkYw1G0m,indicator_10,908,10
2023.0,C S M Nagar DHQ,KgdLnhdQNJs,t03VPkJ5UXd,651.0,,2024.0,7b,p,,Amethi,StsLkYw1G0m,indicator_7,908,7
2023.0,C S M Nagar DHQ,KgdLnhdQNJs,g69FuEghiM5,657.0,,2024.0,2d,p,,Amethi,StsLkYw1G0m,indicator_2,908,2
2023.0,C S M Nagar Sangrampur,KwM7Z0rplba,TmeumlBaObG,2461.0,,2024.0,10b,p,521.0,Amethi,StsLkYw1G0m,indicator_10,766,10
2023.0,C S M Nagar Sangrampur,KwM7Z0rplba,t03VPkJ5UXd,2188.0,,2024.0,7b,p,521.0,Amethi,StsLkYw1G0m,indicator_7,766,7
2023.0,C S M Nagar Sangrampur,KwM7Z0rplba,g69FuEghiM5,2209.0,,2024.0,2d,p,521.0,Amethi,StsLkYw1G0m,indicator_2,766,2
2023.0,C S M Nagar Jamon,R35oHPkysFc,TmeumlBaObG,5087.0,,2024.0,10b,p,517.0,Amethi,StsLkYw1G0m,indicator_10,456,10
2023.0,C S M Nagar Jamon,R35oHPkysFc,t03VPkJ5UXd,4522.0,,2024.0,7b,p,517.0,Amethi,StsLkYw1G0m,indicator_7,456,7
2023.0,C S M Nagar Jamon,R35oHPkysFc,g69FuEghiM5,4567.0,,2024.0,2d,p,517.0,Amethi,StsLkYw1G0m,indicator_2,456,2
2023.0,C S M Nagar Gauriganj,WM5EPg47DVT,TmeumlBaObG,4296.0,,2024.0,10b,p,519.0,Amethi,StsLkYw1G0m,indicator_10,824,10
2023.0,C S M Nagar Gauriganj,WM5EPg47DVT,t03VPkJ5UXd,3819.0,,2024.0,7b,p,519.0,Amethi,StsLkYw1G0m,indicator_7,824,7
2023.0,C S M Nagar Gauriganj,WM5EPg47DVT,g69FuEghiM5,3857.0,,2024.0,2d,p,519.0,Amethi,StsLkYw1G0m,indicator_2,824,2
2023.0,C S M Nagar Jagdishpur,btuo0MWP5ET,TmeumlBaObG,6097.0,,2024.0,10b,p,514.0,Amethi,StsLkYw1G0m,indicator_10,309,10
2023.0,C S M Nagar Jagdishpur,btuo0MWP5ET,t03VPkJ5UXd,5419.0,,2024.0,7b,p,514.0,Amethi,StsLkYw1G0m,indicator_7,309,7
2023.0,C S M Nagar Jagdishpur,btuo0MWP5ET,g69FuEghiM5,5474.0,,2024.0,2d,p,514.0,Amethi,StsLkYw1G0m,indicator_2,309,2
2023.0,C S M Nagar Fursatganj,j4mknIwFS2j,TmeumlBaObG,4505.0,,2024.0,10b,p,307.0,Amethi,StsLkYw1G0m,indicator_10,896,10
2023.0,C S M Nagar Fursatganj,j4mknIwFS2j,t03VPkJ5UXd,4005.0,,2024.0,7b,p,307.0,Amethi,StsLkYw1G0m,indicator_7,896,7
2023.0,C S M Nagar Fursatganj,j4mknIwFS2j,g69FuEghiM5,4045.0,,2024.0,2d,p,307.0,Amethi,StsLkYw1G0m,indicator_2,896,2
2023.0,C S M Nagar Bhadar,l02BWTHnGkg,TmeumlBaObG,3682.0,,2024.0,10b,p,523.0,Amethi,StsLkYw1G0m,indicator_10,424,10
2023.0,C S M Nagar Bhadar,l02BWTHnGkg,t03VPkJ5UXd,3273.0,,2024.0,7b,p,523.0,Amethi,StsLkYw1G0m,indicator_7,424,7
2023.0,C S M Nagar Bhadar,l02BWTHnGkg,g69FuEghiM5,3305.0,,2024.0,2d,p,523.0,Amethi,StsLkYw1G0m,indicator_2,424,2
2023.0,C S M Nagar Amethi,myKgoGwviVc,TmeumlBaObG,4081.0,,2024.0,10b,p,520.0,Amethi,StsLkYw1G0m,indicator_10,358,10
2023.0,C S M Nagar Amethi,myKgoGwviVc,t03VPkJ5UXd,3627.0,,2024.0,7b,p,520.0,Amethi,StsLkYw1G0m,indicator_7,358,7
2023.0,C S M Nagar Amethi,myKgoGwviVc,g69FuEghiM5,3664.0,,2024.0,2d,p,520.0,Amethi,StsLkYw1G0m,indicator_2,358,2
2023.0,C S M Nagar Musafirkhana,rpRvuw2Iiug,TmeumlBaObG,4124.0,,2024.0,10b,p,515.0,Amethi,StsLkYw1G0m,indicator_10,21,10
2023.0,C S M Nagar Musafirkhana,rpRvuw2Iiug,t03VPkJ5UXd,3666.0,,2024.0,7b,p,515.0,Amethi,StsLkYw1G0m,indicator_7,21,7
2023.0,C S M Nagar Musafirkhana,rpRvuw2Iiug,g69FuEghiM5,3702.0,,2024.0,2d,p,515.0,Amethi,StsLkYw1G0m,indicator_2,21,2
2023.0,C S M Nagar Shahgarh,scpjZUfh7zI,TmeumlBaObG,2226.0,,2024.0,10b,p,518.0,Amethi,StsLkYw1G0m,indicator_10,135,10
2023.0,C S M Nagar Shahgarh,scpjZUfh7zI,t03VPkJ5UXd,1979.0,,2024.0,7b,p,518.0,Amethi,StsLkYw1G0m,indicator_7,135,7
2023.0,C S M Nagar Shahgarh,scpjZUfh7zI,g69FuEghiM5,1998.0,,2024.0,2d,p,518.0,Amethi,StsLkYw1G0m,indicator_2,135,2
2023.0,C S M Nagar Tiloi,vRgViyJ0IS6,TmeumlBaObG,4576.0,,2024.0,10b,p,306.0,Amethi,StsLkYw1G0m,indicator_10,462,10
2023.0,C S M Nagar Tiloi,vRgViyJ0IS6,t03VPkJ5UXd,4067.0,,2024.0,7b,p,306.0,Amethi,StsLkYw1G0m,indicator_7,462,7
2023.0,C S M Nagar Tiloi,vRgViyJ0IS6,g69FuEghiM5,4108.0,,2024.0,2d,p,306.0,Amethi,StsLkYw1G0m,indicator_2,462,2
2023.0,C S M Nagar Singhpur,vlnVnG5JxVJ,TmeumlBaObG,5828.0,,2024.0,10b,p,305.0,Amethi,StsLkYw1G0m,indicator_10,591,10
2023.0,C S M Nagar Singhpur,vlnVnG5JxVJ,t03VPkJ5UXd,5180.0,,2024.0,7b,p,305.0,Amethi,StsLkYw1G0m,indicator_7,591,7
2023.0,C S M Nagar Singhpur,vlnVnG5JxVJ,g69FuEghiM5,5232.0,,2024.0,2d,p,305.0,Amethi,StsLkYw1G0m,indicator_2,591,2
2023.0,Sant Ravidas Nagar Gyanpur,I13T5ZdIFEi,TmeumlBaObG,8528.0,,2024.0,10b,p,785.0,Bhadohi,PeUY1vj02UQ,indicator_10,864,10
2023.0,Sant Ravidas Nagar Gyanpur,I13T5ZdIFEi,t03VPkJ5UXd,7581.0,,2024.0,7b,p,785.0,Bhadohi,PeUY1vj02UQ,indicator_7,864,7
2023.0,Sant Ravidas Nagar Gyanpur,I13T5ZdIFEi,g69FuEghiM5,7657.0,,2024.0,2d,p,785.0,Bhadohi,PeUY1vj02UQ,indicator_2,864,2
2023.0,Sant Ravidas Nagar Bhadohi,LA0OjaZZFYz,TmeumlBaObG,9497.0,,2024.0,10b,p,783.0,Bhadohi,PeUY1vj02UQ,indicator_10,430,10
2023.0,Sant Ravidas Nagar Bhadohi,LA0OjaZZFYz,t03VPkJ5UXd,8442.0,,2024.0,7b,p,783.0,Bhadohi,PeUY1vj02UQ,indicator_7,430,7
2023.0,Sant Ravidas Nagar Bhadohi,LA0OjaZZFYz,g69FuEghiM5,8526.0,,2024.0,2d,p,783.0,Bhadohi,PeUY1vj02UQ,indicator_2,430,2
2023.0,Sant Ravidas Nagar Deegh,RT2WzsnRZJi,TmeumlBaObG,8563.0,,2024.0,10b,p,786.0,Bhadohi,PeUY1vj02UQ,indicator_10,155,10
2023.0,Sant Ravidas Nagar Deegh,RT2WzsnRZJi,t03VPkJ5UXd,7612.0,,2024.0,7b,p,786.0,Bhadohi,PeUY1vj02UQ,indicator_7,155,7
2023.0,Sant Ravidas Nagar Deegh,RT2WzsnRZJi,g69FuEghiM5,7688.0,,2024.0,2d,p,786.0,Bhadohi,PeUY1vj02UQ,indicator_2,155,2
2023.0,Sant Ravidas Nagar DHQ,Yn3eQ5gagvS,TmeumlBaObG,3764.0,,2024.0,10b,p,,Bhadohi,PeUY1vj02UQ,indicator_10,102,10
2023.0,Sant Ravidas Nagar DHQ,Yn3eQ5gagvS,t03VPkJ5UXd,3345.0,,2024.0,7b,p,,Bhadohi,PeUY1vj02UQ,indicator_7,102,7
2023.0,Sant Ravidas Nagar DHQ,Yn3eQ5gagvS,g69FuEghiM5,3379.0,,2024.0,2d,p,,Bhadohi,PeUY1vj02UQ,indicator_2,102,2
2023.0,Sant Ravidas Nagar Aurai,h1MfXB88qMN,TmeumlBaObG,11976.0,,2024.0,10b,p,784.0,Bhadohi,PeUY1vj02UQ,indicator_10,596,10
2023.0,Sant Ravidas Nagar Aurai,h1MfXB88qMN,t03VPkJ5UXd,10646.0,,2024.0,7b,p,784.0,Bhadohi,PeUY1vj02UQ,indicator_7,596,7
2023.0,Sant Ravidas Nagar Aurai,h1MfXB88qMN,g69FuEghiM5,10752.0,,2024.0,2d,p,784.0,Bhadohi,PeUY1vj02UQ,indicator_2,596,2
2023.0,Sant Ravidas Nagar Abholi,iFwP6fSzMVI,TmeumlBaObG,4133.0,,2024.0,10b,p,781.0,Bhadohi,PeUY1vj02UQ,indicator_10,909,10
2023.0,Sant Ravidas Nagar Abholi,iFwP6fSzMVI,t03VPkJ5UXd,3674.0,,2024.0,7b,p,781.0,Bhadohi,PeUY1vj02UQ,indicator_7,909,7
2023.0,Sant Ravidas Nagar Abholi,iFwP6fSzMVI,g69FuEghiM5,3711.0,,2024.0,2d,p,781.0,Bhadohi,PeUY1vj02UQ,indicator_2,909,2
2023.0,Sant Ravidas Nagar Suriyawa,oZ8M2HNNfYK,TmeumlBaObG,5280.0,,2024.0,10b,p,782.0,Bhadohi,PeUY1vj02UQ,indicator_10,474,10
2023.0,Sant Ravidas Nagar Suriyawa,oZ8M2HNNfYK,t03VPkJ5UXd,4694.0,,2024.0,7b,p,782.0,Bhadohi,PeUY1vj02UQ,indicator_7,474,7
2023.0,Sant Ravidas Nagar Suriyawa,oZ8M2HNNfYK,g69FuEghiM5,4741.0,,2024.0,2d,p,782.0,Bhadohi,PeUY1vj02UQ,indicator_2,474,2
2023.0,Muzaffarnagar Jansath,IClJwvvGCfX,TmeumlBaObG,9344.0,,2024.0,10b,p,24.0,Muzaffarnagar,MVQs2RrS1Nw,indicator_10,327,10
2023.0,Muzaffarnagar Jansath,IClJwvvGCfX,t03VPkJ5UXd,8305.0,,2024.0,7b,p,24.0,Muzaffarnagar,MVQs2RrS1Nw,indicator_7,327,7
2023.0,Muzaffarnagar Jansath,IClJwvvGCfX,g69FuEghiM5,8388.0,,2024.0,2d,p,24.0,Muzaffarnagar,MVQs2RrS1Nw,indicator_2,327,2
2023.0,Muzaffarnagar DHQ,LwbNBvrbL9f,TmeumlBaObG,15647.0,,2024.0,10b,p,,Muzaffarnagar,MVQs2RrS1Nw,indicator_10,871,10
2023.0,Muzaffarnagar DHQ,LwbNBvrbL9f,t03VPkJ5UXd,13909.0,,2024.0,7b,p,,Muzaffarnagar,MVQs2RrS1Nw,indicator_7,871,7
2023.0,Muzaffarnagar DHQ,LwbNBvrbL9f,g69FuEghiM5,14048.0,,2024.0,2d,p,,Muzaffarnagar,MVQs2RrS1Nw,indicator_2,871,2
2023.0,Muzaffarnagar Morna,RAawnADvz9B,TmeumlBaObG,7659.0,,2024.0,10b,p,23.0,Muzaffarnagar,MVQs2RrS1Nw,indicator_10,440,10
2023.0,Muzaffarnagar Morna,RAawnADvz9B,t03VPkJ5UXd,6808.0,,2024.0,7b,p,23.0,Muzaffarnagar,MVQs2RrS1Nw,indicator_7,440,7
2023.0,Muzaffarnagar Morna,RAawnADvz9B,g69FuEghiM5,6876.0,,2024.0,2d,p,23.0,Muzaffarnagar,MVQs2RrS1Nw,indicator_2,440,2
2023.0,Muzaffarnagar Shahpur,XuOunfUuyUX,TmeumlBaObG,6823.0,,2024.0,10b,p,22.0,Muzaffarnagar,MVQs2RrS1Nw,indicator_10,737,10
2023.0,Muzaffarnagar Shahpur,XuOunfUuyUX,t03VPkJ5UXd,6065.0,,2024.0,7b,p,22.0,Muzaffarnagar,MVQs2RrS1Nw,indicator_7,737,7
2023.0,Muzaffarnagar Shahpur,XuOunfUuyUX,g69FuEghiM5,6125.0,,2024.0,2d,p,22.0,Muzaffarnagar,MVQs2RrS1Nw,indicator_2,737,2
2023.0,Muzaffarnagar Casthawal,c0nWxLrugon,TmeumlBaObG,7546.0,,2024.0,10b,p,17.0,Muzaffarnagar,MVQs2RrS1Nw,indicator_10,343,10
2023.0,Muzaffarnagar Casthawal,c0nWxLrugon,t03VPkJ5UXd,6708.0,,2024.0,7b,p,17.0,Muzaffarnagar,MVQs2RrS1Nw,indicator_7,343,7
2023.0,Muzaffarnagar Casthawal,c0nWxLrugon,g69FuEghiM5,6775.0,,2024.0,2d,p,17.0,Muzaffarnagar,MVQs2RrS1Nw,indicator_2,343,2
2023.0,Muzaffarnagar Khthauli,e6v2BeJjdF0,TmeumlBaObG,11030.0,,2024.0,10b,p,25.0,Muzaffarnagar,MVQs2RrS1Nw,indicator_10,769,10
2023.0,Muzaffarnagar Khthauli,e6v2BeJjdF0,t03VPkJ5UXd,9804.0,,2024.0,7b,p,25.0,Muzaffarnagar,MVQs2RrS1Nw,indicator_7,769,7
2023.0,Muzaffarnagar Khthauli,e6v2BeJjdF0,g69FuEghiM5,9902.0,,2024.0,2d,p,25.0,Muzaffarnagar,MVQs2RrS1Nw,indicator_2,769,2
2023.0,Muzaffarnagar Budana,gh2z6ozRHvl,TmeumlBaObG,8351.0,,2024.0,10b,p,21.0,Muzaffarnagar,MVQs2RrS1Nw,indicator_10,263,10
2023.0,Muzaffarnagar Budana,gh2z6ozRHvl,t03VPkJ5UXd,7424.0,,2024.0,7b,p,21.0,Muzaffarnagar,MVQs2RrS1Nw,indicator_7,263,7
2023.0,Muzaffarnagar Budana,gh2z6ozRHvl,g69FuEghiM5,7498.0,,2024.0,2d,p,21.0,Muzaffarnagar,MVQs2RrS1Nw,indicator_2,263,2
2023.0,Muzaffarnagar Badhara,hiCT4rPYCVr,TmeumlBaObG,7032.0,,2024.0,10b,p,20.0,Muzaffarnagar,MVQs2RrS1Nw,indicator_10,812,10
2023.0,Muzaffarnagar Badhara,hiCT4rPYCVr,t03VPkJ5UXd,6251.0,,2024.0,7b,p,20.0,Muzaffarnagar,MVQs2RrS1Nw,indicator_7,812,7
2023.0,Muzaffarnagar Badhara,hiCT4rPYCVr,g69FuEghiM5,6313.0,,2024.0,2d,p,20.0,Muzaffarnagar,MVQs2RrS1Nw,indicator_2,812,2
2023.0,Muzaffarnagar Purkaji,kE3pd8aET6C,TmeumlBaObG,5763.0,,2024.0,10b,p,18.0,Muzaffarnagar,MVQs2RrS1Nw,indicator_10,531,10
2023.0,Muzaffarnagar Purkaji,kE3pd8aET6C,t03VPkJ5UXd,5123.0,,2024.0,7b,p,18.0,Muzaffarnagar,MVQs2RrS1Nw,indicator_7,531,7
2023.0,Muzaffarnagar Purkaji,kE3pd8aET6C,g69FuEghiM5,5174.0,,2024.0,2d,p,18.0,Muzaffarnagar,MVQs2RrS1Nw,indicator_2,531,2
2023.0,Muzaffarnagar Sadar,xInsVC065RU,TmeumlBaObG,8434.0,,2024.0,10b,p,19.0,Muzaffarnagar,MVQs2RrS1Nw,indicator_10,556,10
2023.0,Muzaffarnagar Sadar,xInsVC065RU,t03VPkJ5UXd,7497.0,,2024.0,7b,p,19.0,Muzaffarnagar,MVQs2RrS1Nw,indicator_7,556,7
2023.0,Muzaffarnagar Sadar,xInsVC065RU,g69FuEghiM5,7572.0,,2024.0,2d,p,19.0,Muzaffarnagar,MVQs2RrS1Nw,indicator_2,556,2
2023.0,Dhaulana,IywKKXqWKqi,TmeumlBaObG,5691.0,,2024.0,10b,p,84.0,Hapur,CZ8kLjgqvSH,indicator_10,830,10
2023.0,Dhaulana,IywKKXqWKqi,t03VPkJ5UXd,5058.0,,2024.0,7b,p,84.0,Hapur,CZ8kLjgqvSH,indicator_7,830,7
2023.0,Dhaulana,IywKKXqWKqi,g69FuEghiM5,5109.0,,2024.0,2d,p,84.0,Hapur,CZ8kLjgqvSH,indicator_2,830,2
2023.0,Hapur,MoftawJk2Oh,TmeumlBaObG,9451.0,,2024.0,10b,p,85.0,Hapur,CZ8kLjgqvSH,indicator_10,801,10
2023.0,Hapur,MoftawJk2Oh,t03VPkJ5UXd,8401.0,,2024.0,7b,p,85.0,Hapur,CZ8kLjgqvSH,indicator_7,801,7
2023.0,Hapur,MoftawJk2Oh,g69FuEghiM5,8485.0,,2024.0,2d,p,85.0,Hapur,CZ8kLjgqvSH,indicator_2,801,2
2023.0,Hapur DHQ,Mt3m2kDHXcq,TmeumlBaObG,9937.0,,2024.0,10b,p,,Hapur,CZ8kLjgqvSH,indicator_10,93,10
2023.0,Hapur DHQ,Mt3m2kDHXcq,t03VPkJ5UXd,8833.0,,2024.0,7b,p,,Hapur,CZ8kLjgqvSH,indicator_7,93,7
2023.0,Hapur DHQ,Mt3m2kDHXcq,g69FuEghiM5,8921.0,,2024.0,2d,p,,Hapur,CZ8kLjgqvSH,indicator_2,93,2
2023.0,Garhmukteshwar,lY8m4U7kmq2,TmeumlBaObG,6994.0,,2024.0,10b,p,87.0,Hapur,CZ8kLjgqvSH,indicator_10,13,10
2023.0,Garhmukteshwar,lY8m4U7kmq2,t03VPkJ5UXd,6217.0,,2024.0,7b,p,87.0,Hapur,CZ8kLjgqvSH,indicator_7,13,7
2023.0,Garhmukteshwar,lY8m4U7kmq2,g69FuEghiM5,6279.0,,2024.0,2d,p,87.0,Hapur,CZ8kLjgqvSH,indicator_2,13,2
2023.0,Simbhaoli,mSef7qX2gGM,TmeumlBaObG,5690.0,,2024.0,10b,p,86.0,Hapur,CZ8kLjgqvSH,indicator_10,511,10
2023.0,Simbhaoli,mSef7qX2gGM,t03VPkJ5UXd,5058.0,,2024.0,7b,p,86.0,Hapur,CZ8kLjgqvSH,indicator_7,511,7
2023.0,Simbhaoli,mSef7qX2gGM,g69FuEghiM5,5109.0,,2024.0,2d,p,86.0,Hapur,CZ8kLjgqvSH,indicator_2,511,2
2023.0,Auraiya Airwa Katra,JUDfktiXVjn,TmeumlBaObG,4233.0,,2024.0,10b,p,346.0,Auraiya,Bd6E8zkVvVt,indicator_10,534,10
2023.0,Auraiya Airwa Katra,JUDfktiXVjn,t03VPkJ5UXd,3763.0,,2024.0,7b,p,346.0,Auraiya,Bd6E8zkVvVt,indicator_7,534,7
2023.0,Auraiya Airwa Katra,JUDfktiXVjn,g69FuEghiM5,3801.0,,2024.0,2d,p,346.0,Auraiya,Bd6E8zkVvVt,indicator_2,534,2
2023.0,Auraiya Bhagyanagar,UqkEQavyage,TmeumlBaObG,7437.0,,2024.0,10b,p,351.0,Auraiya,Bd6E8zkVvVt,indicator_10,561,10
2023.0,Auraiya Bhagyanagar,UqkEQavyage,t03VPkJ5UXd,6611.0,,2024.0,7b,p,351.0,Auraiya,Bd6E8zkVvVt,indicator_7,561,7
2023.0,Auraiya Bhagyanagar,UqkEQavyage,g69FuEghiM5,6677.0,,2024.0,2d,p,351.0,Auraiya,Bd6E8zkVvVt,indicator_2,561,2
2023.0,Auraiya Bidhuna,Uqr9pGSBzRf,TmeumlBaObG,6367.0,,2024.0,10b,p,347.0,Auraiya,Bd6E8zkVvVt,indicator_10,313,10
2023.0,Auraiya Bidhuna,Uqr9pGSBzRf,t03VPkJ5UXd,5660.0,,2024.0,7b,p,347.0,Auraiya,Bd6E8zkVvVt,indicator_7,313,7
2023.0,Auraiya Bidhuna,Uqr9pGSBzRf,g69FuEghiM5,5717.0,,2024.0,2d,p,347.0,Auraiya,Bd6E8zkVvVt,indicator_2,313,2
2023.0,Auraiya Auriya,baHOn9wfzJ1,TmeumlBaObG,5745.0,,2024.0,10b,p,352.0,Auraiya,Bd6E8zkVvVt,indicator_10,900,10
2023.0,Auraiya Auriya,baHOn9wfzJ1,t03VPkJ5UXd,5107.0,,2024.0,7b,p,352.0,Auraiya,Bd6E8zkVvVt,indicator_7,900,7
2023.0,Auraiya Auriya,baHOn9wfzJ1,g69FuEghiM5,5158.0,,2024.0,2d,p,352.0,Auraiya,Bd6E8zkVvVt,indicator_2,900,2
2023.0,Auraiya Ajitmal,guhyL5WpMTF,TmeumlBaObG,6119.0,,2024.0,10b,p,350.0,Auraiya,Bd6E8zkVvVt,indicator_10,528,10
2023.0,Auraiya Ajitmal,guhyL5WpMTF,t03VPkJ5UXd,5439.0,,2024.0,7b,p,350.0,Auraiya,Bd6E8zkVvVt,indicator_7,528,7
2023.0,Auraiya Ajitmal,guhyL5WpMTF,g69FuEghiM5,5493.0,,2024.0,2d,p,350.0,Auraiya,Bd6E8zkVvVt,indicator_2,528,2
2023.0,Auraiya Achhalda,iT6mwbFSnli,TmeumlBaObG,5650.0,,2024.0,10b,p,348.0,Auraiya,Bd6E8zkVvVt,indicator_10,638,10
2023.0,Auraiya Achhalda,iT6mwbFSnli,t03VPkJ5UXd,5022.0,,2024.0,7b,p,348.0,Auraiya,Bd6E8zkVvVt,indicator_7,638,7
2023.0,Auraiya Achhalda,iT6mwbFSnli,g69FuEghiM5,5072.0,,2024.0,2d,p,348.0,Auraiya,Bd6E8zkVvVt,indicator_2,638,2
2023.0,Auraiya DHQ,lMDCwvmApOX,TmeumlBaObG,3201.0,,2024.0,10b,p,,Auraiya,Bd6E8zkVvVt,indicator_10,538,10
2023.0,Auraiya DHQ,lMDCwvmApOX,t03VPkJ5UXd,2845.0,,2024.0,7b,p,,Auraiya,Bd6E8zkVvVt,indicator_7,538,7
2023.0,Auraiya DHQ,lMDCwvmApOX,g69FuEghiM5,2874.0,,2024.0,2d,p,,Auraiya,Bd6E8zkVvVt,indicator_2,538,2
2023.0,Auraiya Sahar,ogSTp4HnpXK,TmeumlBaObG,5549.0,,2024.0,10b,p,349.0,Auraiya,Bd6E8zkVvVt,indicator_10,704,10
2023.0,Auraiya Sahar,ogSTp4HnpXK,t03VPkJ5UXd,4933.0,,2024.0,7b,p,349.0,Auraiya,Bd6E8zkVvVt,indicator_7,704,7
2023.0,Auraiya Sahar,ogSTp4HnpXK,g69FuEghiM5,4982.0,,2024.0,2d,p,349.0,Auraiya,Bd6E8zkVvVt,indicator_2,704,2
2023.0,Bijua,Jmwf6ICjPJQ,TmeumlBaObG,8593.0,,2024.0,10b,p,230.0,Lakhimpur Kheri,d9ZuMopgX29,indicator_10,37,10
2023.0,Bijua,Jmwf6ICjPJQ,t03VPkJ5UXd,7639.0,,2024.0,7b,p,230.0,Lakhimpur Kheri,d9ZuMopgX29,indicator_7,37,7
2023.0,Bijua,Jmwf6ICjPJQ,g69FuEghiM5,7715.0,,2024.0,2d,p,230.0,Lakhimpur Kheri,d9ZuMopgX29,indicator_2,37,2
2023.0,Nighasan,K3Wk4SSTOVC,TmeumlBaObG,12134.0,,2024.0,10b,p,226.0,Lakhimpur Kheri,d9ZuMopgX29,indicator_10,786,10
2023.0,Nighasan,K3Wk4SSTOVC,t03VPkJ5UXd,10785.0,,2024.0,7b,p,226.0,Lakhimpur Kheri,d9ZuMopgX29,indicator_7,786,7
2023.0,Nighasan,K3Wk4SSTOVC,g69FuEghiM5,10893.0,,2024.0,2d,p,226.0,Lakhimpur Kheri,d9ZuMopgX29,indicator_2,786,2
2023.0,Mitoli,Owih8es2MY7,TmeumlBaObG,9001.0,,2024.0,10b,p,232.0,Lakhimpur Kheri,d9ZuMopgX29,indicator_10,222,10
2023.0,Mitoli,Owih8es2MY7,t03VPkJ5UXd,8001.0,,2024.0,7b,p,232.0,Lakhimpur Kheri,d9ZuMopgX29,indicator_7,222,7
2023.0,Mitoli,Owih8es2MY7,g69FuEghiM5,8081.0,,2024.0,2d,p,232.0,Lakhimpur Kheri,d9ZuMopgX29,indicator_2,222,2
2023.0,Lakhimpur DHQ,PDw9OZ2oKqK,TmeumlBaObG,7119.0,,2024.0,10b,p,,Lakhimpur Kheri,d9ZuMopgX29,indicator_10,177,10
2023.0,Lakhimpur DHQ,PDw9OZ2oKqK,t03VPkJ5UXd,6328.0,,2024.0,7b,p,,Lakhimpur Kheri,d9ZuMopgX29,indicator_7,177,7
2023.0,Lakhimpur DHQ,PDw9OZ2oKqK,g69FuEghiM5,6391.0,,2024.0,2d,p,,Lakhimpur Kheri,d9ZuMopgX29,indicator_2,177,2
2023.0,Mohamdi Kheri,SiLZVlguB9v,TmeumlBaObG,9985.0,,2024.0,10b,p,231.0,Lakhimpur Kheri,d9ZuMopgX29,indicator_10,165,10
2023.0,Mohamdi Kheri,SiLZVlguB9v,t03VPkJ5UXd,8876.0,,2024.0,7b,p,231.0,Lakhimpur Kheri,d9ZuMopgX29,indicator_7,165,7
2023.0,Mohamdi Kheri,SiLZVlguB9v,g69FuEghiM5,8965.0,,2024.0,2d,p,231.0,Lakhimpur Kheri,d9ZuMopgX29,indicator_2,165,2
2023.0,Nakha,UbmM3fTe8D0,TmeumlBaObG,7189.0,,2024.0,10b,p,237.0,Lakhimpur Kheri,d9ZuMopgX29,indicator_10,582,10
2023.0,Nakha,UbmM3fTe8D0,t03VPkJ5UXd,6390.0,,2024.0,7b,p,237.0,Lakhimpur Kheri,d9ZuMopgX29,indicator_7,582,7
2023.0,Nakha,UbmM3fTe8D0,g69FuEghiM5,6454.0,,2024.0,2d,p,237.0,Lakhimpur Kheri,d9ZuMopgX29,indicator_2,582,2
2023.0,Bakeganj,dCxTVCyf17s,TmeumlBaObG,8358.0,,2024.0,10b,p,229.0,Lakhimpur Kheri,d9ZuMopgX29,indicator_10,197,10
2023.0,Bakeganj,dCxTVCyf17s,t03VPkJ5UXd,7430.0,,2024.0,7b,p,229.0,Lakhimpur Kheri,d9ZuMopgX29,indicator_7,197,7
2023.0,Bakeganj,dCxTVCyf17s,g69FuEghiM5,7504.0,,2024.0,2d,p,229.0,Lakhimpur Kheri,d9ZuMopgX29,indicator_2,197,2
2023.0,Pallia,dQnnkXYAcff,TmeumlBaObG,9645.0,,2024.0,10b,p,225.0,Lakhimpur Kheri,d9ZuMopgX29,indicator_10,290,10
2023.0,Pallia,dQnnkXYAcff,t03VPkJ5UXd,8573.0,,2024.0,7b,p,225.0,Lakhimpur Kheri,d9ZuMopgX29,indicator_7,290,7
2023.0,Pallia,dQnnkXYAcff,g69FuEghiM5,8659.0,,2024.0,2d,p,225.0,Lakhimpur Kheri,d9ZuMopgX29,indicator_2,290,2
2023.0,Phardhan,deLO0JKgzP6,TmeumlBaObG,10922.0,,2024.0,10b,p,235.0,Lakhimpur Kheri,d9ZuMopgX29,indicator_10,206,10
2023.0,Phardhan,deLO0JKgzP6,t03VPkJ5UXd,9709.0,,2024.0,7b,p,235.0,Lakhimpur Kheri,d9ZuMopgX29,indicator_7,206,7
2023.0,Phardhan,deLO0JKgzP6,g69FuEghiM5,9806.0,,2024.0,2d,p,235.0,Lakhimpur Kheri,d9ZuMopgX29,indicator_2,206,2
2023.0,Pasgawa,el8CoMxhsji,TmeumlBaObG,10330.0,,2024.0,10b,p,233.0,Lakhimpur Kheri,d9ZuMopgX29,indicator_10,108,10
2023.0,Pasgawa,el8CoMxhsji,t03VPkJ5UXd,9183.0,,2024.0,7b,p,233.0,Lakhimpur Kheri,d9ZuMopgX29,indicator_7,108,7
2023.0,Pasgawa,el8CoMxhsji,g69FuEghiM5,9274.0,,2024.0,2d,p,233.0,Lakhimpur Kheri,d9ZuMopgX29,indicator_2,108,2
2023.0,Dharora,gEphd9O9pPr,TmeumlBaObG,6884.0,,2024.0,10b,p,238.0,Lakhimpur Kheri,d9ZuMopgX29,indicator_10,612,10
2023.0,Dharora,gEphd9O9pPr,t03VPkJ5UXd,6119.0,,2024.0,7b,p,238.0,Lakhimpur Kheri,d9ZuMopgX29,indicator_7,612,7
2023.0,Dharora,gEphd9O9pPr,g69FuEghiM5,6180.0,,2024.0,2d,p,238.0,Lakhimpur Kheri,d9ZuMopgX29,indicator_2,612,2
2023.0,Phoolbhar,kKTBu6UpSYl,TmeumlBaObG,8578.0,,2024.0,10b,p,236.0,Lakhimpur Kheri,d9ZuMopgX29,indicator_10,587,10
2023.0,Phoolbhar,kKTBu6UpSYl,t03VPkJ5UXd,7625.0,,2024.0,7b,p,236.0,Lakhimpur Kheri,d9ZuMopgX29,indicator_7,587,7
2023.0,Phoolbhar,kKTBu6UpSYl,g69FuEghiM5,7701.0,,2024.0,2d,p,236.0,Lakhimpur Kheri,d9ZuMopgX29,indicator_2,587,2
2023.0,Kumbhi,lbRa62r2r1d,TmeumlBaObG,10813.0,,2024.0,10b,p,228.0,Lakhimpur Kheri,d9ZuMopgX29,indicator_10,397,10
2023.0,Kumbhi,lbRa62r2r1d,t03VPkJ5UXd,9611.0,,2024.0,7b,p,228.0,Lakhimpur Kheri,d9ZuMopgX29,indicator_7,397,7
2023.0,Kumbhi,lbRa62r2r1d,g69FuEghiM5,9707.0,,2024.0,2d,p,228.0,Lakhimpur Kheri,d9ZuMopgX29,indicator_2,397,2
2023.0,Isanagar,qbwnjNH34Cw,TmeumlBaObG,8142.0,,2024.0,10b,p,239.0,Lakhimpur Kheri,d9ZuMopgX29,indicator_10,425,10
2023.0,Isanagar,qbwnjNH34Cw,t03VPkJ5UXd,7238.0,,2024.0,7b,p,239.0,Lakhimpur Kheri,d9ZuMopgX29,indicator_7,425,7
2023.0,Isanagar,qbwnjNH34Cw,g69FuEghiM5,7310.0,,2024.0,2d,p,239.0,Lakhimpur Kheri,d9ZuMopgX29,indicator_2,425,2
2023.0,Behjam,qoqWCWNVx1j,TmeumlBaObG,7684.0,,2024.0,10b,p,234.0,Lakhimpur Kheri,d9ZuMopgX29,indicator_10,545,10
2023.0,Behjam,qoqWCWNVx1j,t03VPkJ5UXd,6831.0,,2024.0,7b,p,234.0,Lakhimpur Kheri,d9ZuMopgX29,indicator_7,545,7
2023.0,Behjam,qoqWCWNVx1j,g69FuEghiM5,6899.0,,2024.0,2d,p,234.0,Lakhimpur Kheri,d9ZuMopgX29,indicator_2,545,2
2023.0,Ramia Behar,yl4FsPXJXvw,TmeumlBaObG,8887.0,,2024.0,10b,p,227.0,Lakhimpur Kheri,d9ZuMopgX29,indicator_10,204,10
2023.0,Ramia Behar,yl4FsPXJXvw,t03VPkJ5UXd,7900.0,,2024.0,7b,p,227.0,Lakhimpur Kheri,d9ZuMopgX29,indicator_7,204,7
2023.0,Ramia Behar,yl4FsPXJXvw,g69FuEghiM5,7979.0,,2024.0,2d,p,227.0,Lakhimpur Kheri,d9ZuMopgX29,indicator_2,204,2
2023.0,Gola,KV5wZ2pPQe1,TmeumlBaObG,5404.0,,2024.0,10b,p,647.0,Gorakhpur,vR85cHdsw1w,indicator_10,775,10
2023.0,Gola,KV5wZ2pPQe1,t03VPkJ5UXd,4804.0,,2024.0,7b,p,647.0,Gorakhpur,vR85cHdsw1w,indicator_7,775,7
2023.0,Gola,KV5wZ2pPQe1,g69FuEghiM5,4852.0,,2024.0,2d,p,647.0,Gorakhpur,vR85cHdsw1w,indicator_2,775,2
2023.0,Uruwa Gorakhpur,Mohx3LmGLM5,TmeumlBaObG,6515.0,,2024.0,10b,p,642.0,Gorakhpur,vR85cHdsw1w,indicator_10,498,10
2023.0,Uruwa Gorakhpur,Mohx3LmGLM5,t03VPkJ5UXd,5791.0,,2024.0,7b,p,642.0,Gorakhpur,vR85cHdsw1w,indicator_7,498,7
2023.0,Uruwa Gorakhpur,Mohx3LmGLM5,g69FuEghiM5,5849.0,,2024.0,2d,p,642.0,Gorakhpur,vR85cHdsw1w,indicator_2,498,2
2023.0,Sahjanwa,NEdgkoHIHTS,TmeumlBaObG,4885.0,,2024.0,10b,p,633.0,Gorakhpur,vR85cHdsw1w,indicator_10,384,10
2023.0,Sahjanwa,NEdgkoHIHTS,t03VPkJ5UXd,4342.0,,2024.0,7b,p,633.0,Gorakhpur,vR85cHdsw1w,indicator_7,384,7
2023.0,Sahjanwa,NEdgkoHIHTS,g69FuEghiM5,4386.0,,2024.0,2d,p,633.0,Gorakhpur,vR85cHdsw1w,indicator_2,384,2
2023.0,Brahmpur,P39P0iQKIWH,TmeumlBaObG,6595.0,,2024.0,10b,p,640.0,Gorakhpur,vR85cHdsw1w,indicator_10,684,10
2023.0,Brahmpur,P39P0iQKIWH,t03VPkJ5UXd,5862.0,,2024.0,7b,p,640.0,Gorakhpur,vR85cHdsw1w,indicator_7,684,7
2023.0,Brahmpur,P39P0iQKIWH,g69FuEghiM5,5921.0,,2024.0,2d,p,640.0,Gorakhpur,vR85cHdsw1w,indicator_2,684,2
2023.0,Kauriram,W4M075uGpIs,TmeumlBaObG,5687.0,,2024.0,10b,p,645.0,Gorakhpur,vR85cHdsw1w,indicator_10,121,10
2023.0,Kauriram,W4M075uGpIs,t03VPkJ5UXd,5055.0,,2024.0,7b,p,645.0,Gorakhpur,vR85cHdsw1w,indicator_7,121,7
2023.0,Kauriram,W4M075uGpIs,g69FuEghiM5,5105.0,,2024.0,2d,p,645.0,Gorakhpur,vR85cHdsw1w,indicator_2,121,2
2023.0,Chargawan,X2K6bByVLd2,TmeumlBaObG,6715.0,,2024.0,10b,p,635.0,Gorakhpur,vR85cHdsw1w,indicator_10,653,10
2023.0,Chargawan,X2K6bByVLd2,t03VPkJ5UXd,5969.0,,2024.0,7b,p,635.0,Gorakhpur,vR85cHdsw1w,indicator_7,653,7
2023.0,Chargawan,X2K6bByVLd2,g69FuEghiM5,6029.0,,2024.0,2d,p,635.0,Gorakhpur,vR85cHdsw1w,indicator_2,653,2
2023.0,Pipraich,X9URGLOiulW,TmeumlBaObG,6083.0,,2024.0,10b,p,638.0,Gorakhpur,vR85cHdsw1w,indicator_10,278,10
2023.0,Pipraich,X9URGLOiulW,t03VPkJ5UXd,5407.0,,2024.0,7b,p,638.0,Gorakhpur,vR85cHdsw1w,indicator_7,278,7
2023.0,Pipraich,X9URGLOiulW,g69FuEghiM5,5462.0,,2024.0,2d,p,638.0,Gorakhpur,vR85cHdsw1w,indicator_2,278,2
2023.0,Khorabar,Yz8M2ESnoFT,TmeumlBaObG,6156.0,,2024.0,10b,p,637.0,Gorakhpur,vR85cHdsw1w,indicator_10,175,10
2023.0,Khorabar,Yz8M2ESnoFT,t03VPkJ5UXd,5472.0,,2024.0,7b,p,637.0,Gorakhpur,vR85cHdsw1w,indicator_7,175,7
2023.0,Khorabar,Yz8M2ESnoFT,g69FuEghiM5,5527.0,,2024.0,2d,p,637.0,Gorakhpur,vR85cHdsw1w,indicator_2,175,2
2023.0,Gagaha,aJ8DEEvimsM,TmeumlBaObG,6477.0,,2024.0,10b,p,646.0,Gorakhpur,vR85cHdsw1w,indicator_10,778,10
2023.0,Gagaha,aJ8DEEvimsM,t03VPkJ5UXd,5757.0,,2024.0,7b,p,646.0,Gorakhpur,vR85cHdsw1w,indicator_7,778,7
2023.0,Gagaha,aJ8DEEvimsM,g69FuEghiM5,5815.0,,2024.0,2d,p,646.0,Gorakhpur,vR85cHdsw1w,indicator_2,778,2
2023.0,Piprauli,cDxHC5dDWRe,TmeumlBaObG,7196.0,,2024.0,10b,p,634.0,Gorakhpur,vR85cHdsw1w,indicator_10,164,10
2023.0,Piprauli,cDxHC5dDWRe,t03VPkJ5UXd,6397.0,,2024.0,7b,p,634.0,Gorakhpur,vR85cHdsw1w,indicator_7,164,7
2023.0,Piprauli,cDxHC5dDWRe,g69FuEghiM5,6460.0,,2024.0,2d,p,634.0,Gorakhpur,vR85cHdsw1w,indicator_2,164,2
2023.0,Jungle Kauriya,ewq9OZKKqta,TmeumlBaObG,8022.0,,2024.0,10b,p,631.0,Gorakhpur,vR85cHdsw1w,indicator_10,375,10
2023.0,Jungle Kauriya,ewq9OZKKqta,t03VPkJ5UXd,7130.0,,2024.0,7b,p,631.0,Gorakhpur,vR85cHdsw1w,indicator_7,375,7
2023.0,Jungle Kauriya,ewq9OZKKqta,g69FuEghiM5,7202.0,,2024.0,2d,p,631.0,Gorakhpur,vR85cHdsw1w,indicator_2,375,2
2023.0,Barhalganj,h0bQr9x9gzJ,TmeumlBaObG,7017.0,,2024.0,10b,p,648.0,Gorakhpur,vR85cHdsw1w,indicator_10,90,10
2023.0,Barhalganj,h0bQr9x9gzJ,t03VPkJ5UXd,6238.0,,2024.0,7b,p,648.0,Gorakhpur,vR85cHdsw1w,indicator_7,90,7
2023.0,Barhalganj,h0bQr9x9gzJ,g69FuEghiM5,6300.0,,2024.0,2d,p,648.0,Gorakhpur,vR85cHdsw1w,indicator_2,90,2
2023.0,Khajni,i8SnEC5fIxD,TmeumlBaObG,6345.0,,2024.0,10b,p,641.0,Gorakhpur,vR85cHdsw1w,indicator_10,791,10
2023.0,Khajni,i8SnEC5fIxD,t03VPkJ5UXd,5640.0,,2024.0,7b,p,641.0,Gorakhpur,vR85cHdsw1w,indicator_7,791,7
2023.0,Khajni,i8SnEC5fIxD,g69FuEghiM5,5697.0,,2024.0,2d,p,641.0,Gorakhpur,vR85cHdsw1w,indicator_2,791,2
2023.0,Bhathat,kzpItiarBRF,TmeumlBaObG,6241.0,,2024.0,10b,p,636.0,Gorakhpur,vR85cHdsw1w,indicator_10,899,10
2023.0,Bhathat,kzpItiarBRF,t03VPkJ5UXd,5548.0,,2024.0,7b,p,636.0,Gorakhpur,vR85cHdsw1w,indicator_7,899,7
2023.0,Bhathat,kzpItiarBRF,g69FuEghiM5,5603.0,,2024.0,2d,p,636.0,Gorakhpur,vR85cHdsw1w,indicator_2,899,2
2023.0,Belghat,l4r3ouFQPZS,TmeumlBaObG,6313.0,,2024.0,10b,p,643.0,Gorakhpur,vR85cHdsw1w,indicator_10,683,10
2023.0,Belghat,l4r3ouFQPZS,t03VPkJ5UXd,5612.0,,2024.0,7b,p,643.0,Gorakhpur,vR85cHdsw1w,indicator_7,683,7
2023.0,Belghat,l4r3ouFQPZS,g69FuEghiM5,5668.0,,2024.0,2d,p,643.0,Gorakhpur,vR85cHdsw1w,indicator_2,683,2
2023.0,Campierganj,noXyISQsTiJ,TmeumlBaObG,8865.0,,2024.0,10b,p,630.0,Gorakhpur,vR85cHdsw1w,indicator_10,81,10
2023.0,Campierganj,noXyISQsTiJ,t03VPkJ5UXd,7880.0,,2024.0,7b,p,630.0,Gorakhpur,vR85cHdsw1w,indicator_7,81,7
2023.0,Campierganj,noXyISQsTiJ,g69FuEghiM5,7959.0,,2024.0,2d,p,630.0,Gorakhpur,vR85cHdsw1w,indicator_2,81,2
2023.0,Pali,nxstNxWEDHb,TmeumlBaObG,4646.0,,2024.0,10b,p,632.0,Gorakhpur,vR85cHdsw1w,indicator_10,71,10
2023.0,Pali,nxstNxWEDHb,t03VPkJ5UXd,4130.0,,2024.0,7b,p,632.0,Gorakhpur,vR85cHdsw1w,indicator_7,71,7
2023.0,Pali,nxstNxWEDHb,g69FuEghiM5,4171.0,,2024.0,2d,p,632.0,Gorakhpur,vR85cHdsw1w,indicator_2,71,2
2023.0,Gorakhpur DHQ,oER6x75izaS,TmeumlBaObG,22614.0,,2024.0,10b,p,,Gorakhpur,vR85cHdsw1w,indicator_10,567,10
2023.0,Gorakhpur DHQ,oER6x75izaS,t03VPkJ5UXd,20101.0,,2024.0,7b,p,,Gorakhpur,vR85cHdsw1w,indicator_7,567,7
2023.0,Gorakhpur DHQ,oER6x75izaS,g69FuEghiM5,20302.0,,2024.0,2d,p,,Gorakhpur,vR85cHdsw1w,indicator_2,567,2
2023.0,Bansgaon,oqobaBlkco3,TmeumlBaObG,5693.0,,2024.0,10b,p,644.0,Gorakhpur,vR85cHdsw1w,indicator_10,286,10
2023.0,Bansgaon,oqobaBlkco3,t03VPkJ5UXd,5060.0,,2024.0,7b,p,644.0,Gorakhpur,vR85cHdsw1w,indicator_7,286,7
2023.0,Bansgaon,oqobaBlkco3,g69FuEghiM5,5111.0,,2024.0,2d,p,644.0,Gorakhpur,vR85cHdsw1w,indicator_2,286,2
2023.0,Sardar Nagar,plaloKJOZO2,TmeumlBaObG,5740.0,,2024.0,10b,p,639.0,Gorakhpur,vR85cHdsw1w,indicator_10,250,10
2023.0,Sardar Nagar,plaloKJOZO2,t03VPkJ5UXd,5102.0,,2024.0,7b,p,639.0,Gorakhpur,vR85cHdsw1w,indicator_7,250,7
2023.0,Sardar Nagar,plaloKJOZO2,g69FuEghiM5,5154.0,,2024.0,2d,p,639.0,Gorakhpur,vR85cHdsw1w,indicator_2,250,2
2023.0,Jalalabad Kannauj,OWrTCTjWjzI,TmeumlBaObG,3210.0,,2024.0,10b,p,334.0,Kannauj,IhQbDYRiF8w,indicator_10,686,10
2023.0,Jalalabad Kannauj,OWrTCTjWjzI,t03VPkJ5UXd,2853.0,,2024.0,7b,p,334.0,Kannauj,IhQbDYRiF8w,indicator_7,686,7
2023.0,Jalalabad Kannauj,OWrTCTjWjzI,g69FuEghiM5,2881.0,,2024.0,2d,p,334.0,Kannauj,IhQbDYRiF8w,indicator_2,686,2
2023.0,Umarda,QlnYDSaHYHx,TmeumlBaObG,9843.0,,2024.0,10b,p,337.0,Kannauj,IhQbDYRiF8w,indicator_10,4,10
2023.0,Umarda,QlnYDSaHYHx,t03VPkJ5UXd,8749.0,,2024.0,7b,p,337.0,Kannauj,IhQbDYRiF8w,indicator_7,4,7
2023.0,Umarda,QlnYDSaHYHx,g69FuEghiM5,8837.0,,2024.0,2d,p,337.0,Kannauj,IhQbDYRiF8w,indicator_2,4,2
2023.0,Gugrapur,ZawkcSeJU8n,TmeumlBaObG,2168.0,,2024.0,10b,p,333.0,Kannauj,IhQbDYRiF8w,indicator_10,158,10
2023.0,Gugrapur,ZawkcSeJU8n,t03VPkJ5UXd,1927.0,,2024.0,7b,p,333.0,Kannauj,IhQbDYRiF8w,indicator_7,158,7
2023.0,Gugrapur,ZawkcSeJU8n,g69FuEghiM5,1946.0,,2024.0,2d,p,333.0,Kannauj,IhQbDYRiF8w,indicator_2,158,2
2023.0,Chibramau,lqFb50V1HFl,TmeumlBaObG,9400.0,,2024.0,10b,p,330.0,Kannauj,IhQbDYRiF8w,indicator_10,506,10
2023.0,Chibramau,lqFb50V1HFl,t03VPkJ5UXd,8356.0,,2024.0,7b,p,330.0,Kannauj,IhQbDYRiF8w,indicator_7,506,7
2023.0,Chibramau,lqFb50V1HFl,g69FuEghiM5,8439.0,,2024.0,2d,p,330.0,Kannauj,IhQbDYRiF8w,indicator_2,506,2
2023.0,Kannauj DHQ,pxVGfZhiG9T,TmeumlBaObG,2657.0,,2024.0,10b,p,,Kannauj,IhQbDYRiF8w,indicator_10,101,10
2023.0,Kannauj DHQ,pxVGfZhiG9T,t03VPkJ5UXd,2362.0,,2024.0,7b,p,,Kannauj,IhQbDYRiF8w,indicator_7,101,7
2023.0,Kannauj DHQ,pxVGfZhiG9T,g69FuEghiM5,2385.0,,2024.0,2d,p,,Kannauj,IhQbDYRiF8w,indicator_2,101,2
2023.0,Kannauj,w5PW1t5ovb8,TmeumlBaObG,6430.0,,2024.0,10b,p,335.0,Kannauj,IhQbDYRiF8w,indicator_10,540,10
2023.0,Kannauj,w5PW1t5ovb8,t03VPkJ5UXd,5715.0,,2024.0,7b,p,335.0,Kannauj,IhQbDYRiF8w,indicator_7,540,7
2023.0,Kannauj,w5PW1t5ovb8,g69FuEghiM5,5773.0,,2024.0,2d,p,335.0,Kannauj,IhQbDYRiF8w,indicator_2,540,2
2023.0,Saurikh,wOa6hyubQ9S,TmeumlBaObG,5556.0,,2024.0,10b,p,332.0,Kannauj,IhQbDYRiF8w,indicator_10,765,10
2023.0,Saurikh,wOa6hyubQ9S,t03VPkJ5UXd,4939.0,,2024.0,7b,p,332.0,Kannauj,IhQbDYRiF8w,indicator_7,765,7
2023.0,Saurikh,wOa6hyubQ9S,g69FuEghiM5,4988.0,,2024.0,2d,p,332.0,Kannauj,IhQbDYRiF8w,indicator_2,765,2
2023.0,Haseran,wjAvKvlMzv0,TmeumlBaObG,3726.0,,2024.0,10b,p,336.0,Kannauj,IhQbDYRiF8w,indicator_10,517,10
2023.0,Haseran,wjAvKvlMzv0,t03VPkJ5UXd,3312.0,,2024.0,7b,p,336.0,Kannauj,IhQbDYRiF8w,indicator_7,517,7
2023.0,Haseran,wjAvKvlMzv0,g69FuEghiM5,3345.0,,2024.0,2d,p,336.0,Kannauj,IhQbDYRiF8w,indicator_2,517,2
2023.0,Talgram,zFNrX1gsn6L,TmeumlBaObG,8875.0,,2024.0,10b,p,331.0,Kannauj,IhQbDYRiF8w,indicator_10,273,10
2023.0,Talgram,zFNrX1gsn6L,t03VPkJ5UXd,7889.0,,2024.0,7b,p,331.0,Kannauj,IhQbDYRiF8w,indicator_7,273,7
2023.0,Talgram,zFNrX1gsn6L,g69FuEghiM5,7968.0,,2024.0,2d,p,331.0,Kannauj,IhQbDYRiF8w,indicator_2,273,2
2023.0,Feranda,PgG4CRGzrlZ,TmeumlBaObG,7844.0,,2024.0,10b,p,625.0,Maharajganj,AcnMkNGgc3S,indicator_10,845,10
2023.0,Feranda,PgG4CRGzrlZ,t03VPkJ5UXd,6973.0,,2024.0,7b,p,625.0,Maharajganj,AcnMkNGgc3S,indicator_7,845,7
2023.0,Feranda,PgG4CRGzrlZ,g69FuEghiM5,7043.0,,2024.0,2d,p,625.0,Maharajganj,AcnMkNGgc3S,indicator_2,845,2
2023.0,Nichlol,WFDYOeK31Ef,TmeumlBaObG,10283.0,,2024.0,10b,p,620.0,Maharajganj,AcnMkNGgc3S,indicator_10,119,10
2023.0,Nichlol,WFDYOeK31Ef,t03VPkJ5UXd,9141.0,,2024.0,7b,p,620.0,Maharajganj,AcnMkNGgc3S,indicator_7,119,7
2023.0,Nichlol,WFDYOeK31Ef,g69FuEghiM5,9232.0,,2024.0,2d,p,620.0,Maharajganj,AcnMkNGgc3S,indicator_2,119,2
2023.0,Mithora,YhzzNFiy1cg,TmeumlBaObG,9224.0,,2024.0,10b,p,621.0,Maharajganj,AcnMkNGgc3S,indicator_10,615,10
2023.0,Mithora,YhzzNFiy1cg,t03VPkJ5UXd,8199.0,,2024.0,7b,p,621.0,Maharajganj,AcnMkNGgc3S,indicator_7,615,7
2023.0,Mithora,YhzzNFiy1cg,g69FuEghiM5,8281.0,,2024.0,2d,p,621.0,Maharajganj,AcnMkNGgc3S,indicator_2,615,2
2023.0,Barzmanganj,arETnjnVPdJ,TmeumlBaObG,7855.0,,2024.0,10b,p,623.0,Maharajganj,AcnMkNGgc3S,indicator_10,805,10
2023.0,Barzmanganj,arETnjnVPdJ,t03VPkJ5UXd,6982.0,,2024.0,7b,p,623.0,Maharajganj,AcnMkNGgc3S,indicator_7,805,7
2023.0,Barzmanganj,arETnjnVPdJ,g69FuEghiM5,7052.0,,2024.0,2d,p,623.0,Maharajganj,AcnMkNGgc3S,indicator_2,805,2
2023.0,Maharajganj,d5GGshi37vh,TmeumlBaObG,8239.0,,2024.0,10b,p,626.0,Maharajganj,AcnMkNGgc3S,indicator_10,696,10
2023.0,Maharajganj,d5GGshi37vh,t03VPkJ5UXd,7323.0,,2024.0,7b,p,626.0,Maharajganj,AcnMkNGgc3S,indicator_7,696,7
2023.0,Maharajganj,d5GGshi37vh,g69FuEghiM5,7396.0,,2024.0,2d,p,626.0,Maharajganj,AcnMkNGgc3S,indicator_2,696,2
2023.0,Maharajganj DHQ,entrhoaBv1i,TmeumlBaObG,1272.0,,2024.0,10b,p,,Maharajganj,AcnMkNGgc3S,indicator_10,336,10
2023.0,Maharajganj DHQ,entrhoaBv1i,t03VPkJ5UXd,1131.0,,2024.0,7b,p,,Maharajganj,AcnMkNGgc3S,indicator_7,336,7
2023.0,Maharajganj DHQ,entrhoaBv1i,g69FuEghiM5,1142.0,,2024.0,2d,p,,Maharajganj,AcnMkNGgc3S,indicator_2,336,2
2023.0,Lachmipur,fnVx6XeAGvW,TmeumlBaObG,8451.0,,2024.0,10b,p,619.0,Maharajganj,AcnMkNGgc3S,indicator_10,529,10
2023.0,Lachmipur,fnVx6XeAGvW,t03VPkJ5UXd,7512.0,,2024.0,7b,p,619.0,Maharajganj,AcnMkNGgc3S,indicator_7,529,7
2023.0,Lachmipur,fnVx6XeAGvW,g69FuEghiM5,7587.0,,2024.0,2d,p,619.0,Maharajganj,AcnMkNGgc3S,indicator_2,529,2
2023.0,Siswa,hm9hIxLNVN8,TmeumlBaObG,8499.0,,2024.0,10b,p,622.0,Maharajganj,AcnMkNGgc3S,indicator_10,767,10
2023.0,Siswa,hm9hIxLNVN8,t03VPkJ5UXd,7555.0,,2024.0,7b,p,622.0,Maharajganj,AcnMkNGgc3S,indicator_7,767,7
2023.0,Siswa,hm9hIxLNVN8,g69FuEghiM5,7630.0,,2024.0,2d,p,622.0,Maharajganj,AcnMkNGgc3S,indicator_2,767,2
2023.0,Paniyara,k0SXa6DYHlU,TmeumlBaObG,8349.0,,2024.0,10b,p,628.0,Maharajganj,AcnMkNGgc3S,indicator_10,12,10
2023.0,Paniyara,k0SXa6DYHlU,t03VPkJ5UXd,7421.0,,2024.0,7b,p,628.0,Maharajganj,AcnMkNGgc3S,indicator_7,12,7
2023.0,Paniyara,k0SXa6DYHlU,g69FuEghiM5,7495.0,,2024.0,2d,p,628.0,Maharajganj,AcnMkNGgc3S,indicator_2,12,2
2023.0,Dhani,m89LQqFOgTd,TmeumlBaObG,2566.0,,2024.0,10b,p,624.0,Maharajganj,AcnMkNGgc3S,indicator_10,670,10
2023.0,Dhani,m89LQqFOgTd,t03VPkJ5UXd,2281.0,,2024.0,7b,p,624.0,Maharajganj,AcnMkNGgc3S,indicator_7,670,7
2023.0,Dhani,m89LQqFOgTd,g69FuEghiM5,2304.0,,2024.0,2d,p,624.0,Maharajganj,AcnMkNGgc3S,indicator_2,670,2
2023.0,Naothnawan,pK8QXOdmwvY,TmeumlBaObG,10707.0,,2024.0,10b,p,618.0,Maharajganj,AcnMkNGgc3S,indicator_10,248,10
2023.0,Naothnawan,pK8QXOdmwvY,t03VPkJ5UXd,9517.0,,2024.0,7b,p,618.0,Maharajganj,AcnMkNGgc3S,indicator_7,248,7
2023.0,Naothnawan,pK8QXOdmwvY,g69FuEghiM5,9612.0,,2024.0,2d,p,618.0,Maharajganj,AcnMkNGgc3S,indicator_2,248,2
2023.0,Ghughali,pNfKKA9YCVD,TmeumlBaObG,8436.0,,2024.0,10b,p,627.0,Maharajganj,AcnMkNGgc3S,indicator_10,731,10
2023.0,Ghughali,pNfKKA9YCVD,t03VPkJ5UXd,7499.0,,2024.0,7b,p,627.0,Maharajganj,AcnMkNGgc3S,indicator_7,731,7
2023.0,Ghughali,pNfKKA9YCVD,g69FuEghiM5,7574.0,,2024.0,2d,p,627.0,Maharajganj,AcnMkNGgc3S,indicator_2,731,2
2023.0,Partawal,rslNb3Z3IB9,TmeumlBaObG,8919.0,,2024.0,10b,p,629.0,Maharajganj,AcnMkNGgc3S,indicator_10,192,10
2023.0,Partawal,rslNb3Z3IB9,t03VPkJ5UXd,7928.0,,2024.0,7b,p,629.0,Maharajganj,AcnMkNGgc3S,indicator_7,192,7
2023.0,Partawal,rslNb3Z3IB9,g69FuEghiM5,8007.0,,2024.0,2d,p,629.0,Maharajganj,AcnMkNGgc3S,indicator_2,192,2
2023.0,Shamli Thana Bhawan,PrrfSkPnkmn,TmeumlBaObG,8681.0,,2024.0,10b,p,14.0,Shamli,AdiUcz9BXhx,indicator_10,621,10
2023.0,Shamli Thana Bhawan,PrrfSkPnkmn,t03VPkJ5UXd,7716.0,,2024.0,7b,p,14.0,Shamli,AdiUcz9BXhx,indicator_7,621,7
2023.0,Shamli Thana Bhawan,PrrfSkPnkmn,g69FuEghiM5,7794.0,,2024.0,2d,p,14.0,Shamli,AdiUcz9BXhx,indicator_2,621,2
2023.0,Shamli Shamli,QgLrwudkb0M,TmeumlBaObG,4699.0,,2024.0,10b,p,15.0,Shamli,AdiUcz9BXhx,indicator_10,497,10
2023.0,Shamli Shamli,QgLrwudkb0M,t03VPkJ5UXd,4177.0,,2024.0,7b,p,15.0,Shamli,AdiUcz9BXhx,indicator_7,497,7
2023.0,Shamli Shamli,QgLrwudkb0M,g69FuEghiM5,4218.0,,2024.0,2d,p,15.0,Shamli,AdiUcz9BXhx,indicator_2,497,2
2023.0,Shamli Kandhla,bJF2UI9uVXK,TmeumlBaObG,8584.0,,2024.0,10b,p,16.0,Shamli,AdiUcz9BXhx,indicator_10,551,10
2023.0,Shamli Kandhla,bJF2UI9uVXK,t03VPkJ5UXd,7630.0,,2024.0,7b,p,16.0,Shamli,AdiUcz9BXhx,indicator_7,551,7
2023.0,Shamli Kandhla,bJF2UI9uVXK,g69FuEghiM5,7706.0,,2024.0,2d,p,16.0,Shamli,AdiUcz9BXhx,indicator_2,551,2
2023.0,Shamli Unn,hYGI5A3Mq94,TmeumlBaObG,8799.0,,2024.0,10b,p,12.0,Shamli,AdiUcz9BXhx,indicator_10,339,10
2023.0,Shamli Unn,hYGI5A3Mq94,t03VPkJ5UXd,7821.0,,2024.0,7b,p,12.0,Shamli,AdiUcz9BXhx,indicator_7,339,7
2023.0,Shamli Unn,hYGI5A3Mq94,g69FuEghiM5,7899.0,,2024.0,2d,p,12.0,Shamli,AdiUcz9BXhx,indicator_2,339,2
2023.0,Shamli DHQ,qVXCL4F9Nfc,TmeumlBaObG,4042.0,,2024.0,10b,p,,Shamli,AdiUcz9BXhx,indicator_10,371,10
2023.0,Shamli DHQ,qVXCL4F9Nfc,t03VPkJ5UXd,3592.0,,2024.0,7b,p,,Shamli,AdiUcz9BXhx,indicator_7,371,7
2023.0,Shamli DHQ,qVXCL4F9Nfc,g69FuEghiM5,3628.0,,2024.0,2d,p,,Shamli,AdiUcz9BXhx,indicator_2,371,2
2023.0,Shamli Kairana,y1VjuyuoJ29,TmeumlBaObG,8403.0,,2024.0,10b,p,13.0,Shamli,AdiUcz9BXhx,indicator_10,242,10
2023.0,Shamli Kairana,y1VjuyuoJ29,t03VPkJ5UXd,7469.0,,2024.0,7b,p,13.0,Shamli,AdiUcz9BXhx,indicator_7,242,7
2023.0,Shamli Kairana,y1VjuyuoJ29,g69FuEghiM5,7544.0,,2024.0,2d,p,13.0,Shamli,AdiUcz9BXhx,indicator_2,242,2
2023.0,Ramnagar Chitrakoot,QRMxe3qUWkI,TmeumlBaObG,3535.0,,2024.0,10b,p,418.0,Chitrakoot,i2fSZZ3QAJJ,indicator_10,331,10
2023.0,Ramnagar Chitrakoot,QRMxe3qUWkI,t03VPkJ5UXd,3142.0,,2024.0,7b,p,418.0,Chitrakoot,i2fSZZ3QAJJ,indicator_7,331,7
2023.0,Ramnagar Chitrakoot,QRMxe3qUWkI,g69FuEghiM5,3174.0,,2024.0,2d,p,418.0,Chitrakoot,i2fSZZ3QAJJ,indicator_2,331,2
2023.0,Mau,RMNCveuyYds,TmeumlBaObG,5778.0,,2024.0,10b,p,419.0,Chitrakoot,i2fSZZ3QAJJ,indicator_10,562,10
2023.0,Mau,RMNCveuyYds,t03VPkJ5UXd,5136.0,,2024.0,7b,p,419.0,Chitrakoot,i2fSZZ3QAJJ,indicator_7,562,7
2023.0,Mau,RMNCveuyYds,g69FuEghiM5,5188.0,,2024.0,2d,p,419.0,Chitrakoot,i2fSZZ3QAJJ,indicator_2,562,2
2023.0,Pahari,Xj8oMwQWDUl,TmeumlBaObG,6793.0,,2024.0,10b,p,415.0,Chitrakoot,i2fSZZ3QAJJ,indicator_10,161,10
2023.0,Pahari,Xj8oMwQWDUl,t03VPkJ5UXd,6038.0,,2024.0,7b,p,415.0,Chitrakoot,i2fSZZ3QAJJ,indicator_7,161,7
2023.0,Pahari,Xj8oMwQWDUl,g69FuEghiM5,6098.0,,2024.0,2d,p,415.0,Chitrakoot,i2fSZZ3QAJJ,indicator_2,161,2
2023.0,Chitrakootdham Karwi,csfXDnN3Xo3,TmeumlBaObG,8479.0,,2024.0,10b,p,416.0,Chitrakoot,i2fSZZ3QAJJ,indicator_10,83,10
2023.0,Chitrakootdham Karwi,csfXDnN3Xo3,t03VPkJ5UXd,7537.0,,2024.0,7b,p,416.0,Chitrakoot,i2fSZZ3QAJJ,indicator_7,83,7
2023.0,Chitrakootdham Karwi,csfXDnN3Xo3,g69FuEghiM5,7612.0,,2024.0,2d,p,416.0,Chitrakoot,i2fSZZ3QAJJ,indicator_2,83,2
2023.0,Chitrakoot DHQ,kuE3K1lT4Ik,TmeumlBaObG,2442.0,,2024.0,10b,p,,Chitrakoot,i2fSZZ3QAJJ,indicator_10,233,10
2023.0,Chitrakoot DHQ,kuE3K1lT4Ik,t03VPkJ5UXd,2170.0,,2024.0,7b,p,,Chitrakoot,i2fSZZ3QAJJ,indicator_7,233,7
2023.0,Chitrakoot DHQ,kuE3K1lT4Ik,g69FuEghiM5,2192.0,,2024.0,2d,p,,Chitrakoot,i2fSZZ3QAJJ,indicator_2,233,2
2023.0,Manikpur,lNpqSHtjFu3,TmeumlBaObG,5754.0,,2024.0,10b,p,417.0,Chitrakoot,i2fSZZ3QAJJ,indicator_10,349,10
2023.0,Manikpur,lNpqSHtjFu3,t03VPkJ5UXd,5115.0,,2024.0,7b,p,417.0,Chitrakoot,i2fSZZ3QAJJ,indicator_7,349,7
2023.0,Manikpur,lNpqSHtjFu3,g69FuEghiM5,5166.0,,2024.0,2d,p,417.0,Chitrakoot,i2fSZZ3QAJJ,indicator_2,349,2
2023.0,Baraun,XIqs5K6oAlM,TmeumlBaObG,5352.0,,2024.0,10b,p,327.0,Farrukhabad,uEEwlAGZXWW,indicator_10,346,10
2023.0,Baraun,XIqs5K6oAlM,t03VPkJ5UXd,4757.0,,2024.0,7b,p,327.0,Farrukhabad,uEEwlAGZXWW,indicator_7,346,7
2023.0,Baraun,XIqs5K6oAlM,g69FuEghiM5,4805.0,,2024.0,2d,p,327.0,Farrukhabad,uEEwlAGZXWW,indicator_2,346,2
2023.0,Mohamudabad,grxxI8LtNsw,TmeumlBaObG,9925.0,,2024.0,10b,p,328.0,Farrukhabad,uEEwlAGZXWW,indicator_10,379,10
2023.0,Mohamudabad,grxxI8LtNsw,t03VPkJ5UXd,8822.0,,2024.0,7b,p,328.0,Farrukhabad,uEEwlAGZXWW,indicator_7,379,7
2023.0,Mohamudabad,grxxI8LtNsw,g69FuEghiM5,8910.0,,2024.0,2d,p,328.0,Farrukhabad,uEEwlAGZXWW,indicator_2,379,2
2023.0,Samsabad,istRPh0AKbM,TmeumlBaObG,8061.0,,2024.0,10b,p,325.0,Farrukhabad,uEEwlAGZXWW,indicator_10,563,10
2023.0,Samsabad,istRPh0AKbM,t03VPkJ5UXd,7166.0,,2024.0,7b,p,325.0,Farrukhabad,uEEwlAGZXWW,indicator_7,563,7
2023.0,Samsabad,istRPh0AKbM,g69FuEghiM5,7237.0,,2024.0,2d,p,325.0,Farrukhabad,uEEwlAGZXWW,indicator_2,563,2
2023.0,Rajapur ,nU3oS2SGD3b,TmeumlBaObG,6504.0,,2024.0,10b,p,326.0,Farrukhabad,uEEwlAGZXWW,indicator_10,841,10
2023.0,Rajapur ,nU3oS2SGD3b,t03VPkJ5UXd,5782.0,,2024.0,7b,p,326.0,Farrukhabad,uEEwlAGZXWW,indicator_7,841,7
2023.0,Rajapur ,nU3oS2SGD3b,g69FuEghiM5,5839.0,,2024.0,2d,p,326.0,Farrukhabad,uEEwlAGZXWW,indicator_2,841,2
2023.0,Farrukhabad  DHQ,pAJMw6V9F29,TmeumlBaObG,10582.0,,2024.0,10b,p,,Farrukhabad,uEEwlAGZXWW,indicator_10,636,10
2023.0,Farrukhabad  DHQ,pAJMw6V9F29,t03VPkJ5UXd,9406.0,,2024.0,7b,p,,Farrukhabad,uEEwlAGZXWW,indicator_7,636,7
2023.0,Farrukhabad  DHQ,pAJMw6V9F29,g69FuEghiM5,9500.0,,2024.0,2d,p,,Farrukhabad,uEEwlAGZXWW,indicator_2,636,2
2023.0,Nawabganj ,s5vWj2I9NyF,TmeumlBaObG,5784.0,,2024.0,10b,p,324.0,Farrukhabad,uEEwlAGZXWW,indicator_10,718,10
2023.0,Nawabganj ,s5vWj2I9NyF,t03VPkJ5UXd,5141.0,,2024.0,7b,p,324.0,Farrukhabad,uEEwlAGZXWW,indicator_7,718,7
2023.0,Nawabganj ,s5vWj2I9NyF,g69FuEghiM5,5192.0,,2024.0,2d,p,324.0,Farrukhabad,uEEwlAGZXWW,indicator_2,718,2
2023.0,Kayamganj,vJadmkIZlfo,TmeumlBaObG,9424.0,,2024.0,10b,p,323.0,Farrukhabad,uEEwlAGZXWW,indicator_10,138,10
2023.0,Kayamganj,vJadmkIZlfo,t03VPkJ5UXd,8377.0,,2024.0,7b,p,323.0,Farrukhabad,uEEwlAGZXWW,indicator_7,138,7
2023.0,Kayamganj,vJadmkIZlfo,g69FuEghiM5,8460.0,,2024.0,2d,p,323.0,Farrukhabad,uEEwlAGZXWW,indicator_2,138,2
2023.0,Kamalganj,xmoNxfjNe2l,TmeumlBaObG,10228.0,,2024.0,10b,p,329.0,Farrukhabad,uEEwlAGZXWW,indicator_10,338,10
2023.0,Kamalganj,xmoNxfjNe2l,t03VPkJ5UXd,9092.0,,2024.0,7b,p,329.0,Farrukhabad,uEEwlAGZXWW,indicator_7,338,7
2023.0,Kamalganj,xmoNxfjNe2l,g69FuEghiM5,9183.0,,2024.0,2d,p,329.0,Farrukhabad,uEEwlAGZXWW,indicator_2,338,2
