calc_type,date,district,district_id,div_map_id,division,domain,indicator,indicator_id,map_id,perc_point,type,year
p,2017-04-01,Azamgarh,NjckKfm3g0k,193,Azamgarh Division,ANC,% ANC registered in First trimester,indicator_1,191,49.22799504113603,ANC,2018
p,2018-04-01,Azamgarh,NjckKfm3g0k,193,Azamgarh Division,ANC,% ANC registered in First trimester,indicator_1,191,49.34512200407403,ANC,2019
p,2017-04-01,Azamgarh,NjckKfm3g0k,193,Azamgarh Division,ANC,% of severe anaemic PW treated,indicator_4,191,11.689419795221848,ANC,2018
p,2018-04-01,Azamgarh,NjckKfm3g0k,193,Azamgarh Division,ANC,% of severe anaemic PW treated,indicator_4,191,13.687279423047409,ANC,2019
p,2017-04-01,Azamgarh,NjckKfm3g0k,193,Azamgarh Division,PNC,% of new born breastfed within one hour of birth,indicator_5,191,100.0,PNC,2018
p,2018-04-01,Azamgarh,NjckKfm3g0k,193,Azamgarh Division,PNC,% of new born breastfed within one hour of birth,indicator_5,191,100.0,PNC,2019
p,2017-04-01,Azamgarh,NjckKfm3g0k,193,Azamgarh Division,delivery_care,% of live babies weighted at birth,indicator_6,191,100.0,delivery_care,2018
p,2018-04-01,Azamgarh,NjckKfm3g0k,193,Azamgarh Division,delivery_care,% of live babies weighted at birth,indicator_6,191,100.0,delivery_care,2019
p,2017-04-01,Bahraich,iE0E3nLioFr,182,Gonda Division,ANC,% ANC registered in First trimester,indicator_1,180,27.98656068179956,ANC,2018
p,2018-04-01,Bahraich,iE0E3nLioFr,182,Gonda Division,ANC,% ANC registered in First trimester,indicator_1,180,48.359071854887716,ANC,2019
p,2017-04-01,Bahraich,iE0E3nLioFr,182,Gonda Division,ANC,% of severe anaemic PW treated,indicator_4,180,7.035175879396986,ANC,2018
p,2018-04-01,Bahraich,iE0E3nLioFr,182,Gonda Division,ANC,% of severe anaemic PW treated,indicator_4,180,42.903805324187495,ANC,2019
p,2017-04-01,Bahraich,iE0E3nLioFr,182,Gonda Division,PNC,% of new born breastfed within one hour of birth,indicator_5,180,78.72083019679536,PNC,2018
p,2018-04-01,Bahraich,iE0E3nLioFr,182,Gonda Division,PNC,% of new born breastfed within one hour of birth,indicator_5,180,95.40280786585438,PNC,2019
p,2017-04-01,Bahraich,iE0E3nLioFr,182,Gonda Division,delivery_care,% of live babies weighted at birth,indicator_6,180,82.92020647381439,delivery_care,2018
p,2018-04-01,Bahraich,iE0E3nLioFr,182,Gonda Division,delivery_care,% of live babies weighted at birth,indicator_6,180,93.90551878493376,delivery_care,2019
p,2017-04-01,Chitrakoot,i2fSZZ3QAJJ,170,Chitrakoot Division,ANC,% ANC registered in First trimester,indicator_1,171,33.696654649115445,ANC,2018
p,2018-04-01,Chitrakoot,i2fSZZ3QAJJ,170,Chitrakoot Division,ANC,% ANC registered in First trimester,indicator_1,171,60.9742037757602,ANC,2019
p,2017-04-01,Chitrakoot,i2fSZZ3QAJJ,170,Chitrakoot Division,ANC,% of severe anaemic PW treated,indicator_4,171,5.399792315680166,ANC,2018
p,2018-04-01,Chitrakoot,i2fSZZ3QAJJ,170,Chitrakoot Division,ANC,% of severe anaemic PW treated,indicator_4,171,41.46341463414634,ANC,2019
p,2017-04-01,Chitrakoot,i2fSZZ3QAJJ,170,Chitrakoot Division,PNC,% of new born breastfed within one hour of birth,indicator_5,171,94.70359060756027,PNC,2018
p,2018-04-01,Chitrakoot,i2fSZZ3QAJJ,170,Chitrakoot Division,PNC,% of new born breastfed within one hour of birth,indicator_5,171,96.803991306066,PNC,2019
p,2017-04-01,Chitrakoot,i2fSZZ3QAJJ,170,Chitrakoot Division,delivery_care,% of live babies weighted at birth,indicator_6,171,92.94514057070654,delivery_care,2018
p,2018-04-01,Chitrakoot,i2fSZZ3QAJJ,170,Chitrakoot Division,delivery_care,% of live babies weighted at birth,indicator_6,171,97.03121912665479,delivery_care,2019
p,2017-04-01,Etawah,Pm0jLk6EAiE,161,Kanpur Nagar Division,ANC,% ANC registered in First trimester,indicator_1,161,34.5412632549562,ANC,2018
p,2018-04-01,Etawah,Pm0jLk6EAiE,161,Kanpur Nagar Division,ANC,% ANC registered in First trimester,indicator_1,161,43.873939934961435,ANC,2019
p,2017-04-01,Etawah,Pm0jLk6EAiE,161,Kanpur Nagar Division,ANC,% of severe anaemic PW treated,indicator_4,161,40.1330376940133,ANC,2018
p,2018-04-01,Etawah,Pm0jLk6EAiE,161,Kanpur Nagar Division,ANC,% of severe anaemic PW treated,indicator_4,161,27.983951855566698,ANC,2019
p,2017-04-01,Etawah,Pm0jLk6EAiE,161,Kanpur Nagar Division,PNC,% of new born breastfed within one hour of birth,indicator_5,161,95.90045684058668,PNC,2018
p,2018-04-01,Etawah,Pm0jLk6EAiE,161,Kanpur Nagar Division,PNC,% of new born breastfed within one hour of birth,indicator_5,161,96.16143497757851,PNC,2019
p,2017-04-01,Etawah,Pm0jLk6EAiE,161,Kanpur Nagar Division,delivery_care,% of live babies weighted at birth,indicator_6,161,96.05674440971387,delivery_care,2018
p,2018-04-01,Etawah,Pm0jLk6EAiE,161,Kanpur Nagar Division,delivery_care,% of live babies weighted at birth,indicator_6,161,97.7847533632287,delivery_care,2019
p,2017-04-01,Prayagraj,tXgaew1Pd2Y,172,Prayagraj Division,ANC,% ANC registered in First trimester,indicator_1,175,52.00590819762421,ANC,2018
p,2018-04-01,Prayagraj,tXgaew1Pd2Y,172,Prayagraj Division,ANC,% ANC registered in First trimester,indicator_1,175,49.977076698311,ANC,2019
p,2017-04-01,Prayagraj,tXgaew1Pd2Y,172,Prayagraj Division,ANC,% of severe anaemic PW treated,indicator_4,175,31.25,ANC,2018
p,2018-04-01,Prayagraj,tXgaew1Pd2Y,172,Prayagraj Division,ANC,% of severe anaemic PW treated,indicator_4,175,31.315068493150683,ANC,2019
p,2017-04-01,Prayagraj,tXgaew1Pd2Y,172,Prayagraj Division,PNC,% of new born breastfed within one hour of birth,indicator_5,175,100.0,PNC,2018
p,2018-04-01,Prayagraj,tXgaew1Pd2Y,172,Prayagraj Division,PNC,% of new born breastfed within one hour of birth,indicator_5,175,97.36945374633736,PNC,2019
p,2017-04-01,Prayagraj,tXgaew1Pd2Y,172,Prayagraj Division,delivery_care,% of live babies weighted at birth,indicator_6,175,100.0,delivery_care,2018
p,2018-04-01,Prayagraj,tXgaew1Pd2Y,172,Prayagraj Division,delivery_care,% of live babies weighted at birth,indicator_6,175,99.77631854332355,delivery_care,2019
p,2017-04-01,Kaushambi,PAj0oVY0Dxu,172,Prayagraj Division,ANC,% ANC registered in First trimester,indicator_1,174,38.57038524739821,ANC,2018
p,2018-04-01,Kaushambi,PAj0oVY0Dxu,172,Prayagraj Division,ANC,% ANC registered in First trimester,indicator_1,174,39.761707343451455,ANC,2019
p,2017-04-01,Kaushambi,PAj0oVY0Dxu,172,Prayagraj Division,ANC,% of severe anaemic PW treated,indicator_4,174,14.669051878354207,ANC,2018
p,2018-04-01,Kaushambi,PAj0oVY0Dxu,172,Prayagraj Division,ANC,% of severe anaemic PW treated,indicator_4,174,9.370904325032763,ANC,2019
p,2017-04-01,Kaushambi,PAj0oVY0Dxu,172,Prayagraj Division,PNC,% of new born breastfed within one hour of birth,indicator_5,174,94.14743950478336,PNC,2018
p,2018-04-01,Kaushambi,PAj0oVY0Dxu,172,Prayagraj Division,PNC,% of new born breastfed within one hour of birth,indicator_5,174,88.98015267175573,PNC,2019
p,2017-04-01,Kaushambi,PAj0oVY0Dxu,172,Prayagraj Division,delivery_care,% of live babies weighted at birth,indicator_6,174,95.05486775464266,delivery_care,2018
p,2018-04-01,Kaushambi,PAj0oVY0Dxu,172,Prayagraj Division,delivery_care,% of live babies weighted at birth,indicator_6,174,88.806106870229,delivery_care,2019
p,2017-04-01,Ghazipur,dScWdMRN8PL,195,Varanasi Division,ANC,% ANC registered in First trimester,indicator_1,195,53.06914546640574,ANC,2018
p,2018-04-01,Ghazipur,dScWdMRN8PL,195,Varanasi Division,ANC,% ANC registered in First trimester,indicator_1,195,57.85683760683761,ANC,2019
p,2017-04-01,Ghazipur,dScWdMRN8PL,195,Varanasi Division,ANC,% of severe anaemic PW treated,indicator_4,195,19.801980198019802,ANC,2018
p,2018-04-01,Ghazipur,dScWdMRN8PL,195,Varanasi Division,ANC,% of severe anaemic PW treated,indicator_4,195,28.73877391643889,ANC,2019
p,2017-04-01,Ghazipur,dScWdMRN8PL,195,Varanasi Division,PNC,% of new born breastfed within one hour of birth,indicator_5,195,100.0,PNC,2018
p,2018-04-01,Ghazipur,dScWdMRN8PL,195,Varanasi Division,PNC,% of new born breastfed within one hour of birth,indicator_5,195,98.12131606442327,PNC,2019
p,2017-04-01,Ghazipur,dScWdMRN8PL,195,Varanasi Division,delivery_care,% of live babies weighted at birth,indicator_6,195,99.558403791265,delivery_care,2018
p,2018-04-01,Ghazipur,dScWdMRN8PL,195,Varanasi Division,delivery_care,% of live babies weighted at birth,indicator_6,195,98.3973032113076,delivery_care,2019
p,2017-04-01,Sultanpur,o4ZQTVcMI7U,176,Ayodhya Division,ANC,% ANC registered in First trimester,indicator_1,179,46.79967754937525,ANC,2018
p,2018-04-01,Sultanpur,o4ZQTVcMI7U,176,Ayodhya Division,ANC,% ANC registered in First trimester,indicator_1,179,61.013053705133494,ANC,2019
p,2017-04-01,Sultanpur,o4ZQTVcMI7U,176,Ayodhya Division,ANC,% of severe anaemic PW treated,indicator_4,179,32.07692307692307,ANC,2018
p,2018-04-01,Sultanpur,o4ZQTVcMI7U,176,Ayodhya Division,ANC,% of severe anaemic PW treated,indicator_4,179,38.84861407249468,ANC,2019
p,2017-04-01,Sultanpur,o4ZQTVcMI7U,176,Ayodhya Division,PNC,% of new born breastfed within one hour of birth,indicator_5,179,98.05692253056671,PNC,2018
p,2018-04-01,Sultanpur,o4ZQTVcMI7U,176,Ayodhya Division,PNC,% of new born breastfed within one hour of birth,indicator_5,179,97.61995534012308,PNC,2019
p,2017-04-01,Sultanpur,o4ZQTVcMI7U,176,Ayodhya Division,delivery_care,% of live babies weighted at birth,indicator_6,179,95.83988635787122,delivery_care,2018
p,2018-04-01,Sultanpur,o4ZQTVcMI7U,176,Ayodhya Division,delivery_care,% of live babies weighted at birth,indicator_6,179,98.62752573389248,delivery_care,2019
p,2017-04-01,Aligarh,frD2HOp3wAs,201,Alligarh Division,ANC,% ANC registered in First trimester,indicator_1,143,54.56946645536186,ANC,2018
p,2018-04-01,Aligarh,frD2HOp3wAs,201,Alligarh Division,ANC,% ANC registered in First trimester,indicator_1,143,52.40795701534693,ANC,2019
p,2017-04-01,Aligarh,frD2HOp3wAs,201,Alligarh Division,ANC,% of severe anaemic PW treated,indicator_4,143,20.31700288184438,ANC,2018
p,2018-04-01,Aligarh,frD2HOp3wAs,201,Alligarh Division,ANC,% of severe anaemic PW treated,indicator_4,143,25.042789901583227,ANC,2019
p,2017-04-01,Aligarh,frD2HOp3wAs,201,Alligarh Division,PNC,% of new born breastfed within one hour of birth,indicator_5,143,88.33711691259933,PNC,2018
p,2018-04-01,Aligarh,frD2HOp3wAs,201,Alligarh Division,PNC,% of new born breastfed within one hour of birth,indicator_5,143,93.59218373302879,PNC,2019
p,2017-04-01,Aligarh,frD2HOp3wAs,201,Alligarh Division,delivery_care,% of live babies weighted at birth,indicator_6,143,87.57094211123724,delivery_care,2018
p,2018-04-01,Aligarh,frD2HOp3wAs,201,Alligarh Division,delivery_care,% of live babies weighted at birth,indicator_6,143,95.04776406184857,delivery_care,2019
p,2017-04-01,Fatehpur,ibLiLcaKzw2,172,Prayagraj Division,ANC,% ANC registered in First trimester,indicator_1,172,46.08537519142419,ANC,2018
p,2018-04-01,Fatehpur,ibLiLcaKzw2,172,Prayagraj Division,ANC,% ANC registered in First trimester,indicator_1,172,52.08612416883845,ANC,2019
p,2017-04-01,Fatehpur,ibLiLcaKzw2,172,Prayagraj Division,ANC,% of severe anaemic PW treated,indicator_4,172,21.160714285714285,ANC,2018
p,2018-04-01,Fatehpur,ibLiLcaKzw2,172,Prayagraj Division,ANC,% of severe anaemic PW treated,indicator_4,172,27.258370183196448,ANC,2019
p,2017-04-01,Fatehpur,ibLiLcaKzw2,172,Prayagraj Division,PNC,% of new born breastfed within one hour of birth,indicator_5,172,94.79307677431831,PNC,2018
p,2018-04-01,Fatehpur,ibLiLcaKzw2,172,Prayagraj Division,PNC,% of new born breastfed within one hour of birth,indicator_5,172,95.5219919415157,PNC,2019
p,2017-04-01,Fatehpur,ibLiLcaKzw2,172,Prayagraj Division,delivery_care,% of live babies weighted at birth,indicator_6,172,97.60201121639915,delivery_care,2018
p,2018-04-01,Fatehpur,ibLiLcaKzw2,172,Prayagraj Division,delivery_care,% of live babies weighted at birth,indicator_6,172,97.0299418534514,delivery_care,2019
p,2017-04-01,Hardoi,MTIkUw5q5pX,155,Lucknow Division,ANC,% ANC registered in First trimester,indicator_1,155,43.587154444628375,ANC,2018
p,2018-04-01,Hardoi,MTIkUw5q5pX,155,Lucknow Division,ANC,% ANC registered in First trimester,indicator_1,155,46.99736503462222,ANC,2019
p,2017-04-01,Hardoi,MTIkUw5q5pX,155,Lucknow Division,ANC,% of severe anaemic PW treated,indicator_4,155,25.0,ANC,2018
p,2018-04-01,Hardoi,MTIkUw5q5pX,155,Lucknow Division,ANC,% of severe anaemic PW treated,indicator_4,155,24.011591802939357,ANC,2019
p,2017-04-01,Hardoi,MTIkUw5q5pX,155,Lucknow Division,PNC,% of new born breastfed within one hour of birth,indicator_5,155,88.49553630326751,PNC,2018
p,2018-04-01,Hardoi,MTIkUw5q5pX,155,Lucknow Division,PNC,% of new born breastfed within one hour of birth,indicator_5,155,88.68945705257109,PNC,2019
p,2017-04-01,Hardoi,MTIkUw5q5pX,155,Lucknow Division,delivery_care,% of live babies weighted at birth,indicator_6,155,90.21285016931265,delivery_care,2018
p,2018-04-01,Hardoi,MTIkUw5q5pX,155,Lucknow Division,delivery_care,% of live babies weighted at birth,indicator_6,155,89.94771617351336,delivery_care,2019
p,2017-04-01,Gautam Buddha Nagar,bNmwkrQeP3e,140,Meerut Division,ANC,% ANC registered in First trimester,indicator_1,141,64.97925311203319,ANC,2018
p,2018-04-01,Gautam Buddha Nagar,bNmwkrQeP3e,140,Meerut Division,ANC,% ANC registered in First trimester,indicator_1,141,67.85563743659064,ANC,2019
p,2017-04-01,Gautam Buddha Nagar,bNmwkrQeP3e,140,Meerut Division,ANC,% of severe anaemic PW treated,indicator_4,141,23.757371524852573,ANC,2018
p,2018-04-01,Gautam Buddha Nagar,bNmwkrQeP3e,140,Meerut Division,ANC,% of severe anaemic PW treated,indicator_4,141,50.51753881541116,ANC,2019
p,2017-04-01,Gautam Buddha Nagar,bNmwkrQeP3e,140,Meerut Division,PNC,% of new born breastfed within one hour of birth,indicator_5,141,93.65789473684212,PNC,2018
p,2018-04-01,Gautam Buddha Nagar,bNmwkrQeP3e,140,Meerut Division,PNC,% of new born breastfed within one hour of birth,indicator_5,141,67.11807525051995,PNC,2019
p,2017-04-01,Gautam Buddha Nagar,bNmwkrQeP3e,140,Meerut Division,delivery_care,% of live babies weighted at birth,indicator_6,141,97.59649122807016,delivery_care,2018
p,2018-04-01,Gautam Buddha Nagar,bNmwkrQeP3e,140,Meerut Division,delivery_care,% of live babies weighted at birth,indicator_6,141,100.0,delivery_care,2019
p,2017-04-01,Ballia,oNDvGBE5fLq,193,Azamgarh Division,ANC,% ANC registered in First trimester,indicator_1,193,39.99886059363072,ANC,2018
p,2018-04-01,Ballia,oNDvGBE5fLq,193,Azamgarh Division,ANC,% ANC registered in First trimester,indicator_1,193,44.9383048112161,ANC,2019
p,2017-04-01,Ballia,oNDvGBE5fLq,193,Azamgarh Division,ANC,% of severe anaemic PW treated,indicator_4,193,26.912181303116146,ANC,2018
p,2018-04-01,Ballia,oNDvGBE5fLq,193,Azamgarh Division,ANC,% of severe anaemic PW treated,indicator_4,193,30.135557872784148,ANC,2019
p,2017-04-01,Ballia,oNDvGBE5fLq,193,Azamgarh Division,PNC,% of new born breastfed within one hour of birth,indicator_5,193,91.1388964392498,PNC,2018
p,2018-04-01,Ballia,oNDvGBE5fLq,193,Azamgarh Division,PNC,% of new born breastfed within one hour of birth,indicator_5,193,97.04475433760338,PNC,2019
p,2017-04-01,Ballia,oNDvGBE5fLq,193,Azamgarh Division,delivery_care,% of live babies weighted at birth,indicator_6,193,95.6005125616433,delivery_care,2018
p,2018-04-01,Ballia,oNDvGBE5fLq,193,Azamgarh Division,delivery_care,% of live babies weighted at birth,indicator_6,193,96.8116588292525,delivery_care,2019
p,2017-04-01,Firozabad,eJTsuE56XDF,146,Agra Division,ANC,% ANC registered in First trimester,indicator_1,147,45.85515693301304,ANC,2018
p,2018-04-01,Firozabad,eJTsuE56XDF,146,Agra Division,ANC,% ANC registered in First trimester,indicator_1,147,47.94852418207682,ANC,2019
p,2017-04-01,Firozabad,eJTsuE56XDF,146,Agra Division,ANC,% of severe anaemic PW treated,indicator_4,147,25.293217746047937,ANC,2018
p,2018-04-01,Firozabad,eJTsuE56XDF,146,Agra Division,ANC,% of severe anaemic PW treated,indicator_4,147,16.3330078125,ANC,2019
p,2017-04-01,Firozabad,eJTsuE56XDF,146,Agra Division,PNC,% of new born breastfed within one hour of birth,indicator_5,147,67.40518629574102,PNC,2018
p,2018-04-01,Firozabad,eJTsuE56XDF,146,Agra Division,PNC,% of new born breastfed within one hour of birth,indicator_5,147,77.14189718893493,PNC,2019
p,2017-04-01,Firozabad,eJTsuE56XDF,146,Agra Division,delivery_care,% of live babies weighted at birth,indicator_6,147,65.56721639180411,delivery_care,2018
p,2018-04-01,Firozabad,eJTsuE56XDF,146,Agra Division,delivery_care,% of live babies weighted at birth,indicator_6,147,80.1545525814761,delivery_care,2019
p,2017-04-01,Lucknow,MfHac5N78aK,155,Lucknow Division,ANC,% ANC registered in First trimester,indicator_1,157,55.27889285012492,ANC,2018
p,2018-04-01,Lucknow,MfHac5N78aK,155,Lucknow Division,ANC,% ANC registered in First trimester,indicator_1,157,52.014372114196526,ANC,2019
p,2017-04-01,Lucknow,MfHac5N78aK,155,Lucknow Division,ANC,% of severe anaemic PW treated,indicator_4,157,51.96324143692564,ANC,2018
p,2018-04-01,Lucknow,MfHac5N78aK,155,Lucknow Division,ANC,% of severe anaemic PW treated,indicator_4,157,49.2630551488531,ANC,2019
p,2017-04-01,Lucknow,MfHac5N78aK,155,Lucknow Division,PNC,% of new born breastfed within one hour of birth,indicator_5,157,87.33636301973817,PNC,2018
p,2018-04-01,Lucknow,MfHac5N78aK,155,Lucknow Division,PNC,% of new born breastfed within one hour of birth,indicator_5,157,84.39682633901188,PNC,2019
p,2017-04-01,Lucknow,MfHac5N78aK,155,Lucknow Division,delivery_care,% of live babies weighted at birth,indicator_6,157,97.72095231635352,delivery_care,2018
p,2018-04-01,Lucknow,MfHac5N78aK,155,Lucknow Division,delivery_care,% of live babies weighted at birth,indicator_6,157,99.0621475633644,delivery_care,2019
p,2017-04-01,Balrampur,uS0pNSxN3sS,182,Gonda Division,ANC,% ANC registered in First trimester,indicator_1,182,30.697391127804284,ANC,2018
p,2018-04-01,Balrampur,uS0pNSxN3sS,182,Gonda Division,ANC,% ANC registered in First trimester,indicator_1,182,53.911509297029454,ANC,2019
p,2017-04-01,Balrampur,uS0pNSxN3sS,182,Gonda Division,ANC,% of severe anaemic PW treated,indicator_4,182,10.081190798376184,ANC,2018
p,2018-04-01,Balrampur,uS0pNSxN3sS,182,Gonda Division,ANC,% of severe anaemic PW treated,indicator_4,182,71.7488050107137,ANC,2019
p,2017-04-01,Balrampur,uS0pNSxN3sS,182,Gonda Division,PNC,% of new born breastfed within one hour of birth,indicator_5,182,95.44759825327513,PNC,2018
p,2018-04-01,Balrampur,uS0pNSxN3sS,182,Gonda Division,PNC,% of new born breastfed within one hour of birth,indicator_5,182,97.6611363198374,PNC,2019
p,2017-04-01,Balrampur,uS0pNSxN3sS,182,Gonda Division,delivery_care,% of live babies weighted at birth,indicator_6,182,95.99344978165941,delivery_care,2018
p,2018-04-01,Balrampur,uS0pNSxN3sS,182,Gonda Division,delivery_care,% of live babies weighted at birth,indicator_6,182,98.77713344662659,delivery_care,2019
p,2017-04-01,Maunathbhanjan,CBSB9v92AwT,193,Azamgarh Division,ANC,% ANC registered in First trimester,indicator_1,192,35.52520501688374,ANC,2018
p,2018-04-01,Maunathbhanjan,CBSB9v92AwT,193,Azamgarh Division,ANC,% ANC registered in First trimester,indicator_1,192,40.329999843006746,ANC,2019
p,2017-04-01,Maunathbhanjan,CBSB9v92AwT,193,Azamgarh Division,ANC,% of severe anaemic PW treated,indicator_4,192,17.475728155339805,ANC,2018
p,2018-04-01,Maunathbhanjan,CBSB9v92AwT,193,Azamgarh Division,ANC,% of severe anaemic PW treated,indicator_4,192,18.955042527339003,ANC,2019
p,2017-04-01,Maunathbhanjan,CBSB9v92AwT,193,Azamgarh Division,PNC,% of new born breastfed within one hour of birth,indicator_5,192,60.366431504685686,PNC,2018
p,2018-04-01,Maunathbhanjan,CBSB9v92AwT,193,Azamgarh Division,PNC,% of new born breastfed within one hour of birth,indicator_5,192,50.40455840455841,PNC,2019
p,2017-04-01,Maunathbhanjan,CBSB9v92AwT,193,Azamgarh Division,delivery_care,% of live babies weighted at birth,indicator_6,192,68.11098241549963,delivery_care,2018
p,2018-04-01,Maunathbhanjan,CBSB9v92AwT,193,Azamgarh Division,delivery_care,% of live babies weighted at birth,indicator_6,192,55.71965811965812,delivery_care,2019
p,2017-04-01,Bagpat,HJIS3IrQ0Nj,140,Meerut Division,ANC,% ANC registered in First trimester,indicator_1,139,69.04993979702999,ANC,2018
p,2018-04-01,Bagpat,HJIS3IrQ0Nj,140,Meerut Division,ANC,% ANC registered in First trimester,indicator_1,139,74.21750503623079,ANC,2019
p,2017-04-01,Bagpat,HJIS3IrQ0Nj,140,Meerut Division,ANC,% of severe anaemic PW treated,indicator_4,139,11.682242990654204,ANC,2018
p,2018-04-01,Bagpat,HJIS3IrQ0Nj,140,Meerut Division,ANC,% of severe anaemic PW treated,indicator_4,139,14.787701317715962,ANC,2019
p,2017-04-01,Bagpat,HJIS3IrQ0Nj,140,Meerut Division,PNC,% of new born breastfed within one hour of birth,indicator_5,139,88.78437047756874,PNC,2018
p,2018-04-01,Bagpat,HJIS3IrQ0Nj,140,Meerut Division,PNC,% of new born breastfed within one hour of birth,indicator_5,139,96.0171540672476,PNC,2019
p,2017-04-01,Bagpat,HJIS3IrQ0Nj,140,Meerut Division,delivery_care,% of live babies weighted at birth,indicator_6,139,89.93306801736614,delivery_care,2018
p,2018-04-01,Bagpat,HJIS3IrQ0Nj,140,Meerut Division,delivery_care,% of live babies weighted at birth,indicator_6,139,97.58656873032528,delivery_care,2019
p,2017-04-01,Sant Kabir Nagar,fe1yBApr2sl,185,Basti Division,ANC,% ANC registered in First trimester,indicator_1,186,42.69066424964392,ANC,2018
p,2018-04-01,Sant Kabir Nagar,fe1yBApr2sl,185,Basti Division,ANC,% ANC registered in First trimester,indicator_1,186,46.55865726440935,ANC,2019
p,2017-04-01,Sant Kabir Nagar,fe1yBApr2sl,185,Basti Division,ANC,% of severe anaemic PW treated,indicator_4,186,16.033755274261605,ANC,2018
p,2018-04-01,Sant Kabir Nagar,fe1yBApr2sl,185,Basti Division,ANC,% of severe anaemic PW treated,indicator_4,186,27.195767195767196,ANC,2019
p,2017-04-01,Sant Kabir Nagar,fe1yBApr2sl,185,Basti Division,PNC,% of new born breastfed within one hour of birth,indicator_5,186,94.8,PNC,2018
p,2018-04-01,Sant Kabir Nagar,fe1yBApr2sl,185,Basti Division,PNC,% of new born breastfed within one hour of birth,indicator_5,186,93.88989715668482,PNC,2019
p,2017-04-01,Sant Kabir Nagar,fe1yBApr2sl,185,Basti Division,delivery_care,% of live babies weighted at birth,indicator_6,186,95.91304347826087,delivery_care,2018
p,2018-04-01,Sant Kabir Nagar,fe1yBApr2sl,185,Basti Division,delivery_care,% of live babies weighted at birth,indicator_6,186,95.488266946859,delivery_care,2019
p,2017-04-01,Mirzapur,UAicdMLyuk4,200,Mirzapur Division,ANC,% ANC registered in First trimester,indicator_1,199,40.84687639779335,ANC,2018
p,2018-04-01,Mirzapur,UAicdMLyuk4,200,Mirzapur Division,ANC,% ANC registered in First trimester,indicator_1,199,42.86624300426191,ANC,2019
p,2017-04-01,Mirzapur,UAicdMLyuk4,200,Mirzapur Division,ANC,% of severe anaemic PW treated,indicator_4,199,37.74703557312253,ANC,2018
p,2018-04-01,Mirzapur,UAicdMLyuk4,200,Mirzapur Division,ANC,% of severe anaemic PW treated,indicator_4,199,31.3893653516295,ANC,2019
p,2017-04-01,Mirzapur,UAicdMLyuk4,200,Mirzapur Division,PNC,% of new born breastfed within one hour of birth,indicator_5,199,96.24186437119462,PNC,2018
p,2018-04-01,Mirzapur,UAicdMLyuk4,200,Mirzapur Division,PNC,% of new born breastfed within one hour of birth,indicator_5,199,95.74741577847999,PNC,2019
p,2017-04-01,Mirzapur,UAicdMLyuk4,200,Mirzapur Division,delivery_care,% of live babies weighted at birth,indicator_6,199,97.36720554272516,delivery_care,2018
p,2018-04-01,Mirzapur,UAicdMLyuk4,200,Mirzapur Division,delivery_care,% of live babies weighted at birth,indicator_6,199,97.02747576455471,delivery_care,2019
p,2017-04-01,Kannauj,IhQbDYRiF8w,161,Kanpur Nagar Division,ANC,% ANC registered in First trimester,indicator_1,160,40.212775885399644,ANC,2018
p,2018-04-01,Kannauj,IhQbDYRiF8w,161,Kanpur Nagar Division,ANC,% ANC registered in First trimester,indicator_1,160,42.18537535770097,ANC,2019
p,2017-04-01,Kannauj,IhQbDYRiF8w,161,Kanpur Nagar Division,ANC,% of severe anaemic PW treated,indicator_4,160,36.609071274298046,ANC,2018
p,2018-04-01,Kannauj,IhQbDYRiF8w,161,Kanpur Nagar Division,ANC,% of severe anaemic PW treated,indicator_4,160,19.17336394948336,ANC,2019
p,2017-04-01,Kannauj,IhQbDYRiF8w,161,Kanpur Nagar Division,PNC,% of new born breastfed within one hour of birth,indicator_5,160,91.62384074664776,PNC,2018
p,2018-04-01,Kannauj,IhQbDYRiF8w,161,Kanpur Nagar Division,PNC,% of new born breastfed within one hour of birth,indicator_5,160,95.88761006496719,PNC,2019
p,2017-04-01,Kannauj,IhQbDYRiF8w,161,Kanpur Nagar Division,delivery_care,% of live babies weighted at birth,indicator_6,160,93.6676708606533,delivery_care,2018
p,2018-04-01,Kannauj,IhQbDYRiF8w,161,Kanpur Nagar Division,delivery_care,% of live babies weighted at birth,indicator_6,160,97.22982554496586,delivery_care,2019
p,2017-04-01,Unnav,aT03mfdlNiF,155,Lucknow Division,ANC,% ANC registered in First trimester,indicator_1,156,30.60980708355731,ANC,2018
p,2018-04-01,Unnav,aT03mfdlNiF,155,Lucknow Division,ANC,% ANC registered in First trimester,indicator_1,156,32.08077395577396,ANC,2019
p,2017-04-01,Unnav,aT03mfdlNiF,155,Lucknow Division,ANC,% of severe anaemic PW treated,indicator_4,156,52.713815789473685,ANC,2018
p,2018-04-01,Unnav,aT03mfdlNiF,155,Lucknow Division,ANC,% of severe anaemic PW treated,indicator_4,156,3.5776581926145847,ANC,2019
p,2017-04-01,Unnav,aT03mfdlNiF,155,Lucknow Division,PNC,% of new born breastfed within one hour of birth,indicator_5,156,88.87135742813471,PNC,2018
p,2018-04-01,Unnav,aT03mfdlNiF,155,Lucknow Division,PNC,% of new born breastfed within one hour of birth,indicator_5,156,95.62344037074615,PNC,2019
p,2017-04-01,Unnav,aT03mfdlNiF,155,Lucknow Division,delivery_care,% of live babies weighted at birth,indicator_6,156,90.35550515260587,delivery_care,2018
p,2018-04-01,Unnav,aT03mfdlNiF,155,Lucknow Division,delivery_care,% of live babies weighted at birth,indicator_6,156,93.66824800504568,delivery_care,2019
p,2017-04-01,Moradabad,YQNQoPjAIpV,134,Moradabad Division,ANC,% ANC registered in First trimester,indicator_1,135,47.08589326587158,ANC,2018
p,2018-04-01,Moradabad,YQNQoPjAIpV,134,Moradabad Division,ANC,% ANC registered in First trimester,indicator_1,135,48.06023571521082,ANC,2019
p,2017-04-01,Moradabad,YQNQoPjAIpV,134,Moradabad Division,ANC,% of severe anaemic PW treated,indicator_4,135,13.18435754189944,ANC,2018
p,2018-04-01,Moradabad,YQNQoPjAIpV,134,Moradabad Division,ANC,% of severe anaemic PW treated,indicator_4,135,15.998197386210006,ANC,2019
p,2017-04-01,Moradabad,YQNQoPjAIpV,134,Moradabad Division,PNC,% of new born breastfed within one hour of birth,indicator_5,135,96.24606992689115,PNC,2018
p,2018-04-01,Moradabad,YQNQoPjAIpV,134,Moradabad Division,PNC,% of new born breastfed within one hour of birth,indicator_5,135,98.12670789587229,PNC,2019
p,2017-04-01,Moradabad,YQNQoPjAIpV,134,Moradabad Division,delivery_care,% of live babies weighted at birth,indicator_6,135,98.48100306829805,delivery_care,2018
p,2018-04-01,Moradabad,YQNQoPjAIpV,134,Moradabad Division,delivery_care,% of live babies weighted at birth,indicator_6,135,99.43549546958148,delivery_care,2019
p,2017-04-01,Bijnor,uCYjHW7FuGG,134,Moradabad Division,ANC,% ANC registered in First trimester,indicator_1,134,51.515730074884914,ANC,2018
p,2018-04-01,Bijnor,uCYjHW7FuGG,134,Moradabad Division,ANC,% ANC registered in First trimester,indicator_1,134,51.45223464753254,ANC,2019
p,2017-04-01,Bijnor,uCYjHW7FuGG,134,Moradabad Division,ANC,% of severe anaemic PW treated,indicator_4,134,30.00554631170272,ANC,2018
p,2018-04-01,Bijnor,uCYjHW7FuGG,134,Moradabad Division,ANC,% of severe anaemic PW treated,indicator_4,134,23.031088082901555,ANC,2019
p,2017-04-01,Bijnor,uCYjHW7FuGG,134,Moradabad Division,PNC,% of new born breastfed within one hour of birth,indicator_5,134,92.0312306357665,PNC,2018
p,2018-04-01,Bijnor,uCYjHW7FuGG,134,Moradabad Division,PNC,% of new born breastfed within one hour of birth,indicator_5,134,91.6153912817402,PNC,2019
p,2017-04-01,Bijnor,uCYjHW7FuGG,134,Moradabad Division,delivery_care,% of live babies weighted at birth,indicator_6,134,94.74780022307596,delivery_care,2018
p,2018-04-01,Bijnor,uCYjHW7FuGG,134,Moradabad Division,delivery_care,% of live babies weighted at birth,indicator_6,134,92.37802235895658,delivery_care,2019
p,2017-04-01,Shamli,AdiUcz9BXhx,132,Saharanpur Division,ANC,% ANC registered in First trimester,indicator_1,203,55.81121848954339,ANC,2018
p,2018-04-01,Shamli,AdiUcz9BXhx,132,Saharanpur Division,ANC,% ANC registered in First trimester,indicator_1,203,59.43719265724364,ANC,2019
p,2017-04-01,Shamli,AdiUcz9BXhx,132,Saharanpur Division,ANC,% of severe anaemic PW treated,indicator_4,203,54.52298566485418,ANC,2018
p,2018-04-01,Shamli,AdiUcz9BXhx,132,Saharanpur Division,ANC,% of severe anaemic PW treated,indicator_4,203,87.50778816199377,ANC,2019
p,2017-04-01,Shamli,AdiUcz9BXhx,132,Saharanpur Division,PNC,% of new born breastfed within one hour of birth,indicator_5,203,90.82098061573544,PNC,2018
p,2018-04-01,Shamli,AdiUcz9BXhx,132,Saharanpur Division,PNC,% of new born breastfed within one hour of birth,indicator_5,203,99.27716498474535,PNC,2019
p,2017-04-01,Shamli,AdiUcz9BXhx,132,Saharanpur Division,delivery_care,% of live babies weighted at birth,indicator_6,203,91.22006841505129,delivery_care,2018
p,2018-04-01,Shamli,AdiUcz9BXhx,132,Saharanpur Division,delivery_care,% of live babies weighted at birth,indicator_6,203,97.70945787373856,delivery_care,2019
p,2017-04-01,Bhadohi,PeUY1vj02UQ,200,Mirzapur Division,ANC,% ANC registered in First trimester,indicator_1,198,46.97986577181208,ANC,2018
p,2018-04-01,Bhadohi,PeUY1vj02UQ,200,Mirzapur Division,ANC,% ANC registered in First trimester,indicator_1,198,48.75810881888844,ANC,2019
p,2017-04-01,Bhadohi,PeUY1vj02UQ,200,Mirzapur Division,ANC,% of severe anaemic PW treated,indicator_4,198,0.0,ANC,2018
p,2018-04-01,Bhadohi,PeUY1vj02UQ,200,Mirzapur Division,ANC,% of severe anaemic PW treated,indicator_4,198,19.166666666666668,ANC,2019
p,2017-04-01,Bhadohi,PeUY1vj02UQ,200,Mirzapur Division,PNC,% of new born breastfed within one hour of birth,indicator_5,198,98.76988531261559,PNC,2018
p,2018-04-01,Bhadohi,PeUY1vj02UQ,200,Mirzapur Division,PNC,% of new born breastfed within one hour of birth,indicator_5,198,98.78994554754965,PNC,2019
p,2017-04-01,Bhadohi,PeUY1vj02UQ,200,Mirzapur Division,delivery_care,% of live babies weighted at birth,indicator_6,198,98.91786903440621,delivery_care,2018
p,2018-04-01,Bhadohi,PeUY1vj02UQ,200,Mirzapur Division,delivery_care,% of live babies weighted at birth,indicator_6,198,99.22996534844069,delivery_care,2019
p,2017-04-01,Gonda,y8WarEkWCul,182,Gonda Division,ANC,% ANC registered in First trimester,indicator_1,183,30.26183087664857,ANC,2018
p,2018-04-01,Gonda,y8WarEkWCul,182,Gonda Division,ANC,% ANC registered in First trimester,indicator_1,183,34.127413487547805,ANC,2019
p,2017-04-01,Gonda,y8WarEkWCul,182,Gonda Division,ANC,% of severe anaemic PW treated,indicator_4,183,11.087420042643924,ANC,2018
p,2018-04-01,Gonda,y8WarEkWCul,182,Gonda Division,ANC,% of severe anaemic PW treated,indicator_4,183,39.226519337016576,ANC,2019
p,2017-04-01,Gonda,y8WarEkWCul,182,Gonda Division,PNC,% of new born breastfed within one hour of birth,indicator_5,183,93.73918941834832,PNC,2018
p,2018-04-01,Gonda,y8WarEkWCul,182,Gonda Division,PNC,% of new born breastfed within one hour of birth,indicator_5,183,89.86644724349642,PNC,2019
p,2017-04-01,Gonda,y8WarEkWCul,182,Gonda Division,delivery_care,% of live babies weighted at birth,indicator_6,183,89.38782431744957,delivery_care,2018
p,2018-04-01,Gonda,y8WarEkWCul,182,Gonda Division,delivery_care,% of live babies weighted at birth,indicator_6,183,90.50572821064623,delivery_care,2019
p,2017-04-01,Agra,N5WWbRtsjWp,146,Agra Division,ANC,% ANC registered in First trimester,indicator_1,146,47.09912224363092,ANC,2018
p,2018-04-01,Agra,N5WWbRtsjWp,146,Agra Division,ANC,% ANC registered in First trimester,indicator_1,146,47.09768056343794,ANC,2019
p,2017-04-01,Agra,N5WWbRtsjWp,146,Agra Division,ANC,% of severe anaemic PW treated,indicator_4,146,46.03492699685084,ANC,2018
p,2018-04-01,Agra,N5WWbRtsjWp,146,Agra Division,ANC,% of severe anaemic PW treated,indicator_4,146,36.67450696580424,ANC,2019
p,2017-04-01,Agra,N5WWbRtsjWp,146,Agra Division,PNC,% of new born breastfed within one hour of birth,indicator_5,146,88.94460907225896,PNC,2018
p,2018-04-01,Agra,N5WWbRtsjWp,146,Agra Division,PNC,% of new born breastfed within one hour of birth,indicator_5,146,90.19810439724205,PNC,2019
p,2017-04-01,Agra,N5WWbRtsjWp,146,Agra Division,delivery_care,% of live babies weighted at birth,indicator_6,146,89.39670237823873,delivery_care,2018
p,2018-04-01,Agra,N5WWbRtsjWp,146,Agra Division,delivery_care,% of live babies weighted at birth,indicator_6,146,100.0,delivery_care,2019
p,2017-04-01,Deoria,Tf9b9qcbghH,188,Gorakhpur Division,ANC,% ANC registered in First trimester,indicator_1,190,53.88559015206372,ANC,2018
p,2018-04-01,Deoria,Tf9b9qcbghH,188,Gorakhpur Division,ANC,% ANC registered in First trimester,indicator_1,190,52.92486448504317,ANC,2019
p,2017-04-01,Deoria,Tf9b9qcbghH,188,Gorakhpur Division,ANC,% of severe anaemic PW treated,indicator_4,190,7.2289156626506035,ANC,2018
p,2018-04-01,Deoria,Tf9b9qcbghH,188,Gorakhpur Division,ANC,% of severe anaemic PW treated,indicator_4,190,85.36977491961414,ANC,2019
p,2017-04-01,Deoria,Tf9b9qcbghH,188,Gorakhpur Division,PNC,% of new born breastfed within one hour of birth,indicator_5,190,88.27067018560983,PNC,2018
p,2018-04-01,Deoria,Tf9b9qcbghH,188,Gorakhpur Division,PNC,% of new born breastfed within one hour of birth,indicator_5,190,86.1298647672138,PNC,2019
p,2017-04-01,Deoria,Tf9b9qcbghH,188,Gorakhpur Division,delivery_care,% of live babies weighted at birth,indicator_6,190,83.76238480508805,delivery_care,2018
p,2018-04-01,Deoria,Tf9b9qcbghH,188,Gorakhpur Division,delivery_care,% of live babies weighted at birth,indicator_6,190,77.38618767420255,delivery_care,2019
p,2017-04-01,Ambedkar Nagar,jM27ji8tyrM,176,Ayodhya Division,ANC,% ANC registered in First trimester,indicator_1,178,38.580246913580254,ANC,2018
p,2018-04-01,Ambedkar Nagar,jM27ji8tyrM,176,Ayodhya Division,ANC,% ANC registered in First trimester,indicator_1,178,56.85896072883102,ANC,2019
p,2017-04-01,Ambedkar Nagar,jM27ji8tyrM,176,Ayodhya Division,ANC,% of severe anaemic PW treated,indicator_4,178,45.09973980919341,ANC,2018
p,2018-04-01,Ambedkar Nagar,jM27ji8tyrM,176,Ayodhya Division,ANC,% of severe anaemic PW treated,indicator_4,178,58.14889336016097,ANC,2019
p,2017-04-01,Ambedkar Nagar,jM27ji8tyrM,176,Ayodhya Division,PNC,% of new born breastfed within one hour of birth,indicator_5,178,93.46025950316229,PNC,2018
p,2018-04-01,Ambedkar Nagar,jM27ji8tyrM,176,Ayodhya Division,PNC,% of new born breastfed within one hour of birth,indicator_5,178,95.89073354527258,PNC,2019
p,2017-04-01,Ambedkar Nagar,jM27ji8tyrM,176,Ayodhya Division,delivery_care,% of live babies weighted at birth,indicator_6,178,95.9966095064224,delivery_care,2018
p,2018-04-01,Ambedkar Nagar,jM27ji8tyrM,176,Ayodhya Division,delivery_care,% of live babies weighted at birth,indicator_6,178,98.03367479100436,delivery_care,2019
p,2017-04-01,Meerut,v8YGmR7nOdj,140,Meerut Division,ANC,% ANC registered in First trimester,indicator_1,138,48.235651118432465,ANC,2018
p,2018-04-01,Meerut,v8YGmR7nOdj,140,Meerut Division,ANC,% ANC registered in First trimester,indicator_1,138,46.60907127429807,ANC,2019
p,2017-04-01,Meerut,v8YGmR7nOdj,140,Meerut Division,ANC,% of severe anaemic PW treated,indicator_4,138,28.200192492781518,ANC,2018
p,2018-04-01,Meerut,v8YGmR7nOdj,140,Meerut Division,ANC,% of severe anaemic PW treated,indicator_4,138,33.27441449403447,ANC,2019
p,2017-04-01,Meerut,v8YGmR7nOdj,140,Meerut Division,PNC,% of new born breastfed within one hour of birth,indicator_5,138,95.05294219753515,PNC,2018
p,2018-04-01,Meerut,v8YGmR7nOdj,140,Meerut Division,PNC,% of new born breastfed within one hour of birth,indicator_5,138,98.23731182112684,PNC,2019
p,2017-04-01,Meerut,v8YGmR7nOdj,140,Meerut Division,delivery_care,% of live babies weighted at birth,indicator_6,138,96.51680842446328,delivery_care,2018
p,2018-04-01,Meerut,v8YGmR7nOdj,140,Meerut Division,delivery_care,% of live babies weighted at birth,indicator_6,138,97.3829638569523,delivery_care,2019
p,2017-04-01,Gorakhpur,vR85cHdsw1w,188,Gorakhpur Division,ANC,% ANC registered in First trimester,indicator_1,188,38.33058916171522,ANC,2018
p,2018-04-01,Gorakhpur,vR85cHdsw1w,188,Gorakhpur Division,ANC,% ANC registered in First trimester,indicator_1,188,46.64860763211788,ANC,2019
p,2017-04-01,Gorakhpur,vR85cHdsw1w,188,Gorakhpur Division,ANC,% of severe anaemic PW treated,indicator_4,188,6.89928628072958,ANC,2018
p,2018-04-01,Gorakhpur,vR85cHdsw1w,188,Gorakhpur Division,ANC,% of severe anaemic PW treated,indicator_4,188,8.345393150024119,ANC,2019
p,2017-04-01,Gorakhpur,vR85cHdsw1w,188,Gorakhpur Division,PNC,% of new born breastfed within one hour of birth,indicator_5,188,86.28208744710861,PNC,2018
p,2018-04-01,Gorakhpur,vR85cHdsw1w,188,Gorakhpur Division,PNC,% of new born breastfed within one hour of birth,indicator_5,188,90.05790855834623,PNC,2019
p,2017-04-01,Gorakhpur,vR85cHdsw1w,188,Gorakhpur Division,delivery_care,% of live babies weighted at birth,indicator_6,188,85.69252468265162,delivery_care,2018
p,2018-04-01,Gorakhpur,vR85cHdsw1w,188,Gorakhpur Division,delivery_care,% of live babies weighted at birth,indicator_6,188,87.49074136421791,delivery_care,2019
p,2017-04-01,Varanasi,LeuBT7KfuuA,195,Varanasi Division,ANC,% ANC registered in First trimester,indicator_1,197,41.060812653395146,ANC,2018
p,2018-04-01,Varanasi,LeuBT7KfuuA,195,Varanasi Division,ANC,% ANC registered in First trimester,indicator_1,197,40.79065466314902,ANC,2019
p,2017-04-01,Varanasi,LeuBT7KfuuA,195,Varanasi Division,ANC,% of severe anaemic PW treated,indicator_4,197,21.751412429378533,ANC,2018
p,2018-04-01,Varanasi,LeuBT7KfuuA,195,Varanasi Division,ANC,% of severe anaemic PW treated,indicator_4,197,11.811023622047243,ANC,2019
p,2017-04-01,Varanasi,LeuBT7KfuuA,195,Varanasi Division,PNC,% of new born breastfed within one hour of birth,indicator_5,197,96.39432058786898,PNC,2018
p,2018-04-01,Varanasi,LeuBT7KfuuA,195,Varanasi Division,PNC,% of new born breastfed within one hour of birth,indicator_5,197,96.1533895286715,PNC,2019
p,2017-04-01,Varanasi,LeuBT7KfuuA,195,Varanasi Division,delivery_care,% of live babies weighted at birth,indicator_6,197,93.51724996886287,delivery_care,2018
p,2018-04-01,Varanasi,LeuBT7KfuuA,195,Varanasi Division,delivery_care,% of live babies weighted at birth,indicator_6,197,90.64466342158377,delivery_care,2019
p,2017-04-01,Amroha,hgquAmZaNBu,134,Moradabad Division,ANC,% ANC registered in First trimester,indicator_1,137,44.438360780019366,ANC,2018
p,2018-04-01,Amroha,hgquAmZaNBu,134,Moradabad Division,ANC,% ANC registered in First trimester,indicator_1,137,48.72718442672711,ANC,2019
p,2017-04-01,Amroha,hgquAmZaNBu,134,Moradabad Division,ANC,% of severe anaemic PW treated,indicator_4,137,17.877094972067038,ANC,2018
p,2018-04-01,Amroha,hgquAmZaNBu,134,Moradabad Division,ANC,% of severe anaemic PW treated,indicator_4,137,41.886207659951296,ANC,2019
p,2017-04-01,Amroha,hgquAmZaNBu,134,Moradabad Division,PNC,% of new born breastfed within one hour of birth,indicator_5,137,94.07372100413092,PNC,2018
p,2018-04-01,Amroha,hgquAmZaNBu,134,Moradabad Division,PNC,% of new born breastfed within one hour of birth,indicator_5,137,89.84338932490498,PNC,2019
p,2017-04-01,Amroha,hgquAmZaNBu,134,Moradabad Division,delivery_care,% of live babies weighted at birth,indicator_6,137,92.53257070225612,delivery_care,2018
p,2018-04-01,Amroha,hgquAmZaNBu,134,Moradabad Division,delivery_care,% of live babies weighted at birth,indicator_6,137,88.98753506871692,delivery_care,2019
p,2017-04-01,Farrukhabad,uEEwlAGZXWW,161,Kanpur Nagar Division,ANC,% ANC registered in First trimester,indicator_1,159,41.096103089582364,ANC,2018
p,2018-04-01,Farrukhabad,uEEwlAGZXWW,161,Kanpur Nagar Division,ANC,% ANC registered in First trimester,indicator_1,159,35.12273542323626,ANC,2019
p,2017-04-01,Farrukhabad,uEEwlAGZXWW,161,Kanpur Nagar Division,ANC,% of severe anaemic PW treated,indicator_4,159,29.678638941398862,ANC,2018
p,2018-04-01,Farrukhabad,uEEwlAGZXWW,161,Kanpur Nagar Division,ANC,% of severe anaemic PW treated,indicator_4,159,30.62920459042343,ANC,2019
p,2017-04-01,Farrukhabad,uEEwlAGZXWW,161,Kanpur Nagar Division,PNC,% of new born breastfed within one hour of birth,indicator_5,159,90.71020925808494,PNC,2018
p,2018-04-01,Farrukhabad,uEEwlAGZXWW,161,Kanpur Nagar Division,PNC,% of new born breastfed within one hour of birth,indicator_5,159,89.30716710815952,PNC,2019
p,2017-04-01,Farrukhabad,uEEwlAGZXWW,161,Kanpur Nagar Division,delivery_care,% of live babies weighted at birth,indicator_6,159,91.93088142041852,delivery_care,2018
p,2018-04-01,Farrukhabad,uEEwlAGZXWW,161,Kanpur Nagar Division,delivery_care,% of live babies weighted at birth,indicator_6,159,91.78823266052306,delivery_care,2019
p,2017-04-01,Muzaffarnagar,MVQs2RrS1Nw,132,Saharanpur Division,ANC,% ANC registered in First trimester,indicator_1,133,39.88645850726332,ANC,2018
p,2018-04-01,Muzaffarnagar,MVQs2RrS1Nw,132,Saharanpur Division,ANC,% ANC registered in First trimester,indicator_1,133,46.0791213210345,ANC,2019
p,2017-04-01,Muzaffarnagar,MVQs2RrS1Nw,132,Saharanpur Division,ANC,% of severe anaemic PW treated,indicator_4,133,30.705394190871374,ANC,2018
p,2018-04-01,Muzaffarnagar,MVQs2RrS1Nw,132,Saharanpur Division,ANC,% of severe anaemic PW treated,indicator_4,133,53.328894806924104,ANC,2019
p,2017-04-01,Muzaffarnagar,MVQs2RrS1Nw,132,Saharanpur Division,PNC,% of new born breastfed within one hour of birth,indicator_5,133,89.99887056697538,PNC,2018
p,2018-04-01,Muzaffarnagar,MVQs2RrS1Nw,132,Saharanpur Division,PNC,% of new born breastfed within one hour of birth,indicator_5,133,93.30929651329537,PNC,2019
p,2017-04-01,Muzaffarnagar,MVQs2RrS1Nw,132,Saharanpur Division,delivery_care,% of live babies weighted at birth,indicator_6,133,93.96882764852043,delivery_care,2018
p,2018-04-01,Muzaffarnagar,MVQs2RrS1Nw,132,Saharanpur Division,delivery_care,% of live babies weighted at birth,indicator_6,133,94.43807104519196,delivery_care,2019
p,2017-04-01,Ayodhya,b4XkXzoGqFY,176,Ayodhya Division,ANC,% ANC registered in First trimester,indicator_1,177,32.624682873566904,ANC,2018
p,2018-04-01,Ayodhya,b4XkXzoGqFY,176,Ayodhya Division,ANC,% ANC registered in First trimester,indicator_1,177,34.44122602193125,ANC,2019
p,2017-04-01,Ayodhya,b4XkXzoGqFY,176,Ayodhya Division,ANC,% of severe anaemic PW treated,indicator_4,177,44.03669724770644,ANC,2018
p,2018-04-01,Ayodhya,b4XkXzoGqFY,176,Ayodhya Division,ANC,% of severe anaemic PW treated,indicator_4,177,37.180423666910144,ANC,2019
p,2017-04-01,Ayodhya,b4XkXzoGqFY,176,Ayodhya Division,PNC,% of new born breastfed within one hour of birth,indicator_5,177,89.98588766581993,PNC,2018
p,2018-04-01,Ayodhya,b4XkXzoGqFY,176,Ayodhya Division,PNC,% of new born breastfed within one hour of birth,indicator_5,177,83.25994803774101,PNC,2019
p,2017-04-01,Ayodhya,b4XkXzoGqFY,176,Ayodhya Division,delivery_care,% of live babies weighted at birth,indicator_6,177,89.26898108947218,delivery_care,2018
p,2018-04-01,Ayodhya,b4XkXzoGqFY,176,Ayodhya Division,delivery_care,% of live babies weighted at birth,indicator_6,177,86.42691098044578,delivery_care,2019
p,2017-04-01,Ghaziabad,M5NHlfAaKYI,140,Meerut Division,ANC,% ANC registered in First trimester,indicator_1,140,55.5284277702572,ANC,2018
p,2018-04-01,Ghaziabad,M5NHlfAaKYI,140,Meerut Division,ANC,% ANC registered in First trimester,indicator_1,140,56.4191647450679,ANC,2019
p,2017-04-01,Ghaziabad,M5NHlfAaKYI,140,Meerut Division,ANC,% of severe anaemic PW treated,indicator_4,140,41.39499620924943,ANC,2018
p,2018-04-01,Ghaziabad,M5NHlfAaKYI,140,Meerut Division,ANC,% of severe anaemic PW treated,indicator_4,140,27.854545454545452,ANC,2019
p,2017-04-01,Ghaziabad,M5NHlfAaKYI,140,Meerut Division,PNC,% of new born breastfed within one hour of birth,indicator_5,140,82.37116154873164,PNC,2018
p,2018-04-01,Ghaziabad,M5NHlfAaKYI,140,Meerut Division,PNC,% of new born breastfed within one hour of birth,indicator_5,140,78.69070862524407,PNC,2019
p,2017-04-01,Ghaziabad,M5NHlfAaKYI,140,Meerut Division,delivery_care,% of live babies weighted at birth,indicator_6,140,82.2803738317757,delivery_care,2018
p,2018-04-01,Ghaziabad,M5NHlfAaKYI,140,Meerut Division,delivery_care,% of live babies weighted at birth,indicator_6,140,85.9067417020788,delivery_care,2019
p,2017-04-01,Kushinagar,xUeHwd9FQkg,188,Gorakhpur Division,ANC,% ANC registered in First trimester,indicator_1,189,50.00705268354609,ANC,2018
p,2018-04-01,Kushinagar,xUeHwd9FQkg,188,Gorakhpur Division,ANC,% ANC registered in First trimester,indicator_1,189,47.100492100492104,ANC,2019
p,2017-04-01,Kushinagar,xUeHwd9FQkg,188,Gorakhpur Division,ANC,% of severe anaemic PW treated,indicator_4,189,13.446676970633694,ANC,2018
p,2018-04-01,Kushinagar,xUeHwd9FQkg,188,Gorakhpur Division,ANC,% of severe anaemic PW treated,indicator_4,189,9.567567567567568,ANC,2019
p,2017-04-01,Kushinagar,xUeHwd9FQkg,188,Gorakhpur Division,PNC,% of new born breastfed within one hour of birth,indicator_5,189,88.66993112783152,PNC,2018
p,2018-04-01,Kushinagar,xUeHwd9FQkg,188,Gorakhpur Division,PNC,% of new born breastfed within one hour of birth,indicator_5,189,97.63654888832285,PNC,2019
p,2017-04-01,Kushinagar,xUeHwd9FQkg,188,Gorakhpur Division,delivery_care,% of live babies weighted at birth,indicator_6,189,95.98710139734864,delivery_care,2018
p,2018-04-01,Kushinagar,xUeHwd9FQkg,188,Gorakhpur Division,delivery_care,% of live babies weighted at birth,indicator_6,189,94.790946472108,delivery_care,2019
p,2017-04-01,Lakhimpur Kheri,d9ZuMopgX29,155,Lucknow Division,ANC,% ANC registered in First trimester,indicator_1,153,40.67367286445703,ANC,2018
p,2018-04-01,Lakhimpur Kheri,d9ZuMopgX29,155,Lucknow Division,ANC,% ANC registered in First trimester,indicator_1,153,39.95900409101435,ANC,2019
p,2017-04-01,Lakhimpur Kheri,d9ZuMopgX29,155,Lucknow Division,ANC,% of severe anaemic PW treated,indicator_4,153,6.643792888334372,ANC,2018
p,2018-04-01,Lakhimpur Kheri,d9ZuMopgX29,155,Lucknow Division,ANC,% of severe anaemic PW treated,indicator_4,153,14.020635713097027,ANC,2019
p,2017-04-01,Lakhimpur Kheri,d9ZuMopgX29,155,Lucknow Division,PNC,% of new born breastfed within one hour of birth,indicator_5,153,94.66526935648876,PNC,2018
p,2018-04-01,Lakhimpur Kheri,d9ZuMopgX29,155,Lucknow Division,PNC,% of new born breastfed within one hour of birth,indicator_5,153,90.87101845613199,PNC,2019
p,2017-04-01,Lakhimpur Kheri,d9ZuMopgX29,155,Lucknow Division,delivery_care,% of live babies weighted at birth,indicator_6,153,96.45432542355965,delivery_care,2018
p,2018-04-01,Lakhimpur Kheri,d9ZuMopgX29,155,Lucknow Division,delivery_care,% of live babies weighted at birth,indicator_6,153,96.0247314811145,delivery_care,2019
p,2017-04-01,Hapur,CZ8kLjgqvSH,140,Meerut Division,ANC,% ANC registered in First trimester,indicator_1,204,66.82658478858824,ANC,2018
p,2018-04-01,Hapur,CZ8kLjgqvSH,140,Meerut Division,ANC,% ANC registered in First trimester,indicator_1,204,59.678022212729594,ANC,2019
p,2017-04-01,Hapur,CZ8kLjgqvSH,140,Meerut Division,ANC,% of severe anaemic PW treated,indicator_4,204,22.72727272727273,ANC,2018
p,2018-04-01,Hapur,CZ8kLjgqvSH,140,Meerut Division,ANC,% of severe anaemic PW treated,indicator_4,204,56.3265306122449,ANC,2019
p,2017-04-01,Hapur,CZ8kLjgqvSH,140,Meerut Division,PNC,% of new born breastfed within one hour of birth,indicator_5,204,97.07765098803229,PNC,2018
p,2018-04-01,Hapur,CZ8kLjgqvSH,140,Meerut Division,PNC,% of new born breastfed within one hour of birth,indicator_5,204,89.92733782645323,PNC,2019
p,2017-04-01,Hapur,CZ8kLjgqvSH,140,Meerut Division,delivery_care,% of live babies weighted at birth,indicator_6,204,99.45727804063456,delivery_care,2018
p,2018-04-01,Hapur,CZ8kLjgqvSH,140,Meerut Division,delivery_care,% of live babies weighted at birth,indicator_6,204,93.69734625105309,delivery_care,2019
p,2017-04-01,Mahoba,sUQMxIc3yXj,170,Chitrakoot Division,ANC,% ANC registered in First trimester,indicator_1,169,29.47106193152193,ANC,2018
p,2018-04-01,Mahoba,sUQMxIc3yXj,170,Chitrakoot Division,ANC,% ANC registered in First trimester,indicator_1,169,41.6193633349984,ANC,2019
p,2017-04-01,Mahoba,sUQMxIc3yXj,170,Chitrakoot Division,ANC,% of severe anaemic PW treated,indicator_4,169,10.961333806314297,ANC,2018
p,2018-04-01,Mahoba,sUQMxIc3yXj,170,Chitrakoot Division,ANC,% of severe anaemic PW treated,indicator_4,169,17.12962962962963,ANC,2019
p,2017-04-01,Mahoba,sUQMxIc3yXj,170,Chitrakoot Division,PNC,% of new born breastfed within one hour of birth,indicator_5,169,97.07169811320757,PNC,2018
p,2018-04-01,Mahoba,sUQMxIc3yXj,170,Chitrakoot Division,PNC,% of new born breastfed within one hour of birth,indicator_5,169,96.26017714950343,PNC,2019
p,2017-04-01,Mahoba,sUQMxIc3yXj,170,Chitrakoot Division,delivery_care,% of live babies weighted at birth,indicator_6,169,98.95849056603771,delivery_care,2018
p,2018-04-01,Mahoba,sUQMxIc3yXj,170,Chitrakoot Division,delivery_care,% of live babies weighted at birth,indicator_6,169,99.93737138767112,delivery_care,2019
p,2017-04-01,Siddharth Nagar,cP0p8qfm3il,185,Basti Division,ANC,% ANC registered in First trimester,indicator_1,184,50.296960889619,ANC,2018
p,2018-04-01,Siddharth Nagar,cP0p8qfm3il,185,Basti Division,ANC,% ANC registered in First trimester,indicator_1,184,56.24645445950205,ANC,2019
p,2017-04-01,Siddharth Nagar,cP0p8qfm3il,185,Basti Division,ANC,% of severe anaemic PW treated,indicator_4,184,55.87392550143266,ANC,2018
p,2018-04-01,Siddharth Nagar,cP0p8qfm3il,185,Basti Division,ANC,% of severe anaemic PW treated,indicator_4,184,28.27200745225897,ANC,2019
p,2017-04-01,Siddharth Nagar,cP0p8qfm3il,185,Basti Division,PNC,% of new born breastfed within one hour of birth,indicator_5,184,95.60836162229765,PNC,2018
p,2018-04-01,Siddharth Nagar,cP0p8qfm3il,185,Basti Division,PNC,% of new born breastfed within one hour of birth,indicator_5,184,90.64327485380116,PNC,2019
p,2017-04-01,Siddharth Nagar,cP0p8qfm3il,185,Basti Division,delivery_care,% of live babies weighted at birth,indicator_6,184,92.17080578881544,delivery_care,2018
p,2018-04-01,Siddharth Nagar,cP0p8qfm3il,185,Basti Division,delivery_care,% of live babies weighted at birth,indicator_6,184,88.0482456140351,delivery_care,2019
p,2017-04-01,Kanpur Dehat,k3D0AumUCiC,161,Kanpur Nagar Division,ANC,% ANC registered in First trimester,indicator_1,163,35.5619768832204,ANC,2018
p,2018-04-01,Kanpur Dehat,k3D0AumUCiC,161,Kanpur Nagar Division,ANC,% ANC registered in First trimester,indicator_1,163,31.00657271605293,ANC,2019
p,2017-04-01,Kanpur Dehat,k3D0AumUCiC,161,Kanpur Nagar Division,ANC,% of severe anaemic PW treated,indicator_4,163,36.85774946921443,ANC,2018
p,2018-04-01,Kanpur Dehat,k3D0AumUCiC,161,Kanpur Nagar Division,ANC,% of severe anaemic PW treated,indicator_4,163,44.42542787286064,ANC,2019
p,2017-04-01,Kanpur Dehat,k3D0AumUCiC,161,Kanpur Nagar Division,PNC,% of new born breastfed within one hour of birth,indicator_5,163,95.50994801935828,PNC,2018
p,2018-04-01,Kanpur Dehat,k3D0AumUCiC,161,Kanpur Nagar Division,PNC,% of new born breastfed within one hour of birth,indicator_5,163,95.69025367156208,PNC,2019
p,2017-04-01,Kanpur Dehat,k3D0AumUCiC,161,Kanpur Nagar Division,delivery_care,% of live babies weighted at birth,indicator_6,163,86.53880623767702,delivery_care,2018
p,2018-04-01,Kanpur Dehat,k3D0AumUCiC,161,Kanpur Nagar Division,delivery_care,% of live babies weighted at birth,indicator_6,163,91.28971962616819,delivery_care,2019
p,2017-04-01,Rae Bareli,lLvTDpBDY8u,155,Lucknow Division,ANC,% ANC registered in First trimester,indicator_1,158,43.776558757629616,ANC,2018
p,2018-04-01,Rae Bareli,lLvTDpBDY8u,155,Lucknow Division,ANC,% ANC registered in First trimester,indicator_1,158,51.42430546235405,ANC,2019
p,2017-04-01,Rae Bareli,lLvTDpBDY8u,155,Lucknow Division,ANC,% of severe anaemic PW treated,indicator_4,158,94.35774309723892,ANC,2018
p,2018-04-01,Rae Bareli,lLvTDpBDY8u,155,Lucknow Division,ANC,% of severe anaemic PW treated,indicator_4,158,46.382636655948545,ANC,2019
p,2017-04-01,Rae Bareli,lLvTDpBDY8u,155,Lucknow Division,PNC,% of new born breastfed within one hour of birth,indicator_5,158,93.67195242814668,PNC,2018
p,2018-04-01,Rae Bareli,lLvTDpBDY8u,155,Lucknow Division,PNC,% of new born breastfed within one hour of birth,indicator_5,158,85.95072175211548,PNC,2019
p,2017-04-01,Rae Bareli,lLvTDpBDY8u,155,Lucknow Division,delivery_care,% of live babies weighted at birth,indicator_6,158,96.10505450941528,delivery_care,2018
p,2018-04-01,Rae Bareli,lLvTDpBDY8u,155,Lucknow Division,delivery_care,% of live babies weighted at birth,indicator_6,158,95.93288534926165,delivery_care,2019
p,2017-04-01,Mathura,KP2BUB1npih,146,Agra Division,ANC,% ANC registered in First trimester,indicator_1,145,44.40200785683108,ANC,2018
p,2018-04-01,Mathura,KP2BUB1npih,146,Agra Division,ANC,% ANC registered in First trimester,indicator_1,145,44.619531731361675,ANC,2019
p,2017-04-01,Mathura,KP2BUB1npih,146,Agra Division,ANC,% of severe anaemic PW treated,indicator_4,145,31.172614712308807,ANC,2018
p,2018-04-01,Mathura,KP2BUB1npih,146,Agra Division,ANC,% of severe anaemic PW treated,indicator_4,145,13.226950354609931,ANC,2019
p,2017-04-01,Mathura,KP2BUB1npih,146,Agra Division,PNC,% of new born breastfed within one hour of birth,indicator_5,145,99.43542203945076,PNC,2018
p,2018-04-01,Mathura,KP2BUB1npih,146,Agra Division,PNC,% of new born breastfed within one hour of birth,indicator_5,145,99.4466957605985,PNC,2019
p,2017-04-01,Mathura,KP2BUB1npih,146,Agra Division,delivery_care,% of live babies weighted at birth,indicator_6,145,99.79089705164844,delivery_care,2018
p,2018-04-01,Mathura,KP2BUB1npih,146,Agra Division,delivery_care,% of live babies weighted at birth,indicator_6,145,100.0,delivery_care,2019
p,2017-04-01,Etah,ZLcx4iOVyN5,201,Alligarh Division,ANC,% ANC registered in First trimester,indicator_1,201,42.03138857825936,ANC,2018
p,2018-04-01,Etah,ZLcx4iOVyN5,201,Alligarh Division,ANC,% ANC registered in First trimester,indicator_1,201,45.72505417883728,ANC,2019
p,2017-04-01,Etah,ZLcx4iOVyN5,201,Alligarh Division,ANC,% of severe anaemic PW treated,indicator_4,201,11.706349206349206,ANC,2018
p,2018-04-01,Etah,ZLcx4iOVyN5,201,Alligarh Division,ANC,% of severe anaemic PW treated,indicator_4,201,16.0,ANC,2019
p,2017-04-01,Etah,ZLcx4iOVyN5,201,Alligarh Division,PNC,% of new born breastfed within one hour of birth,indicator_5,201,97.14954780361758,PNC,2018
p,2018-04-01,Etah,ZLcx4iOVyN5,201,Alligarh Division,PNC,% of new born breastfed within one hour of birth,indicator_5,201,97.4243515850144,PNC,2019
p,2017-04-01,Etah,ZLcx4iOVyN5,201,Alligarh Division,delivery_care,% of live babies weighted at birth,indicator_6,201,96.0109819121447,delivery_care,2018
p,2018-04-01,Etah,ZLcx4iOVyN5,201,Alligarh Division,delivery_care,% of live babies weighted at birth,indicator_6,201,96.85518731988472,delivery_care,2019
p,2017-04-01,Pratapgarh,fz7bJo3egPX,172,Prayagraj Division,ANC,% ANC registered in First trimester,indicator_1,173,47.617376279057204,ANC,2018
p,2018-04-01,Pratapgarh,fz7bJo3egPX,172,Prayagraj Division,ANC,% ANC registered in First trimester,indicator_1,173,35.11735381587112,ANC,2019
p,2017-04-01,Pratapgarh,fz7bJo3egPX,172,Prayagraj Division,ANC,% of severe anaemic PW treated,indicator_4,173,19.53232462173315,ANC,2018
p,2018-04-01,Pratapgarh,fz7bJo3egPX,172,Prayagraj Division,ANC,% of severe anaemic PW treated,indicator_4,173,17.22689075630252,ANC,2019
p,2017-04-01,Pratapgarh,fz7bJo3egPX,172,Prayagraj Division,PNC,% of new born breastfed within one hour of birth,indicator_5,173,93.1251227656649,PNC,2018
p,2018-04-01,Pratapgarh,fz7bJo3egPX,172,Prayagraj Division,PNC,% of new born breastfed within one hour of birth,indicator_5,173,90.24755670293196,PNC,2019
p,2017-04-01,Pratapgarh,fz7bJo3egPX,172,Prayagraj Division,delivery_care,% of live babies weighted at birth,indicator_6,173,98.29895894716171,delivery_care,2018
p,2018-04-01,Pratapgarh,fz7bJo3egPX,172,Prayagraj Division,delivery_care,% of live babies weighted at birth,indicator_6,173,92.81762861884566,delivery_care,2019
p,2017-04-01,Basti,J1P16zQEOUT,185,Basti Division,ANC,% ANC registered in First trimester,indicator_1,185,45.64469284650868,ANC,2018
p,2018-04-01,Basti,J1P16zQEOUT,185,Basti Division,ANC,% ANC registered in First trimester,indicator_1,185,39.951818029021226,ANC,2019
p,2017-04-01,Basti,J1P16zQEOUT,185,Basti Division,ANC,% of severe anaemic PW treated,indicator_4,185,43.38461538461538,ANC,2018
p,2018-04-01,Basti,J1P16zQEOUT,185,Basti Division,ANC,% of severe anaemic PW treated,indicator_4,185,24.036697247706428,ANC,2019
p,2017-04-01,Basti,J1P16zQEOUT,185,Basti Division,PNC,% of new born breastfed within one hour of birth,indicator_5,185,92.95329445746357,PNC,2018
p,2018-04-01,Basti,J1P16zQEOUT,185,Basti Division,PNC,% of new born breastfed within one hour of birth,indicator_5,185,89.10802460223499,PNC,2019
p,2017-04-01,Basti,J1P16zQEOUT,185,Basti Division,delivery_care,% of live babies weighted at birth,indicator_6,185,95.23134775737098,delivery_care,2018
p,2018-04-01,Basti,J1P16zQEOUT,185,Basti Division,delivery_care,% of live babies weighted at birth,indicator_6,185,92.66264329646849,delivery_care,2019
p,2017-04-01,Hathras,m1IAjmqkoFC,201,Alligarh Division,ANC,% ANC registered in First trimester,indicator_1,144,54.734127990531746,ANC,2018
p,2018-04-01,Hathras,m1IAjmqkoFC,201,Alligarh Division,ANC,% ANC registered in First trimester,indicator_1,144,50.20254452926208,ANC,2019
p,2017-04-01,Hathras,m1IAjmqkoFC,201,Alligarh Division,ANC,% of severe anaemic PW treated,indicator_4,144,71.42857142857143,ANC,2018
p,2018-04-01,Hathras,m1IAjmqkoFC,201,Alligarh Division,ANC,% of severe anaemic PW treated,indicator_4,144,46.043851286939926,ANC,2019
p,2017-04-01,Hathras,m1IAjmqkoFC,201,Alligarh Division,PNC,% of new born breastfed within one hour of birth,indicator_5,144,97.05850662644112,PNC,2018
p,2018-04-01,Hathras,m1IAjmqkoFC,201,Alligarh Division,PNC,% of new born breastfed within one hour of birth,indicator_5,144,95.3286980094882,PNC,2019
p,2017-04-01,Hathras,m1IAjmqkoFC,201,Alligarh Division,delivery_care,% of live babies weighted at birth,indicator_6,144,89.33843335847429,delivery_care,2018
p,2018-04-01,Hathras,m1IAjmqkoFC,201,Alligarh Division,delivery_care,% of live babies weighted at birth,indicator_6,144,93.476241873541,delivery_care,2019
p,2017-04-01,Shrawasti,oyTwneTbWDx,182,Gonda Division,ANC,% ANC registered in First trimester,indicator_1,181,38.04112332910928,ANC,2018
p,2018-04-01,Shrawasti,oyTwneTbWDx,182,Gonda Division,ANC,% ANC registered in First trimester,indicator_1,181,56.460732120011556,ANC,2019
p,2017-04-01,Shrawasti,oyTwneTbWDx,182,Gonda Division,ANC,% of severe anaemic PW treated,indicator_4,181,5.858028945554791,ANC,2018
p,2018-04-01,Shrawasti,oyTwneTbWDx,182,Gonda Division,ANC,% of severe anaemic PW treated,indicator_4,181,34.61953007113602,ANC,2019
p,2017-04-01,Shrawasti,oyTwneTbWDx,182,Gonda Division,PNC,% of new born breastfed within one hour of birth,indicator_5,181,84.81823189204077,PNC,2018
p,2018-04-01,Shrawasti,oyTwneTbWDx,182,Gonda Division,PNC,% of new born breastfed within one hour of birth,indicator_5,181,89.17933488194302,PNC,2019
p,2017-04-01,Shrawasti,oyTwneTbWDx,182,Gonda Division,delivery_care,% of live babies weighted at birth,indicator_6,181,89.1352244560727,delivery_care,2018
p,2018-04-01,Shrawasti,oyTwneTbWDx,182,Gonda Division,delivery_care,% of live babies weighted at birth,indicator_6,181,91.35228909994413,delivery_care,2019
p,2017-04-01,Banda,DggJGxqbWHn,170,Chitrakoot Division,ANC,% ANC registered in First trimester,indicator_1,170,46.37942070731317,ANC,2018
p,2018-04-01,Banda,DggJGxqbWHn,170,Chitrakoot Division,ANC,% ANC registered in First trimester,indicator_1,170,42.86933313967211,ANC,2019
p,2017-04-01,Banda,DggJGxqbWHn,170,Chitrakoot Division,ANC,% of severe anaemic PW treated,indicator_4,170,12.368152432800276,ANC,2018
p,2018-04-01,Banda,DggJGxqbWHn,170,Chitrakoot Division,ANC,% of severe anaemic PW treated,indicator_4,170,25.07517540928833,ANC,2019
p,2017-04-01,Banda,DggJGxqbWHn,170,Chitrakoot Division,PNC,% of new born breastfed within one hour of birth,indicator_5,170,67.252940529845,PNC,2018
p,2018-04-01,Banda,DggJGxqbWHn,170,Chitrakoot Division,PNC,% of new born breastfed within one hour of birth,indicator_5,170,73.55120992945798,PNC,2019
p,2017-04-01,Banda,DggJGxqbWHn,170,Chitrakoot Division,delivery_care,% of live babies weighted at birth,indicator_6,170,85.97339782345828,delivery_care,2018
p,2018-04-01,Banda,DggJGxqbWHn,170,Chitrakoot Division,delivery_care,% of live babies weighted at birth,indicator_6,170,80.06964907581035,delivery_care,2019
p,2017-04-01,Amethi,StsLkYw1G0m,176,Ayodhya Division,ANC,% ANC registered in First trimester,indicator_1,206,43.862787184990864,ANC,2018
p,2018-04-01,Amethi,StsLkYw1G0m,176,Ayodhya Division,ANC,% ANC registered in First trimester,indicator_1,206,53.919128167937444,ANC,2019
p,2017-04-01,Amethi,StsLkYw1G0m,176,Ayodhya Division,ANC,% of severe anaemic PW treated,indicator_4,206,15.091678420310295,ANC,2018
p,2018-04-01,Amethi,StsLkYw1G0m,176,Ayodhya Division,ANC,% of severe anaemic PW treated,indicator_4,206,45.31974050046339,ANC,2019
p,2017-04-01,Amethi,StsLkYw1G0m,176,Ayodhya Division,PNC,% of new born breastfed within one hour of birth,indicator_5,206,100.0,PNC,2018
p,2018-04-01,Amethi,StsLkYw1G0m,176,Ayodhya Division,PNC,% of new born breastfed within one hour of birth,indicator_5,206,95.02076056152376,PNC,2019
p,2017-04-01,Amethi,StsLkYw1G0m,176,Ayodhya Division,delivery_care,% of live babies weighted at birth,indicator_6,206,100.0,delivery_care,2018
p,2018-04-01,Amethi,StsLkYw1G0m,176,Ayodhya Division,delivery_care,% of live babies weighted at birth,indicator_6,206,98.39188031371515,delivery_care,2019
p,2017-04-01,Rampur,IU006h5U7jj,134,Moradabad Division,ANC,% ANC registered in First trimester,indicator_1,136,28.77502468803304,ANC,2018
p,2018-04-01,Rampur,IU006h5U7jj,134,Moradabad Division,ANC,% ANC registered in First trimester,indicator_1,136,52.17856188184979,ANC,2019
p,2017-04-01,Rampur,IU006h5U7jj,134,Moradabad Division,ANC,% of severe anaemic PW treated,indicator_4,136,34.603658536585364,ANC,2018
p,2018-04-01,Rampur,IU006h5U7jj,134,Moradabad Division,ANC,% of severe anaemic PW treated,indicator_4,136,33.02575932333718,ANC,2019
p,2017-04-01,Rampur,IU006h5U7jj,134,Moradabad Division,PNC,% of new born breastfed within one hour of birth,indicator_5,136,94.99922025263815,PNC,2018
p,2018-04-01,Rampur,IU006h5U7jj,134,Moradabad Division,PNC,% of new born breastfed within one hour of birth,indicator_5,136,96.69143876337694,PNC,2019
p,2017-04-01,Rampur,IU006h5U7jj,134,Moradabad Division,delivery_care,% of live babies weighted at birth,indicator_6,136,96.76144929042992,delivery_care,2018
p,2018-04-01,Rampur,IU006h5U7jj,134,Moradabad Division,delivery_care,% of live babies weighted at birth,indicator_6,136,99.8692033293698,delivery_care,2019
p,2017-04-01,Sonbhadra,NNk3JP90QZ5,200,Mirzapur Division,ANC,% ANC registered in First trimester,indicator_1,200,36.985776176053356,ANC,2018
p,2018-04-01,Sonbhadra,NNk3JP90QZ5,200,Mirzapur Division,ANC,% ANC registered in First trimester,indicator_1,200,60.04533766409528,ANC,2019
p,2017-04-01,Sonbhadra,NNk3JP90QZ5,200,Mirzapur Division,ANC,% of severe anaemic PW treated,indicator_4,200,27.10472279260781,ANC,2018
p,2018-04-01,Sonbhadra,NNk3JP90QZ5,200,Mirzapur Division,ANC,% of severe anaemic PW treated,indicator_4,200,62.743280815569975,ANC,2019
p,2017-04-01,Sonbhadra,NNk3JP90QZ5,200,Mirzapur Division,PNC,% of new born breastfed within one hour of birth,indicator_5,200,85.25509036833677,PNC,2018
p,2018-04-01,Sonbhadra,NNk3JP90QZ5,200,Mirzapur Division,PNC,% of new born breastfed within one hour of birth,indicator_5,200,90.95548702273408,PNC,2019
p,2017-04-01,Sonbhadra,NNk3JP90QZ5,200,Mirzapur Division,delivery_care,% of live babies weighted at birth,indicator_6,200,82.91580873941889,delivery_care,2018
p,2018-04-01,Sonbhadra,NNk3JP90QZ5,200,Mirzapur Division,delivery_care,% of live babies weighted at birth,indicator_6,200,91.1492590267733,delivery_care,2019
p,2017-04-01,Kanpur Nagar,QVMRMhzVrrS,161,Kanpur Nagar Division,ANC,% ANC registered in First trimester,indicator_1,164,34.39697233920189,ANC,2018
p,2018-04-01,Kanpur Nagar,QVMRMhzVrrS,161,Kanpur Nagar Division,ANC,% ANC registered in First trimester,indicator_1,164,35.410896951725555,ANC,2019
p,2017-04-01,Kanpur Nagar,QVMRMhzVrrS,161,Kanpur Nagar Division,ANC,% of severe anaemic PW treated,indicator_4,164,52.32292460015232,ANC,2018
p,2018-04-01,Kanpur Nagar,QVMRMhzVrrS,161,Kanpur Nagar Division,ANC,% of severe anaemic PW treated,indicator_4,164,59.462290502793294,ANC,2019
p,2017-04-01,Kanpur Nagar,QVMRMhzVrrS,161,Kanpur Nagar Division,PNC,% of new born breastfed within one hour of birth,indicator_5,164,57.92554703040636,PNC,2018
p,2018-04-01,Kanpur Nagar,QVMRMhzVrrS,161,Kanpur Nagar Division,PNC,% of new born breastfed within one hour of birth,indicator_5,164,55.50655811849842,PNC,2019
p,2017-04-01,Kanpur Nagar,QVMRMhzVrrS,161,Kanpur Nagar Division,delivery_care,% of live babies weighted at birth,indicator_6,164,60.11935208866155,delivery_care,2018
p,2018-04-01,Kanpur Nagar,QVMRMhzVrrS,161,Kanpur Nagar Division,delivery_care,% of live babies weighted at birth,indicator_6,164,58.686114880144736,delivery_care,2019
p,2017-04-01,Bulandshahar,ogBt4gWCiem,140,Meerut Division,ANC,% ANC registered in First trimester,indicator_1,142,48.908072555367134,ANC,2018
p,2018-04-01,Bulandshahar,ogBt4gWCiem,140,Meerut Division,ANC,% ANC registered in First trimester,indicator_1,142,52.81251390681323,ANC,2019
p,2017-04-01,Bulandshahar,ogBt4gWCiem,140,Meerut Division,ANC,% of severe anaemic PW treated,indicator_4,142,16.067864271457086,ANC,2018
p,2018-04-01,Bulandshahar,ogBt4gWCiem,140,Meerut Division,ANC,% of severe anaemic PW treated,indicator_4,142,13.395017793594306,ANC,2019
p,2017-04-01,Bulandshahar,ogBt4gWCiem,140,Meerut Division,PNC,% of new born breastfed within one hour of birth,indicator_5,142,95.68276810750756,PNC,2018
p,2018-04-01,Bulandshahar,ogBt4gWCiem,140,Meerut Division,PNC,% of new born breastfed within one hour of birth,indicator_5,142,93.43128024348054,PNC,2019
p,2017-04-01,Bulandshahar,ogBt4gWCiem,140,Meerut Division,delivery_care,% of live babies weighted at birth,indicator_6,142,94.75160044442093,delivery_care,2018
p,2018-04-01,Bulandshahar,ogBt4gWCiem,140,Meerut Division,delivery_care,% of live babies weighted at birth,indicator_6,142,92.69777320400257,delivery_care,2019
p,2017-04-01,Saharanpur,FKYZ3JbWq84,132,Saharanpur Division,ANC,% ANC registered in First trimester,indicator_1,132,64.95960796681304,ANC,2018
p,2018-04-01,Saharanpur,FKYZ3JbWq84,132,Saharanpur Division,ANC,% ANC registered in First trimester,indicator_1,132,64.91617725573946,ANC,2019
p,2017-04-01,Saharanpur,FKYZ3JbWq84,132,Saharanpur Division,ANC,% of severe anaemic PW treated,indicator_4,132,29.124478856462183,ANC,2018
p,2018-04-01,Saharanpur,FKYZ3JbWq84,132,Saharanpur Division,ANC,% of severe anaemic PW treated,indicator_4,132,38.689547581903284,ANC,2019
p,2017-04-01,Saharanpur,FKYZ3JbWq84,132,Saharanpur Division,PNC,% of new born breastfed within one hour of birth,indicator_5,132,100.0,PNC,2018
p,2018-04-01,Saharanpur,FKYZ3JbWq84,132,Saharanpur Division,PNC,% of new born breastfed within one hour of birth,indicator_5,132,97.94667342658954,PNC,2019
p,2017-04-01,Saharanpur,FKYZ3JbWq84,132,Saharanpur Division,delivery_care,% of live babies weighted at birth,indicator_6,132,97.44975046930084,delivery_care,2018
p,2018-04-01,Saharanpur,FKYZ3JbWq84,132,Saharanpur Division,delivery_care,% of live babies weighted at birth,indicator_6,132,97.14009171986264,delivery_care,2019
p,2017-04-01,Shahjahanpur,GaiLSoQq1ue,150,Bareilly Division,ANC,% ANC registered in First trimester,indicator_1,152,53.528153955808975,ANC,2018
p,2018-04-01,Shahjahanpur,GaiLSoQq1ue,150,Bareilly Division,ANC,% ANC registered in First trimester,indicator_1,152,58.38492997326875,ANC,2019
p,2017-04-01,Shahjahanpur,GaiLSoQq1ue,150,Bareilly Division,ANC,% of severe anaemic PW treated,indicator_4,152,16.897506925207754,ANC,2018
p,2018-04-01,Shahjahanpur,GaiLSoQq1ue,150,Bareilly Division,ANC,% of severe anaemic PW treated,indicator_4,152,17.91783179178318,ANC,2019
p,2017-04-01,Shahjahanpur,GaiLSoQq1ue,150,Bareilly Division,PNC,% of new born breastfed within one hour of birth,indicator_5,152,94.48340345956056,PNC,2018
p,2018-04-01,Shahjahanpur,GaiLSoQq1ue,150,Bareilly Division,PNC,% of new born breastfed within one hour of birth,indicator_5,152,100.0,PNC,2019
p,2017-04-01,Shahjahanpur,GaiLSoQq1ue,150,Bareilly Division,delivery_care,% of live babies weighted at birth,indicator_6,152,98.16952565900671,delivery_care,2018
p,2018-04-01,Shahjahanpur,GaiLSoQq1ue,150,Bareilly Division,delivery_care,% of live babies weighted at birth,indicator_6,152,100.0,delivery_care,2019
p,2017-04-01,Jalaun,NL5xiiHZQSC,165,Jhansi Division,ANC,% ANC registered in First trimester,indicator_1,165,41.82402734820121,ANC,2018
p,2018-04-01,Jalaun,NL5xiiHZQSC,165,Jhansi Division,ANC,% ANC registered in First trimester,indicator_1,165,45.73925396586238,ANC,2019
p,2017-04-01,Jalaun,NL5xiiHZQSC,165,Jhansi Division,ANC,% of severe anaemic PW treated,indicator_4,165,23.90879478827361,ANC,2018
p,2018-04-01,Jalaun,NL5xiiHZQSC,165,Jhansi Division,ANC,% of severe anaemic PW treated,indicator_4,165,34.712453454695904,ANC,2019
p,2017-04-01,Jalaun,NL5xiiHZQSC,165,Jhansi Division,PNC,% of new born breastfed within one hour of birth,indicator_5,165,92.68378165250151,PNC,2018
p,2018-04-01,Jalaun,NL5xiiHZQSC,165,Jhansi Division,PNC,% of new born breastfed within one hour of birth,indicator_5,165,97.1303926320892,PNC,2019
p,2017-04-01,Jalaun,NL5xiiHZQSC,165,Jhansi Division,delivery_care,% of live babies weighted at birth,indicator_6,165,92.07044598265136,delivery_care,2018
p,2018-04-01,Jalaun,NL5xiiHZQSC,165,Jhansi Division,delivery_care,% of live babies weighted at birth,indicator_6,165,96.23848763936016,delivery_care,2019
p,2017-04-01,Sitapur,XxaOowFtkiJ,155,Lucknow Division,ANC,% ANC registered in First trimester,indicator_1,154,47.569891256699236,ANC,2018
p,2018-04-01,Sitapur,XxaOowFtkiJ,155,Lucknow Division,ANC,% ANC registered in First trimester,indicator_1,154,53.09070139902962,ANC,2019
p,2017-04-01,Sitapur,XxaOowFtkiJ,155,Lucknow Division,ANC,% of severe anaemic PW treated,indicator_4,154,26.14651578320429,ANC,2018
p,2018-04-01,Sitapur,XxaOowFtkiJ,155,Lucknow Division,ANC,% of severe anaemic PW treated,indicator_4,154,33.74881964117092,ANC,2019
p,2017-04-01,Sitapur,XxaOowFtkiJ,155,Lucknow Division,PNC,% of new born breastfed within one hour of birth,indicator_5,154,95.3385198996978,PNC,2018
p,2018-04-01,Sitapur,XxaOowFtkiJ,155,Lucknow Division,PNC,% of new born breastfed within one hour of birth,indicator_5,154,94.97368953653108,PNC,2019
p,2017-04-01,Sitapur,XxaOowFtkiJ,155,Lucknow Division,delivery_care,% of live babies weighted at birth,indicator_6,154,88.87460082727877,delivery_care,2018
p,2018-04-01,Sitapur,XxaOowFtkiJ,155,Lucknow Division,delivery_care,% of live babies weighted at birth,indicator_6,154,88.43351548269581,delivery_care,2019
p,2017-04-01,Barabanki,tzH6nJu9SwS,176,Ayodhya Division,ANC,% ANC registered in First trimester,indicator_1,176,35.497449831844804,ANC,2018
p,2018-04-01,Barabanki,tzH6nJu9SwS,176,Ayodhya Division,ANC,% ANC registered in First trimester,indicator_1,176,34.865308869227874,ANC,2019
p,2017-04-01,Barabanki,tzH6nJu9SwS,176,Ayodhya Division,ANC,% of severe anaemic PW treated,indicator_4,176,42.02085004009623,ANC,2018
p,2018-04-01,Barabanki,tzH6nJu9SwS,176,Ayodhya Division,ANC,% of severe anaemic PW treated,indicator_4,176,12.034961900493052,ANC,2019
p,2017-04-01,Barabanki,tzH6nJu9SwS,176,Ayodhya Division,PNC,% of new born breastfed within one hour of birth,indicator_5,176,81.34262977294297,PNC,2018
p,2018-04-01,Barabanki,tzH6nJu9SwS,176,Ayodhya Division,PNC,% of new born breastfed within one hour of birth,indicator_5,176,79.96108578295788,PNC,2019
p,2017-04-01,Barabanki,tzH6nJu9SwS,176,Ayodhya Division,delivery_care,% of live babies weighted at birth,indicator_6,176,91.60400087610424,delivery_care,2018
p,2018-04-01,Barabanki,tzH6nJu9SwS,176,Ayodhya Division,delivery_care,% of live babies weighted at birth,indicator_6,176,84.28361597008947,delivery_care,2019
p,2017-04-01,Budaun,eA37kyBRRuZ,150,Bareilly Division,ANC,% ANC registered in First trimester,indicator_1,149,37.37662736664234,ANC,2018
p,2018-04-01,Budaun,eA37kyBRRuZ,150,Bareilly Division,ANC,% ANC registered in First trimester,indicator_1,149,38.54843937689478,ANC,2019
p,2017-04-01,Budaun,eA37kyBRRuZ,150,Bareilly Division,ANC,% of severe anaemic PW treated,indicator_4,149,31.276495525200186,ANC,2018
p,2018-04-01,Budaun,eA37kyBRRuZ,150,Bareilly Division,ANC,% of severe anaemic PW treated,indicator_4,149,30.460352869600488,ANC,2019
p,2017-04-01,Budaun,eA37kyBRRuZ,150,Bareilly Division,PNC,% of new born breastfed within one hour of birth,indicator_5,149,95.21138110587653,PNC,2018
p,2018-04-01,Budaun,eA37kyBRRuZ,150,Bareilly Division,PNC,% of new born breastfed within one hour of birth,indicator_5,149,97.64711574126335,PNC,2019
p,2017-04-01,Budaun,eA37kyBRRuZ,150,Bareilly Division,delivery_care,% of live babies weighted at birth,indicator_6,149,92.31961319117279,delivery_care,2018
p,2018-04-01,Budaun,eA37kyBRRuZ,150,Bareilly Division,delivery_care,% of live babies weighted at birth,indicator_6,149,95.95220048702608,delivery_care,2019
p,2017-04-01,Bareilly,vVqY3DPcpHf,150,Bareilly Division,ANC,% ANC registered in First trimester,indicator_1,150,67.33084751029287,ANC,2018
p,2018-04-01,Bareilly,vVqY3DPcpHf,150,Bareilly Division,ANC,% ANC registered in First trimester,indicator_1,150,66.27532117596111,ANC,2019
p,2017-04-01,Bareilly,vVqY3DPcpHf,150,Bareilly Division,ANC,% of severe anaemic PW treated,indicator_4,150,25.380116959064328,ANC,2018
p,2018-04-01,Bareilly,vVqY3DPcpHf,150,Bareilly Division,ANC,% of severe anaemic PW treated,indicator_4,150,36.381322957198435,ANC,2019
p,2017-04-01,Bareilly,vVqY3DPcpHf,150,Bareilly Division,PNC,% of new born breastfed within one hour of birth,indicator_5,150,82.48755234609423,PNC,2018
p,2018-04-01,Bareilly,vVqY3DPcpHf,150,Bareilly Division,PNC,% of new born breastfed within one hour of birth,indicator_5,150,83.24878351796251,PNC,2019
p,2017-04-01,Bareilly,vVqY3DPcpHf,150,Bareilly Division,delivery_care,% of live babies weighted at birth,indicator_6,150,86.55983117354172,delivery_care,2018
p,2018-04-01,Bareilly,vVqY3DPcpHf,150,Bareilly Division,delivery_care,% of live babies weighted at birth,indicator_6,150,79.41815922973393,delivery_care,2019
p,2017-04-01,Mainpuri,XBLhrSWGytu,146,Agra Division,ANC,% ANC registered in First trimester,indicator_1,148,58.86773956376114,ANC,2018
p,2018-04-01,Mainpuri,XBLhrSWGytu,146,Agra Division,ANC,% ANC registered in First trimester,indicator_1,148,66.80148878036188,ANC,2019
p,2017-04-01,Mainpuri,XBLhrSWGytu,146,Agra Division,ANC,% of severe anaemic PW treated,indicator_4,148,27.058823529411764,ANC,2018
p,2018-04-01,Mainpuri,XBLhrSWGytu,146,Agra Division,ANC,% of severe anaemic PW treated,indicator_4,148,28.16901408450705,ANC,2019
p,2017-04-01,Mainpuri,XBLhrSWGytu,146,Agra Division,PNC,% of new born breastfed within one hour of birth,indicator_5,148,100.0,PNC,2018
p,2018-04-01,Mainpuri,XBLhrSWGytu,146,Agra Division,PNC,% of new born breastfed within one hour of birth,indicator_5,148,96.63644674691452,PNC,2019
p,2017-04-01,Mainpuri,XBLhrSWGytu,146,Agra Division,delivery_care,% of live babies weighted at birth,indicator_6,148,93.21164889253485,delivery_care,2018
p,2018-04-01,Mainpuri,XBLhrSWGytu,146,Agra Division,delivery_care,% of live babies weighted at birth,indicator_6,148,97.14688404692976,delivery_care,2019
p,2017-04-01,Pilibhit,c96jwckSd6j,150,Bareilly Division,ANC,% ANC registered in First trimester,indicator_1,151,57.63352506162696,ANC,2018
p,2018-04-01,Pilibhit,c96jwckSd6j,150,Bareilly Division,ANC,% ANC registered in First trimester,indicator_1,151,63.070900391474545,ANC,2019
p,2017-04-01,Pilibhit,c96jwckSd6j,150,Bareilly Division,ANC,% of severe anaemic PW treated,indicator_4,151,43.98183194549584,ANC,2018
p,2018-04-01,Pilibhit,c96jwckSd6j,150,Bareilly Division,ANC,% of severe anaemic PW treated,indicator_4,151,60.62231759656653,ANC,2019
p,2017-04-01,Pilibhit,c96jwckSd6j,150,Bareilly Division,PNC,% of new born breastfed within one hour of birth,indicator_5,151,92.08964084298012,PNC,2018
p,2018-04-01,Pilibhit,c96jwckSd6j,150,Bareilly Division,PNC,% of new born breastfed within one hour of birth,indicator_5,151,98.19658991547657,PNC,2019
p,2017-04-01,Pilibhit,c96jwckSd6j,150,Bareilly Division,delivery_care,% of live babies weighted at birth,indicator_6,151,93.18788958147816,delivery_care,2018
p,2018-04-01,Pilibhit,c96jwckSd6j,150,Bareilly Division,delivery_care,% of live babies weighted at birth,indicator_6,151,99.31142524045471,delivery_care,2019
p,2017-04-01,Maharajganj,AcnMkNGgc3S,188,Gorakhpur Division,ANC,% ANC registered in First trimester,indicator_1,187,37.247968906043354,ANC,2018
p,2018-04-01,Maharajganj,AcnMkNGgc3S,188,Gorakhpur Division,ANC,% ANC registered in First trimester,indicator_1,187,41.8445988629185,ANC,2019
p,2017-04-01,Maharajganj,AcnMkNGgc3S,188,Gorakhpur Division,ANC,% of severe anaemic PW treated,indicator_4,187,5.668016194331982,ANC,2018
p,2018-04-01,Maharajganj,AcnMkNGgc3S,188,Gorakhpur Division,ANC,% of severe anaemic PW treated,indicator_4,187,8.661417322834646,ANC,2019
p,2017-04-01,Maharajganj,AcnMkNGgc3S,188,Gorakhpur Division,PNC,% of new born breastfed within one hour of birth,indicator_5,187,95.96863129518441,PNC,2018
p,2018-04-01,Maharajganj,AcnMkNGgc3S,188,Gorakhpur Division,PNC,% of new born breastfed within one hour of birth,indicator_5,187,93.64745055562241,PNC,2019
p,2017-04-01,Maharajganj,AcnMkNGgc3S,188,Gorakhpur Division,delivery_care,% of live babies weighted at birth,indicator_6,187,96.099334231916,delivery_care,2018
p,2018-04-01,Maharajganj,AcnMkNGgc3S,188,Gorakhpur Division,delivery_care,% of live babies weighted at birth,indicator_6,187,94.20708468728688,delivery_care,2019
p,2017-04-01,Chandauli,ClbehnmwSec,195,Varanasi Division,ANC,% ANC registered in First trimester,indicator_1,196,47.94333417657475,ANC,2018
p,2018-04-01,Chandauli,ClbehnmwSec,195,Varanasi Division,ANC,% ANC registered in First trimester,indicator_1,196,72.57014723975075,ANC,2019
p,2017-04-01,Chandauli,ClbehnmwSec,195,Varanasi Division,ANC,% of severe anaemic PW treated,indicator_4,196,100.0,ANC,2018
p,2018-04-01,Chandauli,ClbehnmwSec,195,Varanasi Division,ANC,% of severe anaemic PW treated,indicator_4,196,97.36191261335532,ANC,2019
p,2017-04-01,Chandauli,ClbehnmwSec,195,Varanasi Division,PNC,% of new born breastfed within one hour of birth,indicator_5,196,96.49005515627613,PNC,2018
p,2018-04-01,Chandauli,ClbehnmwSec,195,Varanasi Division,PNC,% of new born breastfed within one hour of birth,indicator_5,196,96.40308076938587,PNC,2019
p,2017-04-01,Chandauli,ClbehnmwSec,195,Varanasi Division,delivery_care,% of live babies weighted at birth,indicator_6,196,98.52080895871636,delivery_care,2018
p,2018-04-01,Chandauli,ClbehnmwSec,195,Varanasi Division,delivery_care,% of live babies weighted at birth,indicator_6,196,96.69744747772087,delivery_care,2019
p,2017-04-01,Auraiya,Bd6E8zkVvVt,161,Kanpur Nagar Division,ANC,% ANC registered in First trimester,indicator_1,162,49.05408869520635,ANC,2018
p,2018-04-01,Auraiya,Bd6E8zkVvVt,161,Kanpur Nagar Division,ANC,% ANC registered in First trimester,indicator_1,162,55.04951431069935,ANC,2019
p,2017-04-01,Auraiya,Bd6E8zkVvVt,161,Kanpur Nagar Division,ANC,% of severe anaemic PW treated,indicator_4,162,11.155378486055772,ANC,2018
p,2018-04-01,Auraiya,Bd6E8zkVvVt,161,Kanpur Nagar Division,ANC,% of severe anaemic PW treated,indicator_4,162,8.076923076923077,ANC,2019
p,2017-04-01,Auraiya,Bd6E8zkVvVt,161,Kanpur Nagar Division,PNC,% of new born breastfed within one hour of birth,indicator_5,162,100.0,PNC,2018
p,2018-04-01,Auraiya,Bd6E8zkVvVt,161,Kanpur Nagar Division,PNC,% of new born breastfed within one hour of birth,indicator_5,162,95.95839692499013,PNC,2019
p,2017-04-01,Auraiya,Bd6E8zkVvVt,161,Kanpur Nagar Division,delivery_care,% of live babies weighted at birth,indicator_6,162,100.0,delivery_care,2018
p,2018-04-01,Auraiya,Bd6E8zkVvVt,161,Kanpur Nagar Division,delivery_care,% of live babies weighted at birth,indicator_6,162,97.80679441523935,delivery_care,2019
p,2017-04-01,Sambhal,YzHpzrN0eLv,134,Moradabad Division,ANC,% ANC registered in First trimester,indicator_1,205,42.50498675161512,ANC,2018
p,2018-04-01,Sambhal,YzHpzrN0eLv,134,Moradabad Division,ANC,% ANC registered in First trimester,indicator_1,205,49.040432764162034,ANC,2019
p,2017-04-01,Sambhal,YzHpzrN0eLv,134,Moradabad Division,ANC,% of severe anaemic PW treated,indicator_4,205,21.333333333333336,ANC,2018
p,2018-04-01,Sambhal,YzHpzrN0eLv,134,Moradabad Division,ANC,% of severe anaemic PW treated,indicator_4,205,31.15364167995747,ANC,2019
p,2017-04-01,Sambhal,YzHpzrN0eLv,134,Moradabad Division,PNC,% of new born breastfed within one hour of birth,indicator_5,205,91.57929693059444,PNC,2018
p,2018-04-01,Sambhal,YzHpzrN0eLv,134,Moradabad Division,PNC,% of new born breastfed within one hour of birth,indicator_5,205,93.97035948842031,PNC,2019
p,2017-04-01,Sambhal,YzHpzrN0eLv,134,Moradabad Division,delivery_care,% of live babies weighted at birth,indicator_6,205,90.38853835570947,delivery_care,2018
p,2018-04-01,Sambhal,YzHpzrN0eLv,134,Moradabad Division,delivery_care,% of live babies weighted at birth,indicator_6,205,94.61199446940891,delivery_care,2019
p,2017-04-01,Kasganj,hITp09XOBLZ,201,Alligarh Division,ANC,% ANC registered in First trimester,indicator_1,202,40.19997638074243,ANC,2018
p,2018-04-01,Kasganj,hITp09XOBLZ,201,Alligarh Division,ANC,% ANC registered in First trimester,indicator_1,202,38.14675780004958,ANC,2019
p,2017-04-01,Kasganj,hITp09XOBLZ,201,Alligarh Division,ANC,% of severe anaemic PW treated,indicator_4,202,6.727664155005383,ANC,2018
p,2018-04-01,Kasganj,hITp09XOBLZ,201,Alligarh Division,ANC,% of severe anaemic PW treated,indicator_4,202,17.40231548480463,ANC,2019
p,2017-04-01,Kasganj,hITp09XOBLZ,201,Alligarh Division,PNC,% of new born breastfed within one hour of birth,indicator_5,202,90.63892070764923,PNC,2018
p,2018-04-01,Kasganj,hITp09XOBLZ,201,Alligarh Division,PNC,% of new born breastfed within one hour of birth,indicator_5,202,77.64731667605986,PNC,2019
p,2017-04-01,Kasganj,hITp09XOBLZ,201,Alligarh Division,delivery_care,% of live babies weighted at birth,indicator_6,202,92.69441262568412,delivery_care,2018
p,2018-04-01,Kasganj,hITp09XOBLZ,201,Alligarh Division,delivery_care,% of live babies weighted at birth,indicator_6,202,80.42144154298956,delivery_care,2019
p,2017-04-01,Hamirpur,VSI7HobT5qL,170,Chitrakoot Division,ANC,% ANC registered in First trimester,indicator_1,168,56.734089787863844,ANC,2018
p,2018-04-01,Hamirpur,VSI7HobT5qL,170,Chitrakoot Division,ANC,% ANC registered in First trimester,indicator_1,168,62.83778365808678,ANC,2019
p,2017-04-01,Hamirpur,VSI7HobT5qL,170,Chitrakoot Division,ANC,% of severe anaemic PW treated,indicator_4,168,11.136890951276099,ANC,2018
p,2018-04-01,Hamirpur,VSI7HobT5qL,170,Chitrakoot Division,ANC,% of severe anaemic PW treated,indicator_4,168,18.64181091877497,ANC,2019
p,2017-04-01,Hamirpur,VSI7HobT5qL,170,Chitrakoot Division,PNC,% of new born breastfed within one hour of birth,indicator_5,168,98.19464619215609,PNC,2018
p,2018-04-01,Hamirpur,VSI7HobT5qL,170,Chitrakoot Division,PNC,% of new born breastfed within one hour of birth,indicator_5,168,94.13652899636207,PNC,2019
p,2017-04-01,Hamirpur,VSI7HobT5qL,170,Chitrakoot Division,delivery_care,% of live babies weighted at birth,indicator_6,168,97.00145258352354,delivery_care,2018
p,2018-04-01,Hamirpur,VSI7HobT5qL,170,Chitrakoot Division,delivery_care,% of live babies weighted at birth,indicator_6,168,100.0,delivery_care,2019
p,2017-04-01,Jaunpur,gmw76vAUMqz,195,Varanasi Division,ANC,% ANC registered in First trimester,indicator_1,194,47.39650630107563,ANC,2018
p,2018-04-01,Jaunpur,gmw76vAUMqz,195,Varanasi Division,ANC,% ANC registered in First trimester,indicator_1,194,48.93945120568448,ANC,2019
p,2017-04-01,Jaunpur,gmw76vAUMqz,195,Varanasi Division,ANC,% of severe anaemic PW treated,indicator_4,194,41.07142857142857,ANC,2018
p,2018-04-01,Jaunpur,gmw76vAUMqz,195,Varanasi Division,ANC,% of severe anaemic PW treated,indicator_4,194,16.456921587608907,ANC,2019
p,2017-04-01,Jaunpur,gmw76vAUMqz,195,Varanasi Division,PNC,% of new born breastfed within one hour of birth,indicator_5,194,73.80677498380874,PNC,2018
p,2018-04-01,Jaunpur,gmw76vAUMqz,195,Varanasi Division,PNC,% of new born breastfed within one hour of birth,indicator_5,194,71.62969217778459,PNC,2019
p,2017-04-01,Jaunpur,gmw76vAUMqz,195,Varanasi Division,delivery_care,% of live babies weighted at birth,indicator_6,194,81.41244051474108,delivery_care,2018
p,2018-04-01,Jaunpur,gmw76vAUMqz,195,Varanasi Division,delivery_care,% of live babies weighted at birth,indicator_6,194,82.61149919398173,delivery_care,2019
p,2017-04-01,Lalitpur,fagfcadhxej,165,Jhansi Division,ANC,% ANC registered in First trimester,indicator_1,167,46.57681599595039,ANC,2018
p,2018-04-01,Lalitpur,fagfcadhxej,165,Jhansi Division,ANC,% ANC registered in First trimester,indicator_1,167,45.40120287516503,ANC,2019
p,2017-04-01,Lalitpur,fagfcadhxej,165,Jhansi Division,ANC,% of severe anaemic PW treated,indicator_4,167,18.86024423337856,ANC,2018
p,2018-04-01,Lalitpur,fagfcadhxej,165,Jhansi Division,ANC,% of severe anaemic PW treated,indicator_4,167,29.104477611940304,ANC,2019
p,2017-04-01,Lalitpur,fagfcadhxej,165,Jhansi Division,PNC,% of new born breastfed within one hour of birth,indicator_5,167,91.03651789007746,PNC,2018
p,2018-04-01,Lalitpur,fagfcadhxej,165,Jhansi Division,PNC,% of new born breastfed within one hour of birth,indicator_5,167,94.5602459323686,PNC,2019
p,2017-04-01,Lalitpur,fagfcadhxej,165,Jhansi Division,delivery_care,% of live babies weighted at birth,indicator_6,167,98.19254887495389,delivery_care,2018
p,2018-04-01,Lalitpur,fagfcadhxej,165,Jhansi Division,delivery_care,% of live babies weighted at birth,indicator_6,167,99.24645722426331,delivery_care,2019
p,2017-04-01,Jhansi,Mq751wBMqGF,165,Jhansi Division,ANC,% ANC registered in First trimester,indicator_1,166,49.297116988324994,ANC,2018
p,2018-04-01,Jhansi,Mq751wBMqGF,165,Jhansi Division,ANC,% ANC registered in First trimester,indicator_1,166,56.44617282086134,ANC,2019
p,2017-04-01,Jhansi,Mq751wBMqGF,165,Jhansi Division,ANC,% of severe anaemic PW treated,indicator_4,166,21.900452488687787,ANC,2018
p,2018-04-01,Jhansi,Mq751wBMqGF,165,Jhansi Division,ANC,% of severe anaemic PW treated,indicator_4,166,76.50933040614709,ANC,2019
p,2017-04-01,Jhansi,Mq751wBMqGF,165,Jhansi Division,PNC,% of new born breastfed within one hour of birth,indicator_5,166,92.1794095891332,PNC,2018
p,2018-04-01,Jhansi,Mq751wBMqGF,165,Jhansi Division,PNC,% of new born breastfed within one hour of birth,indicator_5,166,92.53358763638408,PNC,2019
p,2017-04-01,Jhansi,Mq751wBMqGF,165,Jhansi Division,delivery_care,% of live babies weighted at birth,indicator_6,166,93.86053392508907,delivery_care,2018
p,2018-04-01,Jhansi,Mq751wBMqGF,165,Jhansi Division,delivery_care,% of live babies weighted at birth,indicator_6,166,96.86982862592207,delivery_care,2019
p,2019-04-01,Azamgarh,NjckKfm3g0k,193,Azamgarh Division,ANC,% ANC registered in First trimester,indicator_1,191,61.3236002191611,ANC,2020
p,2019-04-01,Azamgarh,NjckKfm3g0k,193,Azamgarh Division,communicable_diseases,Success rate of positive tuberculosis cases,indicator_2,191,100.0,communicable_diseases,2020
p,2019-04-01,Azamgarh,NjckKfm3g0k,193,Azamgarh Division,ANC,% of severe anaemic PW treated,indicator_4,191,13.244402096236305,ANC,2020
p,2019-04-01,Azamgarh,NjckKfm3g0k,193,Azamgarh Division,PNC,% of new born breastfed within one hour of birth,indicator_5,191,98.32400106654478,PNC,2020
p,2019-04-01,Azamgarh,NjckKfm3g0k,193,Azamgarh Division,delivery_care,% of live babies weighted at birth,indicator_6,191,97.90881042166608,delivery_care,2020
p,2019-04-01,Bahraich,iE0E3nLioFr,182,Gonda Division,ANC,% ANC registered in First trimester,indicator_1,180,68.12632144175589,ANC,2020
p,2019-04-01,Bahraich,iE0E3nLioFr,182,Gonda Division,communicable_diseases,Success rate of positive tuberculosis cases,indicator_2,180,100.0,communicable_diseases,2020
p,2019-04-01,Bahraich,iE0E3nLioFr,182,Gonda Division,ANC,% of severe anaemic PW treated,indicator_4,180,87.2899847261619,ANC,2020
p,2019-04-01,Bahraich,iE0E3nLioFr,182,Gonda Division,PNC,% of new born breastfed within one hour of birth,indicator_5,180,97.94587510920664,PNC,2020
p,2019-04-01,Bahraich,iE0E3nLioFr,182,Gonda Division,delivery_care,% of live babies weighted at birth,indicator_6,180,97.80650663560344,delivery_care,2020
p,2019-04-01,Chitrakoot,i2fSZZ3QAJJ,170,Chitrakoot Division,ANC,% ANC registered in First trimester,indicator_1,171,80.23789239137558,ANC,2020
p,2019-04-01,Chitrakoot,i2fSZZ3QAJJ,170,Chitrakoot Division,communicable_diseases,Success rate of positive tuberculosis cases,indicator_2,171,100.0,communicable_diseases,2020
p,2019-04-01,Chitrakoot,i2fSZZ3QAJJ,170,Chitrakoot Division,ANC,% of severe anaemic PW treated,indicator_4,171,97.64252036005144,ANC,2020
p,2019-04-01,Chitrakoot,i2fSZZ3QAJJ,170,Chitrakoot Division,PNC,% of new born breastfed within one hour of birth,indicator_5,171,95.90203685741999,PNC,2020
p,2019-04-01,Chitrakoot,i2fSZZ3QAJJ,170,Chitrakoot Division,delivery_care,% of live babies weighted at birth,indicator_6,171,97.31328806983512,delivery_care,2020
p,2019-04-01,Etawah,Pm0jLk6EAiE,161,Kanpur Nagar Division,ANC,% ANC registered in First trimester,indicator_1,161,38.04258052675048,ANC,2020
p,2019-04-01,Etawah,Pm0jLk6EAiE,161,Kanpur Nagar Division,communicable_diseases,Success rate of positive tuberculosis cases,indicator_2,161,100.0,communicable_diseases,2020
p,2019-04-01,Etawah,Pm0jLk6EAiE,161,Kanpur Nagar Division,ANC,% of severe anaemic PW treated,indicator_4,161,42.604226156482014,ANC,2020
p,2019-04-01,Etawah,Pm0jLk6EAiE,161,Kanpur Nagar Division,PNC,% of new born breastfed within one hour of birth,indicator_5,161,92.44740806874614,PNC,2020
p,2019-04-01,Etawah,Pm0jLk6EAiE,161,Kanpur Nagar Division,delivery_care,% of live babies weighted at birth,indicator_6,161,94.23581273366442,delivery_care,2020
p,2019-04-01,Prayagraj,tXgaew1Pd2Y,172,Prayagraj Division,ANC,% ANC registered in First trimester,indicator_1,175,53.42262882257746,ANC,2020
p,2019-04-01,Prayagraj,tXgaew1Pd2Y,172,Prayagraj Division,communicable_diseases,Success rate of positive tuberculosis cases,indicator_2,175,100.0,communicable_diseases,2020
p,2019-04-01,Prayagraj,tXgaew1Pd2Y,172,Prayagraj Division,ANC,% of severe anaemic PW treated,indicator_4,175,32.265579499126375,ANC,2020
p,2019-04-01,Prayagraj,tXgaew1Pd2Y,172,Prayagraj Division,PNC,% of new born breastfed within one hour of birth,indicator_5,175,97.21744009589756,PNC,2020
p,2019-04-01,Prayagraj,tXgaew1Pd2Y,172,Prayagraj Division,delivery_care,% of live babies weighted at birth,indicator_6,175,98.63039902062052,delivery_care,2020
p,2019-04-01,Kaushambi,PAj0oVY0Dxu,172,Prayagraj Division,ANC,% ANC registered in First trimester,indicator_1,174,43.35754712776862,ANC,2020
p,2019-04-01,Kaushambi,PAj0oVY0Dxu,172,Prayagraj Division,communicable_diseases,Success rate of positive tuberculosis cases,indicator_2,174,100.0,communicable_diseases,2020
p,2019-04-01,Kaushambi,PAj0oVY0Dxu,172,Prayagraj Division,ANC,% of severe anaemic PW treated,indicator_4,174,16.535174227481914,ANC,2020
p,2019-04-01,Kaushambi,PAj0oVY0Dxu,172,Prayagraj Division,PNC,% of new born breastfed within one hour of birth,indicator_5,174,91.08034822320536,PNC,2020
p,2019-04-01,Kaushambi,PAj0oVY0Dxu,172,Prayagraj Division,delivery_care,% of live babies weighted at birth,indicator_6,174,92.33623519337804,delivery_care,2020
p,2019-04-01,Ghazipur,dScWdMRN8PL,195,Varanasi Division,ANC,% ANC registered in First trimester,indicator_1,195,65.89861322824106,ANC,2020
p,2019-04-01,Ghazipur,dScWdMRN8PL,195,Varanasi Division,communicable_diseases,Success rate of positive tuberculosis cases,indicator_2,195,100.0,communicable_diseases,2020
p,2019-04-01,Ghazipur,dScWdMRN8PL,195,Varanasi Division,ANC,% of severe anaemic PW treated,indicator_4,195,30.804167779855728,ANC,2020
p,2019-04-01,Ghazipur,dScWdMRN8PL,195,Varanasi Division,PNC,% of new born breastfed within one hour of birth,indicator_5,195,98.75752797461864,PNC,2020
p,2019-04-01,Ghazipur,dScWdMRN8PL,195,Varanasi Division,delivery_care,% of live babies weighted at birth,indicator_6,195,98.61694245492714,delivery_care,2020
p,2019-04-01,Sultanpur,o4ZQTVcMI7U,176,Ayodhya Division,ANC,% ANC registered in First trimester,indicator_1,179,60.886853410018816,ANC,2020
p,2019-04-01,Sultanpur,o4ZQTVcMI7U,176,Ayodhya Division,communicable_diseases,Success rate of positive tuberculosis cases,indicator_2,179,100.0,communicable_diseases,2020
p,2019-04-01,Sultanpur,o4ZQTVcMI7U,176,Ayodhya Division,ANC,% of severe anaemic PW treated,indicator_4,179,52.510704554301284,ANC,2020
p,2019-04-01,Sultanpur,o4ZQTVcMI7U,176,Ayodhya Division,PNC,% of new born breastfed within one hour of birth,indicator_5,179,95.3614709569578,PNC,2020
p,2019-04-01,Sultanpur,o4ZQTVcMI7U,176,Ayodhya Division,delivery_care,% of live babies weighted at birth,indicator_6,179,98.5374007521939,delivery_care,2020
p,2019-04-01,Aligarh,frD2HOp3wAs,201,Alligarh Division,ANC,% ANC registered in First trimester,indicator_1,143,57.64416390285653,ANC,2020
p,2019-04-01,Aligarh,frD2HOp3wAs,201,Alligarh Division,communicable_diseases,Success rate of positive tuberculosis cases,indicator_2,143,100.0,communicable_diseases,2020
p,2019-04-01,Aligarh,frD2HOp3wAs,201,Alligarh Division,ANC,% of severe anaemic PW treated,indicator_4,143,20.87256027554535,ANC,2020
p,2019-04-01,Aligarh,frD2HOp3wAs,201,Alligarh Division,PNC,% of new born breastfed within one hour of birth,indicator_5,143,97.36871112510825,PNC,2020
p,2019-04-01,Aligarh,frD2HOp3wAs,201,Alligarh Division,delivery_care,% of live babies weighted at birth,indicator_6,143,98.04582316353044,delivery_care,2020
p,2019-04-01,Fatehpur,ibLiLcaKzw2,172,Prayagraj Division,ANC,% ANC registered in First trimester,indicator_1,172,81.50561682218968,ANC,2020
p,2019-04-01,Fatehpur,ibLiLcaKzw2,172,Prayagraj Division,communicable_diseases,Success rate of positive tuberculosis cases,indicator_2,172,100.0,communicable_diseases,2020
p,2019-04-01,Fatehpur,ibLiLcaKzw2,172,Prayagraj Division,ANC,% of severe anaemic PW treated,indicator_4,172,86.55616942909761,ANC,2020
p,2019-04-01,Fatehpur,ibLiLcaKzw2,172,Prayagraj Division,PNC,% of new born breastfed within one hour of birth,indicator_5,172,96.82456827178216,PNC,2020
p,2019-04-01,Fatehpur,ibLiLcaKzw2,172,Prayagraj Division,delivery_care,% of live babies weighted at birth,indicator_6,172,97.49662882248032,delivery_care,2020
p,2019-04-01,Hardoi,MTIkUw5q5pX,155,Lucknow Division,ANC,% ANC registered in First trimester,indicator_1,155,51.94431293265601,ANC,2020
p,2019-04-01,Hardoi,MTIkUw5q5pX,155,Lucknow Division,communicable_diseases,Success rate of positive tuberculosis cases,indicator_2,155,100.0,communicable_diseases,2020
p,2019-04-01,Hardoi,MTIkUw5q5pX,155,Lucknow Division,ANC,% of severe anaemic PW treated,indicator_4,155,27.92207792207792,ANC,2020
p,2019-04-01,Hardoi,MTIkUw5q5pX,155,Lucknow Division,PNC,% of new born breastfed within one hour of birth,indicator_5,155,90.98687829944636,PNC,2020
p,2019-04-01,Hardoi,MTIkUw5q5pX,155,Lucknow Division,delivery_care,% of live babies weighted at birth,indicator_6,155,93.09267127857572,delivery_care,2020
p,2019-04-01,Gautam Buddha Nagar,bNmwkrQeP3e,140,Meerut Division,ANC,% ANC registered in First trimester,indicator_1,141,66.10655974153349,ANC,2020
p,2019-04-01,Gautam Buddha Nagar,bNmwkrQeP3e,140,Meerut Division,communicable_diseases,Success rate of positive tuberculosis cases,indicator_2,141,100.0,communicable_diseases,2020
p,2019-04-01,Gautam Buddha Nagar,bNmwkrQeP3e,140,Meerut Division,ANC,% of severe anaemic PW treated,indicator_4,141,66.65981922760888,ANC,2020
p,2019-04-01,Gautam Buddha Nagar,bNmwkrQeP3e,140,Meerut Division,PNC,% of new born breastfed within one hour of birth,indicator_5,141,73.67193108399138,PNC,2020
p,2019-04-01,Gautam Buddha Nagar,bNmwkrQeP3e,140,Meerut Division,delivery_care,% of live babies weighted at birth,indicator_6,141,100.0,delivery_care,2020
p,2019-04-01,Ballia,oNDvGBE5fLq,193,Azamgarh Division,ANC,% ANC registered in First trimester,indicator_1,193,50.50052445594061,ANC,2020
p,2019-04-01,Ballia,oNDvGBE5fLq,193,Azamgarh Division,communicable_diseases,Success rate of positive tuberculosis cases,indicator_2,193,100.0,communicable_diseases,2020
p,2019-04-01,Ballia,oNDvGBE5fLq,193,Azamgarh Division,ANC,% of severe anaemic PW treated,indicator_4,193,17.227456258411845,ANC,2020
p,2019-04-01,Ballia,oNDvGBE5fLq,193,Azamgarh Division,PNC,% of new born breastfed within one hour of birth,indicator_5,193,95.80326537975824,PNC,2020
p,2019-04-01,Ballia,oNDvGBE5fLq,193,Azamgarh Division,delivery_care,% of live babies weighted at birth,indicator_6,193,95.80777557279451,delivery_care,2020
p,2019-04-01,Firozabad,eJTsuE56XDF,146,Agra Division,ANC,% ANC registered in First trimester,indicator_1,147,54.185503395967686,ANC,2020
p,2019-04-01,Firozabad,eJTsuE56XDF,146,Agra Division,communicable_diseases,Success rate of positive tuberculosis cases,indicator_2,147,100.0,communicable_diseases,2020
p,2019-04-01,Firozabad,eJTsuE56XDF,146,Agra Division,ANC,% of severe anaemic PW treated,indicator_4,147,47.60333786143993,ANC,2020
p,2019-04-01,Firozabad,eJTsuE56XDF,146,Agra Division,PNC,% of new born breastfed within one hour of birth,indicator_5,147,70.18450732093389,PNC,2020
p,2019-04-01,Firozabad,eJTsuE56XDF,146,Agra Division,delivery_care,% of live babies weighted at birth,indicator_6,147,72.67016224772458,delivery_care,2020
p,2019-04-01,Lucknow,MfHac5N78aK,155,Lucknow Division,ANC,% ANC registered in First trimester,indicator_1,157,55.4371862091985,ANC,2020
p,2019-04-01,Lucknow,MfHac5N78aK,155,Lucknow Division,communicable_diseases,Success rate of positive tuberculosis cases,indicator_2,157,100.0,communicable_diseases,2020
p,2019-04-01,Lucknow,MfHac5N78aK,155,Lucknow Division,ANC,% of severe anaemic PW treated,indicator_4,157,72.16634955150856,ANC,2020
p,2019-04-01,Lucknow,MfHac5N78aK,155,Lucknow Division,PNC,% of new born breastfed within one hour of birth,indicator_5,157,87.20042843754185,PNC,2020
p,2019-04-01,Lucknow,MfHac5N78aK,155,Lucknow Division,delivery_care,% of live babies weighted at birth,indicator_6,157,98.6056653214238,delivery_care,2020
p,2019-04-01,Balrampur,uS0pNSxN3sS,182,Gonda Division,ANC,% ANC registered in First trimester,indicator_1,182,73.03870047972363,ANC,2020
p,2019-04-01,Balrampur,uS0pNSxN3sS,182,Gonda Division,communicable_diseases,Success rate of positive tuberculosis cases,indicator_2,182,100.0,communicable_diseases,2020
p,2019-04-01,Balrampur,uS0pNSxN3sS,182,Gonda Division,ANC,% of severe anaemic PW treated,indicator_4,182,87.14909544603869,ANC,2020
p,2019-04-01,Balrampur,uS0pNSxN3sS,182,Gonda Division,PNC,% of new born breastfed within one hour of birth,indicator_5,182,98.17018853045548,PNC,2020
p,2019-04-01,Balrampur,uS0pNSxN3sS,182,Gonda Division,delivery_care,% of live babies weighted at birth,indicator_6,182,98.89013829460987,delivery_care,2020
p,2019-04-01,Maunathbhanjan,CBSB9v92AwT,193,Azamgarh Division,ANC,% ANC registered in First trimester,indicator_1,192,39.634859739341,ANC,2020
p,2019-04-01,Maunathbhanjan,CBSB9v92AwT,193,Azamgarh Division,communicable_diseases,Success rate of positive tuberculosis cases,indicator_2,192,100.0,communicable_diseases,2020
p,2019-04-01,Maunathbhanjan,CBSB9v92AwT,193,Azamgarh Division,ANC,% of severe anaemic PW treated,indicator_4,192,11.027837259100645,ANC,2020
p,2019-04-01,Maunathbhanjan,CBSB9v92AwT,193,Azamgarh Division,PNC,% of new born breastfed within one hour of birth,indicator_5,192,49.125635113351144,PNC,2020
p,2019-04-01,Maunathbhanjan,CBSB9v92AwT,193,Azamgarh Division,delivery_care,% of live babies weighted at birth,indicator_6,192,53.03528067418939,delivery_care,2020
p,2019-04-01,Bagpat,HJIS3IrQ0Nj,140,Meerut Division,ANC,% ANC registered in First trimester,indicator_1,139,78.98116438356166,ANC,2020
p,2019-04-01,Bagpat,HJIS3IrQ0Nj,140,Meerut Division,communicable_diseases,Success rate of positive tuberculosis cases,indicator_2,139,100.0,communicable_diseases,2020
p,2019-04-01,Bagpat,HJIS3IrQ0Nj,140,Meerut Division,ANC,% of severe anaemic PW treated,indicator_4,139,40.19916142557653,ANC,2020
p,2019-04-01,Bagpat,HJIS3IrQ0Nj,140,Meerut Division,PNC,% of new born breastfed within one hour of birth,indicator_5,139,97.07544708849018,PNC,2020
p,2019-04-01,Bagpat,HJIS3IrQ0Nj,140,Meerut Division,delivery_care,% of live babies weighted at birth,indicator_6,139,98.95365351728935,delivery_care,2020
p,2019-04-01,Sant Kabir Nagar,fe1yBApr2sl,185,Basti Division,ANC,% ANC registered in First trimester,indicator_1,186,54.66586703221385,ANC,2020
p,2019-04-01,Sant Kabir Nagar,fe1yBApr2sl,185,Basti Division,communicable_diseases,Success rate of positive tuberculosis cases,indicator_2,186,100.0,communicable_diseases,2020
p,2019-04-01,Sant Kabir Nagar,fe1yBApr2sl,185,Basti Division,ANC,% of severe anaemic PW treated,indicator_4,186,34.263782274947665,ANC,2020
p,2019-04-01,Sant Kabir Nagar,fe1yBApr2sl,185,Basti Division,PNC,% of new born breastfed within one hour of birth,indicator_5,186,94.29887786540036,PNC,2020
p,2019-04-01,Sant Kabir Nagar,fe1yBApr2sl,185,Basti Division,delivery_care,% of live babies weighted at birth,indicator_6,186,94.57022527488058,delivery_care,2020
p,2019-04-01,Mirzapur,UAicdMLyuk4,200,Mirzapur Division,ANC,% ANC registered in First trimester,indicator_1,199,61.146963024410475,ANC,2020
p,2019-04-01,Mirzapur,UAicdMLyuk4,200,Mirzapur Division,communicable_diseases,Success rate of positive tuberculosis cases,indicator_2,199,100.0,communicable_diseases,2020
p,2019-04-01,Mirzapur,UAicdMLyuk4,200,Mirzapur Division,ANC,% of severe anaemic PW treated,indicator_4,199,38.21917808219178,ANC,2020
p,2019-04-01,Mirzapur,UAicdMLyuk4,200,Mirzapur Division,PNC,% of new born breastfed within one hour of birth,indicator_5,199,95.26666546911207,PNC,2020
p,2019-04-01,Mirzapur,UAicdMLyuk4,200,Mirzapur Division,delivery_care,% of live babies weighted at birth,indicator_6,199,98.18750112270745,delivery_care,2020
p,2019-04-01,Kannauj,IhQbDYRiF8w,161,Kanpur Nagar Division,ANC,% ANC registered in First trimester,indicator_1,160,52.072285648928,ANC,2020
p,2019-04-01,Kannauj,IhQbDYRiF8w,161,Kanpur Nagar Division,communicable_diseases,Success rate of positive tuberculosis cases,indicator_2,160,100.0,communicable_diseases,2020
p,2019-04-01,Kannauj,IhQbDYRiF8w,161,Kanpur Nagar Division,ANC,% of severe anaemic PW treated,indicator_4,160,39.772335288030355,ANC,2020
p,2019-04-01,Kannauj,IhQbDYRiF8w,161,Kanpur Nagar Division,PNC,% of new born breastfed within one hour of birth,indicator_5,160,94.58578492306843,PNC,2020
p,2019-04-01,Kannauj,IhQbDYRiF8w,161,Kanpur Nagar Division,delivery_care,% of live babies weighted at birth,indicator_6,160,97.09952763735808,delivery_care,2020
p,2019-04-01,Unnav,aT03mfdlNiF,155,Lucknow Division,ANC,% ANC registered in First trimester,indicator_1,156,62.79676564517225,ANC,2020
p,2019-04-01,Unnav,aT03mfdlNiF,155,Lucknow Division,communicable_diseases,Success rate of positive tuberculosis cases,indicator_2,156,100.0,communicable_diseases,2020
p,2019-04-01,Unnav,aT03mfdlNiF,155,Lucknow Division,ANC,% of severe anaemic PW treated,indicator_4,156,60.25487853444843,ANC,2020
p,2019-04-01,Unnav,aT03mfdlNiF,155,Lucknow Division,PNC,% of new born breastfed within one hour of birth,indicator_5,156,97.19565650527994,PNC,2020
p,2019-04-01,Unnav,aT03mfdlNiF,155,Lucknow Division,delivery_care,% of live babies weighted at birth,indicator_6,156,94.04761904761904,delivery_care,2020
p,2019-04-01,Moradabad,YQNQoPjAIpV,134,Moradabad Division,ANC,% ANC registered in First trimester,indicator_1,135,50.26617241283202,ANC,2020
p,2019-04-01,Moradabad,YQNQoPjAIpV,134,Moradabad Division,communicable_diseases,Success rate of positive tuberculosis cases,indicator_2,135,100.0,communicable_diseases,2020
p,2019-04-01,Moradabad,YQNQoPjAIpV,134,Moradabad Division,ANC,% of severe anaemic PW treated,indicator_4,135,20.15968063872256,ANC,2020
p,2019-04-01,Moradabad,YQNQoPjAIpV,134,Moradabad Division,PNC,% of new born breastfed within one hour of birth,indicator_5,135,94.96693408499569,PNC,2020
p,2019-04-01,Moradabad,YQNQoPjAIpV,134,Moradabad Division,delivery_care,% of live babies weighted at birth,indicator_6,135,95.3125,delivery_care,2020
p,2019-04-01,Bijnor,uCYjHW7FuGG,134,Moradabad Division,ANC,% ANC registered in First trimester,indicator_1,134,65.6291700026688,ANC,2020
p,2019-04-01,Bijnor,uCYjHW7FuGG,134,Moradabad Division,communicable_diseases,Success rate of positive tuberculosis cases,indicator_2,134,100.0,communicable_diseases,2020
p,2019-04-01,Bijnor,uCYjHW7FuGG,134,Moradabad Division,ANC,% of severe anaemic PW treated,indicator_4,134,27.691947565543074,ANC,2020
p,2019-04-01,Bijnor,uCYjHW7FuGG,134,Moradabad Division,PNC,% of new born breastfed within one hour of birth,indicator_5,134,62.49668581528945,PNC,2020
p,2019-04-01,Bijnor,uCYjHW7FuGG,134,Moradabad Division,delivery_care,% of live babies weighted at birth,indicator_6,134,63.403667697746364,delivery_care,2020
p,2019-04-01,Shamli,AdiUcz9BXhx,132,Saharanpur Division,ANC,% ANC registered in First trimester,indicator_1,203,64.21765417170496,ANC,2020
p,2019-04-01,Shamli,AdiUcz9BXhx,132,Saharanpur Division,communicable_diseases,Success rate of positive tuberculosis cases,indicator_2,203,100.0,communicable_diseases,2020
p,2019-04-01,Shamli,AdiUcz9BXhx,132,Saharanpur Division,ANC,% of severe anaemic PW treated,indicator_4,203,81.26391982182628,ANC,2020
p,2019-04-01,Shamli,AdiUcz9BXhx,132,Saharanpur Division,PNC,% of new born breastfed within one hour of birth,indicator_5,203,98.71850944716586,PNC,2020
p,2019-04-01,Shamli,AdiUcz9BXhx,132,Saharanpur Division,delivery_care,% of live babies weighted at birth,indicator_6,203,98.79286214135759,delivery_care,2020
p,2019-04-01,Bhadohi,PeUY1vj02UQ,200,Mirzapur Division,ANC,% ANC registered in First trimester,indicator_1,198,63.74516960068699,ANC,2020
p,2019-04-01,Bhadohi,PeUY1vj02UQ,200,Mirzapur Division,communicable_diseases,Success rate of positive tuberculosis cases,indicator_2,198,100.0,communicable_diseases,2020
p,2019-04-01,Bhadohi,PeUY1vj02UQ,200,Mirzapur Division,ANC,% of severe anaemic PW treated,indicator_4,198,25.05353319057816,ANC,2020
p,2019-04-01,Bhadohi,PeUY1vj02UQ,200,Mirzapur Division,PNC,% of new born breastfed within one hour of birth,indicator_5,198,96.02215320136213,PNC,2020
p,2019-04-01,Bhadohi,PeUY1vj02UQ,200,Mirzapur Division,delivery_care,% of live babies weighted at birth,indicator_6,198,97.79590614826179,delivery_care,2020
p,2019-04-01,Gonda,y8WarEkWCul,182,Gonda Division,ANC,% ANC registered in First trimester,indicator_1,183,48.98947789691339,ANC,2020
p,2019-04-01,Gonda,y8WarEkWCul,182,Gonda Division,communicable_diseases,Success rate of positive tuberculosis cases,indicator_2,183,100.0,communicable_diseases,2020
p,2019-04-01,Gonda,y8WarEkWCul,182,Gonda Division,ANC,% of severe anaemic PW treated,indicator_4,183,38.81373569198751,ANC,2020
p,2019-04-01,Gonda,y8WarEkWCul,182,Gonda Division,PNC,% of new born breastfed within one hour of birth,indicator_5,183,86.09346060692404,PNC,2020
p,2019-04-01,Gonda,y8WarEkWCul,182,Gonda Division,delivery_care,% of live babies weighted at birth,indicator_6,183,86.84855392506054,delivery_care,2020
p,2019-04-01,Agra,N5WWbRtsjWp,146,Agra Division,ANC,% ANC registered in First trimester,indicator_1,146,49.444920816797314,ANC,2020
p,2019-04-01,Agra,N5WWbRtsjWp,146,Agra Division,communicable_diseases,Success rate of positive tuberculosis cases,indicator_2,146,100.0,communicable_diseases,2020
p,2019-04-01,Agra,N5WWbRtsjWp,146,Agra Division,ANC,% of severe anaemic PW treated,indicator_4,146,50.831285239265576,ANC,2020
p,2019-04-01,Agra,N5WWbRtsjWp,146,Agra Division,PNC,% of new born breastfed within one hour of birth,indicator_5,146,92.73737744455515,PNC,2020
p,2019-04-01,Agra,N5WWbRtsjWp,146,Agra Division,delivery_care,% of live babies weighted at birth,indicator_6,146,92.33681119907725,delivery_care,2020
p,2019-04-01,Deoria,Tf9b9qcbghH,188,Gorakhpur Division,ANC,% ANC registered in First trimester,indicator_1,190,51.31405905311386,ANC,2020
p,2019-04-01,Deoria,Tf9b9qcbghH,188,Gorakhpur Division,communicable_diseases,Success rate of positive tuberculosis cases,indicator_2,190,100.0,communicable_diseases,2020
p,2019-04-01,Deoria,Tf9b9qcbghH,188,Gorakhpur Division,ANC,% of severe anaemic PW treated,indicator_4,190,14.558472553699286,ANC,2020
p,2019-04-01,Deoria,Tf9b9qcbghH,188,Gorakhpur Division,PNC,% of new born breastfed within one hour of birth,indicator_5,190,92.44448671009462,PNC,2020
p,2019-04-01,Deoria,Tf9b9qcbghH,188,Gorakhpur Division,delivery_care,% of live babies weighted at birth,indicator_6,190,89.97670106033951,delivery_care,2020
p,2019-04-01,Ambedkar Nagar,jM27ji8tyrM,176,Ayodhya Division,ANC,% ANC registered in First trimester,indicator_1,178,68.50972756384468,ANC,2020
p,2019-04-01,Ambedkar Nagar,jM27ji8tyrM,176,Ayodhya Division,communicable_diseases,Success rate of positive tuberculosis cases,indicator_2,178,100.0,communicable_diseases,2020
p,2019-04-01,Ambedkar Nagar,jM27ji8tyrM,176,Ayodhya Division,ANC,% of severe anaemic PW treated,indicator_4,178,79.22899884925201,ANC,2020
p,2019-04-01,Ambedkar Nagar,jM27ji8tyrM,176,Ayodhya Division,PNC,% of new born breastfed within one hour of birth,indicator_5,178,97.33874957685595,PNC,2020
p,2019-04-01,Ambedkar Nagar,jM27ji8tyrM,176,Ayodhya Division,delivery_care,% of live babies weighted at birth,indicator_6,178,98.78134520740566,delivery_care,2020
p,2019-04-01,Meerut,v8YGmR7nOdj,140,Meerut Division,ANC,% ANC registered in First trimester,indicator_1,138,46.0764668974032,ANC,2020
p,2019-04-01,Meerut,v8YGmR7nOdj,140,Meerut Division,communicable_diseases,Success rate of positive tuberculosis cases,indicator_2,138,100.0,communicable_diseases,2020
p,2019-04-01,Meerut,v8YGmR7nOdj,140,Meerut Division,ANC,% of severe anaemic PW treated,indicator_4,138,32.664853840924536,ANC,2020
p,2019-04-01,Meerut,v8YGmR7nOdj,140,Meerut Division,PNC,% of new born breastfed within one hour of birth,indicator_5,138,95.88181070779041,PNC,2020
p,2019-04-01,Meerut,v8YGmR7nOdj,140,Meerut Division,delivery_care,% of live babies weighted at birth,indicator_6,138,97.17730885174021,delivery_care,2020
p,2019-04-01,Gorakhpur,vR85cHdsw1w,188,Gorakhpur Division,ANC,% ANC registered in First trimester,indicator_1,188,44.09355558603149,ANC,2020
p,2019-04-01,Gorakhpur,vR85cHdsw1w,188,Gorakhpur Division,communicable_diseases,Success rate of positive tuberculosis cases,indicator_2,188,100.0,communicable_diseases,2020
p,2019-04-01,Gorakhpur,vR85cHdsw1w,188,Gorakhpur Division,ANC,% of severe anaemic PW treated,indicator_4,188,29.742289818335447,ANC,2020
p,2019-04-01,Gorakhpur,vR85cHdsw1w,188,Gorakhpur Division,PNC,% of new born breastfed within one hour of birth,indicator_5,188,86.8226204528383,PNC,2020
p,2019-04-01,Gorakhpur,vR85cHdsw1w,188,Gorakhpur Division,delivery_care,% of live babies weighted at birth,indicator_6,188,87.36988947311943,delivery_care,2020
p,2019-04-01,Varanasi,LeuBT7KfuuA,195,Varanasi Division,ANC,% ANC registered in First trimester,indicator_1,197,53.92246574119538,ANC,2020
p,2019-04-01,Varanasi,LeuBT7KfuuA,195,Varanasi Division,communicable_diseases,Success rate of positive tuberculosis cases,indicator_2,197,100.0,communicable_diseases,2020
p,2019-04-01,Varanasi,LeuBT7KfuuA,195,Varanasi Division,ANC,% of severe anaemic PW treated,indicator_4,197,45.55659494855004,ANC,2020
p,2019-04-01,Varanasi,LeuBT7KfuuA,195,Varanasi Division,PNC,% of new born breastfed within one hour of birth,indicator_5,197,93.78134693995884,PNC,2020
p,2019-04-01,Varanasi,LeuBT7KfuuA,195,Varanasi Division,delivery_care,% of live babies weighted at birth,indicator_6,197,95.2686052242484,delivery_care,2020
p,2019-04-01,Amroha,hgquAmZaNBu,134,Moradabad Division,ANC,% ANC registered in First trimester,indicator_1,137,49.89417001276186,ANC,2020
p,2019-04-01,Amroha,hgquAmZaNBu,134,Moradabad Division,communicable_diseases,Success rate of positive tuberculosis cases,indicator_2,137,100.0,communicable_diseases,2020
p,2019-04-01,Amroha,hgquAmZaNBu,134,Moradabad Division,ANC,% of severe anaemic PW treated,indicator_4,137,15.704387990762124,ANC,2020
p,2019-04-01,Amroha,hgquAmZaNBu,134,Moradabad Division,PNC,% of new born breastfed within one hour of birth,indicator_5,137,85.98595581808867,PNC,2020
p,2019-04-01,Amroha,hgquAmZaNBu,134,Moradabad Division,delivery_care,% of live babies weighted at birth,indicator_6,137,86.25719538289984,delivery_care,2020
p,2019-04-01,Farrukhabad,uEEwlAGZXWW,161,Kanpur Nagar Division,ANC,% ANC registered in First trimester,indicator_1,159,51.32179418657238,ANC,2020
p,2019-04-01,Farrukhabad,uEEwlAGZXWW,161,Kanpur Nagar Division,communicable_diseases,Success rate of positive tuberculosis cases,indicator_2,159,100.0,communicable_diseases,2020
p,2019-04-01,Farrukhabad,uEEwlAGZXWW,161,Kanpur Nagar Division,ANC,% of severe anaemic PW treated,indicator_4,159,27.90082644628099,ANC,2020
p,2019-04-01,Farrukhabad,uEEwlAGZXWW,161,Kanpur Nagar Division,PNC,% of new born breastfed within one hour of birth,indicator_5,159,85.57736055082046,PNC,2020
p,2019-04-01,Farrukhabad,uEEwlAGZXWW,161,Kanpur Nagar Division,delivery_care,% of live babies weighted at birth,indicator_6,159,87.27895902211168,delivery_care,2020
p,2019-04-01,Muzaffarnagar,MVQs2RrS1Nw,132,Saharanpur Division,ANC,% ANC registered in First trimester,indicator_1,133,51.72409892074123,ANC,2020
p,2019-04-01,Muzaffarnagar,MVQs2RrS1Nw,132,Saharanpur Division,communicable_diseases,Success rate of positive tuberculosis cases,indicator_2,133,100.0,communicable_diseases,2020
p,2019-04-01,Muzaffarnagar,MVQs2RrS1Nw,132,Saharanpur Division,ANC,% of severe anaemic PW treated,indicator_4,133,57.25834797891037,ANC,2020
p,2019-04-01,Muzaffarnagar,MVQs2RrS1Nw,132,Saharanpur Division,PNC,% of new born breastfed within one hour of birth,indicator_5,133,92.09927284223835,PNC,2020
p,2019-04-01,Muzaffarnagar,MVQs2RrS1Nw,132,Saharanpur Division,delivery_care,% of live babies weighted at birth,indicator_6,133,96.58710085361996,delivery_care,2020
p,2019-04-01,Ayodhya,b4XkXzoGqFY,176,Ayodhya Division,ANC,% ANC registered in First trimester,indicator_1,177,45.95566281847135,ANC,2020
p,2019-04-01,Ayodhya,b4XkXzoGqFY,176,Ayodhya Division,communicable_diseases,Success rate of positive tuberculosis cases,indicator_2,177,100.0,communicable_diseases,2020
p,2019-04-01,Ayodhya,b4XkXzoGqFY,176,Ayodhya Division,ANC,% of severe anaemic PW treated,indicator_4,177,1.3531504397738932,ANC,2020
p,2019-04-01,Ayodhya,b4XkXzoGqFY,176,Ayodhya Division,PNC,% of new born breastfed within one hour of birth,indicator_5,177,88.93309222423147,PNC,2020
p,2019-04-01,Ayodhya,b4XkXzoGqFY,176,Ayodhya Division,delivery_care,% of live babies weighted at birth,indicator_6,177,90.84434552788984,delivery_care,2020
p,2019-04-01,Ghaziabad,M5NHlfAaKYI,140,Meerut Division,ANC,% ANC registered in First trimester,indicator_1,140,60.915938484531964,ANC,2020
p,2019-04-01,Ghaziabad,M5NHlfAaKYI,140,Meerut Division,communicable_diseases,Success rate of positive tuberculosis cases,indicator_2,140,100.0,communicable_diseases,2020
p,2019-04-01,Ghaziabad,M5NHlfAaKYI,140,Meerut Division,ANC,% of severe anaemic PW treated,indicator_4,140,28.939544103072357,ANC,2020
p,2019-04-01,Ghaziabad,M5NHlfAaKYI,140,Meerut Division,PNC,% of new born breastfed within one hour of birth,indicator_5,140,85.3727453535423,PNC,2020
p,2019-04-01,Ghaziabad,M5NHlfAaKYI,140,Meerut Division,delivery_care,% of live babies weighted at birth,indicator_6,140,92.77278650298334,delivery_care,2020
p,2019-04-01,Kushinagar,xUeHwd9FQkg,188,Gorakhpur Division,ANC,% ANC registered in First trimester,indicator_1,189,73.6483528728222,ANC,2020
p,2019-04-01,Kushinagar,xUeHwd9FQkg,188,Gorakhpur Division,communicable_diseases,Success rate of positive tuberculosis cases,indicator_2,189,100.0,communicable_diseases,2020
p,2019-04-01,Kushinagar,xUeHwd9FQkg,188,Gorakhpur Division,ANC,% of severe anaemic PW treated,indicator_4,189,22.38845845578413,ANC,2020
p,2019-04-01,Kushinagar,xUeHwd9FQkg,188,Gorakhpur Division,PNC,% of new born breastfed within one hour of birth,indicator_5,189,95.93829304127155,PNC,2020
p,2019-04-01,Kushinagar,xUeHwd9FQkg,188,Gorakhpur Division,delivery_care,% of live babies weighted at birth,indicator_6,189,97.16041137972485,delivery_care,2020
p,2019-04-01,Lakhimpur Kheri,d9ZuMopgX29,155,Lucknow Division,ANC,% ANC registered in First trimester,indicator_1,153,46.67647038128946,ANC,2020
p,2019-04-01,Lakhimpur Kheri,d9ZuMopgX29,155,Lucknow Division,communicable_diseases,Success rate of positive tuberculosis cases,indicator_2,153,100.0,communicable_diseases,2020
p,2019-04-01,Lakhimpur Kheri,d9ZuMopgX29,155,Lucknow Division,ANC,% of severe anaemic PW treated,indicator_4,153,38.821357131866435,ANC,2020
p,2019-04-01,Lakhimpur Kheri,d9ZuMopgX29,155,Lucknow Division,PNC,% of new born breastfed within one hour of birth,indicator_5,153,94.18506906579424,PNC,2020
p,2019-04-01,Lakhimpur Kheri,d9ZuMopgX29,155,Lucknow Division,delivery_care,% of live babies weighted at birth,indicator_6,153,96.97723555070884,delivery_care,2020
p,2019-04-01,Hapur,CZ8kLjgqvSH,140,Meerut Division,ANC,% ANC registered in First trimester,indicator_1,204,73.90888437163697,ANC,2020
p,2019-04-01,Hapur,CZ8kLjgqvSH,140,Meerut Division,communicable_diseases,Success rate of positive tuberculosis cases,indicator_2,204,100.0,communicable_diseases,2020
p,2019-04-01,Hapur,CZ8kLjgqvSH,140,Meerut Division,ANC,% of severe anaemic PW treated,indicator_4,204,84.40832910106653,ANC,2020
p,2019-04-01,Hapur,CZ8kLjgqvSH,140,Meerut Division,PNC,% of new born breastfed within one hour of birth,indicator_5,204,94.61472546305453,PNC,2020
p,2019-04-01,Hapur,CZ8kLjgqvSH,140,Meerut Division,delivery_care,% of live babies weighted at birth,indicator_6,204,98.72454024124971,delivery_care,2020
p,2019-04-01,Mahoba,sUQMxIc3yXj,170,Chitrakoot Division,ANC,% ANC registered in First trimester,indicator_1,169,47.803742422911355,ANC,2020
p,2019-04-01,Mahoba,sUQMxIc3yXj,170,Chitrakoot Division,communicable_diseases,Success rate of positive tuberculosis cases,indicator_2,169,100.0,communicable_diseases,2020
p,2019-04-01,Mahoba,sUQMxIc3yXj,170,Chitrakoot Division,ANC,% of severe anaemic PW treated,indicator_4,169,50.41276829939461,ANC,2020
p,2019-04-01,Mahoba,sUQMxIc3yXj,170,Chitrakoot Division,PNC,% of new born breastfed within one hour of birth,indicator_5,169,97.96511627906976,PNC,2020
p,2019-04-01,Mahoba,sUQMxIc3yXj,170,Chitrakoot Division,delivery_care,% of live babies weighted at birth,indicator_6,169,99.38800489596085,delivery_care,2020
p,2019-04-01,Siddharth Nagar,cP0p8qfm3il,185,Basti Division,ANC,% ANC registered in First trimester,indicator_1,184,70.67954174872413,ANC,2020
p,2019-04-01,Siddharth Nagar,cP0p8qfm3il,185,Basti Division,communicable_diseases,Success rate of positive tuberculosis cases,indicator_2,184,100.0,communicable_diseases,2020
p,2019-04-01,Siddharth Nagar,cP0p8qfm3il,185,Basti Division,ANC,% of severe anaemic PW treated,indicator_4,184,44.998740236835474,ANC,2020
p,2019-04-01,Siddharth Nagar,cP0p8qfm3il,185,Basti Division,PNC,% of new born breastfed within one hour of birth,indicator_5,184,97.96095376269476,PNC,2020
p,2019-04-01,Siddharth Nagar,cP0p8qfm3il,185,Basti Division,delivery_care,% of live babies weighted at birth,indicator_6,184,97.58089951428751,delivery_care,2020
p,2019-04-01,Kanpur Dehat,k3D0AumUCiC,161,Kanpur Nagar Division,ANC,% ANC registered in First trimester,indicator_1,163,41.03063308373043,ANC,2020
p,2019-04-01,Kanpur Dehat,k3D0AumUCiC,161,Kanpur Nagar Division,communicable_diseases,Success rate of positive tuberculosis cases,indicator_2,163,100.0,communicable_diseases,2020
p,2019-04-01,Kanpur Dehat,k3D0AumUCiC,161,Kanpur Nagar Division,ANC,% of severe anaemic PW treated,indicator_4,163,48.73711340206185,ANC,2020
p,2019-04-01,Kanpur Dehat,k3D0AumUCiC,161,Kanpur Nagar Division,PNC,% of new born breastfed within one hour of birth,indicator_5,163,97.57189106836792,PNC,2020
p,2019-04-01,Kanpur Dehat,k3D0AumUCiC,161,Kanpur Nagar Division,delivery_care,% of live babies weighted at birth,indicator_6,163,95.90554180156158,delivery_care,2020
p,2019-04-01,Rae Bareli,lLvTDpBDY8u,155,Lucknow Division,ANC,% ANC registered in First trimester,indicator_1,158,56.00400678070582,ANC,2020
p,2019-04-01,Rae Bareli,lLvTDpBDY8u,155,Lucknow Division,communicable_diseases,Success rate of positive tuberculosis cases,indicator_2,158,100.0,communicable_diseases,2020
p,2019-04-01,Rae Bareli,lLvTDpBDY8u,155,Lucknow Division,ANC,% of severe anaemic PW treated,indicator_4,158,69.05454545454546,ANC,2020
p,2019-04-01,Rae Bareli,lLvTDpBDY8u,155,Lucknow Division,PNC,% of new born breastfed within one hour of birth,indicator_5,158,86.65040906230335,PNC,2020
p,2019-04-01,Rae Bareli,lLvTDpBDY8u,155,Lucknow Division,delivery_care,% of live babies weighted at birth,indicator_6,158,96.43447136563877,delivery_care,2020
p,2019-04-01,Mathura,KP2BUB1npih,146,Agra Division,ANC,% ANC registered in First trimester,indicator_1,145,51.045362023844135,ANC,2020
p,2019-04-01,Mathura,KP2BUB1npih,146,Agra Division,communicable_diseases,Success rate of positive tuberculosis cases,indicator_2,145,100.0,communicable_diseases,2020
p,2019-04-01,Mathura,KP2BUB1npih,146,Agra Division,ANC,% of severe anaemic PW treated,indicator_4,145,49.52402036750056,ANC,2020
p,2019-04-01,Mathura,KP2BUB1npih,146,Agra Division,PNC,% of new born breastfed within one hour of birth,indicator_5,145,76.43322747785392,PNC,2020
p,2019-04-01,Mathura,KP2BUB1npih,146,Agra Division,delivery_care,% of live babies weighted at birth,indicator_6,145,77.52799598863447,delivery_care,2020
p,2019-04-01,Etah,ZLcx4iOVyN5,201,Alligarh Division,ANC,% ANC registered in First trimester,indicator_1,201,47.58944243040632,ANC,2020
p,2019-04-01,Etah,ZLcx4iOVyN5,201,Alligarh Division,communicable_diseases,Success rate of positive tuberculosis cases,indicator_2,201,100.0,communicable_diseases,2020
p,2019-04-01,Etah,ZLcx4iOVyN5,201,Alligarh Division,ANC,% of severe anaemic PW treated,indicator_4,201,34.77164471840852,ANC,2020
p,2019-04-01,Etah,ZLcx4iOVyN5,201,Alligarh Division,PNC,% of new born breastfed within one hour of birth,indicator_5,201,96.63760438509364,PNC,2020
p,2019-04-01,Etah,ZLcx4iOVyN5,201,Alligarh Division,delivery_care,% of live babies weighted at birth,indicator_6,201,98.16797262995254,delivery_care,2020
p,2019-04-01,Pratapgarh,fz7bJo3egPX,172,Prayagraj Division,ANC,% ANC registered in First trimester,indicator_1,173,64.08182555889461,ANC,2020
p,2019-04-01,Pratapgarh,fz7bJo3egPX,172,Prayagraj Division,communicable_diseases,Success rate of positive tuberculosis cases,indicator_2,173,100.0,communicable_diseases,2020
p,2019-04-01,Pratapgarh,fz7bJo3egPX,172,Prayagraj Division,ANC,% of severe anaemic PW treated,indicator_4,173,21.385860007034825,ANC,2020
p,2019-04-01,Pratapgarh,fz7bJo3egPX,172,Prayagraj Division,PNC,% of new born breastfed within one hour of birth,indicator_5,173,92.93444235757087,PNC,2020
p,2019-04-01,Pratapgarh,fz7bJo3egPX,172,Prayagraj Division,delivery_care,% of live babies weighted at birth,indicator_6,173,93.78186208746979,delivery_care,2020
p,2019-04-01,Basti,J1P16zQEOUT,185,Basti Division,ANC,% ANC registered in First trimester,indicator_1,185,65.6456325197267,ANC,2020
p,2019-04-01,Basti,J1P16zQEOUT,185,Basti Division,communicable_diseases,Success rate of positive tuberculosis cases,indicator_2,185,100.0,communicable_diseases,2020
p,2019-04-01,Basti,J1P16zQEOUT,185,Basti Division,ANC,% of severe anaemic PW treated,indicator_4,185,24.433962264150942,ANC,2020
p,2019-04-01,Basti,J1P16zQEOUT,185,Basti Division,PNC,% of new born breastfed within one hour of birth,indicator_5,185,87.74698165116756,PNC,2020
p,2019-04-01,Basti,J1P16zQEOUT,185,Basti Division,delivery_care,% of live babies weighted at birth,indicator_6,185,90.2548827902958,delivery_care,2020
p,2019-04-01,Hathras,m1IAjmqkoFC,201,Alligarh Division,ANC,% ANC registered in First trimester,indicator_1,144,63.81117821722182,ANC,2020
p,2019-04-01,Hathras,m1IAjmqkoFC,201,Alligarh Division,communicable_diseases,Success rate of positive tuberculosis cases,indicator_2,144,100.0,communicable_diseases,2020
p,2019-04-01,Hathras,m1IAjmqkoFC,201,Alligarh Division,ANC,% of severe anaemic PW treated,indicator_4,144,41.54770848985725,ANC,2020
p,2019-04-01,Hathras,m1IAjmqkoFC,201,Alligarh Division,PNC,% of new born breastfed within one hour of birth,indicator_5,144,98.30055422041298,PNC,2020
p,2019-04-01,Hathras,m1IAjmqkoFC,201,Alligarh Division,delivery_care,% of live babies weighted at birth,indicator_6,144,97.85913973220856,delivery_care,2020
p,2019-04-01,Shrawasti,oyTwneTbWDx,182,Gonda Division,ANC,% ANC registered in First trimester,indicator_1,181,77.66387552932609,ANC,2020
p,2019-04-01,Shrawasti,oyTwneTbWDx,182,Gonda Division,communicable_diseases,Success rate of positive tuberculosis cases,indicator_2,181,100.0,communicable_diseases,2020
p,2019-04-01,Shrawasti,oyTwneTbWDx,182,Gonda Division,ANC,% of severe anaemic PW treated,indicator_4,181,81.27348230175994,ANC,2020
p,2019-04-01,Shrawasti,oyTwneTbWDx,182,Gonda Division,PNC,% of new born breastfed within one hour of birth,indicator_5,181,97.50153235457223,PNC,2020
p,2019-04-01,Shrawasti,oyTwneTbWDx,182,Gonda Division,delivery_care,% of live babies weighted at birth,indicator_6,181,98.76244125974141,delivery_care,2020
p,2019-04-01,Banda,DggJGxqbWHn,170,Chitrakoot Division,ANC,% ANC registered in First trimester,indicator_1,170,41.48059850196595,ANC,2020
p,2019-04-01,Banda,DggJGxqbWHn,170,Chitrakoot Division,communicable_diseases,Success rate of positive tuberculosis cases,indicator_2,170,100.0,communicable_diseases,2020
p,2019-04-01,Banda,DggJGxqbWHn,170,Chitrakoot Division,ANC,% of severe anaemic PW treated,indicator_4,170,9.548704543707236,ANC,2020
p,2019-04-01,Banda,DggJGxqbWHn,170,Chitrakoot Division,PNC,% of new born breastfed within one hour of birth,indicator_5,170,79.12913321540346,PNC,2020
p,2019-04-01,Banda,DggJGxqbWHn,170,Chitrakoot Division,delivery_care,% of live babies weighted at birth,indicator_6,170,83.72295550415022,delivery_care,2020
p,2019-04-01,Amethi,StsLkYw1G0m,176,Ayodhya Division,ANC,% ANC registered in First trimester,indicator_1,206,59.27508650519032,ANC,2020
p,2019-04-01,Amethi,StsLkYw1G0m,176,Ayodhya Division,communicable_diseases,Success rate of positive tuberculosis cases,indicator_2,206,100.0,communicable_diseases,2020
p,2019-04-01,Amethi,StsLkYw1G0m,176,Ayodhya Division,ANC,% of severe anaemic PW treated,indicator_4,206,56.43180349062702,ANC,2020
p,2019-04-01,Amethi,StsLkYw1G0m,176,Ayodhya Division,PNC,% of new born breastfed within one hour of birth,indicator_5,206,95.25689141969715,PNC,2020
p,2019-04-01,Amethi,StsLkYw1G0m,176,Ayodhya Division,delivery_care,% of live babies weighted at birth,indicator_6,206,96.08192053837195,delivery_care,2020
p,2019-04-01,Rampur,IU006h5U7jj,134,Moradabad Division,ANC,% ANC registered in First trimester,indicator_1,136,67.43853241018371,ANC,2020
p,2019-04-01,Rampur,IU006h5U7jj,134,Moradabad Division,communicable_diseases,Success rate of positive tuberculosis cases,indicator_2,136,100.0,communicable_diseases,2020
p,2019-04-01,Rampur,IU006h5U7jj,134,Moradabad Division,ANC,% of severe anaemic PW treated,indicator_4,136,37.978560490045936,ANC,2020
p,2019-04-01,Rampur,IU006h5U7jj,134,Moradabad Division,PNC,% of new born breastfed within one hour of birth,indicator_5,136,89.64966849472047,PNC,2020
p,2019-04-01,Rampur,IU006h5U7jj,134,Moradabad Division,delivery_care,% of live babies weighted at birth,indicator_6,136,97.82884505197676,delivery_care,2020
p,2019-04-01,Sonbhadra,NNk3JP90QZ5,200,Mirzapur Division,ANC,% ANC registered in First trimester,indicator_1,200,73.89465041143816,ANC,2020
p,2019-04-01,Sonbhadra,NNk3JP90QZ5,200,Mirzapur Division,communicable_diseases,Success rate of positive tuberculosis cases,indicator_2,200,100.0,communicable_diseases,2020
p,2019-04-01,Sonbhadra,NNk3JP90QZ5,200,Mirzapur Division,ANC,% of severe anaemic PW treated,indicator_4,200,82.9880728185813,ANC,2020
p,2019-04-01,Sonbhadra,NNk3JP90QZ5,200,Mirzapur Division,PNC,% of new born breastfed within one hour of birth,indicator_5,200,96.08904344418869,PNC,2020
p,2019-04-01,Sonbhadra,NNk3JP90QZ5,200,Mirzapur Division,delivery_care,% of live babies weighted at birth,indicator_6,200,97.41881765195672,delivery_care,2020
p,2019-04-01,Kanpur Nagar,QVMRMhzVrrS,161,Kanpur Nagar Division,ANC,% ANC registered in First trimester,indicator_1,164,37.9313053672214,ANC,2020
p,2019-04-01,Kanpur Nagar,QVMRMhzVrrS,161,Kanpur Nagar Division,communicable_diseases,Success rate of positive tuberculosis cases,indicator_2,164,100.0,communicable_diseases,2020
p,2019-04-01,Kanpur Nagar,QVMRMhzVrrS,161,Kanpur Nagar Division,ANC,% of severe anaemic PW treated,indicator_4,164,70.68362480127186,ANC,2020
p,2019-04-01,Kanpur Nagar,QVMRMhzVrrS,161,Kanpur Nagar Division,PNC,% of new born breastfed within one hour of birth,indicator_5,164,56.05787251931128,PNC,2020
p,2019-04-01,Kanpur Nagar,QVMRMhzVrrS,161,Kanpur Nagar Division,delivery_care,% of live babies weighted at birth,indicator_6,164,67.88110210015589,delivery_care,2020
p,2019-04-01,Bulandshahar,ogBt4gWCiem,140,Meerut Division,ANC,% ANC registered in First trimester,indicator_1,142,46.83067536110348,ANC,2020
p,2019-04-01,Bulandshahar,ogBt4gWCiem,140,Meerut Division,communicable_diseases,Success rate of positive tuberculosis cases,indicator_2,142,100.0,communicable_diseases,2020
p,2019-04-01,Bulandshahar,ogBt4gWCiem,140,Meerut Division,ANC,% of severe anaemic PW treated,indicator_4,142,44.910398634645865,ANC,2020
p,2019-04-01,Bulandshahar,ogBt4gWCiem,140,Meerut Division,PNC,% of new born breastfed within one hour of birth,indicator_5,142,82.38128144983114,PNC,2020
p,2019-04-01,Bulandshahar,ogBt4gWCiem,140,Meerut Division,delivery_care,% of live babies weighted at birth,indicator_6,142,82.14671559132981,delivery_care,2020
p,2019-04-01,Saharanpur,FKYZ3JbWq84,132,Saharanpur Division,ANC,% ANC registered in First trimester,indicator_1,132,69.89906141640796,ANC,2020
p,2019-04-01,Saharanpur,FKYZ3JbWq84,132,Saharanpur Division,communicable_diseases,Success rate of positive tuberculosis cases,indicator_2,132,100.0,communicable_diseases,2020
p,2019-04-01,Saharanpur,FKYZ3JbWq84,132,Saharanpur Division,ANC,% of severe anaemic PW treated,indicator_4,132,56.90104166666666,ANC,2020
p,2019-04-01,Saharanpur,FKYZ3JbWq84,132,Saharanpur Division,PNC,% of new born breastfed within one hour of birth,indicator_5,132,94.82781843487629,PNC,2020
p,2019-04-01,Saharanpur,FKYZ3JbWq84,132,Saharanpur Division,delivery_care,% of live babies weighted at birth,indicator_6,132,98.74511740672564,delivery_care,2020
p,2019-04-01,Shahjahanpur,GaiLSoQq1ue,150,Bareilly Division,ANC,% ANC registered in First trimester,indicator_1,152,63.88322208797956,ANC,2020
p,2019-04-01,Shahjahanpur,GaiLSoQq1ue,150,Bareilly Division,communicable_diseases,Success rate of positive tuberculosis cases,indicator_2,152,100.0,communicable_diseases,2020
p,2019-04-01,Shahjahanpur,GaiLSoQq1ue,150,Bareilly Division,ANC,% of severe anaemic PW treated,indicator_4,152,26.825978030449022,ANC,2020
p,2019-04-01,Shahjahanpur,GaiLSoQq1ue,150,Bareilly Division,PNC,% of new born breastfed within one hour of birth,indicator_5,152,96.77335075114306,PNC,2020
p,2019-04-01,Shahjahanpur,GaiLSoQq1ue,150,Bareilly Division,delivery_care,% of live babies weighted at birth,indicator_6,152,98.21177153639593,delivery_care,2020
p,2019-04-01,Jalaun,NL5xiiHZQSC,165,Jhansi Division,ANC,% ANC registered in First trimester,indicator_1,165,47.50880724710619,ANC,2020
p,2019-04-01,Jalaun,NL5xiiHZQSC,165,Jhansi Division,communicable_diseases,Success rate of positive tuberculosis cases,indicator_2,165,100.0,communicable_diseases,2020
p,2019-04-01,Jalaun,NL5xiiHZQSC,165,Jhansi Division,ANC,% of severe anaemic PW treated,indicator_4,165,56.703146374829004,ANC,2020
p,2019-04-01,Jalaun,NL5xiiHZQSC,165,Jhansi Division,PNC,% of new born breastfed within one hour of birth,indicator_5,165,95.9310774340876,PNC,2020
p,2019-04-01,Jalaun,NL5xiiHZQSC,165,Jhansi Division,delivery_care,% of live babies weighted at birth,indicator_6,165,95.60307245173344,delivery_care,2020
p,2019-04-01,Sitapur,XxaOowFtkiJ,155,Lucknow Division,ANC,% ANC registered in First trimester,indicator_1,154,63.195614157431145,ANC,2020
p,2019-04-01,Sitapur,XxaOowFtkiJ,155,Lucknow Division,communicable_diseases,Success rate of positive tuberculosis cases,indicator_2,154,100.0,communicable_diseases,2020
p,2019-04-01,Sitapur,XxaOowFtkiJ,155,Lucknow Division,ANC,% of severe anaemic PW treated,indicator_4,154,35.30175210902012,ANC,2020
p,2019-04-01,Sitapur,XxaOowFtkiJ,155,Lucknow Division,PNC,% of new born breastfed within one hour of birth,indicator_5,154,97.69143131258622,PNC,2020
p,2019-04-01,Sitapur,XxaOowFtkiJ,155,Lucknow Division,delivery_care,% of live babies weighted at birth,indicator_6,154,94.64132238012432,delivery_care,2020
p,2019-04-01,Barabanki,tzH6nJu9SwS,176,Ayodhya Division,ANC,% ANC registered in First trimester,indicator_1,176,41.62027608056121,ANC,2020
p,2019-04-01,Barabanki,tzH6nJu9SwS,176,Ayodhya Division,communicable_diseases,Success rate of positive tuberculosis cases,indicator_2,176,100.0,communicable_diseases,2020
p,2019-04-01,Barabanki,tzH6nJu9SwS,176,Ayodhya Division,ANC,% of severe anaemic PW treated,indicator_4,176,17.783164389598944,ANC,2020
p,2019-04-01,Barabanki,tzH6nJu9SwS,176,Ayodhya Division,PNC,% of new born breastfed within one hour of birth,indicator_5,176,85.86048036127247,PNC,2020
p,2019-04-01,Barabanki,tzH6nJu9SwS,176,Ayodhya Division,delivery_care,% of live babies weighted at birth,indicator_6,176,90.8006628184351,delivery_care,2020
p,2019-04-01,Budaun,eA37kyBRRuZ,150,Bareilly Division,ANC,% ANC registered in First trimester,indicator_1,149,48.16545085107092,ANC,2020
p,2019-04-01,Budaun,eA37kyBRRuZ,150,Bareilly Division,communicable_diseases,Success rate of positive tuberculosis cases,indicator_2,149,100.0,communicable_diseases,2020
p,2019-04-01,Budaun,eA37kyBRRuZ,150,Bareilly Division,ANC,% of severe anaemic PW treated,indicator_4,149,32.92704469175057,ANC,2020
p,2019-04-01,Budaun,eA37kyBRRuZ,150,Bareilly Division,PNC,% of new born breastfed within one hour of birth,indicator_5,149,97.32243890252329,PNC,2020
p,2019-04-01,Budaun,eA37kyBRRuZ,150,Bareilly Division,delivery_care,% of live babies weighted at birth,indicator_6,149,96.41865181418726,delivery_care,2020
p,2019-04-01,Bareilly,vVqY3DPcpHf,150,Bareilly Division,ANC,% ANC registered in First trimester,indicator_1,150,65.38470379991264,ANC,2020
p,2019-04-01,Bareilly,vVqY3DPcpHf,150,Bareilly Division,communicable_diseases,Success rate of positive tuberculosis cases,indicator_2,150,100.0,communicable_diseases,2020
p,2019-04-01,Bareilly,vVqY3DPcpHf,150,Bareilly Division,ANC,% of severe anaemic PW treated,indicator_4,150,30.39319872476089,ANC,2020
p,2019-04-01,Bareilly,vVqY3DPcpHf,150,Bareilly Division,PNC,% of new born breastfed within one hour of birth,indicator_5,150,88.67594889440132,PNC,2020
p,2019-04-01,Bareilly,vVqY3DPcpHf,150,Bareilly Division,delivery_care,% of live babies weighted at birth,indicator_6,150,71.43847856818971,delivery_care,2020
p,2019-04-01,Mainpuri,XBLhrSWGytu,146,Agra Division,ANC,% ANC registered in First trimester,indicator_1,148,70.64074806238037,ANC,2020
p,2019-04-01,Mainpuri,XBLhrSWGytu,146,Agra Division,communicable_diseases,Success rate of positive tuberculosis cases,indicator_2,148,100.0,communicable_diseases,2020
p,2019-04-01,Mainpuri,XBLhrSWGytu,146,Agra Division,ANC,% of severe anaemic PW treated,indicator_4,148,38.133140376266276,ANC,2020
p,2019-04-01,Mainpuri,XBLhrSWGytu,146,Agra Division,PNC,% of new born breastfed within one hour of birth,indicator_5,148,95.85990743102884,PNC,2020
p,2019-04-01,Mainpuri,XBLhrSWGytu,146,Agra Division,delivery_care,% of live babies weighted at birth,indicator_6,148,97.2265753125114,delivery_care,2020
p,2019-04-01,Pilibhit,c96jwckSd6j,150,Bareilly Division,ANC,% ANC registered in First trimester,indicator_1,151,77.33834533389806,ANC,2020
p,2019-04-01,Pilibhit,c96jwckSd6j,150,Bareilly Division,communicable_diseases,Success rate of positive tuberculosis cases,indicator_2,151,100.0,communicable_diseases,2020
p,2019-04-01,Pilibhit,c96jwckSd6j,150,Bareilly Division,ANC,% of severe anaemic PW treated,indicator_4,151,30.57773602630343,ANC,2020
p,2019-04-01,Pilibhit,c96jwckSd6j,150,Bareilly Division,PNC,% of new born breastfed within one hour of birth,indicator_5,151,89.7363914544791,PNC,2020
p,2019-04-01,Pilibhit,c96jwckSd6j,150,Bareilly Division,delivery_care,% of live babies weighted at birth,indicator_6,151,91.39833244434463,delivery_care,2020
p,2019-04-01,Maharajganj,AcnMkNGgc3S,188,Gorakhpur Division,ANC,% ANC registered in First trimester,indicator_1,187,61.76661138177671,ANC,2020
p,2019-04-01,Maharajganj,AcnMkNGgc3S,188,Gorakhpur Division,communicable_diseases,Success rate of positive tuberculosis cases,indicator_2,187,100.0,communicable_diseases,2020
p,2019-04-01,Maharajganj,AcnMkNGgc3S,188,Gorakhpur Division,ANC,% of severe anaemic PW treated,indicator_4,187,13.083475298126062,ANC,2020
p,2019-04-01,Maharajganj,AcnMkNGgc3S,188,Gorakhpur Division,PNC,% of new born breastfed within one hour of birth,indicator_5,187,94.8692920652386,PNC,2020
p,2019-04-01,Maharajganj,AcnMkNGgc3S,188,Gorakhpur Division,delivery_care,% of live babies weighted at birth,indicator_6,187,95.5685307114842,delivery_care,2020
p,2019-04-01,Chandauli,ClbehnmwSec,195,Varanasi Division,ANC,% ANC registered in First trimester,indicator_1,196,76.0382004525489,ANC,2020
p,2019-04-01,Chandauli,ClbehnmwSec,195,Varanasi Division,communicable_diseases,Success rate of positive tuberculosis cases,indicator_2,196,100.0,communicable_diseases,2020
p,2019-04-01,Chandauli,ClbehnmwSec,195,Varanasi Division,ANC,% of severe anaemic PW treated,indicator_4,196,83.46627991298044,ANC,2020
p,2019-04-01,Chandauli,ClbehnmwSec,195,Varanasi Division,PNC,% of new born breastfed within one hour of birth,indicator_5,196,99.32362297003179,PNC,2020
p,2019-04-01,Chandauli,ClbehnmwSec,195,Varanasi Division,delivery_care,% of live babies weighted at birth,indicator_6,196,97.2442658630504,delivery_care,2020
p,2019-04-01,Auraiya,Bd6E8zkVvVt,161,Kanpur Nagar Division,ANC,% ANC registered in First trimester,indicator_1,162,54.94286053224722,ANC,2020
p,2019-04-01,Auraiya,Bd6E8zkVvVt,161,Kanpur Nagar Division,communicable_diseases,Success rate of positive tuberculosis cases,indicator_2,162,100.0,communicable_diseases,2020
p,2019-04-01,Auraiya,Bd6E8zkVvVt,161,Kanpur Nagar Division,ANC,% of severe anaemic PW treated,indicator_4,162,15.473790322580646,ANC,2020
p,2019-04-01,Auraiya,Bd6E8zkVvVt,161,Kanpur Nagar Division,PNC,% of new born breastfed within one hour of birth,indicator_5,162,97.84550977689285,PNC,2020
p,2019-04-01,Auraiya,Bd6E8zkVvVt,161,Kanpur Nagar Division,delivery_care,% of live babies weighted at birth,indicator_6,162,97.90677490172052,delivery_care,2020
p,2019-04-01,Sambhal,YzHpzrN0eLv,134,Moradabad Division,ANC,% ANC registered in First trimester,indicator_1,205,60.20047169811321,ANC,2020
p,2019-04-01,Sambhal,YzHpzrN0eLv,134,Moradabad Division,communicable_diseases,Success rate of positive tuberculosis cases,indicator_2,205,100.0,communicable_diseases,2020
p,2019-04-01,Sambhal,YzHpzrN0eLv,134,Moradabad Division,ANC,% of severe anaemic PW treated,indicator_4,205,46.34873323397913,ANC,2020
p,2019-04-01,Sambhal,YzHpzrN0eLv,134,Moradabad Division,PNC,% of new born breastfed within one hour of birth,indicator_5,205,87.92397911137745,PNC,2020
p,2019-04-01,Sambhal,YzHpzrN0eLv,134,Moradabad Division,delivery_care,% of live babies weighted at birth,indicator_6,205,88.19107953086208,delivery_care,2020
p,2019-04-01,Kasganj,hITp09XOBLZ,201,Alligarh Division,ANC,% ANC registered in First trimester,indicator_1,202,57.869778346121066,ANC,2020
p,2019-04-01,Kasganj,hITp09XOBLZ,201,Alligarh Division,communicable_diseases,Success rate of positive tuberculosis cases,indicator_2,202,100.0,communicable_diseases,2020
p,2019-04-01,Kasganj,hITp09XOBLZ,201,Alligarh Division,ANC,% of severe anaemic PW treated,indicator_4,202,24.48512585812357,ANC,2020
p,2019-04-01,Kasganj,hITp09XOBLZ,201,Alligarh Division,PNC,% of new born breastfed within one hour of birth,indicator_5,202,81.96824795631726,PNC,2020
p,2019-04-01,Kasganj,hITp09XOBLZ,201,Alligarh Division,delivery_care,% of live babies weighted at birth,indicator_6,202,82.80781491651675,delivery_care,2020
p,2019-04-01,Hamirpur,VSI7HobT5qL,170,Chitrakoot Division,ANC,% ANC registered in First trimester,indicator_1,168,61.269865821120604,ANC,2020
p,2019-04-01,Hamirpur,VSI7HobT5qL,170,Chitrakoot Division,communicable_diseases,Success rate of positive tuberculosis cases,indicator_2,168,100.0,communicable_diseases,2020
p,2019-04-01,Hamirpur,VSI7HobT5qL,170,Chitrakoot Division,ANC,% of severe anaemic PW treated,indicator_4,168,15.885022692889562,ANC,2020
p,2019-04-01,Hamirpur,VSI7HobT5qL,170,Chitrakoot Division,PNC,% of new born breastfed within one hour of birth,indicator_5,168,95.54610081861269,PNC,2020
p,2019-04-01,Hamirpur,VSI7HobT5qL,170,Chitrakoot Division,delivery_care,% of live babies weighted at birth,indicator_6,168,95.37376130978028,delivery_care,2020
p,2019-04-01,Jaunpur,gmw76vAUMqz,195,Varanasi Division,ANC,% ANC registered in First trimester,indicator_1,194,68.91631808077724,ANC,2020
p,2019-04-01,Jaunpur,gmw76vAUMqz,195,Varanasi Division,communicable_diseases,Success rate of positive tuberculosis cases,indicator_2,194,100.0,communicable_diseases,2020
p,2019-04-01,Jaunpur,gmw76vAUMqz,195,Varanasi Division,ANC,% of severe anaemic PW treated,indicator_4,194,66.71856753600622,ANC,2020
p,2019-04-01,Jaunpur,gmw76vAUMqz,195,Varanasi Division,PNC,% of new born breastfed within one hour of birth,indicator_5,194,88.86812302741505,PNC,2020
p,2019-04-01,Jaunpur,gmw76vAUMqz,195,Varanasi Division,delivery_care,% of live babies weighted at birth,indicator_6,194,95.53932792870846,delivery_care,2020
p,2019-04-01,Lalitpur,fagfcadhxej,165,Jhansi Division,ANC,% ANC registered in First trimester,indicator_1,167,52.93360506274804,ANC,2020
p,2019-04-01,Lalitpur,fagfcadhxej,165,Jhansi Division,communicable_diseases,Success rate of positive tuberculosis cases,indicator_2,167,100.0,communicable_diseases,2020
p,2019-04-01,Lalitpur,fagfcadhxej,165,Jhansi Division,ANC,% of severe anaemic PW treated,indicator_4,167,30.58419243986255,ANC,2020
p,2019-04-01,Lalitpur,fagfcadhxej,165,Jhansi Division,PNC,% of new born breastfed within one hour of birth,indicator_5,167,95.0045689917758,PNC,2020
p,2019-04-01,Lalitpur,fagfcadhxej,165,Jhansi Division,delivery_care,% of live babies weighted at birth,indicator_6,167,97.97441364605542,delivery_care,2020
p,2019-04-01,Jhansi,Mq751wBMqGF,165,Jhansi Division,ANC,% ANC registered in First trimester,indicator_1,166,57.034269282195,ANC,2020
p,2019-04-01,Jhansi,Mq751wBMqGF,165,Jhansi Division,communicable_diseases,Success rate of positive tuberculosis cases,indicator_2,166,100.0,communicable_diseases,2020
p,2019-04-01,Jhansi,Mq751wBMqGF,165,Jhansi Division,ANC,% of severe anaemic PW treated,indicator_4,166,92.99065420560748,ANC,2020
p,2019-04-01,Jhansi,Mq751wBMqGF,165,Jhansi Division,PNC,% of new born breastfed within one hour of birth,indicator_5,166,97.94039121669479,PNC,2020
p,2019-04-01,Jhansi,Mq751wBMqGF,165,Jhansi Division,delivery_care,% of live babies weighted at birth,indicator_6,166,99.8338146352095,delivery_care,2020
p,2020-04-01,Azamgarh,NjckKfm3g0k,193,Azamgarh Division,ANC,% ANC registered in First trimester,indicator_1,191,63.20943992926854,ANC,2021
p,2020-04-01,Azamgarh,NjckKfm3g0k,193,Azamgarh Division,communicable_diseases,Success rate of positive tuberculosis cases,indicator_2,191,100.0,communicable_diseases,2021
p,2020-04-01,Azamgarh,NjckKfm3g0k,193,Azamgarh Division,ANC,% of severe anaemic PW treated,indicator_4,191,14.539877300613494,ANC,2021
p,2020-04-01,Azamgarh,NjckKfm3g0k,193,Azamgarh Division,PNC,% of new born breastfed within one hour of birth,indicator_5,191,95.99601345459075,PNC,2021
p,2020-04-01,Azamgarh,NjckKfm3g0k,193,Azamgarh Division,delivery_care,% of live babies weighted at birth,indicator_6,191,95.78422822972469,delivery_care,2021
p,2020-04-01,Bahraich,iE0E3nLioFr,182,Gonda Division,ANC,% ANC registered in First trimester,indicator_1,180,76.75077758467654,ANC,2021
p,2020-04-01,Bahraich,iE0E3nLioFr,182,Gonda Division,communicable_diseases,Success rate of positive tuberculosis cases,indicator_2,180,100.0,communicable_diseases,2021
p,2020-04-01,Bahraich,iE0E3nLioFr,182,Gonda Division,ANC,% of severe anaemic PW treated,indicator_4,180,96.38663053297199,ANC,2021
p,2020-04-01,Bahraich,iE0E3nLioFr,182,Gonda Division,PNC,% of new born breastfed within one hour of birth,indicator_5,180,98.7093526819632,PNC,2021
p,2020-04-01,Bahraich,iE0E3nLioFr,182,Gonda Division,delivery_care,% of live babies weighted at birth,indicator_6,180,99.35610089652029,delivery_care,2021
p,2020-04-01,Chitrakoot,i2fSZZ3QAJJ,170,Chitrakoot Division,ANC,% ANC registered in First trimester,indicator_1,171,79.02100204095069,ANC,2021
p,2020-04-01,Chitrakoot,i2fSZZ3QAJJ,170,Chitrakoot Division,communicable_diseases,Success rate of positive tuberculosis cases,indicator_2,171,100.0,communicable_diseases,2021
p,2020-04-01,Chitrakoot,i2fSZZ3QAJJ,170,Chitrakoot Division,ANC,% of severe anaemic PW treated,indicator_4,171,46.76826064109302,ANC,2021
p,2020-04-01,Chitrakoot,i2fSZZ3QAJJ,170,Chitrakoot Division,PNC,% of new born breastfed within one hour of birth,indicator_5,171,91.937441643324,PNC,2021
p,2020-04-01,Chitrakoot,i2fSZZ3QAJJ,170,Chitrakoot Division,delivery_care,% of live babies weighted at birth,indicator_6,171,95.56022408963585,delivery_care,2021
p,2020-04-01,Etawah,Pm0jLk6EAiE,161,Kanpur Nagar Division,ANC,% ANC registered in First trimester,indicator_1,161,39.40992958374185,ANC,2021
p,2020-04-01,Etawah,Pm0jLk6EAiE,161,Kanpur Nagar Division,communicable_diseases,Success rate of positive tuberculosis cases,indicator_2,161,100.0,communicable_diseases,2021
p,2020-04-01,Etawah,Pm0jLk6EAiE,161,Kanpur Nagar Division,ANC,% of severe anaemic PW treated,indicator_4,161,42.03961848862803,ANC,2021
p,2020-04-01,Etawah,Pm0jLk6EAiE,161,Kanpur Nagar Division,PNC,% of new born breastfed within one hour of birth,indicator_5,161,94.20435174972424,PNC,2021
p,2020-04-01,Etawah,Pm0jLk6EAiE,161,Kanpur Nagar Division,delivery_care,% of live babies weighted at birth,indicator_6,161,94.39486613857414,delivery_care,2021
p,2020-04-01,Prayagraj,tXgaew1Pd2Y,172,Prayagraj Division,ANC,% ANC registered in First trimester,indicator_1,175,48.117141980987434,ANC,2021
p,2020-04-01,Prayagraj,tXgaew1Pd2Y,172,Prayagraj Division,communicable_diseases,Success rate of positive tuberculosis cases,indicator_2,175,100.0,communicable_diseases,2021
p,2020-04-01,Prayagraj,tXgaew1Pd2Y,172,Prayagraj Division,ANC,% of severe anaemic PW treated,indicator_4,175,23.86263574992662,ANC,2021
p,2020-04-01,Prayagraj,tXgaew1Pd2Y,172,Prayagraj Division,PNC,% of new born breastfed within one hour of birth,indicator_5,175,97.11808638428995,PNC,2021
p,2020-04-01,Prayagraj,tXgaew1Pd2Y,172,Prayagraj Division,delivery_care,% of live babies weighted at birth,indicator_6,175,97.68005431660313,delivery_care,2021
p,2020-04-01,Kaushambi,PAj0oVY0Dxu,172,Prayagraj Division,ANC,% ANC registered in First trimester,indicator_1,174,55.70025722744407,ANC,2021
p,2020-04-01,Kaushambi,PAj0oVY0Dxu,172,Prayagraj Division,communicable_diseases,Success rate of positive tuberculosis cases,indicator_2,174,100.0,communicable_diseases,2021
p,2020-04-01,Kaushambi,PAj0oVY0Dxu,172,Prayagraj Division,ANC,% of severe anaemic PW treated,indicator_4,174,23.2829373650108,ANC,2021
p,2020-04-01,Kaushambi,PAj0oVY0Dxu,172,Prayagraj Division,PNC,% of new born breastfed within one hour of birth,indicator_5,174,88.83108164806579,PNC,2021
p,2020-04-01,Kaushambi,PAj0oVY0Dxu,172,Prayagraj Division,delivery_care,% of live babies weighted at birth,indicator_6,174,88.66045705015243,delivery_care,2021
p,2020-04-01,Ghazipur,dScWdMRN8PL,195,Varanasi Division,ANC,% ANC registered in First trimester,indicator_1,195,69.82396989061826,ANC,2021
p,2020-04-01,Ghazipur,dScWdMRN8PL,195,Varanasi Division,communicable_diseases,Success rate of positive tuberculosis cases,indicator_2,195,100.0,communicable_diseases,2021
p,2020-04-01,Ghazipur,dScWdMRN8PL,195,Varanasi Division,ANC,% of severe anaemic PW treated,indicator_4,195,59.35185185185186,ANC,2021
p,2020-04-01,Ghazipur,dScWdMRN8PL,195,Varanasi Division,PNC,% of new born breastfed within one hour of birth,indicator_5,195,80.40081699631655,PNC,2021
p,2020-04-01,Ghazipur,dScWdMRN8PL,195,Varanasi Division,delivery_care,% of live babies weighted at birth,indicator_6,195,80.85295812021019,delivery_care,2021
p,2020-04-01,Sultanpur,o4ZQTVcMI7U,176,Ayodhya Division,ANC,% ANC registered in First trimester,indicator_1,179,56.52047987073367,ANC,2021
p,2020-04-01,Sultanpur,o4ZQTVcMI7U,176,Ayodhya Division,communicable_diseases,Success rate of positive tuberculosis cases,indicator_2,179,100.0,communicable_diseases,2021
p,2020-04-01,Sultanpur,o4ZQTVcMI7U,176,Ayodhya Division,ANC,% of severe anaemic PW treated,indicator_4,179,52.50645994832042,ANC,2021
p,2020-04-01,Sultanpur,o4ZQTVcMI7U,176,Ayodhya Division,PNC,% of new born breastfed within one hour of birth,indicator_5,179,93.45282718825962,PNC,2021
p,2020-04-01,Sultanpur,o4ZQTVcMI7U,176,Ayodhya Division,delivery_care,% of live babies weighted at birth,indicator_6,179,98.01676548763037,delivery_care,2021
p,2020-04-01,Aligarh,frD2HOp3wAs,201,Alligarh Division,ANC,% ANC registered in First trimester,indicator_1,143,55.72732522211303,ANC,2021
p,2020-04-01,Aligarh,frD2HOp3wAs,201,Alligarh Division,communicable_diseases,Success rate of positive tuberculosis cases,indicator_2,143,100.0,communicable_diseases,2021
p,2020-04-01,Aligarh,frD2HOp3wAs,201,Alligarh Division,ANC,% of severe anaemic PW treated,indicator_4,143,50.70539419087136,ANC,2021
p,2020-04-01,Aligarh,frD2HOp3wAs,201,Alligarh Division,PNC,% of new born breastfed within one hour of birth,indicator_5,143,95.28149810928484,PNC,2021
p,2020-04-01,Aligarh,frD2HOp3wAs,201,Alligarh Division,delivery_care,% of live babies weighted at birth,indicator_6,143,96.44153848471608,delivery_care,2021
p,2020-04-01,Fatehpur,ibLiLcaKzw2,172,Prayagraj Division,ANC,% ANC registered in First trimester,indicator_1,172,75.63911242521027,ANC,2021
p,2020-04-01,Fatehpur,ibLiLcaKzw2,172,Prayagraj Division,communicable_diseases,Success rate of positive tuberculosis cases,indicator_2,172,100.0,communicable_diseases,2021
p,2020-04-01,Fatehpur,ibLiLcaKzw2,172,Prayagraj Division,ANC,% of severe anaemic PW treated,indicator_4,172,44.808184143222505,ANC,2021
p,2020-04-01,Fatehpur,ibLiLcaKzw2,172,Prayagraj Division,PNC,% of new born breastfed within one hour of birth,indicator_5,172,96.25020391992355,PNC,2021
p,2020-04-01,Fatehpur,ibLiLcaKzw2,172,Prayagraj Division,delivery_care,% of live babies weighted at birth,indicator_6,172,96.31545829546249,delivery_care,2021
p,2020-04-01,Hardoi,MTIkUw5q5pX,155,Lucknow Division,ANC,% ANC registered in First trimester,indicator_1,155,64.02902937332324,ANC,2021
p,2020-04-01,Hardoi,MTIkUw5q5pX,155,Lucknow Division,communicable_diseases,Success rate of positive tuberculosis cases,indicator_2,155,100.0,communicable_diseases,2021
p,2020-04-01,Hardoi,MTIkUw5q5pX,155,Lucknow Division,ANC,% of severe anaemic PW treated,indicator_4,155,45.791044776119406,ANC,2021
p,2020-04-01,Hardoi,MTIkUw5q5pX,155,Lucknow Division,PNC,% of new born breastfed within one hour of birth,indicator_5,155,89.84477834347449,PNC,2021
p,2020-04-01,Hardoi,MTIkUw5q5pX,155,Lucknow Division,delivery_care,% of live babies weighted at birth,indicator_6,155,92.82751769526884,delivery_care,2021
p,2020-04-01,Gautam Buddha Nagar,bNmwkrQeP3e,140,Meerut Division,ANC,% ANC registered in First trimester,indicator_1,141,62.970656518931,ANC,2021
p,2020-04-01,Gautam Buddha Nagar,bNmwkrQeP3e,140,Meerut Division,communicable_diseases,Success rate of positive tuberculosis cases,indicator_2,141,100.0,communicable_diseases,2021
p,2020-04-01,Gautam Buddha Nagar,bNmwkrQeP3e,140,Meerut Division,ANC,% of severe anaemic PW treated,indicator_4,141,95.153160139589,ANC,2021
p,2020-04-01,Gautam Buddha Nagar,bNmwkrQeP3e,140,Meerut Division,PNC,% of new born breastfed within one hour of birth,indicator_5,141,73.8254394937793,PNC,2021
p,2020-04-01,Gautam Buddha Nagar,bNmwkrQeP3e,140,Meerut Division,delivery_care,% of live babies weighted at birth,indicator_6,141,99.80969146228323,delivery_care,2021
p,2020-04-01,Ballia,oNDvGBE5fLq,193,Azamgarh Division,ANC,% ANC registered in First trimester,indicator_1,193,60.82162324348652,ANC,2021
p,2020-04-01,Ballia,oNDvGBE5fLq,193,Azamgarh Division,communicable_diseases,Success rate of positive tuberculosis cases,indicator_2,193,100.0,communicable_diseases,2021
p,2020-04-01,Ballia,oNDvGBE5fLq,193,Azamgarh Division,ANC,% of severe anaemic PW treated,indicator_4,193,28.617449664429532,ANC,2021
p,2020-04-01,Ballia,oNDvGBE5fLq,193,Azamgarh Division,PNC,% of new born breastfed within one hour of birth,indicator_5,193,95.0715648854962,PNC,2021
p,2020-04-01,Ballia,oNDvGBE5fLq,193,Azamgarh Division,delivery_care,% of live babies weighted at birth,indicator_6,193,95.99713740458016,delivery_care,2021
p,2020-04-01,Firozabad,eJTsuE56XDF,146,Agra Division,ANC,% ANC registered in First trimester,indicator_1,147,62.007944713500564,ANC,2021
p,2020-04-01,Firozabad,eJTsuE56XDF,146,Agra Division,communicable_diseases,Success rate of positive tuberculosis cases,indicator_2,147,100.0,communicable_diseases,2021
p,2020-04-01,Firozabad,eJTsuE56XDF,146,Agra Division,ANC,% of severe anaemic PW treated,indicator_4,147,40.2896398069068,ANC,2021
p,2020-04-01,Firozabad,eJTsuE56XDF,146,Agra Division,PNC,% of new born breastfed within one hour of birth,indicator_5,147,82.51729643427355,PNC,2021
p,2020-04-01,Firozabad,eJTsuE56XDF,146,Agra Division,delivery_care,% of live babies weighted at birth,indicator_6,147,76.01856779610905,delivery_care,2021
p,2020-04-01,Lucknow,MfHac5N78aK,155,Lucknow Division,ANC,% ANC registered in First trimester,indicator_1,157,60.322869407767584,ANC,2021
p,2020-04-01,Lucknow,MfHac5N78aK,155,Lucknow Division,communicable_diseases,Success rate of positive tuberculosis cases,indicator_2,157,100.0,communicable_diseases,2021
p,2020-04-01,Lucknow,MfHac5N78aK,155,Lucknow Division,ANC,% of severe anaemic PW treated,indicator_4,157,60.45836959675079,ANC,2021
p,2020-04-01,Lucknow,MfHac5N78aK,155,Lucknow Division,PNC,% of new born breastfed within one hour of birth,indicator_5,157,87.88778348309799,PNC,2021
p,2020-04-01,Lucknow,MfHac5N78aK,155,Lucknow Division,delivery_care,% of live babies weighted at birth,indicator_6,157,95.20485665382972,delivery_care,2021
p,2020-04-01,Balrampur,uS0pNSxN3sS,182,Gonda Division,ANC,% ANC registered in First trimester,indicator_1,182,83.82697169251895,ANC,2021
p,2020-04-01,Balrampur,uS0pNSxN3sS,182,Gonda Division,communicable_diseases,Success rate of positive tuberculosis cases,indicator_2,182,100.0,communicable_diseases,2021
p,2020-04-01,Balrampur,uS0pNSxN3sS,182,Gonda Division,ANC,% of severe anaemic PW treated,indicator_4,182,92.77125279642055,ANC,2021
p,2020-04-01,Balrampur,uS0pNSxN3sS,182,Gonda Division,PNC,% of new born breastfed within one hour of birth,indicator_5,182,96.65456079808315,PNC,2021
p,2020-04-01,Balrampur,uS0pNSxN3sS,182,Gonda Division,delivery_care,% of live babies weighted at birth,indicator_6,182,98.30467608010972,delivery_care,2021
p,2020-04-01,Maunathbhanjan,CBSB9v92AwT,193,Azamgarh Division,ANC,% ANC registered in First trimester,indicator_1,192,40.43757552629905,ANC,2021
p,2020-04-01,Maunathbhanjan,CBSB9v92AwT,193,Azamgarh Division,communicable_diseases,Success rate of positive tuberculosis cases,indicator_2,192,100.0,communicable_diseases,2021
p,2020-04-01,Maunathbhanjan,CBSB9v92AwT,193,Azamgarh Division,ANC,% of severe anaemic PW treated,indicator_4,192,6.474480151228732,ANC,2021
p,2020-04-01,Maunathbhanjan,CBSB9v92AwT,193,Azamgarh Division,PNC,% of new born breastfed within one hour of birth,indicator_5,192,70.94747651695914,PNC,2021
p,2020-04-01,Maunathbhanjan,CBSB9v92AwT,193,Azamgarh Division,delivery_care,% of live babies weighted at birth,indicator_6,192,72.575432661814,delivery_care,2021
p,2020-04-01,Bagpat,HJIS3IrQ0Nj,140,Meerut Division,ANC,% ANC registered in First trimester,indicator_1,139,86.63311232638048,ANC,2021
p,2020-04-01,Bagpat,HJIS3IrQ0Nj,140,Meerut Division,communicable_diseases,Success rate of positive tuberculosis cases,indicator_2,139,100.0,communicable_diseases,2021
p,2020-04-01,Bagpat,HJIS3IrQ0Nj,140,Meerut Division,ANC,% of severe anaemic PW treated,indicator_4,139,52.887537993920965,ANC,2021
p,2020-04-01,Bagpat,HJIS3IrQ0Nj,140,Meerut Division,PNC,% of new born breastfed within one hour of birth,indicator_5,139,95.24240595453631,PNC,2021
p,2020-04-01,Bagpat,HJIS3IrQ0Nj,140,Meerut Division,delivery_care,% of live babies weighted at birth,indicator_6,139,97.97492120968285,delivery_care,2021
p,2020-04-01,Sant Kabir Nagar,fe1yBApr2sl,185,Basti Division,ANC,% ANC registered in First trimester,indicator_1,186,59.93332025887429,ANC,2021
p,2020-04-01,Sant Kabir Nagar,fe1yBApr2sl,185,Basti Division,communicable_diseases,Success rate of positive tuberculosis cases,indicator_2,186,100.0,communicable_diseases,2021
p,2020-04-01,Sant Kabir Nagar,fe1yBApr2sl,185,Basti Division,ANC,% of severe anaemic PW treated,indicator_4,186,27.203065134099607,ANC,2021
p,2020-04-01,Sant Kabir Nagar,fe1yBApr2sl,185,Basti Division,PNC,% of new born breastfed within one hour of birth,indicator_5,186,96.11968766764022,PNC,2021
p,2020-04-01,Sant Kabir Nagar,fe1yBApr2sl,185,Basti Division,delivery_care,% of live babies weighted at birth,indicator_6,186,96.52500447040592,delivery_care,2021
p,2020-04-01,Mirzapur,UAicdMLyuk4,200,Mirzapur Division,ANC,% ANC registered in First trimester,indicator_1,199,64.4224144977289,ANC,2021
p,2020-04-01,Mirzapur,UAicdMLyuk4,200,Mirzapur Division,communicable_diseases,Success rate of positive tuberculosis cases,indicator_2,199,100.0,communicable_diseases,2021
p,2020-04-01,Mirzapur,UAicdMLyuk4,200,Mirzapur Division,ANC,% of severe anaemic PW treated,indicator_4,199,23.343079922027286,ANC,2021
p,2020-04-01,Mirzapur,UAicdMLyuk4,200,Mirzapur Division,PNC,% of new born breastfed within one hour of birth,indicator_5,199,93.76691255513956,PNC,2021
p,2020-04-01,Mirzapur,UAicdMLyuk4,200,Mirzapur Division,delivery_care,% of live babies weighted at birth,indicator_6,199,99.15668903139714,delivery_care,2021
p,2020-04-01,Kannauj,IhQbDYRiF8w,161,Kanpur Nagar Division,ANC,% ANC registered in First trimester,indicator_1,160,59.032658925866954,ANC,2021
p,2020-04-01,Kannauj,IhQbDYRiF8w,161,Kanpur Nagar Division,communicable_diseases,Success rate of positive tuberculosis cases,indicator_2,160,100.0,communicable_diseases,2021
p,2020-04-01,Kannauj,IhQbDYRiF8w,161,Kanpur Nagar Division,ANC,% of severe anaemic PW treated,indicator_4,160,30.76923076923077,ANC,2021
p,2020-04-01,Kannauj,IhQbDYRiF8w,161,Kanpur Nagar Division,PNC,% of new born breastfed within one hour of birth,indicator_5,160,96.23252876403878,PNC,2021
p,2020-04-01,Kannauj,IhQbDYRiF8w,161,Kanpur Nagar Division,delivery_care,% of live babies weighted at birth,indicator_6,160,97.39407419611722,delivery_care,2021
p,2020-04-01,Unnav,aT03mfdlNiF,155,Lucknow Division,ANC,% ANC registered in First trimester,indicator_1,156,75.23336449510946,ANC,2021
p,2020-04-01,Unnav,aT03mfdlNiF,155,Lucknow Division,communicable_diseases,Success rate of positive tuberculosis cases,indicator_2,156,100.0,communicable_diseases,2021
p,2020-04-01,Unnav,aT03mfdlNiF,155,Lucknow Division,ANC,% of severe anaemic PW treated,indicator_4,156,56.734693877551024,ANC,2021
p,2020-04-01,Unnav,aT03mfdlNiF,155,Lucknow Division,PNC,% of new born breastfed within one hour of birth,indicator_5,156,92.50927932640808,PNC,2021
p,2020-04-01,Unnav,aT03mfdlNiF,155,Lucknow Division,delivery_care,% of live babies weighted at birth,indicator_6,156,91.60252098746979,delivery_care,2021
p,2020-04-01,Moradabad,YQNQoPjAIpV,134,Moradabad Division,ANC,% ANC registered in First trimester,indicator_1,135,51.59987834422293,ANC,2021
p,2020-04-01,Moradabad,YQNQoPjAIpV,134,Moradabad Division,communicable_diseases,Success rate of positive tuberculosis cases,indicator_2,135,100.0,communicable_diseases,2021
p,2020-04-01,Moradabad,YQNQoPjAIpV,134,Moradabad Division,ANC,% of severe anaemic PW treated,indicator_4,135,30.793319415448853,ANC,2021
p,2020-04-01,Moradabad,YQNQoPjAIpV,134,Moradabad Division,PNC,% of new born breastfed within one hour of birth,indicator_5,135,97.43261630167164,PNC,2021
p,2020-04-01,Moradabad,YQNQoPjAIpV,134,Moradabad Division,delivery_care,% of live babies weighted at birth,indicator_6,135,98.36076195412727,delivery_care,2021
p,2020-04-01,Bijnor,uCYjHW7FuGG,134,Moradabad Division,ANC,% ANC registered in First trimester,indicator_1,134,75.25837541644039,ANC,2021
p,2020-04-01,Bijnor,uCYjHW7FuGG,134,Moradabad Division,communicable_diseases,Success rate of positive tuberculosis cases,indicator_2,134,100.0,communicable_diseases,2021
p,2020-04-01,Bijnor,uCYjHW7FuGG,134,Moradabad Division,ANC,% of severe anaemic PW treated,indicator_4,134,22.182397451214648,ANC,2021
p,2020-04-01,Bijnor,uCYjHW7FuGG,134,Moradabad Division,PNC,% of new born breastfed within one hour of birth,indicator_5,134,98.26765903061936,PNC,2021
p,2020-04-01,Bijnor,uCYjHW7FuGG,134,Moradabad Division,delivery_care,% of live babies weighted at birth,indicator_6,134,99.1064428477838,delivery_care,2021
p,2020-04-01,Shamli,AdiUcz9BXhx,132,Saharanpur Division,ANC,% ANC registered in First trimester,indicator_1,203,66.81658468025299,ANC,2021
p,2020-04-01,Shamli,AdiUcz9BXhx,132,Saharanpur Division,communicable_diseases,Success rate of positive tuberculosis cases,indicator_2,203,100.0,communicable_diseases,2021
p,2020-04-01,Shamli,AdiUcz9BXhx,132,Saharanpur Division,ANC,% of severe anaemic PW treated,indicator_4,203,71.54548316021405,ANC,2021
p,2020-04-01,Shamli,AdiUcz9BXhx,132,Saharanpur Division,PNC,% of new born breastfed within one hour of birth,indicator_5,203,98.058218212574,PNC,2021
p,2020-04-01,Shamli,AdiUcz9BXhx,132,Saharanpur Division,delivery_care,% of live babies weighted at birth,indicator_6,203,98.22737524668732,delivery_care,2021
p,2020-04-01,Bhadohi,PeUY1vj02UQ,200,Mirzapur Division,ANC,% ANC registered in First trimester,indicator_1,198,70.93924574256278,ANC,2021
p,2020-04-01,Bhadohi,PeUY1vj02UQ,200,Mirzapur Division,communicable_diseases,Success rate of positive tuberculosis cases,indicator_2,198,100.0,communicable_diseases,2021
p,2020-04-01,Bhadohi,PeUY1vj02UQ,200,Mirzapur Division,ANC,% of severe anaemic PW treated,indicator_4,198,15.714285714285715,ANC,2021
p,2020-04-01,Bhadohi,PeUY1vj02UQ,200,Mirzapur Division,PNC,% of new born breastfed within one hour of birth,indicator_5,198,96.87921980495123,PNC,2021
p,2020-04-01,Bhadohi,PeUY1vj02UQ,200,Mirzapur Division,delivery_care,% of live babies weighted at birth,indicator_6,198,98.04201050262566,delivery_care,2021
p,2020-04-01,Gonda,y8WarEkWCul,182,Gonda Division,ANC,% ANC registered in First trimester,indicator_1,183,54.306618465440934,ANC,2021
p,2020-04-01,Gonda,y8WarEkWCul,182,Gonda Division,communicable_diseases,Success rate of positive tuberculosis cases,indicator_2,183,100.0,communicable_diseases,2021
p,2020-04-01,Gonda,y8WarEkWCul,182,Gonda Division,ANC,% of severe anaemic PW treated,indicator_4,183,34.167100920618374,ANC,2021
p,2020-04-01,Gonda,y8WarEkWCul,182,Gonda Division,PNC,% of new born breastfed within one hour of birth,indicator_5,183,87.94749403341288,PNC,2021
p,2020-04-01,Gonda,y8WarEkWCul,182,Gonda Division,delivery_care,% of live babies weighted at birth,indicator_6,183,89.50462774317482,delivery_care,2021
p,2020-04-01,Agra,N5WWbRtsjWp,146,Agra Division,ANC,% ANC registered in First trimester,indicator_1,146,57.52218155754172,ANC,2021
p,2020-04-01,Agra,N5WWbRtsjWp,146,Agra Division,communicable_diseases,Success rate of positive tuberculosis cases,indicator_2,146,100.0,communicable_diseases,2021
p,2020-04-01,Agra,N5WWbRtsjWp,146,Agra Division,ANC,% of severe anaemic PW treated,indicator_4,146,39.71746178786475,ANC,2021
p,2020-04-01,Agra,N5WWbRtsjWp,146,Agra Division,PNC,% of new born breastfed within one hour of birth,indicator_5,146,97.0798928200361,PNC,2021
p,2020-04-01,Agra,N5WWbRtsjWp,146,Agra Division,delivery_care,% of live babies weighted at birth,indicator_6,146,97.48090629044313,delivery_care,2021
p,2020-04-01,Deoria,Tf9b9qcbghH,188,Gorakhpur Division,ANC,% ANC registered in First trimester,indicator_1,190,51.57226984379618,ANC,2021
p,2020-04-01,Deoria,Tf9b9qcbghH,188,Gorakhpur Division,communicable_diseases,Success rate of positive tuberculosis cases,indicator_2,190,100.0,communicable_diseases,2021
p,2020-04-01,Deoria,Tf9b9qcbghH,188,Gorakhpur Division,ANC,% of severe anaemic PW treated,indicator_4,190,4.744958481613286,ANC,2021
p,2020-04-01,Deoria,Tf9b9qcbghH,188,Gorakhpur Division,PNC,% of new born breastfed within one hour of birth,indicator_5,190,90.01127132807336,PNC,2021
p,2020-04-01,Deoria,Tf9b9qcbghH,188,Gorakhpur Division,delivery_care,% of live babies weighted at birth,indicator_6,190,90.99654086828093,delivery_care,2021
p,2020-04-01,Ambedkar Nagar,jM27ji8tyrM,176,Ayodhya Division,ANC,% ANC registered in First trimester,indicator_1,178,69.52660391477295,ANC,2021
p,2020-04-01,Ambedkar Nagar,jM27ji8tyrM,176,Ayodhya Division,communicable_diseases,Success rate of positive tuberculosis cases,indicator_2,178,100.0,communicable_diseases,2021
p,2020-04-01,Ambedkar Nagar,jM27ji8tyrM,176,Ayodhya Division,ANC,% of severe anaemic PW treated,indicator_4,178,75.88152327221441,ANC,2021
p,2020-04-01,Ambedkar Nagar,jM27ji8tyrM,176,Ayodhya Division,PNC,% of new born breastfed within one hour of birth,indicator_5,178,97.6554476363743,PNC,2021
p,2020-04-01,Ambedkar Nagar,jM27ji8tyrM,176,Ayodhya Division,delivery_care,% of live babies weighted at birth,indicator_6,178,98.50347721470699,delivery_care,2021
p,2020-04-01,Meerut,v8YGmR7nOdj,140,Meerut Division,ANC,% ANC registered in First trimester,indicator_1,138,43.243762457075604,ANC,2021
p,2020-04-01,Meerut,v8YGmR7nOdj,140,Meerut Division,communicable_diseases,Success rate of positive tuberculosis cases,indicator_2,138,100.0,communicable_diseases,2021
p,2020-04-01,Meerut,v8YGmR7nOdj,140,Meerut Division,ANC,% of severe anaemic PW treated,indicator_4,138,25.555122711336193,ANC,2021
p,2020-04-01,Meerut,v8YGmR7nOdj,140,Meerut Division,PNC,% of new born breastfed within one hour of birth,indicator_5,138,86.97337743317247,PNC,2021
p,2020-04-01,Meerut,v8YGmR7nOdj,140,Meerut Division,delivery_care,% of live babies weighted at birth,indicator_6,138,93.36875779428509,delivery_care,2021
p,2020-04-01,Gorakhpur,vR85cHdsw1w,188,Gorakhpur Division,ANC,% ANC registered in First trimester,indicator_1,188,41.963825073594116,ANC,2021
p,2020-04-01,Gorakhpur,vR85cHdsw1w,188,Gorakhpur Division,communicable_diseases,Success rate of positive tuberculosis cases,indicator_2,188,100.0,communicable_diseases,2021
p,2020-04-01,Gorakhpur,vR85cHdsw1w,188,Gorakhpur Division,ANC,% of severe anaemic PW treated,indicator_4,188,9.433962264150944,ANC,2021
p,2020-04-01,Gorakhpur,vR85cHdsw1w,188,Gorakhpur Division,PNC,% of new born breastfed within one hour of birth,indicator_5,188,94.79247371333702,PNC,2021
p,2020-04-01,Gorakhpur,vR85cHdsw1w,188,Gorakhpur Division,delivery_care,% of live babies weighted at birth,indicator_6,188,96.57627743958679,delivery_care,2021
p,2020-04-01,Varanasi,LeuBT7KfuuA,195,Varanasi Division,ANC,% ANC registered in First trimester,indicator_1,197,52.70605272200678,ANC,2021
p,2020-04-01,Varanasi,LeuBT7KfuuA,195,Varanasi Division,communicable_diseases,Success rate of positive tuberculosis cases,indicator_2,197,100.0,communicable_diseases,2021
p,2020-04-01,Varanasi,LeuBT7KfuuA,195,Varanasi Division,ANC,% of severe anaemic PW treated,indicator_4,197,42.1792618629174,ANC,2021
p,2020-04-01,Varanasi,LeuBT7KfuuA,195,Varanasi Division,PNC,% of new born breastfed within one hour of birth,indicator_5,197,91.91547715514557,PNC,2021
p,2020-04-01,Varanasi,LeuBT7KfuuA,195,Varanasi Division,delivery_care,% of live babies weighted at birth,indicator_6,197,96.45951505329428,delivery_care,2021
p,2020-04-01,Amroha,hgquAmZaNBu,134,Moradabad Division,ANC,% ANC registered in First trimester,indicator_1,137,58.83403732718037,ANC,2021
p,2020-04-01,Amroha,hgquAmZaNBu,134,Moradabad Division,communicable_diseases,Success rate of positive tuberculosis cases,indicator_2,137,100.0,communicable_diseases,2021
p,2020-04-01,Amroha,hgquAmZaNBu,134,Moradabad Division,ANC,% of severe anaemic PW treated,indicator_4,137,15.894868585732164,ANC,2021
p,2020-04-01,Amroha,hgquAmZaNBu,134,Moradabad Division,PNC,% of new born breastfed within one hour of birth,indicator_5,137,93.890161014793,PNC,2021
p,2020-04-01,Amroha,hgquAmZaNBu,134,Moradabad Division,delivery_care,% of live babies weighted at birth,indicator_6,137,93.48308072547523,delivery_care,2021
p,2020-04-01,Farrukhabad,uEEwlAGZXWW,161,Kanpur Nagar Division,ANC,% ANC registered in First trimester,indicator_1,159,46.576361050045264,ANC,2021
p,2020-04-01,Farrukhabad,uEEwlAGZXWW,161,Kanpur Nagar Division,communicable_diseases,Success rate of positive tuberculosis cases,indicator_2,159,100.0,communicable_diseases,2021
p,2020-04-01,Farrukhabad,uEEwlAGZXWW,161,Kanpur Nagar Division,ANC,% of severe anaemic PW treated,indicator_4,159,17.529880478087648,ANC,2021
p,2020-04-01,Farrukhabad,uEEwlAGZXWW,161,Kanpur Nagar Division,PNC,% of new born breastfed within one hour of birth,indicator_5,159,81.55807112933417,PNC,2021
p,2020-04-01,Farrukhabad,uEEwlAGZXWW,161,Kanpur Nagar Division,delivery_care,% of live babies weighted at birth,indicator_6,159,80.96978340315536,delivery_care,2021
p,2020-04-01,Muzaffarnagar,MVQs2RrS1Nw,132,Saharanpur Division,ANC,% ANC registered in First trimester,indicator_1,133,49.451916258848975,ANC,2021
p,2020-04-01,Muzaffarnagar,MVQs2RrS1Nw,132,Saharanpur Division,communicable_diseases,Success rate of positive tuberculosis cases,indicator_2,133,100.0,communicable_diseases,2021
p,2020-04-01,Muzaffarnagar,MVQs2RrS1Nw,132,Saharanpur Division,ANC,% of severe anaemic PW treated,indicator_4,133,46.1718293395675,ANC,2021
p,2020-04-01,Muzaffarnagar,MVQs2RrS1Nw,132,Saharanpur Division,PNC,% of new born breastfed within one hour of birth,indicator_5,133,94.28048966322956,PNC,2021
p,2020-04-01,Muzaffarnagar,MVQs2RrS1Nw,132,Saharanpur Division,delivery_care,% of live babies weighted at birth,indicator_6,133,96.8744179746364,delivery_care,2021
p,2020-04-01,Ayodhya,b4XkXzoGqFY,176,Ayodhya Division,ANC,% ANC registered in First trimester,indicator_1,177,55.068114511352434,ANC,2021
p,2020-04-01,Ayodhya,b4XkXzoGqFY,176,Ayodhya Division,communicable_diseases,Success rate of positive tuberculosis cases,indicator_2,177,100.0,communicable_diseases,2021
p,2020-04-01,Ayodhya,b4XkXzoGqFY,176,Ayodhya Division,ANC,% of severe anaemic PW treated,indicator_4,177,35.44511196067723,ANC,2021
p,2020-04-01,Ayodhya,b4XkXzoGqFY,176,Ayodhya Division,PNC,% of new born breastfed within one hour of birth,indicator_5,177,83.65587810032254,PNC,2021
p,2020-04-01,Ayodhya,b4XkXzoGqFY,176,Ayodhya Division,delivery_care,% of live babies weighted at birth,indicator_6,177,86.29740851963075,delivery_care,2021
p,2020-04-01,Ghaziabad,M5NHlfAaKYI,140,Meerut Division,ANC,% ANC registered in First trimester,indicator_1,140,69.24617025030491,ANC,2021
p,2020-04-01,Ghaziabad,M5NHlfAaKYI,140,Meerut Division,communicable_diseases,Success rate of positive tuberculosis cases,indicator_2,140,100.0,communicable_diseases,2021
p,2020-04-01,Ghaziabad,M5NHlfAaKYI,140,Meerut Division,ANC,% of severe anaemic PW treated,indicator_4,140,79.24187725631771,ANC,2021
p,2020-04-01,Ghaziabad,M5NHlfAaKYI,140,Meerut Division,PNC,% of new born breastfed within one hour of birth,indicator_5,140,90.55601681624692,PNC,2021
p,2020-04-01,Ghaziabad,M5NHlfAaKYI,140,Meerut Division,delivery_care,% of live babies weighted at birth,indicator_6,140,97.15731625350887,delivery_care,2021
p,2020-04-01,Kushinagar,xUeHwd9FQkg,188,Gorakhpur Division,ANC,% ANC registered in First trimester,indicator_1,189,71.08454039861981,ANC,2021
p,2020-04-01,Kushinagar,xUeHwd9FQkg,188,Gorakhpur Division,communicable_diseases,Success rate of positive tuberculosis cases,indicator_2,189,100.0,communicable_diseases,2021
p,2020-04-01,Kushinagar,xUeHwd9FQkg,188,Gorakhpur Division,ANC,% of severe anaemic PW treated,indicator_4,189,3.7017726798748702,ANC,2021
p,2020-04-01,Kushinagar,xUeHwd9FQkg,188,Gorakhpur Division,PNC,% of new born breastfed within one hour of birth,indicator_5,189,95.3016798648156,PNC,2021
p,2020-04-01,Kushinagar,xUeHwd9FQkg,188,Gorakhpur Division,delivery_care,% of live babies weighted at birth,indicator_6,189,96.8059375103542,delivery_care,2021
p,2020-04-01,Lakhimpur Kheri,d9ZuMopgX29,155,Lucknow Division,ANC,% ANC registered in First trimester,indicator_1,153,62.165295556332,ANC,2021
p,2020-04-01,Lakhimpur Kheri,d9ZuMopgX29,155,Lucknow Division,communicable_diseases,Success rate of positive tuberculosis cases,indicator_2,153,100.0,communicable_diseases,2021
p,2020-04-01,Lakhimpur Kheri,d9ZuMopgX29,155,Lucknow Division,ANC,% of severe anaemic PW treated,indicator_4,153,40.5564007824386,ANC,2021
p,2020-04-01,Lakhimpur Kheri,d9ZuMopgX29,155,Lucknow Division,PNC,% of new born breastfed within one hour of birth,indicator_5,153,95.97850304825796,PNC,2021
p,2020-04-01,Lakhimpur Kheri,d9ZuMopgX29,155,Lucknow Division,delivery_care,% of live babies weighted at birth,indicator_6,153,98.34733001983204,delivery_care,2021
p,2020-04-01,Hapur,CZ8kLjgqvSH,140,Meerut Division,ANC,% ANC registered in First trimester,indicator_1,204,84.14613788662868,ANC,2021
p,2020-04-01,Hapur,CZ8kLjgqvSH,140,Meerut Division,communicable_diseases,Success rate of positive tuberculosis cases,indicator_2,204,100.0,communicable_diseases,2021
p,2020-04-01,Hapur,CZ8kLjgqvSH,140,Meerut Division,ANC,% of severe anaemic PW treated,indicator_4,204,64.63512429831596,ANC,2021
p,2020-04-01,Hapur,CZ8kLjgqvSH,140,Meerut Division,PNC,% of new born breastfed within one hour of birth,indicator_5,204,84.99891059626698,PNC,2021
p,2020-04-01,Hapur,CZ8kLjgqvSH,140,Meerut Division,delivery_care,% of live babies weighted at birth,indicator_6,204,86.90899847483476,delivery_care,2021
p,2020-04-01,Mahoba,sUQMxIc3yXj,170,Chitrakoot Division,ANC,% ANC registered in First trimester,indicator_1,169,45.310291920700934,ANC,2021
p,2020-04-01,Mahoba,sUQMxIc3yXj,170,Chitrakoot Division,communicable_diseases,Success rate of positive tuberculosis cases,indicator_2,169,100.0,communicable_diseases,2021
p,2020-04-01,Mahoba,sUQMxIc3yXj,170,Chitrakoot Division,ANC,% of severe anaemic PW treated,indicator_4,169,58.229598893499315,ANC,2021
p,2020-04-01,Mahoba,sUQMxIc3yXj,170,Chitrakoot Division,PNC,% of new born breastfed within one hour of birth,indicator_5,169,95.1548788719718,PNC,2021
p,2020-04-01,Mahoba,sUQMxIc3yXj,170,Chitrakoot Division,delivery_care,% of live babies weighted at birth,indicator_6,169,98.00495012375308,delivery_care,2021
p,2020-04-01,Siddharth Nagar,cP0p8qfm3il,185,Basti Division,ANC,% ANC registered in First trimester,indicator_1,184,69.80661425096076,ANC,2021
p,2020-04-01,Siddharth Nagar,cP0p8qfm3il,185,Basti Division,communicable_diseases,Success rate of positive tuberculosis cases,indicator_2,184,100.0,communicable_diseases,2021
p,2020-04-01,Siddharth Nagar,cP0p8qfm3il,185,Basti Division,ANC,% of severe anaemic PW treated,indicator_4,184,34.6585117227319,ANC,2021
p,2020-04-01,Siddharth Nagar,cP0p8qfm3il,185,Basti Division,PNC,% of new born breastfed within one hour of birth,indicator_5,184,100.0,PNC,2021
p,2020-04-01,Siddharth Nagar,cP0p8qfm3il,185,Basti Division,delivery_care,% of live babies weighted at birth,indicator_6,184,95.55340206840677,delivery_care,2021
p,2020-04-01,Kanpur Dehat,k3D0AumUCiC,161,Kanpur Nagar Division,ANC,% ANC registered in First trimester,indicator_1,163,47.96459805792664,ANC,2021
p,2020-04-01,Kanpur Dehat,k3D0AumUCiC,161,Kanpur Nagar Division,communicable_diseases,Success rate of positive tuberculosis cases,indicator_2,163,100.0,communicable_diseases,2021
p,2020-04-01,Kanpur Dehat,k3D0AumUCiC,161,Kanpur Nagar Division,ANC,% of severe anaemic PW treated,indicator_4,163,44.32730923694778,ANC,2021
p,2020-04-01,Kanpur Dehat,k3D0AumUCiC,161,Kanpur Nagar Division,PNC,% of new born breastfed within one hour of birth,indicator_5,163,93.29051960299995,PNC,2021
p,2020-04-01,Kanpur Dehat,k3D0AumUCiC,161,Kanpur Nagar Division,delivery_care,% of live babies weighted at birth,indicator_6,163,94.81744285265192,delivery_care,2021
p,2020-04-01,Rae Bareli,lLvTDpBDY8u,155,Lucknow Division,ANC,% ANC registered in First trimester,indicator_1,158,56.7002755610774,ANC,2021
p,2020-04-01,Rae Bareli,lLvTDpBDY8u,155,Lucknow Division,communicable_diseases,Success rate of positive tuberculosis cases,indicator_2,158,100.0,communicable_diseases,2021
p,2020-04-01,Rae Bareli,lLvTDpBDY8u,155,Lucknow Division,ANC,% of severe anaemic PW treated,indicator_4,158,41.51857835218094,ANC,2021
p,2020-04-01,Rae Bareli,lLvTDpBDY8u,155,Lucknow Division,PNC,% of new born breastfed within one hour of birth,indicator_5,158,90.6410654934124,PNC,2021
p,2020-04-01,Rae Bareli,lLvTDpBDY8u,155,Lucknow Division,delivery_care,% of live babies weighted at birth,indicator_6,158,96.33198632266087,delivery_care,2021
p,2020-04-01,Mathura,KP2BUB1npih,146,Agra Division,ANC,% ANC registered in First trimester,indicator_1,145,48.6255577722614,ANC,2021
p,2020-04-01,Mathura,KP2BUB1npih,146,Agra Division,communicable_diseases,Success rate of positive tuberculosis cases,indicator_2,145,100.0,communicable_diseases,2021
p,2020-04-01,Mathura,KP2BUB1npih,146,Agra Division,ANC,% of severe anaemic PW treated,indicator_4,145,26.974063400576373,ANC,2021
p,2020-04-01,Mathura,KP2BUB1npih,146,Agra Division,PNC,% of new born breastfed within one hour of birth,indicator_5,145,79.34031912360085,PNC,2021
p,2020-04-01,Mathura,KP2BUB1npih,146,Agra Division,delivery_care,% of live babies weighted at birth,indicator_6,145,80.93296022862586,delivery_care,2021
p,2020-04-01,Etah,ZLcx4iOVyN5,201,Alligarh Division,ANC,% ANC registered in First trimester,indicator_1,201,53.68830519967168,ANC,2021
p,2020-04-01,Etah,ZLcx4iOVyN5,201,Alligarh Division,communicable_diseases,Success rate of positive tuberculosis cases,indicator_2,201,100.0,communicable_diseases,2021
p,2020-04-01,Etah,ZLcx4iOVyN5,201,Alligarh Division,ANC,% of severe anaemic PW treated,indicator_4,201,19.63569002778636,ANC,2021
p,2020-04-01,Etah,ZLcx4iOVyN5,201,Alligarh Division,PNC,% of new born breastfed within one hour of birth,indicator_5,201,94.56364354350401,PNC,2021
p,2020-04-01,Etah,ZLcx4iOVyN5,201,Alligarh Division,delivery_care,% of live babies weighted at birth,indicator_6,201,95.34904128822781,delivery_care,2021
p,2020-04-01,Pratapgarh,fz7bJo3egPX,172,Prayagraj Division,ANC,% ANC registered in First trimester,indicator_1,173,80.17391120149128,ANC,2021
p,2020-04-01,Pratapgarh,fz7bJo3egPX,172,Prayagraj Division,communicable_diseases,Success rate of positive tuberculosis cases,indicator_2,173,100.0,communicable_diseases,2021
p,2020-04-01,Pratapgarh,fz7bJo3egPX,172,Prayagraj Division,ANC,% of severe anaemic PW treated,indicator_4,173,23.90817469204927,ANC,2021
p,2020-04-01,Pratapgarh,fz7bJo3egPX,172,Prayagraj Division,PNC,% of new born breastfed within one hour of birth,indicator_5,173,88.87770948620924,PNC,2021
p,2020-04-01,Pratapgarh,fz7bJo3egPX,172,Prayagraj Division,delivery_care,% of live babies weighted at birth,indicator_6,173,89.2364224939303,delivery_care,2021
p,2020-04-01,Basti,J1P16zQEOUT,185,Basti Division,ANC,% ANC registered in First trimester,indicator_1,185,75.34989667480744,ANC,2021
p,2020-04-01,Basti,J1P16zQEOUT,185,Basti Division,communicable_diseases,Success rate of positive tuberculosis cases,indicator_2,185,100.0,communicable_diseases,2021
p,2020-04-01,Basti,J1P16zQEOUT,185,Basti Division,ANC,% of severe anaemic PW treated,indicator_4,185,21.114167812929853,ANC,2021
p,2020-04-01,Basti,J1P16zQEOUT,185,Basti Division,PNC,% of new born breastfed within one hour of birth,indicator_5,185,94.60739545058728,PNC,2021
p,2020-04-01,Basti,J1P16zQEOUT,185,Basti Division,delivery_care,% of live babies weighted at birth,indicator_6,185,97.40245948643884,delivery_care,2021
p,2020-04-01,Hathras,m1IAjmqkoFC,201,Alligarh Division,ANC,% ANC registered in First trimester,indicator_1,144,54.8462428701331,ANC,2021
p,2020-04-01,Hathras,m1IAjmqkoFC,201,Alligarh Division,communicable_diseases,Success rate of positive tuberculosis cases,indicator_2,144,100.0,communicable_diseases,2021
p,2020-04-01,Hathras,m1IAjmqkoFC,201,Alligarh Division,ANC,% of severe anaemic PW treated,indicator_4,144,51.97313182199832,ANC,2021
p,2020-04-01,Hathras,m1IAjmqkoFC,201,Alligarh Division,PNC,% of new born breastfed within one hour of birth,indicator_5,144,94.39067024968041,PNC,2021
p,2020-04-01,Hathras,m1IAjmqkoFC,201,Alligarh Division,delivery_care,% of live babies weighted at birth,indicator_6,144,93.4957864802108,delivery_care,2021
p,2020-04-01,Shrawasti,oyTwneTbWDx,182,Gonda Division,ANC,% ANC registered in First trimester,indicator_1,181,85.10548116751758,ANC,2021
p,2020-04-01,Shrawasti,oyTwneTbWDx,182,Gonda Division,communicable_diseases,Success rate of positive tuberculosis cases,indicator_2,181,100.0,communicable_diseases,2021
p,2020-04-01,Shrawasti,oyTwneTbWDx,182,Gonda Division,ANC,% of severe anaemic PW treated,indicator_4,181,64.07608695652173,ANC,2021
p,2020-04-01,Shrawasti,oyTwneTbWDx,182,Gonda Division,PNC,% of new born breastfed within one hour of birth,indicator_5,181,94.44837148605295,PNC,2021
p,2020-04-01,Shrawasti,oyTwneTbWDx,182,Gonda Division,delivery_care,% of live babies weighted at birth,indicator_6,181,96.77015931705726,delivery_care,2021
p,2020-04-01,Banda,DggJGxqbWHn,170,Chitrakoot Division,ANC,% ANC registered in First trimester,indicator_1,170,41.90810227461397,ANC,2021
p,2020-04-01,Banda,DggJGxqbWHn,170,Chitrakoot Division,communicable_diseases,Success rate of positive tuberculosis cases,indicator_2,170,100.0,communicable_diseases,2021
p,2020-04-01,Banda,DggJGxqbWHn,170,Chitrakoot Division,ANC,% of severe anaemic PW treated,indicator_4,170,3.5212862318840576,ANC,2021
p,2020-04-01,Banda,DggJGxqbWHn,170,Chitrakoot Division,PNC,% of new born breastfed within one hour of birth,indicator_5,170,84.22595104011033,PNC,2021
p,2020-04-01,Banda,DggJGxqbWHn,170,Chitrakoot Division,delivery_care,% of live babies weighted at birth,indicator_6,170,92.46638317434778,delivery_care,2021
p,2020-04-01,Amethi,StsLkYw1G0m,176,Ayodhya Division,ANC,% ANC registered in First trimester,indicator_1,206,73.78778876105079,ANC,2021
p,2020-04-01,Amethi,StsLkYw1G0m,176,Ayodhya Division,communicable_diseases,Success rate of positive tuberculosis cases,indicator_2,206,100.0,communicable_diseases,2021
p,2020-04-01,Amethi,StsLkYw1G0m,176,Ayodhya Division,ANC,% of severe anaemic PW treated,indicator_4,206,29.22922922922923,ANC,2021
p,2020-04-01,Amethi,StsLkYw1G0m,176,Ayodhya Division,PNC,% of new born breastfed within one hour of birth,indicator_5,206,94.73331096947331,PNC,2021
p,2020-04-01,Amethi,StsLkYw1G0m,176,Ayodhya Division,delivery_care,% of live babies weighted at birth,indicator_6,206,95.78664877557868,delivery_care,2021
p,2020-04-01,Rampur,IU006h5U7jj,134,Moradabad Division,ANC,% ANC registered in First trimester,indicator_1,136,82.2116898894605,ANC,2021
p,2020-04-01,Rampur,IU006h5U7jj,134,Moradabad Division,communicable_diseases,Success rate of positive tuberculosis cases,indicator_2,136,100.0,communicable_diseases,2021
p,2020-04-01,Rampur,IU006h5U7jj,134,Moradabad Division,ANC,% of severe anaemic PW treated,indicator_4,136,28.813559322033896,ANC,2021
p,2020-04-01,Rampur,IU006h5U7jj,134,Moradabad Division,PNC,% of new born breastfed within one hour of birth,indicator_5,136,95.21205984925189,PNC,2021
p,2020-04-01,Rampur,IU006h5U7jj,134,Moradabad Division,delivery_care,% of live babies weighted at birth,indicator_6,136,98.32377095286309,delivery_care,2021
p,2020-04-01,Sonbhadra,NNk3JP90QZ5,200,Mirzapur Division,ANC,% ANC registered in First trimester,indicator_1,200,73.14978921104706,ANC,2021
p,2020-04-01,Sonbhadra,NNk3JP90QZ5,200,Mirzapur Division,communicable_diseases,Success rate of positive tuberculosis cases,indicator_2,200,100.0,communicable_diseases,2021
p,2020-04-01,Sonbhadra,NNk3JP90QZ5,200,Mirzapur Division,ANC,% of severe anaemic PW treated,indicator_4,200,69.72878390201225,ANC,2021
p,2020-04-01,Sonbhadra,NNk3JP90QZ5,200,Mirzapur Division,PNC,% of new born breastfed within one hour of birth,indicator_5,200,95.26875627784788,PNC,2021
p,2020-04-01,Sonbhadra,NNk3JP90QZ5,200,Mirzapur Division,delivery_care,% of live babies weighted at birth,indicator_6,200,96.70332500579495,delivery_care,2021
p,2020-04-01,Kanpur Nagar,QVMRMhzVrrS,161,Kanpur Nagar Division,ANC,% ANC registered in First trimester,indicator_1,164,30.20711800909821,ANC,2021
p,2020-04-01,Kanpur Nagar,QVMRMhzVrrS,161,Kanpur Nagar Division,communicable_diseases,Success rate of positive tuberculosis cases,indicator_2,164,100.0,communicable_diseases,2021
p,2020-04-01,Kanpur Nagar,QVMRMhzVrrS,161,Kanpur Nagar Division,ANC,% of severe anaemic PW treated,indicator_4,164,44.69964664310954,ANC,2021
p,2020-04-01,Kanpur Nagar,QVMRMhzVrrS,161,Kanpur Nagar Division,PNC,% of new born breastfed within one hour of birth,indicator_5,164,65.89439135051646,PNC,2021
p,2020-04-01,Kanpur Nagar,QVMRMhzVrrS,161,Kanpur Nagar Division,delivery_care,% of live babies weighted at birth,indicator_6,164,70.65595134665506,delivery_care,2021
p,2020-04-01,Bulandshahar,ogBt4gWCiem,140,Meerut Division,ANC,% ANC registered in First trimester,indicator_1,142,42.74036449690481,ANC,2021
p,2020-04-01,Bulandshahar,ogBt4gWCiem,140,Meerut Division,communicable_diseases,Success rate of positive tuberculosis cases,indicator_2,142,100.0,communicable_diseases,2021
p,2020-04-01,Bulandshahar,ogBt4gWCiem,140,Meerut Division,ANC,% of severe anaemic PW treated,indicator_4,142,39.710530693728145,ANC,2021
p,2020-04-01,Bulandshahar,ogBt4gWCiem,140,Meerut Division,PNC,% of new born breastfed within one hour of birth,indicator_5,142,97.60265106405012,PNC,2021
p,2020-04-01,Bulandshahar,ogBt4gWCiem,140,Meerut Division,delivery_care,% of live babies weighted at birth,indicator_6,142,99.21555428985658,delivery_care,2021
p,2020-04-01,Saharanpur,FKYZ3JbWq84,132,Saharanpur Division,ANC,% ANC registered in First trimester,indicator_1,132,68.4196446293116,ANC,2021
p,2020-04-01,Saharanpur,FKYZ3JbWq84,132,Saharanpur Division,communicable_diseases,Success rate of positive tuberculosis cases,indicator_2,132,100.0,communicable_diseases,2021
p,2020-04-01,Saharanpur,FKYZ3JbWq84,132,Saharanpur Division,ANC,% of severe anaemic PW treated,indicator_4,132,68.87992553521563,ANC,2021
p,2020-04-01,Saharanpur,FKYZ3JbWq84,132,Saharanpur Division,PNC,% of new born breastfed within one hour of birth,indicator_5,132,89.07426307864874,PNC,2021
p,2020-04-01,Saharanpur,FKYZ3JbWq84,132,Saharanpur Division,delivery_care,% of live babies weighted at birth,indicator_6,132,93.625642943037,delivery_care,2021
p,2020-04-01,Shahjahanpur,GaiLSoQq1ue,150,Bareilly Division,ANC,% ANC registered in First trimester,indicator_1,152,60.773678963110676,ANC,2021
p,2020-04-01,Shahjahanpur,GaiLSoQq1ue,150,Bareilly Division,communicable_diseases,Success rate of positive tuberculosis cases,indicator_2,152,100.0,communicable_diseases,2021
p,2020-04-01,Shahjahanpur,GaiLSoQq1ue,150,Bareilly Division,ANC,% of severe anaemic PW treated,indicator_4,152,18.172296412673475,ANC,2021
p,2020-04-01,Shahjahanpur,GaiLSoQq1ue,150,Bareilly Division,PNC,% of new born breastfed within one hour of birth,indicator_5,152,95.04262760076712,PNC,2021
p,2020-04-01,Shahjahanpur,GaiLSoQq1ue,150,Bareilly Division,delivery_care,% of live babies weighted at birth,indicator_6,152,96.2900288481684,delivery_care,2021
p,2020-04-01,Jalaun,NL5xiiHZQSC,165,Jhansi Division,ANC,% ANC registered in First trimester,indicator_1,165,57.050761288293714,ANC,2021
p,2020-04-01,Jalaun,NL5xiiHZQSC,165,Jhansi Division,communicable_diseases,Success rate of positive tuberculosis cases,indicator_2,165,100.0,communicable_diseases,2021
p,2020-04-01,Jalaun,NL5xiiHZQSC,165,Jhansi Division,ANC,% of severe anaemic PW treated,indicator_4,165,51.40597539543057,ANC,2021
p,2020-04-01,Jalaun,NL5xiiHZQSC,165,Jhansi Division,PNC,% of new born breastfed within one hour of birth,indicator_5,165,96.55274137131781,PNC,2021
p,2020-04-01,Jalaun,NL5xiiHZQSC,165,Jhansi Division,delivery_care,% of live babies weighted at birth,indicator_6,165,96.65388343377302,delivery_care,2021
p,2020-04-01,Sitapur,XxaOowFtkiJ,155,Lucknow Division,ANC,% ANC registered in First trimester,indicator_1,154,74.21904403462551,ANC,2021
p,2020-04-01,Sitapur,XxaOowFtkiJ,155,Lucknow Division,communicable_diseases,Success rate of positive tuberculosis cases,indicator_2,154,100.0,communicable_diseases,2021
p,2020-04-01,Sitapur,XxaOowFtkiJ,155,Lucknow Division,ANC,% of severe anaemic PW treated,indicator_4,154,34.43746430611079,ANC,2021
p,2020-04-01,Sitapur,XxaOowFtkiJ,155,Lucknow Division,PNC,% of new born breastfed within one hour of birth,indicator_5,154,93.42157271202557,PNC,2021
p,2020-04-01,Sitapur,XxaOowFtkiJ,155,Lucknow Division,delivery_care,% of live babies weighted at birth,indicator_6,154,93.920456366375,delivery_care,2021
p,2020-04-01,Barabanki,tzH6nJu9SwS,176,Ayodhya Division,ANC,% ANC registered in First trimester,indicator_1,176,44.01299627545765,ANC,2021
p,2020-04-01,Barabanki,tzH6nJu9SwS,176,Ayodhya Division,communicable_diseases,Success rate of positive tuberculosis cases,indicator_2,176,100.0,communicable_diseases,2021
p,2020-04-01,Barabanki,tzH6nJu9SwS,176,Ayodhya Division,ANC,% of severe anaemic PW treated,indicator_4,176,32.10735586481113,ANC,2021
p,2020-04-01,Barabanki,tzH6nJu9SwS,176,Ayodhya Division,PNC,% of new born breastfed within one hour of birth,indicator_5,176,87.42652945656206,PNC,2021
p,2020-04-01,Barabanki,tzH6nJu9SwS,176,Ayodhya Division,delivery_care,% of live babies weighted at birth,indicator_6,176,88.67040284313917,delivery_care,2021
p,2020-04-01,Budaun,eA37kyBRRuZ,150,Bareilly Division,ANC,% ANC registered in First trimester,indicator_1,149,55.7130991433917,ANC,2021
p,2020-04-01,Budaun,eA37kyBRRuZ,150,Bareilly Division,communicable_diseases,Success rate of positive tuberculosis cases,indicator_2,149,100.0,communicable_diseases,2021
p,2020-04-01,Budaun,eA37kyBRRuZ,150,Bareilly Division,ANC,% of severe anaemic PW treated,indicator_4,149,32.856855244614465,ANC,2021
p,2020-04-01,Budaun,eA37kyBRRuZ,150,Bareilly Division,PNC,% of new born breastfed within one hour of birth,indicator_5,149,95.08203856029944,PNC,2021
p,2020-04-01,Budaun,eA37kyBRRuZ,150,Bareilly Division,delivery_care,% of live babies weighted at birth,indicator_6,149,94.14486950718836,delivery_care,2021
p,2020-04-01,Bareilly,vVqY3DPcpHf,150,Bareilly Division,ANC,% ANC registered in First trimester,indicator_1,150,55.96372136212997,ANC,2021
p,2020-04-01,Bareilly,vVqY3DPcpHf,150,Bareilly Division,communicable_diseases,Success rate of positive tuberculosis cases,indicator_2,150,100.0,communicable_diseases,2021
p,2020-04-01,Bareilly,vVqY3DPcpHf,150,Bareilly Division,ANC,% of severe anaemic PW treated,indicator_4,150,23.680878007598142,ANC,2021
p,2020-04-01,Bareilly,vVqY3DPcpHf,150,Bareilly Division,PNC,% of new born breastfed within one hour of birth,indicator_5,150,87.74800868935554,PNC,2021
p,2020-04-01,Bareilly,vVqY3DPcpHf,150,Bareilly Division,delivery_care,% of live babies weighted at birth,indicator_6,150,83.20419985517741,delivery_care,2021
p,2020-04-01,Mainpuri,XBLhrSWGytu,146,Agra Division,ANC,% ANC registered in First trimester,indicator_1,148,68.65712668768697,ANC,2021
p,2020-04-01,Mainpuri,XBLhrSWGytu,146,Agra Division,communicable_diseases,Success rate of positive tuberculosis cases,indicator_2,148,100.0,communicable_diseases,2021
p,2020-04-01,Mainpuri,XBLhrSWGytu,146,Agra Division,ANC,% of severe anaemic PW treated,indicator_4,148,31.95691202872532,ANC,2021
p,2020-04-01,Mainpuri,XBLhrSWGytu,146,Agra Division,PNC,% of new born breastfed within one hour of birth,indicator_5,148,93.38415863358135,PNC,2021
p,2020-04-01,Mainpuri,XBLhrSWGytu,146,Agra Division,delivery_care,% of live babies weighted at birth,indicator_6,148,97.58091119011841,delivery_care,2021
p,2020-04-01,Pilibhit,c96jwckSd6j,150,Bareilly Division,ANC,% ANC registered in First trimester,indicator_1,151,78.90551531849603,ANC,2021
p,2020-04-01,Pilibhit,c96jwckSd6j,150,Bareilly Division,communicable_diseases,Success rate of positive tuberculosis cases,indicator_2,151,100.0,communicable_diseases,2021
p,2020-04-01,Pilibhit,c96jwckSd6j,150,Bareilly Division,ANC,% of severe anaemic PW treated,indicator_4,151,11.492281303602061,ANC,2021
p,2020-04-01,Pilibhit,c96jwckSd6j,150,Bareilly Division,PNC,% of new born breastfed within one hour of birth,indicator_5,151,90.79366854969516,PNC,2021
p,2020-04-01,Pilibhit,c96jwckSd6j,150,Bareilly Division,delivery_care,% of live babies weighted at birth,indicator_6,151,92.82118686727443,delivery_care,2021
p,2020-04-01,Maharajganj,AcnMkNGgc3S,188,Gorakhpur Division,ANC,% ANC registered in First trimester,indicator_1,187,59.87117906598712,ANC,2021
p,2020-04-01,Maharajganj,AcnMkNGgc3S,188,Gorakhpur Division,communicable_diseases,Success rate of positive tuberculosis cases,indicator_2,187,100.0,communicable_diseases,2021
p,2020-04-01,Maharajganj,AcnMkNGgc3S,188,Gorakhpur Division,ANC,% of severe anaemic PW treated,indicator_4,187,11.54606563859233,ANC,2021
p,2020-04-01,Maharajganj,AcnMkNGgc3S,188,Gorakhpur Division,PNC,% of new born breastfed within one hour of birth,indicator_5,187,97.12844461873016,PNC,2021
p,2020-04-01,Maharajganj,AcnMkNGgc3S,188,Gorakhpur Division,delivery_care,% of live babies weighted at birth,indicator_6,187,98.6524544579516,delivery_care,2021
p,2020-04-01,Chandauli,ClbehnmwSec,195,Varanasi Division,ANC,% ANC registered in First trimester,indicator_1,196,63.743739000947606,ANC,2021
p,2020-04-01,Chandauli,ClbehnmwSec,195,Varanasi Division,communicable_diseases,Success rate of positive tuberculosis cases,indicator_2,196,100.0,communicable_diseases,2021
p,2020-04-01,Chandauli,ClbehnmwSec,195,Varanasi Division,ANC,% of severe anaemic PW treated,indicator_4,196,42.57302672467371,ANC,2021
p,2020-04-01,Chandauli,ClbehnmwSec,195,Varanasi Division,PNC,% of new born breastfed within one hour of birth,indicator_5,196,95.45895107154396,PNC,2021
p,2020-04-01,Chandauli,ClbehnmwSec,195,Varanasi Division,delivery_care,% of live babies weighted at birth,indicator_6,196,97.80306565674697,delivery_care,2021
p,2020-04-01,Auraiya,Bd6E8zkVvVt,161,Kanpur Nagar Division,ANC,% ANC registered in First trimester,indicator_1,162,62.86819830713422,ANC,2021
p,2020-04-01,Auraiya,Bd6E8zkVvVt,161,Kanpur Nagar Division,communicable_diseases,Success rate of positive tuberculosis cases,indicator_2,162,100.0,communicable_diseases,2021
p,2020-04-01,Auraiya,Bd6E8zkVvVt,161,Kanpur Nagar Division,ANC,% of severe anaemic PW treated,indicator_4,162,27.19298245614036,ANC,2021
p,2020-04-01,Auraiya,Bd6E8zkVvVt,161,Kanpur Nagar Division,PNC,% of new born breastfed within one hour of birth,indicator_5,162,96.31122977169943,PNC,2021
p,2020-04-01,Auraiya,Bd6E8zkVvVt,161,Kanpur Nagar Division,delivery_care,% of live babies weighted at birth,indicator_6,162,98.33269765161008,delivery_care,2021
p,2020-04-01,Sambhal,YzHpzrN0eLv,134,Moradabad Division,ANC,% ANC registered in First trimester,indicator_1,205,72.07919137916632,ANC,2021
p,2020-04-01,Sambhal,YzHpzrN0eLv,134,Moradabad Division,communicable_diseases,Success rate of positive tuberculosis cases,indicator_2,205,100.0,communicable_diseases,2021
p,2020-04-01,Sambhal,YzHpzrN0eLv,134,Moradabad Division,ANC,% of severe anaemic PW treated,indicator_4,205,46.44913627639156,ANC,2021
p,2020-04-01,Sambhal,YzHpzrN0eLv,134,Moradabad Division,PNC,% of new born breastfed within one hour of birth,indicator_5,205,95.0201058201058,PNC,2021
p,2020-04-01,Sambhal,YzHpzrN0eLv,134,Moradabad Division,delivery_care,% of live babies weighted at birth,indicator_6,205,95.57883597883594,delivery_care,2021
p,2020-04-01,Kasganj,hITp09XOBLZ,201,Alligarh Division,ANC,% ANC registered in First trimester,indicator_1,202,69.81099787039854,ANC,2021
p,2020-04-01,Kasganj,hITp09XOBLZ,201,Alligarh Division,communicable_diseases,Success rate of positive tuberculosis cases,indicator_2,202,100.0,communicable_diseases,2021
p,2020-04-01,Kasganj,hITp09XOBLZ,201,Alligarh Division,ANC,% of severe anaemic PW treated,indicator_4,202,13.833701250919795,ANC,2021
p,2020-04-01,Kasganj,hITp09XOBLZ,201,Alligarh Division,PNC,% of new born breastfed within one hour of birth,indicator_5,202,83.15774385436823,PNC,2021
p,2020-04-01,Kasganj,hITp09XOBLZ,201,Alligarh Division,delivery_care,% of live babies weighted at birth,indicator_6,202,84.65921307245753,delivery_care,2021
p,2020-04-01,Hamirpur,VSI7HobT5qL,170,Chitrakoot Division,ANC,% ANC registered in First trimester,indicator_1,168,51.28524692319675,ANC,2021
p,2020-04-01,Hamirpur,VSI7HobT5qL,170,Chitrakoot Division,communicable_diseases,Success rate of positive tuberculosis cases,indicator_2,168,100.0,communicable_diseases,2021
p,2020-04-01,Hamirpur,VSI7HobT5qL,170,Chitrakoot Division,ANC,% of severe anaemic PW treated,indicator_4,168,11.494252873563216,ANC,2021
p,2020-04-01,Hamirpur,VSI7HobT5qL,170,Chitrakoot Division,PNC,% of new born breastfed within one hour of birth,indicator_5,168,97.53968253968252,PNC,2021
p,2020-04-01,Hamirpur,VSI7HobT5qL,170,Chitrakoot Division,delivery_care,% of live babies weighted at birth,indicator_6,168,98.4970238095238,delivery_care,2021
p,2020-04-01,Jaunpur,gmw76vAUMqz,195,Varanasi Division,ANC,% ANC registered in First trimester,indicator_1,194,71.93677966737995,ANC,2021
p,2020-04-01,Jaunpur,gmw76vAUMqz,195,Varanasi Division,communicable_diseases,Success rate of positive tuberculosis cases,indicator_2,194,100.0,communicable_diseases,2021
p,2020-04-01,Jaunpur,gmw76vAUMqz,195,Varanasi Division,ANC,% of severe anaemic PW treated,indicator_4,194,40.7471017604122,ANC,2021
p,2020-04-01,Jaunpur,gmw76vAUMqz,195,Varanasi Division,PNC,% of new born breastfed within one hour of birth,indicator_5,194,91.3621075444349,PNC,2021
p,2020-04-01,Jaunpur,gmw76vAUMqz,195,Varanasi Division,delivery_care,% of live babies weighted at birth,indicator_6,194,95.0984393250679,delivery_care,2021
p,2020-04-01,Lalitpur,fagfcadhxej,165,Jhansi Division,ANC,% ANC registered in First trimester,indicator_1,167,56.13999181334425,ANC,2021
p,2020-04-01,Lalitpur,fagfcadhxej,165,Jhansi Division,communicable_diseases,Success rate of positive tuberculosis cases,indicator_2,167,100.0,communicable_diseases,2021
p,2020-04-01,Lalitpur,fagfcadhxej,165,Jhansi Division,ANC,% of severe anaemic PW treated,indicator_4,167,29.50713359273671,ANC,2021
p,2020-04-01,Lalitpur,fagfcadhxej,165,Jhansi Division,PNC,% of new born breastfed within one hour of birth,indicator_5,167,92.32193904255749,PNC,2021
p,2020-04-01,Lalitpur,fagfcadhxej,165,Jhansi Division,delivery_care,% of live babies weighted at birth,indicator_6,167,97.8097193702943,delivery_care,2021
p,2020-04-01,Jhansi,Mq751wBMqGF,165,Jhansi Division,ANC,% ANC registered in First trimester,indicator_1,166,50.45820776185497,ANC,2021
p,2020-04-01,Jhansi,Mq751wBMqGF,165,Jhansi Division,communicable_diseases,Success rate of positive tuberculosis cases,indicator_2,166,100.0,communicable_diseases,2021
p,2020-04-01,Jhansi,Mq751wBMqGF,165,Jhansi Division,ANC,% of severe anaemic PW treated,indicator_4,166,87.10304601425794,ANC,2021
p,2020-04-01,Jhansi,Mq751wBMqGF,165,Jhansi Division,PNC,% of new born breastfed within one hour of birth,indicator_5,166,91.62702516373665,PNC,2021
p,2020-04-01,Jhansi,Mq751wBMqGF,165,Jhansi Division,delivery_care,% of live babies weighted at birth,indicator_6,166,93.62978283350569,delivery_care,2021
p,2021-04-01,Azamgarh,NjckKfm3g0k,193,Azamgarh Division,ANC,% ANC registered in First trimester,indicator_1,191,57.95933787868138,ANC,2022
p,2021-04-01,Azamgarh,NjckKfm3g0k,193,Azamgarh Division,communicable_diseases,Success rate of positive tuberculosis cases,indicator_2,191,100.0,communicable_diseases,2022
p,2021-04-01,Azamgarh,NjckKfm3g0k,193,Azamgarh Division,ANC,% of severe anaemic PW treated,indicator_4,191,16.197508075680663,ANC,2022
p,2021-04-01,Azamgarh,NjckKfm3g0k,193,Azamgarh Division,PNC,% of new born breastfed within one hour of birth,indicator_5,191,88.20232157832018,PNC,2022
p,2021-04-01,Azamgarh,NjckKfm3g0k,193,Azamgarh Division,delivery_care,% of live babies weighted at birth,indicator_6,191,90.31645848965,delivery_care,2022
p,2021-04-01,Bahraich,iE0E3nLioFr,182,Gonda Division,ANC,% ANC registered in First trimester,indicator_1,180,76.13913173428978,ANC,2022
p,2021-04-01,Bahraich,iE0E3nLioFr,182,Gonda Division,communicable_diseases,Success rate of positive tuberculosis cases,indicator_2,180,100.0,communicable_diseases,2022
p,2021-04-01,Bahraich,iE0E3nLioFr,182,Gonda Division,ANC,% of severe anaemic PW treated,indicator_4,180,94.09770687936192,ANC,2022
p,2021-04-01,Bahraich,iE0E3nLioFr,182,Gonda Division,PNC,% of new born breastfed within one hour of birth,indicator_5,180,99.0360496295086,PNC,2022
p,2021-04-01,Bahraich,iE0E3nLioFr,182,Gonda Division,delivery_care,% of live babies weighted at birth,indicator_6,180,99.36377353413229,delivery_care,2022
p,2021-04-01,Chitrakoot,i2fSZZ3QAJJ,170,Chitrakoot Division,ANC,% ANC registered in First trimester,indicator_1,171,93.16830360125608,ANC,2022
p,2021-04-01,Chitrakoot,i2fSZZ3QAJJ,170,Chitrakoot Division,communicable_diseases,Success rate of positive tuberculosis cases,indicator_2,171,100.0,communicable_diseases,2022
p,2021-04-01,Chitrakoot,i2fSZZ3QAJJ,170,Chitrakoot Division,ANC,% of severe anaemic PW treated,indicator_4,171,55.87912087912088,ANC,2022
p,2021-04-01,Chitrakoot,i2fSZZ3QAJJ,170,Chitrakoot Division,PNC,% of new born breastfed within one hour of birth,indicator_5,171,95.31164092567602,PNC,2022
p,2021-04-01,Chitrakoot,i2fSZZ3QAJJ,170,Chitrakoot Division,delivery_care,% of live babies weighted at birth,indicator_6,171,97.34592892487629,delivery_care,2022
p,2021-04-01,Etawah,Pm0jLk6EAiE,161,Kanpur Nagar Division,ANC,% ANC registered in First trimester,indicator_1,161,39.275081714654505,ANC,2022
p,2021-04-01,Etawah,Pm0jLk6EAiE,161,Kanpur Nagar Division,communicable_diseases,Success rate of positive tuberculosis cases,indicator_2,161,100.0,communicable_diseases,2022
p,2021-04-01,Etawah,Pm0jLk6EAiE,161,Kanpur Nagar Division,ANC,% of severe anaemic PW treated,indicator_4,161,44.916943521594675,ANC,2022
p,2021-04-01,Etawah,Pm0jLk6EAiE,161,Kanpur Nagar Division,PNC,% of new born breastfed within one hour of birth,indicator_5,161,91.86233731383335,PNC,2022
p,2021-04-01,Etawah,Pm0jLk6EAiE,161,Kanpur Nagar Division,delivery_care,% of live babies weighted at birth,indicator_6,161,95.44478733395948,delivery_care,2022
p,2021-04-01,Prayagraj,tXgaew1Pd2Y,172,Prayagraj Division,ANC,% ANC registered in First trimester,indicator_1,175,57.36693059007111,ANC,2022
p,2021-04-01,Prayagraj,tXgaew1Pd2Y,172,Prayagraj Division,communicable_diseases,Success rate of positive tuberculosis cases,indicator_2,175,100.0,communicable_diseases,2022
p,2021-04-01,Prayagraj,tXgaew1Pd2Y,172,Prayagraj Division,ANC,% of severe anaemic PW treated,indicator_4,175,57.38396624472572,ANC,2022
p,2021-04-01,Prayagraj,tXgaew1Pd2Y,172,Prayagraj Division,PNC,% of new born breastfed within one hour of birth,indicator_5,175,97.75049368936209,PNC,2022
p,2021-04-01,Prayagraj,tXgaew1Pd2Y,172,Prayagraj Division,delivery_care,% of live babies weighted at birth,indicator_6,175,98.80763286683266,delivery_care,2022
p,2021-04-01,Kaushambi,PAj0oVY0Dxu,172,Prayagraj Division,ANC,% ANC registered in First trimester,indicator_1,174,60.013617875253104,ANC,2022
p,2021-04-01,Kaushambi,PAj0oVY0Dxu,172,Prayagraj Division,communicable_diseases,Success rate of positive tuberculosis cases,indicator_2,174,100.0,communicable_diseases,2022
p,2021-04-01,Kaushambi,PAj0oVY0Dxu,172,Prayagraj Division,ANC,% of severe anaemic PW treated,indicator_4,174,25.85504885993485,ANC,2022
p,2021-04-01,Kaushambi,PAj0oVY0Dxu,172,Prayagraj Division,PNC,% of new born breastfed within one hour of birth,indicator_5,174,91.59674159367916,PNC,2022
p,2021-04-01,Kaushambi,PAj0oVY0Dxu,172,Prayagraj Division,delivery_care,% of live babies weighted at birth,indicator_6,174,92.29190910761317,delivery_care,2022
p,2021-04-01,Ghazipur,dScWdMRN8PL,195,Varanasi Division,ANC,% ANC registered in First trimester,indicator_1,195,71.71393018534286,ANC,2022
p,2021-04-01,Ghazipur,dScWdMRN8PL,195,Varanasi Division,communicable_diseases,Success rate of positive tuberculosis cases,indicator_2,195,100.0,communicable_diseases,2022
p,2021-04-01,Ghazipur,dScWdMRN8PL,195,Varanasi Division,ANC,% of severe anaemic PW treated,indicator_4,195,38.071968014215905,ANC,2022
p,2021-04-01,Ghazipur,dScWdMRN8PL,195,Varanasi Division,PNC,% of new born breastfed within one hour of birth,indicator_5,195,83.04399985886171,PNC,2022
p,2021-04-01,Ghazipur,dScWdMRN8PL,195,Varanasi Division,delivery_care,% of live babies weighted at birth,indicator_6,195,84.29307363889771,delivery_care,2022
p,2021-04-01,Sultanpur,o4ZQTVcMI7U,176,Ayodhya Division,ANC,% ANC registered in First trimester,indicator_1,179,58.63690096063698,ANC,2022
p,2021-04-01,Sultanpur,o4ZQTVcMI7U,176,Ayodhya Division,communicable_diseases,Success rate of positive tuberculosis cases,indicator_2,179,100.0,communicable_diseases,2022
p,2021-04-01,Sultanpur,o4ZQTVcMI7U,176,Ayodhya Division,ANC,% of severe anaemic PW treated,indicator_4,179,46.84641309581127,ANC,2022
p,2021-04-01,Sultanpur,o4ZQTVcMI7U,176,Ayodhya Division,PNC,% of new born breastfed within one hour of birth,indicator_5,179,84.9966165922317,PNC,2022
p,2021-04-01,Sultanpur,o4ZQTVcMI7U,176,Ayodhya Division,delivery_care,% of live babies weighted at birth,indicator_6,179,94.30775477060496,delivery_care,2022
p,2021-04-01,Aligarh,frD2HOp3wAs,201,Alligarh Division,ANC,% ANC registered in First trimester,indicator_1,143,61.69795194833971,ANC,2022
p,2021-04-01,Aligarh,frD2HOp3wAs,201,Alligarh Division,communicable_diseases,Success rate of positive tuberculosis cases,indicator_2,143,100.0,communicable_diseases,2022
p,2021-04-01,Aligarh,frD2HOp3wAs,201,Alligarh Division,ANC,% of severe anaemic PW treated,indicator_4,143,58.561545113865655,ANC,2022
p,2021-04-01,Aligarh,frD2HOp3wAs,201,Alligarh Division,PNC,% of new born breastfed within one hour of birth,indicator_5,143,95.56246346019478,PNC,2022
p,2021-04-01,Aligarh,frD2HOp3wAs,201,Alligarh Division,delivery_care,% of live babies weighted at birth,indicator_6,143,98.23040396982702,delivery_care,2022
p,2021-04-01,Fatehpur,ibLiLcaKzw2,172,Prayagraj Division,ANC,% ANC registered in First trimester,indicator_1,172,78.70395312815678,ANC,2022
p,2021-04-01,Fatehpur,ibLiLcaKzw2,172,Prayagraj Division,communicable_diseases,Success rate of positive tuberculosis cases,indicator_2,172,100.0,communicable_diseases,2022
p,2021-04-01,Fatehpur,ibLiLcaKzw2,172,Prayagraj Division,ANC,% of severe anaemic PW treated,indicator_4,172,50.39128955427015,ANC,2022
p,2021-04-01,Fatehpur,ibLiLcaKzw2,172,Prayagraj Division,PNC,% of new born breastfed within one hour of birth,indicator_5,172,96.40964706637978,PNC,2022
p,2021-04-01,Fatehpur,ibLiLcaKzw2,172,Prayagraj Division,delivery_care,% of live babies weighted at birth,indicator_6,172,97.15469347120974,delivery_care,2022
p,2021-04-01,Hardoi,MTIkUw5q5pX,155,Lucknow Division,ANC,% ANC registered in First trimester,indicator_1,155,65.17954999677647,ANC,2022
p,2021-04-01,Hardoi,MTIkUw5q5pX,155,Lucknow Division,communicable_diseases,Success rate of positive tuberculosis cases,indicator_2,155,100.0,communicable_diseases,2022
p,2021-04-01,Hardoi,MTIkUw5q5pX,155,Lucknow Division,ANC,% of severe anaemic PW treated,indicator_4,155,40.7185628742515,ANC,2022
p,2021-04-01,Hardoi,MTIkUw5q5pX,155,Lucknow Division,PNC,% of new born breastfed within one hour of birth,indicator_5,155,89.89274338044994,PNC,2022
p,2021-04-01,Hardoi,MTIkUw5q5pX,155,Lucknow Division,delivery_care,% of live babies weighted at birth,indicator_6,155,93.78110690822218,delivery_care,2022
p,2021-04-01,Gautam Buddha Nagar,bNmwkrQeP3e,140,Meerut Division,ANC,% ANC registered in First trimester,indicator_1,141,63.578954203802006,ANC,2022
p,2021-04-01,Gautam Buddha Nagar,bNmwkrQeP3e,140,Meerut Division,communicable_diseases,Success rate of positive tuberculosis cases,indicator_2,141,100.0,communicable_diseases,2022
p,2021-04-01,Gautam Buddha Nagar,bNmwkrQeP3e,140,Meerut Division,ANC,% of severe anaemic PW treated,indicator_4,141,98.30106677202689,ANC,2022
p,2021-04-01,Gautam Buddha Nagar,bNmwkrQeP3e,140,Meerut Division,PNC,% of new born breastfed within one hour of birth,indicator_5,141,76.66645816392486,PNC,2022
p,2021-04-01,Gautam Buddha Nagar,bNmwkrQeP3e,140,Meerut Division,delivery_care,% of live babies weighted at birth,indicator_6,141,99.71852129855507,delivery_care,2022
p,2021-04-01,Ballia,oNDvGBE5fLq,193,Azamgarh Division,ANC,% ANC registered in First trimester,indicator_1,193,70.37814299392716,ANC,2022
p,2021-04-01,Ballia,oNDvGBE5fLq,193,Azamgarh Division,communicable_diseases,Success rate of positive tuberculosis cases,indicator_2,193,100.0,communicable_diseases,2022
p,2021-04-01,Ballia,oNDvGBE5fLq,193,Azamgarh Division,ANC,% of severe anaemic PW treated,indicator_4,193,52.294557097118464,ANC,2022
p,2021-04-01,Ballia,oNDvGBE5fLq,193,Azamgarh Division,PNC,% of new born breastfed within one hour of birth,indicator_5,193,59.617523884308326,PNC,2022
p,2021-04-01,Ballia,oNDvGBE5fLq,193,Azamgarh Division,delivery_care,% of live babies weighted at birth,indicator_6,193,61.220717183614724,delivery_care,2022
p,2021-04-01,Firozabad,eJTsuE56XDF,146,Agra Division,ANC,% ANC registered in First trimester,indicator_1,147,54.64266497089469,ANC,2022
p,2021-04-01,Firozabad,eJTsuE56XDF,146,Agra Division,communicable_diseases,Success rate of positive tuberculosis cases,indicator_2,147,100.0,communicable_diseases,2022
p,2021-04-01,Firozabad,eJTsuE56XDF,146,Agra Division,ANC,% of severe anaemic PW treated,indicator_4,147,54.034524287434756,ANC,2022
p,2021-04-01,Firozabad,eJTsuE56XDF,146,Agra Division,PNC,% of new born breastfed within one hour of birth,indicator_5,147,67.32301492810697,PNC,2022
p,2021-04-01,Firozabad,eJTsuE56XDF,146,Agra Division,delivery_care,% of live babies weighted at birth,indicator_6,147,73.04240315047166,delivery_care,2022
p,2021-04-01,Lucknow,MfHac5N78aK,155,Lucknow Division,ANC,% ANC registered in First trimester,indicator_1,157,49.489763173095426,ANC,2022
p,2021-04-01,Lucknow,MfHac5N78aK,155,Lucknow Division,communicable_diseases,Success rate of positive tuberculosis cases,indicator_2,157,100.0,communicable_diseases,2022
p,2021-04-01,Lucknow,MfHac5N78aK,155,Lucknow Division,ANC,% of severe anaemic PW treated,indicator_4,157,72.01665124884367,ANC,2022
p,2021-04-01,Lucknow,MfHac5N78aK,155,Lucknow Division,PNC,% of new born breastfed within one hour of birth,indicator_5,157,91.36819357352888,PNC,2022
p,2021-04-01,Lucknow,MfHac5N78aK,155,Lucknow Division,delivery_care,% of live babies weighted at birth,indicator_6,157,95.39979452297443,delivery_care,2022
p,2021-04-01,Balrampur,uS0pNSxN3sS,182,Gonda Division,ANC,% ANC registered in First trimester,indicator_1,182,93.42780940249192,ANC,2022
p,2021-04-01,Balrampur,uS0pNSxN3sS,182,Gonda Division,communicable_diseases,Success rate of positive tuberculosis cases,indicator_2,182,100.0,communicable_diseases,2022
p,2021-04-01,Balrampur,uS0pNSxN3sS,182,Gonda Division,ANC,% of severe anaemic PW treated,indicator_4,182,96.5407499654075,ANC,2022
p,2021-04-01,Balrampur,uS0pNSxN3sS,182,Gonda Division,PNC,% of new born breastfed within one hour of birth,indicator_5,182,98.47405597115014,PNC,2022
p,2021-04-01,Balrampur,uS0pNSxN3sS,182,Gonda Division,delivery_care,% of live babies weighted at birth,indicator_6,182,99.4039281137305,delivery_care,2022
p,2021-04-01,Maunathbhanjan,CBSB9v92AwT,193,Azamgarh Division,ANC,% ANC registered in First trimester,indicator_1,192,39.39941983311249,ANC,2022
p,2021-04-01,Maunathbhanjan,CBSB9v92AwT,193,Azamgarh Division,communicable_diseases,Success rate of positive tuberculosis cases,indicator_2,192,100.0,communicable_diseases,2022
p,2021-04-01,Maunathbhanjan,CBSB9v92AwT,193,Azamgarh Division,ANC,% of severe anaemic PW treated,indicator_4,192,5.7847082494969815,ANC,2022
p,2021-04-01,Maunathbhanjan,CBSB9v92AwT,193,Azamgarh Division,PNC,% of new born breastfed within one hour of birth,indicator_5,192,39.62531459906329,PNC,2022
p,2021-04-01,Maunathbhanjan,CBSB9v92AwT,193,Azamgarh Division,delivery_care,% of live babies weighted at birth,indicator_6,192,41.64041535410104,delivery_care,2022
p,2021-04-01,Bagpat,HJIS3IrQ0Nj,140,Meerut Division,ANC,% ANC registered in First trimester,indicator_1,139,83.77797136168128,ANC,2022
p,2021-04-01,Bagpat,HJIS3IrQ0Nj,140,Meerut Division,communicable_diseases,Success rate of positive tuberculosis cases,indicator_2,139,100.0,communicable_diseases,2022
p,2021-04-01,Bagpat,HJIS3IrQ0Nj,140,Meerut Division,ANC,% of severe anaemic PW treated,indicator_4,139,45.81589958158995,ANC,2022
p,2021-04-01,Bagpat,HJIS3IrQ0Nj,140,Meerut Division,PNC,% of new born breastfed within one hour of birth,indicator_5,139,91.17393757609956,PNC,2022
p,2021-04-01,Bagpat,HJIS3IrQ0Nj,140,Meerut Division,delivery_care,% of live babies weighted at birth,indicator_6,139,94.33670893594277,delivery_care,2022
p,2021-04-01,Sant Kabir Nagar,fe1yBApr2sl,185,Basti Division,ANC,% ANC registered in First trimester,indicator_1,186,62.2430039977156,ANC,2022
p,2021-04-01,Sant Kabir Nagar,fe1yBApr2sl,185,Basti Division,communicable_diseases,Success rate of positive tuberculosis cases,indicator_2,186,100.0,communicable_diseases,2022
p,2021-04-01,Sant Kabir Nagar,fe1yBApr2sl,185,Basti Division,ANC,% of severe anaemic PW treated,indicator_4,186,18.474758324382385,ANC,2022
p,2021-04-01,Sant Kabir Nagar,fe1yBApr2sl,185,Basti Division,PNC,% of new born breastfed within one hour of birth,indicator_5,186,95.40456261283441,PNC,2022
p,2021-04-01,Sant Kabir Nagar,fe1yBApr2sl,185,Basti Division,delivery_care,% of live babies weighted at birth,indicator_6,186,97.3379287707205,delivery_care,2022
p,2021-04-01,Mirzapur,UAicdMLyuk4,200,Mirzapur Division,ANC,% ANC registered in First trimester,indicator_1,199,74.72743237639943,ANC,2022
p,2021-04-01,Mirzapur,UAicdMLyuk4,200,Mirzapur Division,communicable_diseases,Success rate of positive tuberculosis cases,indicator_2,199,100.0,communicable_diseases,2022
p,2021-04-01,Mirzapur,UAicdMLyuk4,200,Mirzapur Division,ANC,% of severe anaemic PW treated,indicator_4,199,29.455314648334213,ANC,2022
p,2021-04-01,Mirzapur,UAicdMLyuk4,200,Mirzapur Division,PNC,% of new born breastfed within one hour of birth,indicator_5,199,95.02243982048144,PNC,2022
p,2021-04-01,Mirzapur,UAicdMLyuk4,200,Mirzapur Division,delivery_care,% of live babies weighted at birth,indicator_6,199,99.77152182782538,delivery_care,2022
p,2021-04-01,Kannauj,IhQbDYRiF8w,161,Kanpur Nagar Division,ANC,% ANC registered in First trimester,indicator_1,160,61.321439877837584,ANC,2022
p,2021-04-01,Kannauj,IhQbDYRiF8w,161,Kanpur Nagar Division,communicable_diseases,Success rate of positive tuberculosis cases,indicator_2,160,100.0,communicable_diseases,2022
p,2021-04-01,Kannauj,IhQbDYRiF8w,161,Kanpur Nagar Division,ANC,% of severe anaemic PW treated,indicator_4,160,38.02742616033756,ANC,2022
p,2021-04-01,Kannauj,IhQbDYRiF8w,161,Kanpur Nagar Division,PNC,% of new born breastfed within one hour of birth,indicator_5,160,94.72535661060249,PNC,2022
p,2021-04-01,Kannauj,IhQbDYRiF8w,161,Kanpur Nagar Division,delivery_care,% of live babies weighted at birth,indicator_6,160,98.45646157121568,delivery_care,2022
p,2021-04-01,Unnav,aT03mfdlNiF,155,Lucknow Division,ANC,% ANC registered in First trimester,indicator_1,156,79.56655113342099,ANC,2022
p,2021-04-01,Unnav,aT03mfdlNiF,155,Lucknow Division,communicable_diseases,Success rate of positive tuberculosis cases,indicator_2,156,100.0,communicable_diseases,2022
p,2021-04-01,Unnav,aT03mfdlNiF,155,Lucknow Division,ANC,% of severe anaemic PW treated,indicator_4,156,61.8568894145476,ANC,2022
p,2021-04-01,Unnav,aT03mfdlNiF,155,Lucknow Division,PNC,% of new born breastfed within one hour of birth,indicator_5,156,75.36913144395248,PNC,2022
p,2021-04-01,Unnav,aT03mfdlNiF,155,Lucknow Division,delivery_care,% of live babies weighted at birth,indicator_6,156,75.7124188105873,delivery_care,2022
p,2021-04-01,Moradabad,YQNQoPjAIpV,134,Moradabad Division,ANC,% ANC registered in First trimester,indicator_1,135,65.24715660542432,ANC,2022
p,2021-04-01,Moradabad,YQNQoPjAIpV,134,Moradabad Division,communicable_diseases,Success rate of positive tuberculosis cases,indicator_2,135,100.0,communicable_diseases,2022
p,2021-04-01,Moradabad,YQNQoPjAIpV,134,Moradabad Division,ANC,% of severe anaemic PW treated,indicator_4,135,31.685236768802234,ANC,2022
p,2021-04-01,Moradabad,YQNQoPjAIpV,134,Moradabad Division,PNC,% of new born breastfed within one hour of birth,indicator_5,135,98.2811760643536,PNC,2022
p,2021-04-01,Moradabad,YQNQoPjAIpV,134,Moradabad Division,delivery_care,% of live babies weighted at birth,indicator_6,135,99.08303812361721,delivery_care,2022
p,2021-04-01,Bijnor,uCYjHW7FuGG,134,Moradabad Division,ANC,% ANC registered in First trimester,indicator_1,134,76.3470860801791,ANC,2022
p,2021-04-01,Bijnor,uCYjHW7FuGG,134,Moradabad Division,communicable_diseases,Success rate of positive tuberculosis cases,indicator_2,134,100.0,communicable_diseases,2022
p,2021-04-01,Bijnor,uCYjHW7FuGG,134,Moradabad Division,ANC,% of severe anaemic PW treated,indicator_4,134,37.32181425485961,ANC,2022
p,2021-04-01,Bijnor,uCYjHW7FuGG,134,Moradabad Division,PNC,% of new born breastfed within one hour of birth,indicator_5,134,85.96272870251984,PNC,2022
p,2021-04-01,Bijnor,uCYjHW7FuGG,134,Moradabad Division,delivery_care,% of live babies weighted at birth,indicator_6,134,99.44443815838603,delivery_care,2022
p,2021-04-01,Shamli,AdiUcz9BXhx,132,Saharanpur Division,ANC,% ANC registered in First trimester,indicator_1,203,75.49146297874681,ANC,2022
p,2021-04-01,Shamli,AdiUcz9BXhx,132,Saharanpur Division,communicable_diseases,Success rate of positive tuberculosis cases,indicator_2,203,100.0,communicable_diseases,2022
p,2021-04-01,Shamli,AdiUcz9BXhx,132,Saharanpur Division,ANC,% of severe anaemic PW treated,indicator_4,203,85.8040859088528,ANC,2022
p,2021-04-01,Shamli,AdiUcz9BXhx,132,Saharanpur Division,PNC,% of new born breastfed within one hour of birth,indicator_5,203,97.83346292500177,PNC,2022
p,2021-04-01,Shamli,AdiUcz9BXhx,132,Saharanpur Division,delivery_care,% of live babies weighted at birth,indicator_6,203,98.19042906623312,delivery_care,2022
p,2021-04-01,Bhadohi,PeUY1vj02UQ,200,Mirzapur Division,ANC,% ANC registered in First trimester,indicator_1,198,77.66011678561497,ANC,2022
p,2021-04-01,Bhadohi,PeUY1vj02UQ,200,Mirzapur Division,communicable_diseases,Success rate of positive tuberculosis cases,indicator_2,198,100.0,communicable_diseases,2022
p,2021-04-01,Bhadohi,PeUY1vj02UQ,200,Mirzapur Division,ANC,% of severe anaemic PW treated,indicator_4,198,40.22038567493114,ANC,2022
p,2021-04-01,Bhadohi,PeUY1vj02UQ,200,Mirzapur Division,PNC,% of new born breastfed within one hour of birth,indicator_5,198,96.32107023411372,PNC,2022
p,2021-04-01,Bhadohi,PeUY1vj02UQ,200,Mirzapur Division,delivery_care,% of live babies weighted at birth,indicator_6,198,98.32775919732441,delivery_care,2022
p,2021-04-01,Gonda,y8WarEkWCul,182,Gonda Division,ANC,% ANC registered in First trimester,indicator_1,183,74.65113974987234,ANC,2022
p,2021-04-01,Gonda,y8WarEkWCul,182,Gonda Division,communicable_diseases,Success rate of positive tuberculosis cases,indicator_2,183,100.0,communicable_diseases,2022
p,2021-04-01,Gonda,y8WarEkWCul,182,Gonda Division,ANC,% of severe anaemic PW treated,indicator_4,183,56.67526604321187,ANC,2022
p,2021-04-01,Gonda,y8WarEkWCul,182,Gonda Division,PNC,% of new born breastfed within one hour of birth,indicator_5,183,91.88808107512669,PNC,2022
p,2021-04-01,Gonda,y8WarEkWCul,182,Gonda Division,delivery_care,% of live babies weighted at birth,indicator_6,183,92.68708232356613,delivery_care,2022
p,2021-04-01,Agra,N5WWbRtsjWp,146,Agra Division,ANC,% ANC registered in First trimester,indicator_1,146,53.0425743860713,ANC,2022
p,2021-04-01,Agra,N5WWbRtsjWp,146,Agra Division,communicable_diseases,Success rate of positive tuberculosis cases,indicator_2,146,100.0,communicable_diseases,2022
p,2021-04-01,Agra,N5WWbRtsjWp,146,Agra Division,ANC,% of severe anaemic PW treated,indicator_4,146,47.50242954324587,ANC,2022
p,2021-04-01,Agra,N5WWbRtsjWp,146,Agra Division,PNC,% of new born breastfed within one hour of birth,indicator_5,146,96.86199890347342,PNC,2022
p,2021-04-01,Agra,N5WWbRtsjWp,146,Agra Division,delivery_care,% of live babies weighted at birth,indicator_6,146,97.28770922694876,delivery_care,2022
p,2021-04-01,Deoria,Tf9b9qcbghH,188,Gorakhpur Division,ANC,% ANC registered in First trimester,indicator_1,190,47.73505574369316,ANC,2022
p,2021-04-01,Deoria,Tf9b9qcbghH,188,Gorakhpur Division,communicable_diseases,Success rate of positive tuberculosis cases,indicator_2,190,100.0,communicable_diseases,2022
p,2021-04-01,Deoria,Tf9b9qcbghH,188,Gorakhpur Division,ANC,% of severe anaemic PW treated,indicator_4,190,6.575963718820861,ANC,2022
p,2021-04-01,Deoria,Tf9b9qcbghH,188,Gorakhpur Division,PNC,% of new born breastfed within one hour of birth,indicator_5,190,90.13747400858652,PNC,2022
p,2021-04-01,Deoria,Tf9b9qcbghH,188,Gorakhpur Division,delivery_care,% of live babies weighted at birth,indicator_6,190,90.44114347260245,delivery_care,2022
p,2021-04-01,Ambedkar Nagar,jM27ji8tyrM,176,Ayodhya Division,ANC,% ANC registered in First trimester,indicator_1,178,78.21098588689208,ANC,2022
p,2021-04-01,Ambedkar Nagar,jM27ji8tyrM,176,Ayodhya Division,communicable_diseases,Success rate of positive tuberculosis cases,indicator_2,178,100.0,communicable_diseases,2022
p,2021-04-01,Ambedkar Nagar,jM27ji8tyrM,176,Ayodhya Division,ANC,% of severe anaemic PW treated,indicator_4,178,84.08888888888889,ANC,2022
p,2021-04-01,Ambedkar Nagar,jM27ji8tyrM,176,Ayodhya Division,PNC,% of new born breastfed within one hour of birth,indicator_5,178,97.1132818195072,PNC,2022
p,2021-04-01,Ambedkar Nagar,jM27ji8tyrM,176,Ayodhya Division,delivery_care,% of live babies weighted at birth,indicator_6,178,98.6645283569033,delivery_care,2022
p,2021-04-01,Meerut,v8YGmR7nOdj,140,Meerut Division,ANC,% ANC registered in First trimester,indicator_1,138,46.28473164992307,ANC,2022
p,2021-04-01,Meerut,v8YGmR7nOdj,140,Meerut Division,communicable_diseases,Success rate of positive tuberculosis cases,indicator_2,138,100.0,communicable_diseases,2022
p,2021-04-01,Meerut,v8YGmR7nOdj,140,Meerut Division,ANC,% of severe anaemic PW treated,indicator_4,138,29.56972841013122,ANC,2022
p,2021-04-01,Meerut,v8YGmR7nOdj,140,Meerut Division,PNC,% of new born breastfed within one hour of birth,indicator_5,138,87.21943004499643,PNC,2022
p,2021-04-01,Meerut,v8YGmR7nOdj,140,Meerut Division,delivery_care,% of live babies weighted at birth,indicator_6,138,92.95581927742546,delivery_care,2022
p,2021-04-01,Gorakhpur,vR85cHdsw1w,188,Gorakhpur Division,ANC,% ANC registered in First trimester,indicator_1,188,44.57650184693149,ANC,2022
p,2021-04-01,Gorakhpur,vR85cHdsw1w,188,Gorakhpur Division,communicable_diseases,Success rate of positive tuberculosis cases,indicator_2,188,100.0,communicable_diseases,2022
p,2021-04-01,Gorakhpur,vR85cHdsw1w,188,Gorakhpur Division,ANC,% of severe anaemic PW treated,indicator_4,188,19.025157232704405,ANC,2022
p,2021-04-01,Gorakhpur,vR85cHdsw1w,188,Gorakhpur Division,PNC,% of new born breastfed within one hour of birth,indicator_5,188,94.05230351359822,PNC,2022
p,2021-04-01,Gorakhpur,vR85cHdsw1w,188,Gorakhpur Division,delivery_care,% of live babies weighted at birth,indicator_6,188,97.56241947278616,delivery_care,2022
p,2021-04-01,Varanasi,LeuBT7KfuuA,195,Varanasi Division,ANC,% ANC registered in First trimester,indicator_1,197,55.03992934162588,ANC,2022
p,2021-04-01,Varanasi,LeuBT7KfuuA,195,Varanasi Division,communicable_diseases,Success rate of positive tuberculosis cases,indicator_2,197,100.0,communicable_diseases,2022
p,2021-04-01,Varanasi,LeuBT7KfuuA,195,Varanasi Division,ANC,% of severe anaemic PW treated,indicator_4,197,28.85696439725172,ANC,2022
p,2021-04-01,Varanasi,LeuBT7KfuuA,195,Varanasi Division,PNC,% of new born breastfed within one hour of birth,indicator_5,197,93.65412710007305,PNC,2022
p,2021-04-01,Varanasi,LeuBT7KfuuA,195,Varanasi Division,delivery_care,% of live babies weighted at birth,indicator_6,197,95.71767713659605,delivery_care,2022
p,2021-04-01,Amroha,hgquAmZaNBu,134,Moradabad Division,ANC,% ANC registered in First trimester,indicator_1,137,63.59429982308456,ANC,2022
p,2021-04-01,Amroha,hgquAmZaNBu,134,Moradabad Division,communicable_diseases,Success rate of positive tuberculosis cases,indicator_2,137,100.0,communicable_diseases,2022
p,2021-04-01,Amroha,hgquAmZaNBu,134,Moradabad Division,ANC,% of severe anaemic PW treated,indicator_4,137,11.475932419509089,ANC,2022
p,2021-04-01,Amroha,hgquAmZaNBu,134,Moradabad Division,PNC,% of new born breastfed within one hour of birth,indicator_5,137,92.36803540128156,PNC,2022
p,2021-04-01,Amroha,hgquAmZaNBu,134,Moradabad Division,delivery_care,% of live babies weighted at birth,indicator_6,137,94.14384644119423,delivery_care,2022
p,2021-04-01,Farrukhabad,uEEwlAGZXWW,161,Kanpur Nagar Division,ANC,% ANC registered in First trimester,indicator_1,159,62.69234090320352,ANC,2022
p,2021-04-01,Farrukhabad,uEEwlAGZXWW,161,Kanpur Nagar Division,communicable_diseases,Success rate of positive tuberculosis cases,indicator_2,159,100.0,communicable_diseases,2022
p,2021-04-01,Farrukhabad,uEEwlAGZXWW,161,Kanpur Nagar Division,ANC,% of severe anaemic PW treated,indicator_4,159,22.84710017574693,ANC,2022
p,2021-04-01,Farrukhabad,uEEwlAGZXWW,161,Kanpur Nagar Division,PNC,% of new born breastfed within one hour of birth,indicator_5,159,91.259515361053,PNC,2022
p,2021-04-01,Farrukhabad,uEEwlAGZXWW,161,Kanpur Nagar Division,delivery_care,% of live babies weighted at birth,indicator_6,159,92.839596033118,delivery_care,2022
p,2021-04-01,Muzaffarnagar,MVQs2RrS1Nw,132,Saharanpur Division,ANC,% ANC registered in First trimester,indicator_1,133,52.60474351682781,ANC,2022
p,2021-04-01,Muzaffarnagar,MVQs2RrS1Nw,132,Saharanpur Division,communicable_diseases,Success rate of positive tuberculosis cases,indicator_2,133,100.0,communicable_diseases,2022
p,2021-04-01,Muzaffarnagar,MVQs2RrS1Nw,132,Saharanpur Division,ANC,% of severe anaemic PW treated,indicator_4,133,45.70552147239265,ANC,2022
p,2021-04-01,Muzaffarnagar,MVQs2RrS1Nw,132,Saharanpur Division,PNC,% of new born breastfed within one hour of birth,indicator_5,133,97.17122486951081,PNC,2022
p,2021-04-01,Muzaffarnagar,MVQs2RrS1Nw,132,Saharanpur Division,delivery_care,% of live babies weighted at birth,indicator_6,133,98.58231933215879,delivery_care,2022
p,2021-04-01,Ayodhya,b4XkXzoGqFY,176,Ayodhya Division,ANC,% ANC registered in First trimester,indicator_1,177,62.746603105347496,ANC,2022
p,2021-04-01,Ayodhya,b4XkXzoGqFY,176,Ayodhya Division,communicable_diseases,Success rate of positive tuberculosis cases,indicator_2,177,100.0,communicable_diseases,2022
p,2021-04-01,Ayodhya,b4XkXzoGqFY,176,Ayodhya Division,ANC,% of severe anaemic PW treated,indicator_4,177,46.83609958506224,ANC,2022
p,2021-04-01,Ayodhya,b4XkXzoGqFY,176,Ayodhya Division,PNC,% of new born breastfed within one hour of birth,indicator_5,177,55.34060054304425,PNC,2022
p,2021-04-01,Ayodhya,b4XkXzoGqFY,176,Ayodhya Division,delivery_care,% of live babies weighted at birth,indicator_6,177,58.38923494649417,delivery_care,2022
p,2021-04-01,Ghaziabad,M5NHlfAaKYI,140,Meerut Division,ANC,% ANC registered in First trimester,indicator_1,140,78.73241110694596,ANC,2022
p,2021-04-01,Ghaziabad,M5NHlfAaKYI,140,Meerut Division,communicable_diseases,Success rate of positive tuberculosis cases,indicator_2,140,100.0,communicable_diseases,2022
p,2021-04-01,Ghaziabad,M5NHlfAaKYI,140,Meerut Division,ANC,% of severe anaemic PW treated,indicator_4,140,70.48507462686567,ANC,2022
p,2021-04-01,Ghaziabad,M5NHlfAaKYI,140,Meerut Division,PNC,% of new born breastfed within one hour of birth,indicator_5,140,85.25865375395531,PNC,2022
p,2021-04-01,Ghaziabad,M5NHlfAaKYI,140,Meerut Division,delivery_care,% of live babies weighted at birth,indicator_6,140,91.63030971329944,delivery_care,2022
p,2021-04-01,Kushinagar,xUeHwd9FQkg,188,Gorakhpur Division,ANC,% ANC registered in First trimester,indicator_1,189,72.74001731210718,ANC,2022
p,2021-04-01,Kushinagar,xUeHwd9FQkg,188,Gorakhpur Division,communicable_diseases,Success rate of positive tuberculosis cases,indicator_2,189,100.0,communicable_diseases,2022
p,2021-04-01,Kushinagar,xUeHwd9FQkg,188,Gorakhpur Division,ANC,% of severe anaemic PW treated,indicator_4,189,4.4198895027624285,ANC,2022
p,2021-04-01,Kushinagar,xUeHwd9FQkg,188,Gorakhpur Division,PNC,% of new born breastfed within one hour of birth,indicator_5,189,95.31950267456993,PNC,2022
p,2021-04-01,Kushinagar,xUeHwd9FQkg,188,Gorakhpur Division,delivery_care,% of live babies weighted at birth,indicator_6,189,97.5224085586237,delivery_care,2022
p,2021-04-01,Lakhimpur Kheri,d9ZuMopgX29,155,Lucknow Division,ANC,% ANC registered in First trimester,indicator_1,153,77.81785162680968,ANC,2022
p,2021-04-01,Lakhimpur Kheri,d9ZuMopgX29,155,Lucknow Division,communicable_diseases,Success rate of positive tuberculosis cases,indicator_2,153,100.0,communicable_diseases,2022
p,2021-04-01,Lakhimpur Kheri,d9ZuMopgX29,155,Lucknow Division,ANC,% of severe anaemic PW treated,indicator_4,153,78.9265129682997,ANC,2022
p,2021-04-01,Lakhimpur Kheri,d9ZuMopgX29,155,Lucknow Division,PNC,% of new born breastfed within one hour of birth,indicator_5,153,96.38013756517442,PNC,2022
p,2021-04-01,Lakhimpur Kheri,d9ZuMopgX29,155,Lucknow Division,delivery_care,% of live babies weighted at birth,indicator_6,153,98.81028228165756,delivery_care,2022
p,2021-04-01,Hapur,CZ8kLjgqvSH,140,Meerut Division,ANC,% ANC registered in First trimester,indicator_1,204,89.8021308980213,ANC,2022
p,2021-04-01,Hapur,CZ8kLjgqvSH,140,Meerut Division,communicable_diseases,Success rate of positive tuberculosis cases,indicator_2,204,100.0,communicable_diseases,2022
p,2021-04-01,Hapur,CZ8kLjgqvSH,140,Meerut Division,ANC,% of severe anaemic PW treated,indicator_4,204,54.21263791374122,ANC,2022
p,2021-04-01,Hapur,CZ8kLjgqvSH,140,Meerut Division,PNC,% of new born breastfed within one hour of birth,indicator_5,204,97.09950315563314,PNC,2022
p,2021-04-01,Hapur,CZ8kLjgqvSH,140,Meerut Division,delivery_care,% of live babies weighted at birth,indicator_6,204,98.61017859540756,delivery_care,2022
p,2021-04-01,Mahoba,sUQMxIc3yXj,170,Chitrakoot Division,ANC,% ANC registered in First trimester,indicator_1,169,55.61219845243514,ANC,2022
p,2021-04-01,Mahoba,sUQMxIc3yXj,170,Chitrakoot Division,communicable_diseases,Success rate of positive tuberculosis cases,indicator_2,169,100.0,communicable_diseases,2022
p,2021-04-01,Mahoba,sUQMxIc3yXj,170,Chitrakoot Division,ANC,% of severe anaemic PW treated,indicator_4,169,59.24528301886792,ANC,2022
p,2021-04-01,Mahoba,sUQMxIc3yXj,170,Chitrakoot Division,PNC,% of new born breastfed within one hour of birth,indicator_5,169,88.53565402717342,PNC,2022
p,2021-04-01,Mahoba,sUQMxIc3yXj,170,Chitrakoot Division,delivery_care,% of live babies weighted at birth,indicator_6,169,97.79770890684664,delivery_care,2022
p,2021-04-01,Siddharth Nagar,cP0p8qfm3il,185,Basti Division,ANC,% ANC registered in First trimester,indicator_1,184,68.95485736180292,ANC,2022
p,2021-04-01,Siddharth Nagar,cP0p8qfm3il,185,Basti Division,communicable_diseases,Success rate of positive tuberculosis cases,indicator_2,184,100.0,communicable_diseases,2022
p,2021-04-01,Siddharth Nagar,cP0p8qfm3il,185,Basti Division,ANC,% of severe anaemic PW treated,indicator_4,184,39.46488294314381,ANC,2022
p,2021-04-01,Siddharth Nagar,cP0p8qfm3il,185,Basti Division,PNC,% of new born breastfed within one hour of birth,indicator_5,184,95.41454552336252,PNC,2022
p,2021-04-01,Siddharth Nagar,cP0p8qfm3il,185,Basti Division,delivery_care,% of live babies weighted at birth,indicator_6,184,96.86985484756157,delivery_care,2022
p,2021-04-01,Kanpur Dehat,k3D0AumUCiC,161,Kanpur Nagar Division,ANC,% ANC registered in First trimester,indicator_1,163,42.897189456822474,ANC,2022
p,2021-04-01,Kanpur Dehat,k3D0AumUCiC,161,Kanpur Nagar Division,communicable_diseases,Success rate of positive tuberculosis cases,indicator_2,163,100.0,communicable_diseases,2022
p,2021-04-01,Kanpur Dehat,k3D0AumUCiC,161,Kanpur Nagar Division,ANC,% of severe anaemic PW treated,indicator_4,163,58.98452994843316,ANC,2022
p,2021-04-01,Kanpur Dehat,k3D0AumUCiC,161,Kanpur Nagar Division,PNC,% of new born breastfed within one hour of birth,indicator_5,163,92.49688314632212,PNC,2022
p,2021-04-01,Kanpur Dehat,k3D0AumUCiC,161,Kanpur Nagar Division,delivery_care,% of live babies weighted at birth,indicator_6,163,95.30771846310778,delivery_care,2022
p,2021-04-01,Rae Bareli,lLvTDpBDY8u,155,Lucknow Division,ANC,% ANC registered in First trimester,indicator_1,158,65.51433110478587,ANC,2022
p,2021-04-01,Rae Bareli,lLvTDpBDY8u,155,Lucknow Division,communicable_diseases,Success rate of positive tuberculosis cases,indicator_2,158,100.0,communicable_diseases,2022
p,2021-04-01,Rae Bareli,lLvTDpBDY8u,155,Lucknow Division,ANC,% of severe anaemic PW treated,indicator_4,158,45.88918677390528,ANC,2022
p,2021-04-01,Rae Bareli,lLvTDpBDY8u,155,Lucknow Division,PNC,% of new born breastfed within one hour of birth,indicator_5,158,92.47886257519035,PNC,2022
p,2021-04-01,Rae Bareli,lLvTDpBDY8u,155,Lucknow Division,delivery_care,% of live babies weighted at birth,indicator_6,158,96.93980566188532,delivery_care,2022
p,2021-04-01,Mathura,KP2BUB1npih,146,Agra Division,ANC,% ANC registered in First trimester,indicator_1,145,56.21231773542954,ANC,2022
p,2021-04-01,Mathura,KP2BUB1npih,146,Agra Division,communicable_diseases,Success rate of positive tuberculosis cases,indicator_2,145,100.0,communicable_diseases,2022
p,2021-04-01,Mathura,KP2BUB1npih,146,Agra Division,ANC,% of severe anaemic PW treated,indicator_4,145,46.03559870550161,ANC,2022
p,2021-04-01,Mathura,KP2BUB1npih,146,Agra Division,PNC,% of new born breastfed within one hour of birth,indicator_5,145,69.82211538461539,PNC,2022
p,2021-04-01,Mathura,KP2BUB1npih,146,Agra Division,delivery_care,% of live babies weighted at birth,indicator_6,145,71.30769230769229,delivery_care,2022
p,2021-04-01,Etah,ZLcx4iOVyN5,201,Alligarh Division,ANC,% ANC registered in First trimester,indicator_1,201,57.25465233833826,ANC,2022
p,2021-04-01,Etah,ZLcx4iOVyN5,201,Alligarh Division,communicable_diseases,Success rate of positive tuberculosis cases,indicator_2,201,100.0,communicable_diseases,2022
p,2021-04-01,Etah,ZLcx4iOVyN5,201,Alligarh Division,ANC,% of severe anaemic PW treated,indicator_4,201,31.091224018475753,ANC,2022
p,2021-04-01,Etah,ZLcx4iOVyN5,201,Alligarh Division,PNC,% of new born breastfed within one hour of birth,indicator_5,201,90.67627539595293,PNC,2022
p,2021-04-01,Etah,ZLcx4iOVyN5,201,Alligarh Division,delivery_care,% of live babies weighted at birth,indicator_6,201,92.23565815724115,delivery_care,2022
p,2021-04-01,Pratapgarh,fz7bJo3egPX,172,Prayagraj Division,ANC,% ANC registered in First trimester,indicator_1,173,75.91895870819994,ANC,2022
p,2021-04-01,Pratapgarh,fz7bJo3egPX,172,Prayagraj Division,communicable_diseases,Success rate of positive tuberculosis cases,indicator_2,173,100.0,communicable_diseases,2022
p,2021-04-01,Pratapgarh,fz7bJo3egPX,172,Prayagraj Division,ANC,% of severe anaemic PW treated,indicator_4,173,18.790662074244164,ANC,2022
p,2021-04-01,Pratapgarh,fz7bJo3egPX,172,Prayagraj Division,PNC,% of new born breastfed within one hour of birth,indicator_5,173,86.73272594267473,PNC,2022
p,2021-04-01,Pratapgarh,fz7bJo3egPX,172,Prayagraj Division,delivery_care,% of live babies weighted at birth,indicator_6,173,88.24898583494048,delivery_care,2022
p,2021-04-01,Basti,J1P16zQEOUT,185,Basti Division,ANC,% ANC registered in First trimester,indicator_1,185,80.02686230534331,ANC,2022
p,2021-04-01,Basti,J1P16zQEOUT,185,Basti Division,communicable_diseases,Success rate of positive tuberculosis cases,indicator_2,185,100.0,communicable_diseases,2022
p,2021-04-01,Basti,J1P16zQEOUT,185,Basti Division,ANC,% of severe anaemic PW treated,indicator_4,185,28.177196804647785,ANC,2022
p,2021-04-01,Basti,J1P16zQEOUT,185,Basti Division,PNC,% of new born breastfed within one hour of birth,indicator_5,185,92.33180555225724,PNC,2022
p,2021-04-01,Basti,J1P16zQEOUT,185,Basti Division,delivery_care,% of live babies weighted at birth,indicator_6,185,97.99330309435038,delivery_care,2022
p,2021-04-01,Hathras,m1IAjmqkoFC,201,Alligarh Division,ANC,% ANC registered in First trimester,indicator_1,144,67.0988350244269,ANC,2022
p,2021-04-01,Hathras,m1IAjmqkoFC,201,Alligarh Division,communicable_diseases,Success rate of positive tuberculosis cases,indicator_2,144,100.0,communicable_diseases,2022
p,2021-04-01,Hathras,m1IAjmqkoFC,201,Alligarh Division,ANC,% of severe anaemic PW treated,indicator_4,144,55.58712121212122,ANC,2022
p,2021-04-01,Hathras,m1IAjmqkoFC,201,Alligarh Division,PNC,% of new born breastfed within one hour of birth,indicator_5,144,94.61390759059864,PNC,2022
p,2021-04-01,Hathras,m1IAjmqkoFC,201,Alligarh Division,delivery_care,% of live babies weighted at birth,indicator_6,144,95.07085044843592,delivery_care,2022
p,2021-04-01,Shrawasti,oyTwneTbWDx,182,Gonda Division,ANC,% ANC registered in First trimester,indicator_1,181,87.85518795782015,ANC,2022
p,2021-04-01,Shrawasti,oyTwneTbWDx,182,Gonda Division,communicable_diseases,Success rate of positive tuberculosis cases,indicator_2,181,100.0,communicable_diseases,2022
p,2021-04-01,Shrawasti,oyTwneTbWDx,182,Gonda Division,ANC,% of severe anaemic PW treated,indicator_4,181,68.85644768856449,ANC,2022
p,2021-04-01,Shrawasti,oyTwneTbWDx,182,Gonda Division,PNC,% of new born breastfed within one hour of birth,indicator_5,181,94.16863239892479,PNC,2022
p,2021-04-01,Shrawasti,oyTwneTbWDx,182,Gonda Division,delivery_care,% of live babies weighted at birth,indicator_6,181,97.58900652805971,delivery_care,2022
p,2021-04-01,Banda,DggJGxqbWHn,170,Chitrakoot Division,ANC,% ANC registered in First trimester,indicator_1,170,37.8720763887692,ANC,2022
p,2021-04-01,Banda,DggJGxqbWHn,170,Chitrakoot Division,communicable_diseases,Success rate of positive tuberculosis cases,indicator_2,170,100.0,communicable_diseases,2022
p,2021-04-01,Banda,DggJGxqbWHn,170,Chitrakoot Division,ANC,% of severe anaemic PW treated,indicator_4,170,53.20097244732578,ANC,2022
p,2021-04-01,Banda,DggJGxqbWHn,170,Chitrakoot Division,PNC,% of new born breastfed within one hour of birth,indicator_5,170,82.43443701195108,PNC,2022
p,2021-04-01,Banda,DggJGxqbWHn,170,Chitrakoot Division,delivery_care,% of live babies weighted at birth,indicator_6,170,88.5919001371435,delivery_care,2022
p,2021-04-01,Amethi,StsLkYw1G0m,176,Ayodhya Division,ANC,% ANC registered in First trimester,indicator_1,206,87.96484719696016,ANC,2022
p,2021-04-01,Amethi,StsLkYw1G0m,176,Ayodhya Division,communicable_diseases,Success rate of positive tuberculosis cases,indicator_2,206,100.0,communicable_diseases,2022
p,2021-04-01,Amethi,StsLkYw1G0m,176,Ayodhya Division,ANC,% of severe anaemic PW treated,indicator_4,206,31.9567354965585,ANC,2022
p,2021-04-01,Amethi,StsLkYw1G0m,176,Ayodhya Division,PNC,% of new born breastfed within one hour of birth,indicator_5,206,97.42512389571213,PNC,2022
p,2021-04-01,Amethi,StsLkYw1G0m,176,Ayodhya Division,delivery_care,% of live babies weighted at birth,indicator_6,206,98.35164835164836,delivery_care,2022
p,2021-04-01,Rampur,IU006h5U7jj,134,Moradabad Division,ANC,% ANC registered in First trimester,indicator_1,136,88.85344422449766,ANC,2022
p,2021-04-01,Rampur,IU006h5U7jj,134,Moradabad Division,communicable_diseases,Success rate of positive tuberculosis cases,indicator_2,136,100.0,communicable_diseases,2022
p,2021-04-01,Rampur,IU006h5U7jj,134,Moradabad Division,ANC,% of severe anaemic PW treated,indicator_4,136,40.411788453774726,ANC,2022
p,2021-04-01,Rampur,IU006h5U7jj,134,Moradabad Division,PNC,% of new born breastfed within one hour of birth,indicator_5,136,90.2692152055414,PNC,2022
p,2021-04-01,Rampur,IU006h5U7jj,134,Moradabad Division,delivery_care,% of live babies weighted at birth,indicator_6,136,96.07007688462544,delivery_care,2022
p,2021-04-01,Sonbhadra,NNk3JP90QZ5,200,Mirzapur Division,ANC,% ANC registered in First trimester,indicator_1,200,81.35372193143856,ANC,2022
p,2021-04-01,Sonbhadra,NNk3JP90QZ5,200,Mirzapur Division,communicable_diseases,Success rate of positive tuberculosis cases,indicator_2,200,100.0,communicable_diseases,2022
p,2021-04-01,Sonbhadra,NNk3JP90QZ5,200,Mirzapur Division,ANC,% of severe anaemic PW treated,indicator_4,200,91.11271676300579,ANC,2022
p,2021-04-01,Sonbhadra,NNk3JP90QZ5,200,Mirzapur Division,PNC,% of new born breastfed within one hour of birth,indicator_5,200,97.09508250734469,PNC,2022
p,2021-04-01,Sonbhadra,NNk3JP90QZ5,200,Mirzapur Division,delivery_care,% of live babies weighted at birth,indicator_6,200,98.42947749924494,delivery_care,2022
p,2021-04-01,Kanpur Nagar,QVMRMhzVrrS,161,Kanpur Nagar Division,ANC,% ANC registered in First trimester,indicator_1,164,35.466537185400995,ANC,2022
p,2021-04-01,Kanpur Nagar,QVMRMhzVrrS,161,Kanpur Nagar Division,communicable_diseases,Success rate of positive tuberculosis cases,indicator_2,164,100.0,communicable_diseases,2022
p,2021-04-01,Kanpur Nagar,QVMRMhzVrrS,161,Kanpur Nagar Division,ANC,% of severe anaemic PW treated,indicator_4,164,64.47806354009077,ANC,2022
p,2021-04-01,Kanpur Nagar,QVMRMhzVrrS,161,Kanpur Nagar Division,PNC,% of new born breastfed within one hour of birth,indicator_5,164,49.28325864080054,PNC,2022
p,2021-04-01,Kanpur Nagar,QVMRMhzVrrS,161,Kanpur Nagar Division,delivery_care,% of live babies weighted at birth,indicator_6,164,52.54005770765547,delivery_care,2022
p,2021-04-01,Bulandshahar,ogBt4gWCiem,140,Meerut Division,ANC,% ANC registered in First trimester,indicator_1,142,49.135775198996534,ANC,2022
p,2021-04-01,Bulandshahar,ogBt4gWCiem,140,Meerut Division,communicable_diseases,Success rate of positive tuberculosis cases,indicator_2,142,100.0,communicable_diseases,2022
p,2021-04-01,Bulandshahar,ogBt4gWCiem,140,Meerut Division,ANC,% of severe anaemic PW treated,indicator_4,142,42.800453514739225,ANC,2022
p,2021-04-01,Bulandshahar,ogBt4gWCiem,140,Meerut Division,PNC,% of new born breastfed within one hour of birth,indicator_5,142,97.7709548664415,PNC,2022
p,2021-04-01,Bulandshahar,ogBt4gWCiem,140,Meerut Division,delivery_care,% of live babies weighted at birth,indicator_6,142,98.79521031624195,delivery_care,2022
p,2021-04-01,Saharanpur,FKYZ3JbWq84,132,Saharanpur Division,ANC,% ANC registered in First trimester,indicator_1,132,74.4450964571261,ANC,2022
p,2021-04-01,Saharanpur,FKYZ3JbWq84,132,Saharanpur Division,communicable_diseases,Success rate of positive tuberculosis cases,indicator_2,132,100.0,communicable_diseases,2022
p,2021-04-01,Saharanpur,FKYZ3JbWq84,132,Saharanpur Division,ANC,% of severe anaemic PW treated,indicator_4,132,74.60958535271945,ANC,2022
p,2021-04-01,Saharanpur,FKYZ3JbWq84,132,Saharanpur Division,PNC,% of new born breastfed within one hour of birth,indicator_5,132,93.87661691542287,PNC,2022
p,2021-04-01,Saharanpur,FKYZ3JbWq84,132,Saharanpur Division,delivery_care,% of live babies weighted at birth,indicator_6,132,98.7910447761194,delivery_care,2022
p,2021-04-01,Shahjahanpur,GaiLSoQq1ue,150,Bareilly Division,ANC,% ANC registered in First trimester,indicator_1,152,61.7636818282531,ANC,2022
p,2021-04-01,Shahjahanpur,GaiLSoQq1ue,150,Bareilly Division,communicable_diseases,Success rate of positive tuberculosis cases,indicator_2,152,100.0,communicable_diseases,2022
p,2021-04-01,Shahjahanpur,GaiLSoQq1ue,150,Bareilly Division,ANC,% of severe anaemic PW treated,indicator_4,152,18.85836222992798,ANC,2022
p,2021-04-01,Shahjahanpur,GaiLSoQq1ue,150,Bareilly Division,PNC,% of new born breastfed within one hour of birth,indicator_5,152,93.08950781881676,PNC,2022
p,2021-04-01,Shahjahanpur,GaiLSoQq1ue,150,Bareilly Division,delivery_care,% of live babies weighted at birth,indicator_6,152,95.10915377866469,delivery_care,2022
p,2021-04-01,Jalaun,NL5xiiHZQSC,165,Jhansi Division,ANC,% ANC registered in First trimester,indicator_1,165,57.459850435209034,ANC,2022
p,2021-04-01,Jalaun,NL5xiiHZQSC,165,Jhansi Division,communicable_diseases,Success rate of positive tuberculosis cases,indicator_2,165,100.0,communicable_diseases,2022
p,2021-04-01,Jalaun,NL5xiiHZQSC,165,Jhansi Division,ANC,% of severe anaemic PW treated,indicator_4,165,46.46513895660653,ANC,2022
p,2021-04-01,Jalaun,NL5xiiHZQSC,165,Jhansi Division,PNC,% of new born breastfed within one hour of birth,indicator_5,165,91.53782138320706,PNC,2022
p,2021-04-01,Jalaun,NL5xiiHZQSC,165,Jhansi Division,delivery_care,% of live babies weighted at birth,indicator_6,165,93.03140466909026,delivery_care,2022
p,2021-04-01,Sitapur,XxaOowFtkiJ,155,Lucknow Division,ANC,% ANC registered in First trimester,indicator_1,154,81.89601272418145,ANC,2022
p,2021-04-01,Sitapur,XxaOowFtkiJ,155,Lucknow Division,communicable_diseases,Success rate of positive tuberculosis cases,indicator_2,154,100.0,communicable_diseases,2022
p,2021-04-01,Sitapur,XxaOowFtkiJ,155,Lucknow Division,ANC,% of severe anaemic PW treated,indicator_4,154,32.578486875965,ANC,2022
p,2021-04-01,Sitapur,XxaOowFtkiJ,155,Lucknow Division,PNC,% of new born breastfed within one hour of birth,indicator_5,154,94.37337449516842,PNC,2022
p,2021-04-01,Sitapur,XxaOowFtkiJ,155,Lucknow Division,delivery_care,% of live babies weighted at birth,indicator_6,154,94.54676167720379,delivery_care,2022
p,2021-04-01,Barabanki,tzH6nJu9SwS,176,Ayodhya Division,ANC,% ANC registered in First trimester,indicator_1,176,52.5714134153781,ANC,2022
p,2021-04-01,Barabanki,tzH6nJu9SwS,176,Ayodhya Division,communicable_diseases,Success rate of positive tuberculosis cases,indicator_2,176,100.0,communicable_diseases,2022
p,2021-04-01,Barabanki,tzH6nJu9SwS,176,Ayodhya Division,ANC,% of severe anaemic PW treated,indicator_4,176,49.50094415969786,ANC,2022
p,2021-04-01,Barabanki,tzH6nJu9SwS,176,Ayodhya Division,PNC,% of new born breastfed within one hour of birth,indicator_5,176,94.30726009167527,PNC,2022
p,2021-04-01,Barabanki,tzH6nJu9SwS,176,Ayodhya Division,delivery_care,% of live babies weighted at birth,indicator_6,176,96.71928138400119,delivery_care,2022
p,2021-04-01,Budaun,eA37kyBRRuZ,150,Bareilly Division,ANC,% ANC registered in First trimester,indicator_1,149,66.2433119434026,ANC,2022
p,2021-04-01,Budaun,eA37kyBRRuZ,150,Bareilly Division,communicable_diseases,Success rate of positive tuberculosis cases,indicator_2,149,100.0,communicable_diseases,2022
p,2021-04-01,Budaun,eA37kyBRRuZ,150,Bareilly Division,ANC,% of severe anaemic PW treated,indicator_4,149,40.63400576368876,ANC,2022
p,2021-04-01,Budaun,eA37kyBRRuZ,150,Bareilly Division,PNC,% of new born breastfed within one hour of birth,indicator_5,149,91.71407525820051,PNC,2022
p,2021-04-01,Budaun,eA37kyBRRuZ,150,Bareilly Division,delivery_care,% of live babies weighted at birth,indicator_6,149,93.10263764163807,delivery_care,2022
p,2021-04-01,Bareilly,vVqY3DPcpHf,150,Bareilly Division,ANC,% ANC registered in First trimester,indicator_1,150,55.232407562577116,ANC,2022
p,2021-04-01,Bareilly,vVqY3DPcpHf,150,Bareilly Division,communicable_diseases,Success rate of positive tuberculosis cases,indicator_2,150,100.0,communicable_diseases,2022
p,2021-04-01,Bareilly,vVqY3DPcpHf,150,Bareilly Division,ANC,% of severe anaemic PW treated,indicator_4,150,44.92753623188405,ANC,2022
p,2021-04-01,Bareilly,vVqY3DPcpHf,150,Bareilly Division,PNC,% of new born breastfed within one hour of birth,indicator_5,150,94.01868173853472,PNC,2022
p,2021-04-01,Bareilly,vVqY3DPcpHf,150,Bareilly Division,delivery_care,% of live babies weighted at birth,indicator_6,150,56.92265127860559,delivery_care,2022
p,2021-04-01,Mainpuri,XBLhrSWGytu,146,Agra Division,ANC,% ANC registered in First trimester,indicator_1,148,64.206701773999,ANC,2022
p,2021-04-01,Mainpuri,XBLhrSWGytu,146,Agra Division,communicable_diseases,Success rate of positive tuberculosis cases,indicator_2,148,100.0,communicable_diseases,2022
p,2021-04-01,Mainpuri,XBLhrSWGytu,146,Agra Division,ANC,% of severe anaemic PW treated,indicator_4,148,42.52427184466017,ANC,2022
p,2021-04-01,Mainpuri,XBLhrSWGytu,146,Agra Division,PNC,% of new born breastfed within one hour of birth,indicator_5,148,89.67376559956594,PNC,2022
p,2021-04-01,Mainpuri,XBLhrSWGytu,146,Agra Division,delivery_care,% of live babies weighted at birth,indicator_6,148,97.01912642430818,delivery_care,2022
p,2021-04-01,Pilibhit,c96jwckSd6j,150,Bareilly Division,ANC,% ANC registered in First trimester,indicator_1,151,83.02925527450947,ANC,2022
p,2021-04-01,Pilibhit,c96jwckSd6j,150,Bareilly Division,communicable_diseases,Success rate of positive tuberculosis cases,indicator_2,151,100.0,communicable_diseases,2022
p,2021-04-01,Pilibhit,c96jwckSd6j,150,Bareilly Division,ANC,% of severe anaemic PW treated,indicator_4,151,61.78266178266178,ANC,2022
p,2021-04-01,Pilibhit,c96jwckSd6j,150,Bareilly Division,PNC,% of new born breastfed within one hour of birth,indicator_5,151,97.06177240572607,PNC,2022
p,2021-04-01,Pilibhit,c96jwckSd6j,150,Bareilly Division,delivery_care,% of live babies weighted at birth,indicator_6,151,99.14220464546317,delivery_care,2022
p,2021-04-01,Maharajganj,AcnMkNGgc3S,188,Gorakhpur Division,ANC,% ANC registered in First trimester,indicator_1,187,66.02483234844964,ANC,2022
p,2021-04-01,Maharajganj,AcnMkNGgc3S,188,Gorakhpur Division,communicable_diseases,Success rate of positive tuberculosis cases,indicator_2,187,100.0,communicable_diseases,2022
p,2021-04-01,Maharajganj,AcnMkNGgc3S,188,Gorakhpur Division,ANC,% of severe anaemic PW treated,indicator_4,187,21.25,ANC,2022
p,2021-04-01,Maharajganj,AcnMkNGgc3S,188,Gorakhpur Division,PNC,% of new born breastfed within one hour of birth,indicator_5,187,96.52788940684778,PNC,2022
p,2021-04-01,Maharajganj,AcnMkNGgc3S,188,Gorakhpur Division,delivery_care,% of live babies weighted at birth,indicator_6,187,97.79979103038096,delivery_care,2022
p,2021-04-01,Chandauli,ClbehnmwSec,195,Varanasi Division,ANC,% ANC registered in First trimester,indicator_1,196,67.04085606406936,ANC,2022
p,2021-04-01,Chandauli,ClbehnmwSec,195,Varanasi Division,communicable_diseases,Success rate of positive tuberculosis cases,indicator_2,196,100.0,communicable_diseases,2022
p,2021-04-01,Chandauli,ClbehnmwSec,195,Varanasi Division,ANC,% of severe anaemic PW treated,indicator_4,196,38.2525697503671,ANC,2022
p,2021-04-01,Chandauli,ClbehnmwSec,195,Varanasi Division,PNC,% of new born breastfed within one hour of birth,indicator_5,196,93.34004834810636,PNC,2022
p,2021-04-01,Chandauli,ClbehnmwSec,195,Varanasi Division,delivery_care,% of live babies weighted at birth,indicator_6,196,97.49395648670428,delivery_care,2022
p,2021-04-01,Auraiya,Bd6E8zkVvVt,161,Kanpur Nagar Division,ANC,% ANC registered in First trimester,indicator_1,162,62.28876007074082,ANC,2022
p,2021-04-01,Auraiya,Bd6E8zkVvVt,161,Kanpur Nagar Division,communicable_diseases,Success rate of positive tuberculosis cases,indicator_2,162,100.0,communicable_diseases,2022
p,2021-04-01,Auraiya,Bd6E8zkVvVt,161,Kanpur Nagar Division,ANC,% of severe anaemic PW treated,indicator_4,162,37.357630979498865,ANC,2022
p,2021-04-01,Auraiya,Bd6E8zkVvVt,161,Kanpur Nagar Division,PNC,% of new born breastfed within one hour of birth,indicator_5,162,92.1213443910956,PNC,2022
p,2021-04-01,Auraiya,Bd6E8zkVvVt,161,Kanpur Nagar Division,delivery_care,% of live babies weighted at birth,indicator_6,162,93.17983413356613,delivery_care,2022
p,2021-04-01,Sambhal,YzHpzrN0eLv,134,Moradabad Division,ANC,% ANC registered in First trimester,indicator_1,205,73.21781425748593,ANC,2022
p,2021-04-01,Sambhal,YzHpzrN0eLv,134,Moradabad Division,communicable_diseases,Success rate of positive tuberculosis cases,indicator_2,205,100.0,communicable_diseases,2022
p,2021-04-01,Sambhal,YzHpzrN0eLv,134,Moradabad Division,ANC,% of severe anaemic PW treated,indicator_4,205,50.465356773526366,ANC,2022
p,2021-04-01,Sambhal,YzHpzrN0eLv,134,Moradabad Division,PNC,% of new born breastfed within one hour of birth,indicator_5,205,97.34724642220871,PNC,2022
p,2021-04-01,Sambhal,YzHpzrN0eLv,134,Moradabad Division,delivery_care,% of live babies weighted at birth,indicator_6,205,98.41226335676107,delivery_care,2022
p,2021-04-01,Kasganj,hITp09XOBLZ,201,Alligarh Division,ANC,% ANC registered in First trimester,indicator_1,202,74.98385925268342,ANC,2022
p,2021-04-01,Kasganj,hITp09XOBLZ,201,Alligarh Division,communicable_diseases,Success rate of positive tuberculosis cases,indicator_2,202,100.0,communicable_diseases,2022
p,2021-04-01,Kasganj,hITp09XOBLZ,201,Alligarh Division,ANC,% of severe anaemic PW treated,indicator_4,202,20.555555555555557,ANC,2022
p,2021-04-01,Kasganj,hITp09XOBLZ,201,Alligarh Division,PNC,% of new born breastfed within one hour of birth,indicator_5,202,91.65437380144564,PNC,2022
p,2021-04-01,Kasganj,hITp09XOBLZ,201,Alligarh Division,delivery_care,% of live babies weighted at birth,indicator_6,202,92.84924030092934,delivery_care,2022
p,2021-04-01,Hamirpur,VSI7HobT5qL,170,Chitrakoot Division,ANC,% ANC registered in First trimester,indicator_1,168,56.061523555770854,ANC,2022
p,2021-04-01,Hamirpur,VSI7HobT5qL,170,Chitrakoot Division,communicable_diseases,Success rate of positive tuberculosis cases,indicator_2,168,100.0,communicable_diseases,2022
p,2021-04-01,Hamirpur,VSI7HobT5qL,170,Chitrakoot Division,ANC,% of severe anaemic PW treated,indicator_4,168,17.647058823529417,ANC,2022
p,2021-04-01,Hamirpur,VSI7HobT5qL,170,Chitrakoot Division,PNC,% of new born breastfed within one hour of birth,indicator_5,168,98.08668076109936,PNC,2022
p,2021-04-01,Hamirpur,VSI7HobT5qL,170,Chitrakoot Division,delivery_care,% of live babies weighted at birth,indicator_6,168,98.71035940803385,delivery_care,2022
p,2021-04-01,Jaunpur,gmw76vAUMqz,195,Varanasi Division,ANC,% ANC registered in First trimester,indicator_1,194,73.60725603759151,ANC,2022
p,2021-04-01,Jaunpur,gmw76vAUMqz,195,Varanasi Division,communicable_diseases,Success rate of positive tuberculosis cases,indicator_2,194,100.0,communicable_diseases,2022
p,2021-04-01,Jaunpur,gmw76vAUMqz,195,Varanasi Division,ANC,% of severe anaemic PW treated,indicator_4,194,56.831330663106364,ANC,2022
p,2021-04-01,Jaunpur,gmw76vAUMqz,195,Varanasi Division,PNC,% of new born breastfed within one hour of birth,indicator_5,194,90.67917063521135,PNC,2022
p,2021-04-01,Jaunpur,gmw76vAUMqz,195,Varanasi Division,delivery_care,% of live babies weighted at birth,indicator_6,194,93.34310205875887,delivery_care,2022
p,2021-04-01,Lalitpur,fagfcadhxej,165,Jhansi Division,ANC,% ANC registered in First trimester,indicator_1,167,58.68809171121273,ANC,2022
p,2021-04-01,Lalitpur,fagfcadhxej,165,Jhansi Division,communicable_diseases,Success rate of positive tuberculosis cases,indicator_2,167,100.0,communicable_diseases,2022
p,2021-04-01,Lalitpur,fagfcadhxej,165,Jhansi Division,ANC,% of severe anaemic PW treated,indicator_4,167,54.00238948626046,ANC,2022
p,2021-04-01,Lalitpur,fagfcadhxej,165,Jhansi Division,PNC,% of new born breastfed within one hour of birth,indicator_5,167,92.69923995656895,PNC,2022
p,2021-04-01,Lalitpur,fagfcadhxej,165,Jhansi Division,delivery_care,% of live babies weighted at birth,indicator_6,167,96.79913137893593,delivery_care,2022
p,2021-04-01,Jhansi,Mq751wBMqGF,165,Jhansi Division,ANC,% ANC registered in First trimester,indicator_1,166,58.77540798864728,ANC,2022
p,2021-04-01,Jhansi,Mq751wBMqGF,165,Jhansi Division,communicable_diseases,Success rate of positive tuberculosis cases,indicator_2,166,100.0,communicable_diseases,2022
p,2021-04-01,Jhansi,Mq751wBMqGF,165,Jhansi Division,ANC,% of severe anaemic PW treated,indicator_4,166,61.01800124146492,ANC,2022
p,2021-04-01,Jhansi,Mq751wBMqGF,165,Jhansi Division,PNC,% of new born breastfed within one hour of birth,indicator_5,166,97.72146442097484,PNC,2022
p,2021-04-01,Jhansi,Mq751wBMqGF,165,Jhansi Division,delivery_care,% of live babies weighted at birth,indicator_6,166,97.38584228838872,delivery_care,2022
p,2022-04-01,Azamgarh,NjckKfm3g0k,193,Azamgarh Division,ANC,% ANC registered in First trimester,indicator_1,191,56.512195121951216,ANC,2023
p,2022-04-01,Azamgarh,NjckKfm3g0k,193,Azamgarh Division,communicable_diseases,Success rate of positive tuberculosis cases,indicator_2,191,100.0,communicable_diseases,2023
p,2022-04-01,Azamgarh,NjckKfm3g0k,193,Azamgarh Division,ANC,% of severe anaemic PW treated,indicator_4,191,44.73420260782347,ANC,2023
p,2022-04-01,Azamgarh,NjckKfm3g0k,193,Azamgarh Division,PNC,% of new born breastfed within one hour of birth,indicator_5,191,89.82127113889557,PNC,2023
p,2022-04-01,Azamgarh,NjckKfm3g0k,193,Azamgarh Division,delivery_care,% of live babies weighted at birth,indicator_6,191,92.3859902220085,delivery_care,2023
p,2022-04-01,Bahraich,iE0E3nLioFr,182,Gonda Division,ANC,% ANC registered in First trimester,indicator_1,180,73.47906417647975,ANC,2023
p,2022-04-01,Bahraich,iE0E3nLioFr,182,Gonda Division,communicable_diseases,Success rate of positive tuberculosis cases,indicator_2,180,100.0,communicable_diseases,2023
p,2022-04-01,Bahraich,iE0E3nLioFr,182,Gonda Division,ANC,% of severe anaemic PW treated,indicator_4,180,70.25510204081633,ANC,2023
p,2022-04-01,Bahraich,iE0E3nLioFr,182,Gonda Division,PNC,% of new born breastfed within one hour of birth,indicator_5,180,95.9104150115386,PNC,2023
p,2022-04-01,Bahraich,iE0E3nLioFr,182,Gonda Division,delivery_care,% of live babies weighted at birth,indicator_6,180,95.63802822229788,delivery_care,2023
p,2022-04-01,Chitrakoot,i2fSZZ3QAJJ,170,Chitrakoot Division,ANC,% ANC registered in First trimester,indicator_1,171,96.135313206805,ANC,2023
p,2022-04-01,Chitrakoot,i2fSZZ3QAJJ,170,Chitrakoot Division,communicable_diseases,Success rate of positive tuberculosis cases,indicator_2,171,100.0,communicable_diseases,2023
p,2022-04-01,Chitrakoot,i2fSZZ3QAJJ,170,Chitrakoot Division,ANC,% of severe anaemic PW treated,indicator_4,171,67.71004942339374,ANC,2023
p,2022-04-01,Chitrakoot,i2fSZZ3QAJJ,170,Chitrakoot Division,PNC,% of new born breastfed within one hour of birth,indicator_5,171,93.27502429543246,PNC,2023
p,2022-04-01,Chitrakoot,i2fSZZ3QAJJ,170,Chitrakoot Division,delivery_care,% of live babies weighted at birth,indicator_6,171,98.91156462585036,delivery_care,2023
p,2022-04-01,Etawah,Pm0jLk6EAiE,161,Kanpur Nagar Division,ANC,% ANC registered in First trimester,indicator_1,161,45.07775309425579,ANC,2023
p,2022-04-01,Etawah,Pm0jLk6EAiE,161,Kanpur Nagar Division,communicable_diseases,Success rate of positive tuberculosis cases,indicator_2,161,100.0,communicable_diseases,2023
p,2022-04-01,Etawah,Pm0jLk6EAiE,161,Kanpur Nagar Division,ANC,% of severe anaemic PW treated,indicator_4,161,49.75688816855753,ANC,2023
p,2022-04-01,Etawah,Pm0jLk6EAiE,161,Kanpur Nagar Division,PNC,% of new born breastfed within one hour of birth,indicator_5,161,94.07379798732764,PNC,2023
p,2022-04-01,Etawah,Pm0jLk6EAiE,161,Kanpur Nagar Division,delivery_care,% of live babies weighted at birth,indicator_6,161,97.51521928189837,delivery_care,2023
p,2022-04-01,Prayagraj,tXgaew1Pd2Y,172,Prayagraj Division,ANC,% ANC registered in First trimester,indicator_1,175,83.28867307208314,ANC,2023
p,2022-04-01,Prayagraj,tXgaew1Pd2Y,172,Prayagraj Division,communicable_diseases,Success rate of positive tuberculosis cases,indicator_2,175,100.0,communicable_diseases,2023
p,2022-04-01,Prayagraj,tXgaew1Pd2Y,172,Prayagraj Division,ANC,% of severe anaemic PW treated,indicator_4,175,84.94623655913979,ANC,2023
p,2022-04-01,Prayagraj,tXgaew1Pd2Y,172,Prayagraj Division,PNC,% of new born breastfed within one hour of birth,indicator_5,175,98.91869411520071,PNC,2023
p,2022-04-01,Prayagraj,tXgaew1Pd2Y,172,Prayagraj Division,delivery_care,% of live babies weighted at birth,indicator_6,175,99.54668330214182,delivery_care,2023
p,2022-04-01,Kaushambi,PAj0oVY0Dxu,172,Prayagraj Division,ANC,% ANC registered in First trimester,indicator_1,174,57.676063773624755,ANC,2023
p,2022-04-01,Kaushambi,PAj0oVY0Dxu,172,Prayagraj Division,communicable_diseases,Success rate of positive tuberculosis cases,indicator_2,174,100.0,communicable_diseases,2023
p,2022-04-01,Kaushambi,PAj0oVY0Dxu,172,Prayagraj Division,ANC,% of severe anaemic PW treated,indicator_4,174,36.4332603938731,ANC,2023
p,2022-04-01,Kaushambi,PAj0oVY0Dxu,172,Prayagraj Division,PNC,% of new born breastfed within one hour of birth,indicator_5,174,88.08135929554756,PNC,2023
p,2022-04-01,Kaushambi,PAj0oVY0Dxu,172,Prayagraj Division,delivery_care,% of live babies weighted at birth,indicator_6,174,88.21778494356937,delivery_care,2023
p,2022-04-01,Ghazipur,dScWdMRN8PL,195,Varanasi Division,ANC,% ANC registered in First trimester,indicator_1,195,74.41631850577538,ANC,2023
p,2022-04-01,Ghazipur,dScWdMRN8PL,195,Varanasi Division,communicable_diseases,Success rate of positive tuberculosis cases,indicator_2,195,100.0,communicable_diseases,2023
p,2022-04-01,Ghazipur,dScWdMRN8PL,195,Varanasi Division,ANC,% of severe anaemic PW treated,indicator_4,195,49.774774774774784,ANC,2023
p,2022-04-01,Ghazipur,dScWdMRN8PL,195,Varanasi Division,PNC,% of new born breastfed within one hour of birth,indicator_5,195,92.44899617979357,PNC,2023
p,2022-04-01,Ghazipur,dScWdMRN8PL,195,Varanasi Division,delivery_care,% of live babies weighted at birth,indicator_6,195,95.02560351133872,delivery_care,2023
p,2022-04-01,Sultanpur,o4ZQTVcMI7U,176,Ayodhya Division,ANC,% ANC registered in First trimester,indicator_1,179,67.38797938027531,ANC,2023
p,2022-04-01,Sultanpur,o4ZQTVcMI7U,176,Ayodhya Division,communicable_diseases,Success rate of positive tuberculosis cases,indicator_2,179,100.0,communicable_diseases,2023
p,2022-04-01,Sultanpur,o4ZQTVcMI7U,176,Ayodhya Division,ANC,% of severe anaemic PW treated,indicator_4,179,30.352303523035232,ANC,2023
p,2022-04-01,Sultanpur,o4ZQTVcMI7U,176,Ayodhya Division,PNC,% of new born breastfed within one hour of birth,indicator_5,179,85.60363247863249,PNC,2023
p,2022-04-01,Sultanpur,o4ZQTVcMI7U,176,Ayodhya Division,delivery_care,% of live babies weighted at birth,indicator_6,179,98.53098290598291,delivery_care,2023
p,2022-04-01,Aligarh,frD2HOp3wAs,201,Alligarh Division,ANC,% ANC registered in First trimester,indicator_1,143,59.10822456753887,ANC,2023
p,2022-04-01,Aligarh,frD2HOp3wAs,201,Alligarh Division,communicable_diseases,Success rate of positive tuberculosis cases,indicator_2,143,100.0,communicable_diseases,2023
p,2022-04-01,Aligarh,frD2HOp3wAs,201,Alligarh Division,ANC,% of severe anaemic PW treated,indicator_4,143,68.52589641434263,ANC,2023
p,2022-04-01,Aligarh,frD2HOp3wAs,201,Alligarh Division,PNC,% of new born breastfed within one hour of birth,indicator_5,143,96.39250390421655,PNC,2023
p,2022-04-01,Aligarh,frD2HOp3wAs,201,Alligarh Division,delivery_care,% of live babies weighted at birth,indicator_6,143,97.20978656949505,delivery_care,2023
p,2022-04-01,Fatehpur,ibLiLcaKzw2,172,Prayagraj Division,ANC,% ANC registered in First trimester,indicator_1,172,79.06455313379914,ANC,2023
p,2022-04-01,Fatehpur,ibLiLcaKzw2,172,Prayagraj Division,communicable_diseases,Success rate of positive tuberculosis cases,indicator_2,172,100.0,communicable_diseases,2023
p,2022-04-01,Fatehpur,ibLiLcaKzw2,172,Prayagraj Division,ANC,% of severe anaemic PW treated,indicator_4,172,51.59896283491789,ANC,2023
p,2022-04-01,Fatehpur,ibLiLcaKzw2,172,Prayagraj Division,PNC,% of new born breastfed within one hour of birth,indicator_5,172,97.44225701441636,PNC,2023
p,2022-04-01,Fatehpur,ibLiLcaKzw2,172,Prayagraj Division,delivery_care,% of live babies weighted at birth,indicator_6,172,97.86079677569369,delivery_care,2023
p,2022-04-01,Hardoi,MTIkUw5q5pX,155,Lucknow Division,ANC,% ANC registered in First trimester,indicator_1,155,68.07847904123379,ANC,2023
p,2022-04-01,Hardoi,MTIkUw5q5pX,155,Lucknow Division,communicable_diseases,Success rate of positive tuberculosis cases,indicator_2,155,100.0,communicable_diseases,2023
p,2022-04-01,Hardoi,MTIkUw5q5pX,155,Lucknow Division,ANC,% of severe anaemic PW treated,indicator_4,155,45.625942684766216,ANC,2023
p,2022-04-01,Hardoi,MTIkUw5q5pX,155,Lucknow Division,PNC,% of new born breastfed within one hour of birth,indicator_5,155,85.40306027243889,PNC,2023
p,2022-04-01,Hardoi,MTIkUw5q5pX,155,Lucknow Division,delivery_care,% of live babies weighted at birth,indicator_6,155,91.58425079305842,delivery_care,2023
p,2022-04-01,Gautam Buddha Nagar,bNmwkrQeP3e,140,Meerut Division,ANC,% ANC registered in First trimester,indicator_1,141,65.47243138207432,ANC,2023
p,2022-04-01,Gautam Buddha Nagar,bNmwkrQeP3e,140,Meerut Division,communicable_diseases,Success rate of positive tuberculosis cases,indicator_2,141,100.0,communicable_diseases,2023
p,2022-04-01,Gautam Buddha Nagar,bNmwkrQeP3e,140,Meerut Division,ANC,% of severe anaemic PW treated,indicator_4,141,81.51515151515152,ANC,2023
p,2022-04-01,Gautam Buddha Nagar,bNmwkrQeP3e,140,Meerut Division,PNC,% of new born breastfed within one hour of birth,indicator_5,141,73.31991951710262,PNC,2023
p,2022-04-01,Gautam Buddha Nagar,bNmwkrQeP3e,140,Meerut Division,delivery_care,% of live babies weighted at birth,indicator_6,141,96.65995975855131,delivery_care,2023
p,2022-04-01,Ballia,oNDvGBE5fLq,193,Azamgarh Division,ANC,% ANC registered in First trimester,indicator_1,193,75.80340264650283,ANC,2023
p,2022-04-01,Ballia,oNDvGBE5fLq,193,Azamgarh Division,communicable_diseases,Success rate of positive tuberculosis cases,indicator_2,193,100.0,communicable_diseases,2023
p,2022-04-01,Ballia,oNDvGBE5fLq,193,Azamgarh Division,ANC,% of severe anaemic PW treated,indicator_4,193,82.72189349112426,ANC,2023
p,2022-04-01,Ballia,oNDvGBE5fLq,193,Azamgarh Division,PNC,% of new born breastfed within one hour of birth,indicator_5,193,95.88336192109777,PNC,2023
p,2022-04-01,Ballia,oNDvGBE5fLq,193,Azamgarh Division,delivery_care,% of live babies weighted at birth,indicator_6,193,97.28987993138935,delivery_care,2023
p,2022-04-01,Firozabad,eJTsuE56XDF,146,Agra Division,ANC,% ANC registered in First trimester,indicator_1,147,56.62430968848855,ANC,2023
p,2022-04-01,Firozabad,eJTsuE56XDF,146,Agra Division,communicable_diseases,Success rate of positive tuberculosis cases,indicator_2,147,100.0,communicable_diseases,2023
p,2022-04-01,Firozabad,eJTsuE56XDF,146,Agra Division,ANC,% of severe anaemic PW treated,indicator_4,147,62.5974025974026,ANC,2023
p,2022-04-01,Firozabad,eJTsuE56XDF,146,Agra Division,PNC,% of new born breastfed within one hour of birth,indicator_5,147,69.90923260291558,PNC,2023
p,2022-04-01,Firozabad,eJTsuE56XDF,146,Agra Division,delivery_care,% of live babies weighted at birth,indicator_6,147,73.66828642156412,delivery_care,2023
p,2022-04-01,Lucknow,MfHac5N78aK,155,Lucknow Division,ANC,% ANC registered in First trimester,indicator_1,157,58.643218632047535,ANC,2023
p,2022-04-01,Lucknow,MfHac5N78aK,155,Lucknow Division,communicable_diseases,Success rate of positive tuberculosis cases,indicator_2,157,100.0,communicable_diseases,2023
p,2022-04-01,Lucknow,MfHac5N78aK,155,Lucknow Division,ANC,% of severe anaemic PW treated,indicator_4,157,61.25055041831792,ANC,2023
p,2022-04-01,Lucknow,MfHac5N78aK,155,Lucknow Division,PNC,% of new born breastfed within one hour of birth,indicator_5,157,97.3288258261118,PNC,2023
p,2022-04-01,Lucknow,MfHac5N78aK,155,Lucknow Division,delivery_care,% of live babies weighted at birth,indicator_6,157,100.0,delivery_care,2023
p,2022-04-01,Balrampur,uS0pNSxN3sS,182,Gonda Division,ANC,% ANC registered in First trimester,indicator_1,182,92.8452430534896,ANC,2023
p,2022-04-01,Balrampur,uS0pNSxN3sS,182,Gonda Division,communicable_diseases,Success rate of positive tuberculosis cases,indicator_2,182,100.0,communicable_diseases,2023
p,2022-04-01,Balrampur,uS0pNSxN3sS,182,Gonda Division,ANC,% of severe anaemic PW treated,indicator_4,182,97.41756058800158,ANC,2023
p,2022-04-01,Balrampur,uS0pNSxN3sS,182,Gonda Division,PNC,% of new born breastfed within one hour of birth,indicator_5,182,98.08944120382112,PNC,2023
p,2022-04-01,Balrampur,uS0pNSxN3sS,182,Gonda Division,delivery_care,% of live babies weighted at birth,indicator_6,182,99.08698960182602,delivery_care,2023
p,2022-04-01,Maunathbhanjan,CBSB9v92AwT,193,Azamgarh Division,ANC,% ANC registered in First trimester,indicator_1,192,40.39698985712728,ANC,2023
p,2022-04-01,Maunathbhanjan,CBSB9v92AwT,193,Azamgarh Division,communicable_diseases,Success rate of positive tuberculosis cases,indicator_2,192,100.0,communicable_diseases,2023
p,2022-04-01,Maunathbhanjan,CBSB9v92AwT,193,Azamgarh Division,ANC,% of severe anaemic PW treated,indicator_4,192,12.427745664739886,ANC,2023
p,2022-04-01,Maunathbhanjan,CBSB9v92AwT,193,Azamgarh Division,PNC,% of new born breastfed within one hour of birth,indicator_5,192,60.7301053917825,PNC,2023
p,2022-04-01,Maunathbhanjan,CBSB9v92AwT,193,Azamgarh Division,delivery_care,% of live babies weighted at birth,indicator_6,192,63.22743241179166,delivery_care,2023
p,2022-04-01,Bagpat,HJIS3IrQ0Nj,140,Meerut Division,ANC,% ANC registered in First trimester,indicator_1,139,85.79060621800105,ANC,2023
p,2022-04-01,Bagpat,HJIS3IrQ0Nj,140,Meerut Division,communicable_diseases,Success rate of positive tuberculosis cases,indicator_2,139,100.0,communicable_diseases,2023
p,2022-04-01,Bagpat,HJIS3IrQ0Nj,140,Meerut Division,ANC,% of severe anaemic PW treated,indicator_4,139,31.25,ANC,2023
p,2022-04-01,Bagpat,HJIS3IrQ0Nj,140,Meerut Division,PNC,% of new born breastfed within one hour of birth,indicator_5,139,97.65220851571829,PNC,2023
p,2022-04-01,Bagpat,HJIS3IrQ0Nj,140,Meerut Division,delivery_care,% of live babies weighted at birth,indicator_6,139,99.41305212892956,delivery_care,2023
p,2022-04-01,Sant Kabir Nagar,fe1yBApr2sl,185,Basti Division,ANC,% ANC registered in First trimester,indicator_1,186,65.49698562374401,ANC,2023
p,2022-04-01,Sant Kabir Nagar,fe1yBApr2sl,185,Basti Division,communicable_diseases,Success rate of positive tuberculosis cases,indicator_2,186,100.0,communicable_diseases,2023
p,2022-04-01,Sant Kabir Nagar,fe1yBApr2sl,185,Basti Division,ANC,% of severe anaemic PW treated,indicator_4,186,19.36842105263158,ANC,2023
p,2022-04-01,Sant Kabir Nagar,fe1yBApr2sl,185,Basti Division,PNC,% of new born breastfed within one hour of birth,indicator_5,186,94.55676516329704,PNC,2023
p,2022-04-01,Sant Kabir Nagar,fe1yBApr2sl,185,Basti Division,delivery_care,% of live babies weighted at birth,indicator_6,186,97.42683444083131,delivery_care,2023
p,2022-04-01,Mirzapur,UAicdMLyuk4,200,Mirzapur Division,ANC,% ANC registered in First trimester,indicator_1,199,75.41094602219296,ANC,2023
p,2022-04-01,Mirzapur,UAicdMLyuk4,200,Mirzapur Division,communicable_diseases,Success rate of positive tuberculosis cases,indicator_2,199,100.0,communicable_diseases,2023
p,2022-04-01,Mirzapur,UAicdMLyuk4,200,Mirzapur Division,ANC,% of severe anaemic PW treated,indicator_4,199,71.80685358255451,ANC,2023
p,2022-04-01,Mirzapur,UAicdMLyuk4,200,Mirzapur Division,PNC,% of new born breastfed within one hour of birth,indicator_5,199,96.87448046550293,PNC,2023
p,2022-04-01,Mirzapur,UAicdMLyuk4,200,Mirzapur Division,delivery_care,% of live babies weighted at birth,indicator_6,199,99.60931005818787,delivery_care,2023
p,2022-04-01,Kannauj,IhQbDYRiF8w,161,Kanpur Nagar Division,ANC,% ANC registered in First trimester,indicator_1,160,67.21097637567031,ANC,2023
p,2022-04-01,Kannauj,IhQbDYRiF8w,161,Kanpur Nagar Division,communicable_diseases,Success rate of positive tuberculosis cases,indicator_2,160,100.0,communicable_diseases,2023
p,2022-04-01,Kannauj,IhQbDYRiF8w,161,Kanpur Nagar Division,ANC,% of severe anaemic PW treated,indicator_4,160,34.28258488499452,ANC,2023
p,2022-04-01,Kannauj,IhQbDYRiF8w,161,Kanpur Nagar Division,PNC,% of new born breastfed within one hour of birth,indicator_5,160,90.09141180453672,PNC,2023
p,2022-04-01,Kannauj,IhQbDYRiF8w,161,Kanpur Nagar Division,delivery_care,% of live babies weighted at birth,indicator_6,160,98.1266222773953,delivery_care,2023
p,2022-04-01,Unnav,aT03mfdlNiF,155,Lucknow Division,ANC,% ANC registered in First trimester,indicator_1,156,83.15237326681826,ANC,2023
p,2022-04-01,Unnav,aT03mfdlNiF,155,Lucknow Division,communicable_diseases,Success rate of positive tuberculosis cases,indicator_2,156,100.0,communicable_diseases,2023
p,2022-04-01,Unnav,aT03mfdlNiF,155,Lucknow Division,ANC,% of severe anaemic PW treated,indicator_4,156,47.93756967670011,ANC,2023
p,2022-04-01,Unnav,aT03mfdlNiF,155,Lucknow Division,PNC,% of new born breastfed within one hour of birth,indicator_5,156,69.58028242677824,PNC,2023
p,2022-04-01,Unnav,aT03mfdlNiF,155,Lucknow Division,delivery_care,% of live babies weighted at birth,indicator_6,156,69.93985355648536,delivery_care,2023
p,2022-04-01,Moradabad,YQNQoPjAIpV,134,Moradabad Division,ANC,% ANC registered in First trimester,indicator_1,135,77.52792688234442,ANC,2023
p,2022-04-01,Moradabad,YQNQoPjAIpV,134,Moradabad Division,communicable_diseases,Success rate of positive tuberculosis cases,indicator_2,135,100.0,communicable_diseases,2023
p,2022-04-01,Moradabad,YQNQoPjAIpV,134,Moradabad Division,ANC,% of severe anaemic PW treated,indicator_4,135,37.06199460916442,ANC,2023
p,2022-04-01,Moradabad,YQNQoPjAIpV,134,Moradabad Division,PNC,% of new born breastfed within one hour of birth,indicator_5,135,98.63499379542637,PNC,2023
p,2022-04-01,Moradabad,YQNQoPjAIpV,134,Moradabad Division,delivery_care,% of live babies weighted at birth,indicator_6,135,99.49033859244814,delivery_care,2023
p,2022-04-01,Bijnor,uCYjHW7FuGG,134,Moradabad Division,ANC,% ANC registered in First trimester,indicator_1,134,77.4137675063097,ANC,2023
p,2022-04-01,Bijnor,uCYjHW7FuGG,134,Moradabad Division,communicable_diseases,Success rate of positive tuberculosis cases,indicator_2,134,100.0,communicable_diseases,2023
p,2022-04-01,Bijnor,uCYjHW7FuGG,134,Moradabad Division,ANC,% of severe anaemic PW treated,indicator_4,134,56.082474226804116,ANC,2023
p,2022-04-01,Bijnor,uCYjHW7FuGG,134,Moradabad Division,PNC,% of new born breastfed within one hour of birth,indicator_5,134,65.21203250779955,PNC,2023
p,2022-04-01,Bijnor,uCYjHW7FuGG,134,Moradabad Division,delivery_care,% of live babies weighted at birth,indicator_6,134,98.54023032777414,delivery_care,2023
p,2022-04-01,Shamli,AdiUcz9BXhx,132,Saharanpur Division,ANC,% ANC registered in First trimester,indicator_1,203,78.42249121436939,ANC,2023
p,2022-04-01,Shamli,AdiUcz9BXhx,132,Saharanpur Division,communicable_diseases,Success rate of positive tuberculosis cases,indicator_2,203,100.0,communicable_diseases,2023
p,2022-04-01,Shamli,AdiUcz9BXhx,132,Saharanpur Division,ANC,% of severe anaemic PW treated,indicator_4,203,99.0622335890878,ANC,2023
p,2022-04-01,Shamli,AdiUcz9BXhx,132,Saharanpur Division,PNC,% of new born breastfed within one hour of birth,indicator_5,203,99.43558768194872,PNC,2023
p,2022-04-01,Shamli,AdiUcz9BXhx,132,Saharanpur Division,delivery_care,% of live babies weighted at birth,indicator_6,203,99.42568571145658,delivery_care,2023
p,2022-04-01,Bhadohi,PeUY1vj02UQ,200,Mirzapur Division,ANC,% ANC registered in First trimester,indicator_1,198,80.8438766736273,ANC,2023
p,2022-04-01,Bhadohi,PeUY1vj02UQ,200,Mirzapur Division,communicable_diseases,Success rate of positive tuberculosis cases,indicator_2,198,100.0,communicable_diseases,2023
p,2022-04-01,Bhadohi,PeUY1vj02UQ,200,Mirzapur Division,ANC,% of severe anaemic PW treated,indicator_4,198,61.885245901639344,ANC,2023
p,2022-04-01,Bhadohi,PeUY1vj02UQ,200,Mirzapur Division,PNC,% of new born breastfed within one hour of birth,indicator_5,198,96.7912087912088,PNC,2023
p,2022-04-01,Bhadohi,PeUY1vj02UQ,200,Mirzapur Division,delivery_care,% of live babies weighted at birth,indicator_6,198,98.35897435897436,delivery_care,2023
p,2022-04-01,Gonda,y8WarEkWCul,182,Gonda Division,ANC,% ANC registered in First trimester,indicator_1,183,80.35954264061156,ANC,2023
p,2022-04-01,Gonda,y8WarEkWCul,182,Gonda Division,communicable_diseases,Success rate of positive tuberculosis cases,indicator_2,183,100.0,communicable_diseases,2023
p,2022-04-01,Gonda,y8WarEkWCul,182,Gonda Division,ANC,% of severe anaemic PW treated,indicator_4,183,79.62489343563513,ANC,2023
p,2022-04-01,Gonda,y8WarEkWCul,182,Gonda Division,PNC,% of new born breastfed within one hour of birth,indicator_5,183,90.69835680751171,PNC,2023
p,2022-04-01,Gonda,y8WarEkWCul,182,Gonda Division,delivery_care,% of live babies weighted at birth,indicator_6,183,92.40023474178403,delivery_care,2023
p,2022-04-01,Agra,N5WWbRtsjWp,146,Agra Division,ANC,% ANC registered in First trimester,indicator_1,146,62.30503795721186,ANC,2023
p,2022-04-01,Agra,N5WWbRtsjWp,146,Agra Division,communicable_diseases,Success rate of positive tuberculosis cases,indicator_2,146,100.0,communicable_diseases,2023
p,2022-04-01,Agra,N5WWbRtsjWp,146,Agra Division,ANC,% of severe anaemic PW treated,indicator_4,146,62.646484375,ANC,2023
p,2022-04-01,Agra,N5WWbRtsjWp,146,Agra Division,PNC,% of new born breastfed within one hour of birth,indicator_5,146,98.58326481563469,PNC,2023
p,2022-04-01,Agra,N5WWbRtsjWp,146,Agra Division,delivery_care,% of live babies weighted at birth,indicator_6,146,99.38650306748468,delivery_care,2023
p,2022-04-01,Deoria,Tf9b9qcbghH,188,Gorakhpur Division,ANC,% ANC registered in First trimester,indicator_1,190,45.26875239712893,ANC,2023
p,2022-04-01,Deoria,Tf9b9qcbghH,188,Gorakhpur Division,communicable_diseases,Success rate of positive tuberculosis cases,indicator_2,190,100.0,communicable_diseases,2023
p,2022-04-01,Deoria,Tf9b9qcbghH,188,Gorakhpur Division,ANC,% of severe anaemic PW treated,indicator_4,190,11.111111111111107,ANC,2023
p,2022-04-01,Deoria,Tf9b9qcbghH,188,Gorakhpur Division,PNC,% of new born breastfed within one hour of birth,indicator_5,190,99.6071144146536,PNC,2023
p,2022-04-01,Deoria,Tf9b9qcbghH,188,Gorakhpur Division,delivery_care,% of live babies weighted at birth,indicator_6,190,98.55588001061851,delivery_care,2023
p,2022-04-01,Ambedkar Nagar,jM27ji8tyrM,176,Ayodhya Division,ANC,% ANC registered in First trimester,indicator_1,178,77.7059691618747,ANC,2023
p,2022-04-01,Ambedkar Nagar,jM27ji8tyrM,176,Ayodhya Division,communicable_diseases,Success rate of positive tuberculosis cases,indicator_2,178,100.0,communicable_diseases,2023
p,2022-04-01,Ambedkar Nagar,jM27ji8tyrM,176,Ayodhya Division,ANC,% of severe anaemic PW treated,indicator_4,178,78.45659163987139,ANC,2023
p,2022-04-01,Ambedkar Nagar,jM27ji8tyrM,176,Ayodhya Division,PNC,% of new born breastfed within one hour of birth,indicator_5,178,96.18825836499573,PNC,2023
p,2022-04-01,Ambedkar Nagar,jM27ji8tyrM,176,Ayodhya Division,delivery_care,% of live babies weighted at birth,indicator_6,178,99.15430812599584,delivery_care,2023
p,2022-04-01,Meerut,v8YGmR7nOdj,140,Meerut Division,ANC,% ANC registered in First trimester,indicator_1,138,52.292943269420824,ANC,2023
p,2022-04-01,Meerut,v8YGmR7nOdj,140,Meerut Division,communicable_diseases,Success rate of positive tuberculosis cases,indicator_2,138,100.0,communicable_diseases,2023
p,2022-04-01,Meerut,v8YGmR7nOdj,140,Meerut Division,ANC,% of severe anaemic PW treated,indicator_4,138,42.146410803127225,ANC,2023
p,2022-04-01,Meerut,v8YGmR7nOdj,140,Meerut Division,PNC,% of new born breastfed within one hour of birth,indicator_5,138,87.8354827466016,PNC,2023
p,2022-04-01,Meerut,v8YGmR7nOdj,140,Meerut Division,delivery_care,% of live babies weighted at birth,indicator_6,138,94.17915650052284,delivery_care,2023
p,2022-04-01,Gorakhpur,vR85cHdsw1w,188,Gorakhpur Division,ANC,% ANC registered in First trimester,indicator_1,188,42.361350327247685,ANC,2023
p,2022-04-01,Gorakhpur,vR85cHdsw1w,188,Gorakhpur Division,communicable_diseases,Success rate of positive tuberculosis cases,indicator_2,188,100.0,communicable_diseases,2023
p,2022-04-01,Gorakhpur,vR85cHdsw1w,188,Gorakhpur Division,ANC,% of severe anaemic PW treated,indicator_4,188,18.155619596541786,ANC,2023
p,2022-04-01,Gorakhpur,vR85cHdsw1w,188,Gorakhpur Division,PNC,% of new born breastfed within one hour of birth,indicator_5,188,94.68358254040176,PNC,2023
p,2022-04-01,Gorakhpur,vR85cHdsw1w,188,Gorakhpur Division,delivery_care,% of live babies weighted at birth,indicator_6,188,97.34934299954688,delivery_care,2023
p,2022-04-01,Varanasi,LeuBT7KfuuA,195,Varanasi Division,ANC,% ANC registered in First trimester,indicator_1,197,62.76678424104741,ANC,2023
p,2022-04-01,Varanasi,LeuBT7KfuuA,195,Varanasi Division,communicable_diseases,Success rate of positive tuberculosis cases,indicator_2,197,100.0,communicable_diseases,2023
p,2022-04-01,Varanasi,LeuBT7KfuuA,195,Varanasi Division,ANC,% of severe anaemic PW treated,indicator_4,197,32.774193548387096,ANC,2023
p,2022-04-01,Varanasi,LeuBT7KfuuA,195,Varanasi Division,PNC,% of new born breastfed within one hour of birth,indicator_5,197,90.60625398851307,PNC,2023
p,2022-04-01,Varanasi,LeuBT7KfuuA,195,Varanasi Division,delivery_care,% of live babies weighted at birth,indicator_6,197,95.80089342693044,delivery_care,2023
p,2022-04-01,Amroha,hgquAmZaNBu,134,Moradabad Division,ANC,% ANC registered in First trimester,indicator_1,137,67.5885911840968,ANC,2023
p,2022-04-01,Amroha,hgquAmZaNBu,134,Moradabad Division,communicable_diseases,Success rate of positive tuberculosis cases,indicator_2,137,100.0,communicable_diseases,2023
p,2022-04-01,Amroha,hgquAmZaNBu,134,Moradabad Division,ANC,% of severe anaemic PW treated,indicator_4,137,16.992665036674822,ANC,2023
p,2022-04-01,Amroha,hgquAmZaNBu,134,Moradabad Division,PNC,% of new born breastfed within one hour of birth,indicator_5,137,95.73009051842371,PNC,2023
p,2022-04-01,Amroha,hgquAmZaNBu,134,Moradabad Division,delivery_care,% of live babies weighted at birth,indicator_6,137,97.1838712626863,delivery_care,2023
p,2022-04-01,Farrukhabad,uEEwlAGZXWW,161,Kanpur Nagar Division,ANC,% ANC registered in First trimester,indicator_1,159,75.41847489150652,ANC,2023
p,2022-04-01,Farrukhabad,uEEwlAGZXWW,161,Kanpur Nagar Division,communicable_diseases,Success rate of positive tuberculosis cases,indicator_2,159,100.0,communicable_diseases,2023
p,2022-04-01,Farrukhabad,uEEwlAGZXWW,161,Kanpur Nagar Division,ANC,% of severe anaemic PW treated,indicator_4,159,27.742448330683626,ANC,2023
p,2022-04-01,Farrukhabad,uEEwlAGZXWW,161,Kanpur Nagar Division,PNC,% of new born breastfed within one hour of birth,indicator_5,159,94.2531017369727,PNC,2023
p,2022-04-01,Farrukhabad,uEEwlAGZXWW,161,Kanpur Nagar Division,delivery_care,% of live babies weighted at birth,indicator_6,159,96.75434243176178,delivery_care,2023
p,2022-04-01,Muzaffarnagar,MVQs2RrS1Nw,132,Saharanpur Division,ANC,% ANC registered in First trimester,indicator_1,133,53.802849264705884,ANC,2023
p,2022-04-01,Muzaffarnagar,MVQs2RrS1Nw,132,Saharanpur Division,communicable_diseases,Success rate of positive tuberculosis cases,indicator_2,133,100.0,communicable_diseases,2023
p,2022-04-01,Muzaffarnagar,MVQs2RrS1Nw,132,Saharanpur Division,ANC,% of severe anaemic PW treated,indicator_4,133,37.08920187793427,ANC,2023
p,2022-04-01,Muzaffarnagar,MVQs2RrS1Nw,132,Saharanpur Division,PNC,% of new born breastfed within one hour of birth,indicator_5,133,98.00192007680307,PNC,2023
p,2022-04-01,Muzaffarnagar,MVQs2RrS1Nw,132,Saharanpur Division,delivery_care,% of live babies weighted at birth,indicator_6,133,98.63794551782073,delivery_care,2023
p,2022-04-01,Ayodhya,b4XkXzoGqFY,176,Ayodhya Division,ANC,% ANC registered in First trimester,indicator_1,177,64.12069421862593,ANC,2023
p,2022-04-01,Ayodhya,b4XkXzoGqFY,176,Ayodhya Division,communicable_diseases,Success rate of positive tuberculosis cases,indicator_2,177,100.0,communicable_diseases,2023
p,2022-04-01,Ayodhya,b4XkXzoGqFY,176,Ayodhya Division,ANC,% of severe anaemic PW treated,indicator_4,177,60.723860589812325,ANC,2023
p,2022-04-01,Ayodhya,b4XkXzoGqFY,176,Ayodhya Division,PNC,% of new born breastfed within one hour of birth,indicator_5,177,53.710331663087565,PNC,2023
p,2022-04-01,Ayodhya,b4XkXzoGqFY,176,Ayodhya Division,delivery_care,% of live babies weighted at birth,indicator_6,177,55.04652827487472,delivery_care,2023
p,2022-04-01,Ghaziabad,M5NHlfAaKYI,140,Meerut Division,ANC,% ANC registered in First trimester,indicator_1,140,76.83521244645758,ANC,2023
p,2022-04-01,Ghaziabad,M5NHlfAaKYI,140,Meerut Division,communicable_diseases,Success rate of positive tuberculosis cases,indicator_2,140,100.0,communicable_diseases,2023
p,2022-04-01,Ghaziabad,M5NHlfAaKYI,140,Meerut Division,ANC,% of severe anaemic PW treated,indicator_4,140,92.93032786885244,ANC,2023
p,2022-04-01,Ghaziabad,M5NHlfAaKYI,140,Meerut Division,PNC,% of new born breastfed within one hour of birth,indicator_5,140,91.53797777933056,PNC,2023
p,2022-04-01,Ghaziabad,M5NHlfAaKYI,140,Meerut Division,delivery_care,% of live babies weighted at birth,indicator_6,140,98.26007965900357,delivery_care,2023
p,2022-04-01,Kushinagar,xUeHwd9FQkg,188,Gorakhpur Division,ANC,% ANC registered in First trimester,indicator_1,189,80.06955657682275,ANC,2023
p,2022-04-01,Kushinagar,xUeHwd9FQkg,188,Gorakhpur Division,communicable_diseases,Success rate of positive tuberculosis cases,indicator_2,189,100.0,communicable_diseases,2023
p,2022-04-01,Kushinagar,xUeHwd9FQkg,188,Gorakhpur Division,ANC,% of severe anaemic PW treated,indicator_4,189,8.506075768406005,ANC,2023
p,2022-04-01,Kushinagar,xUeHwd9FQkg,188,Gorakhpur Division,PNC,% of new born breastfed within one hour of birth,indicator_5,189,97.09027035283337,PNC,2023
p,2022-04-01,Kushinagar,xUeHwd9FQkg,188,Gorakhpur Division,delivery_care,% of live babies weighted at birth,indicator_6,189,98.28929280586529,delivery_care,2023
p,2022-04-01,Lakhimpur Kheri,d9ZuMopgX29,155,Lucknow Division,ANC,% ANC registered in First trimester,indicator_1,153,79.66897352756133,ANC,2023
p,2022-04-01,Lakhimpur Kheri,d9ZuMopgX29,155,Lucknow Division,communicable_diseases,Success rate of positive tuberculosis cases,indicator_2,153,100.0,communicable_diseases,2023
p,2022-04-01,Lakhimpur Kheri,d9ZuMopgX29,155,Lucknow Division,ANC,% of severe anaemic PW treated,indicator_4,153,49.81103552532125,ANC,2023
p,2022-04-01,Lakhimpur Kheri,d9ZuMopgX29,155,Lucknow Division,PNC,% of new born breastfed within one hour of birth,indicator_5,153,96.63964006186436,PNC,2023
p,2022-04-01,Lakhimpur Kheri,d9ZuMopgX29,155,Lucknow Division,delivery_care,% of live babies weighted at birth,indicator_6,153,98.27529643342552,delivery_care,2023
p,2022-04-01,Hapur,CZ8kLjgqvSH,140,Meerut Division,ANC,% ANC registered in First trimester,indicator_1,204,84.1186161449753,ANC,2023
p,2022-04-01,Hapur,CZ8kLjgqvSH,140,Meerut Division,communicable_diseases,Success rate of positive tuberculosis cases,indicator_2,204,100.0,communicable_diseases,2023
p,2022-04-01,Hapur,CZ8kLjgqvSH,140,Meerut Division,ANC,% of severe anaemic PW treated,indicator_4,204,40.18987341772152,ANC,2023
p,2022-04-01,Hapur,CZ8kLjgqvSH,140,Meerut Division,PNC,% of new born breastfed within one hour of birth,indicator_5,204,92.21955477957223,PNC,2023
p,2022-04-01,Hapur,CZ8kLjgqvSH,140,Meerut Division,delivery_care,% of live babies weighted at birth,indicator_6,204,96.07158446093409,delivery_care,2023
p,2022-04-01,Mahoba,sUQMxIc3yXj,170,Chitrakoot Division,ANC,% ANC registered in First trimester,indicator_1,169,57.18901453957997,ANC,2023
p,2022-04-01,Mahoba,sUQMxIc3yXj,170,Chitrakoot Division,communicable_diseases,Success rate of positive tuberculosis cases,indicator_2,169,100.0,communicable_diseases,2023
p,2022-04-01,Mahoba,sUQMxIc3yXj,170,Chitrakoot Division,ANC,% of severe anaemic PW treated,indicator_4,169,73.87096774193549,ANC,2023
p,2022-04-01,Mahoba,sUQMxIc3yXj,170,Chitrakoot Division,PNC,% of new born breastfed within one hour of birth,indicator_5,169,94.71341124095714,PNC,2023
p,2022-04-01,Mahoba,sUQMxIc3yXj,170,Chitrakoot Division,delivery_care,% of live babies weighted at birth,indicator_6,169,99.38786867000557,delivery_care,2023
p,2022-04-01,Siddharth Nagar,cP0p8qfm3il,185,Basti Division,ANC,% ANC registered in First trimester,indicator_1,184,66.83798675742001,ANC,2023
p,2022-04-01,Siddharth Nagar,cP0p8qfm3il,185,Basti Division,communicable_diseases,Success rate of positive tuberculosis cases,indicator_2,184,100.0,communicable_diseases,2023
p,2022-04-01,Siddharth Nagar,cP0p8qfm3il,185,Basti Division,ANC,% of severe anaemic PW treated,indicator_4,184,44.244604316546756,ANC,2023
p,2022-04-01,Siddharth Nagar,cP0p8qfm3il,185,Basti Division,PNC,% of new born breastfed within one hour of birth,indicator_5,184,92.2846277607138,PNC,2023
p,2022-04-01,Siddharth Nagar,cP0p8qfm3il,185,Basti Division,delivery_care,% of live babies weighted at birth,indicator_6,184,94.27380430013164,delivery_care,2023
p,2022-04-01,Kanpur Dehat,k3D0AumUCiC,161,Kanpur Nagar Division,ANC,% ANC registered in First trimester,indicator_1,163,54.675933774086005,ANC,2023
p,2022-04-01,Kanpur Dehat,k3D0AumUCiC,161,Kanpur Nagar Division,communicable_diseases,Success rate of positive tuberculosis cases,indicator_2,163,100.0,communicable_diseases,2023
p,2022-04-01,Kanpur Dehat,k3D0AumUCiC,161,Kanpur Nagar Division,ANC,% of severe anaemic PW treated,indicator_4,163,48.88597640891219,ANC,2023
p,2022-04-01,Kanpur Dehat,k3D0AumUCiC,161,Kanpur Nagar Division,PNC,% of new born breastfed within one hour of birth,indicator_5,163,91.73222502597595,PNC,2023
p,2022-04-01,Kanpur Dehat,k3D0AumUCiC,161,Kanpur Nagar Division,delivery_care,% of live babies weighted at birth,indicator_6,163,94.43372420958885,delivery_care,2023
p,2022-04-01,Rae Bareli,lLvTDpBDY8u,155,Lucknow Division,ANC,% ANC registered in First trimester,indicator_1,158,66.14468864468864,ANC,2023
p,2022-04-01,Rae Bareli,lLvTDpBDY8u,155,Lucknow Division,communicable_diseases,Success rate of positive tuberculosis cases,indicator_2,158,100.0,communicable_diseases,2023
p,2022-04-01,Rae Bareli,lLvTDpBDY8u,155,Lucknow Division,ANC,% of severe anaemic PW treated,indicator_4,158,44.09687184661958,ANC,2023
p,2022-04-01,Rae Bareli,lLvTDpBDY8u,155,Lucknow Division,PNC,% of new born breastfed within one hour of birth,indicator_5,158,95.59633027522936,PNC,2023
p,2022-04-01,Rae Bareli,lLvTDpBDY8u,155,Lucknow Division,delivery_care,% of live babies weighted at birth,indicator_6,158,98.12343619683071,delivery_care,2023
p,2022-04-01,Mathura,KP2BUB1npih,146,Agra Division,ANC,% ANC registered in First trimester,indicator_1,145,60.326042434668636,ANC,2023
p,2022-04-01,Mathura,KP2BUB1npih,146,Agra Division,communicable_diseases,Success rate of positive tuberculosis cases,indicator_2,145,100.0,communicable_diseases,2023
p,2022-04-01,Mathura,KP2BUB1npih,146,Agra Division,ANC,% of severe anaemic PW treated,indicator_4,145,79.65998785670918,ANC,2023
p,2022-04-01,Mathura,KP2BUB1npih,146,Agra Division,PNC,% of new born breastfed within one hour of birth,indicator_5,145,70.2598280691587,PNC,2023
p,2022-04-01,Mathura,KP2BUB1npih,146,Agra Division,delivery_care,% of live babies weighted at birth,indicator_6,145,71.10016420361248,delivery_care,2023
p,2022-04-01,Etah,ZLcx4iOVyN5,201,Alligarh Division,ANC,% ANC registered in First trimester,indicator_1,201,58.1613330808559,ANC,2023
p,2022-04-01,Etah,ZLcx4iOVyN5,201,Alligarh Division,communicable_diseases,Success rate of positive tuberculosis cases,indicator_2,201,100.0,communicable_diseases,2023
p,2022-04-01,Etah,ZLcx4iOVyN5,201,Alligarh Division,ANC,% of severe anaemic PW treated,indicator_4,201,34.971796937953265,ANC,2023
p,2022-04-01,Etah,ZLcx4iOVyN5,201,Alligarh Division,PNC,% of new born breastfed within one hour of birth,indicator_5,201,88.78650411114262,PNC,2023
p,2022-04-01,Etah,ZLcx4iOVyN5,201,Alligarh Division,delivery_care,% of live babies weighted at birth,indicator_6,201,91.73518571023531,delivery_care,2023
p,2022-04-01,Pratapgarh,fz7bJo3egPX,172,Prayagraj Division,ANC,% ANC registered in First trimester,indicator_1,173,77.44932432432431,ANC,2023
p,2022-04-01,Pratapgarh,fz7bJo3egPX,172,Prayagraj Division,communicable_diseases,Success rate of positive tuberculosis cases,indicator_2,173,100.0,communicable_diseases,2023
p,2022-04-01,Pratapgarh,fz7bJo3egPX,172,Prayagraj Division,ANC,% of severe anaemic PW treated,indicator_4,173,19.11602209944752,ANC,2023
p,2022-04-01,Pratapgarh,fz7bJo3egPX,172,Prayagraj Division,PNC,% of new born breastfed within one hour of birth,indicator_5,173,83.99350356401695,PNC,2023
p,2022-04-01,Pratapgarh,fz7bJo3egPX,172,Prayagraj Division,delivery_care,% of live babies weighted at birth,indicator_6,173,85.401064693675,delivery_care,2023
p,2022-04-01,Basti,J1P16zQEOUT,185,Basti Division,ANC,% ANC registered in First trimester,indicator_1,185,78.83245230981385,ANC,2023
p,2022-04-01,Basti,J1P16zQEOUT,185,Basti Division,communicable_diseases,Success rate of positive tuberculosis cases,indicator_2,185,100.0,communicable_diseases,2023
p,2022-04-01,Basti,J1P16zQEOUT,185,Basti Division,ANC,% of severe anaemic PW treated,indicator_4,185,19.156414762741647,ANC,2023
p,2022-04-01,Basti,J1P16zQEOUT,185,Basti Division,PNC,% of new born breastfed within one hour of birth,indicator_5,185,90.62219227313568,PNC,2023
p,2022-04-01,Basti,J1P16zQEOUT,185,Basti Division,delivery_care,% of live babies weighted at birth,indicator_6,185,97.21473495058399,delivery_care,2023
p,2022-04-01,Hathras,m1IAjmqkoFC,201,Alligarh Division,ANC,% ANC registered in First trimester,indicator_1,144,71.68893639764832,ANC,2023
p,2022-04-01,Hathras,m1IAjmqkoFC,201,Alligarh Division,communicable_diseases,Success rate of positive tuberculosis cases,indicator_2,144,100.0,communicable_diseases,2023
p,2022-04-01,Hathras,m1IAjmqkoFC,201,Alligarh Division,ANC,% of severe anaemic PW treated,indicator_4,144,59.46327683615819,ANC,2023
p,2022-04-01,Hathras,m1IAjmqkoFC,201,Alligarh Division,PNC,% of new born breastfed within one hour of birth,indicator_5,144,95.30153654853895,PNC,2023
p,2022-04-01,Hathras,m1IAjmqkoFC,201,Alligarh Division,delivery_care,% of live babies weighted at birth,indicator_6,144,95.74562572164491,delivery_care,2023
p,2022-04-01,Shrawasti,oyTwneTbWDx,182,Gonda Division,ANC,% ANC registered in First trimester,indicator_1,181,90.08882082695251,ANC,2023
p,2022-04-01,Shrawasti,oyTwneTbWDx,182,Gonda Division,communicable_diseases,Success rate of positive tuberculosis cases,indicator_2,181,100.0,communicable_diseases,2023
p,2022-04-01,Shrawasti,oyTwneTbWDx,182,Gonda Division,ANC,% of severe anaemic PW treated,indicator_4,181,66.57801418439715,ANC,2023
p,2022-04-01,Shrawasti,oyTwneTbWDx,182,Gonda Division,PNC,% of new born breastfed within one hour of birth,indicator_5,181,94.6261424953199,PNC,2023
p,2022-04-01,Shrawasti,oyTwneTbWDx,182,Gonda Division,delivery_care,% of live babies weighted at birth,indicator_6,181,97.81962338949457,delivery_care,2023
p,2022-04-01,Banda,DggJGxqbWHn,170,Chitrakoot Division,ANC,% ANC registered in First trimester,indicator_1,170,43.800590419959995,ANC,2023
p,2022-04-01,Banda,DggJGxqbWHn,170,Chitrakoot Division,communicable_diseases,Success rate of positive tuberculosis cases,indicator_2,170,100.0,communicable_diseases,2023
p,2022-04-01,Banda,DggJGxqbWHn,170,Chitrakoot Division,ANC,% of severe anaemic PW treated,indicator_4,170,68.45018450184503,ANC,2023
p,2022-04-01,Banda,DggJGxqbWHn,170,Chitrakoot Division,PNC,% of new born breastfed within one hour of birth,indicator_5,170,84.31069958847736,PNC,2023
p,2022-04-01,Banda,DggJGxqbWHn,170,Chitrakoot Division,delivery_care,% of live babies weighted at birth,indicator_6,170,86.41975308641977,delivery_care,2023
p,2022-04-01,Amethi,StsLkYw1G0m,176,Ayodhya Division,ANC,% ANC registered in First trimester,indicator_1,206,87.0643992194034,ANC,2023
p,2022-04-01,Amethi,StsLkYw1G0m,176,Ayodhya Division,communicable_diseases,Success rate of positive tuberculosis cases,indicator_2,206,100.0,communicable_diseases,2023
p,2022-04-01,Amethi,StsLkYw1G0m,176,Ayodhya Division,ANC,% of severe anaemic PW treated,indicator_4,206,38.44011142061281,ANC,2023
p,2022-04-01,Amethi,StsLkYw1G0m,176,Ayodhya Division,PNC,% of new born breastfed within one hour of birth,indicator_5,206,98.18990155604952,PNC,2023
p,2022-04-01,Amethi,StsLkYw1G0m,176,Ayodhya Division,delivery_care,% of live babies weighted at birth,indicator_6,206,99.03143855192124,delivery_care,2023
p,2022-04-01,Rampur,IU006h5U7jj,134,Moradabad Division,ANC,% ANC registered in First trimester,indicator_1,136,85.85919052845122,ANC,2023
p,2022-04-01,Rampur,IU006h5U7jj,134,Moradabad Division,communicable_diseases,Success rate of positive tuberculosis cases,indicator_2,136,100.0,communicable_diseases,2023
p,2022-04-01,Rampur,IU006h5U7jj,134,Moradabad Division,ANC,% of severe anaemic PW treated,indicator_4,136,56.99570815450644,ANC,2023
p,2022-04-01,Rampur,IU006h5U7jj,134,Moradabad Division,PNC,% of new born breastfed within one hour of birth,indicator_5,136,93.09643905744184,PNC,2023
p,2022-04-01,Rampur,IU006h5U7jj,134,Moradabad Division,delivery_care,% of live babies weighted at birth,indicator_6,136,98.37386132650757,delivery_care,2023
p,2022-04-01,Sonbhadra,NNk3JP90QZ5,200,Mirzapur Division,ANC,% ANC registered in First trimester,indicator_1,200,83.20743160473663,ANC,2023
p,2022-04-01,Sonbhadra,NNk3JP90QZ5,200,Mirzapur Division,communicable_diseases,Success rate of positive tuberculosis cases,indicator_2,200,100.0,communicable_diseases,2023
p,2022-04-01,Sonbhadra,NNk3JP90QZ5,200,Mirzapur Division,ANC,% of severe anaemic PW treated,indicator_4,200,96.22093023255816,ANC,2023
p,2022-04-01,Sonbhadra,NNk3JP90QZ5,200,Mirzapur Division,PNC,% of new born breastfed within one hour of birth,indicator_5,200,98.08259587020649,PNC,2023
p,2022-04-01,Sonbhadra,NNk3JP90QZ5,200,Mirzapur Division,delivery_care,% of live babies weighted at birth,indicator_6,200,99.24614880367092,delivery_care,2023
p,2022-04-01,Kanpur Nagar,QVMRMhzVrrS,161,Kanpur Nagar Division,ANC,% ANC registered in First trimester,indicator_1,164,36.18892195449745,ANC,2023
p,2022-04-01,Kanpur Nagar,QVMRMhzVrrS,161,Kanpur Nagar Division,communicable_diseases,Success rate of positive tuberculosis cases,indicator_2,164,100.0,communicable_diseases,2023
p,2022-04-01,Kanpur Nagar,QVMRMhzVrrS,161,Kanpur Nagar Division,ANC,% of severe anaemic PW treated,indicator_4,164,70.86546700942588,ANC,2023
p,2022-04-01,Kanpur Nagar,QVMRMhzVrrS,161,Kanpur Nagar Division,PNC,% of new born breastfed within one hour of birth,indicator_5,164,52.39678899082569,PNC,2023
p,2022-04-01,Kanpur Nagar,QVMRMhzVrrS,161,Kanpur Nagar Division,delivery_care,% of live babies weighted at birth,indicator_6,164,53.87614678899083,delivery_care,2023
p,2022-04-01,Bulandshahar,ogBt4gWCiem,140,Meerut Division,ANC,% ANC registered in First trimester,indicator_1,142,50.24943535777221,ANC,2023
p,2022-04-01,Bulandshahar,ogBt4gWCiem,140,Meerut Division,communicable_diseases,Success rate of positive tuberculosis cases,indicator_2,142,100.0,communicable_diseases,2023
p,2022-04-01,Bulandshahar,ogBt4gWCiem,140,Meerut Division,ANC,% of severe anaemic PW treated,indicator_4,142,100.0,ANC,2023
p,2022-04-01,Bulandshahar,ogBt4gWCiem,140,Meerut Division,PNC,% of new born breastfed within one hour of birth,indicator_5,142,88.3280944190736,PNC,2023
p,2022-04-01,Bulandshahar,ogBt4gWCiem,140,Meerut Division,delivery_care,% of live babies weighted at birth,indicator_6,142,91.76205444516931,delivery_care,2023
p,2022-04-01,Saharanpur,FKYZ3JbWq84,132,Saharanpur Division,ANC,% ANC registered in First trimester,indicator_1,132,73.61626002241573,ANC,2023
p,2022-04-01,Saharanpur,FKYZ3JbWq84,132,Saharanpur Division,communicable_diseases,Success rate of positive tuberculosis cases,indicator_2,132,100.0,communicable_diseases,2023
p,2022-04-01,Saharanpur,FKYZ3JbWq84,132,Saharanpur Division,ANC,% of severe anaemic PW treated,indicator_4,132,83.26732673267327,ANC,2023
p,2022-04-01,Saharanpur,FKYZ3JbWq84,132,Saharanpur Division,PNC,% of new born breastfed within one hour of birth,indicator_5,132,96.87089645453672,PNC,2023
p,2022-04-01,Saharanpur,FKYZ3JbWq84,132,Saharanpur Division,delivery_care,% of live babies weighted at birth,indicator_6,132,99.46513787912755,delivery_care,2023
p,2022-04-01,Shahjahanpur,GaiLSoQq1ue,150,Bareilly Division,ANC,% ANC registered in First trimester,indicator_1,152,63.99057685750597,ANC,2023
p,2022-04-01,Shahjahanpur,GaiLSoQq1ue,150,Bareilly Division,communicable_diseases,Success rate of positive tuberculosis cases,indicator_2,152,100.0,communicable_diseases,2023
p,2022-04-01,Shahjahanpur,GaiLSoQq1ue,150,Bareilly Division,ANC,% of severe anaemic PW treated,indicator_4,152,21.683876092136607,ANC,2023
p,2022-04-01,Shahjahanpur,GaiLSoQq1ue,150,Bareilly Division,PNC,% of new born breastfed within one hour of birth,indicator_5,152,93.8537430837944,PNC,2023
p,2022-04-01,Shahjahanpur,GaiLSoQq1ue,150,Bareilly Division,delivery_care,% of live babies weighted at birth,indicator_6,152,96.51356576228252,delivery_care,2023
p,2022-04-01,Jalaun,NL5xiiHZQSC,165,Jhansi Division,ANC,% ANC registered in First trimester,indicator_1,165,64.8049717883719,ANC,2023
p,2022-04-01,Jalaun,NL5xiiHZQSC,165,Jhansi Division,communicable_diseases,Success rate of positive tuberculosis cases,indicator_2,165,100.0,communicable_diseases,2023
p,2022-04-01,Jalaun,NL5xiiHZQSC,165,Jhansi Division,ANC,% of severe anaemic PW treated,indicator_4,165,30.88455772113944,ANC,2023
p,2022-04-01,Jalaun,NL5xiiHZQSC,165,Jhansi Division,PNC,% of new born breastfed within one hour of birth,indicator_5,165,50.7501027538019,PNC,2023
p,2022-04-01,Jalaun,NL5xiiHZQSC,165,Jhansi Division,delivery_care,% of live babies weighted at birth,indicator_6,165,51.150842581175496,delivery_care,2023
p,2022-04-01,Sitapur,XxaOowFtkiJ,155,Lucknow Division,ANC,% ANC registered in First trimester,indicator_1,154,84.34597854768514,ANC,2023
p,2022-04-01,Sitapur,XxaOowFtkiJ,155,Lucknow Division,communicable_diseases,Success rate of positive tuberculosis cases,indicator_2,154,100.0,communicable_diseases,2023
p,2022-04-01,Sitapur,XxaOowFtkiJ,155,Lucknow Division,ANC,% of severe anaemic PW treated,indicator_4,154,33.36291038154392,ANC,2023
p,2022-04-01,Sitapur,XxaOowFtkiJ,155,Lucknow Division,PNC,% of new born breastfed within one hour of birth,indicator_5,154,94.90293975185364,PNC,2023
p,2022-04-01,Sitapur,XxaOowFtkiJ,155,Lucknow Division,delivery_care,% of live babies weighted at birth,indicator_6,154,94.85450277581131,delivery_care,2023
p,2022-04-01,Barabanki,tzH6nJu9SwS,176,Ayodhya Division,ANC,% ANC registered in First trimester,indicator_1,176,62.19814940194088,ANC,2023
p,2022-04-01,Barabanki,tzH6nJu9SwS,176,Ayodhya Division,communicable_diseases,Success rate of positive tuberculosis cases,indicator_2,176,100.0,communicable_diseases,2023
p,2022-04-01,Barabanki,tzH6nJu9SwS,176,Ayodhya Division,ANC,% of severe anaemic PW treated,indicator_4,176,62.97488731487444,ANC,2023
p,2022-04-01,Barabanki,tzH6nJu9SwS,176,Ayodhya Division,PNC,% of new born breastfed within one hour of birth,indicator_5,176,96.08277336591324,PNC,2023
p,2022-04-01,Barabanki,tzH6nJu9SwS,176,Ayodhya Division,delivery_care,% of live babies weighted at birth,indicator_6,176,98.36591325595602,delivery_care,2023
p,2022-04-01,Budaun,eA37kyBRRuZ,150,Bareilly Division,ANC,% ANC registered in First trimester,indicator_1,149,74.54408763827729,ANC,2023
p,2022-04-01,Budaun,eA37kyBRRuZ,150,Bareilly Division,communicable_diseases,Success rate of positive tuberculosis cases,indicator_2,149,100.0,communicable_diseases,2023
p,2022-04-01,Budaun,eA37kyBRRuZ,150,Bareilly Division,ANC,% of severe anaemic PW treated,indicator_4,149,61.111111111111114,ANC,2023
p,2022-04-01,Budaun,eA37kyBRRuZ,150,Bareilly Division,PNC,% of new born breastfed within one hour of birth,indicator_5,149,79.2349190779794,PNC,2023
p,2022-04-01,Budaun,eA37kyBRRuZ,150,Bareilly Division,delivery_care,% of live babies weighted at birth,indicator_6,149,80.24031387935263,delivery_care,2023
p,2022-04-01,Bareilly,vVqY3DPcpHf,150,Bareilly Division,ANC,% ANC registered in First trimester,indicator_1,150,51.269793845234524,ANC,2023
p,2022-04-01,Bareilly,vVqY3DPcpHf,150,Bareilly Division,communicable_diseases,Success rate of positive tuberculosis cases,indicator_2,150,100.0,communicable_diseases,2023
p,2022-04-01,Bareilly,vVqY3DPcpHf,150,Bareilly Division,ANC,% of severe anaemic PW treated,indicator_4,150,41.3907284768212,ANC,2023
p,2022-04-01,Bareilly,vVqY3DPcpHf,150,Bareilly Division,PNC,% of new born breastfed within one hour of birth,indicator_5,150,84.39775327647179,PNC,2023
p,2022-04-01,Bareilly,vVqY3DPcpHf,150,Bareilly Division,delivery_care,% of live babies weighted at birth,indicator_6,150,72.41522779280216,delivery_care,2023
p,2022-04-01,Mainpuri,XBLhrSWGytu,146,Agra Division,ANC,% ANC registered in First trimester,indicator_1,148,64.03099517221794,ANC,2023
p,2022-04-01,Mainpuri,XBLhrSWGytu,146,Agra Division,communicable_diseases,Success rate of positive tuberculosis cases,indicator_2,148,100.0,communicable_diseases,2023
p,2022-04-01,Mainpuri,XBLhrSWGytu,146,Agra Division,ANC,% of severe anaemic PW treated,indicator_4,148,55.57553956834532,ANC,2023
p,2022-04-01,Mainpuri,XBLhrSWGytu,146,Agra Division,PNC,% of new born breastfed within one hour of birth,indicator_5,148,92.87457296242071,PNC,2023
p,2022-04-01,Mainpuri,XBLhrSWGytu,146,Agra Division,delivery_care,% of live babies weighted at birth,indicator_6,148,99.17032698877505,delivery_care,2023
p,2022-04-01,Pilibhit,c96jwckSd6j,150,Bareilly Division,ANC,% ANC registered in First trimester,indicator_1,151,83.76466118999005,ANC,2023
p,2022-04-01,Pilibhit,c96jwckSd6j,150,Bareilly Division,communicable_diseases,Success rate of positive tuberculosis cases,indicator_2,151,100.0,communicable_diseases,2023
p,2022-04-01,Pilibhit,c96jwckSd6j,150,Bareilly Division,ANC,% of severe anaemic PW treated,indicator_4,151,69.33333333333334,ANC,2023
p,2022-04-01,Pilibhit,c96jwckSd6j,150,Bareilly Division,PNC,% of new born breastfed within one hour of birth,indicator_5,151,97.60822510822511,PNC,2023
p,2022-04-01,Pilibhit,c96jwckSd6j,150,Bareilly Division,delivery_care,% of live babies weighted at birth,indicator_6,151,99.67532467532469,delivery_care,2023
p,2022-04-01,Maharajganj,AcnMkNGgc3S,188,Gorakhpur Division,ANC,% ANC registered in First trimester,indicator_1,187,63.67281160331749,ANC,2023
p,2022-04-01,Maharajganj,AcnMkNGgc3S,188,Gorakhpur Division,communicable_diseases,Success rate of positive tuberculosis cases,indicator_2,187,100.0,communicable_diseases,2023
p,2022-04-01,Maharajganj,AcnMkNGgc3S,188,Gorakhpur Division,ANC,% of severe anaemic PW treated,indicator_4,187,22.608695652173914,ANC,2023
p,2022-04-01,Maharajganj,AcnMkNGgc3S,188,Gorakhpur Division,PNC,% of new born breastfed within one hour of birth,indicator_5,187,97.20853858784893,PNC,2023
p,2022-04-01,Maharajganj,AcnMkNGgc3S,188,Gorakhpur Division,delivery_care,% of live babies weighted at birth,indicator_6,187,98.85057471264368,delivery_care,2023
p,2022-04-01,Chandauli,ClbehnmwSec,195,Varanasi Division,ANC,% ANC registered in First trimester,indicator_1,196,78.11012916383412,ANC,2023
p,2022-04-01,Chandauli,ClbehnmwSec,195,Varanasi Division,communicable_diseases,Success rate of positive tuberculosis cases,indicator_2,196,100.0,communicable_diseases,2023
p,2022-04-01,Chandauli,ClbehnmwSec,195,Varanasi Division,ANC,% of severe anaemic PW treated,indicator_4,196,42.66666666666667,ANC,2023
p,2022-04-01,Chandauli,ClbehnmwSec,195,Varanasi Division,PNC,% of new born breastfed within one hour of birth,indicator_5,196,91.97456607664549,PNC,2023
p,2022-04-01,Chandauli,ClbehnmwSec,195,Varanasi Division,delivery_care,% of live babies weighted at birth,indicator_6,196,97.73156899810965,delivery_care,2023
p,2022-04-01,Auraiya,Bd6E8zkVvVt,161,Kanpur Nagar Division,ANC,% ANC registered in First trimester,indicator_1,162,73.52903308870864,ANC,2023
p,2022-04-01,Auraiya,Bd6E8zkVvVt,161,Kanpur Nagar Division,communicable_diseases,Success rate of positive tuberculosis cases,indicator_2,162,100.0,communicable_diseases,2023
p,2022-04-01,Auraiya,Bd6E8zkVvVt,161,Kanpur Nagar Division,ANC,% of severe anaemic PW treated,indicator_4,162,44.220183486238525,ANC,2023
p,2022-04-01,Auraiya,Bd6E8zkVvVt,161,Kanpur Nagar Division,PNC,% of new born breastfed within one hour of birth,indicator_5,162,98.14157444142828,PNC,2023
p,2022-04-01,Auraiya,Bd6E8zkVvVt,161,Kanpur Nagar Division,delivery_care,% of live babies weighted at birth,indicator_6,162,94.92587178951763,delivery_care,2023
p,2022-04-01,Sambhal,YzHpzrN0eLv,134,Moradabad Division,ANC,% ANC registered in First trimester,indicator_1,205,82.91378342996073,ANC,2023
p,2022-04-01,Sambhal,YzHpzrN0eLv,134,Moradabad Division,communicable_diseases,Success rate of positive tuberculosis cases,indicator_2,205,100.0,communicable_diseases,2023
p,2022-04-01,Sambhal,YzHpzrN0eLv,134,Moradabad Division,ANC,% of severe anaemic PW treated,indicator_4,205,88.05256869772998,ANC,2023
p,2022-04-01,Sambhal,YzHpzrN0eLv,134,Moradabad Division,PNC,% of new born breastfed within one hour of birth,indicator_5,205,97.68226679401465,PNC,2023
p,2022-04-01,Sambhal,YzHpzrN0eLv,134,Moradabad Division,delivery_care,% of live babies weighted at birth,indicator_6,205,98.69468322190386,delivery_care,2023
p,2022-04-01,Kasganj,hITp09XOBLZ,201,Alligarh Division,ANC,% ANC registered in First trimester,indicator_1,202,77.66114180478822,ANC,2023
p,2022-04-01,Kasganj,hITp09XOBLZ,201,Alligarh Division,communicable_diseases,Success rate of positive tuberculosis cases,indicator_2,202,100.0,communicable_diseases,2023
p,2022-04-01,Kasganj,hITp09XOBLZ,201,Alligarh Division,ANC,% of severe anaemic PW treated,indicator_4,202,31.173594132029343,ANC,2023
p,2022-04-01,Kasganj,hITp09XOBLZ,201,Alligarh Division,PNC,% of new born breastfed within one hour of birth,indicator_5,202,96.09886439545755,PNC,2023
p,2022-04-01,Kasganj,hITp09XOBLZ,201,Alligarh Division,delivery_care,% of live babies weighted at birth,indicator_6,202,97.60855043420172,delivery_care,2023
p,2022-04-01,Hamirpur,VSI7HobT5qL,170,Chitrakoot Division,ANC,% ANC registered in First trimester,indicator_1,168,59.341789509770315,ANC,2023
p,2022-04-01,Hamirpur,VSI7HobT5qL,170,Chitrakoot Division,communicable_diseases,Success rate of positive tuberculosis cases,indicator_2,168,100.0,communicable_diseases,2023
p,2022-04-01,Hamirpur,VSI7HobT5qL,170,Chitrakoot Division,ANC,% of severe anaemic PW treated,indicator_4,168,15.13002364066194,ANC,2023
p,2022-04-01,Hamirpur,VSI7HobT5qL,170,Chitrakoot Division,PNC,% of new born breastfed within one hour of birth,indicator_5,168,96.18668184405236,PNC,2023
p,2022-04-01,Hamirpur,VSI7HobT5qL,170,Chitrakoot Division,delivery_care,% of live babies weighted at birth,indicator_6,168,97.74236387782206,delivery_care,2023
p,2022-04-01,Jaunpur,gmw76vAUMqz,195,Varanasi Division,ANC,% ANC registered in First trimester,indicator_1,194,75.68829529919023,ANC,2023
p,2022-04-01,Jaunpur,gmw76vAUMqz,195,Varanasi Division,communicable_diseases,Success rate of positive tuberculosis cases,indicator_2,194,100.0,communicable_diseases,2023
p,2022-04-01,Jaunpur,gmw76vAUMqz,195,Varanasi Division,ANC,% of severe anaemic PW treated,indicator_4,194,70.75471698113208,ANC,2023
p,2022-04-01,Jaunpur,gmw76vAUMqz,195,Varanasi Division,PNC,% of new born breastfed within one hour of birth,indicator_5,194,97.10296876724425,PNC,2023
p,2022-04-01,Jaunpur,gmw76vAUMqz,195,Varanasi Division,delivery_care,% of live babies weighted at birth,indicator_6,194,97.14711400507669,delivery_care,2023
p,2022-04-01,Lalitpur,fagfcadhxej,165,Jhansi Division,ANC,% ANC registered in First trimester,indicator_1,167,55.14831230821685,ANC,2023
p,2022-04-01,Lalitpur,fagfcadhxej,165,Jhansi Division,communicable_diseases,Success rate of positive tuberculosis cases,indicator_2,167,100.0,communicable_diseases,2023
p,2022-04-01,Lalitpur,fagfcadhxej,165,Jhansi Division,ANC,% of severe anaemic PW treated,indicator_4,167,49.152542372881356,ANC,2023
p,2022-04-01,Lalitpur,fagfcadhxej,165,Jhansi Division,PNC,% of new born breastfed within one hour of birth,indicator_5,167,93.06358381502892,PNC,2023
p,2022-04-01,Lalitpur,fagfcadhxej,165,Jhansi Division,delivery_care,% of live babies weighted at birth,indicator_6,167,96.64114982034056,delivery_care,2023
p,2022-04-01,Jhansi,Mq751wBMqGF,165,Jhansi Division,ANC,% ANC registered in First trimester,indicator_1,166,54.72570668824788,ANC,2023
p,2022-04-01,Jhansi,Mq751wBMqGF,165,Jhansi Division,communicable_diseases,Success rate of positive tuberculosis cases,indicator_2,166,100.0,communicable_diseases,2023
p,2022-04-01,Jhansi,Mq751wBMqGF,165,Jhansi Division,ANC,% of severe anaemic PW treated,indicator_4,166,82.28279386712096,ANC,2023
p,2022-04-01,Jhansi,Mq751wBMqGF,165,Jhansi Division,PNC,% of new born breastfed within one hour of birth,indicator_5,166,95.50294517444496,PNC,2023
p,2022-04-01,Jhansi,Mq751wBMqGF,165,Jhansi Division,delivery_care,% of live babies weighted at birth,indicator_6,166,97.74580879021296,delivery_care,2023
p,2023-04-01,Azamgarh,NjckKfm3g0k,193,Azamgarh Division,ANC,% ANC registered in First trimester,indicator_1,191,68.77579552219837,ANC,2024
p,2023-04-01,Azamgarh,NjckKfm3g0k,193,Azamgarh Division,communicable_diseases,Success rate of positive tuberculosis cases,indicator_2,191,100.0,communicable_diseases,2024
p,2023-04-01,Azamgarh,NjckKfm3g0k,193,Azamgarh Division,ANC,% of severe anaemic PW treated,indicator_4,191,34.681018640063016,ANC,2024
p,2023-04-01,Azamgarh,NjckKfm3g0k,193,Azamgarh Division,PNC,% of new born breastfed within one hour of birth,indicator_5,191,89.6235429008217,PNC,2024
p,2023-04-01,Azamgarh,NjckKfm3g0k,193,Azamgarh Division,delivery_care,% of live babies weighted at birth,indicator_6,191,95.6406459010128,delivery_care,2024
p,2023-04-01,Bahraich,iE0E3nLioFr,182,Gonda Division,ANC,% ANC registered in First trimester,indicator_1,180,73.18739396123298,ANC,2024
p,2023-04-01,Bahraich,iE0E3nLioFr,182,Gonda Division,communicable_diseases,Success rate of positive tuberculosis cases,indicator_2,180,100.0,communicable_diseases,2024
p,2023-04-01,Bahraich,iE0E3nLioFr,182,Gonda Division,ANC,% of severe anaemic PW treated,indicator_4,180,77.0705725699068,ANC,2024
p,2023-04-01,Bahraich,iE0E3nLioFr,182,Gonda Division,PNC,% of new born breastfed within one hour of birth,indicator_5,180,96.78693765699933,PNC,2024
p,2023-04-01,Bahraich,iE0E3nLioFr,182,Gonda Division,delivery_care,% of live babies weighted at birth,indicator_6,180,98.41630509248688,delivery_care,2024
p,2023-04-01,Chitrakoot,i2fSZZ3QAJJ,170,Chitrakoot Division,ANC,% ANC registered in First trimester,indicator_1,171,94.58470409936052,ANC,2024
p,2023-04-01,Chitrakoot,i2fSZZ3QAJJ,170,Chitrakoot Division,communicable_diseases,Success rate of positive tuberculosis cases,indicator_2,171,100.0,communicable_diseases,2024
p,2023-04-01,Chitrakoot,i2fSZZ3QAJJ,170,Chitrakoot Division,ANC,% of severe anaemic PW treated,indicator_4,171,95.71428571428572,ANC,2024
p,2023-04-01,Chitrakoot,i2fSZZ3QAJJ,170,Chitrakoot Division,PNC,% of new born breastfed within one hour of birth,indicator_5,171,97.97822706065321,PNC,2024
p,2023-04-01,Chitrakoot,i2fSZZ3QAJJ,170,Chitrakoot Division,delivery_care,% of live babies weighted at birth,indicator_6,171,99.68895800933126,delivery_care,2024
p,2023-04-01,Etawah,Pm0jLk6EAiE,161,Kanpur Nagar Division,ANC,% ANC registered in First trimester,indicator_1,161,34.878366971068985,ANC,2024
p,2023-04-01,Etawah,Pm0jLk6EAiE,161,Kanpur Nagar Division,communicable_diseases,Success rate of positive tuberculosis cases,indicator_2,161,100.0,communicable_diseases,2024
p,2023-04-01,Etawah,Pm0jLk6EAiE,161,Kanpur Nagar Division,ANC,% of severe anaemic PW treated,indicator_4,161,50.30303030303031,ANC,2024
p,2023-04-01,Etawah,Pm0jLk6EAiE,161,Kanpur Nagar Division,PNC,% of new born breastfed within one hour of birth,indicator_5,161,91.05679103106048,PNC,2024
p,2023-04-01,Etawah,Pm0jLk6EAiE,161,Kanpur Nagar Division,delivery_care,% of live babies weighted at birth,indicator_6,161,93.69601176254363,delivery_care,2024
p,2023-04-01,Prayagraj,tXgaew1Pd2Y,172,Prayagraj Division,ANC,% ANC registered in First trimester,indicator_1,175,91.4054244452272,ANC,2024
p,2023-04-01,Prayagraj,tXgaew1Pd2Y,172,Prayagraj Division,communicable_diseases,Success rate of positive tuberculosis cases,indicator_2,175,100.0,communicable_diseases,2024
p,2023-04-01,Prayagraj,tXgaew1Pd2Y,172,Prayagraj Division,ANC,% of severe anaemic PW treated,indicator_4,175,95.91682419659736,ANC,2024
p,2023-04-01,Prayagraj,tXgaew1Pd2Y,172,Prayagraj Division,PNC,% of new born breastfed within one hour of birth,indicator_5,175,98.37461691733508,PNC,2024
p,2023-04-01,Prayagraj,tXgaew1Pd2Y,172,Prayagraj Division,delivery_care,% of live babies weighted at birth,indicator_6,175,99.67330508046,delivery_care,2024
p,2023-04-01,Kaushambi,PAj0oVY0Dxu,172,Prayagraj Division,ANC,% ANC registered in First trimester,indicator_1,174,77.19399538106235,ANC,2024
p,2023-04-01,Kaushambi,PAj0oVY0Dxu,172,Prayagraj Division,communicable_diseases,Success rate of positive tuberculosis cases,indicator_2,174,100.0,communicable_diseases,2024
p,2023-04-01,Kaushambi,PAj0oVY0Dxu,172,Prayagraj Division,ANC,% of severe anaemic PW treated,indicator_4,174,81.3508064516129,ANC,2024
p,2023-04-01,Kaushambi,PAj0oVY0Dxu,172,Prayagraj Division,PNC,% of new born breastfed within one hour of birth,indicator_5,174,87.57589066577107,PNC,2024
p,2023-04-01,Kaushambi,PAj0oVY0Dxu,172,Prayagraj Division,delivery_care,% of live babies weighted at birth,indicator_6,174,89.9449711938409,delivery_care,2024
p,2023-04-01,Ghazipur,dScWdMRN8PL,195,Varanasi Division,ANC,% ANC registered in First trimester,indicator_1,195,87.08108308056521,ANC,2024
p,2023-04-01,Ghazipur,dScWdMRN8PL,195,Varanasi Division,communicable_diseases,Success rate of positive tuberculosis cases,indicator_2,195,100.0,communicable_diseases,2024
p,2023-04-01,Ghazipur,dScWdMRN8PL,195,Varanasi Division,ANC,% of severe anaemic PW treated,indicator_4,195,55.87781548904659,ANC,2024
p,2023-04-01,Ghazipur,dScWdMRN8PL,195,Varanasi Division,PNC,% of new born breastfed within one hour of birth,indicator_5,195,99.15212205663542,PNC,2024
p,2023-04-01,Ghazipur,dScWdMRN8PL,195,Varanasi Division,delivery_care,% of live babies weighted at birth,indicator_6,195,100.0,delivery_care,2024
p,2023-04-01,Sultanpur,o4ZQTVcMI7U,176,Ayodhya Division,ANC,% ANC registered in First trimester,indicator_1,179,85.8814497127578,ANC,2024
p,2023-04-01,Sultanpur,o4ZQTVcMI7U,176,Ayodhya Division,communicable_diseases,Success rate of positive tuberculosis cases,indicator_2,179,100.0,communicable_diseases,2024
p,2023-04-01,Sultanpur,o4ZQTVcMI7U,176,Ayodhya Division,ANC,% of severe anaemic PW treated,indicator_4,179,81.39852499317126,ANC,2024
p,2023-04-01,Sultanpur,o4ZQTVcMI7U,176,Ayodhya Division,PNC,% of new born breastfed within one hour of birth,indicator_5,179,84.69570744330694,PNC,2024
p,2023-04-01,Sultanpur,o4ZQTVcMI7U,176,Ayodhya Division,delivery_care,% of live babies weighted at birth,indicator_6,179,89.63975211676843,delivery_care,2024
p,2023-04-01,Aligarh,frD2HOp3wAs,201,Alligarh Division,ANC,% ANC registered in First trimester,indicator_1,143,69.22168919021172,ANC,2024
p,2023-04-01,Aligarh,frD2HOp3wAs,201,Alligarh Division,communicable_diseases,Success rate of positive tuberculosis cases,indicator_2,143,100.0,communicable_diseases,2024
p,2023-04-01,Aligarh,frD2HOp3wAs,201,Alligarh Division,ANC,% of severe anaemic PW treated,indicator_4,143,70.53204353083434,ANC,2024
p,2023-04-01,Aligarh,frD2HOp3wAs,201,Alligarh Division,PNC,% of new born breastfed within one hour of birth,indicator_5,143,92.8231288079427,PNC,2024
p,2023-04-01,Aligarh,frD2HOp3wAs,201,Alligarh Division,delivery_care,% of live babies weighted at birth,indicator_6,143,98.39789168808466,delivery_care,2024
p,2023-04-01,Fatehpur,ibLiLcaKzw2,172,Prayagraj Division,ANC,% ANC registered in First trimester,indicator_1,172,90.40211492973421,ANC,2024
p,2023-04-01,Fatehpur,ibLiLcaKzw2,172,Prayagraj Division,communicable_diseases,Success rate of positive tuberculosis cases,indicator_2,172,100.0,communicable_diseases,2024
p,2023-04-01,Fatehpur,ibLiLcaKzw2,172,Prayagraj Division,ANC,% of severe anaemic PW treated,indicator_4,172,82.83148441627047,ANC,2024
p,2023-04-01,Fatehpur,ibLiLcaKzw2,172,Prayagraj Division,PNC,% of new born breastfed within one hour of birth,indicator_5,172,81.02983228213915,PNC,2024
p,2023-04-01,Fatehpur,ibLiLcaKzw2,172,Prayagraj Division,delivery_care,% of live babies weighted at birth,indicator_6,172,81.61390415542802,delivery_care,2024
p,2023-04-01,Hardoi,MTIkUw5q5pX,155,Lucknow Division,ANC,% ANC registered in First trimester,indicator_1,155,68.95371274468778,ANC,2024
p,2023-04-01,Hardoi,MTIkUw5q5pX,155,Lucknow Division,communicable_diseases,Success rate of positive tuberculosis cases,indicator_2,155,100.0,communicable_diseases,2024
p,2023-04-01,Hardoi,MTIkUw5q5pX,155,Lucknow Division,ANC,% of severe anaemic PW treated,indicator_4,155,47.32342007434944,ANC,2024
p,2023-04-01,Hardoi,MTIkUw5q5pX,155,Lucknow Division,PNC,% of new born breastfed within one hour of birth,indicator_5,155,91.93061932958281,PNC,2024
p,2023-04-01,Hardoi,MTIkUw5q5pX,155,Lucknow Division,delivery_care,% of live babies weighted at birth,indicator_6,155,94.16616399739023,delivery_care,2024
p,2023-04-01,Gautam Buddha Nagar,bNmwkrQeP3e,140,Meerut Division,ANC,% ANC registered in First trimester,indicator_1,141,62.00985761226725,ANC,2024
p,2023-04-01,Gautam Buddha Nagar,bNmwkrQeP3e,140,Meerut Division,communicable_diseases,Success rate of positive tuberculosis cases,indicator_2,141,100.0,communicable_diseases,2024
p,2023-04-01,Gautam Buddha Nagar,bNmwkrQeP3e,140,Meerut Division,ANC,% of severe anaemic PW treated,indicator_4,141,88.4393063583815,ANC,2024
p,2023-04-01,Gautam Buddha Nagar,bNmwkrQeP3e,140,Meerut Division,PNC,% of new born breastfed within one hour of birth,indicator_5,141,77.44186046511628,PNC,2024
p,2023-04-01,Gautam Buddha Nagar,bNmwkrQeP3e,140,Meerut Division,delivery_care,% of live babies weighted at birth,indicator_6,141,99.60615153788449,delivery_care,2024
p,2023-04-01,Ballia,oNDvGBE5fLq,193,Azamgarh Division,ANC,% ANC registered in First trimester,indicator_1,193,95.03367320064713,ANC,2024
p,2023-04-01,Ballia,oNDvGBE5fLq,193,Azamgarh Division,communicable_diseases,Success rate of positive tuberculosis cases,indicator_2,193,100.0,communicable_diseases,2024
p,2023-04-01,Ballia,oNDvGBE5fLq,193,Azamgarh Division,ANC,% of severe anaemic PW treated,indicator_4,193,91.20723777212328,ANC,2024
p,2023-04-01,Ballia,oNDvGBE5fLq,193,Azamgarh Division,PNC,% of new born breastfed within one hour of birth,indicator_5,193,83.78690740983033,PNC,2024
p,2023-04-01,Ballia,oNDvGBE5fLq,193,Azamgarh Division,delivery_care,% of live babies weighted at birth,indicator_6,193,84.56975882070739,delivery_care,2024
p,2023-04-01,Firozabad,eJTsuE56XDF,146,Agra Division,ANC,% ANC registered in First trimester,indicator_1,147,61.69603151705682,ANC,2024
p,2023-04-01,Firozabad,eJTsuE56XDF,146,Agra Division,communicable_diseases,Success rate of positive tuberculosis cases,indicator_2,147,100.0,communicable_diseases,2024
p,2023-04-01,Firozabad,eJTsuE56XDF,146,Agra Division,ANC,% of severe anaemic PW treated,indicator_4,147,77.25359911406423,ANC,2024
p,2023-04-01,Firozabad,eJTsuE56XDF,146,Agra Division,PNC,% of new born breastfed within one hour of birth,indicator_5,147,66.47163985047943,PNC,2024
p,2023-04-01,Firozabad,eJTsuE56XDF,146,Agra Division,delivery_care,% of live babies weighted at birth,indicator_6,147,81.20312971605023,delivery_care,2024
p,2023-04-01,Lucknow,MfHac5N78aK,155,Lucknow Division,ANC,% ANC registered in First trimester,indicator_1,157,55.2381915646809,ANC,2024
p,2023-04-01,Lucknow,MfHac5N78aK,155,Lucknow Division,communicable_diseases,Success rate of positive tuberculosis cases,indicator_2,157,100.0,communicable_diseases,2024
p,2023-04-01,Lucknow,MfHac5N78aK,155,Lucknow Division,ANC,% of severe anaemic PW treated,indicator_4,157,60.252025202520244,ANC,2024
p,2023-04-01,Lucknow,MfHac5N78aK,155,Lucknow Division,PNC,% of new born breastfed within one hour of birth,indicator_5,157,91.21910365709623,PNC,2024
p,2023-04-01,Lucknow,MfHac5N78aK,155,Lucknow Division,delivery_care,% of live babies weighted at birth,indicator_6,157,97.30495844696888,delivery_care,2024
p,2023-04-01,Balrampur,uS0pNSxN3sS,182,Gonda Division,ANC,% ANC registered in First trimester,indicator_1,182,92.04450947984543,ANC,2024
p,2023-04-01,Balrampur,uS0pNSxN3sS,182,Gonda Division,communicable_diseases,Success rate of positive tuberculosis cases,indicator_2,182,100.0,communicable_diseases,2024
p,2023-04-01,Balrampur,uS0pNSxN3sS,182,Gonda Division,ANC,% of severe anaemic PW treated,indicator_4,182,95.40546262968452,ANC,2024
p,2023-04-01,Balrampur,uS0pNSxN3sS,182,Gonda Division,PNC,% of new born breastfed within one hour of birth,indicator_5,182,97.2032174556213,PNC,2024
p,2023-04-01,Balrampur,uS0pNSxN3sS,182,Gonda Division,delivery_care,% of live babies weighted at birth,indicator_6,182,98.76725838264299,delivery_care,2024
p,2023-04-01,Maunathbhanjan,CBSB9v92AwT,193,Azamgarh Division,ANC,% ANC registered in First trimester,indicator_1,192,57.557890576105926,ANC,2024
p,2023-04-01,Maunathbhanjan,CBSB9v92AwT,193,Azamgarh Division,communicable_diseases,Success rate of positive tuberculosis cases,indicator_2,192,100.0,communicable_diseases,2024
p,2023-04-01,Maunathbhanjan,CBSB9v92AwT,193,Azamgarh Division,ANC,% of severe anaemic PW treated,indicator_4,192,42.53375694996029,ANC,2024
p,2023-04-01,Maunathbhanjan,CBSB9v92AwT,193,Azamgarh Division,PNC,% of new born breastfed within one hour of birth,indicator_5,192,83.81157227947432,PNC,2024
p,2023-04-01,Maunathbhanjan,CBSB9v92AwT,193,Azamgarh Division,delivery_care,% of live babies weighted at birth,indicator_6,192,94.34149569821312,delivery_care,2024
p,2023-04-01,Bagpat,HJIS3IrQ0Nj,140,Meerut Division,ANC,% ANC registered in First trimester,indicator_1,139,87.59459610964741,ANC,2024
p,2023-04-01,Bagpat,HJIS3IrQ0Nj,140,Meerut Division,communicable_diseases,Success rate of positive tuberculosis cases,indicator_2,139,100.0,communicable_diseases,2024
p,2023-04-01,Bagpat,HJIS3IrQ0Nj,140,Meerut Division,ANC,% of severe anaemic PW treated,indicator_4,139,35.57154276578737,ANC,2024
p,2023-04-01,Bagpat,HJIS3IrQ0Nj,140,Meerut Division,PNC,% of new born breastfed within one hour of birth,indicator_5,139,94.06005221932115,PNC,2024
p,2023-04-01,Bagpat,HJIS3IrQ0Nj,140,Meerut Division,delivery_care,% of live babies weighted at birth,indicator_6,139,96.87068038703731,delivery_care,2024
p,2023-04-01,Sant Kabir Nagar,fe1yBApr2sl,185,Basti Division,ANC,% ANC registered in First trimester,indicator_1,186,75.86734433697666,ANC,2024
p,2023-04-01,Sant Kabir Nagar,fe1yBApr2sl,185,Basti Division,communicable_diseases,Success rate of positive tuberculosis cases,indicator_2,186,100.0,communicable_diseases,2024
p,2023-04-01,Sant Kabir Nagar,fe1yBApr2sl,185,Basti Division,ANC,% of severe anaemic PW treated,indicator_4,186,38.07740324594257,ANC,2024
p,2023-04-01,Sant Kabir Nagar,fe1yBApr2sl,185,Basti Division,PNC,% of new born breastfed within one hour of birth,indicator_5,186,96.1406773353182,PNC,2024
p,2023-04-01,Sant Kabir Nagar,fe1yBApr2sl,185,Basti Division,delivery_care,% of live babies weighted at birth,indicator_6,186,98.2285076293264,delivery_care,2024
p,2023-04-01,Mirzapur,UAicdMLyuk4,200,Mirzapur Division,ANC,% ANC registered in First trimester,indicator_1,199,87.70542023499941,ANC,2024
p,2023-04-01,Mirzapur,UAicdMLyuk4,200,Mirzapur Division,communicable_diseases,Success rate of positive tuberculosis cases,indicator_2,199,100.0,communicable_diseases,2024
p,2023-04-01,Mirzapur,UAicdMLyuk4,200,Mirzapur Division,ANC,% of severe anaemic PW treated,indicator_4,199,90.79925650557621,ANC,2024
p,2023-04-01,Mirzapur,UAicdMLyuk4,200,Mirzapur Division,PNC,% of new born breastfed within one hour of birth,indicator_5,199,99.00563258232236,PNC,2024
p,2023-04-01,Mirzapur,UAicdMLyuk4,200,Mirzapur Division,delivery_care,% of live babies weighted at birth,indicator_6,199,99.85701906412477,delivery_care,2024
p,2023-04-01,Kannauj,IhQbDYRiF8w,161,Kanpur Nagar Division,ANC,% ANC registered in First trimester,indicator_1,160,69.37646045996803,ANC,2024
p,2023-04-01,Kannauj,IhQbDYRiF8w,161,Kanpur Nagar Division,communicable_diseases,Success rate of positive tuberculosis cases,indicator_2,160,100.0,communicable_diseases,2024
p,2023-04-01,Kannauj,IhQbDYRiF8w,161,Kanpur Nagar Division,ANC,% of severe anaemic PW treated,indicator_4,160,72.40280433397069,ANC,2024
p,2023-04-01,Kannauj,IhQbDYRiF8w,161,Kanpur Nagar Division,PNC,% of new born breastfed within one hour of birth,indicator_5,160,92.31387730792136,PNC,2024
p,2023-04-01,Kannauj,IhQbDYRiF8w,161,Kanpur Nagar Division,delivery_care,% of live babies weighted at birth,indicator_6,160,96.70637284097677,delivery_care,2024
p,2023-04-01,Unnav,aT03mfdlNiF,155,Lucknow Division,ANC,% ANC registered in First trimester,indicator_1,156,79.55383804672404,ANC,2024
p,2023-04-01,Unnav,aT03mfdlNiF,155,Lucknow Division,communicable_diseases,Success rate of positive tuberculosis cases,indicator_2,156,100.0,communicable_diseases,2024
p,2023-04-01,Unnav,aT03mfdlNiF,155,Lucknow Division,ANC,% of severe anaemic PW treated,indicator_4,156,53.79039565086077,ANC,2024
p,2023-04-01,Unnav,aT03mfdlNiF,155,Lucknow Division,PNC,% of new born breastfed within one hour of birth,indicator_5,156,80.93062402308527,PNC,2024
p,2023-04-01,Unnav,aT03mfdlNiF,155,Lucknow Division,delivery_care,% of live babies weighted at birth,indicator_6,156,72.82473648350769,delivery_care,2024
p,2023-04-01,Moradabad,YQNQoPjAIpV,134,Moradabad Division,ANC,% ANC registered in First trimester,indicator_1,135,82.84166531407239,ANC,2024
p,2023-04-01,Moradabad,YQNQoPjAIpV,134,Moradabad Division,communicable_diseases,Success rate of positive tuberculosis cases,indicator_2,135,100.0,communicable_diseases,2024
p,2023-04-01,Moradabad,YQNQoPjAIpV,134,Moradabad Division,ANC,% of severe anaemic PW treated,indicator_4,135,89.47755702722591,ANC,2024
p,2023-04-01,Moradabad,YQNQoPjAIpV,134,Moradabad Division,PNC,% of new born breastfed within one hour of birth,indicator_5,135,98.11703686999662,PNC,2024
p,2023-04-01,Moradabad,YQNQoPjAIpV,134,Moradabad Division,delivery_care,% of live babies weighted at birth,indicator_6,135,98.48911940466795,delivery_care,2024
p,2023-04-01,Bijnor,uCYjHW7FuGG,134,Moradabad Division,ANC,% ANC registered in First trimester,indicator_1,134,85.41699078438012,ANC,2024
p,2023-04-01,Bijnor,uCYjHW7FuGG,134,Moradabad Division,communicable_diseases,Success rate of positive tuberculosis cases,indicator_2,134,100.0,communicable_diseases,2024
p,2023-04-01,Bijnor,uCYjHW7FuGG,134,Moradabad Division,ANC,% of severe anaemic PW treated,indicator_4,134,63.35202124520506,ANC,2024
p,2023-04-01,Bijnor,uCYjHW7FuGG,134,Moradabad Division,PNC,% of new born breastfed within one hour of birth,indicator_5,134,86.39510744543567,PNC,2024
p,2023-04-01,Bijnor,uCYjHW7FuGG,134,Moradabad Division,delivery_care,% of live babies weighted at birth,indicator_6,134,97.59075352073164,delivery_care,2024
p,2023-04-01,Shamli,AdiUcz9BXhx,132,Saharanpur Division,ANC,% ANC registered in First trimester,indicator_1,203,91.40703252675421,ANC,2024
p,2023-04-01,Shamli,AdiUcz9BXhx,132,Saharanpur Division,communicable_diseases,Success rate of positive tuberculosis cases,indicator_2,203,100.0,communicable_diseases,2024
p,2023-04-01,Shamli,AdiUcz9BXhx,132,Saharanpur Division,ANC,% of severe anaemic PW treated,indicator_4,203,98.45668186601192,ANC,2024
p,2023-04-01,Shamli,AdiUcz9BXhx,132,Saharanpur Division,PNC,% of new born breastfed within one hour of birth,indicator_5,203,88.44328140214216,PNC,2024
p,2023-04-01,Shamli,AdiUcz9BXhx,132,Saharanpur Division,delivery_care,% of live babies weighted at birth,indicator_6,203,88.47370983446933,delivery_care,2024
p,2023-04-01,Bhadohi,PeUY1vj02UQ,200,Mirzapur Division,ANC,% ANC registered in First trimester,indicator_1,198,87.75897088693297,ANC,2024
p,2023-04-01,Bhadohi,PeUY1vj02UQ,200,Mirzapur Division,communicable_diseases,Success rate of positive tuberculosis cases,indicator_2,198,100.0,communicable_diseases,2024
p,2023-04-01,Bhadohi,PeUY1vj02UQ,200,Mirzapur Division,ANC,% of severe anaemic PW treated,indicator_4,198,58.65479723046489,ANC,2024
p,2023-04-01,Bhadohi,PeUY1vj02UQ,200,Mirzapur Division,PNC,% of new born breastfed within one hour of birth,indicator_5,198,96.98518582690808,PNC,2024
p,2023-04-01,Bhadohi,PeUY1vj02UQ,200,Mirzapur Division,delivery_care,% of live babies weighted at birth,indicator_6,198,98.36264402668283,delivery_care,2024
p,2023-04-01,Gonda,y8WarEkWCul,182,Gonda Division,ANC,% ANC registered in First trimester,indicator_1,183,81.3262406431938,ANC,2024
p,2023-04-01,Gonda,y8WarEkWCul,182,Gonda Division,communicable_diseases,Success rate of positive tuberculosis cases,indicator_2,183,100.0,communicable_diseases,2024
p,2023-04-01,Gonda,y8WarEkWCul,182,Gonda Division,ANC,% of severe anaemic PW treated,indicator_4,183,82.82997762863533,ANC,2024
p,2023-04-01,Gonda,y8WarEkWCul,182,Gonda Division,PNC,% of new born breastfed within one hour of birth,indicator_5,183,95.04499540863178,PNC,2024
p,2023-04-01,Gonda,y8WarEkWCul,182,Gonda Division,delivery_care,% of live babies weighted at birth,indicator_6,183,96.69054178145086,delivery_care,2024
p,2023-04-01,Agra,N5WWbRtsjWp,146,Agra Division,ANC,% ANC registered in First trimester,indicator_1,146,58.86835473418937,ANC,2024
p,2023-04-01,Agra,N5WWbRtsjWp,146,Agra Division,communicable_diseases,Success rate of positive tuberculosis cases,indicator_2,146,100.0,communicable_diseases,2024
p,2023-04-01,Agra,N5WWbRtsjWp,146,Agra Division,ANC,% of severe anaemic PW treated,indicator_4,146,72.91301077964401,ANC,2024
p,2023-04-01,Agra,N5WWbRtsjWp,146,Agra Division,PNC,% of new born breastfed within one hour of birth,indicator_5,146,97.60890721304271,PNC,2024
p,2023-04-01,Agra,N5WWbRtsjWp,146,Agra Division,delivery_care,% of live babies weighted at birth,indicator_6,146,99.36900264746815,delivery_care,2024
p,2023-04-01,Deoria,Tf9b9qcbghH,188,Gorakhpur Division,ANC,% ANC registered in First trimester,indicator_1,190,70.12668739303473,ANC,2024
p,2023-04-01,Deoria,Tf9b9qcbghH,188,Gorakhpur Division,communicable_diseases,Success rate of positive tuberculosis cases,indicator_2,190,100.0,communicable_diseases,2024
p,2023-04-01,Deoria,Tf9b9qcbghH,188,Gorakhpur Division,ANC,% of severe anaemic PW treated,indicator_4,190,23.911930363543267,ANC,2024
p,2023-04-01,Deoria,Tf9b9qcbghH,188,Gorakhpur Division,PNC,% of new born breastfed within one hour of birth,indicator_5,190,94.22797890788124,PNC,2024
p,2023-04-01,Deoria,Tf9b9qcbghH,188,Gorakhpur Division,delivery_care,% of live babies weighted at birth,indicator_6,190,93.52726757971477,delivery_care,2024
p,2023-04-01,Ambedkar Nagar,jM27ji8tyrM,176,Ayodhya Division,ANC,% ANC registered in First trimester,indicator_1,178,89.64624131396084,ANC,2024
p,2023-04-01,Ambedkar Nagar,jM27ji8tyrM,176,Ayodhya Division,communicable_diseases,Success rate of positive tuberculosis cases,indicator_2,178,100.0,communicable_diseases,2024
p,2023-04-01,Ambedkar Nagar,jM27ji8tyrM,176,Ayodhya Division,ANC,% of severe anaemic PW treated,indicator_4,178,88.72727272727273,ANC,2024
p,2023-04-01,Ambedkar Nagar,jM27ji8tyrM,176,Ayodhya Division,PNC,% of new born breastfed within one hour of birth,indicator_5,178,96.94623027469316,PNC,2024
p,2023-04-01,Ambedkar Nagar,jM27ji8tyrM,176,Ayodhya Division,delivery_care,% of live babies weighted at birth,indicator_6,178,99.44963958698617,delivery_care,2024
p,2023-04-01,Meerut,v8YGmR7nOdj,140,Meerut Division,ANC,% ANC registered in First trimester,indicator_1,138,67.84512372634643,ANC,2024
p,2023-04-01,Meerut,v8YGmR7nOdj,140,Meerut Division,communicable_diseases,Success rate of positive tuberculosis cases,indicator_2,138,100.0,communicable_diseases,2024
p,2023-04-01,Meerut,v8YGmR7nOdj,140,Meerut Division,ANC,% of severe anaemic PW treated,indicator_4,138,52.679343128781326,ANC,2024
p,2023-04-01,Meerut,v8YGmR7nOdj,140,Meerut Division,PNC,% of new born breastfed within one hour of birth,indicator_5,138,83.3929780442983,PNC,2024
p,2023-04-01,Meerut,v8YGmR7nOdj,140,Meerut Division,delivery_care,% of live babies weighted at birth,indicator_6,138,98.20421059419027,delivery_care,2024
p,2023-04-01,Gorakhpur,vR85cHdsw1w,188,Gorakhpur Division,ANC,% ANC registered in First trimester,indicator_1,188,45.19442496709353,ANC,2024
p,2023-04-01,Gorakhpur,vR85cHdsw1w,188,Gorakhpur Division,communicable_diseases,Success rate of positive tuberculosis cases,indicator_2,188,100.0,communicable_diseases,2024
p,2023-04-01,Gorakhpur,vR85cHdsw1w,188,Gorakhpur Division,ANC,% of severe anaemic PW treated,indicator_4,188,29.52991452991453,ANC,2024
p,2023-04-01,Gorakhpur,vR85cHdsw1w,188,Gorakhpur Division,PNC,% of new born breastfed within one hour of birth,indicator_5,188,82.86961718516552,PNC,2024
p,2023-04-01,Gorakhpur,vR85cHdsw1w,188,Gorakhpur Division,delivery_care,% of live babies weighted at birth,indicator_6,188,86.960058434875,delivery_care,2024
p,2023-04-01,Varanasi,LeuBT7KfuuA,195,Varanasi Division,ANC,% ANC registered in First trimester,indicator_1,197,77.18312362968376,ANC,2024
p,2023-04-01,Varanasi,LeuBT7KfuuA,195,Varanasi Division,communicable_diseases,Success rate of positive tuberculosis cases,indicator_2,197,100.0,communicable_diseases,2024
p,2023-04-01,Varanasi,LeuBT7KfuuA,195,Varanasi Division,ANC,% of severe anaemic PW treated,indicator_4,197,64.24418604651163,ANC,2024
p,2023-04-01,Varanasi,LeuBT7KfuuA,195,Varanasi Division,PNC,% of new born breastfed within one hour of birth,indicator_5,197,89.19934770503541,PNC,2024
p,2023-04-01,Varanasi,LeuBT7KfuuA,195,Varanasi Division,delivery_care,% of live babies weighted at birth,indicator_6,197,91.30140800254554,delivery_care,2024
p,2023-04-01,Amroha,hgquAmZaNBu,134,Moradabad Division,ANC,% ANC registered in First trimester,indicator_1,137,75.77149858335248,ANC,2024
p,2023-04-01,Amroha,hgquAmZaNBu,134,Moradabad Division,communicable_diseases,Success rate of positive tuberculosis cases,indicator_2,137,100.0,communicable_diseases,2024
p,2023-04-01,Amroha,hgquAmZaNBu,134,Moradabad Division,ANC,% of severe anaemic PW treated,indicator_4,137,56.16519174041298,ANC,2024
p,2023-04-01,Amroha,hgquAmZaNBu,134,Moradabad Division,PNC,% of new born breastfed within one hour of birth,indicator_5,137,92.68316374851256,PNC,2024
p,2023-04-01,Amroha,hgquAmZaNBu,134,Moradabad Division,delivery_care,% of live babies weighted at birth,indicator_6,137,95.78668738920324,delivery_care,2024
p,2023-04-01,Farrukhabad,uEEwlAGZXWW,161,Kanpur Nagar Division,ANC,% ANC registered in First trimester,indicator_1,159,84.91336463319519,ANC,2024
p,2023-04-01,Farrukhabad,uEEwlAGZXWW,161,Kanpur Nagar Division,communicable_diseases,Success rate of positive tuberculosis cases,indicator_2,159,100.0,communicable_diseases,2024
p,2023-04-01,Farrukhabad,uEEwlAGZXWW,161,Kanpur Nagar Division,ANC,% of severe anaemic PW treated,indicator_4,159,29.348475791990428,ANC,2024
p,2023-04-01,Farrukhabad,uEEwlAGZXWW,161,Kanpur Nagar Division,PNC,% of new born breastfed within one hour of birth,indicator_5,159,93.00201269546369,PNC,2024
p,2023-04-01,Farrukhabad,uEEwlAGZXWW,161,Kanpur Nagar Division,delivery_care,% of live babies weighted at birth,indicator_6,159,95.39247561542037,delivery_care,2024
p,2023-04-01,Muzaffarnagar,MVQs2RrS1Nw,132,Saharanpur Division,ANC,% ANC registered in First trimester,indicator_1,133,76.3165919383802,ANC,2024
p,2023-04-01,Muzaffarnagar,MVQs2RrS1Nw,132,Saharanpur Division,communicable_diseases,Success rate of positive tuberculosis cases,indicator_2,133,100.0,communicable_diseases,2024
p,2023-04-01,Muzaffarnagar,MVQs2RrS1Nw,132,Saharanpur Division,ANC,% of severe anaemic PW treated,indicator_4,133,93.75684556407448,ANC,2024
p,2023-04-01,Muzaffarnagar,MVQs2RrS1Nw,132,Saharanpur Division,PNC,% of new born breastfed within one hour of birth,indicator_5,133,98.32554847841473,PNC,2024
p,2023-04-01,Muzaffarnagar,MVQs2RrS1Nw,132,Saharanpur Division,delivery_care,% of live babies weighted at birth,indicator_6,133,98.89596602972401,delivery_care,2024
p,2023-04-01,Ayodhya,b4XkXzoGqFY,176,Ayodhya Division,ANC,% ANC registered in First trimester,indicator_1,177,63.39323556836484,ANC,2024
p,2023-04-01,Ayodhya,b4XkXzoGqFY,176,Ayodhya Division,communicable_diseases,Success rate of positive tuberculosis cases,indicator_2,177,100.0,communicable_diseases,2024
p,2023-04-01,Ayodhya,b4XkXzoGqFY,176,Ayodhya Division,ANC,% of severe anaemic PW treated,indicator_4,177,46.62813102119461,ANC,2024
p,2023-04-01,Ayodhya,b4XkXzoGqFY,176,Ayodhya Division,PNC,% of new born breastfed within one hour of birth,indicator_5,177,84.91726974208564,PNC,2024
p,2023-04-01,Ayodhya,b4XkXzoGqFY,176,Ayodhya Division,delivery_care,% of live babies weighted at birth,indicator_6,177,88.07982911977557,delivery_care,2024
p,2023-04-01,Ghaziabad,M5NHlfAaKYI,140,Meerut Division,ANC,% ANC registered in First trimester,indicator_1,140,73.37777159659858,ANC,2024
p,2023-04-01,Ghaziabad,M5NHlfAaKYI,140,Meerut Division,communicable_diseases,Success rate of positive tuberculosis cases,indicator_2,140,100.0,communicable_diseases,2024
p,2023-04-01,Ghaziabad,M5NHlfAaKYI,140,Meerut Division,ANC,% of severe anaemic PW treated,indicator_4,140,77.80358327803583,ANC,2024
p,2023-04-01,Ghaziabad,M5NHlfAaKYI,140,Meerut Division,PNC,% of new born breastfed within one hour of birth,indicator_5,140,92.5198439391901,PNC,2024
p,2023-04-01,Ghaziabad,M5NHlfAaKYI,140,Meerut Division,delivery_care,% of live babies weighted at birth,indicator_6,140,99.4992301597979,delivery_care,2024
p,2023-04-01,Kushinagar,xUeHwd9FQkg,188,Gorakhpur Division,ANC,% ANC registered in First trimester,indicator_1,189,83.77904706555397,ANC,2024
p,2023-04-01,Kushinagar,xUeHwd9FQkg,188,Gorakhpur Division,communicable_diseases,Success rate of positive tuberculosis cases,indicator_2,189,100.0,communicable_diseases,2024
p,2023-04-01,Kushinagar,xUeHwd9FQkg,188,Gorakhpur Division,ANC,% of severe anaemic PW treated,indicator_4,189,25.23385808806753,ANC,2024
p,2023-04-01,Kushinagar,xUeHwd9FQkg,188,Gorakhpur Division,PNC,% of new born breastfed within one hour of birth,indicator_5,189,95.70133294801865,PNC,2024
p,2023-04-01,Kushinagar,xUeHwd9FQkg,188,Gorakhpur Division,delivery_care,% of live babies weighted at birth,indicator_6,189,97.81273705884476,delivery_care,2024
p,2023-04-01,Lakhimpur Kheri,d9ZuMopgX29,155,Lucknow Division,ANC,% ANC registered in First trimester,indicator_1,153,84.9943266992985,ANC,2024
p,2023-04-01,Lakhimpur Kheri,d9ZuMopgX29,155,Lucknow Division,communicable_diseases,Success rate of positive tuberculosis cases,indicator_2,153,100.0,communicable_diseases,2024
p,2023-04-01,Lakhimpur Kheri,d9ZuMopgX29,155,Lucknow Division,ANC,% of severe anaemic PW treated,indicator_4,153,69.83445738810545,ANC,2024
p,2023-04-01,Lakhimpur Kheri,d9ZuMopgX29,155,Lucknow Division,PNC,% of new born breastfed within one hour of birth,indicator_5,153,86.20689655172413,PNC,2024
p,2023-04-01,Lakhimpur Kheri,d9ZuMopgX29,155,Lucknow Division,delivery_care,% of live babies weighted at birth,indicator_6,153,88.16738816738817,delivery_care,2024
p,2023-04-01,Hapur,CZ8kLjgqvSH,140,Meerut Division,ANC,% ANC registered in First trimester,indicator_1,204,79.99119847440222,ANC,2024
p,2023-04-01,Hapur,CZ8kLjgqvSH,140,Meerut Division,communicable_diseases,Success rate of positive tuberculosis cases,indicator_2,204,100.0,communicable_diseases,2024
p,2023-04-01,Hapur,CZ8kLjgqvSH,140,Meerut Division,ANC,% of severe anaemic PW treated,indicator_4,204,47.3423980222497,ANC,2024
p,2023-04-01,Hapur,CZ8kLjgqvSH,140,Meerut Division,PNC,% of new born breastfed within one hour of birth,indicator_5,204,95.94440213252096,PNC,2024
p,2023-04-01,Hapur,CZ8kLjgqvSH,140,Meerut Division,delivery_care,% of live babies weighted at birth,indicator_6,204,98.01980198019804,delivery_care,2024
p,2023-04-01,Mahoba,sUQMxIc3yXj,170,Chitrakoot Division,ANC,% ANC registered in First trimester,indicator_1,169,71.43486267915766,ANC,2024
p,2023-04-01,Mahoba,sUQMxIc3yXj,170,Chitrakoot Division,communicable_diseases,Success rate of positive tuberculosis cases,indicator_2,169,100.0,communicable_diseases,2024
p,2023-04-01,Mahoba,sUQMxIc3yXj,170,Chitrakoot Division,ANC,% of severe anaemic PW treated,indicator_4,169,64.04199475065617,ANC,2024
p,2023-04-01,Mahoba,sUQMxIc3yXj,170,Chitrakoot Division,PNC,% of new born breastfed within one hour of birth,indicator_5,169,94.75667441674015,PNC,2024
p,2023-04-01,Mahoba,sUQMxIc3yXj,170,Chitrakoot Division,delivery_care,% of live babies weighted at birth,indicator_6,169,100.0,delivery_care,2024
p,2023-04-01,Siddharth Nagar,cP0p8qfm3il,185,Basti Division,ANC,% ANC registered in First trimester,indicator_1,184,69.52757357362172,ANC,2024
p,2023-04-01,Siddharth Nagar,cP0p8qfm3il,185,Basti Division,communicable_diseases,Success rate of positive tuberculosis cases,indicator_2,184,100.0,communicable_diseases,2024
p,2023-04-01,Siddharth Nagar,cP0p8qfm3il,185,Basti Division,ANC,% of severe anaemic PW treated,indicator_4,184,50.38824181919024,ANC,2024
p,2023-04-01,Siddharth Nagar,cP0p8qfm3il,185,Basti Division,PNC,% of new born breastfed within one hour of birth,indicator_5,184,96.19225624393015,PNC,2024
p,2023-04-01,Siddharth Nagar,cP0p8qfm3il,185,Basti Division,delivery_care,% of live babies weighted at birth,indicator_6,184,97.3943158704854,delivery_care,2024
p,2023-04-01,Kanpur Dehat,k3D0AumUCiC,161,Kanpur Nagar Division,ANC,% ANC registered in First trimester,indicator_1,163,60.09120081067388,ANC,2024
p,2023-04-01,Kanpur Dehat,k3D0AumUCiC,161,Kanpur Nagar Division,communicable_diseases,Success rate of positive tuberculosis cases,indicator_2,163,100.0,communicable_diseases,2024
p,2023-04-01,Kanpur Dehat,k3D0AumUCiC,161,Kanpur Nagar Division,ANC,% of severe anaemic PW treated,indicator_4,163,65.44046466602128,ANC,2024
p,2023-04-01,Kanpur Dehat,k3D0AumUCiC,161,Kanpur Nagar Division,PNC,% of new born breastfed within one hour of birth,indicator_5,163,92.01369311316955,PNC,2024
p,2023-04-01,Kanpur Dehat,k3D0AumUCiC,161,Kanpur Nagar Division,delivery_care,% of live babies weighted at birth,indicator_6,163,96.19412001610954,delivery_care,2024
p,2023-04-01,Rae Bareli,lLvTDpBDY8u,155,Lucknow Division,ANC,% ANC registered in First trimester,indicator_1,158,72.7056036716263,ANC,2024
p,2023-04-01,Rae Bareli,lLvTDpBDY8u,155,Lucknow Division,communicable_diseases,Success rate of positive tuberculosis cases,indicator_2,158,100.0,communicable_diseases,2024
p,2023-04-01,Rae Bareli,lLvTDpBDY8u,155,Lucknow Division,ANC,% of severe anaemic PW treated,indicator_4,158,49.07312049433575,ANC,2024
p,2023-04-01,Rae Bareli,lLvTDpBDY8u,155,Lucknow Division,PNC,% of new born breastfed within one hour of birth,indicator_5,158,93.92020265991134,PNC,2024
p,2023-04-01,Rae Bareli,lLvTDpBDY8u,155,Lucknow Division,delivery_care,% of live babies weighted at birth,indicator_6,158,98.40454036147513,delivery_care,2024
p,2023-04-01,Mathura,KP2BUB1npih,146,Agra Division,ANC,% ANC registered in First trimester,indicator_1,145,61.06578809747936,ANC,2024
p,2023-04-01,Mathura,KP2BUB1npih,146,Agra Division,communicable_diseases,Success rate of positive tuberculosis cases,indicator_2,145,100.0,communicable_diseases,2024
p,2023-04-01,Mathura,KP2BUB1npih,146,Agra Division,ANC,% of severe anaemic PW treated,indicator_4,145,65.18826518826519,ANC,2024
p,2023-04-01,Mathura,KP2BUB1npih,146,Agra Division,PNC,% of new born breastfed within one hour of birth,indicator_5,145,74.48594786534173,PNC,2024
p,2023-04-01,Mathura,KP2BUB1npih,146,Agra Division,delivery_care,% of live babies weighted at birth,indicator_6,145,82.81262902915027,delivery_care,2024
p,2023-04-01,Etah,ZLcx4iOVyN5,201,Alligarh Division,ANC,% ANC registered in First trimester,indicator_1,201,68.87419734792357,ANC,2024
p,2023-04-01,Etah,ZLcx4iOVyN5,201,Alligarh Division,communicable_diseases,Success rate of positive tuberculosis cases,indicator_2,201,100.0,communicable_diseases,2024
p,2023-04-01,Etah,ZLcx4iOVyN5,201,Alligarh Division,ANC,% of severe anaemic PW treated,indicator_4,201,46.52542372881357,ANC,2024
p,2023-04-01,Etah,ZLcx4iOVyN5,201,Alligarh Division,PNC,% of new born breastfed within one hour of birth,indicator_5,201,93.75131773139364,PNC,2024
p,2023-04-01,Etah,ZLcx4iOVyN5,201,Alligarh Division,delivery_care,% of live babies weighted at birth,indicator_6,201,94.54986295593504,delivery_care,2024
p,2023-04-01,Pratapgarh,fz7bJo3egPX,172,Prayagraj Division,ANC,% ANC registered in First trimester,indicator_1,173,84.59318509765603,ANC,2024
p,2023-04-01,Pratapgarh,fz7bJo3egPX,172,Prayagraj Division,communicable_diseases,Success rate of positive tuberculosis cases,indicator_2,173,100.0,communicable_diseases,2024
p,2023-04-01,Pratapgarh,fz7bJo3egPX,172,Prayagraj Division,ANC,% of severe anaemic PW treated,indicator_4,173,56.93554466641539,ANC,2024
p,2023-04-01,Pratapgarh,fz7bJo3egPX,172,Prayagraj Division,PNC,% of new born breastfed within one hour of birth,indicator_5,173,82.17260685511403,PNC,2024
p,2023-04-01,Pratapgarh,fz7bJo3egPX,172,Prayagraj Division,delivery_care,% of live babies weighted at birth,indicator_6,173,82.93959670444717,delivery_care,2024
p,2023-04-01,Basti,J1P16zQEOUT,185,Basti Division,ANC,% ANC registered in First trimester,indicator_1,185,83.4267236059342,ANC,2024
p,2023-04-01,Basti,J1P16zQEOUT,185,Basti Division,communicable_diseases,Success rate of positive tuberculosis cases,indicator_2,185,100.0,communicable_diseases,2024
p,2023-04-01,Basti,J1P16zQEOUT,185,Basti Division,ANC,% of severe anaemic PW treated,indicator_4,185,55.42710340398202,ANC,2024
p,2023-04-01,Basti,J1P16zQEOUT,185,Basti Division,PNC,% of new born breastfed within one hour of birth,indicator_5,185,92.11734831703495,PNC,2024
p,2023-04-01,Basti,J1P16zQEOUT,185,Basti Division,delivery_care,% of live babies weighted at birth,indicator_6,185,96.52871575990059,delivery_care,2024
p,2023-04-01,Hathras,m1IAjmqkoFC,201,Alligarh Division,ANC,% ANC registered in First trimester,indicator_1,144,88.1950994571255,ANC,2024
p,2023-04-01,Hathras,m1IAjmqkoFC,201,Alligarh Division,communicable_diseases,Success rate of positive tuberculosis cases,indicator_2,144,100.0,communicable_diseases,2024
p,2023-04-01,Hathras,m1IAjmqkoFC,201,Alligarh Division,ANC,% of severe anaemic PW treated,indicator_4,144,61.45552560646901,ANC,2024
p,2023-04-01,Hathras,m1IAjmqkoFC,201,Alligarh Division,PNC,% of new born breastfed within one hour of birth,indicator_5,144,97.29762481822588,PNC,2024
p,2023-04-01,Hathras,m1IAjmqkoFC,201,Alligarh Division,delivery_care,% of live babies weighted at birth,indicator_6,144,97.62784779447406,delivery_care,2024
p,2023-04-01,Shrawasti,oyTwneTbWDx,182,Gonda Division,ANC,% ANC registered in First trimester,indicator_1,181,96.15201809920342,ANC,2024
p,2023-04-01,Shrawasti,oyTwneTbWDx,182,Gonda Division,communicable_diseases,Success rate of positive tuberculosis cases,indicator_2,181,100.0,communicable_diseases,2024
p,2023-04-01,Shrawasti,oyTwneTbWDx,182,Gonda Division,ANC,% of severe anaemic PW treated,indicator_4,181,98.1550539744848,ANC,2024
p,2023-04-01,Shrawasti,oyTwneTbWDx,182,Gonda Division,PNC,% of new born breastfed within one hour of birth,indicator_5,181,96.41137544175898,PNC,2024
p,2023-04-01,Shrawasti,oyTwneTbWDx,182,Gonda Division,delivery_care,% of live babies weighted at birth,indicator_6,181,97.76807950475558,delivery_care,2024
p,2023-04-01,Banda,DggJGxqbWHn,170,Chitrakoot Division,ANC,% ANC registered in First trimester,indicator_1,170,74.51391803049377,ANC,2024
p,2023-04-01,Banda,DggJGxqbWHn,170,Chitrakoot Division,communicable_diseases,Success rate of positive tuberculosis cases,indicator_2,170,100.0,communicable_diseases,2024
p,2023-04-01,Banda,DggJGxqbWHn,170,Chitrakoot Division,ANC,% of severe anaemic PW treated,indicator_4,170,78.24136384028712,ANC,2024
p,2023-04-01,Banda,DggJGxqbWHn,170,Chitrakoot Division,PNC,% of new born breastfed within one hour of birth,indicator_5,170,91.89940994661421,PNC,2024
p,2023-04-01,Banda,DggJGxqbWHn,170,Chitrakoot Division,delivery_care,% of live babies weighted at birth,indicator_6,170,96.664793481315,delivery_care,2024
p,2023-04-01,Amethi,StsLkYw1G0m,176,Ayodhya Division,ANC,% ANC registered in First trimester,indicator_1,206,88.9271064775252,ANC,2024
p,2023-04-01,Amethi,StsLkYw1G0m,176,Ayodhya Division,communicable_diseases,Success rate of positive tuberculosis cases,indicator_2,206,100.0,communicable_diseases,2024
p,2023-04-01,Amethi,StsLkYw1G0m,176,Ayodhya Division,ANC,% of severe anaemic PW treated,indicator_4,206,59.39447907390917,ANC,2024
p,2023-04-01,Amethi,StsLkYw1G0m,176,Ayodhya Division,PNC,% of new born breastfed within one hour of birth,indicator_5,206,95.54186890728882,PNC,2024
p,2023-04-01,Amethi,StsLkYw1G0m,176,Ayodhya Division,delivery_care,% of live babies weighted at birth,indicator_6,206,97.42627564547053,delivery_care,2024
p,2023-04-01,Rampur,IU006h5U7jj,134,Moradabad Division,ANC,% ANC registered in First trimester,indicator_1,136,91.97147743572769,ANC,2024
p,2023-04-01,Rampur,IU006h5U7jj,134,Moradabad Division,communicable_diseases,Success rate of positive tuberculosis cases,indicator_2,136,100.0,communicable_diseases,2024
p,2023-04-01,Rampur,IU006h5U7jj,134,Moradabad Division,ANC,% of severe anaemic PW treated,indicator_4,136,87.72341048930559,ANC,2024
p,2023-04-01,Rampur,IU006h5U7jj,134,Moradabad Division,PNC,% of new born breastfed within one hour of birth,indicator_5,136,87.56289573151648,PNC,2024
p,2023-04-01,Rampur,IU006h5U7jj,134,Moradabad Division,delivery_care,% of live babies weighted at birth,indicator_6,136,90.03298264198185,delivery_care,2024
p,2023-04-01,Sonbhadra,NNk3JP90QZ5,200,Mirzapur Division,ANC,% ANC registered in First trimester,indicator_1,200,88.13893085711375,ANC,2024
p,2023-04-01,Sonbhadra,NNk3JP90QZ5,200,Mirzapur Division,communicable_diseases,Success rate of positive tuberculosis cases,indicator_2,200,100.0,communicable_diseases,2024
p,2023-04-01,Sonbhadra,NNk3JP90QZ5,200,Mirzapur Division,ANC,% of severe anaemic PW treated,indicator_4,200,96.85483870967741,ANC,2024
p,2023-04-01,Sonbhadra,NNk3JP90QZ5,200,Mirzapur Division,PNC,% of new born breastfed within one hour of birth,indicator_5,200,97.49420878272349,PNC,2024
p,2023-04-01,Sonbhadra,NNk3JP90QZ5,200,Mirzapur Division,delivery_care,% of live babies weighted at birth,indicator_6,200,99.09084115874164,delivery_care,2024
p,2023-04-01,Kanpur Nagar,QVMRMhzVrrS,161,Kanpur Nagar Division,ANC,% ANC registered in First trimester,indicator_1,164,35.34600130231457,ANC,2024
p,2023-04-01,Kanpur Nagar,QVMRMhzVrrS,161,Kanpur Nagar Division,communicable_diseases,Success rate of positive tuberculosis cases,indicator_2,164,100.0,communicable_diseases,2024
p,2023-04-01,Kanpur Nagar,QVMRMhzVrrS,161,Kanpur Nagar Division,ANC,% of severe anaemic PW treated,indicator_4,164,56.88237397211297,ANC,2024
p,2023-04-01,Kanpur Nagar,QVMRMhzVrrS,161,Kanpur Nagar Division,PNC,% of new born breastfed within one hour of birth,indicator_5,164,69.16210184621627,PNC,2024
p,2023-04-01,Kanpur Nagar,QVMRMhzVrrS,161,Kanpur Nagar Division,delivery_care,% of live babies weighted at birth,indicator_6,164,71.62101846216271,delivery_care,2024
p,2023-04-01,Bulandshahar,ogBt4gWCiem,140,Meerut Division,ANC,% ANC registered in First trimester,indicator_1,142,63.488644556596974,ANC,2024
p,2023-04-01,Bulandshahar,ogBt4gWCiem,140,Meerut Division,communicable_diseases,Success rate of positive tuberculosis cases,indicator_2,142,100.0,communicable_diseases,2024
p,2023-04-01,Bulandshahar,ogBt4gWCiem,140,Meerut Division,ANC,% of severe anaemic PW treated,indicator_4,142,40.475116523831,ANC,2024
p,2023-04-01,Bulandshahar,ogBt4gWCiem,140,Meerut Division,PNC,% of new born breastfed within one hour of birth,indicator_5,142,91.61228216707485,PNC,2024
p,2023-04-01,Bulandshahar,ogBt4gWCiem,140,Meerut Division,delivery_care,% of live babies weighted at birth,indicator_6,142,93.26434405923072,delivery_care,2024
p,2023-04-01,Saharanpur,FKYZ3JbWq84,132,Saharanpur Division,ANC,% ANC registered in First trimester,indicator_1,132,76.17491832118624,ANC,2024
p,2023-04-01,Saharanpur,FKYZ3JbWq84,132,Saharanpur Division,communicable_diseases,Success rate of positive tuberculosis cases,indicator_2,132,100.0,communicable_diseases,2024
p,2023-04-01,Saharanpur,FKYZ3JbWq84,132,Saharanpur Division,ANC,% of severe anaemic PW treated,indicator_4,132,76.36086791016369,ANC,2024
p,2023-04-01,Saharanpur,FKYZ3JbWq84,132,Saharanpur Division,PNC,% of new born breastfed within one hour of birth,indicator_5,132,97.96592343289862,PNC,2024
p,2023-04-01,Saharanpur,FKYZ3JbWq84,132,Saharanpur Division,delivery_care,% of live babies weighted at birth,indicator_6,132,99.49200673117376,delivery_care,2024
p,2023-04-01,Shahjahanpur,GaiLSoQq1ue,150,Bareilly Division,ANC,% ANC registered in First trimester,indicator_1,152,95.66667011814407,ANC,2024
p,2023-04-01,Shahjahanpur,GaiLSoQq1ue,150,Bareilly Division,communicable_diseases,Success rate of positive tuberculosis cases,indicator_2,152,100.0,communicable_diseases,2024
p,2023-04-01,Shahjahanpur,GaiLSoQq1ue,150,Bareilly Division,ANC,% of severe anaemic PW treated,indicator_4,152,38.83568548387097,ANC,2024
p,2023-04-01,Shahjahanpur,GaiLSoQq1ue,150,Bareilly Division,PNC,% of new born breastfed within one hour of birth,indicator_5,152,89.73891549513363,PNC,2024
p,2023-04-01,Shahjahanpur,GaiLSoQq1ue,150,Bareilly Division,delivery_care,% of live babies weighted at birth,indicator_6,152,96.69859416035841,delivery_care,2024
p,2023-04-01,Jalaun,NL5xiiHZQSC,165,Jhansi Division,ANC,% ANC registered in First trimester,indicator_1,165,69.70654432132964,ANC,2024
p,2023-04-01,Jalaun,NL5xiiHZQSC,165,Jhansi Division,communicable_diseases,Success rate of positive tuberculosis cases,indicator_2,165,100.0,communicable_diseases,2024
p,2023-04-01,Jalaun,NL5xiiHZQSC,165,Jhansi Division,ANC,% of severe anaemic PW treated,indicator_4,165,49.97660271408517,ANC,2024
p,2023-04-01,Jalaun,NL5xiiHZQSC,165,Jhansi Division,PNC,% of new born breastfed within one hour of birth,indicator_5,165,78.06356487549148,PNC,2024
p,2023-04-01,Jalaun,NL5xiiHZQSC,165,Jhansi Division,delivery_care,% of live babies weighted at birth,indicator_6,165,80.68889252948888,delivery_care,2024
p,2023-04-01,Sitapur,XxaOowFtkiJ,155,Lucknow Division,ANC,% ANC registered in First trimester,indicator_1,154,85.56027973327758,ANC,2024
p,2023-04-01,Sitapur,XxaOowFtkiJ,155,Lucknow Division,communicable_diseases,Success rate of positive tuberculosis cases,indicator_2,154,100.0,communicable_diseases,2024
p,2023-04-01,Sitapur,XxaOowFtkiJ,155,Lucknow Division,ANC,% of severe anaemic PW treated,indicator_4,154,42.32416747270968,ANC,2024
p,2023-04-01,Sitapur,XxaOowFtkiJ,155,Lucknow Division,PNC,% of new born breastfed within one hour of birth,indicator_5,154,92.2373567376556,PNC,2024
p,2023-04-01,Sitapur,XxaOowFtkiJ,155,Lucknow Division,delivery_care,% of live babies weighted at birth,indicator_6,154,92.57395115710884,delivery_care,2024
p,2023-04-01,Barabanki,tzH6nJu9SwS,176,Ayodhya Division,ANC,% ANC registered in First trimester,indicator_1,176,73.25493283471928,ANC,2024
p,2023-04-01,Barabanki,tzH6nJu9SwS,176,Ayodhya Division,communicable_diseases,Success rate of positive tuberculosis cases,indicator_2,176,100.0,communicable_diseases,2024
p,2023-04-01,Barabanki,tzH6nJu9SwS,176,Ayodhya Division,ANC,% of severe anaemic PW treated,indicator_4,176,84.55776433304524,ANC,2024
p,2023-04-01,Barabanki,tzH6nJu9SwS,176,Ayodhya Division,PNC,% of new born breastfed within one hour of birth,indicator_5,176,96.16186641891191,PNC,2024
p,2023-04-01,Barabanki,tzH6nJu9SwS,176,Ayodhya Division,delivery_care,% of live babies weighted at birth,indicator_6,176,98.8272943119645,delivery_care,2024
p,2023-04-01,Budaun,eA37kyBRRuZ,150,Bareilly Division,ANC,% ANC registered in First trimester,indicator_1,149,93.52819839669964,ANC,2024
p,2023-04-01,Budaun,eA37kyBRRuZ,150,Bareilly Division,communicable_diseases,Success rate of positive tuberculosis cases,indicator_2,149,100.0,communicable_diseases,2024
p,2023-04-01,Budaun,eA37kyBRRuZ,150,Bareilly Division,ANC,% of severe anaemic PW treated,indicator_4,149,66.91525423728814,ANC,2024
p,2023-04-01,Budaun,eA37kyBRRuZ,150,Bareilly Division,PNC,% of new born breastfed within one hour of birth,indicator_5,149,95.96461549305702,PNC,2024
p,2023-04-01,Budaun,eA37kyBRRuZ,150,Bareilly Division,delivery_care,% of live babies weighted at birth,indicator_6,149,96.83513075350672,delivery_care,2024
p,2023-04-01,Bareilly,vVqY3DPcpHf,150,Bareilly Division,ANC,% ANC registered in First trimester,indicator_1,150,65.48534473531517,ANC,2024
p,2023-04-01,Bareilly,vVqY3DPcpHf,150,Bareilly Division,communicable_diseases,Success rate of positive tuberculosis cases,indicator_2,150,100.0,communicable_diseases,2024
p,2023-04-01,Bareilly,vVqY3DPcpHf,150,Bareilly Division,ANC,% of severe anaemic PW treated,indicator_4,150,62.12952799121843,ANC,2024
p,2023-04-01,Bareilly,vVqY3DPcpHf,150,Bareilly Division,PNC,% of new born breastfed within one hour of birth,indicator_5,150,82.82033645716906,PNC,2024
p,2023-04-01,Bareilly,vVqY3DPcpHf,150,Bareilly Division,delivery_care,% of live babies weighted at birth,indicator_6,150,81.87458802625169,delivery_care,2024
p,2023-04-01,Mainpuri,XBLhrSWGytu,146,Agra Division,ANC,% ANC registered in First trimester,indicator_1,148,62.96441633050276,ANC,2024
p,2023-04-01,Mainpuri,XBLhrSWGytu,146,Agra Division,communicable_diseases,Success rate of positive tuberculosis cases,indicator_2,148,100.0,communicable_diseases,2024
p,2023-04-01,Mainpuri,XBLhrSWGytu,146,Agra Division,ANC,% of severe anaemic PW treated,indicator_4,148,53.864881314668295,ANC,2024
p,2023-04-01,Mainpuri,XBLhrSWGytu,146,Agra Division,PNC,% of new born breastfed within one hour of birth,indicator_5,148,91.12298642881856,PNC,2024
p,2023-04-01,Mainpuri,XBLhrSWGytu,146,Agra Division,delivery_care,% of live babies weighted at birth,indicator_6,148,97.147360731998,delivery_care,2024
p,2023-04-01,Pilibhit,c96jwckSd6j,150,Bareilly Division,ANC,% ANC registered in First trimester,indicator_1,151,94.75027799094768,ANC,2024
p,2023-04-01,Pilibhit,c96jwckSd6j,150,Bareilly Division,communicable_diseases,Success rate of positive tuberculosis cases,indicator_2,151,100.0,communicable_diseases,2024
p,2023-04-01,Pilibhit,c96jwckSd6j,150,Bareilly Division,ANC,% of severe anaemic PW treated,indicator_4,151,82.12290502793294,ANC,2024
p,2023-04-01,Pilibhit,c96jwckSd6j,150,Bareilly Division,PNC,% of new born breastfed within one hour of birth,indicator_5,151,98.50691665713958,PNC,2024
p,2023-04-01,Pilibhit,c96jwckSd6j,150,Bareilly Division,delivery_care,% of live babies weighted at birth,indicator_6,151,99.93140505316109,delivery_care,2024
p,2023-04-01,Maharajganj,AcnMkNGgc3S,188,Gorakhpur Division,ANC,% ANC registered in First trimester,indicator_1,187,80.24435673999973,ANC,2024
p,2023-04-01,Maharajganj,AcnMkNGgc3S,188,Gorakhpur Division,communicable_diseases,Success rate of positive tuberculosis cases,indicator_2,187,100.0,communicable_diseases,2024
p,2023-04-01,Maharajganj,AcnMkNGgc3S,188,Gorakhpur Division,ANC,% of severe anaemic PW treated,indicator_4,187,65.78808645229309,ANC,2024
p,2023-04-01,Maharajganj,AcnMkNGgc3S,188,Gorakhpur Division,PNC,% of new born breastfed within one hour of birth,indicator_5,187,97.58947295646765,PNC,2024
p,2023-04-01,Maharajganj,AcnMkNGgc3S,188,Gorakhpur Division,delivery_care,% of live babies weighted at birth,indicator_6,187,98.589634272809,delivery_care,2024
p,2023-04-01,Chandauli,ClbehnmwSec,195,Varanasi Division,ANC,% ANC registered in First trimester,indicator_1,196,89.69806058247389,ANC,2024
p,2023-04-01,Chandauli,ClbehnmwSec,195,Varanasi Division,communicable_diseases,Success rate of positive tuberculosis cases,indicator_2,196,100.0,communicable_diseases,2024
p,2023-04-01,Chandauli,ClbehnmwSec,195,Varanasi Division,ANC,% of severe anaemic PW treated,indicator_4,196,56.70937289278489,ANC,2024
p,2023-04-01,Chandauli,ClbehnmwSec,195,Varanasi Division,PNC,% of new born breastfed within one hour of birth,indicator_5,196,95.84868421052632,PNC,2024
p,2023-04-01,Chandauli,ClbehnmwSec,195,Varanasi Division,delivery_care,% of live babies weighted at birth,indicator_6,196,97.36842105263158,delivery_care,2024
p,2023-04-01,Auraiya,Bd6E8zkVvVt,161,Kanpur Nagar Division,ANC,% ANC registered in First trimester,indicator_1,162,74.39024390243901,ANC,2024
p,2023-04-01,Auraiya,Bd6E8zkVvVt,161,Kanpur Nagar Division,communicable_diseases,Success rate of positive tuberculosis cases,indicator_2,162,100.0,communicable_diseases,2024
p,2023-04-01,Auraiya,Bd6E8zkVvVt,161,Kanpur Nagar Division,ANC,% of severe anaemic PW treated,indicator_4,162,52.16216216216216,ANC,2024
p,2023-04-01,Auraiya,Bd6E8zkVvVt,161,Kanpur Nagar Division,PNC,% of new born breastfed within one hour of birth,indicator_5,162,96.39288037372124,PNC,2024
p,2023-04-01,Auraiya,Bd6E8zkVvVt,161,Kanpur Nagar Division,delivery_care,% of live babies weighted at birth,indicator_6,162,94.45331441073856,delivery_care,2024
p,2023-04-01,Sambhal,YzHpzrN0eLv,134,Moradabad Division,ANC,% ANC registered in First trimester,indicator_1,205,86.78635253673109,ANC,2024
p,2023-04-01,Sambhal,YzHpzrN0eLv,134,Moradabad Division,communicable_diseases,Success rate of positive tuberculosis cases,indicator_2,205,100.0,communicable_diseases,2024
p,2023-04-01,Sambhal,YzHpzrN0eLv,134,Moradabad Division,ANC,% of severe anaemic PW treated,indicator_4,205,68.77667140825035,ANC,2024
p,2023-04-01,Sambhal,YzHpzrN0eLv,134,Moradabad Division,PNC,% of new born breastfed within one hour of birth,indicator_5,205,97.45638099418413,PNC,2024
p,2023-04-01,Sambhal,YzHpzrN0eLv,134,Moradabad Division,delivery_care,% of live babies weighted at birth,indicator_6,205,98.73806649840887,delivery_care,2024
p,2023-04-01,Kasganj,hITp09XOBLZ,201,Alligarh Division,ANC,% ANC registered in First trimester,indicator_1,202,79.66402198484109,ANC,2024
p,2023-04-01,Kasganj,hITp09XOBLZ,201,Alligarh Division,communicable_diseases,Success rate of positive tuberculosis cases,indicator_2,202,100.0,communicable_diseases,2024
p,2023-04-01,Kasganj,hITp09XOBLZ,201,Alligarh Division,ANC,% of severe anaemic PW treated,indicator_4,202,35.768261964735515,ANC,2024
p,2023-04-01,Kasganj,hITp09XOBLZ,201,Alligarh Division,PNC,% of new born breastfed within one hour of birth,indicator_5,202,96.00348211459324,PNC,2024
p,2023-04-01,Kasganj,hITp09XOBLZ,201,Alligarh Division,delivery_care,% of live babies weighted at birth,indicator_6,202,97.5743906299462,delivery_care,2024
p,2023-04-01,Hamirpur,VSI7HobT5qL,170,Chitrakoot Division,ANC,% ANC registered in First trimester,indicator_1,168,66.70437649492533,ANC,2024
p,2023-04-01,Hamirpur,VSI7HobT5qL,170,Chitrakoot Division,communicable_diseases,Success rate of positive tuberculosis cases,indicator_2,168,100.0,communicable_diseases,2024
p,2023-04-01,Hamirpur,VSI7HobT5qL,170,Chitrakoot Division,ANC,% of severe anaemic PW treated,indicator_4,168,42.46284501061572,ANC,2024
p,2023-04-01,Hamirpur,VSI7HobT5qL,170,Chitrakoot Division,PNC,% of new born breastfed within one hour of birth,indicator_5,168,97.16019822930008,PNC,2024
p,2023-04-01,Hamirpur,VSI7HobT5qL,170,Chitrakoot Division,delivery_care,% of live babies weighted at birth,indicator_6,168,98.34623308647474,delivery_care,2024
p,2023-04-01,Jaunpur,gmw76vAUMqz,195,Varanasi Division,ANC,% ANC registered in First trimester,indicator_1,194,77.68371772363979,ANC,2024
p,2023-04-01,Jaunpur,gmw76vAUMqz,195,Varanasi Division,communicable_diseases,Success rate of positive tuberculosis cases,indicator_2,194,100.0,communicable_diseases,2024
p,2023-04-01,Jaunpur,gmw76vAUMqz,195,Varanasi Division,ANC,% of severe anaemic PW treated,indicator_4,194,50.93957791269153,ANC,2024
p,2023-04-01,Jaunpur,gmw76vAUMqz,195,Varanasi Division,PNC,% of new born breastfed within one hour of birth,indicator_5,194,94.33933417421551,PNC,2024
p,2023-04-01,Jaunpur,gmw76vAUMqz,195,Varanasi Division,delivery_care,% of live babies weighted at birth,indicator_6,194,96.66131559836413,delivery_care,2024
p,2023-04-01,Lalitpur,fagfcadhxej,165,Jhansi Division,ANC,% ANC registered in First trimester,indicator_1,167,59.82167352537723,ANC,2024
p,2023-04-01,Lalitpur,fagfcadhxej,165,Jhansi Division,communicable_diseases,Success rate of positive tuberculosis cases,indicator_2,167,100.0,communicable_diseases,2024
p,2023-04-01,Lalitpur,fagfcadhxej,165,Jhansi Division,ANC,% of severe anaemic PW treated,indicator_4,167,61.480624638519366,ANC,2024
p,2023-04-01,Lalitpur,fagfcadhxej,165,Jhansi Division,PNC,% of new born breastfed within one hour of birth,indicator_5,167,93.22499035204322,PNC,2024
p,2023-04-01,Lalitpur,fagfcadhxej,165,Jhansi Division,delivery_care,% of live babies weighted at birth,indicator_6,167,98.52064662750313,delivery_care,2024
p,2023-04-01,Jhansi,Mq751wBMqGF,165,Jhansi Division,ANC,% ANC registered in First trimester,indicator_1,166,71.80903572703788,ANC,2024
p,2023-04-01,Jhansi,Mq751wBMqGF,165,Jhansi Division,communicable_diseases,Success rate of positive tuberculosis cases,indicator_2,166,100.0,communicable_diseases,2024
p,2023-04-01,Jhansi,Mq751wBMqGF,165,Jhansi Division,ANC,% of severe anaemic PW treated,indicator_4,166,69.35832732516222,ANC,2024
p,2023-04-01,Jhansi,Mq751wBMqGF,165,Jhansi Division,PNC,% of new born breastfed within one hour of birth,indicator_5,166,98.21505810432826,PNC,2024
p,2023-04-01,Jhansi,Mq751wBMqGF,165,Jhansi Division,delivery_care,% of live babies weighted at birth,indicator_6,166,99.12627238386342,delivery_care,2024
p,2025-04-01,Agra,N5WWbRtsjWp,146,Agra Division,communicable_diseases,Success rate of positive tuberculosis cases,indicator_2,146,95.1,communicable_diseases,2026
p,2025-04-01,Firozabad,eJTsuE56XDF,146,Agra Division,communicable_diseases,Success rate of positive tuberculosis cases,indicator_2,147,94.7,communicable_diseases,2026
p,2025-04-01,Mainpuri,XBLhrSWGytu,146,Agra Division,communicable_diseases,Success rate of positive tuberculosis cases,indicator_2,148,95.0,communicable_diseases,2026
p,2025-04-01,Mathura,KP2BUB1npih,146,Agra Division,communicable_diseases,Success rate of positive tuberculosis cases,indicator_2,145,92.0,communicable_diseases,2026
p,2025-04-01,Aligarh,frD2HOp3wAs,201,Alligarh Division,communicable_diseases,Success rate of positive tuberculosis cases,indicator_2,143,94.8,communicable_diseases,2026
p,2025-04-01,Etah,ZLcx4iOVyN5,201,Alligarh Division,communicable_diseases,Success rate of positive tuberculosis cases,indicator_2,201,97.0,communicable_diseases,2026
p,2025-04-01,Hathras,m1IAjmqkoFC,201,Alligarh Division,communicable_diseases,Success rate of positive tuberculosis cases,indicator_2,144,93.9,communicable_diseases,2026
p,2025-04-01,Kasganj,hITp09XOBLZ,201,Alligarh Division,communicable_diseases,Success rate of positive tuberculosis cases,indicator_2,202,96.0,communicable_diseases,2026
p,2025-04-01,Ambedkar Nagar,jM27ji8tyrM,176,Ayodhya Division,communicable_diseases,Success rate of positive tuberculosis cases,indicator_2,178,92.4,communicable_diseases,2026
p,2025-04-01,Amethi,StsLkYw1G0m,176,Ayodhya Division,communicable_diseases,Success rate of positive tuberculosis cases,indicator_2,206,93.8,communicable_diseases,2026
p,2025-04-01,Ayodhya,b4XkXzoGqFY,176,Ayodhya Division,communicable_diseases,Success rate of positive tuberculosis cases,indicator_2,177,93.4,communicable_diseases,2026
p,2025-04-01,Barabanki,tzH6nJu9SwS,176,Ayodhya Division,communicable_diseases,Success rate of positive tuberculosis cases,indicator_2,176,92.3,communicable_diseases,2026
p,2025-04-01,Sultanpur,o4ZQTVcMI7U,176,Ayodhya Division,communicable_diseases,Success rate of positive tuberculosis cases,indicator_2,179,90.7,communicable_diseases,2026
p,2025-04-01,Azamgarh,NjckKfm3g0k,193,Azamgarh Division,communicable_diseases,Success rate of positive tuberculosis cases,indicator_2,191,91.9,communicable_diseases,2026
p,2025-04-01,Ballia,oNDvGBE5fLq,193,Azamgarh Division,communicable_diseases,Success rate of positive tuberculosis cases,indicator_2,193,95.0,communicable_diseases,2026
p,2025-04-01,Maunathbhanjan,CBSB9v92AwT,193,Azamgarh Division,communicable_diseases,Success rate of positive tuberculosis cases,indicator_2,192,94.9,communicable_diseases,2026
p,2025-04-01,Budaun,eA37kyBRRuZ,150,Bareilly Division,communicable_diseases,Success rate of positive tuberculosis cases,indicator_2,149,95.3,communicable_diseases,2026
p,2025-04-01,Bareilly,vVqY3DPcpHf,150,Bareilly Division,communicable_diseases,Success rate of positive tuberculosis cases,indicator_2,150,92.7,communicable_diseases,2026
p,2025-04-01,Pilibhit,c96jwckSd6j,150,Bareilly Division,communicable_diseases,Success rate of positive tuberculosis cases,indicator_2,151,93.7,communicable_diseases,2026
p,2025-04-01,Shahjahanpur,GaiLSoQq1ue,150,Bareilly Division,communicable_diseases,Success rate of positive tuberculosis cases,indicator_2,152,92.3,communicable_diseases,2026
p,2025-04-01,Basti,J1P16zQEOUT,185,Basti Division,communicable_diseases,Success rate of positive tuberculosis cases,indicator_2,185,90.1,communicable_diseases,2026
p,2025-04-01,Sant Kabir Nagar,fe1yBApr2sl,185,Basti Division,communicable_diseases,Success rate of positive tuberculosis cases,indicator_2,186,91.0,communicable_diseases,2026
p,2025-04-01,Siddharth Nagar,cP0p8qfm3il,185,Basti Division,communicable_diseases,Success rate of positive tuberculosis cases,indicator_2,184,91.1,communicable_diseases,2026
p,2025-04-01,Banda,DggJGxqbWHn,170,Chitrakoot Division,communicable_diseases,Success rate of positive tuberculosis cases,indicator_2,170,93.2,communicable_diseases,2026
p,2025-04-01,Chitrakoot,i2fSZZ3QAJJ,170,Chitrakoot Division,communicable_diseases,Success rate of positive tuberculosis cases,indicator_2,171,95.5,communicable_diseases,2026
p,2025-04-01,Hamirpur,VSI7HobT5qL,170,Chitrakoot Division,communicable_diseases,Success rate of positive tuberculosis cases,indicator_2,168,94.0,communicable_diseases,2026
p,2025-04-01,Mahoba,sUQMxIc3yXj,170,Chitrakoot Division,communicable_diseases,Success rate of positive tuberculosis cases,indicator_2,169,93.8,communicable_diseases,2026
p,2025-04-01,Bahraich,iE0E3nLioFr,182,Gonda Division,communicable_diseases,Success rate of positive tuberculosis cases,indicator_2,180,94.1,communicable_diseases,2026
p,2025-04-01,Balrampur,uS0pNSxN3sS,182,Gonda Division,communicable_diseases,Success rate of positive tuberculosis cases,indicator_2,182,95.0,communicable_diseases,2026
p,2025-04-01,Gonda,y8WarEkWCul,182,Gonda Division,communicable_diseases,Success rate of positive tuberculosis cases,indicator_2,183,95.5,communicable_diseases,2026
p,2025-04-01,Shrawasti,oyTwneTbWDx,182,Gonda Division,communicable_diseases,Success rate of positive tuberculosis cases,indicator_2,181,94.5,communicable_diseases,2026
p,2025-04-01,Deoria,Tf9b9qcbghH,188,Gorakhpur Division,communicable_diseases,Success rate of positive tuberculosis cases,indicator_2,190,94.0,communicable_diseases,2026
p,2025-04-01,Gorakhpur,vR85cHdsw1w,188,Gorakhpur Division,communicable_diseases,Success rate of positive tuberculosis cases,indicator_2,188,94.0,communicable_diseases,2026
p,2025-04-01,Kushinagar,xUeHwd9FQkg,188,Gorakhpur Division,communicable_diseases,Success rate of positive tuberculosis cases,indicator_2,189,94.8,communicable_diseases,2026
p,2025-04-01,Maharajganj,AcnMkNGgc3S,188,Gorakhpur Division,communicable_diseases,Success rate of positive tuberculosis cases,indicator_2,187,95.7,communicable_diseases,2026
p,2025-04-01,Jalaun,NL5xiiHZQSC,165,Jhansi Division,communicable_diseases,Success rate of positive tuberculosis cases,indicator_2,165,92.5,communicable_diseases,2026
p,2025-04-01,Jhansi,Mq751wBMqGF,165,Jhansi Division,communicable_diseases,Success rate of positive tuberculosis cases,indicator_2,166,92.4,communicable_diseases,2026
p,2025-04-01,Lalitpur,fagfcadhxej,165,Jhansi Division,communicable_diseases,Success rate of positive tuberculosis cases,indicator_2,167,91.4,communicable_diseases,2026
p,2025-04-01,Auraiya,Bd6E8zkVvVt,161,Kanpur Nagar Division,communicable_diseases,Success rate of positive tuberculosis cases,indicator_2,162,94.4,communicable_diseases,2026
p,2025-04-01,Etawah,Pm0jLk6EAiE,161,Kanpur Nagar Division,communicable_diseases,Success rate of positive tuberculosis cases,indicator_2,161,92.1,communicable_diseases,2026
p,2025-04-01,Farrukhabad,uEEwlAGZXWW,161,Kanpur Nagar Division,communicable_diseases,Success rate of positive tuberculosis cases,indicator_2,159,93.4,communicable_diseases,2026
p,2025-04-01,Kannauj,IhQbDYRiF8w,161,Kanpur Nagar Division,communicable_diseases,Success rate of positive tuberculosis cases,indicator_2,160,93.8,communicable_diseases,2026
p,2025-04-01,Kanpur Dehat,k3D0AumUCiC,161,Kanpur Nagar Division,communicable_diseases,Success rate of positive tuberculosis cases,indicator_2,163,92.2,communicable_diseases,2026
p,2025-04-01,Kanpur Nagar,QVMRMhzVrrS,161,Kanpur Nagar Division,communicable_diseases,Success rate of positive tuberculosis cases,indicator_2,164,91.8,communicable_diseases,2026
p,2025-04-01,Hardoi,MTIkUw5q5pX,155,Lucknow Division,communicable_diseases,Success rate of positive tuberculosis cases,indicator_2,155,93.8,communicable_diseases,2026
p,2025-04-01,Lakhimpur Kheri,d9ZuMopgX29,155,Lucknow Division,communicable_diseases,Success rate of positive tuberculosis cases,indicator_2,153,93.8,communicable_diseases,2026
p,2025-04-01,Lucknow,MfHac5N78aK,155,Lucknow Division,communicable_diseases,Success rate of positive tuberculosis cases,indicator_2,157,93.7,communicable_diseases,2026
p,2025-04-01,Rae Bareli,lLvTDpBDY8u,155,Lucknow Division,communicable_diseases,Success rate of positive tuberculosis cases,indicator_2,158,93.4,communicable_diseases,2026
p,2025-04-01,Sitapur,XxaOowFtkiJ,155,Lucknow Division,communicable_diseases,Success rate of positive tuberculosis cases,indicator_2,154,92.8,communicable_diseases,2026
p,2025-04-01,Unnav,aT03mfdlNiF,155,Lucknow Division,communicable_diseases,Success rate of positive tuberculosis cases,indicator_2,156,92.6,communicable_diseases,2026
p,2025-04-01,Bagpat,HJIS3IrQ0Nj,140,Meerut Division,communicable_diseases,Success rate of positive tuberculosis cases,indicator_2,139,95.2,communicable_diseases,2026
p,2025-04-01,Bulandshahar,ogBt4gWCiem,140,Meerut Division,communicable_diseases,Success rate of positive tuberculosis cases,indicator_2,142,95.5,communicable_diseases,2026
p,2025-04-01,Gautam Buddha Nagar,bNmwkrQeP3e,140,Meerut Division,communicable_diseases,Success rate of positive tuberculosis cases,indicator_2,141,92.3,communicable_diseases,2026
p,2025-04-01,Ghaziabad,M5NHlfAaKYI,140,Meerut Division,communicable_diseases,Success rate of positive tuberculosis cases,indicator_2,140,95.9,communicable_diseases,2026
p,2025-04-01,Hapur,CZ8kLjgqvSH,140,Meerut Division,communicable_diseases,Success rate of positive tuberculosis cases,indicator_2,204,92.0,communicable_diseases,2026
p,2025-04-01,Meerut,v8YGmR7nOdj,140,Meerut Division,communicable_diseases,Success rate of positive tuberculosis cases,indicator_2,138,92.6,communicable_diseases,2026
p,2025-04-01,Bhadohi,PeUY1vj02UQ,200,Mirzapur Division,communicable_diseases,Success rate of positive tuberculosis cases,indicator_2,198,95.4,communicable_diseases,2026
p,2025-04-01,Mirzapur,UAicdMLyuk4,200,Mirzapur Division,communicable_diseases,Success rate of positive tuberculosis cases,indicator_2,199,95.7,communicable_diseases,2026
p,2025-04-01,Sonbhadra,NNk3JP90QZ5,200,Mirzapur Division,communicable_diseases,Success rate of positive tuberculosis cases,indicator_2,200,96.8,communicable_diseases,2026
p,2025-04-01,Amroha,hgquAmZaNBu,134,Moradabad Division,communicable_diseases,Success rate of positive tuberculosis cases,indicator_2,137,92.3,communicable_diseases,2026
p,2025-04-01,Bijnor,uCYjHW7FuGG,134,Moradabad Division,communicable_diseases,Success rate of positive tuberculosis cases,indicator_2,134,94.2,communicable_diseases,2026
p,2025-04-01,Moradabad,YQNQoPjAIpV,134,Moradabad Division,communicable_diseases,Success rate of positive tuberculosis cases,indicator_2,135,92.8,communicable_diseases,2026
p,2025-04-01,Rampur,IU006h5U7jj,134,Moradabad Division,communicable_diseases,Success rate of positive tuberculosis cases,indicator_2,136,95.5,communicable_diseases,2026
p,2025-04-01,Sambhal,YzHpzrN0eLv,134,Moradabad Division,communicable_diseases,Success rate of positive tuberculosis cases,indicator_2,205,94.8,communicable_diseases,2026
p,2025-04-01,Fatehpur,ibLiLcaKzw2,172,Prayagraj Division,communicable_diseases,Success rate of positive tuberculosis cases,indicator_2,172,95.8,communicable_diseases,2026
p,2025-04-01,Kaushambi,PAj0oVY0Dxu,172,Prayagraj Division,communicable_diseases,Success rate of positive tuberculosis cases,indicator_2,174,96.8,communicable_diseases,2026
p,2025-04-01,Pratapgarh,fz7bJo3egPX,172,Prayagraj Division,communicable_diseases,Success rate of positive tuberculosis cases,indicator_2,173,94.2,communicable_diseases,2026
p,2025-04-01,Prayagraj,tXgaew1Pd2Y,172,Prayagraj Division,communicable_diseases,Success rate of positive tuberculosis cases,indicator_2,175,94.9,communicable_diseases,2026
p,2025-04-01,Muzaffarnagar,MVQs2RrS1Nw,132,Saharanpur Division,communicable_diseases,Success rate of positive tuberculosis cases,indicator_2,133,91.4,communicable_diseases,2026
p,2025-04-01,Saharanpur,FKYZ3JbWq84,132,Saharanpur Division,communicable_diseases,Success rate of positive tuberculosis cases,indicator_2,132,93.0,communicable_diseases,2026
p,2025-04-01,Shamli,AdiUcz9BXhx,132,Saharanpur Division,communicable_diseases,Success rate of positive tuberculosis cases,indicator_2,203,95.8,communicable_diseases,2026
p,2025-04-01,Chandauli,ClbehnmwSec,195,Varanasi Division,communicable_diseases,Success rate of positive tuberculosis cases,indicator_2,196,96.0,communicable_diseases,2026
p,2025-04-01,Ghazipur,dScWdMRN8PL,195,Varanasi Division,communicable_diseases,Success rate of positive tuberculosis cases,indicator_2,195,93.9,communicable_diseases,2026
p,2025-04-01,Jaunpur,gmw76vAUMqz,195,Varanasi Division,communicable_diseases,Success rate of positive tuberculosis cases,indicator_2,194,95.6,communicable_diseases,2026
p,2025-04-01,Varanasi,LeuBT7KfuuA,195,Varanasi Division,communicable_diseases,Success rate of positive tuberculosis cases,indicator_2,197,95.2,communicable_diseases,2026
p,2024-04-01,Muzaffarnagar,MVQs2RrS1Nw,132,Saharanpur Division,ANC,% ANC registered in First trimester,indicator_1,133,77.44965881898074,ANC,2025
p,2024-04-01,Muzaffarnagar,MVQs2RrS1Nw,132,Saharanpur Division,communicable_diseases,Success rate of positive tuberculosis cases,indicator_2,133,100.0,communicable_diseases,2025
p,2024-04-01,Muzaffarnagar,MVQs2RrS1Nw,132,Saharanpur Division,ANC,% of severe anaemic PW treated,indicator_4,133,100.0,ANC,2025
p,2024-04-01,Muzaffarnagar,MVQs2RrS1Nw,132,Saharanpur Division,PNC,% of new born breastfed within one hour of birth,indicator_5,133,97.88901687784845,PNC,2025
p,2024-04-01,Muzaffarnagar,MVQs2RrS1Nw,132,Saharanpur Division,delivery_care,% of live babies weighted at birth,indicator_6,133,99.14108278659789,delivery_care,2025
p,2024-04-01,Chandauli,ClbehnmwSec,195,Varanasi Division,ANC,% ANC registered in First trimester,indicator_1,196,93.87473787632162,ANC,2025
p,2024-04-01,Chandauli,ClbehnmwSec,195,Varanasi Division,communicable_diseases,Success rate of positive tuberculosis cases,indicator_2,196,100.0,communicable_diseases,2025
p,2024-04-01,Chandauli,ClbehnmwSec,195,Varanasi Division,ANC,% of severe anaemic PW treated,indicator_4,196,73.53862212943632,ANC,2025
p,2024-04-01,Chandauli,ClbehnmwSec,195,Varanasi Division,PNC,% of new born breastfed within one hour of birth,indicator_5,196,98.90248146264422,PNC,2025
p,2024-04-01,Chandauli,ClbehnmwSec,195,Varanasi Division,delivery_care,% of live babies weighted at birth,indicator_6,196,99.68948256016276,delivery_care,2025
p,2024-04-01,Ghazipur,dScWdMRN8PL,195,Varanasi Division,ANC,% ANC registered in First trimester,indicator_1,195,91.96352189765867,ANC,2025
p,2024-04-01,Ghazipur,dScWdMRN8PL,195,Varanasi Division,communicable_diseases,Success rate of positive tuberculosis cases,indicator_2,195,100.0,communicable_diseases,2025
p,2024-04-01,Ghazipur,dScWdMRN8PL,195,Varanasi Division,ANC,% of severe anaemic PW treated,indicator_4,195,59.115093811257346,ANC,2025
p,2024-04-01,Ghazipur,dScWdMRN8PL,195,Varanasi Division,PNC,% of new born breastfed within one hour of birth,indicator_5,195,96.95445655210952,PNC,2025
p,2024-04-01,Ghazipur,dScWdMRN8PL,195,Varanasi Division,delivery_care,% of live babies weighted at birth,indicator_6,195,98.16326230496611,delivery_care,2025
p,2024-04-01,Jaunpur,gmw76vAUMqz,195,Varanasi Division,ANC,% ANC registered in First trimester,indicator_1,194,88.21398905958857,ANC,2025
p,2024-04-01,Jaunpur,gmw76vAUMqz,195,Varanasi Division,communicable_diseases,Success rate of positive tuberculosis cases,indicator_2,194,100.0,communicable_diseases,2025
p,2024-04-01,Jaunpur,gmw76vAUMqz,195,Varanasi Division,ANC,% of severe anaemic PW treated,indicator_4,194,75.56833744179677,ANC,2025
p,2024-04-01,Jaunpur,gmw76vAUMqz,195,Varanasi Division,PNC,% of new born breastfed within one hour of birth,indicator_5,194,97.29549411745562,PNC,2025
p,2024-04-01,Jaunpur,gmw76vAUMqz,195,Varanasi Division,delivery_care,% of live babies weighted at birth,indicator_6,194,99.12127967715165,delivery_care,2025
p,2024-04-01,Varanasi,LeuBT7KfuuA,195,Varanasi Division,ANC,% ANC registered in First trimester,indicator_1,197,82.99707664279964,ANC,2025
p,2024-04-01,Varanasi,LeuBT7KfuuA,195,Varanasi Division,communicable_diseases,Success rate of positive tuberculosis cases,indicator_2,197,100.0,communicable_diseases,2025
p,2024-04-01,Varanasi,LeuBT7KfuuA,195,Varanasi Division,ANC,% of severe anaemic PW treated,indicator_4,197,62.96296296296296,ANC,2025
p,2024-04-01,Varanasi,LeuBT7KfuuA,195,Varanasi Division,PNC,% of new born breastfed within one hour of birth,indicator_5,197,96.07530034057311,PNC,2025
p,2024-04-01,Varanasi,LeuBT7KfuuA,195,Varanasi Division,delivery_care,% of live babies weighted at birth,indicator_6,197,97.1968213176312,delivery_care,2025
p,2024-04-01,Amroha,hgquAmZaNBu,134,Moradabad Division,ANC,% ANC registered in First trimester,indicator_1,137,88.7626872885452,ANC,2025
p,2024-04-01,Amroha,hgquAmZaNBu,134,Moradabad Division,communicable_diseases,Success rate of positive tuberculosis cases,indicator_2,137,100.0,communicable_diseases,2025
p,2024-04-01,Amroha,hgquAmZaNBu,134,Moradabad Division,ANC,% of severe anaemic PW treated,indicator_4,137,92.08456243854474,ANC,2025
p,2024-04-01,Amroha,hgquAmZaNBu,134,Moradabad Division,PNC,% of new born breastfed within one hour of birth,indicator_5,137,98.86893307675861,PNC,2025
p,2024-04-01,Amroha,hgquAmZaNBu,134,Moradabad Division,delivery_care,% of live babies weighted at birth,indicator_6,137,99.13833654051743,delivery_care,2025
p,2024-04-01,Bijnor,uCYjHW7FuGG,134,Moradabad Division,ANC,% ANC registered in First trimester,indicator_1,134,92.78197371166284,ANC,2025
p,2024-04-01,Bijnor,uCYjHW7FuGG,134,Moradabad Division,communicable_diseases,Success rate of positive tuberculosis cases,indicator_2,134,100.0,communicable_diseases,2025
p,2024-04-01,Bijnor,uCYjHW7FuGG,134,Moradabad Division,ANC,% of severe anaemic PW treated,indicator_4,134,92.04957678355503,ANC,2025
p,2024-04-01,Bijnor,uCYjHW7FuGG,134,Moradabad Division,PNC,% of new born breastfed within one hour of birth,indicator_5,134,97.99977750584047,PNC,2025
p,2024-04-01,Bijnor,uCYjHW7FuGG,134,Moradabad Division,delivery_care,% of live babies weighted at birth,indicator_6,134,98.61719879853153,delivery_care,2025
p,2024-04-01,Moradabad,YQNQoPjAIpV,134,Moradabad Division,ANC,% ANC registered in First trimester,indicator_1,135,84.78588164025265,ANC,2025
p,2024-04-01,Moradabad,YQNQoPjAIpV,134,Moradabad Division,communicable_diseases,Success rate of positive tuberculosis cases,indicator_2,135,100.0,communicable_diseases,2025
p,2024-04-01,Moradabad,YQNQoPjAIpV,134,Moradabad Division,ANC,% of severe anaemic PW treated,indicator_4,135,72.21990837151186,ANC,2025
p,2024-04-01,Moradabad,YQNQoPjAIpV,134,Moradabad Division,PNC,% of new born breastfed within one hour of birth,indicator_5,135,93.31427663966969,PNC,2025
p,2024-04-01,Moradabad,YQNQoPjAIpV,134,Moradabad Division,delivery_care,% of live babies weighted at birth,indicator_6,135,95.05717008099094,delivery_care,2025
p,2024-04-01,Saharanpur,FKYZ3JbWq84,132,Saharanpur Division,ANC,% ANC registered in First trimester,indicator_1,132,76.17806836874334,ANC,2025
p,2024-04-01,Saharanpur,FKYZ3JbWq84,132,Saharanpur Division,communicable_diseases,Success rate of positive tuberculosis cases,indicator_2,132,100.0,communicable_diseases,2025
p,2024-04-01,Saharanpur,FKYZ3JbWq84,132,Saharanpur Division,ANC,% of severe anaemic PW treated,indicator_4,132,70.97247706422019,ANC,2025
p,2024-04-01,Saharanpur,FKYZ3JbWq84,132,Saharanpur Division,PNC,% of new born breastfed within one hour of birth,indicator_5,132,94.43316167404076,PNC,2025
p,2024-04-01,Saharanpur,FKYZ3JbWq84,132,Saharanpur Division,delivery_care,% of live babies weighted at birth,indicator_6,132,99.44422281859723,delivery_care,2025
p,2024-04-01,Shamli,AdiUcz9BXhx,132,Saharanpur Division,ANC,% ANC registered in First trimester,indicator_1,203,92.40369863581705,ANC,2025
p,2024-04-01,Shamli,AdiUcz9BXhx,132,Saharanpur Division,communicable_diseases,Success rate of positive tuberculosis cases,indicator_2,203,100.0,communicable_diseases,2025
p,2024-04-01,Shamli,AdiUcz9BXhx,132,Saharanpur Division,ANC,% of severe anaemic PW treated,indicator_4,203,99.11504424778761,ANC,2025
p,2024-04-01,Shamli,AdiUcz9BXhx,132,Saharanpur Division,PNC,% of new born breastfed within one hour of birth,indicator_5,203,99.81304161087391,PNC,2025
p,2024-04-01,Shamli,AdiUcz9BXhx,132,Saharanpur Division,delivery_care,% of live babies weighted at birth,indicator_6,203,99.81809454030974,delivery_care,2025
p,2024-04-01,Auraiya,Bd6E8zkVvVt,161,Kanpur Nagar Division,ANC,% ANC registered in First trimester,indicator_1,162,89.52466039919592,ANC,2025
p,2024-04-01,Auraiya,Bd6E8zkVvVt,161,Kanpur Nagar Division,communicable_diseases,Success rate of positive tuberculosis cases,indicator_2,162,100.0,communicable_diseases,2025
p,2024-04-01,Auraiya,Bd6E8zkVvVt,161,Kanpur Nagar Division,ANC,% of severe anaemic PW treated,indicator_4,162,59.5438175270108,ANC,2025
p,2024-04-01,Auraiya,Bd6E8zkVvVt,161,Kanpur Nagar Division,PNC,% of new born breastfed within one hour of birth,indicator_5,162,94.61546636437706,PNC,2025
p,2024-04-01,Auraiya,Bd6E8zkVvVt,161,Kanpur Nagar Division,delivery_care,% of live babies weighted at birth,indicator_6,162,96.58861454532573,delivery_care,2025
p,2024-04-01,Bhadohi,PeUY1vj02UQ,200,Mirzapur Division,ANC,% ANC registered in First trimester,indicator_1,198,93.06022557991062,ANC,2025
p,2024-04-01,Bhadohi,PeUY1vj02UQ,200,Mirzapur Division,communicable_diseases,Success rate of positive tuberculosis cases,indicator_2,198,100.0,communicable_diseases,2025
p,2024-04-01,Bhadohi,PeUY1vj02UQ,200,Mirzapur Division,ANC,% of severe anaemic PW treated,indicator_4,198,95.56277056277057,ANC,2025
p,2024-04-01,Bhadohi,PeUY1vj02UQ,200,Mirzapur Division,PNC,% of new born breastfed within one hour of birth,indicator_5,198,98.59934636163543,PNC,2025
p,2024-04-01,Bhadohi,PeUY1vj02UQ,200,Mirzapur Division,delivery_care,% of live babies weighted at birth,indicator_6,198,99.18295204428733,delivery_care,2025
p,2024-04-01,Mirzapur,UAicdMLyuk4,200,Mirzapur Division,ANC,% ANC registered in First trimester,indicator_1,199,91.19114454887432,ANC,2025
p,2024-04-01,Mirzapur,UAicdMLyuk4,200,Mirzapur Division,communicable_diseases,Success rate of positive tuberculosis cases,indicator_2,199,100.0,communicable_diseases,2025
p,2024-04-01,Mirzapur,UAicdMLyuk4,200,Mirzapur Division,ANC,% of severe anaemic PW treated,indicator_4,199,91.19031607262946,ANC,2025
p,2024-04-01,Mirzapur,UAicdMLyuk4,200,Mirzapur Division,PNC,% of new born breastfed within one hour of birth,indicator_5,199,98.63484159010905,PNC,2025
p,2024-04-01,Mirzapur,UAicdMLyuk4,200,Mirzapur Division,delivery_care,% of live babies weighted at birth,indicator_6,199,99.24658710397527,delivery_care,2025
p,2024-04-01,Sonbhadra,NNk3JP90QZ5,200,Mirzapur Division,ANC,% ANC registered in First trimester,indicator_1,200,92.1243824469631,ANC,2025
p,2024-04-01,Sonbhadra,NNk3JP90QZ5,200,Mirzapur Division,communicable_diseases,Success rate of positive tuberculosis cases,indicator_2,200,100.0,communicable_diseases,2025
p,2024-04-01,Sonbhadra,NNk3JP90QZ5,200,Mirzapur Division,ANC,% of severe anaemic PW treated,indicator_4,200,98.710407239819,ANC,2025
p,2024-04-01,Sonbhadra,NNk3JP90QZ5,200,Mirzapur Division,PNC,% of new born breastfed within one hour of birth,indicator_5,200,98.5282258064516,PNC,2025
p,2024-04-01,Sonbhadra,NNk3JP90QZ5,200,Mirzapur Division,delivery_care,% of live babies weighted at birth,indicator_6,200,99.50268817204301,delivery_care,2025
p,2024-04-01,Rampur,IU006h5U7jj,134,Moradabad Division,ANC,% ANC registered in First trimester,indicator_1,136,94.1905275975045,ANC,2025
p,2024-04-01,Rampur,IU006h5U7jj,134,Moradabad Division,communicable_diseases,Success rate of positive tuberculosis cases,indicator_2,136,100.0,communicable_diseases,2025
p,2024-04-01,Rampur,IU006h5U7jj,134,Moradabad Division,ANC,% of severe anaemic PW treated,indicator_4,136,96.8944099378882,ANC,2025
p,2024-04-01,Rampur,IU006h5U7jj,134,Moradabad Division,PNC,% of new born breastfed within one hour of birth,indicator_5,136,96.33731451321029,PNC,2025
p,2024-04-01,Rampur,IU006h5U7jj,134,Moradabad Division,delivery_care,% of live babies weighted at birth,indicator_6,136,98.67354325009047,delivery_care,2025
p,2024-04-01,Sambhal,YzHpzrN0eLv,134,Moradabad Division,ANC,% ANC registered in First trimester,indicator_1,205,96.40620677514272,ANC,2025
p,2024-04-01,Sambhal,YzHpzrN0eLv,134,Moradabad Division,communicable_diseases,Success rate of positive tuberculosis cases,indicator_2,205,100.0,communicable_diseases,2025
p,2024-04-01,Sambhal,YzHpzrN0eLv,134,Moradabad Division,ANC,% of severe anaemic PW treated,indicator_4,205,97.77834525025536,ANC,2025
p,2024-04-01,Sambhal,YzHpzrN0eLv,134,Moradabad Division,PNC,% of new born breastfed within one hour of birth,indicator_5,205,98.55909236285287,PNC,2025
p,2024-04-01,Sambhal,YzHpzrN0eLv,134,Moradabad Division,delivery_care,% of live babies weighted at birth,indicator_6,205,99.57917417139394,delivery_care,2025
p,2024-04-01,Jalaun,NL5xiiHZQSC,165,Jhansi Division,ANC,% ANC registered in First trimester,indicator_1,165,79.35797005763638,ANC,2025
p,2024-04-01,Jalaun,NL5xiiHZQSC,165,Jhansi Division,communicable_diseases,Success rate of positive tuberculosis cases,indicator_2,165,100.0,communicable_diseases,2025
p,2024-04-01,Jalaun,NL5xiiHZQSC,165,Jhansi Division,ANC,% of severe anaemic PW treated,indicator_4,165,81.38854035968214,ANC,2025
p,2024-04-01,Jalaun,NL5xiiHZQSC,165,Jhansi Division,PNC,% of new born breastfed within one hour of birth,indicator_5,165,91.1622182909007,PNC,2025
p,2024-04-01,Jalaun,NL5xiiHZQSC,165,Jhansi Division,delivery_care,% of live babies weighted at birth,indicator_6,165,90.8353203599723,delivery_care,2025
p,2024-04-01,Etawah,Pm0jLk6EAiE,161,Kanpur Nagar Division,ANC,% ANC registered in First trimester,indicator_1,161,54.7409948542024,ANC,2025
p,2024-04-01,Etawah,Pm0jLk6EAiE,161,Kanpur Nagar Division,communicable_diseases,Success rate of positive tuberculosis cases,indicator_2,161,100.0,communicable_diseases,2025
p,2024-04-01,Etawah,Pm0jLk6EAiE,161,Kanpur Nagar Division,ANC,% of severe anaemic PW treated,indicator_4,161,34.234234234234236,ANC,2025
p,2024-04-01,Etawah,Pm0jLk6EAiE,161,Kanpur Nagar Division,PNC,% of new born breastfed within one hour of birth,indicator_5,161,95.17384718356995,PNC,2025
p,2024-04-01,Etawah,Pm0jLk6EAiE,161,Kanpur Nagar Division,delivery_care,% of live babies weighted at birth,indicator_6,161,98.57681333004544,delivery_care,2025
p,2024-04-01,Farrukhabad,uEEwlAGZXWW,161,Kanpur Nagar Division,ANC,% ANC registered in First trimester,indicator_1,159,91.98685682326622,ANC,2025
p,2024-04-01,Farrukhabad,uEEwlAGZXWW,161,Kanpur Nagar Division,communicable_diseases,Success rate of positive tuberculosis cases,indicator_2,159,100.0,communicable_diseases,2025
p,2024-04-01,Farrukhabad,uEEwlAGZXWW,161,Kanpur Nagar Division,ANC,% of severe anaemic PW treated,indicator_4,159,24.352633110270585,ANC,2025
p,2024-04-01,Farrukhabad,uEEwlAGZXWW,161,Kanpur Nagar Division,PNC,% of new born breastfed within one hour of birth,indicator_5,159,81.76723279565304,PNC,2025
p,2024-04-01,Farrukhabad,uEEwlAGZXWW,161,Kanpur Nagar Division,delivery_care,% of live babies weighted at birth,indicator_6,159,83.86959119228472,delivery_care,2025
p,2024-04-01,Kannauj,IhQbDYRiF8w,161,Kanpur Nagar Division,ANC,% ANC registered in First trimester,indicator_1,160,84.46064440700114,ANC,2025
p,2024-04-01,Kannauj,IhQbDYRiF8w,161,Kanpur Nagar Division,communicable_diseases,Success rate of positive tuberculosis cases,indicator_2,160,100.0,communicable_diseases,2025
p,2024-04-01,Kannauj,IhQbDYRiF8w,161,Kanpur Nagar Division,ANC,% of severe anaemic PW treated,indicator_4,160,81.91780821917808,ANC,2025
p,2024-04-01,Kannauj,IhQbDYRiF8w,161,Kanpur Nagar Division,PNC,% of new born breastfed within one hour of birth,indicator_5,160,94.98541069538048,PNC,2025
p,2024-04-01,Kannauj,IhQbDYRiF8w,161,Kanpur Nagar Division,delivery_care,% of live babies weighted at birth,indicator_6,160,98.20022206729155,delivery_care,2025
p,2024-04-01,Kanpur Dehat,k3D0AumUCiC,161,Kanpur Nagar Division,ANC,% ANC registered in First trimester,indicator_1,163,74.96648793565683,ANC,2025
p,2024-04-01,Kanpur Dehat,k3D0AumUCiC,161,Kanpur Nagar Division,communicable_diseases,Success rate of positive tuberculosis cases,indicator_2,163,100.0,communicable_diseases,2025
p,2024-04-01,Kanpur Dehat,k3D0AumUCiC,161,Kanpur Nagar Division,ANC,% of severe anaemic PW treated,indicator_4,163,63.83526383526383,ANC,2025
p,2024-04-01,Kanpur Dehat,k3D0AumUCiC,161,Kanpur Nagar Division,PNC,% of new born breastfed within one hour of birth,indicator_5,163,92.42012370484183,PNC,2025
p,2024-04-01,Kanpur Dehat,k3D0AumUCiC,161,Kanpur Nagar Division,delivery_care,% of live babies weighted at birth,indicator_6,163,95.23302998069573,delivery_care,2025
p,2024-04-01,Kanpur Nagar,QVMRMhzVrrS,161,Kanpur Nagar Division,ANC,% ANC registered in First trimester,indicator_1,164,42.1968447531944,ANC,2025
p,2024-04-01,Kanpur Nagar,QVMRMhzVrrS,161,Kanpur Nagar Division,communicable_diseases,Success rate of positive tuberculosis cases,indicator_2,164,100.0,communicable_diseases,2025
p,2024-04-01,Kanpur Nagar,QVMRMhzVrrS,161,Kanpur Nagar Division,ANC,% of severe anaemic PW treated,indicator_4,164,78.96781354051055,ANC,2025
p,2024-04-01,Kanpur Nagar,QVMRMhzVrrS,161,Kanpur Nagar Division,PNC,% of new born breastfed within one hour of birth,indicator_5,164,69.68979865507109,PNC,2025
p,2024-04-01,Kanpur Nagar,QVMRMhzVrrS,161,Kanpur Nagar Division,delivery_care,% of live babies weighted at birth,indicator_6,164,72.28105464513203,delivery_care,2025
p,2024-04-01,Deoria,Tf9b9qcbghH,188,Gorakhpur Division,ANC,% ANC registered in First trimester,indicator_1,190,89.39564337249338,ANC,2025
p,2024-04-01,Deoria,Tf9b9qcbghH,188,Gorakhpur Division,communicable_diseases,Success rate of positive tuberculosis cases,indicator_2,190,100.0,communicable_diseases,2025
p,2024-04-01,Deoria,Tf9b9qcbghH,188,Gorakhpur Division,ANC,% of severe anaemic PW treated,indicator_4,190,38.767650834403085,ANC,2025
p,2024-04-01,Deoria,Tf9b9qcbghH,188,Gorakhpur Division,PNC,% of new born breastfed within one hour of birth,indicator_5,190,96.22261345852895,PNC,2025
p,2024-04-01,Deoria,Tf9b9qcbghH,188,Gorakhpur Division,delivery_care,% of live babies weighted at birth,indicator_6,190,96.69600938967136,delivery_care,2025
p,2024-04-01,Gorakhpur,vR85cHdsw1w,188,Gorakhpur Division,ANC,% ANC registered in First trimester,indicator_1,188,68.08251240734032,ANC,2025
p,2024-04-01,Gorakhpur,vR85cHdsw1w,188,Gorakhpur Division,communicable_diseases,Success rate of positive tuberculosis cases,indicator_2,188,100.0,communicable_diseases,2025
p,2024-04-01,Gorakhpur,vR85cHdsw1w,188,Gorakhpur Division,ANC,% of severe anaemic PW treated,indicator_4,188,74.73616885193476,ANC,2025
p,2024-04-01,Gorakhpur,vR85cHdsw1w,188,Gorakhpur Division,PNC,% of new born breastfed within one hour of birth,indicator_5,188,80.93352499254156,PNC,2025
p,2024-04-01,Gorakhpur,vR85cHdsw1w,188,Gorakhpur Division,delivery_care,% of live babies weighted at birth,indicator_6,188,83.87757316047842,delivery_care,2025
p,2024-04-01,Kushinagar,xUeHwd9FQkg,188,Gorakhpur Division,ANC,% ANC registered in First trimester,indicator_1,189,92.69391596846117,ANC,2025
p,2024-04-01,Kushinagar,xUeHwd9FQkg,188,Gorakhpur Division,communicable_diseases,Success rate of positive tuberculosis cases,indicator_2,189,100.0,communicable_diseases,2025
p,2024-04-01,Kushinagar,xUeHwd9FQkg,188,Gorakhpur Division,ANC,% of severe anaemic PW treated,indicator_4,189,21.81215992429619,ANC,2025
p,2024-04-01,Kushinagar,xUeHwd9FQkg,188,Gorakhpur Division,PNC,% of new born breastfed within one hour of birth,indicator_5,189,96.18740431350982,PNC,2025
p,2024-04-01,Kushinagar,xUeHwd9FQkg,188,Gorakhpur Division,delivery_care,% of live babies weighted at birth,indicator_6,189,98.1078228815197,delivery_care,2025
p,2024-04-01,Jhansi,Mq751wBMqGF,165,Jhansi Division,ANC,% ANC registered in First trimester,indicator_1,166,68.12875960670041,ANC,2025
p,2024-04-01,Jhansi,Mq751wBMqGF,165,Jhansi Division,communicable_diseases,Success rate of positive tuberculosis cases,indicator_2,166,100.0,communicable_diseases,2025
p,2024-04-01,Jhansi,Mq751wBMqGF,165,Jhansi Division,ANC,% of severe anaemic PW treated,indicator_4,166,78.299910206525,ANC,2025
p,2024-04-01,Jhansi,Mq751wBMqGF,165,Jhansi Division,PNC,% of new born breastfed within one hour of birth,indicator_5,166,95.8269473797424,PNC,2025
p,2024-04-01,Jhansi,Mq751wBMqGF,165,Jhansi Division,delivery_care,% of live babies weighted at birth,indicator_6,166,98.09900244682854,delivery_care,2025
p,2024-04-01,Lalitpur,fagfcadhxej,165,Jhansi Division,ANC,% ANC registered in First trimester,indicator_1,167,77.11073055672234,ANC,2025
p,2024-04-01,Lalitpur,fagfcadhxej,165,Jhansi Division,communicable_diseases,Success rate of positive tuberculosis cases,indicator_2,167,100.0,communicable_diseases,2025
p,2024-04-01,Lalitpur,fagfcadhxej,165,Jhansi Division,ANC,% of severe anaemic PW treated,indicator_4,167,51.78082191780822,ANC,2025
p,2024-04-01,Lalitpur,fagfcadhxej,165,Jhansi Division,PNC,% of new born breastfed within one hour of birth,indicator_5,167,96.7852403578614,PNC,2025
p,2024-04-01,Lalitpur,fagfcadhxej,165,Jhansi Division,delivery_care,% of live babies weighted at birth,indicator_6,167,99.23376567783913,delivery_care,2025
p,2024-04-01,Bahraich,iE0E3nLioFr,182,Gonda Division,ANC,% ANC registered in First trimester,indicator_1,180,89.6839790810052,ANC,2025
p,2024-04-01,Bahraich,iE0E3nLioFr,182,Gonda Division,communicable_diseases,Success rate of positive tuberculosis cases,indicator_2,180,100.0,communicable_diseases,2025
p,2024-04-01,Bahraich,iE0E3nLioFr,182,Gonda Division,ANC,% of severe anaemic PW treated,indicator_4,180,95.41627689429373,ANC,2025
p,2024-04-01,Bahraich,iE0E3nLioFr,182,Gonda Division,PNC,% of new born breastfed within one hour of birth,indicator_5,180,99.36298529966076,PNC,2025
p,2024-04-01,Bahraich,iE0E3nLioFr,182,Gonda Division,delivery_care,% of live babies weighted at birth,indicator_6,180,99.53731624575953,delivery_care,2025
p,2024-04-01,Balrampur,uS0pNSxN3sS,182,Gonda Division,ANC,% ANC registered in First trimester,indicator_1,182,96.77491227092965,ANC,2025
p,2024-04-01,Balrampur,uS0pNSxN3sS,182,Gonda Division,communicable_diseases,Success rate of positive tuberculosis cases,indicator_2,182,100.0,communicable_diseases,2025
p,2024-04-01,Balrampur,uS0pNSxN3sS,182,Gonda Division,ANC,% of severe anaemic PW treated,indicator_4,182,98.82147533828022,ANC,2025
p,2024-04-01,Balrampur,uS0pNSxN3sS,182,Gonda Division,PNC,% of new born breastfed within one hour of birth,indicator_5,182,98.54846591734577,PNC,2025
p,2024-04-01,Balrampur,uS0pNSxN3sS,182,Gonda Division,delivery_care,% of live babies weighted at birth,indicator_6,182,99.21149604427245,delivery_care,2025
p,2024-04-01,Maharajganj,AcnMkNGgc3S,188,Gorakhpur Division,ANC,% ANC registered in First trimester,indicator_1,187,90.47286845218235,ANC,2025
p,2024-04-01,Maharajganj,AcnMkNGgc3S,188,Gorakhpur Division,communicable_diseases,Success rate of positive tuberculosis cases,indicator_2,187,100.0,communicable_diseases,2025
p,2024-04-01,Maharajganj,AcnMkNGgc3S,188,Gorakhpur Division,ANC,% of severe anaemic PW treated,indicator_4,187,89.51456310679612,ANC,2025
p,2024-04-01,Maharajganj,AcnMkNGgc3S,188,Gorakhpur Division,PNC,% of new born breastfed within one hour of birth,indicator_5,187,97.50444000952085,PNC,2025
p,2024-04-01,Maharajganj,AcnMkNGgc3S,188,Gorakhpur Division,delivery_care,% of live babies weighted at birth,indicator_6,187,98.68356006371643,delivery_care,2025
p,2024-04-01,Basti,J1P16zQEOUT,185,Basti Division,ANC,% ANC registered in First trimester,indicator_1,185,86.06918644650843,ANC,2025
p,2024-04-01,Basti,J1P16zQEOUT,185,Basti Division,communicable_diseases,Success rate of positive tuberculosis cases,indicator_2,185,100.0,communicable_diseases,2025
p,2024-04-01,Basti,J1P16zQEOUT,185,Basti Division,ANC,% of severe anaemic PW treated,indicator_4,185,70.06845052893591,ANC,2025
p,2024-04-01,Basti,J1P16zQEOUT,185,Basti Division,PNC,% of new born breastfed within one hour of birth,indicator_5,185,86.41978021978022,PNC,2025
p,2024-04-01,Basti,J1P16zQEOUT,185,Basti Division,delivery_care,% of live babies weighted at birth,indicator_6,185,98.3120879120879,delivery_care,2025
p,2024-04-01,Banda,DggJGxqbWHn,170,Chitrakoot Division,ANC,% ANC registered in First trimester,indicator_1,170,92.88695110557458,ANC,2025
p,2024-04-01,Banda,DggJGxqbWHn,170,Chitrakoot Division,communicable_diseases,Success rate of positive tuberculosis cases,indicator_2,170,100.0,communicable_diseases,2025
p,2024-04-01,Banda,DggJGxqbWHn,170,Chitrakoot Division,ANC,% of severe anaemic PW treated,indicator_4,170,99.20760697305863,ANC,2025
p,2024-04-01,Banda,DggJGxqbWHn,170,Chitrakoot Division,PNC,% of new born breastfed within one hour of birth,indicator_5,170,98.6346780537139,PNC,2025
p,2024-04-01,Banda,DggJGxqbWHn,170,Chitrakoot Division,delivery_care,% of live babies weighted at birth,indicator_6,170,99.87639060568603,delivery_care,2025
p,2024-04-01,Chitrakoot,i2fSZZ3QAJJ,170,Chitrakoot Division,ANC,% ANC registered in First trimester,indicator_1,171,98.35480210905693,ANC,2025
p,2024-04-01,Chitrakoot,i2fSZZ3QAJJ,170,Chitrakoot Division,communicable_diseases,Success rate of positive tuberculosis cases,indicator_2,171,100.0,communicable_diseases,2025
p,2024-04-01,Chitrakoot,i2fSZZ3QAJJ,170,Chitrakoot Division,ANC,% of severe anaemic PW treated,indicator_4,171,100.0,ANC,2025
p,2024-04-01,Chitrakoot,i2fSZZ3QAJJ,170,Chitrakoot Division,PNC,% of new born breastfed within one hour of birth,indicator_5,171,97.99929975491422,PNC,2025
p,2024-04-01,Chitrakoot,i2fSZZ3QAJJ,170,Chitrakoot Division,delivery_care,% of live babies weighted at birth,indicator_6,171,98.93462711949182,delivery_care,2025
p,2024-04-01,Hamirpur,VSI7HobT5qL,170,Chitrakoot Division,ANC,% ANC registered in First trimester,indicator_1,168,85.928903935675,ANC,2025
p,2024-04-01,Hamirpur,VSI7HobT5qL,170,Chitrakoot Division,communicable_diseases,Success rate of positive tuberculosis cases,indicator_2,168,100.0,communicable_diseases,2025
p,2024-04-01,Hamirpur,VSI7HobT5qL,170,Chitrakoot Division,ANC,% of severe anaemic PW treated,indicator_4,168,44.82934284258788,ANC,2025
p,2024-04-01,Hamirpur,VSI7HobT5qL,170,Chitrakoot Division,PNC,% of new born breastfed within one hour of birth,indicator_5,168,96.94402243777024,PNC,2025
p,2024-04-01,Hamirpur,VSI7HobT5qL,170,Chitrakoot Division,delivery_care,% of live babies weighted at birth,indicator_6,168,97.49912352459974,delivery_care,2025
p,2024-04-01,Mahoba,sUQMxIc3yXj,170,Chitrakoot Division,ANC,% ANC registered in First trimester,indicator_1,169,85.57561495753208,ANC,2025
p,2024-04-01,Mahoba,sUQMxIc3yXj,170,Chitrakoot Division,communicable_diseases,Success rate of positive tuberculosis cases,indicator_2,169,100.0,communicable_diseases,2025
p,2024-04-01,Mahoba,sUQMxIc3yXj,170,Chitrakoot Division,ANC,% of severe anaemic PW treated,indicator_4,169,86.8421052631579,ANC,2025
p,2024-04-01,Mahoba,sUQMxIc3yXj,170,Chitrakoot Division,PNC,% of new born breastfed within one hour of birth,indicator_5,169,94.38866837886218,PNC,2025
p,2024-04-01,Mahoba,sUQMxIc3yXj,170,Chitrakoot Division,delivery_care,% of live babies weighted at birth,indicator_6,169,99.08942330142423,delivery_care,2025
p,2024-04-01,Gonda,y8WarEkWCul,182,Gonda Division,ANC,% ANC registered in First trimester,indicator_1,183,93.32233482598791,ANC,2025
p,2024-04-01,Gonda,y8WarEkWCul,182,Gonda Division,communicable_diseases,Success rate of positive tuberculosis cases,indicator_2,183,100.0,communicable_diseases,2025
p,2024-04-01,Gonda,y8WarEkWCul,182,Gonda Division,ANC,% of severe anaemic PW treated,indicator_4,183,98.72216137276378,ANC,2025
p,2024-04-01,Gonda,y8WarEkWCul,182,Gonda Division,PNC,% of new born breastfed within one hour of birth,indicator_5,183,94.3412609911705,PNC,2025
p,2024-04-01,Gonda,y8WarEkWCul,182,Gonda Division,delivery_care,% of live babies weighted at birth,indicator_6,183,95.92344112754327,delivery_care,2025
p,2024-04-01,Shrawasti,oyTwneTbWDx,182,Gonda Division,ANC,% ANC registered in First trimester,indicator_1,181,97.86629901357362,ANC,2025
p,2024-04-01,Shrawasti,oyTwneTbWDx,182,Gonda Division,communicable_diseases,Success rate of positive tuberculosis cases,indicator_2,181,100.0,communicable_diseases,2025
p,2024-04-01,Shrawasti,oyTwneTbWDx,182,Gonda Division,ANC,% of severe anaemic PW treated,indicator_4,181,98.90355784291788,ANC,2025
p,2024-04-01,Shrawasti,oyTwneTbWDx,182,Gonda Division,PNC,% of new born breastfed within one hour of birth,indicator_5,181,97.3317043372022,PNC,2025
p,2024-04-01,Shrawasti,oyTwneTbWDx,182,Gonda Division,delivery_care,% of live babies weighted at birth,indicator_6,181,99.6139279169212,delivery_care,2025
p,2024-04-01,Budaun,eA37kyBRRuZ,150,Bareilly Division,ANC,% ANC registered in First trimester,indicator_1,149,97.42464280915483,ANC,2025
p,2024-04-01,Budaun,eA37kyBRRuZ,150,Bareilly Division,communicable_diseases,Success rate of positive tuberculosis cases,indicator_2,149,100.0,communicable_diseases,2025
p,2024-04-01,Budaun,eA37kyBRRuZ,150,Bareilly Division,ANC,% of severe anaemic PW treated,indicator_4,149,58.562887038223366,ANC,2025
p,2024-04-01,Budaun,eA37kyBRRuZ,150,Bareilly Division,PNC,% of new born breastfed within one hour of birth,indicator_5,149,97.02000628469676,PNC,2025
p,2024-04-01,Budaun,eA37kyBRRuZ,150,Bareilly Division,delivery_care,% of live babies weighted at birth,indicator_6,149,97.96794804650676,delivery_care,2025
p,2024-04-01,Bareilly,vVqY3DPcpHf,150,Bareilly Division,ANC,% ANC registered in First trimester,indicator_1,150,67.34330526044533,ANC,2025
p,2024-04-01,Bareilly,vVqY3DPcpHf,150,Bareilly Division,communicable_diseases,Success rate of positive tuberculosis cases,indicator_2,150,100.0,communicable_diseases,2025
p,2024-04-01,Bareilly,vVqY3DPcpHf,150,Bareilly Division,ANC,% of severe anaemic PW treated,indicator_4,150,59.14684167350287,ANC,2025
p,2024-04-01,Bareilly,vVqY3DPcpHf,150,Bareilly Division,PNC,% of new born breastfed within one hour of birth,indicator_5,150,81.35210390014993,PNC,2025
p,2024-04-01,Bareilly,vVqY3DPcpHf,150,Bareilly Division,delivery_care,% of live babies weighted at birth,indicator_6,150,94.56159822419534,delivery_care,2025
p,2024-04-01,Pilibhit,c96jwckSd6j,150,Bareilly Division,ANC,% ANC registered in First trimester,indicator_1,151,98.20779183147158,ANC,2025
p,2024-04-01,Pilibhit,c96jwckSd6j,150,Bareilly Division,communicable_diseases,Success rate of positive tuberculosis cases,indicator_2,151,100.0,communicable_diseases,2025
p,2024-04-01,Pilibhit,c96jwckSd6j,150,Bareilly Division,ANC,% of severe anaemic PW treated,indicator_4,151,95.6116504854369,ANC,2025
p,2024-04-01,Pilibhit,c96jwckSd6j,150,Bareilly Division,PNC,% of new born breastfed within one hour of birth,indicator_5,151,98.18404764685273,PNC,2025
p,2024-04-01,Pilibhit,c96jwckSd6j,150,Bareilly Division,delivery_care,% of live babies weighted at birth,indicator_6,151,99.04823076024758,delivery_care,2025
p,2024-04-01,Sant Kabir Nagar,fe1yBApr2sl,185,Basti Division,ANC,% ANC registered in First trimester,indicator_1,186,87.87528232248113,ANC,2025
p,2024-04-01,Sant Kabir Nagar,fe1yBApr2sl,185,Basti Division,communicable_diseases,Success rate of positive tuberculosis cases,indicator_2,186,100.0,communicable_diseases,2025
p,2024-04-01,Sant Kabir Nagar,fe1yBApr2sl,185,Basti Division,ANC,% of severe anaemic PW treated,indicator_4,186,81.63001293661061,ANC,2025
p,2024-04-01,Sant Kabir Nagar,fe1yBApr2sl,185,Basti Division,PNC,% of new born breastfed within one hour of birth,indicator_5,186,97.42569154114885,PNC,2025
p,2024-04-01,Sant Kabir Nagar,fe1yBApr2sl,185,Basti Division,delivery_care,% of live babies weighted at birth,indicator_6,186,98.1243915010595,delivery_care,2025
p,2024-04-01,Siddharth Nagar,cP0p8qfm3il,185,Basti Division,ANC,% ANC registered in First trimester,indicator_1,184,87.13220329127174,ANC,2025
p,2024-04-01,Siddharth Nagar,cP0p8qfm3il,185,Basti Division,communicable_diseases,Success rate of positive tuberculosis cases,indicator_2,184,100.0,communicable_diseases,2025
p,2024-04-01,Siddharth Nagar,cP0p8qfm3il,185,Basti Division,ANC,% of severe anaemic PW treated,indicator_4,184,72.05677059097255,ANC,2025
p,2024-04-01,Siddharth Nagar,cP0p8qfm3il,185,Basti Division,PNC,% of new born breastfed within one hour of birth,indicator_5,184,95.08310437692118,PNC,2025
p,2024-04-01,Siddharth Nagar,cP0p8qfm3il,185,Basti Division,delivery_care,% of live babies weighted at birth,indicator_6,184,96.49220641440657,delivery_care,2025
p,2024-04-01,Azamgarh,NjckKfm3g0k,193,Azamgarh Division,ANC,% ANC registered in First trimester,indicator_1,191,57.89094431450374,ANC,2025
p,2024-04-01,Azamgarh,NjckKfm3g0k,193,Azamgarh Division,communicable_diseases,Success rate of positive tuberculosis cases,indicator_2,191,100.0,communicable_diseases,2025
p,2024-04-01,Azamgarh,NjckKfm3g0k,193,Azamgarh Division,ANC,% of severe anaemic PW treated,indicator_4,191,99.66083541592289,ANC,2025
p,2024-04-01,Azamgarh,NjckKfm3g0k,193,Azamgarh Division,PNC,% of new born breastfed within one hour of birth,indicator_5,191,94.2934452673755,PNC,2025
p,2024-04-01,Azamgarh,NjckKfm3g0k,193,Azamgarh Division,delivery_care,% of live babies weighted at birth,indicator_6,191,96.70962482438034,delivery_care,2025
p,2024-04-01,Ballia,oNDvGBE5fLq,193,Azamgarh Division,ANC,% ANC registered in First trimester,indicator_1,193,97.21334108414474,ANC,2025
p,2024-04-01,Ballia,oNDvGBE5fLq,193,Azamgarh Division,communicable_diseases,Success rate of positive tuberculosis cases,indicator_2,193,100.0,communicable_diseases,2025
p,2024-04-01,Ballia,oNDvGBE5fLq,193,Azamgarh Division,ANC,% of severe anaemic PW treated,indicator_4,193,88.59649122807018,ANC,2025
p,2024-04-01,Ballia,oNDvGBE5fLq,193,Azamgarh Division,PNC,% of new born breastfed within one hour of birth,indicator_5,193,98.54258902281441,PNC,2025
p,2024-04-01,Ballia,oNDvGBE5fLq,193,Azamgarh Division,delivery_care,% of live babies weighted at birth,indicator_6,193,99.2712945114072,delivery_care,2025
p,2024-04-01,Maunathbhanjan,CBSB9v92AwT,193,Azamgarh Division,ANC,% ANC registered in First trimester,indicator_1,192,81.94598983550357,ANC,2025
p,2024-04-01,Maunathbhanjan,CBSB9v92AwT,193,Azamgarh Division,communicable_diseases,Success rate of positive tuberculosis cases,indicator_2,192,100.0,communicable_diseases,2025
p,2024-04-01,Maunathbhanjan,CBSB9v92AwT,193,Azamgarh Division,ANC,% of severe anaemic PW treated,indicator_4,192,72.97410192147035,ANC,2025
p,2024-04-01,Maunathbhanjan,CBSB9v92AwT,193,Azamgarh Division,PNC,% of new born breastfed within one hour of birth,indicator_5,192,97.53836494247568,PNC,2025
p,2024-04-01,Maunathbhanjan,CBSB9v92AwT,193,Azamgarh Division,delivery_care,% of live babies weighted at birth,indicator_6,192,98.69254492068475,delivery_care,2025
p,2024-04-01,Shahjahanpur,GaiLSoQq1ue,150,Bareilly Division,ANC,% ANC registered in First trimester,indicator_1,152,87.68070819098268,ANC,2025
p,2024-04-01,Shahjahanpur,GaiLSoQq1ue,150,Bareilly Division,communicable_diseases,Success rate of positive tuberculosis cases,indicator_2,152,100.0,communicable_diseases,2025
p,2024-04-01,Shahjahanpur,GaiLSoQq1ue,150,Bareilly Division,ANC,% of severe anaemic PW treated,indicator_4,152,41.093944237258036,ANC,2025
p,2024-04-01,Shahjahanpur,GaiLSoQq1ue,150,Bareilly Division,PNC,% of new born breastfed within one hour of birth,indicator_5,152,85.6929063154744,PNC,2025
p,2024-04-01,Shahjahanpur,GaiLSoQq1ue,150,Bareilly Division,delivery_care,% of live babies weighted at birth,indicator_6,152,90.74004788985334,delivery_care,2025
p,2024-04-01,Aligarh,frD2HOp3wAs,201,Alligarh Division,ANC,% ANC registered in First trimester,indicator_1,143,77.69071103316224,ANC,2025
p,2024-04-01,Aligarh,frD2HOp3wAs,201,Alligarh Division,communicable_diseases,Success rate of positive tuberculosis cases,indicator_2,143,100.0,communicable_diseases,2025
p,2024-04-01,Aligarh,frD2HOp3wAs,201,Alligarh Division,ANC,% of severe anaemic PW treated,indicator_4,143,85.05430625669267,ANC,2025
p,2024-04-01,Aligarh,frD2HOp3wAs,201,Alligarh Division,PNC,% of new born breastfed within one hour of birth,indicator_5,143,80.31429258841854,PNC,2025
p,2024-04-01,Aligarh,frD2HOp3wAs,201,Alligarh Division,delivery_care,% of live babies weighted at birth,indicator_6,143,96.35435792885995,delivery_care,2025
p,2024-04-01,Etah,ZLcx4iOVyN5,201,Alligarh Division,ANC,% ANC registered in First trimester,indicator_1,201,79.56826549654511,ANC,2025
p,2024-04-01,Etah,ZLcx4iOVyN5,201,Alligarh Division,communicable_diseases,Success rate of positive tuberculosis cases,indicator_2,201,100.0,communicable_diseases,2025
p,2024-04-01,Etah,ZLcx4iOVyN5,201,Alligarh Division,ANC,% of severe anaemic PW treated,indicator_4,201,51.18628141883956,ANC,2025
p,2024-04-01,Etah,ZLcx4iOVyN5,201,Alligarh Division,PNC,% of new born breastfed within one hour of birth,indicator_5,201,96.07908784852036,PNC,2025
p,2024-04-01,Etah,ZLcx4iOVyN5,201,Alligarh Division,delivery_care,% of live babies weighted at birth,indicator_6,201,96.61849227163663,delivery_care,2025
p,2024-04-01,Hathras,m1IAjmqkoFC,201,Alligarh Division,ANC,% ANC registered in First trimester,indicator_1,144,92.88503667015905,ANC,2025
p,2024-04-01,Hathras,m1IAjmqkoFC,201,Alligarh Division,communicable_diseases,Success rate of positive tuberculosis cases,indicator_2,144,100.0,communicable_diseases,2025
p,2024-04-01,Hathras,m1IAjmqkoFC,201,Alligarh Division,ANC,% of severe anaemic PW treated,indicator_4,144,56.07668606641562,ANC,2025
p,2024-04-01,Hathras,m1IAjmqkoFC,201,Alligarh Division,PNC,% of new born breastfed within one hour of birth,indicator_5,144,99.42965779467681,PNC,2025
p,2024-04-01,Hathras,m1IAjmqkoFC,201,Alligarh Division,delivery_care,% of live babies weighted at birth,indicator_6,144,99.9914874297713,delivery_care,2025
p,2024-04-01,Kasganj,hITp09XOBLZ,201,Alligarh Division,ANC,% ANC registered in First trimester,indicator_1,202,82.4134405260731,ANC,2025
p,2024-04-01,Kasganj,hITp09XOBLZ,201,Alligarh Division,communicable_diseases,Success rate of positive tuberculosis cases,indicator_2,202,100.0,communicable_diseases,2025
p,2024-04-01,Kasganj,hITp09XOBLZ,201,Alligarh Division,ANC,% of severe anaemic PW treated,indicator_4,202,28.866934238962642,ANC,2025
p,2024-04-01,Kasganj,hITp09XOBLZ,201,Alligarh Division,PNC,% of new born breastfed within one hour of birth,indicator_5,202,96.41923076923077,PNC,2025
p,2024-04-01,Kasganj,hITp09XOBLZ,201,Alligarh Division,delivery_care,% of live babies weighted at birth,indicator_6,202,98.48846153846154,delivery_care,2025
p,2024-04-01,Bagpat,HJIS3IrQ0Nj,140,Meerut Division,ANC,% ANC registered in First trimester,indicator_1,139,88.51303735024665,ANC,2025
p,2024-04-01,Bagpat,HJIS3IrQ0Nj,140,Meerut Division,communicable_diseases,Success rate of positive tuberculosis cases,indicator_2,139,100.0,communicable_diseases,2025
p,2024-04-01,Bagpat,HJIS3IrQ0Nj,140,Meerut Division,ANC,% of severe anaemic PW treated,indicator_4,139,51.274918868799254,ANC,2025
p,2024-04-01,Bagpat,HJIS3IrQ0Nj,140,Meerut Division,PNC,% of new born breastfed within one hour of birth,indicator_5,139,93.36228520085358,PNC,2025
p,2024-04-01,Bagpat,HJIS3IrQ0Nj,140,Meerut Division,delivery_care,% of live babies weighted at birth,indicator_6,139,97.11729250121672,delivery_care,2025
p,2024-04-01,Bulandshahar,ogBt4gWCiem,140,Meerut Division,ANC,% ANC registered in First trimester,indicator_1,142,76.6052106274998,ANC,2025
p,2024-04-01,Bulandshahar,ogBt4gWCiem,140,Meerut Division,communicable_diseases,Success rate of positive tuberculosis cases,indicator_2,142,100.0,communicable_diseases,2025
p,2024-04-01,Bulandshahar,ogBt4gWCiem,140,Meerut Division,ANC,% of severe anaemic PW treated,indicator_4,142,34.51842924575676,ANC,2025
p,2024-04-01,Bulandshahar,ogBt4gWCiem,140,Meerut Division,PNC,% of new born breastfed within one hour of birth,indicator_5,142,91.8918918918919,PNC,2025
p,2024-04-01,Bulandshahar,ogBt4gWCiem,140,Meerut Division,delivery_care,% of live babies weighted at birth,indicator_6,142,93.81663918226563,delivery_care,2025
p,2024-04-01,Hardoi,MTIkUw5q5pX,155,Lucknow Division,ANC,% ANC registered in First trimester,indicator_1,155,74.07062471418851,ANC,2025
p,2024-04-01,Hardoi,MTIkUw5q5pX,155,Lucknow Division,communicable_diseases,Success rate of positive tuberculosis cases,indicator_2,155,100.0,communicable_diseases,2025
p,2024-04-01,Hardoi,MTIkUw5q5pX,155,Lucknow Division,ANC,% of severe anaemic PW treated,indicator_4,155,40.64701653486701,ANC,2025
p,2024-04-01,Hardoi,MTIkUw5q5pX,155,Lucknow Division,PNC,% of new born breastfed within one hour of birth,indicator_5,155,93.48001999190804,PNC,2025
p,2024-04-01,Hardoi,MTIkUw5q5pX,155,Lucknow Division,delivery_care,% of live babies weighted at birth,indicator_6,155,96.62160554061451,delivery_care,2025
p,2024-04-01,Lakhimpur Kheri,d9ZuMopgX29,155,Lucknow Division,ANC,% ANC registered in First trimester,indicator_1,153,93.69839040567072,ANC,2025
p,2024-04-01,Lakhimpur Kheri,d9ZuMopgX29,155,Lucknow Division,communicable_diseases,Success rate of positive tuberculosis cases,indicator_2,153,100.0,communicable_diseases,2025
p,2024-04-01,Lakhimpur Kheri,d9ZuMopgX29,155,Lucknow Division,ANC,% of severe anaemic PW treated,indicator_4,153,86.29249865083648,ANC,2025
p,2024-04-01,Lakhimpur Kheri,d9ZuMopgX29,155,Lucknow Division,PNC,% of new born breastfed within one hour of birth,indicator_5,153,97.02069737561857,PNC,2025
p,2024-04-01,Lakhimpur Kheri,d9ZuMopgX29,155,Lucknow Division,delivery_care,% of live babies weighted at birth,indicator_6,153,99.36775687262272,delivery_care,2025
p,2024-04-01,Gautam Buddha Nagar,bNmwkrQeP3e,140,Meerut Division,ANC,% ANC registered in First trimester,indicator_1,141,69.14297178907007,ANC,2025
p,2024-04-01,Gautam Buddha Nagar,bNmwkrQeP3e,140,Meerut Division,communicable_diseases,Success rate of positive tuberculosis cases,indicator_2,141,100.0,communicable_diseases,2025
p,2024-04-01,Gautam Buddha Nagar,bNmwkrQeP3e,140,Meerut Division,ANC,% of severe anaemic PW treated,indicator_4,141,88.20614469772052,ANC,2025
p,2024-04-01,Gautam Buddha Nagar,bNmwkrQeP3e,140,Meerut Division,PNC,% of new born breastfed within one hour of birth,indicator_5,141,78.153953442035,PNC,2025
p,2024-04-01,Gautam Buddha Nagar,bNmwkrQeP3e,140,Meerut Division,delivery_care,% of live babies weighted at birth,indicator_6,141,98.41762693853153,delivery_care,2025
p,2024-04-01,Ghaziabad,M5NHlfAaKYI,140,Meerut Division,ANC,% ANC registered in First trimester,indicator_1,140,78.13265845493424,ANC,2025
p,2024-04-01,Ghaziabad,M5NHlfAaKYI,140,Meerut Division,communicable_diseases,Success rate of positive tuberculosis cases,indicator_2,140,100.0,communicable_diseases,2025
p,2024-04-01,Ghaziabad,M5NHlfAaKYI,140,Meerut Division,ANC,% of severe anaemic PW treated,indicator_4,140,66.72544524775172,ANC,2025
p,2024-04-01,Ghaziabad,M5NHlfAaKYI,140,Meerut Division,PNC,% of new born breastfed within one hour of birth,indicator_5,140,92.17571200277493,PNC,2025
p,2024-04-01,Ghaziabad,M5NHlfAaKYI,140,Meerut Division,delivery_care,% of live babies weighted at birth,indicator_6,140,95.8784980736593,delivery_care,2025
p,2024-04-01,Hapur,CZ8kLjgqvSH,140,Meerut Division,ANC,% ANC registered in First trimester,indicator_1,204,76.62849600456622,ANC,2025
p,2024-04-01,Hapur,CZ8kLjgqvSH,140,Meerut Division,communicable_diseases,Success rate of positive tuberculosis cases,indicator_2,204,100.0,communicable_diseases,2025
p,2024-04-01,Hapur,CZ8kLjgqvSH,140,Meerut Division,ANC,% of severe anaemic PW treated,indicator_4,204,72.99870186066639,ANC,2025
p,2024-04-01,Hapur,CZ8kLjgqvSH,140,Meerut Division,PNC,% of new born breastfed within one hour of birth,indicator_5,204,86.68358445678034,PNC,2025
p,2024-04-01,Hapur,CZ8kLjgqvSH,140,Meerut Division,delivery_care,% of live babies weighted at birth,indicator_6,204,90.26804123711341,delivery_care,2025
p,2024-04-01,Meerut,v8YGmR7nOdj,140,Meerut Division,ANC,% ANC registered in First trimester,indicator_1,138,69.2413924472594,ANC,2025
p,2024-04-01,Meerut,v8YGmR7nOdj,140,Meerut Division,communicable_diseases,Success rate of positive tuberculosis cases,indicator_2,138,100.0,communicable_diseases,2025
p,2024-04-01,Meerut,v8YGmR7nOdj,140,Meerut Division,ANC,% of severe anaemic PW treated,indicator_4,138,54.50423812339839,ANC,2025
p,2024-04-01,Meerut,v8YGmR7nOdj,140,Meerut Division,PNC,% of new born breastfed within one hour of birth,indicator_5,138,77.45398773006134,PNC,2025
p,2024-04-01,Meerut,v8YGmR7nOdj,140,Meerut Division,delivery_care,% of live babies weighted at birth,indicator_6,138,96.38718473074302,delivery_care,2025
p,2024-04-01,Amethi,StsLkYw1G0m,176,Ayodhya Division,ANC,% ANC registered in First trimester,indicator_1,206,96.94185257108575,ANC,2025
p,2024-04-01,Amethi,StsLkYw1G0m,176,Ayodhya Division,communicable_diseases,Success rate of positive tuberculosis cases,indicator_2,206,100.0,communicable_diseases,2025
p,2024-04-01,Amethi,StsLkYw1G0m,176,Ayodhya Division,ANC,% of severe anaemic PW treated,indicator_4,206,59.3521421107628,ANC,2025
p,2024-04-01,Amethi,StsLkYw1G0m,176,Ayodhya Division,PNC,% of new born breastfed within one hour of birth,indicator_5,206,94.7515504172728,PNC,2025
p,2024-04-01,Amethi,StsLkYw1G0m,176,Ayodhya Division,delivery_care,% of live babies weighted at birth,indicator_6,206,97.03315213230226,delivery_care,2025
p,2024-04-01,Lucknow,MfHac5N78aK,155,Lucknow Division,ANC,% ANC registered in First trimester,indicator_1,157,59.531900407900004,ANC,2025
p,2024-04-01,Lucknow,MfHac5N78aK,155,Lucknow Division,communicable_diseases,Success rate of positive tuberculosis cases,indicator_2,157,100.0,communicable_diseases,2025
p,2024-04-01,Lucknow,MfHac5N78aK,155,Lucknow Division,ANC,% of severe anaemic PW treated,indicator_4,157,100.0,ANC,2025
p,2024-04-01,Lucknow,MfHac5N78aK,155,Lucknow Division,PNC,% of new born breastfed within one hour of birth,indicator_5,157,91.81368493913865,PNC,2025
p,2024-04-01,Lucknow,MfHac5N78aK,155,Lucknow Division,delivery_care,% of live babies weighted at birth,indicator_6,157,96.79739334492598,delivery_care,2025
p,2024-04-01,Rae Bareli,lLvTDpBDY8u,155,Lucknow Division,ANC,% ANC registered in First trimester,indicator_1,158,83.5290927690203,ANC,2025
p,2024-04-01,Rae Bareli,lLvTDpBDY8u,155,Lucknow Division,communicable_diseases,Success rate of positive tuberculosis cases,indicator_2,158,100.0,communicable_diseases,2025
p,2024-04-01,Rae Bareli,lLvTDpBDY8u,155,Lucknow Division,ANC,% of severe anaemic PW treated,indicator_4,158,48.329448329448326,ANC,2025
p,2024-04-01,Rae Bareli,lLvTDpBDY8u,155,Lucknow Division,PNC,% of new born breastfed within one hour of birth,indicator_5,158,94.06313494226671,PNC,2025
p,2024-04-01,Rae Bareli,lLvTDpBDY8u,155,Lucknow Division,delivery_care,% of live babies weighted at birth,indicator_6,158,97.94092868824025,delivery_care,2025
p,2024-04-01,Sitapur,XxaOowFtkiJ,155,Lucknow Division,ANC,% ANC registered in First trimester,indicator_1,154,84.30057979087019,ANC,2025
p,2024-04-01,Sitapur,XxaOowFtkiJ,155,Lucknow Division,communicable_diseases,Success rate of positive tuberculosis cases,indicator_2,154,100.0,communicable_diseases,2025
p,2024-04-01,Sitapur,XxaOowFtkiJ,155,Lucknow Division,ANC,% of severe anaemic PW treated,indicator_4,154,38.47131267715766,ANC,2025
p,2024-04-01,Sitapur,XxaOowFtkiJ,155,Lucknow Division,PNC,% of new born breastfed within one hour of birth,indicator_5,154,98.01980198019803,PNC,2025
p,2024-04-01,Sitapur,XxaOowFtkiJ,155,Lucknow Division,delivery_care,% of live babies weighted at birth,indicator_6,154,99.17297612114152,delivery_care,2025
p,2024-04-01,Ambedkar Nagar,jM27ji8tyrM,176,Ayodhya Division,ANC,% ANC registered in First trimester,indicator_1,178,94.4198023539563,ANC,2025
p,2024-04-01,Ambedkar Nagar,jM27ji8tyrM,176,Ayodhya Division,communicable_diseases,Success rate of positive tuberculosis cases,indicator_2,178,100.0,communicable_diseases,2025
p,2024-04-01,Ambedkar Nagar,jM27ji8tyrM,176,Ayodhya Division,ANC,% of severe anaemic PW treated,indicator_4,178,97.12595097210482,ANC,2025
p,2024-04-01,Ambedkar Nagar,jM27ji8tyrM,176,Ayodhya Division,PNC,% of new born breastfed within one hour of birth,indicator_5,178,95.7995988109336,PNC,2025
p,2024-04-01,Ambedkar Nagar,jM27ji8tyrM,176,Ayodhya Division,delivery_care,% of live babies weighted at birth,indicator_6,178,99.11786741426396,delivery_care,2025
p,2024-04-01,Ayodhya,b4XkXzoGqFY,176,Ayodhya Division,ANC,% ANC registered in First trimester,indicator_1,177,69.11979956484473,ANC,2025
p,2024-04-01,Ayodhya,b4XkXzoGqFY,176,Ayodhya Division,communicable_diseases,Success rate of positive tuberculosis cases,indicator_2,177,100.0,communicable_diseases,2025
p,2024-04-01,Ayodhya,b4XkXzoGqFY,176,Ayodhya Division,ANC,% of severe anaemic PW treated,indicator_4,177,56.38114895080839,ANC,2025
p,2024-04-01,Ayodhya,b4XkXzoGqFY,176,Ayodhya Division,PNC,% of new born breastfed within one hour of birth,indicator_5,177,93.73578302712161,PNC,2025
p,2024-04-01,Ayodhya,b4XkXzoGqFY,176,Ayodhya Division,delivery_care,% of live babies weighted at birth,indicator_6,177,96.38670166229221,delivery_care,2025
p,2024-04-01,Barabanki,tzH6nJu9SwS,176,Ayodhya Division,ANC,% ANC registered in First trimester,indicator_1,176,77.61912261361051,ANC,2025
p,2024-04-01,Barabanki,tzH6nJu9SwS,176,Ayodhya Division,communicable_diseases,Success rate of positive tuberculosis cases,indicator_2,176,100.0,communicable_diseases,2025
p,2024-04-01,Barabanki,tzH6nJu9SwS,176,Ayodhya Division,ANC,% of severe anaemic PW treated,indicator_4,176,80.51948051948052,ANC,2025
p,2024-04-01,Barabanki,tzH6nJu9SwS,176,Ayodhya Division,PNC,% of new born breastfed within one hour of birth,indicator_5,176,94.23804904030892,PNC,2025
p,2024-04-01,Barabanki,tzH6nJu9SwS,176,Ayodhya Division,delivery_care,% of live babies weighted at birth,indicator_6,176,96.21069451577927,delivery_care,2025
p,2024-04-01,Unnav,aT03mfdlNiF,155,Lucknow Division,ANC,% ANC registered in First trimester,indicator_1,156,82.90357406670834,ANC,2025
p,2024-04-01,Unnav,aT03mfdlNiF,155,Lucknow Division,communicable_diseases,Success rate of positive tuberculosis cases,indicator_2,156,100.0,communicable_diseases,2025
p,2024-04-01,Unnav,aT03mfdlNiF,155,Lucknow Division,ANC,% of severe anaemic PW treated,indicator_4,156,45.864221615294575,ANC,2025
p,2024-04-01,Unnav,aT03mfdlNiF,155,Lucknow Division,PNC,% of new born breastfed within one hour of birth,indicator_5,156,75.59029273596323,PNC,2025
p,2024-04-01,Unnav,aT03mfdlNiF,155,Lucknow Division,delivery_care,% of live babies weighted at birth,indicator_6,156,76.46624407655855,delivery_care,2025
p,2024-04-01,Fatehpur,ibLiLcaKzw2,172,Prayagraj Division,ANC,% ANC registered in First trimester,indicator_1,172,95.7366686009902,ANC,2025
p,2024-04-01,Fatehpur,ibLiLcaKzw2,172,Prayagraj Division,communicable_diseases,Success rate of positive tuberculosis cases,indicator_2,172,100.0,communicable_diseases,2025
p,2024-04-01,Fatehpur,ibLiLcaKzw2,172,Prayagraj Division,ANC,% of severe anaemic PW treated,indicator_4,172,88.82141871377311,ANC,2025
p,2024-04-01,Fatehpur,ibLiLcaKzw2,172,Prayagraj Division,PNC,% of new born breastfed within one hour of birth,indicator_5,172,97.75387295935761,PNC,2025
p,2024-04-01,Fatehpur,ibLiLcaKzw2,172,Prayagraj Division,delivery_care,% of live babies weighted at birth,indicator_6,172,97.97166773985833,delivery_care,2025
p,2024-04-01,Sultanpur,o4ZQTVcMI7U,176,Ayodhya Division,ANC,% ANC registered in First trimester,indicator_1,179,82.7138665744193,ANC,2025
p,2024-04-01,Sultanpur,o4ZQTVcMI7U,176,Ayodhya Division,communicable_diseases,Success rate of positive tuberculosis cases,indicator_2,179,100.0,communicable_diseases,2025
p,2024-04-01,Sultanpur,o4ZQTVcMI7U,176,Ayodhya Division,ANC,% of severe anaemic PW treated,indicator_4,179,94.98207885304659,ANC,2025
p,2024-04-01,Sultanpur,o4ZQTVcMI7U,176,Ayodhya Division,PNC,% of new born breastfed within one hour of birth,indicator_5,179,93.95839112343967,PNC,2025
p,2024-04-01,Sultanpur,o4ZQTVcMI7U,176,Ayodhya Division,delivery_care,% of live babies weighted at birth,indicator_6,179,97.91123439667129,delivery_care,2025
p,2024-04-01,Kaushambi,PAj0oVY0Dxu,172,Prayagraj Division,ANC,% ANC registered in First trimester,indicator_1,174,97.64914014312353,ANC,2025
p,2024-04-01,Kaushambi,PAj0oVY0Dxu,172,Prayagraj Division,communicable_diseases,Success rate of positive tuberculosis cases,indicator_2,174,100.0,communicable_diseases,2025
p,2024-04-01,Kaushambi,PAj0oVY0Dxu,172,Prayagraj Division,ANC,% of severe anaemic PW treated,indicator_4,174,98.39968774395004,ANC,2025
p,2024-04-01,Kaushambi,PAj0oVY0Dxu,172,Prayagraj Division,PNC,% of new born breastfed within one hour of birth,indicator_5,174,92.55387241305739,PNC,2025
p,2024-04-01,Kaushambi,PAj0oVY0Dxu,172,Prayagraj Division,delivery_care,% of live babies weighted at birth,indicator_6,174,93.20034136974611,delivery_care,2025
p,2024-04-01,Pratapgarh,fz7bJo3egPX,172,Prayagraj Division,ANC,% ANC registered in First trimester,indicator_1,173,95.98670962545309,ANC,2025
p,2024-04-01,Pratapgarh,fz7bJo3egPX,172,Prayagraj Division,communicable_diseases,Success rate of positive tuberculosis cases,indicator_2,173,100.0,communicable_diseases,2025
p,2024-04-01,Pratapgarh,fz7bJo3egPX,172,Prayagraj Division,ANC,% of severe anaemic PW treated,indicator_4,173,76.2801354851564,ANC,2025
p,2024-04-01,Pratapgarh,fz7bJo3egPX,172,Prayagraj Division,PNC,% of new born breastfed within one hour of birth,indicator_5,173,98.65518253890575,PNC,2025
p,2024-04-01,Pratapgarh,fz7bJo3egPX,172,Prayagraj Division,delivery_care,% of live babies weighted at birth,indicator_6,173,99.09758246060487,delivery_care,2025
p,2024-04-01,Prayagraj,tXgaew1Pd2Y,172,Prayagraj Division,ANC,% ANC registered in First trimester,indicator_1,175,97.28804457273277,ANC,2025
p,2024-04-01,Prayagraj,tXgaew1Pd2Y,172,Prayagraj Division,communicable_diseases,Success rate of positive tuberculosis cases,indicator_2,175,100.0,communicable_diseases,2025
p,2024-04-01,Prayagraj,tXgaew1Pd2Y,172,Prayagraj Division,ANC,% of severe anaemic PW treated,indicator_4,175,99.96435700028515,ANC,2025
p,2024-04-01,Prayagraj,tXgaew1Pd2Y,172,Prayagraj Division,PNC,% of new born breastfed within one hour of birth,indicator_5,175,99.5529079038421,PNC,2025
p,2024-04-01,Prayagraj,tXgaew1Pd2Y,172,Prayagraj Division,delivery_care,% of live babies weighted at birth,indicator_6,175,99.9103408851581,delivery_care,2025
p,2024-04-01,Agra,N5WWbRtsjWp,146,Agra Division,ANC,% ANC registered in First trimester,indicator_1,146,61.24714963700678,ANC,2025
p,2024-04-01,Agra,N5WWbRtsjWp,146,Agra Division,communicable_diseases,Success rate of positive tuberculosis cases,indicator_2,146,100.0,communicable_diseases,2025
p,2024-04-01,Agra,N5WWbRtsjWp,146,Agra Division,ANC,% of severe anaemic PW treated,indicator_4,146,68.88031693077565,ANC,2025
p,2024-04-01,Agra,N5WWbRtsjWp,146,Agra Division,PNC,% of new born breastfed within one hour of birth,indicator_5,146,98.2381206620395,PNC,2025
p,2024-04-01,Agra,N5WWbRtsjWp,146,Agra Division,delivery_care,% of live babies weighted at birth,indicator_6,146,99.47886441189443,delivery_care,2025
p,2024-04-01,Firozabad,eJTsuE56XDF,146,Agra Division,ANC,% ANC registered in First trimester,indicator_1,147,62.46589388436071,ANC,2025
p,2024-04-01,Firozabad,eJTsuE56XDF,146,Agra Division,communicable_diseases,Success rate of positive tuberculosis cases,indicator_2,147,100.0,communicable_diseases,2025
p,2024-04-01,Firozabad,eJTsuE56XDF,146,Agra Division,ANC,% of severe anaemic PW treated,indicator_4,147,83.07936507936508,ANC,2025
p,2024-04-01,Firozabad,eJTsuE56XDF,146,Agra Division,PNC,% of new born breastfed within one hour of birth,indicator_5,147,78.36242462710251,PNC,2025
p,2024-04-01,Firozabad,eJTsuE56XDF,146,Agra Division,delivery_care,% of live babies weighted at birth,indicator_6,147,81.5529461546599,delivery_care,2025
p,2024-04-01,Mainpuri,XBLhrSWGytu,146,Agra Division,ANC,% ANC registered in First trimester,indicator_1,148,74.29169899146625,ANC,2025
p,2024-04-01,Mainpuri,XBLhrSWGytu,146,Agra Division,communicable_diseases,Success rate of positive tuberculosis cases,indicator_2,148,100.0,communicable_diseases,2025
p,2024-04-01,Mainpuri,XBLhrSWGytu,146,Agra Division,ANC,% of severe anaemic PW treated,indicator_4,148,85.99114064230344,ANC,2025
p,2024-04-01,Mainpuri,XBLhrSWGytu,146,Agra Division,PNC,% of new born breastfed within one hour of birth,indicator_5,148,92.00239853089982,PNC,2025
p,2024-04-01,Mainpuri,XBLhrSWGytu,146,Agra Division,delivery_care,% of live babies weighted at birth,indicator_6,148,99.18300041224751,delivery_care,2025
p,2024-04-01,Mathura,KP2BUB1npih,146,Agra Division,ANC,% ANC registered in First trimester,indicator_1,145,59.64791037718692,ANC,2025
p,2024-04-01,Mathura,KP2BUB1npih,146,Agra Division,communicable_diseases,Success rate of positive tuberculosis cases,indicator_2,145,100.0,communicable_diseases,2025
p,2024-04-01,Mathura,KP2BUB1npih,146,Agra Division,ANC,% of severe anaemic PW treated,indicator_4,145,59.59479015918958,ANC,2025
p,2024-04-01,Mathura,KP2BUB1npih,146,Agra Division,PNC,% of new born breastfed within one hour of birth,indicator_5,145,75.29312375198403,PNC,2025
p,2024-04-01,Mathura,KP2BUB1npih,146,Agra Division,delivery_care,% of live babies weighted at birth,indicator_6,145,76.41441810455174,delivery_care,2025
