date,district,district_id,indicator_id,map_id,rank,value
2020-04-01,Sambhal,YzHpzrN0eLv,1,205,1.0,100.0
2020-04-01,Sambhal,YzHpzrN0eLv,2,205,1.0,0.0
2020-04-01,Sambhal,YzHpzrN0eLv,5,205,45.0,0.0
2020-04-01,Sambhal,YzHpzrN0eLv,9,205,6.0,56.86035581241514
2020-04-01,Sambhal,YzHpzrN0eLv,10,205,10.0,58.77867910733558
2020-04-01,Sambhal,YzHpzrN0eLv,11,205,7.0,76.41263099258434
2020-04-01,Sambhal,YzHpzrN0eLv,14,205,50.0,0.0
2020-04-01,Sambhal,YzHpzrN0eLv,16,205,59.0,0.9365316993350278
2020-04-01,Sambhal,YzHpzrN0eLv,17,205,7.0,95.45454545454544
2020-04-01,Sambhal,YzHpzrN0eLv,18,205,45.0,11.752380952380953
2020-04-01,Sambhal,YzHpzrN0eLv,19,205,8.0,0.0
2020-04-01,Sambhal,YzHpzrN0eLv,20,205,22.0,22.379277930578283
2020-04-01,Sambhal,YzHpzrN0eLv,21,205,23.0,1.4378720885701353
2020-04-01,Sambhal,YzHpzrN0eLv,22,205,2.0,0.0
2020-04-01,Sambhal,YzHpzrN0eLv,28,205,1.0,0.0
2020-04-01,Sambhal,YzHpzrN0eLv,30,205,1.0,0.0
2020-04-01,Sambhal,YzHpzrN0eLv,32,205,40.0,29.46788071171999
2020-04-01,Sambhal,YzHpzrN0eLv,35,205,1.0,0.0
2020-04-01,Deoria,Tf9b9qcbghH,1,190,1.0,100.0
2020-04-01,Deoria,Tf9b9qcbghH,2,190,1.0,0.0
2020-04-01,Deoria,Tf9b9qcbghH,5,190,45.0,0.0
2020-04-01,Deoria,Tf9b9qcbghH,9,190,26.0,39.61470960368965
2020-04-01,Deoria,Tf9b9qcbghH,10,190,25.0,46.44300232643565
2020-04-01,Deoria,Tf9b9qcbghH,11,190,39.0,47.063385167952326
2020-04-01,Deoria,Tf9b9qcbghH,14,190,1.0,100.0
2020-04-01,Deoria,Tf9b9qcbghH,16,190,66.0,0.37141341169748177
2020-04-01,Deoria,Tf9b9qcbghH,17,190,1.0,100.0
2020-04-01,Deoria,Tf9b9qcbghH,18,190,10.0,27.18624151281104
2020-04-01,Deoria,Tf9b9qcbghH,28,190,1.0,0.0
2020-04-01,Deoria,Tf9b9qcbghH,30,190,1.0,0.0
2020-04-01,Deoria,Tf9b9qcbghH,32,190,26.0,35.55737202411362
2020-04-01,Deoria,Tf9b9qcbghH,35,190,1.0,0.0
2020-04-01,Barabanki,tzH6nJu9SwS,1,176,1.0,100.0
2020-04-01,Barabanki,tzH6nJu9SwS,2,176,1.0,0.0
2020-04-01,Barabanki,tzH6nJu9SwS,5,176,44.0,0.8810572687224669
2020-04-01,Barabanki,tzH6nJu9SwS,6,176,23.0,20.26431718061674
2020-04-01,Barabanki,tzH6nJu9SwS,9,176,33.0,37.54156967076821
2020-04-01,Barabanki,tzH6nJu9SwS,10,176,37.0,38.99442966411706
2020-04-01,Barabanki,tzH6nJu9SwS,11,176,48.0,41.49276687728633
2020-04-01,Barabanki,tzH6nJu9SwS,14,176,15.0,42.6441351888668
2020-04-01,Barabanki,tzH6nJu9SwS,16,176,25.0,5.763634852011973
2020-04-01,Barabanki,tzH6nJu9SwS,17,176,17.0,72.2222222222222
2020-04-01,Barabanki,tzH6nJu9SwS,18,176,23.0,19.001776961980823
2020-04-01,Barabanki,tzH6nJu9SwS,19,176,8.0,0.0
2020-04-01,Barabanki,tzH6nJu9SwS,20,176,11.0,64.79048885932824
2020-04-01,Barabanki,tzH6nJu9SwS,21,176,19.0,2.737362820086465
2020-04-01,Barabanki,tzH6nJu9SwS,22,176,2.0,0.0
2020-04-01,Barabanki,tzH6nJu9SwS,28,176,1.0,0.0
2020-04-01,Barabanki,tzH6nJu9SwS,30,176,1.0,0.0
2020-04-01,Barabanki,tzH6nJu9SwS,32,176,61.0,17.767608633207537
2020-04-01,Barabanki,tzH6nJu9SwS,35,176,1.0,0.0
2020-04-01,Bulandshahar,ogBt4gWCiem,1,142,1.0,100.0
2020-04-01,Bulandshahar,ogBt4gWCiem,2,142,1.0,0.0
2020-04-01,Bulandshahar,ogBt4gWCiem,5,142,45.0,0.0
2020-04-01,Bulandshahar,ogBt4gWCiem,9,142,38.0,35.42282391076365
2020-04-01,Bulandshahar,ogBt4gWCiem,10,142,42.0,36.924396987320044
2020-04-01,Bulandshahar,ogBt4gWCiem,11,142,37.0,47.8580735373566
2020-04-01,Bulandshahar,ogBt4gWCiem,14,142,19.0,32.85642987855598
2020-04-01,Bulandshahar,ogBt4gWCiem,16,142,52.0,1.5873772523596146
2020-04-01,Bulandshahar,ogBt4gWCiem,17,142,14.0,83.33333333333334
2020-04-01,Bulandshahar,ogBt4gWCiem,18,142,42.0,12.950571424873486
2020-04-01,Bulandshahar,ogBt4gWCiem,28,142,1.0,0.0
2020-04-01,Bulandshahar,ogBt4gWCiem,30,142,1.0,0.0
2020-04-01,Bulandshahar,ogBt4gWCiem,32,142,59.0,20.376329345896888
2020-04-01,Bulandshahar,ogBt4gWCiem,35,142,1.0,0.0
2020-04-01,Hathras,m1IAjmqkoFC,1,144,1.0,100.0
2020-04-01,Hathras,m1IAjmqkoFC,2,144,1.0,0.0
2020-04-01,Hathras,m1IAjmqkoFC,5,144,24.0,7.5
2020-04-01,Hathras,m1IAjmqkoFC,9,144,29.0,38.19315545243619
2020-04-01,Hathras,m1IAjmqkoFC,10,144,45.0,34.7969837587007
2020-04-01,Hathras,m1IAjmqkoFC,11,144,38.0,47.746519721577734
2020-04-01,Hathras,m1IAjmqkoFC,14,144,4.0,85.97816960537365
2020-04-01,Hathras,m1IAjmqkoFC,16,144,51.0,1.62122969837587
2020-04-01,Hathras,m1IAjmqkoFC,17,144,1.0,100.0
2020-04-01,Hathras,m1IAjmqkoFC,18,144,34.0,14.90777218294242
2020-04-01,Hathras,m1IAjmqkoFC,28,144,1.0,0.0
2020-04-01,Hathras,m1IAjmqkoFC,30,144,1.0,0.0
2020-04-01,Hathras,m1IAjmqkoFC,32,144,36.0,30.43010530235637
2020-04-01,Hathras,m1IAjmqkoFC,35,144,1.0,0.0
2020-04-01,Gonda,y8WarEkWCul,1,183,1.0,100.0
2020-04-01,Gonda,y8WarEkWCul,2,183,1.0,0.0
2020-04-01,Gonda,y8WarEkWCul,5,183,16.0,10.810810810810812
2020-04-01,Gonda,y8WarEkWCul,6,183,10.0,51.35135135135135
2020-04-01,Gonda,y8WarEkWCul,9,183,28.0,38.437472224691135
2020-04-01,Gonda,y8WarEkWCul,10,183,19.0,49.79468491689629
2020-04-01,Gonda,y8WarEkWCul,11,183,21.0,60.627499777797524
2020-04-01,Gonda,y8WarEkWCul,14,183,3.0,88.397212543554
2020-04-01,Gonda,y8WarEkWCul,16,183,5.0,11.798062394453824
2020-04-01,Gonda,y8WarEkWCul,17,183,1.0,100.0
2020-04-01,Gonda,y8WarEkWCul,18,183,36.0,14.368983097891984
2020-04-01,Gonda,y8WarEkWCul,28,183,1.0,0.0
2020-04-01,Gonda,y8WarEkWCul,30,183,1.0,0.0
2020-04-01,Gonda,y8WarEkWCul,32,183,38.0,29.925563479256677
2020-04-01,Gonda,y8WarEkWCul,35,183,1.0,0.0
2020-04-01,Shamli,AdiUcz9BXhx,1,203,15.0,3.56969008599708
2020-04-01,Shamli,AdiUcz9BXhx,2,203,1.0,0.0
2020-04-01,Shamli,AdiUcz9BXhx,5,203,11.0,18.0
2020-04-01,Shamli,AdiUcz9BXhx,6,203,12.0,48.0
2020-04-01,Shamli,AdiUcz9BXhx,9,203,60.0,20.601178781925345
2020-04-01,Shamli,AdiUcz9BXhx,10,203,58.0,26.730844793713164
2020-04-01,Shamli,AdiUcz9BXhx,11,203,61.0,30.510805500982322
2020-04-01,Shamli,AdiUcz9BXhx,14,203,47.0,0.18963337547408346
2020-04-01,Shamli,AdiUcz9BXhx,16,203,61.0,0.8290766208251473
2020-04-01,Shamli,AdiUcz9BXhx,17,203,1.0,100.0
2020-04-01,Shamli,AdiUcz9BXhx,18,203,48.0,10.736196319018406
2020-04-01,Shamli,AdiUcz9BXhx,19,203,8.0,0.0
2020-04-01,Shamli,AdiUcz9BXhx,20,203,16.0,48.97053045186641
2020-04-01,Shamli,AdiUcz9BXhx,21,203,7.0,9.960707269155206
2020-04-01,Shamli,AdiUcz9BXhx,22,203,2.0,0.0
2020-04-01,Shamli,AdiUcz9BXhx,28,203,1.0,0.0
2020-04-01,Shamli,AdiUcz9BXhx,30,203,1.0,0.0
2020-04-01,Shamli,AdiUcz9BXhx,32,203,14.0,45.928695945566
2020-04-01,Shamli,AdiUcz9BXhx,35,203,1.0,0.0
2020-04-01,Meerut,v8YGmR7nOdj,1,138,1.0,100.0
2020-04-01,Meerut,v8YGmR7nOdj,2,138,1.0,0.0
2020-04-01,Meerut,v8YGmR7nOdj,5,138,45.0,0.0
2020-04-01,Meerut,v8YGmR7nOdj,9,138,39.0,35.30906306557149
2020-04-01,Meerut,v8YGmR7nOdj,10,138,38.0,38.38229152164835
2020-04-01,Meerut,v8YGmR7nOdj,11,138,46.0,43.27579005986357
2020-04-01,Meerut,v8YGmR7nOdj,14,138,38.0,5.6751467710371815
2020-04-01,Meerut,v8YGmR7nOdj,16,138,44.0,2.2135597939579563
2020-04-01,Meerut,v8YGmR7nOdj,17,138,1.0,100.0
2020-04-01,Meerut,v8YGmR7nOdj,18,138,20.0,20.48576168847064
2020-04-01,Meerut,v8YGmR7nOdj,28,138,1.0,0.0
2020-04-01,Meerut,v8YGmR7nOdj,30,138,1.0,0.0
2020-04-01,Meerut,v8YGmR7nOdj,32,138,67.0,12.954176926310732
2020-04-01,Meerut,v8YGmR7nOdj,35,138,1.0,0.0
2020-04-01,Auraiya,Bd6E8zkVvVt,1,162,8.0,37.62708013858125
2020-04-01,Auraiya,Bd6E8zkVvVt,2,162,1.0,0.0
2020-04-01,Auraiya,Bd6E8zkVvVt,5,162,35.0,2.5
2020-04-01,Auraiya,Bd6E8zkVvVt,9,162,1.0,74.86680139628879
2020-04-01,Auraiya,Bd6E8zkVvVt,10,162,1.0,81.71963990446443
2020-04-01,Auraiya,Bd6E8zkVvVt,11,162,2.0,91.32831159287159
2020-04-01,Auraiya,Bd6E8zkVvVt,14,162,50.0,0.0
2020-04-01,Auraiya,Bd6E8zkVvVt,16,162,47.0,2.0331924796374548
2020-04-01,Auraiya,Bd6E8zkVvVt,17,162,1.0,100.0
2020-04-01,Auraiya,Bd6E8zkVvVt,18,162,1.0,65.15011169835994
2020-04-01,Auraiya,Bd6E8zkVvVt,28,162,1.0,0.0
2020-04-01,Auraiya,Bd6E8zkVvVt,30,162,1.0,0.0
2020-04-01,Auraiya,Bd6E8zkVvVt,32,162,17.0,42.95525997581621
2020-04-01,Auraiya,Bd6E8zkVvVt,35,162,1.0,0.0
2020-04-01,Kannauj,IhQbDYRiF8w,1,160,1.0,100.0
2020-04-01,Kannauj,IhQbDYRiF8w,2,160,1.0,0.0
2020-04-01,Kannauj,IhQbDYRiF8w,5,160,14.0,13.043478260869565
2020-04-01,Kannauj,IhQbDYRiF8w,9,160,17.0,47.33761217091578
2020-04-01,Kannauj,IhQbDYRiF8w,10,160,30.0,42.1554644321626
2020-04-01,Kannauj,IhQbDYRiF8w,11,160,47.0,42.4318060260296
2020-04-01,Kannauj,IhQbDYRiF8w,14,160,25.0,20.79002079002079
2020-04-01,Kannauj,IhQbDYRiF8w,16,160,26.0,5.354489808046592
2020-04-01,Kannauj,IhQbDYRiF8w,17,160,1.0,100.0
2020-04-01,Kannauj,IhQbDYRiF8w,18,160,8.0,29.61528956256693
2020-04-01,Kannauj,IhQbDYRiF8w,19,160,8.0,0.0
2020-04-01,Kannauj,IhQbDYRiF8w,20,160,28.0,0.0
2020-04-01,Kannauj,IhQbDYRiF8w,21,160,28.0,0.0
2020-04-01,Kannauj,IhQbDYRiF8w,22,160,2.0,0.0
2020-04-01,Kannauj,IhQbDYRiF8w,28,160,1.0,0.0
2020-04-01,Kannauj,IhQbDYRiF8w,30,160,1.0,0.0
2020-04-01,Kannauj,IhQbDYRiF8w,32,160,18.0,42.363403362976186
2020-04-01,Kannauj,IhQbDYRiF8w,35,160,1.0,0.0
2020-04-01,Ambedkar Nagar,jM27ji8tyrM,1,178,1.0,100.0
2020-04-01,Ambedkar Nagar,jM27ji8tyrM,2,178,1.0,0.0
2020-04-01,Ambedkar Nagar,jM27ji8tyrM,5,178,45.0,0.0
2020-04-01,Ambedkar Nagar,jM27ji8tyrM,6,178,19.0,32.20338983050847
2020-04-01,Ambedkar Nagar,jM27ji8tyrM,9,178,45.0,32.16841034120902
2020-04-01,Ambedkar Nagar,jM27ji8tyrM,10,178,39.0,37.90822653989253
2020-04-01,Ambedkar Nagar,jM27ji8tyrM,11,178,55.0,35.462842242503264
2020-04-01,Ambedkar Nagar,jM27ji8tyrM,14,178,1.0,100.0
2020-04-01,Ambedkar Nagar,jM27ji8tyrM,16,178,55.0,1.3292205933793366
2020-04-01,Ambedkar Nagar,jM27ji8tyrM,17,178,1.0,100.0
2020-04-01,Ambedkar Nagar,jM27ji8tyrM,18,178,12.0,25.117577895355677
2020-04-01,Ambedkar Nagar,jM27ji8tyrM,19,178,8.0,0.0
2020-04-01,Ambedkar Nagar,jM27ji8tyrM,20,178,10.0,72.28352466053995
2020-04-01,Ambedkar Nagar,jM27ji8tyrM,21,178,17.0,3.373930740611187
2020-04-01,Ambedkar Nagar,jM27ji8tyrM,22,178,2.0,0.0
2020-04-01,Ambedkar Nagar,jM27ji8tyrM,28,178,1.0,0.0
2020-04-01,Ambedkar Nagar,jM27ji8tyrM,30,178,1.0,0.0
2020-04-01,Ambedkar Nagar,jM27ji8tyrM,32,178,46.0,27.2618715917685
2020-04-01,Ambedkar Nagar,jM27ji8tyrM,35,178,1.0,0.0
2020-04-01,Azamgarh,NjckKfm3g0k,1,191,1.0,100.0
2020-04-01,Azamgarh,NjckKfm3g0k,2,191,1.0,0.0
2020-04-01,Azamgarh,NjckKfm3g0k,5,191,4.0,77.14285714285717
2020-04-01,Azamgarh,NjckKfm3g0k,9,191,35.0,37.28758415296444
2020-04-01,Azamgarh,NjckKfm3g0k,10,191,27.0,44.107415471632
2020-04-01,Azamgarh,NjckKfm3g0k,11,191,11.0,72.25267162199364
2020-04-01,Azamgarh,NjckKfm3g0k,14,191,1.0,100.0
2020-04-01,Azamgarh,NjckKfm3g0k,16,191,70.0,0.2327502064719573
2020-04-01,Azamgarh,NjckKfm3g0k,17,191,,
2020-04-01,Azamgarh,NjckKfm3g0k,18,191,39.0,13.731157343964119
2020-04-01,Azamgarh,NjckKfm3g0k,28,191,1.0,0.0
2020-04-01,Azamgarh,NjckKfm3g0k,30,191,1.0,0.0
2020-04-01,Azamgarh,NjckKfm3g0k,32,191,68.0,12.945897235352128
2020-04-01,Azamgarh,NjckKfm3g0k,35,191,1.0,0.0
2020-04-01,Bahraich,iE0E3nLioFr,1,180,1.0,100.0
2020-04-01,Bahraich,iE0E3nLioFr,2,180,1.0,0.0
2020-04-01,Bahraich,iE0E3nLioFr,5,180,5.0,63.829787234042556
2020-04-01,Bahraich,iE0E3nLioFr,6,180,28.0,0.0
2020-04-01,Bahraich,iE0E3nLioFr,9,180,52.0,28.47084641409369
2020-04-01,Bahraich,iE0E3nLioFr,10,180,62.0,23.54333668607191
2020-04-01,Bahraich,iE0E3nLioFr,11,180,58.0,34.78212279151046
2020-04-01,Bahraich,iE0E3nLioFr,14,180,1.0,100.0
2020-04-01,Bahraich,iE0E3nLioFr,16,180,34.0,4.139108171538297
2020-04-01,Bahraich,iE0E3nLioFr,17,180,21.0,53.54838709677421
2020-04-01,Bahraich,iE0E3nLioFr,18,180,32.0,15.5200577419845
2020-04-01,Bahraich,iE0E3nLioFr,28,180,1.0,0.0
2020-04-01,Bahraich,iE0E3nLioFr,30,180,1.0,0.0
2020-04-01,Bahraich,iE0E3nLioFr,32,180,24.0,37.29422909099046
2020-04-01,Bahraich,iE0E3nLioFr,35,180,1.0,0.0
2020-04-01,Kanpur Nagar,QVMRMhzVrrS,1,164,1.0,100.0
2020-04-01,Kanpur Nagar,QVMRMhzVrrS,2,164,1.0,0.0
2020-04-01,Kanpur Nagar,QVMRMhzVrrS,5,164,45.0,0.0
2020-04-01,Kanpur Nagar,QVMRMhzVrrS,9,164,61.0,20.593902599973603
2020-04-01,Kanpur Nagar,QVMRMhzVrrS,10,164,56.0,29.996040649333512
2020-04-01,Kanpur Nagar,QVMRMhzVrrS,11,164,26.0,56.457700937046326
2020-04-01,Kanpur Nagar,QVMRMhzVrrS,14,164,1.0,100.0
2020-04-01,Kanpur Nagar,QVMRMhzVrrS,16,164,15.0,8.282961594298536
2020-04-01,Kanpur Nagar,QVMRMhzVrrS,17,164,5.0,98.38709677419355
2020-04-01,Kanpur Nagar,QVMRMhzVrrS,18,164,24.0,17.989614243323444
2020-04-01,Kanpur Nagar,QVMRMhzVrrS,28,164,1.0,0.0
2020-04-01,Kanpur Nagar,QVMRMhzVrrS,30,164,1.0,0.0
2020-04-01,Kanpur Nagar,QVMRMhzVrrS,32,164,64.0,14.87931495852288
2020-04-01,Kanpur Nagar,QVMRMhzVrrS,35,164,1.0,0.0
2020-04-01,Fatehpur,ibLiLcaKzw2,1,172,1.0,100.0
2020-04-01,Fatehpur,ibLiLcaKzw2,2,172,1.0,0.0
2020-04-01,Fatehpur,ibLiLcaKzw2,5,172,45.0,0.0
2020-04-01,Fatehpur,ibLiLcaKzw2,9,172,30.0,37.97505153549342
2020-04-01,Fatehpur,ibLiLcaKzw2,10,172,21.0,47.55008192822031
2020-04-01,Fatehpur,ibLiLcaKzw2,11,172,31.0,51.09149532216289
2020-04-01,Fatehpur,ibLiLcaKzw2,14,172,18.0,34.39588688946015
2020-04-01,Fatehpur,ibLiLcaKzw2,16,172,20.0,6.607114540937682
2020-04-01,Fatehpur,ibLiLcaKzw2,17,172,1.0,100.0
2020-04-01,Fatehpur,ibLiLcaKzw2,18,172,44.0,12.696038331190836
2020-04-01,Fatehpur,ibLiLcaKzw2,28,172,1.0,0.0
2020-04-01,Fatehpur,ibLiLcaKzw2,30,172,1.0,0.0
2020-04-01,Fatehpur,ibLiLcaKzw2,32,172,47.0,25.39932759510623
2020-04-01,Fatehpur,ibLiLcaKzw2,35,172,1.0,0.0
2020-04-01,Etawah,Pm0jLk6EAiE,1,161,1.0,100.0
2020-04-01,Etawah,Pm0jLk6EAiE,2,161,1.0,0.0
2020-04-01,Etawah,Pm0jLk6EAiE,5,161,3.0,80.4878048780488
2020-04-01,Etawah,Pm0jLk6EAiE,6,161,11.0,51.219512195121965
2020-04-01,Etawah,Pm0jLk6EAiE,9,161,14.0,50.6939649219721
2020-04-01,Etawah,Pm0jLk6EAiE,10,161,2.0,80.59660267918795
2020-04-01,Etawah,Pm0jLk6EAiE,11,161,12.0,71.89959950283111
2020-04-01,Etawah,Pm0jLk6EAiE,14,161,1.0,100.0
2020-04-01,Etawah,Pm0jLk6EAiE,16,161,58.0,1.0357685402568706
2020-04-01,Etawah,Pm0jLk6EAiE,17,161,1.0,100.0
2020-04-01,Etawah,Pm0jLk6EAiE,18,161,33.0,15.478458504629169
2020-04-01,Etawah,Pm0jLk6EAiE,19,161,8.0,0.0
2020-04-01,Etawah,Pm0jLk6EAiE,20,161,8.0,75.33489849468306
2020-04-01,Etawah,Pm0jLk6EAiE,21,161,6.0,10.185057312525897
2020-04-01,Etawah,Pm0jLk6EAiE,22,161,2.0,0.0
2020-04-01,Etawah,Pm0jLk6EAiE,28,161,1.0,0.0
2020-04-01,Etawah,Pm0jLk6EAiE,30,161,1.0,0.0
2020-04-01,Etawah,Pm0jLk6EAiE,32,161,11.0,52.61609769141635
2020-04-01,Etawah,Pm0jLk6EAiE,35,161,1.0,0.0
2020-04-01,Chitrakoot,i2fSZZ3QAJJ,1,171,1.0,100.0
2020-04-01,Chitrakoot,i2fSZZ3QAJJ,2,171,1.0,0.0
2020-04-01,Chitrakoot,i2fSZZ3QAJJ,5,171,45.0,0.0
2020-04-01,Chitrakoot,i2fSZZ3QAJJ,6,171,28.0,0.0
2020-04-01,Chitrakoot,i2fSZZ3QAJJ,9,171,23.0,40.58733072076989
2020-04-01,Chitrakoot,i2fSZZ3QAJJ,10,171,28.0,43.13209980653802
2020-04-01,Chitrakoot,i2fSZZ3QAJJ,11,171,1.0,95.73391537278636
2020-04-01,Chitrakoot,i2fSZZ3QAJJ,14,171,28.0,17.18339464004204
2020-04-01,Chitrakoot,i2fSZZ3QAJJ,16,171,36.0,3.6509747507316814
2020-04-01,Chitrakoot,i2fSZZ3QAJJ,17,171,1.0,100.0
2020-04-01,Chitrakoot,i2fSZZ3QAJJ,18,171,21.0,20.130718954248366
2020-04-01,Chitrakoot,i2fSZZ3QAJJ,19,171,8.0,0.0
2020-04-01,Chitrakoot,i2fSZZ3QAJJ,20,171,6.0,80.7232501612183
2020-04-01,Chitrakoot,i2fSZZ3QAJJ,21,171,3.0,18.6864427798998
2020-04-01,Chitrakoot,i2fSZZ3QAJJ,22,171,2.0,0.0
2020-04-01,Chitrakoot,i2fSZZ3QAJJ,28,171,1.0,0.0
2020-04-01,Chitrakoot,i2fSZZ3QAJJ,30,171,1.0,0.0
2020-04-01,Chitrakoot,i2fSZZ3QAJJ,32,171,15.0,44.20633353084469
2020-04-01,Chitrakoot,i2fSZZ3QAJJ,35,171,1.0,0.0
2020-04-01,Jhansi,Mq751wBMqGF,1,166,1.0,100.0
2020-04-01,Jhansi,Mq751wBMqGF,2,166,1.0,0.0
2020-04-01,Jhansi,Mq751wBMqGF,5,166,18.0,10.144927536231883
2020-04-01,Jhansi,Mq751wBMqGF,6,166,4.0,75.36231884057972
2020-04-01,Jhansi,Mq751wBMqGF,9,166,46.0,31.961302945758906
2020-04-01,Jhansi,Mq751wBMqGF,10,166,57.0,29.77281785571941
2020-04-01,Jhansi,Mq751wBMqGF,11,166,43.0,44.35667958984021
2020-04-01,Jhansi,Mq751wBMqGF,14,166,1.0,100.0
2020-04-01,Jhansi,Mq751wBMqGF,16,166,43.0,2.250081524692924
2020-04-01,Jhansi,Mq751wBMqGF,17,166,1.0,100.0
2020-04-01,Jhansi,Mq751wBMqGF,18,166,47.0,11.007449935069372
2020-04-01,Jhansi,Mq751wBMqGF,19,166,5.0,0.15479876160990713
2020-04-01,Jhansi,Mq751wBMqGF,20,166,13.0,59.09272075075185
2020-04-01,Jhansi,Mq751wBMqGF,21,166,2.0,20.28696691909127
2020-04-01,Jhansi,Mq751wBMqGF,22,166,2.0,0.0
2020-04-01,Jhansi,Mq751wBMqGF,28,166,1.0,0.0
2020-04-01,Jhansi,Mq751wBMqGF,30,166,1.0,0.0
2020-04-01,Jhansi,Mq751wBMqGF,32,166,29.0,33.30161951879573
2020-04-01,Jhansi,Mq751wBMqGF,35,166,1.0,0.0
2020-04-01,Amethi,StsLkYw1G0m,1,206,1.0,100.0
2020-04-01,Amethi,StsLkYw1G0m,2,206,1.0,0.0
2020-04-01,Amethi,StsLkYw1G0m,5,206,32.0,3.260869565217391
2020-04-01,Amethi,StsLkYw1G0m,6,206,1.0,100.0
2020-04-01,Amethi,StsLkYw1G0m,9,206,55.0,25.037790298199806
2020-04-01,Amethi,StsLkYw1G0m,10,206,36.0,39.033942558746745
2020-04-01,Amethi,StsLkYw1G0m,11,206,56.0,35.20338051394805
2020-04-01,Amethi,StsLkYw1G0m,14,206,45.0,0.4004004004004004
2020-04-01,Amethi,StsLkYw1G0m,16,206,72.0,0.13398378452659065
2020-04-01,Amethi,StsLkYw1G0m,17,206,1.0,100.0
2020-04-01,Amethi,StsLkYw1G0m,18,206,22.0,19.966454209996645
2020-04-01,Amethi,StsLkYw1G0m,19,206,8.0,0.0
2020-04-01,Amethi,StsLkYw1G0m,20,206,1.0,96.54390545554486
2020-04-01,Amethi,StsLkYw1G0m,21,206,22.0,1.8723375017177408
2020-04-01,Amethi,StsLkYw1G0m,22,206,2.0,0.0
2020-04-01,Amethi,StsLkYw1G0m,28,206,1.0,0.0
2020-04-01,Amethi,StsLkYw1G0m,30,206,1.0,0.0
2020-04-01,Amethi,StsLkYw1G0m,32,206,33.0,31.752462233745646
2020-04-01,Amethi,StsLkYw1G0m,35,206,1.0,0.0
2020-04-01,Maharajganj,AcnMkNGgc3S,1,187,1.0,100.0
2020-04-01,Maharajganj,AcnMkNGgc3S,2,187,1.0,0.0
2020-04-01,Maharajganj,AcnMkNGgc3S,5,187,45.0,0.0
2020-04-01,Maharajganj,AcnMkNGgc3S,9,187,11.0,51.79331186130661
2020-04-01,Maharajganj,AcnMkNGgc3S,10,187,17.0,54.90675573581454
2020-04-01,Maharajganj,AcnMkNGgc3S,11,187,34.0,48.34585868225377
2020-04-01,Maharajganj,AcnMkNGgc3S,14,187,17.0,36.284584980237156
2020-04-01,Maharajganj,AcnMkNGgc3S,16,187,31.0,5.077736689331584
2020-04-01,Maharajganj,AcnMkNGgc3S,17,187,1.0,100.0
2020-04-01,Maharajganj,AcnMkNGgc3S,18,187,13.0,24.07044312145735
2020-04-01,Maharajganj,AcnMkNGgc3S,28,187,1.0,0.0
2020-04-01,Maharajganj,AcnMkNGgc3S,30,187,1.0,0.0
2020-04-01,Maharajganj,AcnMkNGgc3S,32,187,8.0,55.39164459134325
2020-04-01,Maharajganj,AcnMkNGgc3S,35,187,1.0,0.0
2020-04-01,Bareilly,vVqY3DPcpHf,1,150,1.0,100.0
2020-04-01,Bareilly,vVqY3DPcpHf,2,150,1.0,0.0
2020-04-01,Bareilly,vVqY3DPcpHf,5,150,17.0,10.416666666666668
2020-04-01,Bareilly,vVqY3DPcpHf,6,150,5.0,68.75
2020-04-01,Bareilly,vVqY3DPcpHf,9,150,2.0,63.69124622682191
2020-04-01,Bareilly,vVqY3DPcpHf,10,150,15.0,55.9089871394871
2020-04-01,Bareilly,vVqY3DPcpHf,11,150,16.0,63.89163686173046
2020-04-01,Bareilly,vVqY3DPcpHf,14,150,10.0,52.48945147679325
2020-04-01,Bareilly,vVqY3DPcpHf,16,150,8.0,10.823630875377317
2020-04-01,Bareilly,vVqY3DPcpHf,17,150,1.0,100.0
2020-04-01,Bareilly,vVqY3DPcpHf,18,150,17.0,22.543564883673955
2020-04-01,Bareilly,vVqY3DPcpHf,28,150,1.0,0.0
2020-04-01,Bareilly,vVqY3DPcpHf,30,150,1.0,0.0
2020-04-01,Bareilly,vVqY3DPcpHf,32,150,48.0,24.92592770544051
2020-04-01,Bareilly,vVqY3DPcpHf,35,150,1.0,0.0
2020-04-01,Shahjahanpur,GaiLSoQq1ue,1,152,6.0,40.43005935715086
2020-04-01,Shahjahanpur,GaiLSoQq1ue,2,152,1.0,0.0
2020-04-01,Shahjahanpur,GaiLSoQq1ue,5,152,28.0,5.882352941176469
2020-04-01,Shahjahanpur,GaiLSoQq1ue,9,152,9.0,52.03379981598954
2020-04-01,Shahjahanpur,GaiLSoQq1ue,10,152,5.0,66.11302116120285
2020-04-01,Shahjahanpur,GaiLSoQq1ue,11,152,14.0,70.53411457072298
2020-04-01,Shahjahanpur,GaiLSoQq1ue,14,152,48.0,0.13137151865475566
2020-04-01,Shahjahanpur,GaiLSoQq1ue,16,152,9.0,9.98256743014866
2020-04-01,Shahjahanpur,GaiLSoQq1ue,17,152,1.0,100.0
2020-04-01,Shahjahanpur,GaiLSoQq1ue,18,152,11.0,25.730767991234003
2020-04-01,Shahjahanpur,GaiLSoQq1ue,28,152,1.0,0.0
2020-04-01,Shahjahanpur,GaiLSoQq1ue,30,152,1.0,0.0
2020-04-01,Shahjahanpur,GaiLSoQq1ue,32,152,28.0,34.3425985005583
2020-04-01,Shahjahanpur,GaiLSoQq1ue,35,152,1.0,0.0
2020-04-01,Kushinagar,xUeHwd9FQkg,1,189,12.0,23.377940506579343
2020-04-01,Kushinagar,xUeHwd9FQkg,2,189,1.0,0.0
2020-04-01,Kushinagar,xUeHwd9FQkg,5,189,45.0,0.0
2020-04-01,Kushinagar,xUeHwd9FQkg,6,189,9.0,54.38596491228071
2020-04-01,Kushinagar,xUeHwd9FQkg,9,189,65.0,18.23662784705761
2020-04-01,Kushinagar,xUeHwd9FQkg,10,189,66.0,21.43495138960459
2020-04-01,Kushinagar,xUeHwd9FQkg,11,189,71.0,19.456181936858016
2020-04-01,Kushinagar,xUeHwd9FQkg,14,189,50.0,0.0
2020-04-01,Kushinagar,xUeHwd9FQkg,16,189,73.0,0.1150846817135594
2020-04-01,Kushinagar,xUeHwd9FQkg,17,189,1.0,100.0
2020-04-01,Kushinagar,xUeHwd9FQkg,18,189,51.0,9.937857402571645
2020-04-01,Kushinagar,xUeHwd9FQkg,28,189,1.0,0.0
2020-04-01,Kushinagar,xUeHwd9FQkg,30,189,1.0,0.0
2020-04-01,Kushinagar,xUeHwd9FQkg,32,189,71.0,7.165640268954487
2020-04-01,Kushinagar,xUeHwd9FQkg,35,189,1.0,0.0
2020-04-01,Hardoi,MTIkUw5q5pX,1,155,7.0,37.92686566714201
2020-04-01,Hardoi,MTIkUw5q5pX,2,155,1.0,0.0
2020-04-01,Hardoi,MTIkUw5q5pX,5,155,31.0,3.5087719298245608
2020-04-01,Hardoi,MTIkUw5q5pX,6,155,21.0,21.052631578947366
2020-04-01,Hardoi,MTIkUw5q5pX,9,155,12.0,51.15216119185817
2020-04-01,Hardoi,MTIkUw5q5pX,10,155,13.0,56.24634265922282
2020-04-01,Hardoi,MTIkUw5q5pX,11,155,4.0,79.23579370225687
2020-04-01,Hardoi,MTIkUw5q5pX,14,155,37.0,6.119402985074627
2020-04-01,Hardoi,MTIkUw5q5pX,16,155,4.0,12.149488367679384
2020-04-01,Hardoi,MTIkUw5q5pX,17,155,23.0,19.161676646706592
2020-04-01,Hardoi,MTIkUw5q5pX,18,155,35.0,14.773691301961176
2020-04-01,Hardoi,MTIkUw5q5pX,28,155,1.0,0.0
2020-04-01,Hardoi,MTIkUw5q5pX,30,155,1.0,0.0
2020-04-01,Hardoi,MTIkUw5q5pX,32,155,32.0,32.480648528474795
2020-04-01,Hardoi,MTIkUw5q5pX,35,155,1.0,0.0
2020-04-01,Ayodhya,b4XkXzoGqFY,1,177,1.0,100.0
2020-04-01,Ayodhya,b4XkXzoGqFY,2,177,1.0,0.0
2020-04-01,Ayodhya,b4XkXzoGqFY,5,177,39.0,1.8867924528301887
2020-04-01,Ayodhya,b4XkXzoGqFY,9,177,44.0,32.95632157776578
2020-04-01,Ayodhya,b4XkXzoGqFY,10,177,29.0,42.88556082866805
2020-04-01,Ayodhya,b4XkXzoGqFY,11,177,27.0,56.000454687544405
2020-04-01,Ayodhya,b4XkXzoGqFY,14,177,1.0,100.0
2020-04-01,Ayodhya,b4XkXzoGqFY,16,177,21.0,6.43098695615107
2020-04-01,Ayodhya,b4XkXzoGqFY,17,177,1.0,100.0
2020-04-01,Ayodhya,b4XkXzoGqFY,18,177,9.0,28.07529751974197
2020-04-01,Ayodhya,b4XkXzoGqFY,28,177,1.0,0.0
2020-04-01,Ayodhya,b4XkXzoGqFY,30,177,1.0,0.0
2020-04-01,Ayodhya,b4XkXzoGqFY,32,177,4.0,60.43879390900357
2020-04-01,Ayodhya,b4XkXzoGqFY,35,177,1.0,0.0
2020-04-01,Gorakhpur,vR85cHdsw1w,1,188,1.0,100.0
2020-04-01,Gorakhpur,vR85cHdsw1w,2,188,1.0,0.0
2020-04-01,Gorakhpur,vR85cHdsw1w,5,188,45.0,0.0
2020-04-01,Gorakhpur,vR85cHdsw1w,9,188,37.0,36.26560514315617
2020-04-01,Gorakhpur,vR85cHdsw1w,10,188,26.0,45.02130522538686
2020-04-01,Gorakhpur,vR85cHdsw1w,11,188,42.0,45.21193092621665
2020-04-01,Gorakhpur,vR85cHdsw1w,14,188,1.0,100.0
2020-04-01,Gorakhpur,vR85cHdsw1w,16,188,62.0,0.7419451297002317
2020-04-01,Gorakhpur,vR85cHdsw1w,17,188,20.0,65.38461538461539
2020-04-01,Gorakhpur,vR85cHdsw1w,18,188,19.0,21.35454192761736
2020-04-01,Gorakhpur,vR85cHdsw1w,28,188,1.0,0.0
2020-04-01,Gorakhpur,vR85cHdsw1w,30,188,1.0,0.0
2020-04-01,Gorakhpur,vR85cHdsw1w,32,188,41.0,28.96033345337246
2020-04-01,Gorakhpur,vR85cHdsw1w,35,188,1.0,0.0
2020-04-01,Hapur,CZ8kLjgqvSH,1,204,1.0,100.0
2020-04-01,Hapur,CZ8kLjgqvSH,2,204,1.0,0.0
2020-04-01,Hapur,CZ8kLjgqvSH,5,204,45.0,0.0
2020-04-01,Hapur,CZ8kLjgqvSH,6,204,14.0,46.153846153846146
2020-04-01,Hapur,CZ8kLjgqvSH,9,204,67.0,17.761502347417842
2020-04-01,Hapur,CZ8kLjgqvSH,10,204,70.0,17.656338028169014
2020-04-01,Hapur,CZ8kLjgqvSH,11,204,68.0,24.30422535211268
2020-04-01,Hapur,CZ8kLjgqvSH,14,204,44.0,1.4434643143544506
2020-04-01,Hapur,CZ8kLjgqvSH,16,204,71.0,0.2140845070422535
2020-04-01,Hapur,CZ8kLjgqvSH,17,204,,
2020-04-01,Hapur,CZ8kLjgqvSH,18,204,59.0,7.489562534035215
2020-04-01,Hapur,CZ8kLjgqvSH,19,204,8.0,0.0
2020-04-01,Hapur,CZ8kLjgqvSH,20,204,25.0,19.95868544600939
2020-04-01,Hapur,CZ8kLjgqvSH,21,204,18.0,3.0347417840375583
2020-04-01,Hapur,CZ8kLjgqvSH,22,204,2.0,0.0
2020-04-01,Hapur,CZ8kLjgqvSH,28,204,1.0,0.0
2020-04-01,Hapur,CZ8kLjgqvSH,30,204,1.0,0.0
2020-04-01,Hapur,CZ8kLjgqvSH,32,204,58.0,20.43774529869253
2020-04-01,Hapur,CZ8kLjgqvSH,35,204,1.0,0.0
2020-04-01,Prayagraj,tXgaew1Pd2Y,1,175,1.0,100.0
2020-04-01,Prayagraj,tXgaew1Pd2Y,2,175,1.0,0.0
2020-04-01,Prayagraj,tXgaew1Pd2Y,5,175,26.0,6.629834254143647
2020-04-01,Prayagraj,tXgaew1Pd2Y,6,175,28.0,0.0
2020-04-01,Prayagraj,tXgaew1Pd2Y,9,175,64.0,19.305529552988336
2020-04-01,Prayagraj,tXgaew1Pd2Y,10,175,64.0,22.632512141669327
2020-04-01,Prayagraj,tXgaew1Pd2Y,11,175,67.0,25.796504520775727
2020-04-01,Prayagraj,tXgaew1Pd2Y,14,175,1.0,100.0
2020-04-01,Prayagraj,tXgaew1Pd2Y,16,175,35.0,4.1210092177571225
2020-04-01,Prayagraj,tXgaew1Pd2Y,17,175,2.0,99.95002498750624
2020-04-01,Prayagraj,tXgaew1Pd2Y,18,175,60.0,7.290959419230168
2020-04-01,Prayagraj,tXgaew1Pd2Y,28,175,1.0,0.0
2020-04-01,Prayagraj,tXgaew1Pd2Y,30,175,1.0,0.0
2020-04-01,Prayagraj,tXgaew1Pd2Y,32,175,55.0,22.989880404783808
2020-04-01,Prayagraj,tXgaew1Pd2Y,35,175,1.0,0.0
2020-04-01,Chandauli,ClbehnmwSec,1,196,1.0,100.0
2020-04-01,Chandauli,ClbehnmwSec,2,196,1.0,0.0
2020-04-01,Chandauli,ClbehnmwSec,5,196,45.0,0.0
2020-04-01,Chandauli,ClbehnmwSec,9,196,42.0,33.77734781961602
2020-04-01,Chandauli,ClbehnmwSec,10,196,43.0,36.63863670189016
2020-04-01,Chandauli,ClbehnmwSec,11,196,57.0,34.81544872748921
2020-04-01,Chandauli,ClbehnmwSec,14,196,1.0,100.0
2020-04-01,Chandauli,ClbehnmwSec,16,196,53.0,1.4511087959517786
2020-04-01,Chandauli,ClbehnmwSec,17,196,1.0,100.0
2020-04-01,Chandauli,ClbehnmwSec,18,196,70.0,4.326835155992832
2020-04-01,Chandauli,ClbehnmwSec,28,196,1.0,0.0
2020-04-01,Chandauli,ClbehnmwSec,30,196,1.0,0.0
2020-04-01,Chandauli,ClbehnmwSec,32,196,51.0,24.366080698235056
2020-04-01,Chandauli,ClbehnmwSec,35,196,1.0,0.0
2020-04-01,Lucknow,MfHac5N78aK,1,157,1.0,100.0
2020-04-01,Lucknow,MfHac5N78aK,2,157,1.0,0.0
2020-04-01,Lucknow,MfHac5N78aK,5,157,2.0,83.52941176470588
2020-04-01,Lucknow,MfHac5N78aK,9,157,54.0,27.87548999381061
2020-04-01,Lucknow,MfHac5N78aK,10,157,54.0,31.700020631318345
2020-04-01,Lucknow,MfHac5N78aK,11,157,30.0,51.678873530018556
2020-04-01,Lucknow,MfHac5N78aK,14,157,1.0,100.0
2020-04-01,Lucknow,MfHac5N78aK,16,157,3.0,12.154425417784195
2020-04-01,Lucknow,MfHac5N78aK,17,157,6.0,97.67441860465117
2020-04-01,Lucknow,MfHac5N78aK,18,157,75.0,0.9150501672240804
2020-04-01,Lucknow,MfHac5N78aK,28,157,1.0,0.0
2020-04-01,Lucknow,MfHac5N78aK,30,157,1.0,0.0
2020-04-01,Lucknow,MfHac5N78aK,32,157,3.0,63.58442140427351
2020-04-01,Lucknow,MfHac5N78aK,35,157,1.0,0.0
2020-04-01,Sultanpur,o4ZQTVcMI7U,1,179,1.0,100.0
2020-04-01,Sultanpur,o4ZQTVcMI7U,2,179,1.0,0.0
2020-04-01,Sultanpur,o4ZQTVcMI7U,5,179,45.0,0.0
2020-04-01,Sultanpur,o4ZQTVcMI7U,9,179,57.0,23.439466248783148
2020-04-01,Sultanpur,o4ZQTVcMI7U,10,179,55.0,30.481753211292357
2020-04-01,Sultanpur,o4ZQTVcMI7U,11,179,36.0,48.15395208585607
2020-04-01,Sultanpur,o4ZQTVcMI7U,14,179,1.0,100.0
2020-04-01,Sultanpur,o4ZQTVcMI7U,16,179,2.0,16.701094569888646
2020-04-01,Sultanpur,o4ZQTVcMI7U,17,179,1.0,100.0
2020-04-01,Sultanpur,o4ZQTVcMI7U,18,179,40.0,13.669304060636305
2020-04-01,Sultanpur,o4ZQTVcMI7U,19,179,8.0,0.0
2020-04-01,Sultanpur,o4ZQTVcMI7U,20,179,28.0,0.0
2020-04-01,Sultanpur,o4ZQTVcMI7U,21,179,28.0,0.0
2020-04-01,Sultanpur,o4ZQTVcMI7U,22,179,2.0,0.0
2020-04-01,Sultanpur,o4ZQTVcMI7U,28,179,1.0,0.0
2020-04-01,Sultanpur,o4ZQTVcMI7U,30,179,1.0,0.0
2020-04-01,Sultanpur,o4ZQTVcMI7U,32,179,52.0,23.94986660048396
2020-04-01,Sultanpur,o4ZQTVcMI7U,35,179,1.0,0.0
2020-04-01,Budaun,eA37kyBRRuZ,1,149,11.0,29.208356969572613
2020-04-01,Budaun,eA37kyBRRuZ,2,149,1.0,0.0
2020-04-01,Budaun,eA37kyBRRuZ,5,149,15.0,12.345679012345679
2020-04-01,Budaun,eA37kyBRRuZ,9,149,8.0,52.263143098116394
2020-04-01,Budaun,eA37kyBRRuZ,10,149,11.0,57.955205697685315
2020-04-01,Budaun,eA37kyBRRuZ,11,149,24.0,58.208227907412606
2020-04-01,Budaun,eA37kyBRRuZ,14,149,24.0,21.207243460764587
2020-04-01,Budaun,eA37kyBRRuZ,16,149,16.0,7.7499765720176175
2020-04-01,Budaun,eA37kyBRRuZ,17,149,1.0,100.0
2020-04-01,Budaun,eA37kyBRRuZ,18,149,28.0,16.81860411102079
2020-04-01,Budaun,eA37kyBRRuZ,28,149,1.0,0.0
2020-04-01,Budaun,eA37kyBRRuZ,30,149,1.0,0.0
2020-04-01,Budaun,eA37kyBRRuZ,32,149,19.0,42.01193321411261
2020-04-01,Budaun,eA37kyBRRuZ,35,149,1.0,0.0
2020-04-01,Kaushambi,PAj0oVY0Dxu,1,174,1.0,100.0
2020-04-01,Kaushambi,PAj0oVY0Dxu,2,174,1.0,0.0
2020-04-01,Kaushambi,PAj0oVY0Dxu,5,174,39.0,1.8867924528301887
2020-04-01,Kaushambi,PAj0oVY0Dxu,6,174,26.0,11.320754716981131
2020-04-01,Kaushambi,PAj0oVY0Dxu,9,174,34.0,37.42797351145257
2020-04-01,Kaushambi,PAj0oVY0Dxu,10,174,22.0,47.280910472149756
2020-04-01,Kaushambi,PAj0oVY0Dxu,11,174,44.0,44.20491356821374
2020-04-01,Kaushambi,PAj0oVY0Dxu,14,174,11.0,51.7566409597258
2020-04-01,Kaushambi,PAj0oVY0Dxu,16,174,11.0,9.053120431155577
2020-04-01,Kaushambi,PAj0oVY0Dxu,17,174,11.0,90.21739130434784
2020-04-01,Kaushambi,PAj0oVY0Dxu,18,174,16.0,22.693071522474888
2020-04-01,Kaushambi,PAj0oVY0Dxu,19,174,8.0,0.0
2020-04-01,Kaushambi,PAj0oVY0Dxu,20,174,18.0,38.75813433477625
2020-04-01,Kaushambi,PAj0oVY0Dxu,21,174,27.0,0.8686179514376631
2020-04-01,Kaushambi,PAj0oVY0Dxu,22,174,2.0,0.0
2020-04-01,Kaushambi,PAj0oVY0Dxu,28,174,1.0,0.0
2020-04-01,Kaushambi,PAj0oVY0Dxu,30,174,1.0,0.0
2020-04-01,Kaushambi,PAj0oVY0Dxu,32,174,57.0,21.094268196010553
2020-04-01,Kaushambi,PAj0oVY0Dxu,35,174,1.0,0.0
2020-04-01,Banda,DggJGxqbWHn,1,170,18.0,0.0
2020-04-01,Banda,DggJGxqbWHn,2,170,1.0,0.0
2020-04-01,Banda,DggJGxqbWHn,5,170,45.0,0.0
2020-04-01,Banda,DggJGxqbWHn,6,170,22.0,20.73170731707317
2020-04-01,Banda,DggJGxqbWHn,9,170,41.0,34.241780596523775
2020-04-01,Banda,DggJGxqbWHn,10,170,47.0,34.10416728991534
2020-04-01,Banda,DggJGxqbWHn,11,170,6.0,77.24593891165823
2020-04-01,Banda,DggJGxqbWHn,14,170,36.0,6.4424818840579725
2020-04-01,Banda,DggJGxqbWHn,16,170,23.0,5.860531905345978
2020-04-01,Banda,DggJGxqbWHn,17,170,1.0,100.0
2020-04-01,Banda,DggJGxqbWHn,18,170,53.0,9.48741523962763
2020-04-01,Banda,DggJGxqbWHn,19,170,8.0,0.0
2020-04-01,Banda,DggJGxqbWHn,20,170,4.0,90.02901845813265
2020-04-01,Banda,DggJGxqbWHn,21,170,12.0,6.02506955455171
2020-04-01,Banda,DggJGxqbWHn,22,170,2.0,0.0
2020-04-01,Banda,DggJGxqbWHn,28,170,1.0,0.0
2020-04-01,Banda,DggJGxqbWHn,30,170,1.0,0.0
2020-04-01,Banda,DggJGxqbWHn,32,170,1.0,100.0
2020-04-01,Banda,DggJGxqbWHn,35,170,1.0,0.0
2020-04-01,Sonbhadra,NNk3JP90QZ5,1,200,1.0,100.0
2020-04-01,Sonbhadra,NNk3JP90QZ5,2,200,1.0,0.0
2020-04-01,Sonbhadra,NNk3JP90QZ5,5,200,45.0,0.0
2020-04-01,Sonbhadra,NNk3JP90QZ5,6,200,3.0,84.05797101449275
2020-04-01,Sonbhadra,NNk3JP90QZ5,9,200,48.0,30.143478543140944
2020-04-01,Sonbhadra,NNk3JP90QZ5,10,200,48.0,33.951178341881445
2020-04-01,Sonbhadra,NNk3JP90QZ5,11,200,63.0,29.221580211647076
2020-04-01,Sonbhadra,NNk3JP90QZ5,14,200,27.0,17.322834645669293
2020-04-01,Sonbhadra,NNk3JP90QZ5,16,200,17.0,7.044082321625657
2020-04-01,Sonbhadra,NNk3JP90QZ5,17,200,1.0,100.0
2020-04-01,Sonbhadra,NNk3JP90QZ5,18,200,26.0,17.865052794231264
2020-04-01,Sonbhadra,NNk3JP90QZ5,19,200,6.0,0.09803921568627452
2020-04-01,Sonbhadra,NNk3JP90QZ5,20,200,2.0,90.69661754203726
2020-04-01,Sonbhadra,NNk3JP90QZ5,21,200,20.0,1.9736414984094008
2020-04-01,Sonbhadra,NNk3JP90QZ5,22,200,2.0,0.0
2020-04-01,Sonbhadra,NNk3JP90QZ5,28,200,1.0,0.0
2020-04-01,Sonbhadra,NNk3JP90QZ5,30,200,1.0,0.0
2020-04-01,Sonbhadra,NNk3JP90QZ5,32,200,56.0,21.954730042322783
2020-04-01,Sonbhadra,NNk3JP90QZ5,35,200,1.0,0.0
2020-04-01,Saharanpur,FKYZ3JbWq84,1,132,1.0,100.0
2020-04-01,Saharanpur,FKYZ3JbWq84,2,132,1.0,0.0
2020-04-01,Saharanpur,FKYZ3JbWq84,5,132,43.0,1.0752688172043012
2020-04-01,Saharanpur,FKYZ3JbWq84,6,132,27.0,9.677419354838714
2020-04-01,Saharanpur,FKYZ3JbWq84,9,132,68.0,17.045079169327668
2020-04-01,Saharanpur,FKYZ3JbWq84,10,132,69.0,17.903939747627124
2020-04-01,Saharanpur,FKYZ3JbWq84,11,132,69.0,23.41386068840979
2020-04-01,Saharanpur,FKYZ3JbWq84,14,132,1.0,100.0
2020-04-01,Saharanpur,FKYZ3JbWq84,16,132,46.0,2.089894073862009
2020-04-01,Saharanpur,FKYZ3JbWq84,17,132,1.0,100.0
2020-04-01,Saharanpur,FKYZ3JbWq84,18,132,63.0,6.994816034923552
2020-04-01,Saharanpur,FKYZ3JbWq84,19,132,8.0,0.0
2020-04-01,Saharanpur,FKYZ3JbWq84,20,132,21.0,29.15060891012795
2020-04-01,Saharanpur,FKYZ3JbWq84,21,132,13.0,4.862472197141536
2020-04-01,Saharanpur,FKYZ3JbWq84,22,132,2.0,0.0
2020-04-01,Saharanpur,FKYZ3JbWq84,28,132,1.0,0.0
2020-04-01,Saharanpur,FKYZ3JbWq84,30,132,1.0,0.0
2020-04-01,Saharanpur,FKYZ3JbWq84,32,132,31.0,33.127659023636724
2020-04-01,Saharanpur,FKYZ3JbWq84,35,132,1.0,0.0
2020-04-01,Siddharth Nagar,cP0p8qfm3il,1,184,5.0,62.533620225927905
2020-04-01,Siddharth Nagar,cP0p8qfm3il,2,184,1.0,0.0
2020-04-01,Siddharth Nagar,cP0p8qfm3il,5,184,41.0,1.5151515151515151
2020-04-01,Siddharth Nagar,cP0p8qfm3il,9,184,27.0,39.43040881947634
2020-04-01,Siddharth Nagar,cP0p8qfm3il,10,184,51.0,32.322002756086356
2020-04-01,Siddharth Nagar,cP0p8qfm3il,11,184,41.0,45.27560863573725
2020-04-01,Siddharth Nagar,cP0p8qfm3il,14,184,6.0,64.8572884811417
2020-04-01,Siddharth Nagar,cP0p8qfm3il,16,184,27.0,5.330730362884704
2020-04-01,Siddharth Nagar,cP0p8qfm3il,17,184,1.0,100.0
2020-04-01,Siddharth Nagar,cP0p8qfm3il,18,184,27.0,17.86169941311559
2020-04-01,Siddharth Nagar,cP0p8qfm3il,28,184,1.0,0.0
2020-04-01,Siddharth Nagar,cP0p8qfm3il,30,184,1.0,0.0
2020-04-01,Siddharth Nagar,cP0p8qfm3il,32,184,23.0,38.65579620534926
2020-04-01,Siddharth Nagar,cP0p8qfm3il,35,184,1.0,0.0
2020-04-01,Etah,ZLcx4iOVyN5,1,201,1.0,100.0
2020-04-01,Etah,ZLcx4iOVyN5,2,201,1.0,0.0
2020-04-01,Etah,ZLcx4iOVyN5,5,201,42.0,1.3698630136986298
2020-04-01,Etah,ZLcx4iOVyN5,9,201,13.0,50.86169651000914
2020-04-01,Etah,ZLcx4iOVyN5,10,201,7.0,64.18318851711392
2020-04-01,Etah,ZLcx4iOVyN5,11,201,5.0,78.1671547213288
2020-04-01,Etah,ZLcx4iOVyN5,14,201,35.0,7.255325717814139
2020-04-01,Etah,ZLcx4iOVyN5,16,201,28.0,5.285391963899957
2020-04-01,Etah,ZLcx4iOVyN5,17,201,1.0,100.0
2020-04-01,Etah,ZLcx4iOVyN5,18,201,2.0,48.03735847394157
2020-04-01,Etah,ZLcx4iOVyN5,28,201,1.0,0.0
2020-04-01,Etah,ZLcx4iOVyN5,30,201,1.0,0.0
2020-04-01,Etah,ZLcx4iOVyN5,32,201,25.0,36.43874237179258
2020-04-01,Etah,ZLcx4iOVyN5,35,201,1.0,0.0
2020-04-01,Unnav,aT03mfdlNiF,1,156,1.0,100.0
2020-04-01,Unnav,aT03mfdlNiF,2,156,1.0,0.0
2020-04-01,Unnav,aT03mfdlNiF,5,156,37.0,2.2222222222222223
2020-04-01,Unnav,aT03mfdlNiF,9,156,22.0,43.11649016641453
2020-04-01,Unnav,aT03mfdlNiF,10,156,20.0,49.027147419734405
2020-04-01,Unnav,aT03mfdlNiF,11,156,18.0,61.28761136325432
2020-04-01,Unnav,aT03mfdlNiF,14,156,33.0,8.662131519274379
2020-04-01,Unnav,aT03mfdlNiF,16,156,48.0,2.027651706169104
2020-04-01,Unnav,aT03mfdlNiF,17,156,1.0,100.0
2020-04-01,Unnav,aT03mfdlNiF,18,156,38.0,13.94036251820683
2020-04-01,Unnav,aT03mfdlNiF,19,156,8.0,0.0
2020-04-01,Unnav,aT03mfdlNiF,20,156,28.0,0.0
2020-04-01,Unnav,aT03mfdlNiF,21,156,28.0,0.0
2020-04-01,Unnav,aT03mfdlNiF,22,156,2.0,0.0
2020-04-01,Unnav,aT03mfdlNiF,28,156,1.0,0.0
2020-04-01,Unnav,aT03mfdlNiF,30,156,1.0,0.0
2020-04-01,Unnav,aT03mfdlNiF,32,156,16.0,43.69643505206443
2020-04-01,Unnav,aT03mfdlNiF,35,156,1.0,0.0
2020-04-01,Amroha,hgquAmZaNBu,1,137,1.0,100.0
2020-04-01,Amroha,hgquAmZaNBu,2,137,1.0,0.0
2020-04-01,Amroha,hgquAmZaNBu,5,137,45.0,0.0
2020-04-01,Amroha,hgquAmZaNBu,6,137,6.0,68.11594202898551
2020-04-01,Amroha,hgquAmZaNBu,9,137,40.0,34.52970297029702
2020-04-01,Amroha,hgquAmZaNBu,10,137,61.0,25.54347826086957
2020-04-01,Amroha,hgquAmZaNBu,11,137,53.0,36.509900990099005
2020-04-01,Amroha,hgquAmZaNBu,14,137,12.0,49.249061326658314
2020-04-01,Amroha,hgquAmZaNBu,16,137,56.0,1.2914334911752046
2020-04-01,Amroha,hgquAmZaNBu,17,137,12.0,87.5
2020-04-01,Amroha,hgquAmZaNBu,18,137,66.0,6.407879911314652
2020-04-01,Amroha,hgquAmZaNBu,19,137,8.0,0.0
2020-04-01,Amroha,hgquAmZaNBu,20,137,15.0,55.22492466637969
2020-04-01,Amroha,hgquAmZaNBu,21,137,5.0,11.23547137322428
2020-04-01,Amroha,hgquAmZaNBu,22,137,2.0,0.0
2020-04-01,Amroha,hgquAmZaNBu,28,137,1.0,0.0
2020-04-01,Amroha,hgquAmZaNBu,30,137,1.0,0.0
2020-04-01,Amroha,hgquAmZaNBu,32,137,66.0,14.134459723488586
2020-04-01,Amroha,hgquAmZaNBu,35,137,1.0,0.0
2020-04-01,Pratapgarh,fz7bJo3egPX,1,173,10.0,32.8567954960628
2020-04-01,Pratapgarh,fz7bJo3egPX,2,173,1.0,0.0
2020-04-01,Pratapgarh,fz7bJo3egPX,5,173,45.0,0.0
2020-04-01,Pratapgarh,fz7bJo3egPX,9,173,49.0,29.80797045014575
2020-04-01,Pratapgarh,fz7bJo3egPX,10,173,46.0,34.73442958545649
2020-04-01,Pratapgarh,fz7bJo3egPX,11,173,45.0,43.679490888053216
2020-04-01,Pratapgarh,fz7bJo3egPX,14,173,34.0,7.761529808773904
2020-04-01,Pratapgarh,fz7bJo3egPX,16,173,63.0,0.6230390957032553
2020-04-01,Pratapgarh,fz7bJo3egPX,17,173,10.0,93.90243902439023
2020-04-01,Pratapgarh,fz7bJo3egPX,18,173,25.0,17.88710490000657
2020-04-01,Pratapgarh,fz7bJo3egPX,19,173,8.0,0.0
2020-04-01,Pratapgarh,fz7bJo3egPX,20,173,28.0,0.0
2020-04-01,Pratapgarh,fz7bJo3egPX,21,173,28.0,0.0
2020-04-01,Pratapgarh,fz7bJo3egPX,22,173,2.0,0.0
2020-04-01,Pratapgarh,fz7bJo3egPX,28,173,1.0,0.0
2020-04-01,Pratapgarh,fz7bJo3egPX,30,173,1.0,0.0
2020-04-01,Pratapgarh,fz7bJo3egPX,32,173,45.0,27.538064324192227
2020-04-01,Pratapgarh,fz7bJo3egPX,35,173,1.0,0.0
2020-04-01,Kanpur Dehat,k3D0AumUCiC,1,163,1.0,100.0
2020-04-01,Kanpur Dehat,k3D0AumUCiC,2,163,1.0,0.0
2020-04-01,Kanpur Dehat,k3D0AumUCiC,5,163,36.0,2.380952380952381
2020-04-01,Kanpur Dehat,k3D0AumUCiC,6,163,7.0,66.66666666666666
2020-04-01,Kanpur Dehat,k3D0AumUCiC,9,163,7.0,54.58595641646489
2020-04-01,Kanpur Dehat,k3D0AumUCiC,10,163,4.0,68.01452784503633
2020-04-01,Kanpur Dehat,k3D0AumUCiC,11,163,8.0,75.32687651331719
2020-04-01,Kanpur Dehat,k3D0AumUCiC,14,163,42.0,4.570567553992968
2020-04-01,Kanpur Dehat,k3D0AumUCiC,16,163,12.0,9.036319612590797
2020-04-01,Kanpur Dehat,k3D0AumUCiC,17,163,26.0,0.0
2020-04-01,Kanpur Dehat,k3D0AumUCiC,18,163,15.0,22.810563190514685
2020-04-01,Kanpur Dehat,k3D0AumUCiC,19,163,8.0,0.0
2020-04-01,Kanpur Dehat,k3D0AumUCiC,20,163,9.0,73.68038740920096
2020-04-01,Kanpur Dehat,k3D0AumUCiC,21,163,14.0,4.702179176755448
2020-04-01,Kanpur Dehat,k3D0AumUCiC,22,163,2.0,0.0
2020-04-01,Kanpur Dehat,k3D0AumUCiC,28,163,1.0,0.0
2020-04-01,Kanpur Dehat,k3D0AumUCiC,30,163,1.0,0.0
2020-04-01,Kanpur Dehat,k3D0AumUCiC,32,163,53.0,23.748845411033678
2020-04-01,Kanpur Dehat,k3D0AumUCiC,35,163,1.0,0.0
2020-04-01,Lakhimpur Kheri,d9ZuMopgX29,1,153,1.0,100.0
2020-04-01,Lakhimpur Kheri,d9ZuMopgX29,2,153,1.0,0.0
2020-04-01,Lakhimpur Kheri,d9ZuMopgX29,5,153,27.0,6.25
2020-04-01,Lakhimpur Kheri,d9ZuMopgX29,9,153,18.0,46.67061085638221
2020-04-01,Lakhimpur Kheri,d9ZuMopgX29,10,153,41.0,37.09362520337229
2020-04-01,Lakhimpur Kheri,d9ZuMopgX29,11,153,9.0,74.71379973376719
2020-04-01,Lakhimpur Kheri,d9ZuMopgX29,14,153,40.0,4.967177242888403
2020-04-01,Lakhimpur Kheri,d9ZuMopgX29,16,153,6.0,11.462801360745456
2020-04-01,Lakhimpur Kheri,d9ZuMopgX29,17,153,1.0,100.0
2020-04-01,Lakhimpur Kheri,d9ZuMopgX29,18,153,30.0,15.919496608966039
2020-04-01,Lakhimpur Kheri,d9ZuMopgX29,28,153,1.0,0.0
2020-04-01,Lakhimpur Kheri,d9ZuMopgX29,30,153,1.0,0.0
2020-04-01,Lakhimpur Kheri,d9ZuMopgX29,32,153,1.0,100.0
2020-04-01,Lakhimpur Kheri,d9ZuMopgX29,35,153,1.0,0.0
2020-04-01,Varanasi,LeuBT7KfuuA,1,197,1.0,100.0
2020-04-01,Varanasi,LeuBT7KfuuA,2,197,1.0,0.0
2020-04-01,Varanasi,LeuBT7KfuuA,5,197,45.0,0.0
2020-04-01,Varanasi,LeuBT7KfuuA,9,197,53.0,27.891376907871283
2020-04-01,Varanasi,LeuBT7KfuuA,10,197,23.0,46.874493664733144
2020-04-01,Varanasi,LeuBT7KfuuA,11,197,66.0,26.78311027577044
2020-04-01,Varanasi,LeuBT7KfuuA,14,197,1.0,100.0
2020-04-01,Varanasi,LeuBT7KfuuA,16,197,64.0,0.5444116789267313
2020-04-01,Varanasi,LeuBT7KfuuA,17,197,24.0,10.810810810810812
2020-04-01,Varanasi,LeuBT7KfuuA,18,197,29.0,16.393034825870647
2020-04-01,Varanasi,LeuBT7KfuuA,28,197,1.0,0.0
2020-04-01,Varanasi,LeuBT7KfuuA,30,197,1.0,0.0
2020-04-01,Varanasi,LeuBT7KfuuA,32,197,62.0,16.566858934322838
2020-04-01,Varanasi,LeuBT7KfuuA,35,197,1.0,0.0
2020-04-01,Muzaffarnagar,MVQs2RrS1Nw,1,133,1.0,100.0
2020-04-01,Muzaffarnagar,MVQs2RrS1Nw,2,133,1.0,0.0
2020-04-01,Muzaffarnagar,MVQs2RrS1Nw,5,133,20.0,8.860759493670884
2020-04-01,Muzaffarnagar,MVQs2RrS1Nw,9,133,62.0,19.975455282592975
2020-04-01,Muzaffarnagar,MVQs2RrS1Nw,10,133,63.0,22.74331046876027
2020-04-01,Muzaffarnagar,MVQs2RrS1Nw,11,133,62.0,30.20315136639565
2020-04-01,Muzaffarnagar,MVQs2RrS1Nw,14,133,1.0,100.0
2020-04-01,Muzaffarnagar,MVQs2RrS1Nw,16,133,19.0,6.624882207271372
2020-04-01,Muzaffarnagar,MVQs2RrS1Nw,17,133,1.0,100.0
2020-04-01,Muzaffarnagar,MVQs2RrS1Nw,18,133,61.0,7.070995226412583
2020-04-01,Muzaffarnagar,MVQs2RrS1Nw,28,133,1.0,0.0
2020-04-01,Muzaffarnagar,MVQs2RrS1Nw,30,133,1.0,0.0
2020-04-01,Muzaffarnagar,MVQs2RrS1Nw,32,133,1.0,100.0
2020-04-01,Muzaffarnagar,MVQs2RrS1Nw,35,133,1.0,0.0
2020-04-01,Farrukhabad,uEEwlAGZXWW,1,159,3.0,80.62646234269934
2020-04-01,Farrukhabad,uEEwlAGZXWW,2,159,1.0,0.0
2020-04-01,Farrukhabad,uEEwlAGZXWW,5,159,38.0,2.127659574468085
2020-04-01,Farrukhabad,uEEwlAGZXWW,6,159,1.0,100.0
2020-04-01,Farrukhabad,uEEwlAGZXWW,9,159,32.0,37.789640173981816
2020-04-01,Farrukhabad,uEEwlAGZXWW,10,159,60.0,25.780941083432182
2020-04-01,Farrukhabad,uEEwlAGZXWW,11,159,33.0,48.35112692763938
2020-04-01,Farrukhabad,uEEwlAGZXWW,14,159,29.0,14.292828685258966
2020-04-01,Farrukhabad,uEEwlAGZXWW,16,159,7.0,11.051799130090942
2020-04-01,Farrukhabad,uEEwlAGZXWW,17,159,9.0,93.92789373814043
2020-04-01,Farrukhabad,uEEwlAGZXWW,18,159,54.0,9.350209466084321
2020-04-01,Farrukhabad,uEEwlAGZXWW,19,159,8.0,0.0
2020-04-01,Farrukhabad,uEEwlAGZXWW,20,159,7.0,79.14986160537762
2020-04-01,Farrukhabad,uEEwlAGZXWW,21,159,11.0,6.1565836298932375
2020-04-01,Farrukhabad,uEEwlAGZXWW,22,159,2.0,0.0
2020-04-01,Farrukhabad,uEEwlAGZXWW,28,159,1.0,0.0
2020-04-01,Farrukhabad,uEEwlAGZXWW,30,159,1.0,0.0
2020-04-01,Farrukhabad,uEEwlAGZXWW,32,159,50.0,24.398447606727036
2020-04-01,Farrukhabad,uEEwlAGZXWW,35,159,1.0,0.0
2020-04-01,Aligarh,frD2HOp3wAs,1,143,1.0,100.0
2020-04-01,Aligarh,frD2HOp3wAs,2,143,1.0,0.0
2020-04-01,Aligarh,frD2HOp3wAs,5,143,7.0,37.5
2020-04-01,Aligarh,frD2HOp3wAs,6,143,1.0,100.0
2020-04-01,Aligarh,frD2HOp3wAs,9,143,36.0,36.55407218569703
2020-04-01,Aligarh,frD2HOp3wAs,10,143,34.0,39.410304575338785
2020-04-01,Aligarh,frD2HOp3wAs,11,143,52.0,37.68784382128002
2020-04-01,Aligarh,frD2HOp3wAs,14,143,21.0,25.676348547717843
2020-04-01,Aligarh,frD2HOp3wAs,16,143,38.0,3.2201797933717966
2020-04-01,Aligarh,frD2HOp3wAs,17,143,1.0,100.0
2020-04-01,Aligarh,frD2HOp3wAs,18,143,71.0,3.472839264468909
2020-04-01,Aligarh,frD2HOp3wAs,28,143,1.0,0.0
2020-04-01,Aligarh,frD2HOp3wAs,30,143,1.0,0.0
2020-04-01,Aligarh,frD2HOp3wAs,32,143,7.0,56.251076374466884
2020-04-01,Aligarh,frD2HOp3wAs,35,143,1.0,0.0
2020-04-01,Sant Kabir Nagar,fe1yBApr2sl,1,186,1.0,100.0
2020-04-01,Sant Kabir Nagar,fe1yBApr2sl,2,186,1.0,0.0
2020-04-01,Sant Kabir Nagar,fe1yBApr2sl,5,186,45.0,0.0
2020-04-01,Sant Kabir Nagar,fe1yBApr2sl,6,186,18.0,36.36363636363637
2020-04-01,Sant Kabir Nagar,fe1yBApr2sl,9,186,58.0,22.19345415919804
2020-04-01,Sant Kabir Nagar,fe1yBApr2sl,10,186,53.0,32.15826860519153
2020-04-01,Sant Kabir Nagar,fe1yBApr2sl,11,186,65.0,27.756754962490874
2020-04-01,Sant Kabir Nagar,fe1yBApr2sl,14,186,50.0,0.0
2020-04-01,Sant Kabir Nagar,fe1yBApr2sl,16,186,39.0,2.861315806944168
2020-04-01,Sant Kabir Nagar,fe1yBApr2sl,17,186,4.0,99.27797833935018
2020-04-01,Sant Kabir Nagar,fe1yBApr2sl,18,186,68.0,6.10955474757108
2020-04-01,Sant Kabir Nagar,fe1yBApr2sl,19,186,8.0,0.0
2020-04-01,Sant Kabir Nagar,fe1yBApr2sl,20,186,12.0,60.432848702117774
2020-04-01,Sant Kabir Nagar,fe1yBApr2sl,21,186,21.0,1.9418442541326428
2020-04-01,Sant Kabir Nagar,fe1yBApr2sl,22,186,2.0,0.0
2020-04-01,Sant Kabir Nagar,fe1yBApr2sl,28,186,1.0,0.0
2020-04-01,Sant Kabir Nagar,fe1yBApr2sl,30,186,1.0,0.0
2020-04-01,Sant Kabir Nagar,fe1yBApr2sl,32,186,10.0,53.7948617375956
2020-04-01,Sant Kabir Nagar,fe1yBApr2sl,35,186,1.0,0.0
2020-04-01,Lalitpur,fagfcadhxej,1,167,1.0,100.0
2020-04-01,Lalitpur,fagfcadhxej,2,167,1.0,0.0
2020-04-01,Lalitpur,fagfcadhxej,6,167,13.0,46.938775510204074
2020-04-01,Lalitpur,fagfcadhxej,9,167,56.0,24.558647207177412
2020-04-01,Lalitpur,fagfcadhxej,10,167,14.0,56.11692231363956
2020-04-01,Lalitpur,fagfcadhxej,11,167,22.0,59.63534129904493
2020-04-01,Lalitpur,fagfcadhxej,14,167,14.0,43.90402075226978
2020-04-01,Lalitpur,fagfcadhxej,16,167,30.0,5.122586513416298
2020-04-01,Lalitpur,fagfcadhxej,17,167,1.0,100.0
2020-04-01,Lalitpur,fagfcadhxej,18,167,5.0,33.03539074767484
2020-04-01,Lalitpur,fagfcadhxej,19,167,8.0,0.0
2020-04-01,Lalitpur,fagfcadhxej,20,167,3.0,90.17654111712903
2020-04-01,Lalitpur,fagfcadhxej,21,167,9.0,7.7893083061148545
2020-04-01,Lalitpur,fagfcadhxej,22,167,2.0,0.0
2020-04-01,Lalitpur,fagfcadhxej,28,167,1.0,0.0
2020-04-01,Lalitpur,fagfcadhxej,30,167,1.0,0.0
2020-04-01,Lalitpur,fagfcadhxej,32,167,9.0,54.08748026431203
2020-04-01,Lalitpur,fagfcadhxej,35,167,1.0,0.0
2020-04-01,Agra,N5WWbRtsjWp,1,146,1.0,100.0
2020-04-01,Agra,N5WWbRtsjWp,2,146,1.0,0.0
2020-04-01,Agra,N5WWbRtsjWp,5,146,28.0,5.882352941176469
2020-04-01,Agra,N5WWbRtsjWp,9,146,47.0,31.41732358885451
2020-04-01,Agra,N5WWbRtsjWp,10,146,50.0,32.95274949473664
2020-04-01,Agra,N5WWbRtsjWp,11,146,59.0,34.766908362946715
2020-04-01,Agra,N5WWbRtsjWp,14,146,22.0,24.363131079203328
2020-04-01,Agra,N5WWbRtsjWp,16,146,40.0,2.8601258608634015
2020-04-01,Agra,N5WWbRtsjWp,17,146,1.0,100.0
2020-04-01,Agra,N5WWbRtsjWp,18,146,46.0,11.520847291182921
2020-04-01,Agra,N5WWbRtsjWp,28,146,1.0,0.0
2020-04-01,Agra,N5WWbRtsjWp,30,146,1.0,0.0
2020-04-01,Agra,N5WWbRtsjWp,32,146,13.0,50.00488774479456
2020-04-01,Agra,N5WWbRtsjWp,35,146,1.0,0.0
2020-04-01,Sitapur,XxaOowFtkiJ,1,154,1.0,100.0
2020-04-01,Sitapur,XxaOowFtkiJ,2,154,1.0,0.0
2020-04-01,Sitapur,XxaOowFtkiJ,5,154,12.0,13.978494623655912
2020-04-01,Sitapur,XxaOowFtkiJ,6,154,25.0,13.440860215053759
2020-04-01,Sitapur,XxaOowFtkiJ,9,154,3.0,63.52932353382331
2020-04-01,Sitapur,XxaOowFtkiJ,10,154,6.0,66.05169741512924
2020-04-01,Sitapur,XxaOowFtkiJ,11,154,13.0,71.07019649017549
2020-04-01,Sitapur,XxaOowFtkiJ,14,154,20.0,28.72644203312393
2020-04-01,Sitapur,XxaOowFtkiJ,16,154,14.0,8.945802709864507
2020-04-01,Sitapur,XxaOowFtkiJ,17,154,1.0,100.0
2020-04-01,Sitapur,XxaOowFtkiJ,18,154,3.0,36.01620439833669
2020-04-01,Sitapur,XxaOowFtkiJ,19,154,3.0,2.3056186152099887
2020-04-01,Sitapur,XxaOowFtkiJ,20,154,17.0,42.00164991750413
2020-04-01,Sitapur,XxaOowFtkiJ,21,154,24.0,1.1749412529373533
2020-04-01,Sitapur,XxaOowFtkiJ,22,154,2.0,0.0
2020-04-01,Sitapur,XxaOowFtkiJ,28,154,1.0,0.0
2020-04-01,Sitapur,XxaOowFtkiJ,30,154,1.0,0.0
2020-04-01,Sitapur,XxaOowFtkiJ,32,154,5.0,57.695536844154574
2020-04-01,Sitapur,XxaOowFtkiJ,35,154,1.0,0.0
2020-04-01,Bhadohi,PeUY1vj02UQ,1,198,13.0,15.131054455526087
2020-04-01,Bhadohi,PeUY1vj02UQ,2,198,1.0,0.0
2020-04-01,Bhadohi,PeUY1vj02UQ,5,198,45.0,0.0
2020-04-01,Bhadohi,PeUY1vj02UQ,9,198,71.0,15.2551368564713
2020-04-01,Bhadohi,PeUY1vj02UQ,10,198,72.0,15.967851997877018
2020-04-01,Bhadohi,PeUY1vj02UQ,11,198,73.0,13.223140495867767
2020-04-01,Bhadohi,PeUY1vj02UQ,14,198,2.0,96.78571428571428
2020-04-01,Bhadohi,PeUY1vj02UQ,16,198,68.0,0.25020850708924103
2020-04-01,Bhadohi,PeUY1vj02UQ,17,198,1.0,100.0
2020-04-01,Bhadohi,PeUY1vj02UQ,18,198,55.0,9.238559639909976
2020-04-01,Bhadohi,PeUY1vj02UQ,28,198,1.0,0.0
2020-04-01,Bhadohi,PeUY1vj02UQ,30,198,1.0,0.0
2020-04-01,Bhadohi,PeUY1vj02UQ,32,198,70.0,11.180484410337696
2020-04-01,Bhadohi,PeUY1vj02UQ,35,198,1.0,0.0
2020-04-01,Shrawasti,oyTwneTbWDx,1,181,1.0,100.0
2020-04-01,Shrawasti,oyTwneTbWDx,2,181,1.0,0.0
2020-04-01,Shrawasti,oyTwneTbWDx,5,181,30.0,3.947368421052632
2020-04-01,Shrawasti,oyTwneTbWDx,9,181,43.0,33.04208972311771
2020-04-01,Shrawasti,oyTwneTbWDx,10,181,49.0,33.741074387635194
2020-04-01,Shrawasti,oyTwneTbWDx,11,181,29.0,53.96342381971017
2020-04-01,Shrawasti,oyTwneTbWDx,14,181,30.0,11.201740076128333
2020-04-01,Shrawasti,oyTwneTbWDx,16,181,10.0,9.10789069326022
2020-04-01,Shrawasti,oyTwneTbWDx,17,181,1.0,100.0
2020-04-01,Shrawasti,oyTwneTbWDx,18,181,49.0,10.410944001740596
2020-04-01,Shrawasti,oyTwneTbWDx,28,181,1.0,0.0
2020-04-01,Shrawasti,oyTwneTbWDx,30,181,1.0,0.0
2020-04-01,Shrawasti,oyTwneTbWDx,32,181,20.0,41.23389150397407
2020-04-01,Shrawasti,oyTwneTbWDx,35,181,1.0,0.0
2020-04-01,Mainpuri,XBLhrSWGytu,1,148,1.0,100.0
2020-04-01,Mainpuri,XBLhrSWGytu,2,148,1.0,0.0
2020-04-01,Mainpuri,XBLhrSWGytu,5,148,1.0,100.0
2020-04-01,Mainpuri,XBLhrSWGytu,9,148,10.0,51.94542698332491
2020-04-01,Mainpuri,XBLhrSWGytu,10,148,8.0,62.560733859369535
2020-04-01,Mainpuri,XBLhrSWGytu,11,148,10.0,72.46472577447818
2020-04-01,Mainpuri,XBLhrSWGytu,14,148,1.0,100.0
2020-04-01,Mainpuri,XBLhrSWGytu,16,148,24.0,5.795467796478407
2020-04-01,Mainpuri,XBLhrSWGytu,17,148,1.0,100.0
2020-04-01,Mainpuri,XBLhrSWGytu,18,148,4.0,34.358391672470034
2020-04-01,Mainpuri,XBLhrSWGytu,28,148,1.0,0.0
2020-04-01,Mainpuri,XBLhrSWGytu,30,148,1.0,0.0
2020-04-01,Mainpuri,XBLhrSWGytu,32,148,49.0,24.706928611852213
2020-04-01,Mainpuri,XBLhrSWGytu,35,148,1.0,0.0
2020-04-01,Gautam Buddha Nagar,bNmwkrQeP3e,1,141,1.0,100.0
2020-04-01,Gautam Buddha Nagar,bNmwkrQeP3e,2,141,1.0,0.0
2020-04-01,Gautam Buddha Nagar,bNmwkrQeP3e,5,141,45.0,0.0
2020-04-01,Gautam Buddha Nagar,bNmwkrQeP3e,6,141,2.0,85.18518518518519
2020-04-01,Gautam Buddha Nagar,bNmwkrQeP3e,9,141,73.0,14.791937581274386
2020-04-01,Gautam Buddha Nagar,bNmwkrQeP3e,10,141,67.0,19.60338101430429
2020-04-01,Gautam Buddha Nagar,bNmwkrQeP3e,11,141,64.0,29.19375812743823
2020-04-01,Gautam Buddha Nagar,bNmwkrQeP3e,14,141,32.0,9.810003877471887
2020-04-01,Gautam Buddha Nagar,bNmwkrQeP3e,16,141,37.0,3.5835750725217568
2020-04-01,Gautam Buddha Nagar,bNmwkrQeP3e,17,141,25.0,0.7142857142857143
2020-04-01,Gautam Buddha Nagar,bNmwkrQeP3e,18,141,67.0,6.127934914480102
2020-04-01,Gautam Buddha Nagar,bNmwkrQeP3e,19,141,8.0,0.0
2020-04-01,Gautam Buddha Nagar,bNmwkrQeP3e,20,141,24.0,20.976292887866357
2020-04-01,Gautam Buddha Nagar,bNmwkrQeP3e,21,141,4.0,17.875362608782638
2020-04-01,Gautam Buddha Nagar,bNmwkrQeP3e,22,141,2.0,0.0
2020-04-01,Gautam Buddha Nagar,bNmwkrQeP3e,28,141,1.0,0.0
2020-04-01,Gautam Buddha Nagar,bNmwkrQeP3e,30,141,1.0,0.0
2020-04-01,Gautam Buddha Nagar,bNmwkrQeP3e,32,141,30.0,33.134917171435056
2020-04-01,Gautam Buddha Nagar,bNmwkrQeP3e,35,141,1.0,0.0
2020-04-01,Rae Bareli,lLvTDpBDY8u,1,158,4.0,62.70973154362415
2020-04-01,Rae Bareli,lLvTDpBDY8u,2,158,1.0,0.0
2020-04-01,Rae Bareli,lLvTDpBDY8u,5,158,40.0,1.574803149606299
2020-04-01,Rae Bareli,lLvTDpBDY8u,6,158,24.0,14.173228346456693
2020-04-01,Rae Bareli,lLvTDpBDY8u,9,158,21.0,43.990598713508156
2020-04-01,Rae Bareli,lLvTDpBDY8u,10,158,31.0,41.85799109351806
2020-04-01,Rae Bareli,lLvTDpBDY8u,11,158,17.0,61.533894111825816
2020-04-01,Rae Bareli,lLvTDpBDY8u,14,158,7.0,62.526997840172776
2020-04-01,Rae Bareli,lLvTDpBDY8u,16,158,45.0,2.187036120732311
2020-04-01,Rae Bareli,lLvTDpBDY8u,17,158,1.0,100.0
2020-04-01,Rae Bareli,lLvTDpBDY8u,18,158,41.0,13.069449442245412
2020-04-01,Rae Bareli,lLvTDpBDY8u,28,158,1.0,0.0
2020-04-01,Rae Bareli,lLvTDpBDY8u,30,158,1.0,0.0
2020-04-01,Rae Bareli,lLvTDpBDY8u,32,158,27.0,34.760516716841074
2020-04-01,Rae Bareli,lLvTDpBDY8u,35,158,1.0,0.0
2020-04-01,Balrampur,uS0pNSxN3sS,1,182,1.0,100.0
2020-04-01,Balrampur,uS0pNSxN3sS,2,182,1.0,0.0
2020-04-01,Balrampur,uS0pNSxN3sS,5,182,8.0,26.744186046511626
2020-04-01,Balrampur,uS0pNSxN3sS,6,182,17.0,39.53488372093023
2020-04-01,Balrampur,uS0pNSxN3sS,9,182,15.0,49.92018998676322
2020-04-01,Balrampur,uS0pNSxN3sS,10,182,24.0,46.75504165693375
2020-04-01,Balrampur,uS0pNSxN3sS,11,182,28.0,55.966285135871686
2020-04-01,Balrampur,uS0pNSxN3sS,14,182,43.0,4.251153684799329
2020-04-01,Balrampur,uS0pNSxN3sS,16,182,18.0,6.774118196683017
2020-04-01,Balrampur,uS0pNSxN3sS,17,182,1.0,100.0
2020-04-01,Balrampur,uS0pNSxN3sS,18,182,50.0,10.05753185336908
2020-04-01,Balrampur,uS0pNSxN3sS,19,182,8.0,0.0
2020-04-01,Balrampur,uS0pNSxN3sS,20,182,5.0,87.96036751537802
2020-04-01,Balrampur,uS0pNSxN3sS,21,182,26.0,1.0141711438137506
2020-04-01,Balrampur,uS0pNSxN3sS,22,182,2.0,0.0
2020-04-01,Balrampur,uS0pNSxN3sS,28,182,1.0,0.0
2020-04-01,Balrampur,uS0pNSxN3sS,30,182,1.0,0.0
2020-04-01,Balrampur,uS0pNSxN3sS,32,182,6.0,57.2027506424061
2020-04-01,Balrampur,uS0pNSxN3sS,35,182,1.0,0.0
2020-04-01,Bagpat,HJIS3IrQ0Nj,1,139,1.0,100.0
2020-04-01,Bagpat,HJIS3IrQ0Nj,2,139,1.0,0.0
2020-04-01,Bagpat,HJIS3IrQ0Nj,5,139,9.0,26.66666666666667
2020-04-01,Bagpat,HJIS3IrQ0Nj,6,139,1.0,100.0
2020-04-01,Bagpat,HJIS3IrQ0Nj,9,139,20.0,44.82007362331906
2020-04-01,Bagpat,HJIS3IrQ0Nj,10,139,33.0,40.01953271730148
2020-04-01,Bagpat,HJIS3IrQ0Nj,11,139,50.0,39.09172864548118
2020-04-01,Bagpat,HJIS3IrQ0Nj,14,139,1.0,100.0
2020-04-01,Bagpat,HJIS3IrQ0Nj,16,139,54.0,1.4349034633010291
2020-04-01,Bagpat,HJIS3IrQ0Nj,17,139,1.0,100.0
2020-04-01,Bagpat,HJIS3IrQ0Nj,18,139,6.0,32.404003267973856
2020-04-01,Bagpat,HJIS3IrQ0Nj,19,139,8.0,0.0
2020-04-01,Bagpat,HJIS3IrQ0Nj,20,139,20.0,34.81706858988806
2020-04-01,Bagpat,HJIS3IrQ0Nj,21,139,10.0,6.505897378108331
2020-04-01,Bagpat,HJIS3IrQ0Nj,22,139,2.0,0.0
2020-04-01,Bagpat,HJIS3IrQ0Nj,28,139,1.0,0.0
2020-04-01,Bagpat,HJIS3IrQ0Nj,30,139,1.0,0.0
2020-04-01,Bagpat,HJIS3IrQ0Nj,32,139,12.0,52.156027682330745
2020-04-01,Bagpat,HJIS3IrQ0Nj,35,139,1.0,0.0
2020-04-01,Jalaun,NL5xiiHZQSC,1,165,1.0,100.0
2020-04-01,Jalaun,NL5xiiHZQSC,2,165,1.0,0.0
2020-04-01,Jalaun,NL5xiiHZQSC,5,165,45.0,0.0
2020-04-01,Jalaun,NL5xiiHZQSC,9,165,24.0,40.52074473112182
2020-04-01,Jalaun,NL5xiiHZQSC,10,165,40.0,37.16094887061715
2020-04-01,Jalaun,NL5xiiHZQSC,11,165,20.0,60.95832151970513
2020-04-01,Jalaun,NL5xiiHZQSC,14,165,41.0,4.929577464788731
2020-04-01,Jalaun,NL5xiiHZQSC,16,165,22.0,6.308477459597392
2020-04-01,Jalaun,NL5xiiHZQSC,17,165,19.0,66.66666666666666
2020-04-01,Jalaun,NL5xiiHZQSC,18,165,37.0,14.292946338170776
2020-04-01,Jalaun,NL5xiiHZQSC,28,165,1.0,0.0
2020-04-01,Jalaun,NL5xiiHZQSC,30,165,1.0,0.0
2020-04-01,Jalaun,NL5xiiHZQSC,32,165,35.0,30.87468057921636
2020-04-01,Jalaun,NL5xiiHZQSC,35,165,1.0,0.0
2020-04-01,Bijnor,uCYjHW7FuGG,1,134,1.0,100.0
2020-04-01,Bijnor,uCYjHW7FuGG,2,134,1.0,0.0
2020-04-01,Bijnor,uCYjHW7FuGG,5,134,34.0,2.7027027027027017
2020-04-01,Bijnor,uCYjHW7FuGG,6,134,8.0,63.51351351351351
2020-04-01,Bijnor,uCYjHW7FuGG,9,134,75.0,12.085889570552151
2020-04-01,Bijnor,uCYjHW7FuGG,10,134,74.0,12.07587329410292
2020-04-01,Bijnor,uCYjHW7FuGG,11,134,75.0,5.796919994991861
2020-04-01,Bijnor,uCYjHW7FuGG,14,134,31.0,10.792512943050578
2020-04-01,Bijnor,uCYjHW7FuGG,16,134,67.0,0.26668336046074875
2020-04-01,Bijnor,uCYjHW7FuGG,17,134,16.0,72.72727272727273
2020-04-01,Bijnor,uCYjHW7FuGG,18,134,72.0,2.9577600927924736
2020-04-01,Bijnor,uCYjHW7FuGG,19,134,4.0,0.9890859481582538
2020-04-01,Bijnor,uCYjHW7FuGG,20,134,26.0,18.803054964317013
2020-04-01,Bijnor,uCYjHW7FuGG,21,134,16.0,3.843746087392012
2020-04-01,Bijnor,uCYjHW7FuGG,22,134,2.0,0.0
2020-04-01,Bijnor,uCYjHW7FuGG,28,134,1.0,0.0
2020-04-01,Bijnor,uCYjHW7FuGG,30,134,1.0,0.0
2020-04-01,Bijnor,uCYjHW7FuGG,32,134,72.0,6.556048213865945
2020-04-01,Bijnor,uCYjHW7FuGG,35,134,1.0,0.0
2020-04-01,Moradabad,YQNQoPjAIpV,1,135,1.0,100.0
2020-04-01,Moradabad,YQNQoPjAIpV,2,135,1.0,0.0
2020-04-01,Moradabad,YQNQoPjAIpV,5,135,45.0,0.0
2020-04-01,Moradabad,YQNQoPjAIpV,9,135,69.0,16.350772091101582
2020-04-01,Moradabad,YQNQoPjAIpV,10,135,71.0,17.27005112844084
2020-04-01,Moradabad,YQNQoPjAIpV,11,135,70.0,21.78897898052988
2020-04-01,Moradabad,YQNQoPjAIpV,14,135,1.0,100.0
2020-04-01,Moradabad,YQNQoPjAIpV,16,135,49.0,1.8953674533904867
2020-04-01,Moradabad,YQNQoPjAIpV,17,135,1.0,100.0
2020-04-01,Moradabad,YQNQoPjAIpV,18,135,69.0,5.368715354655203
2020-04-01,Moradabad,YQNQoPjAIpV,28,135,1.0,0.0
2020-04-01,Moradabad,YQNQoPjAIpV,30,135,1.0,0.0
2020-04-01,Moradabad,YQNQoPjAIpV,32,135,63.0,14.896495312401688
2020-04-01,Moradabad,YQNQoPjAIpV,35,135,1.0,0.0
2020-04-01,Basti,J1P16zQEOUT,1,185,14.0,7.754943776657621
2020-04-01,Basti,J1P16zQEOUT,2,185,1.0,0.0
2020-04-01,Basti,J1P16zQEOUT,5,185,23.0,8.21917808219178
2020-04-01,Basti,J1P16zQEOUT,9,185,19.0,45.896938145239574
2020-04-01,Basti,J1P16zQEOUT,10,185,18.0,52.984646607253154
2020-04-01,Basti,J1P16zQEOUT,11,185,40.0,46.781522985970184
2020-04-01,Basti,J1P16zQEOUT,14,185,16.0,40.30261348005502
2020-04-01,Basti,J1P16zQEOUT,16,185,60.0,0.9044383658342892
2020-04-01,Basti,J1P16zQEOUT,17,185,1.0,100.0
2020-04-01,Basti,J1P16zQEOUT,18,185,31.0,15.895333772274494
2020-04-01,Basti,J1P16zQEOUT,28,185,1.0,0.0
2020-04-01,Basti,J1P16zQEOUT,30,185,1.0,0.0
2020-04-01,Basti,J1P16zQEOUT,32,185,21.0,40.07725906443735
2020-04-01,Basti,J1P16zQEOUT,35,185,1.0,0.0
2020-04-01,Mahoba,sUQMxIc3yXj,1,169,1.0,100.0
2020-04-01,Mahoba,sUQMxIc3yXj,2,169,1.0,0.0
2020-04-01,Mahoba,sUQMxIc3yXj,5,169,45.0,0.0
2020-04-01,Mahoba,sUQMxIc3yXj,9,169,16.0,49.65408332080011
2020-04-01,Mahoba,sUQMxIc3yXj,10,169,3.0,73.34937584599189
2020-04-01,Mahoba,sUQMxIc3yXj,11,169,3.0,88.26139269063017
2020-04-01,Mahoba,sUQMxIc3yXj,14,169,1.0,100.0
2020-04-01,Mahoba,sUQMxIc3yXj,16,169,13.0,9.031433298240335
2020-04-01,Mahoba,sUQMxIc3yXj,17,169,,
2020-04-01,Mahoba,sUQMxIc3yXj,18,169,62.0,6.997674941873548
2020-04-01,Mahoba,sUQMxIc3yXj,28,169,1.0,0.0
2020-04-01,Mahoba,sUQMxIc3yXj,30,169,1.0,0.0
2020-04-01,Mahoba,sUQMxIc3yXj,32,169,1.0,100.0
2020-04-01,Mahoba,sUQMxIc3yXj,35,169,1.0,0.0
2020-04-01,Mathura,KP2BUB1npih,1,145,1.0,100.0
2020-04-01,Mathura,KP2BUB1npih,2,145,1.0,0.0
2020-04-01,Mathura,KP2BUB1npih,5,145,6.0,47.368421052631575
2020-04-01,Mathura,KP2BUB1npih,9,145,31.0,37.88960223808329
2020-04-01,Mathura,KP2BUB1npih,10,145,16.0,55.270614396901124
2020-04-01,Mathura,KP2BUB1npih,11,145,19.0,60.97342276102005
2020-04-01,Mathura,KP2BUB1npih,14,145,13.0,45.18036664695447
2020-04-01,Mathura,KP2BUB1npih,16,145,57.0,1.0939349377712422
2020-04-01,Mathura,KP2BUB1npih,17,145,3.0,99.59432048681542
2020-04-01,Mathura,KP2BUB1npih,18,145,14.0,23.748454882571078
2020-04-01,Mathura,KP2BUB1npih,28,145,1.0,0.0
2020-04-01,Mathura,KP2BUB1npih,30,145,1.0,0.0
2020-04-01,Mathura,KP2BUB1npih,32,145,34.0,30.939873417721518
2020-04-01,Mathura,KP2BUB1npih,35,145,1.0,0.0
2020-04-01,Ghaziabad,M5NHlfAaKYI,1,140,1.0,100.0
2020-04-01,Ghaziabad,M5NHlfAaKYI,2,140,1.0,0.0
2020-04-01,Ghaziabad,M5NHlfAaKYI,5,140,25.0,7.4074074074074066
2020-04-01,Ghaziabad,M5NHlfAaKYI,9,140,74.0,12.970809145183926
2020-04-01,Ghaziabad,M5NHlfAaKYI,10,140,73.0,12.686053869645365
2020-04-01,Ghaziabad,M5NHlfAaKYI,11,140,72.0,18.301372878091726
2020-04-01,Ghaziabad,M5NHlfAaKYI,14,140,1.0,100.0
2020-04-01,Ghaziabad,M5NHlfAaKYI,16,140,41.0,2.842050237983877
2020-04-01,Ghaziabad,M5NHlfAaKYI,17,140,15.0,76.47058823529412
2020-04-01,Ghaziabad,M5NHlfAaKYI,18,140,56.0,8.855971850660902
2020-04-01,Ghaziabad,M5NHlfAaKYI,19,140,7.0,0.036337209302325583
2020-04-01,Ghaziabad,M5NHlfAaKYI,20,140,27.0,3.9384268302748513
2020-04-01,Ghaziabad,M5NHlfAaKYI,21,140,8.0,8.178116488293394
2020-04-01,Ghaziabad,M5NHlfAaKYI,22,140,1.0,0.1857099623077558
2020-04-01,Ghaziabad,M5NHlfAaKYI,28,140,1.0,0.0
2020-04-01,Ghaziabad,M5NHlfAaKYI,30,140,1.0,0.0
2020-04-01,Ghaziabad,M5NHlfAaKYI,32,140,65.0,14.323412089598035
2020-04-01,Ghaziabad,M5NHlfAaKYI,35,140,1.0,0.0
2020-04-01,Kasganj,hITp09XOBLZ,1,202,2.0,99.75216852540272
2020-04-01,Kasganj,hITp09XOBLZ,2,202,1.0,0.0
2020-04-01,Kasganj,hITp09XOBLZ,5,202,29.0,4.761904761904762
2020-04-01,Kasganj,hITp09XOBLZ,9,202,5.0,57.471685814389296
2020-04-01,Kasganj,hITp09XOBLZ,10,202,9.0,59.78163448219669
2020-04-01,Kasganj,hITp09XOBLZ,11,202,54.0,36.344007170211036
2020-04-01,Kasganj,hITp09XOBLZ,14,202,49.0,0.07358351729212656
2020-04-01,Kasganj,hITp09XOBLZ,16,202,32.0,4.941742035362178
2020-04-01,Kasganj,hITp09XOBLZ,17,202,13.0,83.7837837837838
2020-04-01,Kasganj,hITp09XOBLZ,18,202,7.0,31.828280656489643
2020-04-01,Kasganj,hITp09XOBLZ,19,202,1.0,100.0
2020-04-01,Kasganj,hITp09XOBLZ,20,202,23.0,21.551372932453354
2020-04-01,Kasganj,hITp09XOBLZ,21,202,1.0,29.369347347836715
2020-04-01,Kasganj,hITp09XOBLZ,22,202,2.0,0.0
2020-04-01,Kasganj,hITp09XOBLZ,28,202,1.0,0.0
2020-04-01,Kasganj,hITp09XOBLZ,30,202,1.0,0.0
2020-04-01,Kasganj,hITp09XOBLZ,32,202,22.0,39.28544265287496
2020-04-01,Kasganj,hITp09XOBLZ,35,202,1.0,0.0
2020-04-01,Jaunpur,gmw76vAUMqz,1,194,1.0,100.0
2020-04-01,Jaunpur,gmw76vAUMqz,2,194,1.0,0.0
2020-04-01,Jaunpur,gmw76vAUMqz,5,194,21.0,8.653846153846152
2020-04-01,Jaunpur,gmw76vAUMqz,6,194,20.0,22.115384615384613
2020-04-01,Jaunpur,gmw76vAUMqz,9,194,25.0,39.69113198535265
2020-04-01,Jaunpur,gmw76vAUMqz,10,194,32.0,41.13415640242579
2020-04-01,Jaunpur,gmw76vAUMqz,11,194,49.0,41.4178402396839
2020-04-01,Jaunpur,gmw76vAUMqz,14,194,1.0,100.0
2020-04-01,Jaunpur,gmw76vAUMqz,16,194,65.0,0.37197319477211216
2020-04-01,Jaunpur,gmw76vAUMqz,17,194,14.0,83.33333333333334
2020-04-01,Jaunpur,gmw76vAUMqz,18,194,18.0,22.221751472270473
2020-04-01,Jaunpur,gmw76vAUMqz,20,194,14.0,58.95123822205497
2020-04-01,Jaunpur,gmw76vAUMqz,21,194,15.0,4.324731151669537
2020-04-01,Jaunpur,gmw76vAUMqz,28,194,1.0,0.0
2020-04-01,Jaunpur,gmw76vAUMqz,30,194,1.0,0.0
2020-04-01,Jaunpur,gmw76vAUMqz,32,194,44.0,27.72909862221721
2020-04-01,Jaunpur,gmw76vAUMqz,35,194,1.0,0.0
2020-04-01,Ghazipur,dScWdMRN8PL,1,195,16.0,2.0639968008049587
2020-04-01,Ghazipur,dScWdMRN8PL,2,195,1.0,0.0
2020-04-01,Ghazipur,dScWdMRN8PL,5,195,45.0,0.0
2020-04-01,Ghazipur,dScWdMRN8PL,9,195,63.0,19.580475038661326
2020-04-01,Ghazipur,dScWdMRN8PL,10,195,68.0,18.59708949601491
2020-04-01,Ghazipur,dScWdMRN8PL,11,195,60.0,33.724572742773304
2020-04-01,Ghazipur,dScWdMRN8PL,14,195,26.0,19.423791821561338
2020-04-01,Ghazipur,dScWdMRN8PL,16,195,69.0,0.23791585709187515
2020-04-01,Ghazipur,dScWdMRN8PL,17,195,1.0,100.0
2020-04-01,Ghazipur,dScWdMRN8PL,18,195,57.0,8.350910497082191
2020-04-01,Ghazipur,dScWdMRN8PL,28,195,1.0,0.0
2020-04-01,Ghazipur,dScWdMRN8PL,30,195,1.0,0.0
2020-04-01,Ghazipur,dScWdMRN8PL,32,195,54.0,23.12523453083957
2020-04-01,Ghazipur,dScWdMRN8PL,35,195,1.0,0.0
2020-04-01,Mirzapur,UAicdMLyuk4,1,199,17.0,0.8888994239931733
2020-04-01,Mirzapur,UAicdMLyuk4,2,199,1.0,0.0
2020-04-01,Mirzapur,UAicdMLyuk4,5,199,13.0,13.235294117647062
2020-04-01,Mirzapur,UAicdMLyuk4,9,199,66.0,18.235987427972766
2020-04-01,Mirzapur,UAicdMLyuk4,10,199,59.0,26.38161341016239
2020-04-01,Mirzapur,UAicdMLyuk4,11,199,51.0,39.0649554740702
2020-04-01,Mirzapur,UAicdMLyuk4,14,199,8.0,56.140350877192965
2020-04-01,Mirzapur,UAicdMLyuk4,16,199,29.0,5.216518246900646
2020-04-01,Mirzapur,UAicdMLyuk4,17,199,1.0,100.0
2020-04-01,Mirzapur,UAicdMLyuk4,18,199,52.0,9.57852985876858
2020-04-01,Mirzapur,UAicdMLyuk4,28,199,1.0,0.0
2020-04-01,Mirzapur,UAicdMLyuk4,30,199,1.0,0.0
2020-04-01,Mirzapur,UAicdMLyuk4,32,199,37.0,30.106629360106268
2020-04-01,Mirzapur,UAicdMLyuk4,35,199,1.0,0.0
2020-04-01,Firozabad,eJTsuE56XDF,1,147,1.0,100.0
2020-04-01,Firozabad,eJTsuE56XDF,2,147,1.0,0.0
2020-04-01,Firozabad,eJTsuE56XDF,5,147,45.0,0.0
2020-04-01,Firozabad,eJTsuE56XDF,9,147,51.0,28.631447215518012
2020-04-01,Firozabad,eJTsuE56XDF,10,147,52.0,32.30833407824558
2020-04-01,Firozabad,eJTsuE56XDF,11,147,25.0,58.20148386520068
2020-04-01,Firozabad,eJTsuE56XDF,14,147,5.0,67.32268845154104
2020-04-01,Firozabad,eJTsuE56XDF,16,147,50.0,1.6924406304937278
2020-04-01,Firozabad,eJTsuE56XDF,17,147,8.0,94.28571428571428
2020-04-01,Firozabad,eJTsuE56XDF,18,147,58.0,7.858790136597482
2020-04-01,Firozabad,eJTsuE56XDF,28,147,1.0,0.0
2020-04-01,Firozabad,eJTsuE56XDF,30,147,1.0,0.0
2020-04-01,Firozabad,eJTsuE56XDF,32,147,60.0,18.235838276106005
2020-04-01,Firozabad,eJTsuE56XDF,35,147,1.0,0.0
2020-04-01,Maunathbhanjan,CBSB9v92AwT,1,192,1.0,100.0
2020-04-01,Maunathbhanjan,CBSB9v92AwT,2,192,1.0,0.0
2020-04-01,Maunathbhanjan,CBSB9v92AwT,5,192,22.0,8.333333333333332
2020-04-01,Maunathbhanjan,CBSB9v92AwT,6,192,15.0,44.444444444444436
2020-04-01,Maunathbhanjan,CBSB9v92AwT,9,192,72.0,14.836947641168091
2020-04-01,Maunathbhanjan,CBSB9v92AwT,10,192,75.0,10.007236396741286
2020-04-01,Maunathbhanjan,CBSB9v92AwT,11,192,74.0,6.7788697215154405
2020-04-01,Maunathbhanjan,CBSB9v92AwT,14,192,46.0,0.3811338732729872
2020-04-01,Maunathbhanjan,CBSB9v92AwT,16,192,74.0,0.07236396741287146
2020-04-01,Maunathbhanjan,CBSB9v92AwT,17,192,22.0,36.53846153846153
2020-04-01,Maunathbhanjan,CBSB9v92AwT,18,192,65.0,6.46081913956948
2020-04-01,Maunathbhanjan,CBSB9v92AwT,19,192,2.0,68.62361382909327
2020-04-01,Maunathbhanjan,CBSB9v92AwT,20,192,19.0,37.74131048810664
2020-04-01,Maunathbhanjan,CBSB9v92AwT,21,192,25.0,1.071453582016387
2020-04-01,Maunathbhanjan,CBSB9v92AwT,22,192,2.0,0.0
2020-04-01,Maunathbhanjan,CBSB9v92AwT,28,192,1.0,0.0
2020-04-01,Maunathbhanjan,CBSB9v92AwT,30,192,1.0,0.0
2020-04-01,Maunathbhanjan,CBSB9v92AwT,32,192,69.0,11.782593386895424
2020-04-01,Maunathbhanjan,CBSB9v92AwT,35,192,1.0,0.0
2020-04-01,Ballia,oNDvGBE5fLq,1,193,18.0,0.0
2020-04-01,Ballia,oNDvGBE5fLq,2,193,1.0,0.0
2020-04-01,Ballia,oNDvGBE5fLq,5,193,45.0,0.0
2020-04-01,Ballia,oNDvGBE5fLq,9,193,70.0,15.451730931607091
2020-04-01,Ballia,oNDvGBE5fLq,10,193,65.0,22.32761047002533
2020-04-01,Ballia,oNDvGBE5fLq,11,193,32.0,48.91077962285393
2020-04-01,Ballia,oNDvGBE5fLq,14,193,39.0,5.325936199722609
2020-04-01,Ballia,oNDvGBE5fLq,16,193,42.0,2.3416830847171406
2020-04-01,Ballia,oNDvGBE5fLq,17,193,18.0,70.83333333333334
2020-04-01,Ballia,oNDvGBE5fLq,18,193,73.0,2.4649084462577098
2020-04-01,Ballia,oNDvGBE5fLq,28,193,1.0,0.0
2020-04-01,Ballia,oNDvGBE5fLq,30,193,1.0,0.0
2020-04-01,Ballia,oNDvGBE5fLq,32,193,43.0,28.27818783405447
2020-04-01,Ballia,oNDvGBE5fLq,35,193,1.0,0.0
2020-04-01,Pilibhit,c96jwckSd6j,1,151,1.0,100.0
2020-04-01,Pilibhit,c96jwckSd6j,2,151,1.0,0.0
2020-04-01,Pilibhit,c96jwckSd6j,5,151,10.0,23.33333333333333
2020-04-01,Pilibhit,c96jwckSd6j,9,151,4.0,59.33571026458998
2020-04-01,Pilibhit,c96jwckSd6j,10,151,12.0,56.97128917245262
2020-04-01,Pilibhit,c96jwckSd6j,11,151,23.0,58.76524676299494
2020-04-01,Pilibhit,c96jwckSd6j,14,151,9.0,55.008210180623976
2020-04-01,Pilibhit,c96jwckSd6j,16,151,1.0,17.245261775192347
2020-04-01,Pilibhit,c96jwckSd6j,17,151,1.0,100.0
2020-04-01,Pilibhit,c96jwckSd6j,18,151,43.0,12.742630195222912
2020-04-01,Pilibhit,c96jwckSd6j,28,151,1.0,0.0
2020-04-01,Pilibhit,c96jwckSd6j,30,151,1.0,0.0
2020-04-01,Pilibhit,c96jwckSd6j,32,151,39.0,29.467881428665727
2020-04-01,Pilibhit,c96jwckSd6j,35,151,1.0,0.0
2020-04-01,Rampur,IU006h5U7jj,1,136,1.0,100.0
2020-04-01,Rampur,IU006h5U7jj,2,136,1.0,0.0
2020-04-01,Rampur,IU006h5U7jj,5,136,19.0,9.30232558139535
2020-04-01,Rampur,IU006h5U7jj,9,136,50.0,29.51377455822632
2020-04-01,Rampur,IU006h5U7jj,10,136,44.0,35.36933377236308
2020-04-01,Rampur,IU006h5U7jj,11,136,35.0,48.28504006146417
2020-04-01,Rampur,IU006h5U7jj,14,136,23.0,21.51600753295668
2020-04-01,Rampur,IU006h5U7jj,16,136,33.0,4.634507737899242
2020-04-01,Rampur,IU006h5U7jj,17,136,1.0,100.0
2020-04-01,Rampur,IU006h5U7jj,18,136,74.0,1.1999200053329775
2020-04-01,Rampur,IU006h5U7jj,28,136,1.0,0.0
2020-04-01,Rampur,IU006h5U7jj,30,136,1.0,0.0
2020-04-01,Rampur,IU006h5U7jj,32,136,2.0,66.20050140453681
2020-04-01,Rampur,IU006h5U7jj,35,136,1.0,0.0
2020-04-01,Hamirpur,VSI7HobT5qL,1,168,9.0,35.98137434739665
2020-04-01,Hamirpur,VSI7HobT5qL,2,168,1.0,0.0
2020-04-01,Hamirpur,VSI7HobT5qL,5,168,33.0,3.125
2020-04-01,Hamirpur,VSI7HobT5qL,6,168,16.0,40.625
2020-04-01,Hamirpur,VSI7HobT5qL,9,168,59.0,21.869731800766285
2020-04-01,Hamirpur,VSI7HobT5qL,10,168,35.0,39.407407407407405
2020-04-01,Hamirpur,VSI7HobT5qL,11,168,15.0,69.78799489144318
2020-04-01,Hamirpur,VSI7HobT5qL,14,168,1.0,100.0
2020-04-01,Hamirpur,VSI7HobT5qL,16,168,75.0,0.020434227330779056
2020-04-01,Hamirpur,VSI7HobT5qL,17,168,,
2020-04-01,Hamirpur,VSI7HobT5qL,18,168,64.0,6.666666666666668
2020-04-01,Hamirpur,VSI7HobT5qL,28,168,1.0,0.0
2020-04-01,Hamirpur,VSI7HobT5qL,30,168,1.0,0.0
2020-04-01,Hamirpur,VSI7HobT5qL,32,168,42.0,28.672690450225893
2020-04-01,Hamirpur,VSI7HobT5qL,35,168,1.0,0.0
2020-04-01,Sambhal,YzHpzrN0eLv,48,205,58.0,0.05017184258656431
2020-04-01,Sambhal,YzHpzrN0eLv,49,205,35.0,0.004020316408108149
2020-04-01,Sambhal,YzHpzrN0eLv,50,205,71.0,0.2153762268266085
2020-04-01,Sambhal,YzHpzrN0eLv,51,205,47.0,0.5164556962025316
2020-04-01,Sambhal,YzHpzrN0eLv,52,205,73.0,0.3921568627450979
2020-04-01,Deoria,Tf9b9qcbghH,48,190,67.0,0.041884122303247
2020-04-01,Deoria,Tf9b9qcbghH,49,190,55.0,0.003164164748072537
2020-04-01,Deoria,Tf9b9qcbghH,50,190,35.0,0.3932943054816392
2020-04-01,Deoria,Tf9b9qcbghH,51,190,56.0,0.4736129905277402
2020-04-01,Deoria,Tf9b9qcbghH,52,190,63.0,0.6114285714285714
2020-04-01,Barabanki,tzH6nJu9SwS,48,176,57.0,0.051410004417697205
2020-04-01,Barabanki,tzH6nJu9SwS,49,176,58.0,0.002822417662062525
2020-04-01,Barabanki,tzH6nJu9SwS,50,176,53.0,0.3140096618357488
2020-04-01,Barabanki,tzH6nJu9SwS,51,176,35.0,0.5606837606837607
2020-04-01,Barabanki,tzH6nJu9SwS,52,176,67.0,0.5792682926829268
2020-04-01,Bulandshahar,ogBt4gWCiem,48,142,50.0,0.05981065292929946
2020-04-01,Bulandshahar,ogBt4gWCiem,49,142,63.0,0.0026408211248045307
2020-04-01,Bulandshahar,ogBt4gWCiem,50,142,1.0,0.779510022271715
2020-04-01,Bulandshahar,ogBt4gWCiem,51,142,43.0,0.525
2020-04-01,Bulandshahar,ogBt4gWCiem,52,142,24.0,1.2149659863945579
2020-04-01,Hathras,m1IAjmqkoFC,48,144,3.0,0.15744880472374542
2020-04-01,Hathras,m1IAjmqkoFC,49,144,2.0,0.01333234429994899
2020-04-01,Hathras,m1IAjmqkoFC,50,144,69.0,0.22475490196078432
2020-04-01,Hathras,m1IAjmqkoFC,51,144,50.0,0.4983642311886587
2020-04-01,Hathras,m1IAjmqkoFC,52,144,72.0,0.4485776805251641
2020-04-01,Gonda,y8WarEkWCul,48,183,68.0,0.04185546240664231
2020-04-01,Gonda,y8WarEkWCul,49,183,72.0,0.001907025291320782
2020-04-01,Gonda,y8WarEkWCul,50,183,13.0,0.5460624071322436
2020-04-01,Gonda,y8WarEkWCul,51,183,15.0,0.6911564625850339
2020-04-01,Gonda,y8WarEkWCul,52,183,36.0,1.0767716535433072
2020-04-01,Shamli,AdiUcz9BXhx,48,203,4.0,0.12447110406706413
2020-04-01,Shamli,AdiUcz9BXhx,49,203,73.0,0.0018221233461518031
2020-04-01,Shamli,AdiUcz9BXhx,50,203,48.0,0.3367556468172485
2020-04-01,Shamli,AdiUcz9BXhx,51,203,21.0,0.6463414634146342
2020-04-01,Shamli,AdiUcz9BXhx,52,203,66.0,0.5849056603773585
2020-04-01,Meerut,v8YGmR7nOdj,48,138,44.0,0.06261265204872196
2020-04-01,Meerut,v8YGmR7nOdj,49,138,16.0,0.0058690249503269105
2020-04-01,Meerut,v8YGmR7nOdj,50,138,52.0,0.31468710089399743
2020-04-01,Meerut,v8YGmR7nOdj,51,138,67.0,0.41396103896103903
2020-04-01,Meerut,v8YGmR7nOdj,52,138,48.0,0.8156862745098039
2020-04-01,Auraiya,Bd6E8zkVvVt,48,162,13.0,0.10648909935882804
2020-04-01,Auraiya,Bd6E8zkVvVt,49,162,21.0,0.004803129234984746
2020-04-01,Auraiya,Bd6E8zkVvVt,50,162,25.0,0.4582689335394127
2020-04-01,Auraiya,Bd6E8zkVvVt,51,162,57.0,0.4688026981450253
2020-04-01,Auraiya,Bd6E8zkVvVt,52,162,33.0,1.1043165467625902
2020-04-01,Kannauj,IhQbDYRiF8w,48,160,40.0,0.06298315098774157
2020-04-01,Kannauj,IhQbDYRiF8w,49,160,62.0,0.002649942047712328
2020-04-01,Kannauj,IhQbDYRiF8w,50,160,50.0,0.3256880733944954
2020-04-01,Kannauj,IhQbDYRiF8w,51,160,46.0,0.5176056338028169
2020-04-01,Kannauj,IhQbDYRiF8w,52,160,34.0,1.1020408163265305
2020-04-01,Ambedkar Nagar,jM27ji8tyrM,48,178,64.0,0.0451122902567006
2020-04-01,Ambedkar Nagar,jM27ji8tyrM,49,178,60.0,0.0027271764400707203
2020-04-01,Ambedkar Nagar,jM27ji8tyrM,50,178,8.0,0.6124031007751938
2020-04-01,Ambedkar Nagar,jM27ji8tyrM,51,178,14.0,0.6962025316455697
2020-04-01,Ambedkar Nagar,jM27ji8tyrM,52,178,58.0,0.6690909090909091
2020-04-01,Azamgarh,NjckKfm3g0k,48,191,75.0,0.03249965828826433
2020-04-01,Azamgarh,NjckKfm3g0k,49,191,74.0,0.0017200106392410675
2020-04-01,Azamgarh,NjckKfm3g0k,50,191,30.0,0.4342783505154639
2020-04-01,Azamgarh,NjckKfm3g0k,51,191,10.0,0.7359050445103857
2020-04-01,Azamgarh,NjckKfm3g0k,52,191,43.0,0.9435483870967742
2020-04-01,Bahraich,iE0E3nLioFr,48,180,28.0,0.07209040530003798
2020-04-01,Bahraich,iE0E3nLioFr,49,180,9.0,0.00725200739181163
2020-04-01,Bahraich,iE0E3nLioFr,50,180,38.0,0.3743952363230368
2020-04-01,Bahraich,iE0E3nLioFr,51,180,48.0,0.507455268389662
2020-04-01,Bahraich,iE0E3nLioFr,52,180,54.0,0.7061704211557297
2020-04-01,Kanpur Nagar,QVMRMhzVrrS,48,164,60.0,0.049435721362818916
2020-04-01,Kanpur Nagar,QVMRMhzVrrS,49,164,36.0,0.004007311635739377
2020-04-01,Kanpur Nagar,QVMRMhzVrrS,50,164,41.0,0.3636096413874192
2020-04-01,Kanpur Nagar,QVMRMhzVrrS,51,164,72.0,0.37510105092966856
2020-04-01,Kanpur Nagar,QVMRMhzVrrS,52,164,2.0,4.829741379310343
2020-04-01,Fatehpur,ibLiLcaKzw2,48,172,69.0,0.04162743558786563
2020-04-01,Fatehpur,ibLiLcaKzw2,49,172,39.0,0.003909203193946139
2020-04-01,Fatehpur,ibLiLcaKzw2,50,172,67.0,0.2306910569105691
2020-04-01,Fatehpur,ibLiLcaKzw2,51,172,69.0,0.3876651982378855
2020-04-01,Fatehpur,ibLiLcaKzw2,52,172,64.0,0.6079545454545454
2020-04-01,Etawah,Pm0jLk6EAiE,48,161,5.0,0.12255157221928828
2020-04-01,Etawah,Pm0jLk6EAiE,49,161,11.0,0.006882142428584537
2020-04-01,Etawah,Pm0jLk6EAiE,50,161,68.0,0.22703962703962705
2020-04-01,Etawah,Pm0jLk6EAiE,51,161,71.0,0.3798767967145791
2020-04-01,Etawah,Pm0jLk6EAiE,52,161,20.0,1.2702702702702702
2020-04-01,Chitrakoot,i2fSZZ3QAJJ,48,171,8.0,0.11841704321303376
2020-04-01,Chitrakoot,i2fSZZ3QAJJ,49,171,27.0,0.0044255171677083935
2020-04-01,Chitrakoot,i2fSZZ3QAJJ,50,171,9.0,0.6040044493882091
2020-04-01,Chitrakoot,i2fSZZ3QAJJ,51,171,11.0,0.7311233885819521
2020-04-01,Chitrakoot,i2fSZZ3QAJJ,52,171,44.0,0.929471032745592
2020-04-01,Jhansi,Mq751wBMqGF,48,166,12.0,0.10789259575114518
2020-04-01,Jhansi,Mq751wBMqGF,49,166,57.0,0.002844435452563759
2020-04-01,Jhansi,Mq751wBMqGF,50,166,33.0,0.4271310724106325
2020-04-01,Jhansi,Mq751wBMqGF,51,166,40.0,0.5321888412017167
2020-04-01,Jhansi,Mq751wBMqGF,52,166,9.0,1.7379032258064515
2020-04-01,Amethi,StsLkYw1G0m,48,206,22.0,0.07798944975911759
2020-04-01,Amethi,StsLkYw1G0m,49,206,66.0,0.002503287089211443
2020-04-01,Amethi,StsLkYw1G0m,50,206,11.0,0.594541910331384
2020-04-01,Amethi,StsLkYw1G0m,51,206,39.0,0.5327868852459017
2020-04-01,Amethi,StsLkYw1G0m,52,206,69.0,0.5415384615384615
2020-04-01,Maharajganj,AcnMkNGgc3S,48,187,37.0,0.06495268556889369
2020-04-01,Maharajganj,AcnMkNGgc3S,49,187,31.0,0.004114377510157139
2020-04-01,Maharajganj,AcnMkNGgc3S,50,187,10.0,0.5982300884955752
2020-04-01,Maharajganj,AcnMkNGgc3S,51,187,13.0,0.7011834319526628
2020-04-01,Maharajganj,AcnMkNGgc3S,52,187,17.0,1.3713080168776368
2020-04-01,Bareilly,vVqY3DPcpHf,48,150,56.0,0.053001842853677726
2020-04-01,Bareilly,vVqY3DPcpHf,49,150,40.0,0.003834176922115579
2020-04-01,Bareilly,vVqY3DPcpHf,50,150,18.0,0.4882048331415421
2020-04-01,Bareilly,vVqY3DPcpHf,51,150,16.0,0.6782557454331173
2020-04-01,Bareilly,vVqY3DPcpHf,52,150,37.0,1.0556038227628148
2020-04-01,Shahjahanpur,GaiLSoQq1ue,48,152,26.0,0.07349075500365385
2020-04-01,Shahjahanpur,GaiLSoQq1ue,49,152,37.0,0.003926560503861501
2020-04-01,Shahjahanpur,GaiLSoQq1ue,50,152,46.0,0.3389121338912134
2020-04-01,Shahjahanpur,GaiLSoQq1ue,51,152,64.0,0.43333333333333335
2020-04-01,Shahjahanpur,GaiLSoQq1ue,52,152,31.0,1.148148148148148
2020-04-01,Kushinagar,xUeHwd9FQkg,48,189,62.0,0.04907504430110008
2020-04-01,Kushinagar,xUeHwd9FQkg,49,189,64.0,0.002636779503433993
2020-04-01,Kushinagar,xUeHwd9FQkg,50,189,39.0,0.371875
2020-04-01,Kushinagar,xUeHwd9FQkg,51,189,26.0,0.6036414565826329
2020-04-01,Kushinagar,xUeHwd9FQkg,52,189,45.0,0.8584686774941995
2020-04-01,Hardoi,MTIkUw5q5pX,48,155,29.0,0.06976756479780714
2020-04-01,Hardoi,MTIkUw5q5pX,49,155,49.0,0.0035560571853032728
2020-04-01,Hardoi,MTIkUw5q5pX,50,155,40.0,0.3701543739279589
2020-04-01,Hardoi,MTIkUw5q5pX,51,155,25.0,0.6079703429101021
2020-04-01,Hardoi,MTIkUw5q5pX,52,155,6.0,1.914634146341464
2020-04-01,Ayodhya,b4XkXzoGqFY,48,177,61.0,0.049076905116174484
2020-04-01,Ayodhya,b4XkXzoGqFY,49,177,69.0,0.0022425683378075275
2020-04-01,Ayodhya,b4XkXzoGqFY,50,177,6.0,0.6752058554437328
2020-04-01,Ayodhya,b4XkXzoGqFY,51,177,18.0,0.6626016260162602
2020-04-01,Ayodhya,b4XkXzoGqFY,52,177,61.0,0.6523517382413088
2020-04-01,Gorakhpur,vR85cHdsw1w,48,188,27.0,0.07266828038811032
2020-04-01,Gorakhpur,vR85cHdsw1w,49,188,38.0,0.003918983240933843
2020-04-01,Gorakhpur,vR85cHdsw1w,50,188,22.0,0.47559193218357204
2020-04-01,Gorakhpur,vR85cHdsw1w,51,188,53.0,0.4837123540258144
2020-04-01,Gorakhpur,vR85cHdsw1w,52,188,21.0,1.2681067344345616
2020-04-01,Hapur,CZ8kLjgqvSH,48,204,20.0,0.07998810384781613
2020-04-01,Hapur,CZ8kLjgqvSH,49,204,13.0,0.0064600830070171535
2020-04-01,Hapur,CZ8kLjgqvSH,50,204,2.0,0.6984367120524458
2020-04-01,Hapur,CZ8kLjgqvSH,51,204,62.0,0.4404332129963899
2020-04-01,Hapur,CZ8kLjgqvSH,52,204,42.0,0.9442622950819672
2020-04-01,Prayagraj,tXgaew1Pd2Y,48,175,35.0,0.065671740381987
2020-04-01,Prayagraj,tXgaew1Pd2Y,49,175,32.0,0.0041032291718403726
2020-04-01,Prayagraj,tXgaew1Pd2Y,50,175,60.0,0.29128393549704024
2020-04-01,Prayagraj,tXgaew1Pd2Y,51,175,61.0,0.4498948843728101
2020-04-01,Prayagraj,tXgaew1Pd2Y,52,175,53.0,0.7149532710280374
2020-04-01,Chandauli,ClbehnmwSec,48,196,34.0,0.06574926928374547
2020-04-01,Chandauli,ClbehnmwSec,49,196,7.0,0.007807582277020985
2020-04-01,Chandauli,ClbehnmwSec,50,196,17.0,0.5001656177542233
2020-04-01,Chandauli,ClbehnmwSec,51,196,45.0,0.5225165562913907
2020-04-01,Chandauli,ClbehnmwSec,52,196,40.0,1.0139416983523448
2020-04-01,Lucknow,MfHac5N78aK,48,157,18.0,0.08434659774267643
2020-04-01,Lucknow,MfHac5N78aK,49,157,30.0,0.004362251328353743
2020-04-01,Lucknow,MfHac5N78aK,50,157,62.0,0.2676597789524267
2020-04-01,Lucknow,MfHac5N78aK,51,157,29.0,0.5879712746858169
2020-04-01,Lucknow,MfHac5N78aK,52,157,3.0,3.8366412213740464
2020-04-01,Sultanpur,o4ZQTVcMI7U,48,179,41.0,0.06296750963325769
2020-04-01,Sultanpur,o4ZQTVcMI7U,49,179,43.0,0.003770488722981818
2020-04-01,Sultanpur,o4ZQTVcMI7U,50,179,49.0,0.3327796234772979
2020-04-01,Sultanpur,o4ZQTVcMI7U,51,179,8.0,0.7703826955074875
2020-04-01,Sultanpur,o4ZQTVcMI7U,52,179,56.0,0.6933045356371489
2020-04-01,Budaun,eA37kyBRRuZ,48,149,70.0,0.039652987700779206
2020-04-01,Budaun,eA37kyBRRuZ,49,149,41.0,0.003828472268164779
2020-04-01,Budaun,eA37kyBRRuZ,50,149,44.0,0.3527196652719665
2020-04-01,Budaun,eA37kyBRRuZ,51,149,68.0,0.4009489916963225
2020-04-01,Budaun,eA37kyBRRuZ,52,149,49.0,0.8076923076923077
2020-04-01,Kaushambi,PAj0oVY0Dxu,48,174,7.0,0.11979365485896412
2020-04-01,Kaushambi,PAj0oVY0Dxu,49,174,10.0,0.006927293903859405
2020-04-01,Kaushambi,PAj0oVY0Dxu,50,174,4.0,0.6870598591549296
2020-04-01,Kaushambi,PAj0oVY0Dxu,51,174,9.0,0.7488789237668162
2020-04-01,Kaushambi,PAj0oVY0Dxu,52,174,16.0,1.3934987168520103
2020-04-01,Banda,DggJGxqbWHn,48,170,39.0,0.06426139864384164
2020-04-01,Banda,DggJGxqbWHn,49,170,42.0,0.003814944270881664
2020-04-01,Banda,DggJGxqbWHn,50,170,51.0,0.32286340394448504
2020-04-01,Banda,DggJGxqbWHn,51,170,20.0,0.6515837104072398
2020-04-01,Banda,DggJGxqbWHn,52,170,25.0,1.2048611111111112
2020-04-01,Sonbhadra,NNk3JP90QZ5,48,200,43.0,0.06263683179201672
2020-04-01,Sonbhadra,NNk3JP90QZ5,49,200,18.0,0.005133647708140603
2020-04-01,Sonbhadra,NNk3JP90QZ5,50,200,42.0,0.3566326530612245
2020-04-01,Sonbhadra,NNk3JP90QZ5,51,200,51.0,0.4878397711015737
2020-04-01,Sonbhadra,NNk3JP90QZ5,52,200,46.0,0.8328445747800587
2020-04-01,Saharanpur,FKYZ3JbWq84,48,132,9.0,0.11325514890602825
2020-04-01,Saharanpur,FKYZ3JbWq84,49,132,44.0,0.0037598972487864336
2020-04-01,Saharanpur,FKYZ3JbWq84,50,132,57.0,0.2954545454545455
2020-04-01,Saharanpur,FKYZ3JbWq84,51,132,41.0,0.530638852672751
2020-04-01,Saharanpur,FKYZ3JbWq84,52,132,50.0,0.8058968058968059
2020-04-01,Siddharth Nagar,cP0p8qfm3il,48,184,17.0,0.09269460344380843
2020-04-01,Siddharth Nagar,cP0p8qfm3il,49,184,22.0,0.004718630014368831
2020-04-01,Siddharth Nagar,cP0p8qfm3il,50,184,24.0,0.4596645367412141
2020-04-01,Siddharth Nagar,cP0p8qfm3il,51,184,63.0,0.4361424847958297
2020-04-01,Siddharth Nagar,cP0p8qfm3il,52,184,19.0,1.2768924302788844
2020-04-01,Etah,ZLcx4iOVyN5,48,201,49.0,0.06065986233525227
2020-04-01,Etah,ZLcx4iOVyN5,49,201,33.0,0.004053866993612688
2020-04-01,Etah,ZLcx4iOVyN5,50,201,31.0,0.4325681492109039
2020-04-01,Etah,ZLcx4iOVyN5,51,201,74.0,0.3167495854063018
2020-04-01,Etah,ZLcx4iOVyN5,52,201,60.0,0.6544502617801047
2020-04-01,Unnav,aT03mfdlNiF,48,156,63.0,0.047671957036051066
2020-04-01,Unnav,aT03mfdlNiF,49,156,68.0,0.002243478513435081
2020-04-01,Unnav,aT03mfdlNiF,50,156,32.0,0.43080357142857145
2020-04-01,Unnav,aT03mfdlNiF,51,156,3.0,0.844559585492228
2020-04-01,Unnav,aT03mfdlNiF,52,156,27.0,1.1983640081799591
2020-04-01,Amroha,hgquAmZaNBu,48,137,45.0,0.0612589523171622
2020-04-01,Amroha,hgquAmZaNBu,49,137,52.0,0.0033503198554370355
2020-04-01,Amroha,hgquAmZaNBu,50,137,20.0,0.4812749003984064
2020-04-01,Amroha,hgquAmZaNBu,51,137,7.0,0.7748344370860927
2020-04-01,Amroha,hgquAmZaNBu,52,137,59.0,0.6623931623931624
2020-04-01,Pratapgarh,fz7bJo3egPX,48,173,55.0,0.053210645367669326
2020-04-01,Pratapgarh,fz7bJo3egPX,49,173,61.0,0.002686736957171093
2020-04-01,Pratapgarh,fz7bJo3egPX,50,173,61.0,0.2755765819041987
2020-04-01,Pratapgarh,fz7bJo3egPX,51,173,12.0,0.7274678111587983
2020-04-01,Pratapgarh,fz7bJo3egPX,52,173,13.0,1.5840707964601768
2020-04-01,Kanpur Dehat,k3D0AumUCiC,48,163,19.0,0.08258140265620126
2020-04-01,Kanpur Dehat,k3D0AumUCiC,49,163,51.0,0.003474900570392921
2020-04-01,Kanpur Dehat,k3D0AumUCiC,50,163,37.0,0.3763530391340549
2020-04-01,Kanpur Dehat,k3D0AumUCiC,51,163,19.0,0.6548672566371682
2020-04-01,Kanpur Dehat,k3D0AumUCiC,52,163,15.0,1.429054054054054
2020-04-01,Lakhimpur Kheri,d9ZuMopgX29,48,153,30.0,0.06922939918143044
2020-04-01,Lakhimpur Kheri,d9ZuMopgX29,49,153,34.0,0.0040244930116730675
2020-04-01,Lakhimpur Kheri,d9ZuMopgX29,50,153,54.0,0.3073941562313655
2020-04-01,Lakhimpur Kheri,d9ZuMopgX29,51,153,66.0,0.4248302618816683
2020-04-01,Lakhimpur Kheri,d9ZuMopgX29,52,153,26.0,1.1986301369863013
2020-04-01,Varanasi,LeuBT7KfuuA,48,197,38.0,0.06471963830630191
2020-04-01,Varanasi,LeuBT7KfuuA,49,197,53.0,0.0032115989049420943
2020-04-01,Varanasi,LeuBT7KfuuA,50,197,34.0,0.4064935064935065
2020-04-01,Varanasi,LeuBT7KfuuA,51,197,6.0,0.7795527156549521
2020-04-01,Varanasi,LeuBT7KfuuA,52,197,8.0,1.7841530054644807
2020-04-01,Muzaffarnagar,MVQs2RrS1Nw,48,133,33.0,0.0674404739173927
2020-04-01,Muzaffarnagar,MVQs2RrS1Nw,49,133,20.0,0.004931207533364978
2020-04-01,Muzaffarnagar,MVQs2RrS1Nw,50,133,73.0,0.2035166479610924
2020-04-01,Muzaffarnagar,MVQs2RrS1Nw,51,133,70.0,0.3805147058823529
2020-04-01,Muzaffarnagar,MVQs2RrS1Nw,52,133,57.0,0.6714975845410628
2020-04-01,Farrukhabad,uEEwlAGZXWW,48,159,36.0,0.06554878021790267
2020-04-01,Farrukhabad,uEEwlAGZXWW,49,159,54.0,0.003189661354105527
2020-04-01,Farrukhabad,uEEwlAGZXWW,50,159,21.0,0.4779350541215653
2020-04-01,Farrukhabad,uEEwlAGZXWW,51,159,52.0,0.4860627177700349
2020-04-01,Farrukhabad,uEEwlAGZXWW,52,159,7.0,1.7956989247311828
2020-04-01,Aligarh,frD2HOp3wAs,48,143,46.0,0.061217177814589165
2020-04-01,Aligarh,frD2HOp3wAs,49,143,45.0,0.003690051700833069
2020-04-01,Aligarh,frD2HOp3wAs,50,143,15.0,0.5318840579710145
2020-04-01,Aligarh,frD2HOp3wAs,51,143,33.0,0.5667574931880109
2020-04-01,Aligarh,frD2HOp3wAs,52,143,52.0,0.7403846153846154
2020-04-01,Sant Kabir Nagar,fe1yBApr2sl,48,186,16.0,0.09596740662003417
2020-04-01,Sant Kabir Nagar,fe1yBApr2sl,49,186,6.0,0.007838558797177654
2020-04-01,Sant Kabir Nagar,fe1yBApr2sl,50,186,45.0,0.3445720637273064
2020-04-01,Sant Kabir Nagar,fe1yBApr2sl,51,186,65.0,0.4268817204301075
2020-04-01,Sant Kabir Nagar,fe1yBApr2sl,52,186,5.0,1.92191435768262
2020-04-01,Lalitpur,fagfcadhxej,48,167,25.0,0.07389006924600337
2020-04-01,Lalitpur,fagfcadhxej,49,167,5.0,0.008014455335951468
2020-04-01,Lalitpur,fagfcadhxej,50,167,75.0,0.2016806722689076
2020-04-01,Lalitpur,fagfcadhxej,51,167,73.0,0.3308823529411765
2020-04-01,Lalitpur,fagfcadhxej,52,167,4.0,1.9259259259259256
2020-04-01,Agra,N5WWbRtsjWp,48,146,15.0,0.09888100407298753
2020-04-01,Agra,N5WWbRtsjWp,49,146,28.0,0.004413207167835196
2020-04-01,Agra,N5WWbRtsjWp,50,146,66.0,0.2456318055203849
2020-04-01,Agra,N5WWbRtsjWp,51,146,58.0,0.4649484536082474
2020-04-01,Agra,N5WWbRtsjWp,52,146,29.0,1.1596452328159643
2020-04-01,Sitapur,XxaOowFtkiJ,48,154,54.0,0.05457655691179415
2020-04-01,Sitapur,XxaOowFtkiJ,49,154,59.0,0.0027972511490146675
2020-04-01,Sitapur,XxaOowFtkiJ,50,154,27.0,0.4516129032258064
2020-04-01,Sitapur,XxaOowFtkiJ,51,154,24.0,0.621342512908778
2020-04-01,Sitapur,XxaOowFtkiJ,52,154,30.0,1.1481994459833795
2020-04-01,Bhadohi,PeUY1vj02UQ,48,198,11.0,0.10811726294105076
2020-04-01,Bhadohi,PeUY1vj02UQ,49,198,56.0,0.0030831965462994977
2020-04-01,Bhadohi,PeUY1vj02UQ,50,198,28.0,0.4451476793248945
2020-04-01,Bhadohi,PeUY1vj02UQ,51,198,37.0,0.5497630331753555
2020-04-01,Bhadohi,PeUY1vj02UQ,52,198,65.0,0.5991379310344828
2020-04-01,Shrawasti,oyTwneTbWDx,48,181,53.0,0.05475704030614914
2020-04-01,Shrawasti,oyTwneTbWDx,49,181,15.0,0.005871326560929932
2020-04-01,Shrawasti,oyTwneTbWDx,50,181,14.0,0.5437100213219617
2020-04-01,Shrawasti,oyTwneTbWDx,51,181,23.0,0.6392156862745098
2020-04-01,Shrawasti,oyTwneTbWDx,52,181,18.0,1.3231083844580778
2020-04-01,Mainpuri,XBLhrSWGytu,48,148,6.0,0.12015294580357427
2020-04-01,Mainpuri,XBLhrSWGytu,49,148,4.0,0.008327014824057925
2020-04-01,Mainpuri,XBLhrSWGytu,50,148,55.0,0.305162775402828
2020-04-01,Mainpuri,XBLhrSWGytu,51,148,75.0,0.2295258620689655
2020-04-01,Mainpuri,XBLhrSWGytu,52,148,74.0,0.38497652582159625
2020-04-01,Gautam Buddha Nagar,bNmwkrQeP3e,48,141,24.0,0.07628092161086092
2020-04-01,Gautam Buddha Nagar,bNmwkrQeP3e,49,141,50.0,0.0035397335725159016
2020-04-01,Gautam Buddha Nagar,bNmwkrQeP3e,50,141,64.0,0.2633832976445396
2020-04-01,Gautam Buddha Nagar,bNmwkrQeP3e,51,141,49.0,0.5040650406504065
2020-04-01,Gautam Buddha Nagar,bNmwkrQeP3e,52,141,70.0,0.478494623655914
2020-04-01,Rae Bareli,lLvTDpBDY8u,48,158,47.0,0.061106775085592
2020-04-01,Rae Bareli,lLvTDpBDY8u,49,158,47.0,0.0036416839409880884
2020-04-01,Rae Bareli,lLvTDpBDY8u,50,158,26.0,0.4533777354900096
2020-04-01,Rae Bareli,lLvTDpBDY8u,51,158,1.0,1.0083945435466946
2020-04-01,Rae Bareli,lLvTDpBDY8u,52,158,22.0,1.266389177939646
2020-04-01,Balrampur,uS0pNSxN3sS,48,182,10.0,0.10891405914544826
2020-04-01,Balrampur,uS0pNSxN3sS,49,182,14.0,0.006090350740093674
2020-04-01,Balrampur,uS0pNSxN3sS,50,182,3.0,0.6896551724137931
2020-04-01,Balrampur,uS0pNSxN3sS,51,182,5.0,0.783157894736842
2020-04-01,Balrampur,uS0pNSxN3sS,52,182,35.0,1.0826612903225807
2020-04-01,Bagpat,HJIS3IrQ0Nj,48,139,42.0,0.06268584489482595
2020-04-01,Bagpat,HJIS3IrQ0Nj,49,139,71.0,0.0019816206721363747
2020-04-01,Bagpat,HJIS3IrQ0Nj,50,139,23.0,0.4670781893004115
2020-04-01,Bagpat,HJIS3IrQ0Nj,51,139,31.0,0.5770925110132159
2020-04-01,Bagpat,HJIS3IrQ0Nj,52,139,14.0,1.5114503816793894
2020-04-01,Jalaun,NL5xiiHZQSC,48,165,31.0,0.068290636455882
2020-04-01,Jalaun,NL5xiiHZQSC,49,165,25.0,0.0045993592574745685
2020-04-01,Jalaun,NL5xiiHZQSC,50,165,63.0,0.2655629139072848
2020-04-01,Jalaun,NL5xiiHZQSC,51,165,28.0,0.5960099750623441
2020-04-01,Jalaun,NL5xiiHZQSC,52,165,47.0,0.8242677824267782
2020-04-01,Bijnor,uCYjHW7FuGG,48,134,72.0,0.03831745702327834
2020-04-01,Bijnor,uCYjHW7FuGG,49,134,24.0,0.0046183113693749785
2020-04-01,Bijnor,uCYjHW7FuGG,50,134,74.0,0.20341521869382864
2020-04-01,Bijnor,uCYjHW7FuGG,51,134,27.0,0.5994108983799705
2020-04-01,Bijnor,uCYjHW7FuGG,52,134,55.0,0.6953316953316954
2020-04-01,Moradabad,YQNQoPjAIpV,48,135,23.0,0.07741184580895448
2020-04-01,Moradabad,YQNQoPjAIpV,49,135,26.0,0.004507778604074098
2020-04-01,Moradabad,YQNQoPjAIpV,50,135,16.0,0.5250431778929189
2020-04-01,Moradabad,YQNQoPjAIpV,51,135,17.0,0.6723684210526316
2020-04-01,Moradabad,YQNQoPjAIpV,52,135,32.0,1.1105675146771037
2020-04-01,Basti,J1P16zQEOUT,48,185,21.0,0.07983486754321885
2020-04-01,Basti,J1P16zQEOUT,49,185,29.0,0.004400805977356639
2020-04-01,Basti,J1P16zQEOUT,50,185,36.0,0.3891487371375117
2020-04-01,Basti,J1P16zQEOUT,51,185,38.0,0.5456730769230769
2020-04-01,Basti,J1P16zQEOUT,52,185,41.0,0.9691629955947136
2020-04-01,Mahoba,sUQMxIc3yXj,48,169,14.0,0.10605608239482706
2020-04-01,Mahoba,sUQMxIc3yXj,49,169,19.0,0.005067579539736202
2020-04-01,Mahoba,sUQMxIc3yXj,50,169,12.0,0.5792540792540792
2020-04-01,Mahoba,sUQMxIc3yXj,51,169,34.0,0.5653923541247485
2020-04-01,Mahoba,sUQMxIc3yXj,52,169,51.0,0.8042704626334519
2020-04-01,Mathura,KP2BUB1npih,48,145,32.0,0.06825893649978568
2020-04-01,Mathura,KP2BUB1npih,49,145,23.0,0.004714660821130011
2020-04-01,Mathura,KP2BUB1npih,50,145,47.0,0.3370143149284254
2020-04-01,Mathura,KP2BUB1npih,51,145,55.0,0.4757281553398058
2020-04-01,Mathura,KP2BUB1npih,52,145,39.0,1.0331632653061225
2020-04-01,Ghaziabad,M5NHlfAaKYI,48,140,65.0,0.044928536756471536
2020-04-01,Ghaziabad,M5NHlfAaKYI,49,140,65.0,0.0026028758648596237
2020-04-01,Ghaziabad,M5NHlfAaKYI,50,140,5.0,0.6783567134268537
2020-04-01,Ghaziabad,M5NHlfAaKYI,51,140,54.0,0.4785819793205318
2020-04-01,Ghaziabad,M5NHlfAaKYI,52,140,12.0,1.5972222222222223
2020-04-01,Kasganj,hITp09XOBLZ,48,202,73.0,0.03647485610525443
2020-04-01,Kasganj,hITp09XOBLZ,49,202,17.0,0.005423894070849884
2020-04-01,Kasganj,hITp09XOBLZ,50,202,65.0,0.2549277266754271
2020-04-01,Kasganj,hITp09XOBLZ,51,202,2.0,0.9896907216494846
2020-04-01,Kasganj,hITp09XOBLZ,52,202,75.0,0.1640625
2020-04-01,Jaunpur,gmw76vAUMqz,48,194,71.0,0.0395023921512123
2020-04-01,Jaunpur,gmw76vAUMqz,49,194,48.0,0.0035628440121902227
2020-04-01,Jaunpur,gmw76vAUMqz,50,194,56.0,0.3008763388510224
2020-04-01,Jaunpur,gmw76vAUMqz,51,194,22.0,0.6407766990291263
2020-04-01,Jaunpur,gmw76vAUMqz,52,194,68.0,0.5673400673400674
2020-04-01,Ghazipur,dScWdMRN8PL,48,195,51.0,0.057187457283929787
2020-04-01,Ghazipur,dScWdMRN8PL,49,195,3.0,0.008414384576197908
2020-04-01,Ghazipur,dScWdMRN8PL,50,195,29.0,0.4388953199933852
2020-04-01,Ghazipur,dScWdMRN8PL,51,195,30.0,0.5836473247927656
2020-04-01,Ghazipur,dScWdMRN8PL,52,195,62.0,0.6210458360232408
2020-04-01,Mirzapur,UAicdMLyuk4,48,199,52.0,0.056806575683788815
2020-04-01,Mirzapur,UAicdMLyuk4,49,199,67.0,0.0024569778771951238
2020-04-01,Mirzapur,UAicdMLyuk4,50,199,58.0,0.2939739413680782
2020-04-01,Mirzapur,UAicdMLyuk4,51,199,44.0,0.5235457063711911
2020-04-01,Mirzapur,UAicdMLyuk4,52,199,38.0,1.0476190476190477
2020-04-01,Firozabad,eJTsuE56XDF,48,147,1.0,0.2255312936170588
2020-04-01,Firozabad,eJTsuE56XDF,49,147,1.0,0.015665553464765742
2020-04-01,Firozabad,eJTsuE56XDF,50,147,19.0,0.4859227028410546
2020-04-01,Firozabad,eJTsuE56XDF,51,147,59.0,0.4622070055306821
2020-04-01,Firozabad,eJTsuE56XDF,52,147,1.0,5.871794871794871
2020-04-01,Maunathbhanjan,CBSB9v92AwT,48,192,74.0,0.034829957761694695
2020-04-01,Maunathbhanjan,CBSB9v92AwT,49,192,75.0,0.0015946321524514095
2020-04-01,Maunathbhanjan,CBSB9v92AwT,50,192,43.0,0.3543758967001435
2020-04-01,Maunathbhanjan,CBSB9v92AwT,51,192,32.0,0.5668016194331984
2020-04-01,Maunathbhanjan,CBSB9v92AwT,52,192,10.0,1.6928571428571428
2020-04-01,Ballia,oNDvGBE5fLq,48,193,59.0,0.04968487462258005
2020-04-01,Ballia,oNDvGBE5fLq,49,193,70.0,0.002098542647207568
2020-04-01,Ballia,oNDvGBE5fLq,50,193,70.0,0.2229729729729729
2020-04-01,Ballia,oNDvGBE5fLq,51,193,36.0,0.5589225589225589
2020-04-01,Ballia,oNDvGBE5fLq,52,193,71.0,0.4578313253012048
2020-04-01,Pilibhit,c96jwckSd6j,48,151,48.0,0.06088189966541752
2020-04-01,Pilibhit,c96jwckSd6j,49,151,46.0,0.0036896942071800963
2020-04-01,Pilibhit,c96jwckSd6j,50,151,7.0,0.6510204081632653
2020-04-01,Pilibhit,c96jwckSd6j,51,151,4.0,0.8140020898641588
2020-04-01,Pilibhit,c96jwckSd6j,52,151,28.0,1.1938382541720154
2020-04-01,Rampur,IU006h5U7jj,48,136,66.0,0.044846563106422384
2020-04-01,Rampur,IU006h5U7jj,49,136,12.0,0.006733623623555625
2020-04-01,Rampur,IU006h5U7jj,50,136,72.0,0.21027742749054226
2020-04-01,Rampur,IU006h5U7jj,51,136,60.0,0.4557721139430285
2020-04-01,Rampur,IU006h5U7jj,52,136,23.0,1.263157894736842
2020-04-01,Hamirpur,VSI7HobT5qL,48,168,2.0,0.18082890754479733
2020-04-01,Hamirpur,VSI7HobT5qL,49,168,8.0,0.0075144393923181315
2020-04-01,Hamirpur,VSI7HobT5qL,50,168,59.0,0.2931701030927835
2020-04-01,Hamirpur,VSI7HobT5qL,51,168,42.0,0.5296703296703297
2020-04-01,Hamirpur,VSI7HobT5qL,52,168,11.0,1.6721991701244814
2021-04-01,Sambhal,YzHpzrN0eLv,1,205,1.0,100.0
2021-04-01,Sambhal,YzHpzrN0eLv,2,205,1.0,0.0
2021-04-01,Sambhal,YzHpzrN0eLv,5,205,46.0,0.0
2021-04-01,Sambhal,YzHpzrN0eLv,9,205,26.0,40.986891994366815
2021-04-01,Sambhal,YzHpzrN0eLv,10,205,32.0,43.88202794930128
2021-04-01,Sambhal,YzHpzrN0eLv,11,205,25.0,54.6961325966851
2021-04-01,Sambhal,YzHpzrN0eLv,14,205,49.0,1.5049299429164504
2021-04-01,Sambhal,YzHpzrN0eLv,16,205,51.0,2.375148954609468
2021-04-01,Sambhal,YzHpzrN0eLv,17,205,1.0,100.0
2021-04-01,Sambhal,YzHpzrN0eLv,18,205,47.0,11.903830353300204
2021-04-01,Sambhal,YzHpzrN0eLv,28,205,1.0,0.0
2021-04-01,Sambhal,YzHpzrN0eLv,30,205,1.0,0.0
2021-04-01,Sambhal,YzHpzrN0eLv,32,205,36.0,32.42927746278161
2021-04-01,Sambhal,YzHpzrN0eLv,35,205,1.0,0.0
2021-04-01,Deoria,Tf9b9qcbghH,1,190,1.0,100.0
2021-04-01,Deoria,Tf9b9qcbghH,2,190,1.0,0.0
2021-04-01,Deoria,Tf9b9qcbghH,5,190,46.0,0.0
2021-04-01,Deoria,Tf9b9qcbghH,9,190,43.0,32.796674576954686
2021-04-01,Deoria,Tf9b9qcbghH,10,190,39.0,40.64802320351155
2021-04-01,Deoria,Tf9b9qcbghH,11,190,57.0,32.46009957656694
2021-04-01,Deoria,Tf9b9qcbghH,14,190,1.0,100.0
2021-04-01,Deoria,Tf9b9qcbghH,16,190,71.0,0.23730864082639244
2021-04-01,Deoria,Tf9b9qcbghH,17,190,1.0,100.0
2021-04-01,Deoria,Tf9b9qcbghH,18,190,13.0,26.24123023530644
2021-04-01,Deoria,Tf9b9qcbghH,28,190,1.0,0.0
2021-04-01,Deoria,Tf9b9qcbghH,30,190,1.0,0.0
2021-04-01,Deoria,Tf9b9qcbghH,32,190,33.0,34.1206575092272
2021-04-01,Deoria,Tf9b9qcbghH,35,190,1.0,0.0
2021-04-01,Barabanki,tzH6nJu9SwS,1,176,1.0,100.0
2021-04-01,Barabanki,tzH6nJu9SwS,2,176,1.0,0.0
2021-04-01,Barabanki,tzH6nJu9SwS,5,176,36.0,1.5625
2021-04-01,Barabanki,tzH6nJu9SwS,6,176,37.0,3.90625
2021-04-01,Barabanki,tzH6nJu9SwS,9,176,4.0,61.053776158409796
2021-04-01,Barabanki,tzH6nJu9SwS,10,176,16.0,53.86009423704241
2021-04-01,Barabanki,tzH6nJu9SwS,11,176,20.0,58.774155395738354
2021-04-01,Barabanki,tzH6nJu9SwS,14,176,24.0,29.28399034593725
2021-04-01,Barabanki,tzH6nJu9SwS,16,176,14.0,7.611453425154041
2021-04-01,Barabanki,tzH6nJu9SwS,17,176,7.0,95.65217391304348
2021-04-01,Barabanki,tzH6nJu9SwS,18,176,6.0,29.110303209256834
2021-04-01,Barabanki,tzH6nJu9SwS,19,176,5.0,0.0
2021-04-01,Barabanki,tzH6nJu9SwS,20,176,14.0,44.48408080731005
2021-04-01,Barabanki,tzH6nJu9SwS,21,176,8.0,12.470193243165907
2021-04-01,Barabanki,tzH6nJu9SwS,22,176,3.0,0.0
2021-04-01,Barabanki,tzH6nJu9SwS,28,176,1.0,0.0
2021-04-01,Barabanki,tzH6nJu9SwS,30,176,1.0,0.0
2021-04-01,Barabanki,tzH6nJu9SwS,32,176,51.0,25.494719165672368
2021-04-01,Barabanki,tzH6nJu9SwS,35,176,1.0,0.0
2021-04-01,Bulandshahar,ogBt4gWCiem,1,142,1.0,100.0
2021-04-01,Bulandshahar,ogBt4gWCiem,2,142,1.0,0.0
2021-04-01,Bulandshahar,ogBt4gWCiem,5,142,46.0,0.0
2021-04-01,Bulandshahar,ogBt4gWCiem,6,142,10.0,41.3793103448276
2021-04-01,Bulandshahar,ogBt4gWCiem,9,142,50.0,28.72797714996748
2021-04-01,Bulandshahar,ogBt4gWCiem,10,142,47.0,36.371991742314975
2021-04-01,Bulandshahar,ogBt4gWCiem,11,142,42.0,43.58756822488052
2021-04-01,Bulandshahar,ogBt4gWCiem,14,142,23.0,29.931972789115648
2021-04-01,Bulandshahar,ogBt4gWCiem,16,142,65.0,0.9007098215548203
2021-04-01,Bulandshahar,ogBt4gWCiem,17,142,,
2021-04-01,Bulandshahar,ogBt4gWCiem,18,142,49.0,11.076450721522873
2021-04-01,Bulandshahar,ogBt4gWCiem,20,142,20.0,28.12703260654393
2021-04-01,Bulandshahar,ogBt4gWCiem,21,142,21.0,4.338112609937502
2021-04-01,Bulandshahar,ogBt4gWCiem,22,142,3.0,0.0
2021-04-01,Bulandshahar,ogBt4gWCiem,28,142,1.0,0.0
2021-04-01,Bulandshahar,ogBt4gWCiem,30,142,1.0,0.0
2021-04-01,Bulandshahar,ogBt4gWCiem,32,142,45.0,28.08040327861093
2021-04-01,Bulandshahar,ogBt4gWCiem,35,142,1.0,0.0
2021-04-01,Hathras,m1IAjmqkoFC,1,144,1.0,100.0
2021-04-01,Hathras,m1IAjmqkoFC,2,144,1.0,0.0
2021-04-01,Hathras,m1IAjmqkoFC,5,144,46.0,0.0
2021-04-01,Hathras,m1IAjmqkoFC,9,144,39.0,34.271141822968076
2021-04-01,Hathras,m1IAjmqkoFC,10,144,46.0,36.43742459142261
2021-04-01,Hathras,m1IAjmqkoFC,11,144,38.0,48.02018207743775
2021-04-01,Hathras,m1IAjmqkoFC,14,144,1.0,100.0
2021-04-01,Hathras,m1IAjmqkoFC,16,144,57.0,1.5767247998245038
2021-04-01,Hathras,m1IAjmqkoFC,17,144,23.0,0.0
2021-04-01,Hathras,m1IAjmqkoFC,18,144,37.0,14.682935128697471
2021-04-01,Hathras,m1IAjmqkoFC,28,144,1.0,0.0
2021-04-01,Hathras,m1IAjmqkoFC,30,144,1.0,0.0
2021-04-01,Hathras,m1IAjmqkoFC,32,144,31.0,37.16856653722493
2021-04-01,Hathras,m1IAjmqkoFC,35,144,1.0,0.0
2021-04-01,Gonda,y8WarEkWCul,1,183,1.0,100.0
2021-04-01,Gonda,y8WarEkWCul,2,183,1.0,0.0
2021-04-01,Gonda,y8WarEkWCul,5,183,16.0,8.333333333333332
2021-04-01,Gonda,y8WarEkWCul,6,183,36.0,4.545454545454546
2021-04-01,Gonda,y8WarEkWCul,9,183,42.0,33.24454519693965
2021-04-01,Gonda,y8WarEkWCul,10,183,14.0,54.85406630773591
2021-04-01,Gonda,y8WarEkWCul,11,183,15.0,64.25238500047227
2021-04-01,Gonda,y8WarEkWCul,14,183,3.0,89.48217454428135
2021-04-01,Gonda,y8WarEkWCul,16,183,2.0,13.304996694058753
2021-04-01,Gonda,y8WarEkWCul,17,183,1.0,100.0
2021-04-01,Gonda,y8WarEkWCul,18,183,41.0,13.562458691341705
2021-04-01,Gonda,y8WarEkWCul,28,183,1.0,0.0
2021-04-01,Gonda,y8WarEkWCul,30,183,1.0,0.0
2021-04-01,Gonda,y8WarEkWCul,32,183,3.0,88.33194881604719
2021-04-01,Gonda,y8WarEkWCul,35,183,1.0,0.0
2021-04-01,Shamli,AdiUcz9BXhx,1,203,12.0,12.751651918543994
2021-04-01,Shamli,AdiUcz9BXhx,2,203,1.0,0.0
2021-04-01,Shamli,AdiUcz9BXhx,5,203,31.0,2.5974025974025974
2021-04-01,Shamli,AdiUcz9BXhx,6,203,31.0,9.090909090909092
2021-04-01,Shamli,AdiUcz9BXhx,9,203,47.0,29.96934865900383
2021-04-01,Shamli,AdiUcz9BXhx,10,203,28.0,47.67049808429118
2021-04-01,Shamli,AdiUcz9BXhx,11,203,28.0,52.12260536398468
2021-04-01,Shamli,AdiUcz9BXhx,14,203,43.0,4.773144505638605
2021-04-01,Shamli,AdiUcz9BXhx,16,203,63.0,0.9923371647509579
2021-04-01,Shamli,AdiUcz9BXhx,17,203,1.0,100.0
2021-04-01,Shamli,AdiUcz9BXhx,18,203,15.0,24.87616756297764
2021-04-01,Shamli,AdiUcz9BXhx,19,203,5.0,0.0
2021-04-01,Shamli,AdiUcz9BXhx,20,203,19.0,33.7088122605364
2021-04-01,Shamli,AdiUcz9BXhx,21,203,12.0,10.651340996168582
2021-04-01,Shamli,AdiUcz9BXhx,22,203,3.0,0.0
2021-04-01,Shamli,AdiUcz9BXhx,28,203,1.0,0.0
2021-04-01,Shamli,AdiUcz9BXhx,30,203,1.0,0.0
2021-04-01,Shamli,AdiUcz9BXhx,32,203,12.0,55.087728947802646
2021-04-01,Shamli,AdiUcz9BXhx,35,203,1.0,0.0
2021-04-01,Meerut,v8YGmR7nOdj,1,138,1.0,100.0
2021-04-01,Meerut,v8YGmR7nOdj,2,138,1.0,0.0
2021-04-01,Meerut,v8YGmR7nOdj,5,138,18.0,7.8740157480314945
2021-04-01,Meerut,v8YGmR7nOdj,9,138,8.0,54.68803860737678
2021-04-01,Meerut,v8YGmR7nOdj,10,138,4.0,75.19476042743881
2021-04-01,Meerut,v8YGmR7nOdj,11,138,16.0,64.0675629093416
2021-04-01,Meerut,v8YGmR7nOdj,14,138,37.0,8.718104495747268
2021-04-01,Meerut,v8YGmR7nOdj,16,138,26.0,5.063771113409168
2021-04-01,Meerut,v8YGmR7nOdj,17,138,1.0,100.0
2021-04-01,Meerut,v8YGmR7nOdj,18,138,34.0,16.24485299902961
2021-04-01,Meerut,v8YGmR7nOdj,28,138,1.0,0.0
2021-04-01,Meerut,v8YGmR7nOdj,30,138,1.0,0.0
2021-04-01,Meerut,v8YGmR7nOdj,32,138,64.0,19.488588571749002
2021-04-01,Meerut,v8YGmR7nOdj,35,138,1.0,0.0
2021-04-01,Auraiya,Bd6E8zkVvVt,1,162,1.0,100.0
2021-04-01,Auraiya,Bd6E8zkVvVt,2,162,1.0,0.0
2021-04-01,Auraiya,Bd6E8zkVvVt,5,162,46.0,0.0
2021-04-01,Auraiya,Bd6E8zkVvVt,9,162,2.0,76.19700673782124
2021-04-01,Auraiya,Bd6E8zkVvVt,10,162,1.0,95.35507721662391
2021-04-01,Auraiya,Bd6E8zkVvVt,11,162,2.0,91.77747301890169
2021-04-01,Auraiya,Bd6E8zkVvVt,14,162,52.0,0.0
2021-04-01,Auraiya,Bd6E8zkVvVt,16,162,45.0,2.713016516606046
2021-04-01,Auraiya,Bd6E8zkVvVt,17,162,1.0,100.0
2021-04-01,Auraiya,Bd6E8zkVvVt,18,162,1.0,54.283064164120475
2021-04-01,Auraiya,Bd6E8zkVvVt,28,162,1.0,0.0
2021-04-01,Auraiya,Bd6E8zkVvVt,30,162,1.0,0.0
2021-04-01,Auraiya,Bd6E8zkVvVt,32,162,16.0,48.4550009825113
2021-04-01,Auraiya,Bd6E8zkVvVt,35,162,1.0,0.0
2021-04-01,Kannauj,IhQbDYRiF8w,1,160,1.0,100.0
2021-04-01,Kannauj,IhQbDYRiF8w,2,160,1.0,0.0
2021-04-01,Kannauj,IhQbDYRiF8w,5,160,25.0,4.3478260869565215
2021-04-01,Kannauj,IhQbDYRiF8w,6,160,8.0,47.82608695652174
2021-04-01,Kannauj,IhQbDYRiF8w,9,160,13.0,48.412019614551255
2021-04-01,Kannauj,IhQbDYRiF8w,10,160,34.0,43.02086897023607
2021-04-01,Kannauj,IhQbDYRiF8w,11,160,54.0,34.037518531189406
2021-04-01,Kannauj,IhQbDYRiF8w,14,160,15.0,43.88185654008439
2021-04-01,Kannauj,IhQbDYRiF8w,16,160,13.0,7.754590033071046
2021-04-01,Kannauj,IhQbDYRiF8w,17,160,,
2021-04-01,Kannauj,IhQbDYRiF8w,18,160,10.0,27.842239727485627
2021-04-01,Kannauj,IhQbDYRiF8w,19,160,5.0,0.0
2021-04-01,Kannauj,IhQbDYRiF8w,20,160,30.0,0.0
2021-04-01,Kannauj,IhQbDYRiF8w,21,160,30.0,0.0
2021-04-01,Kannauj,IhQbDYRiF8w,22,160,3.0,0.0
2021-04-01,Kannauj,IhQbDYRiF8w,28,160,1.0,0.0
2021-04-01,Kannauj,IhQbDYRiF8w,30,160,1.0,0.0
2021-04-01,Kannauj,IhQbDYRiF8w,32,160,29.0,38.1683085346096
2021-04-01,Kannauj,IhQbDYRiF8w,35,160,1.0,0.0
2021-04-01,Ambedkar Nagar,jM27ji8tyrM,1,178,1.0,100.0
2021-04-01,Ambedkar Nagar,jM27ji8tyrM,2,178,1.0,0.0
2021-04-01,Ambedkar Nagar,jM27ji8tyrM,5,178,46.0,0.0
2021-04-01,Ambedkar Nagar,jM27ji8tyrM,6,178,27.0,11.428571428571427
2021-04-01,Ambedkar Nagar,jM27ji8tyrM,9,178,54.0,27.12585826575947
2021-04-01,Ambedkar Nagar,jM27ji8tyrM,10,178,27.0,48.00385248702892
2021-04-01,Ambedkar Nagar,jM27ji8tyrM,11,178,52.0,35.53608599745239
2021-04-01,Ambedkar Nagar,jM27ji8tyrM,14,178,1.0,100.0
2021-04-01,Ambedkar Nagar,jM27ji8tyrM,16,178,60.0,1.2986609500730109
2021-04-01,Ambedkar Nagar,jM27ji8tyrM,17,178,1.0,100.0
2021-04-01,Ambedkar Nagar,jM27ji8tyrM,18,178,19.0,22.965446858142585
2021-04-01,Ambedkar Nagar,jM27ji8tyrM,28,178,1.0,0.0
2021-04-01,Ambedkar Nagar,jM27ji8tyrM,30,178,1.0,0.0
2021-04-01,Ambedkar Nagar,jM27ji8tyrM,32,178,4.0,84.0674180119809
2021-04-01,Ambedkar Nagar,jM27ji8tyrM,35,178,1.0,0.0
2021-04-01,Azamgarh,NjckKfm3g0k,1,191,1.0,100.0
2021-04-01,Azamgarh,NjckKfm3g0k,2,191,1.0,0.0
2021-04-01,Azamgarh,NjckKfm3g0k,5,191,12.0,12.5
2021-04-01,Azamgarh,NjckKfm3g0k,9,191,40.0,34.236665193421565
2021-04-01,Azamgarh,NjckKfm3g0k,10,191,42.0,39.063481355695636
2021-04-01,Azamgarh,NjckKfm3g0k,11,191,18.0,61.84140128870175
2021-04-01,Azamgarh,NjckKfm3g0k,14,191,1.0,100.0
2021-04-01,Azamgarh,NjckKfm3g0k,16,191,72.0,0.2047035288096955
2021-04-01,Azamgarh,NjckKfm3g0k,17,191,1.0,100.0
2021-04-01,Azamgarh,NjckKfm3g0k,18,191,65.0,7.289138014741581
2021-04-01,Azamgarh,NjckKfm3g0k,28,191,1.0,0.0
2021-04-01,Azamgarh,NjckKfm3g0k,30,191,1.0,0.0
2021-04-01,Azamgarh,NjckKfm3g0k,32,191,58.0,23.20324031770577
2021-04-01,Azamgarh,NjckKfm3g0k,35,191,1.0,0.0
2021-04-01,Bahraich,iE0E3nLioFr,1,180,1.0,100.0
2021-04-01,Bahraich,iE0E3nLioFr,2,180,1.0,0.0
2021-04-01,Bahraich,iE0E3nLioFr,5,180,2.0,41.12903225806452
2021-04-01,Bahraich,iE0E3nLioFr,6,180,38.0,0.8064516129032258
2021-04-01,Bahraich,iE0E3nLioFr,9,180,53.0,27.69115741202273
2021-04-01,Bahraich,iE0E3nLioFr,10,180,63.0,26.696241650882268
2021-04-01,Bahraich,iE0E3nLioFr,11,180,53.0,34.70940085734224
2021-04-01,Bahraich,iE0E3nLioFr,14,180,1.0,100.0
2021-04-01,Bahraich,iE0E3nLioFr,16,180,42.0,3.285813976672316
2021-04-01,Bahraich,iE0E3nLioFr,17,180,15.0,76.54723127035831
2021-04-01,Bahraich,iE0E3nLioFr,18,180,30.0,17.472201132137126
2021-04-01,Bahraich,iE0E3nLioFr,19,180,5.0,0.0
2021-04-01,Bahraich,iE0E3nLioFr,20,180,30.0,0.0
2021-04-01,Bahraich,iE0E3nLioFr,21,180,30.0,0.0
2021-04-01,Bahraich,iE0E3nLioFr,22,180,3.0,0.0
2021-04-01,Bahraich,iE0E3nLioFr,28,180,1.0,0.0
2021-04-01,Bahraich,iE0E3nLioFr,30,180,1.0,0.0
2021-04-01,Bahraich,iE0E3nLioFr,32,180,26.0,39.53971456325189
2021-04-01,Bahraich,iE0E3nLioFr,35,180,1.0,0.0
2021-04-01,Kanpur Nagar,QVMRMhzVrrS,1,164,1.0,100.0
2021-04-01,Kanpur Nagar,QVMRMhzVrrS,2,164,1.0,0.0
2021-04-01,Kanpur Nagar,QVMRMhzVrrS,5,164,35.0,1.5706806282722512
2021-04-01,Kanpur Nagar,QVMRMhzVrrS,6,164,13.0,23.560209424083773
2021-04-01,Kanpur Nagar,QVMRMhzVrrS,9,164,65.0,19.034996370980465
2021-04-01,Kanpur Nagar,QVMRMhzVrrS,10,164,59.0,30.551610969106
2021-04-01,Kanpur Nagar,QVMRMhzVrrS,11,164,36.0,49.49667076903657
2021-04-01,Kanpur Nagar,QVMRMhzVrrS,14,164,1.0,100.0
2021-04-01,Kanpur Nagar,QVMRMhzVrrS,16,164,18.0,6.713686137145383
2021-04-01,Kanpur Nagar,QVMRMhzVrrS,17,164,13.0,90.67796610169492
2021-04-01,Kanpur Nagar,QVMRMhzVrrS,18,164,54.0,10.060470256000984
2021-04-01,Kanpur Nagar,QVMRMhzVrrS,28,164,1.0,0.0
2021-04-01,Kanpur Nagar,QVMRMhzVrrS,30,164,1.0,0.0
2021-04-01,Kanpur Nagar,QVMRMhzVrrS,32,164,66.0,18.561139435137978
2021-04-01,Kanpur Nagar,QVMRMhzVrrS,35,164,1.0,0.0
2021-04-01,Fatehpur,ibLiLcaKzw2,1,172,1.0,100.0
2021-04-01,Fatehpur,ibLiLcaKzw2,2,172,1.0,0.0
2021-04-01,Fatehpur,ibLiLcaKzw2,5,172,46.0,0.0
2021-04-01,Fatehpur,ibLiLcaKzw2,9,172,37.0,34.3311539141191
2021-04-01,Fatehpur,ibLiLcaKzw2,10,172,6.0,70.04771160982506
2021-04-01,Fatehpur,ibLiLcaKzw2,11,172,11.0,70.11839547623255
2021-04-01,Fatehpur,ibLiLcaKzw2,14,172,21.0,31.283967391304344
2021-04-01,Fatehpur,ibLiLcaKzw2,16,172,29.0,4.7428874359427455
2021-04-01,Fatehpur,ibLiLcaKzw2,17,172,19.0,57.14285714285714
2021-04-01,Fatehpur,ibLiLcaKzw2,18,172,38.0,13.737321864167411
2021-04-01,Fatehpur,ibLiLcaKzw2,28,172,1.0,0.0
2021-04-01,Fatehpur,ibLiLcaKzw2,30,172,1.0,0.0
2021-04-01,Fatehpur,ibLiLcaKzw2,32,172,49.0,26.560132017647266
2021-04-01,Fatehpur,ibLiLcaKzw2,35,172,1.0,0.0
2021-04-01,Etawah,Pm0jLk6EAiE,1,161,1.0,100.0
2021-04-01,Etawah,Pm0jLk6EAiE,2,161,1.0,0.0
2021-04-01,Etawah,Pm0jLk6EAiE,5,161,8.0,20.0
2021-04-01,Etawah,Pm0jLk6EAiE,6,161,5.0,64.70588235294117
2021-04-01,Etawah,Pm0jLk6EAiE,9,161,9.0,53.33894311679568
2021-04-01,Etawah,Pm0jLk6EAiE,10,161,2.0,79.09794681925277
2021-04-01,Etawah,Pm0jLk6EAiE,11,161,3.0,90.45775833052843
2021-04-01,Etawah,Pm0jLk6EAiE,14,161,1.0,100.0
2021-04-01,Etawah,Pm0jLk6EAiE,16,161,10.0,8.761359811511277
2021-04-01,Etawah,Pm0jLk6EAiE,17,161,1.0,100.0
2021-04-01,Etawah,Pm0jLk6EAiE,18,161,33.0,17.01663759559909
2021-04-01,Etawah,Pm0jLk6EAiE,19,161,5.0,0.0
2021-04-01,Etawah,Pm0jLk6EAiE,20,161,11.0,72.40323123527432
2021-04-01,Etawah,Pm0jLk6EAiE,21,161,9.0,11.85459441265567
2021-04-01,Etawah,Pm0jLk6EAiE,22,161,3.0,0.0
2021-04-01,Etawah,Pm0jLk6EAiE,28,161,1.0,0.0
2021-04-01,Etawah,Pm0jLk6EAiE,30,161,1.0,0.0
2021-04-01,Etawah,Pm0jLk6EAiE,32,161,6.0,71.17398455228697
2021-04-01,Etawah,Pm0jLk6EAiE,35,161,1.0,0.0
2021-04-01,Chitrakoot,i2fSZZ3QAJJ,1,171,1.0,100.0
2021-04-01,Chitrakoot,i2fSZZ3QAJJ,2,171,1.0,0.0
2021-04-01,Chitrakoot,i2fSZZ3QAJJ,5,171,37.0,1.5384615384615383
2021-04-01,Chitrakoot,i2fSZZ3QAJJ,6,171,30.0,9.230769230769232
2021-04-01,Chitrakoot,i2fSZZ3QAJJ,9,171,24.0,42.18629318778642
2021-04-01,Chitrakoot,i2fSZZ3QAJJ,10,171,26.0,49.147829668915094
2021-04-01,Chitrakoot,i2fSZZ3QAJJ,11,171,8.0,74.12079707533083
2021-04-01,Chitrakoot,i2fSZZ3QAJJ,14,171,30.0,21.043956043956047
2021-04-01,Chitrakoot,i2fSZZ3QAJJ,16,171,40.0,3.851500952577108
2021-04-01,Chitrakoot,i2fSZZ3QAJJ,17,171,1.0,100.0
2021-04-01,Chitrakoot,i2fSZZ3QAJJ,18,171,18.0,23.731693907132502
2021-04-01,Chitrakoot,i2fSZZ3QAJJ,19,171,5.0,0.0
2021-04-01,Chitrakoot,i2fSZZ3QAJJ,20,171,7.0,76.10318727151022
2021-04-01,Chitrakoot,i2fSZZ3QAJJ,21,171,5.0,17.40384120282169
2021-04-01,Chitrakoot,i2fSZZ3QAJJ,22,171,3.0,0.0
2021-04-01,Chitrakoot,i2fSZZ3QAJJ,28,171,1.0,0.0
2021-04-01,Chitrakoot,i2fSZZ3QAJJ,30,171,1.0,0.0
2021-04-01,Chitrakoot,i2fSZZ3QAJJ,32,171,20.0,47.060199104697
2021-04-01,Chitrakoot,i2fSZZ3QAJJ,35,171,1.0,0.0
2021-04-01,Jhansi,Mq751wBMqGF,1,166,1.0,100.0
2021-04-01,Jhansi,Mq751wBMqGF,2,166,1.0,0.0
2021-04-01,Jhansi,Mq751wBMqGF,5,166,46.0,0.0
2021-04-01,Jhansi,Mq751wBMqGF,6,166,6.0,61.764705882352935
2021-04-01,Jhansi,Mq751wBMqGF,9,166,45.0,30.841556507168132
2021-04-01,Jhansi,Mq751wBMqGF,10,166,62.0,26.987525600446844
2021-04-01,Jhansi,Mq751wBMqGF,11,166,46.0,38.76993731769379
2021-04-01,Jhansi,Mq751wBMqGF,14,166,1.0,100.0
2021-04-01,Jhansi,Mq751wBMqGF,16,166,52.0,2.246633153354434
2021-04-01,Jhansi,Mq751wBMqGF,17,166,1.0,100.0
2021-04-01,Jhansi,Mq751wBMqGF,18,166,50.0,10.946208085722203
2021-04-01,Jhansi,Mq751wBMqGF,19,166,5.0,0.0
2021-04-01,Jhansi,Mq751wBMqGF,20,166,13.0,47.871284056352025
2021-04-01,Jhansi,Mq751wBMqGF,21,166,4.0,17.755849314218334
2021-04-01,Jhansi,Mq751wBMqGF,22,166,3.0,0.0
2021-04-01,Jhansi,Mq751wBMqGF,28,166,1.0,0.0
2021-04-01,Jhansi,Mq751wBMqGF,30,166,1.0,0.0
2021-04-01,Jhansi,Mq751wBMqGF,32,166,1.0,100.0
2021-04-01,Jhansi,Mq751wBMqGF,35,166,1.0,0.0
2021-04-01,Amethi,StsLkYw1G0m,1,206,1.0,100.0
2021-04-01,Amethi,StsLkYw1G0m,2,206,1.0,0.0
2021-04-01,Amethi,StsLkYw1G0m,5,206,41.0,1.1235955056179776
2021-04-01,Amethi,StsLkYw1G0m,6,206,12.0,30.337078651685395
2021-04-01,Amethi,StsLkYw1G0m,9,206,55.0,26.86437926182487
2021-04-01,Amethi,StsLkYw1G0m,10,206,41.0,39.3224374932352
2021-04-01,Amethi,StsLkYw1G0m,11,206,47.0,37.05307212180251
2021-04-01,Amethi,StsLkYw1G0m,14,206,48.0,1.5732546705998034
2021-04-01,Amethi,StsLkYw1G0m,16,206,67.0,0.6349893567124869
2021-04-01,Amethi,StsLkYw1G0m,17,206,1.0,100.0
2021-04-01,Amethi,StsLkYw1G0m,18,206,26.0,18.778280542986426
2021-04-01,Amethi,StsLkYw1G0m,19,206,5.0,0.0
2021-04-01,Amethi,StsLkYw1G0m,20,206,1.0,97.788360933723
2021-04-01,Amethi,StsLkYw1G0m,21,206,27.0,1.7317891546704187
2021-04-01,Amethi,StsLkYw1G0m,22,206,3.0,0.0
2021-04-01,Amethi,StsLkYw1G0m,28,206,1.0,0.0
2021-04-01,Amethi,StsLkYw1G0m,30,206,1.0,0.0
2021-04-01,Amethi,StsLkYw1G0m,32,206,44.0,28.518431810405367
2021-04-01,Amethi,StsLkYw1G0m,35,206,1.0,0.0
2021-04-01,Maharajganj,AcnMkNGgc3S,1,187,1.0,100.0
2021-04-01,Maharajganj,AcnMkNGgc3S,2,187,1.0,0.0
2021-04-01,Maharajganj,AcnMkNGgc3S,5,187,46.0,0.0
2021-04-01,Maharajganj,AcnMkNGgc3S,6,187,35.0,4.724409448818896
2021-04-01,Maharajganj,AcnMkNGgc3S,9,187,11.0,50.86872998932764
2021-04-01,Maharajganj,AcnMkNGgc3S,10,187,24.0,49.64354322305231
2021-04-01,Maharajganj,AcnMkNGgc3S,11,187,37.0,49.353255069370356
2021-04-01,Maharajganj,AcnMkNGgc3S,14,187,17.0,37.964285714285715
2021-04-01,Maharajganj,AcnMkNGgc3S,16,187,33.0,4.032017075773746
2021-04-01,Maharajganj,AcnMkNGgc3S,17,187,2.0,99.55357142857143
2021-04-01,Maharajganj,AcnMkNGgc3S,18,187,14.0,25.62891818035686
2021-04-01,Maharajganj,AcnMkNGgc3S,19,187,5.0,0.0
2021-04-01,Maharajganj,AcnMkNGgc3S,20,187,6.0,77.42155816435431
2021-04-01,Maharajganj,AcnMkNGgc3S,21,187,29.0,0.855923159018143
2021-04-01,Maharajganj,AcnMkNGgc3S,22,187,3.0,0.0
2021-04-01,Maharajganj,AcnMkNGgc3S,28,187,1.0,0.0
2021-04-01,Maharajganj,AcnMkNGgc3S,30,187,1.0,0.0
2021-04-01,Maharajganj,AcnMkNGgc3S,32,187,9.0,58.64418033331121
2021-04-01,Maharajganj,AcnMkNGgc3S,35,187,1.0,0.0
2021-04-01,Bareilly,vVqY3DPcpHf,1,150,1.0,100.0
2021-04-01,Bareilly,vVqY3DPcpHf,2,150,1.0,0.0
2021-04-01,Bareilly,vVqY3DPcpHf,5,150,29.0,3.669724770642202
2021-04-01,Bareilly,vVqY3DPcpHf,6,150,9.0,45.87155963302752
2021-04-01,Bareilly,vVqY3DPcpHf,9,150,28.0,38.65991010533988
2021-04-01,Bareilly,vVqY3DPcpHf,10,150,31.0,43.92169793311698
2021-04-01,Bareilly,vVqY3DPcpHf,11,150,41.0,45.74041615327214
2021-04-01,Bareilly,vVqY3DPcpHf,14,150,4.0,84.39241917502788
2021-04-01,Bareilly,vVqY3DPcpHf,16,150,27.0,5.0552730680457465
2021-04-01,Bareilly,vVqY3DPcpHf,17,150,1.0,100.0
2021-04-01,Bareilly,vVqY3DPcpHf,18,150,31.0,17.21679031306995
2021-04-01,Bareilly,vVqY3DPcpHf,28,150,1.0,0.0
2021-04-01,Bareilly,vVqY3DPcpHf,30,150,1.0,0.0
2021-04-01,Bareilly,vVqY3DPcpHf,32,150,63.0,20.953244260272093
2021-04-01,Bareilly,vVqY3DPcpHf,35,150,1.0,0.0
2021-04-01,Shahjahanpur,GaiLSoQq1ue,1,152,2.0,96.52728454203377
2021-04-01,Shahjahanpur,GaiLSoQq1ue,2,152,1.0,0.0
2021-04-01,Shahjahanpur,GaiLSoQq1ue,5,152,26.0,4.123711340206185
2021-04-01,Shahjahanpur,GaiLSoQq1ue,9,152,5.0,60.97757216131954
2021-04-01,Shahjahanpur,GaiLSoQq1ue,10,152,7.0,69.68470280599416
2021-04-01,Shahjahanpur,GaiLSoQq1ue,11,152,7.0,74.9798853464749
2021-04-01,Shahjahanpur,GaiLSoQq1ue,14,152,35.0,11.523072819418507
2021-04-01,Shahjahanpur,GaiLSoQq1ue,16,152,7.0,9.323141908880618
2021-04-01,Shahjahanpur,GaiLSoQq1ue,17,152,18.0,60.410557184750736
2021-04-01,Shahjahanpur,GaiLSoQq1ue,18,152,5.0,31.461060744206854
2021-04-01,Shahjahanpur,GaiLSoQq1ue,28,152,1.0,0.0
2021-04-01,Shahjahanpur,GaiLSoQq1ue,30,152,1.0,0.0
2021-04-01,Shahjahanpur,GaiLSoQq1ue,32,152,25.0,40.27896474957533
2021-04-01,Shahjahanpur,GaiLSoQq1ue,35,152,1.0,0.0
2021-04-01,Kushinagar,xUeHwd9FQkg,1,189,10.0,28.875197934824552
2021-04-01,Kushinagar,xUeHwd9FQkg,2,189,1.0,0.0
2021-04-01,Kushinagar,xUeHwd9FQkg,5,189,46.0,0.0
2021-04-01,Kushinagar,xUeHwd9FQkg,6,189,14.0,21.649484536082483
2021-04-01,Kushinagar,xUeHwd9FQkg,9,189,63.0,19.549425287356318
2021-04-01,Kushinagar,xUeHwd9FQkg,10,189,58.0,30.55264367816092
2021-04-01,Kushinagar,xUeHwd9FQkg,11,189,67.0,22.96091954022989
2021-04-01,Kushinagar,xUeHwd9FQkg,14,189,51.0,0.032499187520311994
2021-04-01,Kushinagar,xUeHwd9FQkg,16,189,68.0,0.4303448275862069
2021-04-01,Kushinagar,xUeHwd9FQkg,17,189,1.0,100.0
2021-04-01,Kushinagar,xUeHwd9FQkg,18,189,53.0,10.385644065346249
2021-04-01,Kushinagar,xUeHwd9FQkg,19,189,1.0,100.0
2021-04-01,Kushinagar,xUeHwd9FQkg,20,189,12.0,57.58712643678161
2021-04-01,Kushinagar,xUeHwd9FQkg,21,189,16.0,6.530574712643678
2021-04-01,Kushinagar,xUeHwd9FQkg,22,189,1.0,3.714942528735632
2021-04-01,Kushinagar,xUeHwd9FQkg,28,189,1.0,0.0
2021-04-01,Kushinagar,xUeHwd9FQkg,30,189,1.0,0.0
2021-04-01,Kushinagar,xUeHwd9FQkg,32,189,69.0,8.912912573858716
2021-04-01,Kushinagar,xUeHwd9FQkg,35,189,1.0,0.0
2021-04-01,Hardoi,MTIkUw5q5pX,1,155,3.0,86.84361991192495
2021-04-01,Hardoi,MTIkUw5q5pX,2,155,1.0,0.0
2021-04-01,Hardoi,MTIkUw5q5pX,5,155,42.0,1.0
2021-04-01,Hardoi,MTIkUw5q5pX,6,155,29.0,10.0
2021-04-01,Hardoi,MTIkUw5q5pX,9,155,12.0,50.52009347935665
2021-04-01,Hardoi,MTIkUw5q5pX,10,155,10.0,65.58371137484916
2021-04-01,Hardoi,MTIkUw5q5pX,11,155,4.0,88.8191357741832
2021-04-01,Hardoi,MTIkUw5q5pX,14,155,38.0,8.657074340527577
2021-04-01,Hardoi,MTIkUw5q5pX,16,155,3.0,12.908399395133571
2021-04-01,Hardoi,MTIkUw5q5pX,17,155,20.0,47.77777777777778
2021-04-01,Hardoi,MTIkUw5q5pX,18,155,28.0,18.405687038581725
2021-04-01,Hardoi,MTIkUw5q5pX,28,155,1.0,0.0
2021-04-01,Hardoi,MTIkUw5q5pX,30,155,1.0,0.0
2021-04-01,Hardoi,MTIkUw5q5pX,32,155,32.0,36.15821030236607
2021-04-01,Hardoi,MTIkUw5q5pX,35,155,1.0,0.0
2021-04-01,Ayodhya,b4XkXzoGqFY,1,177,1.0,100.0
2021-04-01,Ayodhya,b4XkXzoGqFY,2,177,1.0,0.0
2021-04-01,Ayodhya,b4XkXzoGqFY,5,177,44.0,0.7194244604316548
2021-04-01,Ayodhya,b4XkXzoGqFY,9,177,61.0,23.148880907449122
2021-04-01,Ayodhya,b4XkXzoGqFY,10,177,30.0,45.106633388121175
2021-04-01,Ayodhya,b4XkXzoGqFY,11,177,60.0,31.892615815425824
2021-04-01,Ayodhya,b4XkXzoGqFY,14,177,1.0,100.0
2021-04-01,Ayodhya,b4XkXzoGqFY,16,177,46.0,2.6764878959436698
2021-04-01,Ayodhya,b4XkXzoGqFY,17,177,1.0,100.0
2021-04-01,Ayodhya,b4XkXzoGqFY,18,177,29.0,17.589043283820473
2021-04-01,Ayodhya,b4XkXzoGqFY,28,177,1.0,0.0
2021-04-01,Ayodhya,b4XkXzoGqFY,30,177,1.0,0.0
2021-04-01,Ayodhya,b4XkXzoGqFY,32,177,5.0,77.19151800740491
2021-04-01,Ayodhya,b4XkXzoGqFY,35,177,1.0,0.0
2021-04-01,Gorakhpur,vR85cHdsw1w,1,188,1.0,100.0
2021-04-01,Gorakhpur,vR85cHdsw1w,2,188,1.0,0.0
2021-04-01,Gorakhpur,vR85cHdsw1w,5,188,46.0,0.0
2021-04-01,Gorakhpur,vR85cHdsw1w,9,188,51.0,28.00556189389618
2021-04-01,Gorakhpur,vR85cHdsw1w,10,188,43.0,37.63191671420422
2021-04-01,Gorakhpur,vR85cHdsw1w,11,188,40.0,45.85175413576726
2021-04-01,Gorakhpur,vR85cHdsw1w,14,188,10.0,61.94968553459119
2021-04-01,Gorakhpur,vR85cHdsw1w,16,188,66.0,0.713063320022818
2021-04-01,Gorakhpur,vR85cHdsw1w,17,188,1.0,100.0
2021-04-01,Gorakhpur,vR85cHdsw1w,18,188,35.0,16.185534700699932
2021-04-01,Gorakhpur,vR85cHdsw1w,28,188,1.0,0.0
2021-04-01,Gorakhpur,vR85cHdsw1w,30,188,1.0,0.0
2021-04-01,Gorakhpur,vR85cHdsw1w,32,188,56.0,23.72367312552654
2021-04-01,Gorakhpur,vR85cHdsw1w,35,188,1.0,0.0
2021-04-01,Hapur,CZ8kLjgqvSH,1,204,1.0,100.0
2021-04-01,Hapur,CZ8kLjgqvSH,2,204,1.0,0.0
2021-04-01,Hapur,CZ8kLjgqvSH,5,204,19.0,6.666666666666668
2021-04-01,Hapur,CZ8kLjgqvSH,6,204,1.0,100.0
2021-04-01,Hapur,CZ8kLjgqvSH,9,204,67.0,17.209318283185233
2021-04-01,Hapur,CZ8kLjgqvSH,10,204,70.0,16.897107764092354
2021-04-01,Hapur,CZ8kLjgqvSH,11,204,70.0,21.80327306412324
2021-04-01,Hapur,CZ8kLjgqvSH,14,204,44.0,4.764292878635907
2021-04-01,Hapur,CZ8kLjgqvSH,16,204,69.0,0.3568120218204275
2021-04-01,Hapur,CZ8kLjgqvSH,17,204,,
2021-04-01,Hapur,CZ8kLjgqvSH,18,204,51.0,10.83993554451457
2021-04-01,Hapur,CZ8kLjgqvSH,19,204,5.0,0.0
2021-04-01,Hapur,CZ8kLjgqvSH,20,204,23.0,24.867053213023638
2021-04-01,Hapur,CZ8kLjgqvSH,21,204,22.0,3.7533879987648815
2021-04-01,Hapur,CZ8kLjgqvSH,22,204,3.0,0.0
2021-04-01,Hapur,CZ8kLjgqvSH,28,204,1.0,0.0
2021-04-01,Hapur,CZ8kLjgqvSH,30,204,1.0,0.0
2021-04-01,Hapur,CZ8kLjgqvSH,32,204,47.0,27.072884696958354
2021-04-01,Hapur,CZ8kLjgqvSH,35,204,1.0,0.0
2021-04-01,Prayagraj,tXgaew1Pd2Y,1,175,1.0,100.0
2021-04-01,Prayagraj,tXgaew1Pd2Y,2,175,1.0,0.0
2021-04-01,Prayagraj,tXgaew1Pd2Y,5,175,3.0,39.603960396039604
2021-04-01,Prayagraj,tXgaew1Pd2Y,6,175,39.0,0.0
2021-04-01,Prayagraj,tXgaew1Pd2Y,9,175,58.0,24.397954542933523
2021-04-01,Prayagraj,tXgaew1Pd2Y,10,175,54.0,34.15491786003483
2021-04-01,Prayagraj,tXgaew1Pd2Y,11,175,62.0,30.33466073587647
2021-04-01,Prayagraj,tXgaew1Pd2Y,14,175,6.0,77.80249660116179
2021-04-01,Prayagraj,tXgaew1Pd2Y,16,175,39.0,3.8612993754922296
2021-04-01,Prayagraj,tXgaew1Pd2Y,17,175,1.0,100.0
2021-04-01,Prayagraj,tXgaew1Pd2Y,18,175,59.0,9.18647853445869
2021-04-01,Prayagraj,tXgaew1Pd2Y,28,175,1.0,0.0
2021-04-01,Prayagraj,tXgaew1Pd2Y,30,175,1.0,0.0
2021-04-01,Prayagraj,tXgaew1Pd2Y,32,175,57.0,23.611449947141576
2021-04-01,Prayagraj,tXgaew1Pd2Y,35,175,1.0,0.0
2021-04-01,Chandauli,ClbehnmwSec,1,196,1.0,100.0
2021-04-01,Chandauli,ClbehnmwSec,2,196,1.0,0.0
2021-04-01,Chandauli,ClbehnmwSec,5,196,46.0,0.0
2021-04-01,Chandauli,ClbehnmwSec,9,196,46.0,30.70318887980376
2021-04-01,Chandauli,ClbehnmwSec,10,196,45.0,36.831561733442356
2021-04-01,Chandauli,ClbehnmwSec,11,196,49.0,36.81520850367947
2021-04-01,Chandauli,ClbehnmwSec,14,196,2.0,92.14390602055799
2021-04-01,Chandauli,ClbehnmwSec,16,196,53.0,2.1259198691741616
2021-04-01,Chandauli,ClbehnmwSec,17,196,1.0,100.0
2021-04-01,Chandauli,ClbehnmwSec,18,196,74.0,1.8291700241740527
2021-04-01,Chandauli,ClbehnmwSec,28,196,1.0,0.0
2021-04-01,Chandauli,ClbehnmwSec,30,196,1.0,0.0
2021-04-01,Chandauli,ClbehnmwSec,32,196,52.0,24.59660351162357
2021-04-01,Chandauli,ClbehnmwSec,35,196,1.0,0.0
2021-04-01,Lucknow,MfHac5N78aK,1,157,1.0,100.0
2021-04-01,Lucknow,MfHac5N78aK,2,157,1.0,0.0
2021-04-01,Lucknow,MfHac5N78aK,5,157,1.0,42.105263157894726
2021-04-01,Lucknow,MfHac5N78aK,9,157,70.0,14.607595329291177
2021-04-01,Lucknow,MfHac5N78aK,10,157,61.0,28.154511762060572
2021-04-01,Lucknow,MfHac5N78aK,11,157,55.0,33.88279808333463
2021-04-01,Lucknow,MfHac5N78aK,14,157,1.0,100.0
2021-04-01,Lucknow,MfHac5N78aK,16,157,5.0,10.80062648285701
2021-04-01,Lucknow,MfHac5N78aK,17,157,14.0,76.92307692307693
2021-04-01,Lucknow,MfHac5N78aK,18,157,75.0,1.7371748331001753
2021-04-01,Lucknow,MfHac5N78aK,28,157,1.0,0.0
2021-04-01,Lucknow,MfHac5N78aK,30,157,1.0,0.0
2021-04-01,Lucknow,MfHac5N78aK,32,157,24.0,43.09836927932667
2021-04-01,Lucknow,MfHac5N78aK,35,157,1.0,0.0
2021-04-01,Sultanpur,o4ZQTVcMI7U,1,179,1.0,100.0
2021-04-01,Sultanpur,o4ZQTVcMI7U,2,179,1.0,0.0
2021-04-01,Sultanpur,o4ZQTVcMI7U,5,179,40.0,1.1363636363636365
2021-04-01,Sultanpur,o4ZQTVcMI7U,6,179,18.0,18.181818181818183
2021-04-01,Sultanpur,o4ZQTVcMI7U,9,179,52.0,28.002577665601592
2021-04-01,Sultanpur,o4ZQTVcMI7U,10,179,55.0,34.11110812770185
2021-04-01,Sultanpur,o4ZQTVcMI7U,11,179,22.0,56.39717530811159
2021-04-01,Sultanpur,o4ZQTVcMI7U,14,179,1.0,100.0
2021-04-01,Sultanpur,o4ZQTVcMI7U,16,179,15.0,6.997288080981661
2021-04-01,Sultanpur,o4ZQTVcMI7U,17,179,21.0,23.33333333333333
2021-04-01,Sultanpur,o4ZQTVcMI7U,18,179,39.0,13.731165634214294
2021-04-01,Sultanpur,o4ZQTVcMI7U,28,179,1.0,0.0
2021-04-01,Sultanpur,o4ZQTVcMI7U,30,179,1.0,0.0
2021-04-01,Sultanpur,o4ZQTVcMI7U,32,179,55.0,24.23147456360796
2021-04-01,Sultanpur,o4ZQTVcMI7U,35,179,1.0,0.0
2021-04-01,Budaun,eA37kyBRRuZ,1,149,5.0,71.63229017108482
2021-04-01,Budaun,eA37kyBRRuZ,2,149,1.0,0.0
2021-04-01,Budaun,eA37kyBRRuZ,5,149,23.0,4.411764705882354
2021-04-01,Budaun,eA37kyBRRuZ,9,149,17.0,46.57626079794672
2021-04-01,Budaun,eA37kyBRRuZ,10,149,19.0,52.27068130015897
2021-04-01,Budaun,eA37kyBRRuZ,11,149,27.0,53.17665536593307
2021-04-01,Budaun,eA37kyBRRuZ,14,149,32.0,19.974874371859297
2021-04-01,Budaun,eA37kyBRRuZ,16,149,23.0,5.361144630236167
2021-04-01,Budaun,eA37kyBRRuZ,17,149,1.0,100.0
2021-04-01,Budaun,eA37kyBRRuZ,18,149,11.0,26.860689266067986
2021-04-01,Budaun,eA37kyBRRuZ,28,149,1.0,0.0
2021-04-01,Budaun,eA37kyBRRuZ,30,149,1.0,0.0
2021-04-01,Budaun,eA37kyBRRuZ,32,149,15.0,50.862681687337854
2021-04-01,Budaun,eA37kyBRRuZ,35,149,1.0,0.0
2021-04-01,Kaushambi,PAj0oVY0Dxu,1,174,1.0,100.0
2021-04-01,Kaushambi,PAj0oVY0Dxu,2,174,1.0,0.0
2021-04-01,Kaushambi,PAj0oVY0Dxu,5,174,46.0,0.0
2021-04-01,Kaushambi,PAj0oVY0Dxu,9,174,27.0,38.906732550957386
2021-04-01,Kaushambi,PAj0oVY0Dxu,10,174,17.0,53.75849289684991
2021-04-01,Kaushambi,PAj0oVY0Dxu,11,174,39.0,46.683137739345284
2021-04-01,Kaushambi,PAj0oVY0Dxu,14,174,12.0,59.716599190283404
2021-04-01,Kaushambi,PAj0oVY0Dxu,16,174,12.0,7.7733168622606525
2021-04-01,Kaushambi,PAj0oVY0Dxu,17,174,4.0,97.26027397260277
2021-04-01,Kaushambi,PAj0oVY0Dxu,18,174,16.0,24.554364471669217
2021-04-01,Kaushambi,PAj0oVY0Dxu,28,174,1.0,0.0
2021-04-01,Kaushambi,PAj0oVY0Dxu,30,174,1.0,0.0
2021-04-01,Kaushambi,PAj0oVY0Dxu,32,174,60.0,21.169304862070188
2021-04-01,Kaushambi,PAj0oVY0Dxu,35,174,1.0,0.0
2021-04-01,Banda,DggJGxqbWHn,1,170,15.0,0.0
2021-04-01,Banda,DggJGxqbWHn,2,170,1.0,0.0
2021-04-01,Banda,DggJGxqbWHn,5,170,46.0,0.0
2021-04-01,Banda,DggJGxqbWHn,6,170,15.0,20.454545454545453
2021-04-01,Banda,DggJGxqbWHn,9,170,29.0,38.09332491534179
2021-04-01,Banda,DggJGxqbWHn,10,170,56.0,33.63370257705332
2021-04-01,Banda,DggJGxqbWHn,11,170,6.0,75.01578373414452
2021-04-01,Banda,DggJGxqbWHn,14,170,11.0,61.14262560777958
2021-04-01,Banda,DggJGxqbWHn,16,170,22.0,5.6247488951386115
2021-04-01,Banda,DggJGxqbWHn,17,170,,
2021-04-01,Banda,DggJGxqbWHn,18,170,64.0,7.2937949564779325
2021-04-01,Banda,DggJGxqbWHn,19,170,4.0,0.14367816091954022
2021-04-01,Banda,DggJGxqbWHn,20,170,3.0,84.59507547494691
2021-04-01,Banda,DggJGxqbWHn,21,170,17.0,6.505768237387363
2021-04-01,Banda,DggJGxqbWHn,22,170,3.0,0.0
2021-04-01,Banda,DggJGxqbWHn,28,170,1.0,0.0
2021-04-01,Banda,DggJGxqbWHn,30,170,1.0,0.0
2021-04-01,Banda,DggJGxqbWHn,32,170,1.0,100.0
2021-04-01,Banda,DggJGxqbWHn,35,170,1.0,0.0
2021-04-01,Sonbhadra,NNk3JP90QZ5,1,200,1.0,100.0
2021-04-01,Sonbhadra,NNk3JP90QZ5,2,200,1.0,0.0
2021-04-01,Sonbhadra,NNk3JP90QZ5,5,200,38.0,1.4705882352941175
2021-04-01,Sonbhadra,NNk3JP90QZ5,6,200,4.0,76.47058823529412
2021-04-01,Sonbhadra,NNk3JP90QZ5,9,200,44.0,31.942722943440536
2021-04-01,Sonbhadra,NNk3JP90QZ5,10,200,57.0,31.577402309348297
2021-04-01,Sonbhadra,NNk3JP90QZ5,11,200,59.0,32.34392328266684
2021-04-01,Sonbhadra,NNk3JP90QZ5,14,200,7.0,66.61849710982659
2021-04-01,Sonbhadra,NNk3JP90QZ5,16,200,11.0,8.170787396438124
2021-04-01,Sonbhadra,NNk3JP90QZ5,17,200,1.0,100.0
2021-04-01,Sonbhadra,NNk3JP90QZ5,18,200,36.0,15.517288731427321
2021-04-01,Sonbhadra,NNk3JP90QZ5,19,200,5.0,0.0
2021-04-01,Sonbhadra,NNk3JP90QZ5,20,200,5.0,81.56109335246917
2021-04-01,Sonbhadra,NNk3JP90QZ5,21,200,28.0,1.0242024920086112
2021-04-01,Sonbhadra,NNk3JP90QZ5,22,200,3.0,0.0
2021-04-01,Sonbhadra,NNk3JP90QZ5,28,200,1.0,0.0
2021-04-01,Sonbhadra,NNk3JP90QZ5,30,200,1.0,0.0
2021-04-01,Sonbhadra,NNk3JP90QZ5,32,200,62.0,21.08986067834247
2021-04-01,Sonbhadra,NNk3JP90QZ5,35,200,1.0,0.0
2021-04-01,Saharanpur,FKYZ3JbWq84,1,132,1.0,100.0
2021-04-01,Saharanpur,FKYZ3JbWq84,2,132,1.0,0.0
2021-04-01,Saharanpur,FKYZ3JbWq84,5,132,39.0,1.1764705882352942
2021-04-01,Saharanpur,FKYZ3JbWq84,6,132,33.0,7.0588235294117645
2021-04-01,Saharanpur,FKYZ3JbWq84,9,132,62.0,22.29469062386768
2021-04-01,Saharanpur,FKYZ3JbWq84,10,132,64.0,24.10213781784854
2021-04-01,Saharanpur,FKYZ3JbWq84,11,132,65.0,25.4055033356779
2021-04-01,Saharanpur,FKYZ3JbWq84,14,132,1.0,100.0
2021-04-01,Saharanpur,FKYZ3JbWq84,16,132,55.0,1.632670460600635
2021-04-01,Saharanpur,FKYZ3JbWq84,17,132,1.0,100.0
2021-04-01,Saharanpur,FKYZ3JbWq84,18,132,57.0,9.447761194029852
2021-04-01,Saharanpur,FKYZ3JbWq84,19,132,5.0,0.0
2021-04-01,Saharanpur,FKYZ3JbWq84,20,132,22.0,25.488628855212397
2021-04-01,Saharanpur,FKYZ3JbWq84,21,132,20.0,4.396061129228212
2021-04-01,Saharanpur,FKYZ3JbWq84,22,132,3.0,0.0
2021-04-01,Saharanpur,FKYZ3JbWq84,28,132,1.0,0.0
2021-04-01,Saharanpur,FKYZ3JbWq84,30,132,1.0,0.0
2021-04-01,Saharanpur,FKYZ3JbWq84,32,132,48.0,26.969852563632358
2021-04-01,Saharanpur,FKYZ3JbWq84,35,132,1.0,0.0
2021-04-01,Siddharth Nagar,cP0p8qfm3il,1,184,9.0,49.09100498618555
2021-04-01,Siddharth Nagar,cP0p8qfm3il,2,184,1.0,0.0
2021-04-01,Siddharth Nagar,cP0p8qfm3il,5,184,46.0,0.0
2021-04-01,Siddharth Nagar,cP0p8qfm3il,6,184,32.0,8.571428571428571
2021-04-01,Siddharth Nagar,cP0p8qfm3il,9,184,30.0,37.9634478424801
2021-04-01,Siddharth Nagar,cP0p8qfm3il,10,184,48.0,36.30865102639297
2021-04-01,Siddharth Nagar,cP0p8qfm3il,11,184,32.0,50.68077084206118
2021-04-01,Siddharth Nagar,cP0p8qfm3il,14,184,19.0,34.88551582197067
2021-04-01,Siddharth Nagar,cP0p8qfm3il,16,184,24.0,5.27073732718894
2021-04-01,Siddharth Nagar,cP0p8qfm3il,17,184,1.0,100.0
2021-04-01,Siddharth Nagar,cP0p8qfm3il,18,184,21.0,20.370545599061327
2021-04-01,Siddharth Nagar,cP0p8qfm3il,19,184,5.0,0.0
2021-04-01,Siddharth Nagar,cP0p8qfm3il,20,184,30.0,0.0
2021-04-01,Siddharth Nagar,cP0p8qfm3il,21,184,30.0,0.0
2021-04-01,Siddharth Nagar,cP0p8qfm3il,22,184,3.0,0.0
2021-04-01,Siddharth Nagar,cP0p8qfm3il,28,184,1.0,0.0
2021-04-01,Siddharth Nagar,cP0p8qfm3il,30,184,1.0,0.0
2021-04-01,Siddharth Nagar,cP0p8qfm3il,32,184,18.0,47.43547319655857
2021-04-01,Siddharth Nagar,cP0p8qfm3il,35,184,1.0,0.0
2021-04-01,Etah,ZLcx4iOVyN5,1,201,1.0,100.0
2021-04-01,Etah,ZLcx4iOVyN5,2,201,1.0,0.0
2021-04-01,Etah,ZLcx4iOVyN5,5,201,46.0,0.0
2021-04-01,Etah,ZLcx4iOVyN5,9,201,20.0,45.190904383032816
2021-04-01,Etah,ZLcx4iOVyN5,10,201,15.0,54.70081446259593
2021-04-01,Etah,ZLcx4iOVyN5,11,201,13.0,66.22569558871993
2021-04-01,Etah,ZLcx4iOVyN5,14,201,22.0,30.2540415704388
2021-04-01,Etah,ZLcx4iOVyN5,16,201,16.0,6.882915116990726
2021-04-01,Etah,ZLcx4iOVyN5,17,201,1.0,100.0
2021-04-01,Etah,ZLcx4iOVyN5,18,201,3.0,46.219616465127636
2021-04-01,Etah,ZLcx4iOVyN5,28,201,1.0,0.0
2021-04-01,Etah,ZLcx4iOVyN5,30,201,1.0,0.0
2021-04-01,Etah,ZLcx4iOVyN5,32,201,34.0,33.831954169318905
2021-04-01,Etah,ZLcx4iOVyN5,35,201,1.0,0.0
2021-04-01,Unnav,aT03mfdlNiF,1,156,1.0,100.0
2021-04-01,Unnav,aT03mfdlNiF,2,156,1.0,0.0
2021-04-01,Unnav,aT03mfdlNiF,5,156,32.0,2.3529411764705883
2021-04-01,Unnav,aT03mfdlNiF,9,156,14.0,47.6429022338974
2021-04-01,Unnav,aT03mfdlNiF,10,156,23.0,49.73832651149532
2021-04-01,Unnav,aT03mfdlNiF,11,156,19.0,60.13602948663125
2021-04-01,Unnav,aT03mfdlNiF,14,156,36.0,9.373151981076283
2021-04-01,Unnav,aT03mfdlNiF,16,156,35.0,3.9566660557557984
2021-04-01,Unnav,aT03mfdlNiF,17,156,1.0,100.0
2021-04-01,Unnav,aT03mfdlNiF,18,156,32.0,17.211180245372447
2021-04-01,Unnav,aT03mfdlNiF,28,156,1.0,0.0
2021-04-01,Unnav,aT03mfdlNiF,30,156,1.0,0.0
2021-04-01,Unnav,aT03mfdlNiF,32,156,23.0,43.4869792704142
2021-04-01,Unnav,aT03mfdlNiF,35,156,1.0,0.0
2021-04-01,Amroha,hgquAmZaNBu,1,137,1.0,100.0
2021-04-01,Amroha,hgquAmZaNBu,2,137,1.0,0.0
2021-04-01,Amroha,hgquAmZaNBu,5,137,46.0,0.0
2021-04-01,Amroha,hgquAmZaNBu,6,137,11.0,39.16666666666666
2021-04-01,Amroha,hgquAmZaNBu,9,137,59.0,24.29233538897613
2021-04-01,Amroha,hgquAmZaNBu,10,137,68.0,20.894779177998238
2021-04-01,Amroha,hgquAmZaNBu,11,137,64.0,29.359941778067185
2021-04-01,Amroha,hgquAmZaNBu,14,137,20.0,31.5269365635958
2021-04-01,Amroha,hgquAmZaNBu,16,137,54.0,1.6432374458957368
2021-04-01,Amroha,hgquAmZaNBu,17,137,1.0,100.0
2021-04-01,Amroha,hgquAmZaNBu,18,137,58.0,9.232493319157495
2021-04-01,Amroha,hgquAmZaNBu,19,137,5.0,0.0
2021-04-01,Amroha,hgquAmZaNBu,20,137,16.0,41.9006396751829
2021-04-01,Amroha,hgquAmZaNBu,21,137,14.0,7.553529704676904
2021-04-01,Amroha,hgquAmZaNBu,22,137,3.0,0.0
2021-04-01,Amroha,hgquAmZaNBu,28,137,1.0,0.0
2021-04-01,Amroha,hgquAmZaNBu,30,137,1.0,0.0
2021-04-01,Amroha,hgquAmZaNBu,32,137,59.0,23.14287380679277
2021-04-01,Amroha,hgquAmZaNBu,35,137,1.0,0.0
2021-04-01,Pratapgarh,fz7bJo3egPX,1,173,7.0,68.19382677997446
2021-04-01,Pratapgarh,fz7bJo3egPX,2,173,1.0,0.0
2021-04-01,Pratapgarh,fz7bJo3egPX,5,173,46.0,0.0
2021-04-01,Pratapgarh,fz7bJo3egPX,9,173,57.0,25.8746288047513
2021-04-01,Pratapgarh,fz7bJo3egPX,10,173,44.0,37.0220861172977
2021-04-01,Pratapgarh,fz7bJo3egPX,11,173,43.0,42.65961395694135
2021-04-01,Pratapgarh,fz7bJo3egPX,14,173,39.0,8.224942616679419
2021-04-01,Pratapgarh,fz7bJo3egPX,16,173,74.0,0.14615812917594656
2021-04-01,Pratapgarh,fz7bJo3egPX,17,173,17.0,65.9090909090909
2021-04-01,Pratapgarh,fz7bJo3egPX,18,173,23.0,19.252605899312485
2021-04-01,Pratapgarh,fz7bJo3egPX,19,173,5.0,0.0
2021-04-01,Pratapgarh,fz7bJo3egPX,20,173,30.0,0.0
2021-04-01,Pratapgarh,fz7bJo3egPX,21,173,30.0,0.0
2021-04-01,Pratapgarh,fz7bJo3egPX,22,173,3.0,0.0
2021-04-01,Pratapgarh,fz7bJo3egPX,28,173,1.0,0.0
2021-04-01,Pratapgarh,fz7bJo3egPX,30,173,1.0,0.0
2021-04-01,Pratapgarh,fz7bJo3egPX,32,173,46.0,28.016515392532984
2021-04-01,Pratapgarh,fz7bJo3egPX,35,173,1.0,0.0
2021-04-01,Kanpur Dehat,k3D0AumUCiC,1,163,1.0,100.0
2021-04-01,Kanpur Dehat,k3D0AumUCiC,2,163,1.0,0.0
2021-04-01,Kanpur Dehat,k3D0AumUCiC,5,163,34.0,1.639344262295082
2021-04-01,Kanpur Dehat,k3D0AumUCiC,6,163,19.0,18.03278688524589
2021-04-01,Kanpur Dehat,k3D0AumUCiC,9,163,18.0,45.53055942663747
2021-04-01,Kanpur Dehat,k3D0AumUCiC,10,163,21.0,51.41150706748954
2021-04-01,Kanpur Dehat,k3D0AumUCiC,11,163,10.0,70.7704559028469
2021-04-01,Kanpur Dehat,k3D0AumUCiC,14,163,46.0,3.094010313367712
2021-04-01,Kanpur Dehat,k3D0AumUCiC,16,163,25.0,5.219988054947243
2021-04-01,Kanpur Dehat,k3D0AumUCiC,17,163,1.0,100.0
2021-04-01,Kanpur Dehat,k3D0AumUCiC,18,163,17.0,24.37863564251719
2021-04-01,Kanpur Dehat,k3D0AumUCiC,19,163,5.0,0.0
2021-04-01,Kanpur Dehat,k3D0AumUCiC,20,163,10.0,73.79653593470039
2021-04-01,Kanpur Dehat,k3D0AumUCiC,21,163,18.0,4.993032052558231
2021-04-01,Kanpur Dehat,k3D0AumUCiC,22,163,3.0,0.0
2021-04-01,Kanpur Dehat,k3D0AumUCiC,28,163,1.0,0.0
2021-04-01,Kanpur Dehat,k3D0AumUCiC,30,163,1.0,0.0
2021-04-01,Kanpur Dehat,k3D0AumUCiC,32,163,50.0,26.339740789282075
2021-04-01,Kanpur Dehat,k3D0AumUCiC,35,163,1.0,0.0
2021-04-01,Lakhimpur Kheri,d9ZuMopgX29,1,153,1.0,100.0
2021-04-01,Lakhimpur Kheri,d9ZuMopgX29,2,153,1.0,0.0
2021-04-01,Lakhimpur Kheri,d9ZuMopgX29,5,153,10.0,14.285714285714285
2021-04-01,Lakhimpur Kheri,d9ZuMopgX29,9,153,19.0,45.453975420115356
2021-04-01,Lakhimpur Kheri,d9ZuMopgX29,10,153,40.0,39.6711186355656
2021-04-01,Lakhimpur Kheri,d9ZuMopgX29,11,153,5.0,77.25733634311513
2021-04-01,Lakhimpur Kheri,d9ZuMopgX29,14,153,42.0,4.827089337175792
2021-04-01,Lakhimpur Kheri,d9ZuMopgX29,16,153,19.0,6.483571607725108
2021-04-01,Lakhimpur Kheri,d9ZuMopgX29,17,153,1.0,100.0
2021-04-01,Lakhimpur Kheri,d9ZuMopgX29,18,153,25.0,19.064088728237266
2021-04-01,Lakhimpur Kheri,d9ZuMopgX29,28,153,1.0,0.0
2021-04-01,Lakhimpur Kheri,d9ZuMopgX29,30,153,1.0,0.0
2021-04-01,Lakhimpur Kheri,d9ZuMopgX29,32,153,1.0,100.0
2021-04-01,Lakhimpur Kheri,d9ZuMopgX29,35,153,1.0,0.0
2021-04-01,Varanasi,LeuBT7KfuuA,1,197,1.0,100.0
2021-04-01,Varanasi,LeuBT7KfuuA,2,197,1.0,0.0
2021-04-01,Varanasi,LeuBT7KfuuA,5,197,46.0,0.0
2021-04-01,Varanasi,LeuBT7KfuuA,9,197,32.0,37.15112213109543
2021-04-01,Varanasi,LeuBT7KfuuA,10,197,9.0,66.72070697437854
2021-04-01,Varanasi,LeuBT7KfuuA,11,197,68.0,22.85587132049081
2021-04-01,Varanasi,LeuBT7KfuuA,14,197,1.0,100.0
2021-04-01,Varanasi,LeuBT7KfuuA,16,197,62.0,0.9981562718545359
2021-04-01,Varanasi,LeuBT7KfuuA,17,197,16.0,66.66666666666666
2021-04-01,Varanasi,LeuBT7KfuuA,18,197,22.0,19.535012115449494
2021-04-01,Varanasi,LeuBT7KfuuA,28,197,1.0,0.0
2021-04-01,Varanasi,LeuBT7KfuuA,30,197,1.0,0.0
2021-04-01,Varanasi,LeuBT7KfuuA,32,197,67.0,18.27950401881984
2021-04-01,Varanasi,LeuBT7KfuuA,35,197,1.0,0.0
2021-04-01,Muzaffarnagar,MVQs2RrS1Nw,1,133,1.0,100.0
2021-04-01,Muzaffarnagar,MVQs2RrS1Nw,2,133,1.0,0.0
2021-04-01,Muzaffarnagar,MVQs2RrS1Nw,5,133,11.0,13.333333333333336
2021-04-01,Muzaffarnagar,MVQs2RrS1Nw,6,133,3.0,80.0
2021-04-01,Muzaffarnagar,MVQs2RrS1Nw,9,133,68.0,16.40294021798168
2021-04-01,Muzaffarnagar,MVQs2RrS1Nw,10,133,71.0,15.897816562262376
2021-04-01,Muzaffarnagar,MVQs2RrS1Nw,11,133,66.0,24.74562769308759
2021-04-01,Muzaffarnagar,MVQs2RrS1Nw,14,133,1.0,100.0
2021-04-01,Muzaffarnagar,MVQs2RrS1Nw,16,133,38.0,3.9106347539558968
2021-04-01,Muzaffarnagar,MVQs2RrS1Nw,17,133,1.0,100.0
2021-04-01,Muzaffarnagar,MVQs2RrS1Nw,18,133,67.0,6.607936769306767
2021-04-01,Muzaffarnagar,MVQs2RrS1Nw,28,133,1.0,0.0
2021-04-01,Muzaffarnagar,MVQs2RrS1Nw,30,133,1.0,0.0
2021-04-01,Muzaffarnagar,MVQs2RrS1Nw,32,133,1.0,100.0
2021-04-01,Muzaffarnagar,MVQs2RrS1Nw,35,133,1.0,0.0
2021-04-01,Farrukhabad,uEEwlAGZXWW,1,159,13.0,7.846622170961826
2021-04-01,Farrukhabad,uEEwlAGZXWW,2,159,1.0,0.0
2021-04-01,Farrukhabad,uEEwlAGZXWW,5,159,33.0,2.3255813953488373
2021-04-01,Farrukhabad,uEEwlAGZXWW,9,159,23.0,43.343966973165706
2021-04-01,Farrukhabad,uEEwlAGZXWW,10,159,53.0,34.34040157628073
2021-04-01,Farrukhabad,uEEwlAGZXWW,11,159,33.0,50.106961906549074
2021-04-01,Farrukhabad,uEEwlAGZXWW,14,159,52.0,0.0
2021-04-01,Farrukhabad,uEEwlAGZXWW,16,159,1.0,14.096453368361795
2021-04-01,Farrukhabad,uEEwlAGZXWW,17,159,1.0,100.0
2021-04-01,Farrukhabad,uEEwlAGZXWW,18,159,40.0,13.605070815515726
2021-04-01,Farrukhabad,uEEwlAGZXWW,28,159,1.0,0.0
2021-04-01,Farrukhabad,uEEwlAGZXWW,30,159,1.0,0.0
2021-04-01,Farrukhabad,uEEwlAGZXWW,32,159,42.0,29.503497107330972
2021-04-01,Farrukhabad,uEEwlAGZXWW,35,159,1.0,0.0
2021-04-01,Aligarh,frD2HOp3wAs,1,143,1.0,100.0
2021-04-01,Aligarh,frD2HOp3wAs,2,143,1.0,0.0
2021-04-01,Aligarh,frD2HOp3wAs,5,143,7.0,22.15909090909091
2021-04-01,Aligarh,frD2HOp3wAs,6,143,2.0,93.18181818181816
2021-04-01,Aligarh,frD2HOp3wAs,9,143,25.0,42.00309466872978
2021-04-01,Aligarh,frD2HOp3wAs,10,143,29.0,46.335630890420596
2021-04-01,Aligarh,frD2HOp3wAs,11,143,29.0,51.782560447632896
2021-04-01,Aligarh,frD2HOp3wAs,14,143,29.0,21.922744306716627
2021-04-01,Aligarh,frD2HOp3wAs,16,143,41.0,3.3494318625842054
2021-04-01,Aligarh,frD2HOp3wAs,17,143,1.0,100.0
2021-04-01,Aligarh,frD2HOp3wAs,18,143,63.0,7.69274643167786
2021-04-01,Aligarh,frD2HOp3wAs,19,143,5.0,0.0
2021-04-01,Aligarh,frD2HOp3wAs,20,143,17.0,39.693033869429996
2021-04-01,Aligarh,frD2HOp3wAs,21,143,2.0,31.79537675247339
2021-04-01,Aligarh,frD2HOp3wAs,22,143,3.0,0.0
2021-04-01,Aligarh,frD2HOp3wAs,28,143,1.0,0.0
2021-04-01,Aligarh,frD2HOp3wAs,30,143,1.0,0.0
2021-04-01,Aligarh,frD2HOp3wAs,32,143,13.0,51.860498243170525
2021-04-01,Aligarh,frD2HOp3wAs,35,143,1.0,0.0
2021-04-01,Sant Kabir Nagar,fe1yBApr2sl,1,186,1.0,100.0
2021-04-01,Sant Kabir Nagar,fe1yBApr2sl,2,186,1.0,0.0
2021-04-01,Sant Kabir Nagar,fe1yBApr2sl,5,186,46.0,0.0
2021-04-01,Sant Kabir Nagar,fe1yBApr2sl,6,186,17.0,20.0
2021-04-01,Sant Kabir Nagar,fe1yBApr2sl,9,186,34.0,36.002715837621494
2021-04-01,Sant Kabir Nagar,fe1yBApr2sl,10,186,35.0,42.61363636363637
2021-04-01,Sant Kabir Nagar,fe1yBApr2sl,11,186,63.0,29.38464837049743
2021-04-01,Sant Kabir Nagar,fe1yBApr2sl,14,186,52.0,0.0
2021-04-01,Sant Kabir Nagar,fe1yBApr2sl,16,186,31.0,4.4096626643796455
2021-04-01,Sant Kabir Nagar,fe1yBApr2sl,17,186,1.0,100.0
2021-04-01,Sant Kabir Nagar,fe1yBApr2sl,18,186,61.0,8.935736367822141
2021-04-01,Sant Kabir Nagar,fe1yBApr2sl,19,186,5.0,0.0
2021-04-01,Sant Kabir Nagar,fe1yBApr2sl,20,186,21.0,26.565180102915953
2021-04-01,Sant Kabir Nagar,fe1yBApr2sl,21,186,15.0,6.596626643796455
2021-04-01,Sant Kabir Nagar,fe1yBApr2sl,22,186,3.0,0.0
2021-04-01,Sant Kabir Nagar,fe1yBApr2sl,28,186,1.0,0.0
2021-04-01,Sant Kabir Nagar,fe1yBApr2sl,30,186,1.0,0.0
2021-04-01,Sant Kabir Nagar,fe1yBApr2sl,32,186,14.0,50.9545495133494
2021-04-01,Sant Kabir Nagar,fe1yBApr2sl,35,186,1.0,0.0
2021-04-01,Lalitpur,fagfcadhxej,1,167,1.0,100.0
2021-04-01,Lalitpur,fagfcadhxej,2,167,1.0,0.0
2021-04-01,Lalitpur,fagfcadhxej,5,167,46.0,0.0
2021-04-01,Lalitpur,fagfcadhxej,9,167,49.0,29.2918643472149
2021-04-01,Lalitpur,fagfcadhxej,10,167,13.0,61.8915832015463
2021-04-01,Lalitpur,fagfcadhxej,11,167,17.0,62.849235635213496
2021-04-01,Lalitpur,fagfcadhxej,14,167,18.0,34.946236559139784
2021-04-01,Lalitpur,fagfcadhxej,16,167,21.0,5.785450711649974
2021-04-01,Lalitpur,fagfcadhxej,17,167,1.0,100.0
2021-04-01,Lalitpur,fagfcadhxej,18,167,7.0,28.66883821932682
2021-04-01,Lalitpur,fagfcadhxej,19,167,5.0,0.0
2021-04-01,Lalitpur,fagfcadhxej,20,167,4.0,83.42119135477068
2021-04-01,Lalitpur,fagfcadhxej,21,167,13.0,7.8676858197153425
2021-04-01,Lalitpur,fagfcadhxej,22,167,3.0,0.0
2021-04-01,Lalitpur,fagfcadhxej,28,167,1.0,0.0
2021-04-01,Lalitpur,fagfcadhxej,30,167,1.0,0.0
2021-04-01,Lalitpur,fagfcadhxej,32,167,1.0,100.0
2021-04-01,Lalitpur,fagfcadhxej,35,167,1.0,0.0
2021-04-01,Agra,N5WWbRtsjWp,1,146,1.0,100.0
2021-04-01,Agra,N5WWbRtsjWp,2,146,1.0,0.0
2021-04-01,Agra,N5WWbRtsjWp,5,146,6.0,23.134328358208947
2021-04-01,Agra,N5WWbRtsjWp,9,146,31.0,37.35895243364686
2021-04-01,Agra,N5WWbRtsjWp,10,146,52.0,35.02841909360696
2021-04-01,Agra,N5WWbRtsjWp,11,146,56.0,33.13968110256023
2021-04-01,Agra,N5WWbRtsjWp,14,146,28.0,24.509232264334308
2021-04-01,Agra,N5WWbRtsjWp,16,146,47.0,2.6541253793404085
2021-04-01,Agra,N5WWbRtsjWp,17,146,1.0,100.0
2021-04-01,Agra,N5WWbRtsjWp,18,146,43.0,12.830121773329143
2021-04-01,Agra,N5WWbRtsjWp,28,146,1.0,0.0
2021-04-01,Agra,N5WWbRtsjWp,30,146,1.0,0.0
2021-04-01,Agra,N5WWbRtsjWp,32,146,11.0,57.20943528616845
2021-04-01,Agra,N5WWbRtsjWp,35,146,1.0,0.0
2021-04-01,Sitapur,XxaOowFtkiJ,1,154,4.0,81.34979512680556
2021-04-01,Sitapur,XxaOowFtkiJ,2,154,1.0,0.0
2021-04-01,Sitapur,XxaOowFtkiJ,5,154,13.0,11.872146118721464
2021-04-01,Sitapur,XxaOowFtkiJ,6,154,34.0,5.479452054794519
2021-04-01,Sitapur,XxaOowFtkiJ,9,154,6.0,60.59089003427951
2021-04-01,Sitapur,XxaOowFtkiJ,10,154,11.0,63.82771461688328
2021-04-01,Sitapur,XxaOowFtkiJ,11,154,14.0,65.68842634836865
2021-04-01,Sitapur,XxaOowFtkiJ,14,154,27.0,25.46359890109889
2021-04-01,Sitapur,XxaOowFtkiJ,16,154,9.0,8.99652272559126
2021-04-01,Sitapur,XxaOowFtkiJ,17,154,3.0,99.2358803986711
2021-04-01,Sitapur,XxaOowFtkiJ,18,154,4.0,32.967718734134365
2021-04-01,Sitapur,XxaOowFtkiJ,19,154,2.0,0.41119607560236615
2021-04-01,Sitapur,XxaOowFtkiJ,20,154,28.0,13.804286172285385
2021-04-01,Sitapur,XxaOowFtkiJ,21,154,19.0,4.672125083232632
2021-04-01,Sitapur,XxaOowFtkiJ,22,154,3.0,0.0
2021-04-01,Sitapur,XxaOowFtkiJ,28,154,1.0,0.0
2021-04-01,Sitapur,XxaOowFtkiJ,30,154,1.0,0.0
2021-04-01,Sitapur,XxaOowFtkiJ,32,154,8.0,59.078069035120926
2021-04-01,Sitapur,XxaOowFtkiJ,35,154,1.0,0.0
2021-04-01,Bhadohi,PeUY1vj02UQ,1,198,1.0,100.0
2021-04-01,Bhadohi,PeUY1vj02UQ,2,198,1.0,0.0
2021-04-01,Bhadohi,PeUY1vj02UQ,5,198,46.0,0.0
2021-04-01,Bhadohi,PeUY1vj02UQ,9,198,66.0,18.42396912141247
2021-04-01,Bhadohi,PeUY1vj02UQ,10,198,65.0,22.478694538923072
2021-04-01,Bhadohi,PeUY1vj02UQ,11,198,73.0,18.508044483509764
2021-04-01,Bhadohi,PeUY1vj02UQ,14,198,9.0,65.564738292011
2021-04-01,Bhadohi,PeUY1vj02UQ,16,198,70.0,0.2980853747086025
2021-04-01,Bhadohi,PeUY1vj02UQ,17,198,1.0,100.0
2021-04-01,Bhadohi,PeUY1vj02UQ,18,198,45.0,12.198880078169038
2021-04-01,Bhadohi,PeUY1vj02UQ,28,198,1.0,0.0
2021-04-01,Bhadohi,PeUY1vj02UQ,30,198,1.0,0.0
2021-04-01,Bhadohi,PeUY1vj02UQ,32,198,65.0,18.747969743375567
2021-04-01,Bhadohi,PeUY1vj02UQ,35,198,1.0,0.0
2021-04-01,Shrawasti,oyTwneTbWDx,1,181,1.0,100.0
2021-04-01,Shrawasti,oyTwneTbWDx,2,181,1.0,0.0
2021-04-01,Shrawasti,oyTwneTbWDx,5,181,27.0,4.081632653061225
2021-04-01,Shrawasti,oyTwneTbWDx,9,181,41.0,33.783825103195234
2021-04-01,Shrawasti,oyTwneTbWDx,10,181,37.0,42.36661060999848
2021-04-01,Shrawasti,oyTwneTbWDx,11,181,35.0,49.78443663048464
2021-04-01,Shrawasti,oyTwneTbWDx,14,181,33.0,15.328019619865112
2021-04-01,Shrawasti,oyTwneTbWDx,16,181,8.0,9.120929521479896
2021-04-01,Shrawasti,oyTwneTbWDx,17,181,,
2021-04-01,Shrawasti,oyTwneTbWDx,18,181,62.0,8.544189784663137
2021-04-01,Shrawasti,oyTwneTbWDx,28,181,1.0,0.0
2021-04-01,Shrawasti,oyTwneTbWDx,30,181,1.0,0.0
2021-04-01,Shrawasti,oyTwneTbWDx,32,181,35.0,33.48189078002742
2021-04-01,Shrawasti,oyTwneTbWDx,35,181,1.0,0.0
2021-04-01,Mainpuri,XBLhrSWGytu,1,148,1.0,100.0
2021-04-01,Mainpuri,XBLhrSWGytu,2,148,1.0,0.0
2021-04-01,Mainpuri,XBLhrSWGytu,5,148,24.0,4.395604395604397
2021-04-01,Mainpuri,XBLhrSWGytu,9,148,10.0,52.20255400581459
2021-04-01,Mainpuri,XBLhrSWGytu,10,148,8.0,68.05284657564495
2021-04-01,Mainpuri,XBLhrSWGytu,11,148,9.0,73.88216244065799
2021-04-01,Mainpuri,XBLhrSWGytu,14,148,1.0,100.0
2021-04-01,Mainpuri,XBLhrSWGytu,16,148,37.0,3.952452802414161
2021-04-01,Mainpuri,XBLhrSWGytu,17,148,1.0,100.0
2021-04-01,Mainpuri,XBLhrSWGytu,18,148,2.0,46.249321758003255
2021-04-01,Mainpuri,XBLhrSWGytu,28,148,1.0,0.0
2021-04-01,Mainpuri,XBLhrSWGytu,30,148,1.0,0.0
2021-04-01,Mainpuri,XBLhrSWGytu,32,148,53.0,24.585919802300612
2021-04-01,Mainpuri,XBLhrSWGytu,35,148,1.0,0.0
2021-04-01,Gautam Buddha Nagar,bNmwkrQeP3e,1,141,1.0,100.0
2021-04-01,Gautam Buddha Nagar,bNmwkrQeP3e,2,141,1.0,0.0
2021-04-01,Gautam Buddha Nagar,bNmwkrQeP3e,5,141,9.0,16.666666666666664
2021-04-01,Gautam Buddha Nagar,bNmwkrQeP3e,6,141,22.0,14.814814814814813
2021-04-01,Gautam Buddha Nagar,bNmwkrQeP3e,9,141,72.0,14.583468465546687
2021-04-01,Gautam Buddha Nagar,bNmwkrQeP3e,10,141,66.0,22.02979395040107
2021-04-01,Gautam Buddha Nagar,bNmwkrQeP3e,11,141,69.0,22.282761453806405
2021-04-01,Gautam Buddha Nagar,bNmwkrQeP3e,14,141,31.0,20.505728960885023
2021-04-01,Gautam Buddha Nagar,bNmwkrQeP3e,16,141,28.0,4.84962487297572
2021-04-01,Gautam Buddha Nagar,bNmwkrQeP3e,17,141,22.0,1.0050251256281406
2021-04-01,Gautam Buddha Nagar,bNmwkrQeP3e,18,141,68.0,5.652509330497696
2021-04-01,Gautam Buddha Nagar,bNmwkrQeP3e,19,141,5.0,0.0
2021-04-01,Gautam Buddha Nagar,bNmwkrQeP3e,20,141,26.0,21.746556831203648
2021-04-01,Gautam Buddha Nagar,bNmwkrQeP3e,21,141,7.0,14.888326738881323
2021-04-01,Gautam Buddha Nagar,bNmwkrQeP3e,22,141,3.0,0.0
2021-04-01,Gautam Buddha Nagar,bNmwkrQeP3e,28,141,1.0,0.0
2021-04-01,Gautam Buddha Nagar,bNmwkrQeP3e,30,141,1.0,0.0
2021-04-01,Gautam Buddha Nagar,bNmwkrQeP3e,32,141,41.0,29.794314842773428
2021-04-01,Gautam Buddha Nagar,bNmwkrQeP3e,35,141,1.0,0.0
2021-04-01,Rae Bareli,lLvTDpBDY8u,1,158,8.0,55.038968898484576
2021-04-01,Rae Bareli,lLvTDpBDY8u,2,158,1.0,0.0
2021-04-01,Rae Bareli,lLvTDpBDY8u,5,158,28.0,4.0650406504065035
2021-04-01,Rae Bareli,lLvTDpBDY8u,6,158,25.0,13.008130081300814
2021-04-01,Rae Bareli,lLvTDpBDY8u,9,158,35.0,35.81354137401941
2021-04-01,Rae Bareli,lLvTDpBDY8u,10,158,50.0,35.61039915285372
2021-04-01,Rae Bareli,lLvTDpBDY8u,11,158,30.0,51.72562833617877
2021-04-01,Rae Bareli,lLvTDpBDY8u,14,158,13.0,55.45129579982128
2021-04-01,Rae Bareli,lLvTDpBDY8u,16,158,30.0,4.637693687463532
2021-04-01,Rae Bareli,lLvTDpBDY8u,17,158,8.0,95.34883720930232
2021-04-01,Rae Bareli,lLvTDpBDY8u,18,158,44.0,12.259706389601648
2021-04-01,Rae Bareli,lLvTDpBDY8u,28,158,1.0,0.0
2021-04-01,Rae Bareli,lLvTDpBDY8u,30,158,1.0,0.0
2021-04-01,Rae Bareli,lLvTDpBDY8u,32,158,27.0,39.11431786589
2021-04-01,Rae Bareli,lLvTDpBDY8u,35,158,1.0,0.0
2021-04-01,Balrampur,uS0pNSxN3sS,1,182,1.0,100.0
2021-04-01,Balrampur,uS0pNSxN3sS,2,182,1.0,0.0
2021-04-01,Balrampur,uS0pNSxN3sS,5,182,4.0,35.384615384615394
2021-04-01,Balrampur,uS0pNSxN3sS,6,182,7.0,58.46153846153847
2021-04-01,Balrampur,uS0pNSxN3sS,9,182,22.0,44.32415130575586
2021-04-01,Balrampur,uS0pNSxN3sS,10,182,33.0,43.742350925420354
2021-04-01,Balrampur,uS0pNSxN3sS,11,182,31.0,51.60701173015006
2021-04-01,Balrampur,uS0pNSxN3sS,14,182,41.0,5.603985056039852
2021-04-01,Balrampur,uS0pNSxN3sS,16,182,20.0,6.461938204891641
2021-04-01,Balrampur,uS0pNSxN3sS,17,182,1.0,100.0
2021-04-01,Balrampur,uS0pNSxN3sS,18,182,56.0,9.511817125145294
2021-04-01,Balrampur,uS0pNSxN3sS,28,182,1.0,0.0
2021-04-01,Balrampur,uS0pNSxN3sS,30,182,1.0,0.0
2021-04-01,Balrampur,uS0pNSxN3sS,32,182,19.0,47.33788463835039
2021-04-01,Balrampur,uS0pNSxN3sS,35,182,1.0,0.0
2021-04-01,Bagpat,HJIS3IrQ0Nj,1,139,1.0,100.0
2021-04-01,Bagpat,HJIS3IrQ0Nj,2,139,1.0,0.0
2021-04-01,Bagpat,HJIS3IrQ0Nj,5,139,14.0,11.111111111111107
2021-04-01,Bagpat,HJIS3IrQ0Nj,9,139,38.0,34.312672848544004
2021-04-01,Bagpat,HJIS3IrQ0Nj,10,139,49.0,35.994794208557025
2021-04-01,Bagpat,HJIS3IrQ0Nj,11,139,51.0,36.47958353668457
2021-04-01,Bagpat,HJIS3IrQ0Nj,14,139,1.0,100.0
2021-04-01,Bagpat,HJIS3IrQ0Nj,16,139,59.0,1.4641288433382138
2021-04-01,Bagpat,HJIS3IrQ0Nj,17,139,1.0,100.0
2021-04-01,Bagpat,HJIS3IrQ0Nj,18,139,9.0,27.92103751624898
2021-04-01,Bagpat,HJIS3IrQ0Nj,28,139,1.0,0.0
2021-04-01,Bagpat,HJIS3IrQ0Nj,30,139,1.0,0.0
2021-04-01,Bagpat,HJIS3IrQ0Nj,32,139,7.0,60.35001367240908
2021-04-01,Bagpat,HJIS3IrQ0Nj,35,139,1.0,0.0
2021-04-01,Jalaun,NL5xiiHZQSC,1,165,1.0,100.0
2021-04-01,Jalaun,NL5xiiHZQSC,2,165,1.0,0.0
2021-04-01,Jalaun,NL5xiiHZQSC,5,165,46.0,0.0
2021-04-01,Jalaun,NL5xiiHZQSC,6,165,24.0,13.131313131313133
2021-04-01,Jalaun,NL5xiiHZQSC,9,165,16.0,46.759578449719285
2021-04-01,Jalaun,NL5xiiHZQSC,10,165,12.0,63.296562592337246
2021-04-01,Jalaun,NL5xiiHZQSC,11,165,12.0,69.28986506451295
2021-04-01,Jalaun,NL5xiiHZQSC,14,165,40.0,6.533398342272062
2021-04-01,Jalaun,NL5xiiHZQSC,16,165,17.0,6.761548310844088
2021-04-01,Jalaun,NL5xiiHZQSC,17,165,,
2021-04-01,Jalaun,NL5xiiHZQSC,18,165,46.0,12.027506460514214
2021-04-01,Jalaun,NL5xiiHZQSC,19,165,3.0,0.3891050583657588
2021-04-01,Jalaun,NL5xiiHZQSC,20,165,8.0,75.01723628484191
2021-04-01,Jalaun,NL5xiiHZQSC,21,165,6.0,17.34955185659411
2021-04-01,Jalaun,NL5xiiHZQSC,22,165,2.0,0.1428149315473259
2021-04-01,Jalaun,NL5xiiHZQSC,28,165,1.0,0.0
2021-04-01,Jalaun,NL5xiiHZQSC,30,165,1.0,0.0
2021-04-01,Jalaun,NL5xiiHZQSC,32,165,10.0,57.42797597155818
2021-04-01,Jalaun,NL5xiiHZQSC,35,165,1.0,0.0
2021-04-01,Bijnor,uCYjHW7FuGG,1,134,1.0,100.0
2021-04-01,Bijnor,uCYjHW7FuGG,2,134,1.0,0.0
2021-04-01,Bijnor,uCYjHW7FuGG,5,134,45.0,0.625
2021-04-01,Bijnor,uCYjHW7FuGG,6,134,23.0,14.374999999999998
2021-04-01,Bijnor,uCYjHW7FuGG,9,134,75.0,11.16994679146099
2021-04-01,Bijnor,uCYjHW7FuGG,10,134,72.0,12.441823193794471
2021-04-01,Bijnor,uCYjHW7FuGG,11,134,74.0,6.123469453170077
2021-04-01,Bijnor,uCYjHW7FuGG,14,134,26.0,27.009507346586
2021-04-01,Bijnor,uCYjHW7FuGG,16,134,64.0,0.9013398294762484
2021-04-01,Bijnor,uCYjHW7FuGG,17,134,12.0,91.30434782608695
2021-04-01,Bijnor,uCYjHW7FuGG,18,134,71.0,3.750748004380765
2021-04-01,Bijnor,uCYjHW7FuGG,19,134,5.0,0.0
2021-04-01,Bijnor,uCYjHW7FuGG,20,134,24.0,22.530931469966024
2021-04-01,Bijnor,uCYjHW7FuGG,21,134,24.0,2.274504775947176
2021-04-01,Bijnor,uCYjHW7FuGG,22,134,3.0,0.0
2021-04-01,Bijnor,uCYjHW7FuGG,28,134,1.0,0.0
2021-04-01,Bijnor,uCYjHW7FuGG,30,134,1.0,0.0
2021-04-01,Bijnor,uCYjHW7FuGG,32,134,70.0,8.1809725297793
2021-04-01,Bijnor,uCYjHW7FuGG,35,134,1.0,0.0
2021-04-01,Moradabad,YQNQoPjAIpV,1,135,1.0,100.0
2021-04-01,Moradabad,YQNQoPjAIpV,2,135,1.0,0.0
2021-04-01,Moradabad,YQNQoPjAIpV,5,135,46.0,0.0
2021-04-01,Moradabad,YQNQoPjAIpV,9,135,74.0,12.240383433697925
2021-04-01,Moradabad,YQNQoPjAIpV,10,135,74.0,10.61991959128496
2021-04-01,Moradabad,YQNQoPjAIpV,11,135,71.0,20.369037377762954
2021-04-01,Moradabad,YQNQoPjAIpV,14,135,1.0,100.0
2021-04-01,Moradabad,YQNQoPjAIpV,16,135,50.0,2.3859267192190874
2021-04-01,Moradabad,YQNQoPjAIpV,17,135,1.0,100.0
2021-04-01,Moradabad,YQNQoPjAIpV,18,135,70.0,4.160431774290501
2021-04-01,Moradabad,YQNQoPjAIpV,28,135,1.0,0.0
2021-04-01,Moradabad,YQNQoPjAIpV,30,135,1.0,0.0
2021-04-01,Moradabad,YQNQoPjAIpV,32,135,43.0,29.11887867224998
2021-04-01,Moradabad,YQNQoPjAIpV,35,135,1.0,0.0
2021-04-01,Basti,J1P16zQEOUT,1,185,6.0,71.61965392299619
2021-04-01,Basti,J1P16zQEOUT,2,185,1.0,0.0
2021-04-01,Basti,J1P16zQEOUT,5,185,43.0,0.8771929824561403
2021-04-01,Basti,J1P16zQEOUT,6,185,16.0,20.175438596491226
2021-04-01,Basti,J1P16zQEOUT,9,185,21.0,45.072121301629494
2021-04-01,Basti,J1P16zQEOUT,10,185,18.0,52.478708216413146
2021-04-01,Basti,J1P16zQEOUT,11,185,34.0,50.00246147787132
2021-04-01,Basti,J1P16zQEOUT,14,185,16.0,42.70152505446623
2021-04-01,Basti,J1P16zQEOUT,16,185,49.0,2.444247526214739
2021-04-01,Basti,J1P16zQEOUT,17,185,1.0,100.0
2021-04-01,Basti,J1P16zQEOUT,18,185,27.0,18.57322662613693
2021-04-01,Basti,J1P16zQEOUT,19,185,5.0,0.0
2021-04-01,Basti,J1P16zQEOUT,20,185,9.0,74.79692807561659
2021-04-01,Basti,J1P16zQEOUT,21,185,11.0,10.91665435927731
2021-04-01,Basti,J1P16zQEOUT,22,185,3.0,0.0
2021-04-01,Basti,J1P16zQEOUT,28,185,1.0,0.0
2021-04-01,Basti,J1P16zQEOUT,30,185,1.0,0.0
2021-04-01,Basti,J1P16zQEOUT,32,185,21.0,45.34534534534534
2021-04-01,Basti,J1P16zQEOUT,35,185,1.0,0.0
2021-04-01,Mahoba,sUQMxIc3yXj,1,169,1.0,100.0
2021-04-01,Mahoba,sUQMxIc3yXj,2,169,1.0,0.0
2021-04-01,Mahoba,sUQMxIc3yXj,5,169,15.0,10.0
2021-04-01,Mahoba,sUQMxIc3yXj,9,169,3.0,66.42512077294685
2021-04-01,Mahoba,sUQMxIc3yXj,10,169,3.0,78.26981570942924
2021-04-01,Mahoba,sUQMxIc3yXj,11,169,1.0,100.0
2021-04-01,Mahoba,sUQMxIc3yXj,14,169,1.0,100.0
2021-04-01,Mahoba,sUQMxIc3yXj,16,169,4.0,10.959026659509751
2021-04-01,Mahoba,sUQMxIc3yXj,17,169,,
2021-04-01,Mahoba,sUQMxIc3yXj,18,169,48.0,11.49986679690969
2021-04-01,Mahoba,sUQMxIc3yXj,19,169,5.0,0.0
2021-04-01,Mahoba,sUQMxIc3yXj,20,169,2.0,87.79745929504385
2021-04-01,Mahoba,sUQMxIc3yXj,21,169,3.0,22.87529074968689
2021-04-01,Mahoba,sUQMxIc3yXj,22,169,3.0,0.0
2021-04-01,Mahoba,sUQMxIc3yXj,28,169,1.0,0.0
2021-04-01,Mahoba,sUQMxIc3yXj,30,169,1.0,0.0
2021-04-01,Mahoba,sUQMxIc3yXj,32,169,1.0,100.0
2021-04-01,Mahoba,sUQMxIc3yXj,35,169,1.0,0.0
2021-04-01,Mathura,KP2BUB1npih,1,145,1.0,100.0
2021-04-01,Mathura,KP2BUB1npih,2,145,1.0,0.0
2021-04-01,Mathura,KP2BUB1npih,5,145,8.0,20.0
2021-04-01,Mathura,KP2BUB1npih,9,145,33.0,36.27673230819654
2021-04-01,Mathura,KP2BUB1npih,10,145,22.0,50.90814737934613
2021-04-01,Mathura,KP2BUB1npih,11,145,24.0,54.890339496900005
2021-04-01,Mathura,KP2BUB1npih,14,145,8.0,65.81715210355989
2021-04-01,Mathura,KP2BUB1npih,16,145,61.0,1.201758938082102
2021-04-01,Mathura,KP2BUB1npih,17,145,6.0,96.92307692307692
2021-04-01,Mathura,KP2BUB1npih,18,145,8.0,27.95520630572177
2021-04-01,Mathura,KP2BUB1npih,28,145,1.0,0.0
2021-04-01,Mathura,KP2BUB1npih,30,145,1.0,0.0
2021-04-01,Mathura,KP2BUB1npih,32,145,40.0,30.499202188283572
2021-04-01,Mathura,KP2BUB1npih,35,145,1.0,0.0
2021-04-01,Ghaziabad,M5NHlfAaKYI,1,140,1.0,100.0
2021-04-01,Ghaziabad,M5NHlfAaKYI,2,140,1.0,0.0
2021-04-01,Ghaziabad,M5NHlfAaKYI,5,140,20.0,5.7142857142857135
2021-04-01,Ghaziabad,M5NHlfAaKYI,9,140,71.0,14.6035180705316
2021-04-01,Ghaziabad,M5NHlfAaKYI,10,140,73.0,11.847655632681345
2021-04-01,Ghaziabad,M5NHlfAaKYI,11,140,72.0,19.96085629885365
2021-04-01,Ghaziabad,M5NHlfAaKYI,14,140,1.0,100.0
2021-04-01,Ghaziabad,M5NHlfAaKYI,16,140,56.0,1.6119424757783152
2021-04-01,Ghaziabad,M5NHlfAaKYI,17,140,1.0,100.0
2021-04-01,Ghaziabad,M5NHlfAaKYI,18,140,52.0,10.663774091475693
2021-04-01,Ghaziabad,M5NHlfAaKYI,19,140,5.0,0.0
2021-04-01,Ghaziabad,M5NHlfAaKYI,20,140,29.0,5.957865817337499
2021-04-01,Ghaziabad,M5NHlfAaKYI,21,140,10.0,11.041684394792183
2021-04-01,Ghaziabad,M5NHlfAaKYI,22,140,3.0,0.0
2021-04-01,Ghaziabad,M5NHlfAaKYI,28,140,1.0,0.0
2021-04-01,Ghaziabad,M5NHlfAaKYI,30,140,1.0,0.0
2021-04-01,Ghaziabad,M5NHlfAaKYI,32,140,61.0,21.102100152688504
2021-04-01,Ghaziabad,M5NHlfAaKYI,35,140,1.0,0.0
2021-04-01,Kasganj,hITp09XOBLZ,1,202,1.0,100.0
2021-04-01,Kasganj,hITp09XOBLZ,2,202,1.0,0.0
2021-04-01,Kasganj,hITp09XOBLZ,5,202,46.0,0.0
2021-04-01,Kasganj,hITp09XOBLZ,6,202,39.0,0.0
2021-04-01,Kasganj,hITp09XOBLZ,9,202,1.0,77.40085809374875
2021-04-01,Kasganj,hITp09XOBLZ,10,202,5.0,74.82657684750792
2021-04-01,Kasganj,hITp09XOBLZ,11,202,50.0,36.5291310798348
2021-04-01,Kasganj,hITp09XOBLZ,14,202,50.0,0.35714285714285715
2021-04-01,Kasganj,hITp09XOBLZ,16,202,32.0,4.178194795300533
2021-04-01,Kasganj,hITp09XOBLZ,17,202,1.0,100.0
2021-04-01,Kasganj,hITp09XOBLZ,18,202,12.0,26.37557161823278
2021-04-01,Kasganj,hITp09XOBLZ,19,202,5.0,0.0
2021-04-01,Kasganj,hITp09XOBLZ,20,202,15.0,42.10674044668992
2021-04-01,Kasganj,hITp09XOBLZ,21,202,1.0,47.84474116845102
2021-04-01,Kasganj,hITp09XOBLZ,22,202,3.0,0.0
2021-04-01,Kasganj,hITp09XOBLZ,28,202,1.0,0.0
2021-04-01,Kasganj,hITp09XOBLZ,30,202,1.0,0.0
2021-04-01,Kasganj,hITp09XOBLZ,32,202,17.0,47.9662658381083
2021-04-01,Kasganj,hITp09XOBLZ,35,202,1.0,0.0
2021-04-01,Jaunpur,gmw76vAUMqz,1,194,1.0,100.0
2021-04-01,Jaunpur,gmw76vAUMqz,2,194,1.0,0.0
2021-04-01,Jaunpur,gmw76vAUMqz,5,194,21.0,5.109489051094892
2021-04-01,Jaunpur,gmw76vAUMqz,6,194,21.0,15.328467153284672
2021-04-01,Jaunpur,gmw76vAUMqz,9,194,15.0,47.52230155016528
2021-04-01,Jaunpur,gmw76vAUMqz,10,194,25.0,49.1690691461261
2021-04-01,Jaunpur,gmw76vAUMqz,11,194,44.0,40.58051953932771
2021-04-01,Jaunpur,gmw76vAUMqz,14,194,1.0,100.0
2021-04-01,Jaunpur,gmw76vAUMqz,16,194,58.0,1.4731853104104091
2021-04-01,Jaunpur,gmw76vAUMqz,17,194,1.0,100.0
2021-04-01,Jaunpur,gmw76vAUMqz,18,194,20.0,21.616235621657268
2021-04-01,Jaunpur,gmw76vAUMqz,20,194,25.0,22.265324296991743
2021-04-01,Jaunpur,gmw76vAUMqz,21,194,25.0,2.230909722117402
2021-04-01,Jaunpur,gmw76vAUMqz,28,194,1.0,0.0
2021-04-01,Jaunpur,gmw76vAUMqz,30,194,1.0,0.0
2021-04-01,Jaunpur,gmw76vAUMqz,32,194,37.0,32.35566240483736
2021-04-01,Jaunpur,gmw76vAUMqz,35,194,1.0,0.0
2021-04-01,Ghazipur,dScWdMRN8PL,1,195,11.0,19.09154137356405
2021-04-01,Ghazipur,dScWdMRN8PL,2,195,1.0,0.0
2021-04-01,Ghazipur,dScWdMRN8PL,5,195,46.0,0.0
2021-04-01,Ghazipur,dScWdMRN8PL,6,195,28.0,10.967741935483874
2021-04-01,Ghazipur,dScWdMRN8PL,9,195,64.0,19.159557782793318
2021-04-01,Ghazipur,dScWdMRN8PL,10,195,69.0,18.908993535059867
2021-04-01,Ghazipur,dScWdMRN8PL,11,195,58.0,32.427986687578894
2021-04-01,Ghazipur,dScWdMRN8PL,14,195,45.0,4.620168813860507
2021-04-01,Ghazipur,dScWdMRN8PL,16,195,75.0,0.0669446463409969
2021-04-01,Ghazipur,dScWdMRN8PL,17,195,11.0,91.66666666666666
2021-04-01,Ghazipur,dScWdMRN8PL,18,195,60.0,9.001093821671782
2021-04-01,Ghazipur,dScWdMRN8PL,22,195,3.0,0.0
2021-04-01,Ghazipur,dScWdMRN8PL,28,195,1.0,0.0
2021-04-01,Ghazipur,dScWdMRN8PL,30,195,1.0,0.0
2021-04-01,Ghazipur,dScWdMRN8PL,32,195,28.0,38.85083927468703
2021-04-01,Ghazipur,dScWdMRN8PL,35,195,1.0,0.0
2021-04-01,Mirzapur,UAicdMLyuk4,1,199,15.0,0.0
2021-04-01,Mirzapur,UAicdMLyuk4,2,199,1.0,0.0
2021-04-01,Mirzapur,UAicdMLyuk4,5,199,17.0,8.196721311475411
2021-04-01,Mirzapur,UAicdMLyuk4,9,199,60.0,23.637465616112642
2021-04-01,Mirzapur,UAicdMLyuk4,10,199,60.0,28.95006760221921
2021-04-01,Mirzapur,UAicdMLyuk4,11,199,61.0,31.323138607860518
2021-04-01,Mirzapur,UAicdMLyuk4,14,199,14.0,49.04862579281184
2021-04-01,Mirzapur,UAicdMLyuk4,16,199,34.0,4.028159820970675
2021-04-01,Mirzapur,UAicdMLyuk4,17,199,1.0,100.0
2021-04-01,Mirzapur,UAicdMLyuk4,18,199,42.0,13.10609305836036
2021-04-01,Mirzapur,UAicdMLyuk4,28,199,1.0,0.0
2021-04-01,Mirzapur,UAicdMLyuk4,30,199,1.0,0.0
2021-04-01,Mirzapur,UAicdMLyuk4,32,199,39.0,30.94837671833869
2021-04-01,Mirzapur,UAicdMLyuk4,35,199,1.0,0.0
2021-04-01,Firozabad,eJTsuE56XDF,1,147,1.0,100.0
2021-04-01,Firozabad,eJTsuE56XDF,2,147,1.0,0.0
2021-04-01,Firozabad,eJTsuE56XDF,5,147,46.0,0.0
2021-04-01,Firozabad,eJTsuE56XDF,9,147,48.0,29.307257953449938
2021-04-01,Firozabad,eJTsuE56XDF,10,147,51.0,35.58738465776064
2021-04-01,Firozabad,eJTsuE56XDF,11,147,26.0,53.821787632557495
2021-04-01,Firozabad,eJTsuE56XDF,14,147,1.0,100.0
2021-04-01,Firozabad,eJTsuE56XDF,16,147,36.0,3.954918973511454
2021-04-01,Firozabad,eJTsuE56XDF,17,147,9.0,95.0
2021-04-01,Firozabad,eJTsuE56XDF,18,147,55.0,9.978019965198275
2021-04-01,Firozabad,eJTsuE56XDF,28,147,1.0,0.0
2021-04-01,Firozabad,eJTsuE56XDF,30,147,1.0,0.0
2021-04-01,Firozabad,eJTsuE56XDF,32,147,54.0,24.52868952697745
2021-04-01,Firozabad,eJTsuE56XDF,35,147,1.0,0.0
2021-04-01,Maunathbhanjan,CBSB9v92AwT,1,192,14.0,2.9802625340359525
2021-04-01,Maunathbhanjan,CBSB9v92AwT,2,192,1.0,0.0
2021-04-01,Maunathbhanjan,CBSB9v92AwT,5,192,46.0,0.0
2021-04-01,Maunathbhanjan,CBSB9v92AwT,6,192,26.0,12.582781456953645
2021-04-01,Maunathbhanjan,CBSB9v92AwT,9,192,69.0,15.578461053847365
2021-04-01,Maunathbhanjan,CBSB9v92AwT,10,192,75.0,9.20322699193252
2021-04-01,Maunathbhanjan,CBSB9v92AwT,11,192,75.0,5.729485676285808
2021-04-01,Maunathbhanjan,CBSB9v92AwT,14,192,25.0,27.46478873239437
2021-04-01,Maunathbhanjan,CBSB9v92AwT,16,192,73.0,0.15399961500096251
2021-04-01,Maunathbhanjan,CBSB9v92AwT,17,192,10.0,94.11764705882351
2021-04-01,Maunathbhanjan,CBSB9v92AwT,18,192,72.0,3.4951747587379365
2021-04-01,Maunathbhanjan,CBSB9v92AwT,19,192,5.0,0.0
2021-04-01,Maunathbhanjan,CBSB9v92AwT,20,192,18.0,34.264914337714146
2021-04-01,Maunathbhanjan,CBSB9v92AwT,21,192,23.0,2.8944927637680906
2021-04-01,Maunathbhanjan,CBSB9v92AwT,28,192,1.0,0.0
2021-04-01,Maunathbhanjan,CBSB9v92AwT,30,192,1.0,0.0
2021-04-01,Maunathbhanjan,CBSB9v92AwT,32,192,68.0,15.204311857608426
2021-04-01,Maunathbhanjan,CBSB9v92AwT,35,192,1.0,0.0
2021-04-01,Ballia,oNDvGBE5fLq,1,193,15.0,0.0
2021-04-01,Ballia,oNDvGBE5fLq,2,193,1.0,0.0
2021-04-01,Ballia,oNDvGBE5fLq,5,193,46.0,0.0
2021-04-01,Ballia,oNDvGBE5fLq,9,193,73.0,13.506672802577086
2021-04-01,Ballia,oNDvGBE5fLq,10,193,67.0,21.27243442245743
2021-04-01,Ballia,oNDvGBE5fLq,11,193,45.0,39.274620340543024
2021-04-01,Ballia,oNDvGBE5fLq,14,193,34.0,14.194236926360727
2021-04-01,Ballia,oNDvGBE5fLq,16,193,48.0,2.577082374597331
2021-04-01,Ballia,oNDvGBE5fLq,17,193,5.0,97.14285714285714
2021-04-01,Ballia,oNDvGBE5fLq,18,193,73.0,3.0068053919644027
2021-04-01,Ballia,oNDvGBE5fLq,28,193,1.0,0.0
2021-04-01,Ballia,oNDvGBE5fLq,30,193,1.0,0.0
2021-04-01,Ballia,oNDvGBE5fLq,32,193,30.0,37.242428614525
2021-04-01,Ballia,oNDvGBE5fLq,35,193,1.0,0.0
2021-04-01,Pilibhit,c96jwckSd6j,1,151,1.0,100.0
2021-04-01,Pilibhit,c96jwckSd6j,2,151,1.0,0.0
2021-04-01,Pilibhit,c96jwckSd6j,5,151,5.0,34.375
2021-04-01,Pilibhit,c96jwckSd6j,9,151,7.0,55.84067143643369
2021-04-01,Pilibhit,c96jwckSd6j,10,151,20.0,52.094799119427634
2021-04-01,Pilibhit,c96jwckSd6j,11,151,23.0,55.895707209686286
2021-04-01,Pilibhit,c96jwckSd6j,14,151,5.0,84.004884004884
2021-04-01,Pilibhit,c96jwckSd6j,16,151,6.0,10.102504127682996
2021-04-01,Pilibhit,c96jwckSd6j,17,151,,
2021-04-01,Pilibhit,c96jwckSd6j,18,151,24.0,19.198136749292964
2021-04-01,Pilibhit,c96jwckSd6j,28,151,1.0,0.0
2021-04-01,Pilibhit,c96jwckSd6j,30,151,1.0,0.0
2021-04-01,Pilibhit,c96jwckSd6j,32,151,22.0,44.84156906114379
2021-04-01,Pilibhit,c96jwckSd6j,35,151,1.0,0.0
2021-04-01,Rampur,IU006h5U7jj,1,136,1.0,100.0
2021-04-01,Rampur,IU006h5U7jj,2,136,1.0,0.0
2021-04-01,Rampur,IU006h5U7jj,5,136,30.0,3.5019455252918283
2021-04-01,Rampur,IU006h5U7jj,9,136,36.0,34.341438985031445
2021-04-01,Rampur,IU006h5U7jj,10,136,36.0,42.53519559289967
2021-04-01,Rampur,IU006h5U7jj,11,136,48.0,36.876078125869455
2021-04-01,Rampur,IU006h5U7jj,14,136,47.0,2.42228502220428
2021-04-01,Rampur,IU006h5U7jj,16,136,44.0,3.1856880529742364
2021-04-01,Rampur,IU006h5U7jj,17,136,1.0,100.0
2021-04-01,Rampur,IU006h5U7jj,18,136,69.0,5.4104877294042035
2021-04-01,Rampur,IU006h5U7jj,19,136,5.0,0.0
2021-04-01,Rampur,IU006h5U7jj,20,136,27.0,21.08953313672027
2021-04-01,Rampur,IU006h5U7jj,21,136,26.0,2.1033887930554784
2021-04-01,Rampur,IU006h5U7jj,22,136,3.0,0.0
2021-04-01,Rampur,IU006h5U7jj,28,136,1.0,0.0
2021-04-01,Rampur,IU006h5U7jj,30,136,1.0,0.0
2021-04-01,Rampur,IU006h5U7jj,32,136,2.0,92.5846280921118
2021-04-01,Rampur,IU006h5U7jj,35,136,1.0,0.0
2021-04-01,Hamirpur,VSI7HobT5qL,1,168,1.0,100.0
2021-04-01,Hamirpur,VSI7HobT5qL,2,168,1.0,0.0
2021-04-01,Hamirpur,VSI7HobT5qL,5,168,22.0,4.761904761904762
2021-04-01,Hamirpur,VSI7HobT5qL,6,168,20.0,15.873015873015873
2021-04-01,Hamirpur,VSI7HobT5qL,9,168,56.0,26.352031357593088
2021-04-01,Hamirpur,VSI7HobT5qL,10,168,38.0,42.147359499973504
2021-04-01,Hamirpur,VSI7HobT5qL,11,168,21.0,58.12807881773399
2021-04-01,Hamirpur,VSI7HobT5qL,14,168,1.0,100.0
2021-04-01,Hamirpur,VSI7HobT5qL,16,168,43.0,3.2787753588643462
2021-04-01,Hamirpur,VSI7HobT5qL,17,168,,
2021-04-01,Hamirpur,VSI7HobT5qL,18,168,66.0,6.797040169133192
2021-04-01,Hamirpur,VSI7HobT5qL,28,168,1.0,0.0
2021-04-01,Hamirpur,VSI7HobT5qL,30,168,1.0,0.0
2021-04-01,Hamirpur,VSI7HobT5qL,32,168,38.0,31.718541843284488
2021-04-01,Hamirpur,VSI7HobT5qL,35,168,1.0,0.0
2021-04-01,Sambhal,YzHpzrN0eLv,48,205,40.0,0.08738314621650066
2021-04-01,Sambhal,YzHpzrN0eLv,49,205,59.0,0.0049304757682947795
2021-04-01,Sambhal,YzHpzrN0eLv,50,205,74.0,0.26605504587155965
2021-04-01,Sambhal,YzHpzrN0eLv,51,205,64.0,0.4810344827586207
2021-04-01,Sambhal,YzHpzrN0eLv,52,205,63.0,0.5448028673835126
2021-04-01,Deoria,Tf9b9qcbghH,48,190,41.0,0.08680891242754564
2021-04-01,Deoria,Tf9b9qcbghH,49,190,26.0,0.00824195432130807
2021-04-01,Deoria,Tf9b9qcbghH,50,190,33.0,0.5142688447156072
2021-04-01,Deoria,Tf9b9qcbghH,51,190,1.0,0.9284347493302716
2021-04-01,Deoria,Tf9b9qcbghH,52,190,44.0,0.7390766694146743
2021-04-01,Barabanki,tzH6nJu9SwS,48,176,33.0,0.09694696408737503
2021-04-01,Barabanki,tzH6nJu9SwS,49,176,47.0,0.0063680118474639036
2021-04-01,Barabanki,tzH6nJu9SwS,50,176,12.0,0.6729651162790697
2021-04-01,Barabanki,tzH6nJu9SwS,51,176,60.0,0.4942404607631389
2021-04-01,Barabanki,tzH6nJu9SwS,52,176,64.0,0.5214857975236707
2021-04-01,Bulandshahar,ogBt4gWCiem,48,142,69.0,0.057147328821472936
2021-04-01,Bulandshahar,ogBt4gWCiem,49,142,71.0,0.0038352730116380704
2021-04-01,Bulandshahar,ogBt4gWCiem,50,142,7.0,0.7188905547226386
2021-04-01,Bulandshahar,ogBt4gWCiem,51,142,39.0,0.5948905109489051
2021-04-01,Bulandshahar,ogBt4gWCiem,52,142,31.0,0.8624014022787029
2021-04-01,Hathras,m1IAjmqkoFC,48,144,2.0,0.1935767672871058
2021-04-01,Hathras,m1IAjmqkoFC,49,144,4.0,0.012408782589127849
2021-04-01,Hathras,m1IAjmqkoFC,50,144,32.0,0.5168393782383419
2021-04-01,Hathras,m1IAjmqkoFC,51,144,28.0,0.6355889724310777
2021-04-01,Hathras,m1IAjmqkoFC,52,144,74.0,0.37066246056782337
2021-04-01,Gonda,y8WarEkWCul,48,183,37.0,0.09198276341925013
2021-04-01,Gonda,y8WarEkWCul,49,183,69.0,0.003981390879421571
2021-04-01,Gonda,y8WarEkWCul,50,183,37.0,0.5025754231052244
2021-04-01,Gonda,y8WarEkWCul,51,183,2.0,0.8609077598828697
2021-04-01,Gonda,y8WarEkWCul,52,183,5.0,1.2789115646258504
2021-04-01,Shamli,AdiUcz9BXhx,48,203,10.0,0.14358803282444899
2021-04-01,Shamli,AdiUcz9BXhx,49,203,45.0,0.006580084033922354
2021-04-01,Shamli,AdiUcz9BXhx,50,203,71.0,0.3407821229050279
2021-04-01,Shamli,AdiUcz9BXhx,51,203,36.0,0.6065573770491803
2021-04-01,Shamli,AdiUcz9BXhx,52,203,26.0,0.9324324324324323
2021-04-01,Meerut,v8YGmR7nOdj,48,138,29.0,0.102358285934638
2021-04-01,Meerut,v8YGmR7nOdj,49,138,6.0,0.011561191788705526
2021-04-01,Meerut,v8YGmR7nOdj,50,138,65.0,0.39077700568540746
2021-04-01,Meerut,v8YGmR7nOdj,51,138,50.0,0.5599741351438733
2021-04-01,Meerut,v8YGmR7nOdj,52,138,53.0,0.6495381062355658
2021-04-01,Auraiya,Bd6E8zkVvVt,48,162,15.0,0.12951897834171955
2021-04-01,Auraiya,Bd6E8zkVvVt,49,162,3.0,0.013618464231021659
2021-04-01,Auraiya,Bd6E8zkVvVt,50,162,62.0,0.4066934404283802
2021-04-01,Auraiya,Bd6E8zkVvVt,51,162,69.0,0.4391046741277156
2021-04-01,Auraiya,Bd6E8zkVvVt,52,162,68.0,0.5007496251874063
2021-04-01,Kannauj,IhQbDYRiF8w,48,160,21.0,0.11411990437527646
2021-04-01,Kannauj,IhQbDYRiF8w,49,160,55.0,0.005504899147697082
2021-04-01,Kannauj,IhQbDYRiF8w,50,160,26.0,0.5344732487589631
2021-04-01,Kannauj,IhQbDYRiF8w,51,160,12.0,0.7316821465428277
2021-04-01,Kannauj,IhQbDYRiF8w,52,160,7.0,1.16361071932299
2021-04-01,Ambedkar Nagar,jM27ji8tyrM,48,178,28.0,0.10266310264752712
2021-04-01,Ambedkar Nagar,jM27ji8tyrM,49,178,13.0,0.010484383554747236
2021-04-01,Ambedkar Nagar,jM27ji8tyrM,50,178,23.0,0.5450180072028812
2021-04-01,Ambedkar Nagar,jM27ji8tyrM,51,178,42.0,0.5903083700440529
2021-04-01,Ambedkar Nagar,jM27ji8tyrM,52,178,52.0,0.6759950248756219
2021-04-01,Azamgarh,NjckKfm3g0k,48,191,75.0,0.037959836717310035
2021-04-01,Azamgarh,NjckKfm3g0k,49,191,75.0,0.0019863419909644333
2021-04-01,Azamgarh,NjckKfm3g0k,50,191,55.0,0.424807903402854
2021-04-01,Azamgarh,NjckKfm3g0k,51,191,25.0,0.6640826873385013
2021-04-01,Azamgarh,NjckKfm3g0k,52,191,35.0,0.8151750972762646
2021-04-01,Bahraich,iE0E3nLioFr,48,180,43.0,0.08620413850726062
2021-04-01,Bahraich,iE0E3nLioFr,49,180,18.0,0.00948982800047305
2021-04-01,Bahraich,iE0E3nLioFr,50,180,43.0,0.4591185410334346
2021-04-01,Bahraich,iE0E3nLioFr,51,180,24.0,0.6653426017874876
2021-04-01,Bahraich,iE0E3nLioFr,52,180,39.0,0.7955223880597015
2021-04-01,Kanpur Nagar,QVMRMhzVrrS,48,164,42.0,0.08666968058669512
2021-04-01,Kanpur Nagar,QVMRMhzVrrS,49,164,50.0,0.005988313236873253
2021-04-01,Kanpur Nagar,QVMRMhzVrrS,50,164,67.0,0.376054272093876
2021-04-01,Kanpur Nagar,QVMRMhzVrrS,51,164,37.0,0.5972696245733788
2021-04-01,Kanpur Nagar,QVMRMhzVrrS,52,164,61.0,0.5763265306122449
2021-04-01,Fatehpur,ibLiLcaKzw2,48,172,74.0,0.04263567113363062
2021-04-01,Fatehpur,ibLiLcaKzw2,49,172,74.0,0.003395121876659827
2021-04-01,Fatehpur,ibLiLcaKzw2,50,172,48.0,0.4490714687675858
2021-04-01,Fatehpur,ibLiLcaKzw2,51,172,71.0,0.43107769423558895
2021-04-01,Fatehpur,ibLiLcaKzw2,52,172,56.0,0.627906976744186
2021-04-01,Etawah,Pm0jLk6EAiE,48,161,22.0,0.11358241988876487
2021-04-01,Etawah,Pm0jLk6EAiE,49,161,44.0,0.006655663992317208
2021-04-01,Etawah,Pm0jLk6EAiE,50,161,50.0,0.4395604395604396
2021-04-01,Etawah,Pm0jLk6EAiE,51,161,55.0,0.5260869565217391
2021-04-01,Etawah,Pm0jLk6EAiE,52,161,47.0,0.7128099173553719
2021-04-01,Chitrakoot,i2fSZZ3QAJJ,48,171,5.0,0.16857248887108034
2021-04-01,Chitrakoot,i2fSZZ3QAJJ,49,171,39.0,0.007324037959210586
2021-04-01,Chitrakoot,i2fSZZ3QAJJ,50,171,39.0,0.4944598337950138
2021-04-01,Chitrakoot,i2fSZZ3QAJJ,51,171,15.0,0.7058823529411765
2021-04-01,Chitrakoot,i2fSZZ3QAJJ,52,171,19.0,0.996031746031746
2021-04-01,Jhansi,Mq751wBMqGF,48,166,13.0,0.13147008364164128
2021-04-01,Jhansi,Mq751wBMqGF,49,166,46.0,0.00655122945662296
2021-04-01,Jhansi,Mq751wBMqGF,50,166,66.0,0.38839800230503263
2021-04-01,Jhansi,Mq751wBMqGF,51,166,58.0,0.5113748763600395
2021-04-01,Jhansi,Mq751wBMqGF,52,166,54.0,0.6402321083172147
2021-04-01,Amethi,StsLkYw1G0m,48,206,12.0,0.13213374826960264
2021-04-01,Amethi,StsLkYw1G0m,49,206,56.0,0.0051898454627230675
2021-04-01,Amethi,StsLkYw1G0m,50,206,2.0,0.9719771665801764
2021-04-01,Amethi,StsLkYw1G0m,51,206,23.0,0.6705819540843566
2021-04-01,Amethi,StsLkYw1G0m,52,206,73.0,0.40445859872611467
2021-04-01,Maharajganj,AcnMkNGgc3S,48,187,54.0,0.07656208819690356
2021-04-01,Maharajganj,AcnMkNGgc3S,49,187,49.0,0.006143555730425496
2021-04-01,Maharajganj,AcnMkNGgc3S,50,187,10.0,0.6913693199146081
2021-04-01,Maharajganj,AcnMkNGgc3S,51,187,6.0,0.768416409351566
2021-04-01,Maharajganj,AcnMkNGgc3S,52,187,15.0,1.0539609644087256
2021-04-01,Bareilly,vVqY3DPcpHf,48,150,68.0,0.06079574173603016
2021-04-01,Bareilly,vVqY3DPcpHf,49,150,64.0,0.0043285980340385215
2021-04-01,Bareilly,vVqY3DPcpHf,50,150,18.0,0.5702716823406478
2021-04-01,Bareilly,vVqY3DPcpHf,51,150,11.0,0.7347686669720568
2021-04-01,Bareilly,vVqY3DPcpHf,52,150,38.0,0.8042394014962594
2021-04-01,Shahjahanpur,GaiLSoQq1ue,48,152,32.0,0.0971832588269936
2021-04-01,Shahjahanpur,GaiLSoQq1ue,49,152,33.0,0.007711071552854888
2021-04-01,Shahjahanpur,GaiLSoQq1ue,50,152,61.0,0.4074636580603168
2021-04-01,Shahjahanpur,GaiLSoQq1ue,51,152,72.0,0.4254526091586793
2021-04-01,Shahjahanpur,GaiLSoQq1ue,52,152,37.0,0.8097622027534418
2021-04-01,Kushinagar,xUeHwd9FQkg,48,189,72.0,0.050997208287177166
2021-04-01,Kushinagar,xUeHwd9FQkg,49,189,70.0,0.003945558072095337
2021-04-01,Kushinagar,xUeHwd9FQkg,50,189,38.0,0.4996423462088698
2021-04-01,Kushinagar,xUeHwd9FQkg,51,189,46.0,0.5833929849677881
2021-04-01,Kushinagar,xUeHwd9FQkg,52,189,2.0,1.7325153374233129
2021-04-01,Hardoi,MTIkUw5q5pX,48,155,34.0,0.09538015569765504
2021-04-01,Hardoi,MTIkUw5q5pX,49,155,51.0,0.0059434341398427615
2021-04-01,Hardoi,MTIkUw5q5pX,50,155,69.0,0.3602150537634409
2021-04-01,Hardoi,MTIkUw5q5pX,51,155,27.0,0.6504018369690011
2021-04-01,Hardoi,MTIkUw5q5pX,52,155,50.0,0.6990291262135923
2021-04-01,Ayodhya,b4XkXzoGqFY,48,177,26.0,0.10751235638501436
2021-04-01,Ayodhya,b4XkXzoGqFY,49,177,32.0,0.007713071304687691
2021-04-01,Ayodhya,b4XkXzoGqFY,50,177,5.0,0.7408287147004486
2021-04-01,Ayodhya,b4XkXzoGqFY,51,177,59.0,0.5090844317776986
2021-04-01,Ayodhya,b4XkXzoGqFY,52,177,33.0,0.8292512246326103
2021-04-01,Gorakhpur,vR85cHdsw1w,48,188,14.0,0.12978527887050126
2021-04-01,Gorakhpur,vR85cHdsw1w,49,188,25.0,0.008353249619253158
2021-04-01,Gorakhpur,vR85cHdsw1w,50,188,14.0,0.6048286388233661
2021-04-01,Gorakhpur,vR85cHdsw1w,51,188,33.0,0.6134434503326451
2021-04-01,Gorakhpur,vR85cHdsw1w,52,188,30.0,0.8964098728496634
2021-04-01,Hapur,CZ8kLjgqvSH,48,204,11.0,0.13612188558262955
2021-04-01,Hapur,CZ8kLjgqvSH,49,204,14.0,0.010475041437865752
2021-04-01,Hapur,CZ8kLjgqvSH,50,204,1.0,1.0089702188733405
2021-04-01,Hapur,CZ8kLjgqvSH,51,204,32.0,0.6226884779516358
2021-04-01,Hapur,CZ8kLjgqvSH,52,204,67.0,0.5071387778412336
2021-04-01,Prayagraj,tXgaew1Pd2Y,48,175,44.0,0.0853407923592362
2021-04-01,Prayagraj,tXgaew1Pd2Y,49,175,37.0,0.007390036460216464
2021-04-01,Prayagraj,tXgaew1Pd2Y,50,175,58.0,0.4131229995427526
2021-04-01,Prayagraj,tXgaew1Pd2Y,51,175,51.0,0.551743220807969
2021-04-01,Prayagraj,tXgaew1Pd2Y,52,175,59.0,0.5877632898696088
2021-04-01,Chandauli,ClbehnmwSec,48,196,51.0,0.08073097381605553
2021-04-01,Chandauli,ClbehnmwSec,49,196,10.0,0.011081488350527413
2021-04-01,Chandauli,ClbehnmwSec,50,196,30.0,0.5188284518828452
2021-04-01,Chandauli,ClbehnmwSec,51,196,21.0,0.6769713261648745
2021-04-01,Chandauli,ClbehnmwSec,52,196,27.0,0.9179351422898744
2021-04-01,Lucknow,MfHac5N78aK,48,157,6.0,0.16114911811572444
2021-04-01,Lucknow,MfHac5N78aK,49,157,38.0,0.007338259114192342
2021-04-01,Lucknow,MfHac5N78aK,50,157,52.0,0.4354838709677419
2021-04-01,Lucknow,MfHac5N78aK,51,157,49.0,0.5634430727023321
2021-04-01,Lucknow,MfHac5N78aK,52,157,32.0,0.8356664637857577
2021-04-01,Sultanpur,o4ZQTVcMI7U,48,179,50.0,0.081147132324344
2021-04-01,Sultanpur,o4ZQTVcMI7U,49,179,67.0,0.004156081656971212
2021-04-01,Sultanpur,o4ZQTVcMI7U,50,179,42.0,0.46540567446490794
2021-04-01,Sultanpur,o4ZQTVcMI7U,51,179,41.0,0.5903743315508021
2021-04-01,Sultanpur,o4ZQTVcMI7U,52,179,9.0,1.1394927536231885
2021-04-01,Budaun,eA37kyBRRuZ,48,149,55.0,0.07635384635178775
2021-04-01,Budaun,eA37kyBRRuZ,49,149,35.0,0.007687557093781764
2021-04-01,Budaun,eA37kyBRRuZ,50,149,34.0,0.5125523012552301
2021-04-01,Budaun,eA37kyBRRuZ,51,149,45.0,0.5836734693877551
2021-04-01,Budaun,eA37kyBRRuZ,52,149,34.0,0.8181818181818182
2021-04-01,Kaushambi,PAj0oVY0Dxu,48,174,4.0,0.17192674479911868
2021-04-01,Kaushambi,PAj0oVY0Dxu,49,174,15.0,0.010414865081586254
2021-04-01,Kaushambi,PAj0oVY0Dxu,50,174,6.0,0.7339975845410628
2021-04-01,Kaushambi,PAj0oVY0Dxu,51,174,16.0,0.704648292883587
2021-04-01,Kaushambi,PAj0oVY0Dxu,52,174,29.0,0.9118505545826036
2021-04-01,Banda,DggJGxqbWHn,48,170,58.0,0.07502511204912457
2021-04-01,Banda,DggJGxqbWHn,49,170,19.0,0.009073882537108993
2021-04-01,Banda,DggJGxqbWHn,50,170,72.0,0.318237831176833
2021-04-01,Banda,DggJGxqbWHn,51,170,62.0,0.4869312681510165
2021-04-01,Banda,DggJGxqbWHn,52,170,6.0,1.2504970178926442
2021-04-01,Sonbhadra,NNk3JP90QZ5,48,200,62.0,0.06870114110610595
2021-04-01,Sonbhadra,NNk3JP90QZ5,49,200,12.0,0.010540558058139159
2021-04-01,Sonbhadra,NNk3JP90QZ5,50,200,28.0,0.5244683576735845
2021-04-01,Sonbhadra,NNk3JP90QZ5,51,200,56.0,0.5222276502198339
2021-04-01,Sonbhadra,NNk3JP90QZ5,52,200,51.0,0.6913002806361085
2021-04-01,Saharanpur,FKYZ3JbWq84,48,132,7.0,0.15168710551048256
2021-04-01,Saharanpur,FKYZ3JbWq84,49,132,23.0,0.00848897666474637
2021-04-01,Saharanpur,FKYZ3JbWq84,50,132,63.0,0.39384615384615385
2021-04-01,Saharanpur,FKYZ3JbWq84,51,132,70.0,0.43359375
2021-04-01,Saharanpur,FKYZ3JbWq84,52,132,41.0,0.7757757757757757
2021-04-01,Siddharth Nagar,cP0p8qfm3il,48,184,48.0,0.08286110739864308
2021-04-01,Siddharth Nagar,cP0p8qfm3il,49,184,66.0,0.004204042484610728
2021-04-01,Siddharth Nagar,cP0p8qfm3il,50,184,17.0,0.5806451612903226
2021-04-01,Siddharth Nagar,cP0p8qfm3il,51,184,7.0,0.7608695652173914
2021-04-01,Siddharth Nagar,cP0p8qfm3il,52,184,11.0,1.1312169312169311
2021-04-01,Etah,ZLcx4iOVyN5,48,201,65.0,0.06706224458460303
2021-04-01,Etah,ZLcx4iOVyN5,49,201,48.0,0.006207922897030685
2021-04-01,Etah,ZLcx4iOVyN5,50,201,75.0,0.24840182648401826
2021-04-01,Etah,ZLcx4iOVyN5,51,201,65.0,0.4761029411764706
2021-04-01,Etah,ZLcx4iOVyN5,52,201,57.0,0.5945945945945946
2021-04-01,Unnav,aT03mfdlNiF,48,156,63.0,0.06869108264450327
2021-04-01,Unnav,aT03mfdlNiF,49,156,53.0,0.005618523001637657
2021-04-01,Unnav,aT03mfdlNiF,50,156,60.0,0.4084101382488479
2021-04-01,Unnav,aT03mfdlNiF,51,156,44.0,0.5867418899858956
2021-04-01,Unnav,aT03mfdlNiF,52,156,13.0,1.1033653846153846
2021-04-01,Amroha,hgquAmZaNBu,48,137,66.0,0.06622025477231126
2021-04-01,Amroha,hgquAmZaNBu,49,137,40.0,0.007008470846784003
2021-04-01,Amroha,hgquAmZaNBu,50,137,13.0,0.6205148205928237
2021-04-01,Amroha,hgquAmZaNBu,51,137,52.0,0.5342551854179761
2021-04-01,Amroha,hgquAmZaNBu,52,137,69.0,0.4788235294117647
2021-04-01,Pratapgarh,fz7bJo3egPX,48,173,59.0,0.0721740458198731
2021-04-01,Pratapgarh,fz7bJo3egPX,49,173,68.0,0.0040737251779413815
2021-04-01,Pratapgarh,fz7bJo3egPX,50,173,56.0,0.4201616006156214
2021-04-01,Pratapgarh,fz7bJo3egPX,51,173,53.0,0.5338827838827839
2021-04-01,Pratapgarh,fz7bJo3egPX,52,173,14.0,1.0960548885077186
2021-04-01,Kanpur Dehat,k3D0AumUCiC,48,163,60.0,0.07088623812617617
2021-04-01,Kanpur Dehat,k3D0AumUCiC,49,163,65.0,0.004214647369836007
2021-04-01,Kanpur Dehat,k3D0AumUCiC,50,163,21.0,0.5588039867109634
2021-04-01,Kanpur Dehat,k3D0AumUCiC,51,163,4.0,0.7907253269916765
2021-04-01,Kanpur Dehat,k3D0AumUCiC,52,163,40.0,0.7924812030075188
2021-04-01,Lakhimpur Kheri,d9ZuMopgX29,48,153,53.0,0.07761066795423302
2021-04-01,Lakhimpur Kheri,d9ZuMopgX29,49,153,58.0,0.0050297645479779
2021-04-01,Lakhimpur Kheri,d9ZuMopgX29,50,153,51.0,0.4367072867445909
2021-04-01,Lakhimpur Kheri,d9ZuMopgX29,51,153,38.0,0.5956719817767654
2021-04-01,Lakhimpur Kheri,d9ZuMopgX29,52,153,25.0,0.9464627151051626
2021-04-01,Varanasi,LeuBT7KfuuA,48,197,46.0,0.08346028810159299
2021-04-01,Varanasi,LeuBT7KfuuA,49,197,62.0,0.004427000324227156
2021-04-01,Varanasi,LeuBT7KfuuA,50,197,20.0,0.5689122373300369
2021-04-01,Varanasi,LeuBT7KfuuA,51,197,9.0,0.7436175991309071
2021-04-01,Varanasi,LeuBT7KfuuA,52,197,20.0,0.983199415631848
2021-04-01,Muzaffarnagar,MVQs2RrS1Nw,48,133,25.0,0.10867020546514612
2021-04-01,Muzaffarnagar,MVQs2RrS1Nw,49,133,17.0,0.01029016556166242
2021-04-01,Muzaffarnagar,MVQs2RrS1Nw,50,133,73.0,0.3143243765706553
2021-04-01,Muzaffarnagar,MVQs2RrS1Nw,51,133,73.0,0.4095940959409594
2021-04-01,Muzaffarnagar,MVQs2RrS1Nw,52,133,72.0,0.4174174174174174
2021-04-01,Farrukhabad,uEEwlAGZXWW,48,159,20.0,0.11558842913022364
2021-04-01,Farrukhabad,uEEwlAGZXWW,49,159,57.0,0.0051789554572476025
2021-04-01,Farrukhabad,uEEwlAGZXWW,50,159,15.0,0.6027820710973725
2021-04-01,Farrukhabad,uEEwlAGZXWW,51,159,47.0,0.5726495726495726
2021-04-01,Farrukhabad,uEEwlAGZXWW,52,159,42.0,0.7686567164179104
2021-04-01,Aligarh,frD2HOp3wAs,48,143,27.0,0.10502838016505542
2021-04-01,Aligarh,frD2HOp3wAs,49,143,29.0,0.007867126883092523
2021-04-01,Aligarh,frD2HOp3wAs,50,143,40.0,0.4878176122520014
2021-04-01,Aligarh,frD2HOp3wAs,51,143,61.0,0.493043168034249
2021-04-01,Aligarh,frD2HOp3wAs,52,143,58.0,0.5911722141823444
2021-04-01,Sant Kabir Nagar,fe1yBApr2sl,48,186,23.0,0.1108195448075765
2021-04-01,Sant Kabir Nagar,fe1yBApr2sl,49,186,27.0,0.008144077141449452
2021-04-01,Sant Kabir Nagar,fe1yBApr2sl,50,186,19.0,0.5696795102628736
2021-04-01,Sant Kabir Nagar,fe1yBApr2sl,51,186,14.0,0.7206068268015171
2021-04-01,Sant Kabir Nagar,fe1yBApr2sl,52,186,16.0,1.0456140350877192
2021-04-01,Lalitpur,fagfcadhxej,48,167,56.0,0.07599341725102976
2021-04-01,Lalitpur,fagfcadhxej,49,167,22.0,0.008700593353290206
2021-04-01,Lalitpur,fagfcadhxej,50,167,57.0,0.4193090392806436
2021-04-01,Lalitpur,fagfcadhxej,51,167,75.0,0.3939051918735892
2021-04-01,Lalitpur,fagfcadhxej,52,167,49.0,0.7077363896848138
2021-04-01,Agra,N5WWbRtsjWp,48,146,24.0,0.11063955528994374
2021-04-01,Agra,N5WWbRtsjWp,49,146,28.0,0.007958109223370044
2021-04-01,Agra,N5WWbRtsjWp,50,146,70.0,0.3533114003719067
2021-04-01,Agra,N5WWbRtsjWp,51,146,54.0,0.5323886639676113
2021-04-01,Agra,N5WWbRtsjWp,52,146,48.0,0.7110266159695817
2021-04-01,Sitapur,XxaOowFtkiJ,48,154,57.0,0.07570782796895496
2021-04-01,Sitapur,XxaOowFtkiJ,49,154,73.0,0.003777051857901185
2021-04-01,Sitapur,XxaOowFtkiJ,50,154,35.0,0.5111375111375112
2021-04-01,Sitapur,XxaOowFtkiJ,51,154,29.0,0.6339337594421848
2021-04-01,Sitapur,XxaOowFtkiJ,52,154,3.0,1.3666361136571952
2021-04-01,Bhadohi,PeUY1vj02UQ,48,198,8.0,0.14785198642252714
2021-04-01,Bhadohi,PeUY1vj02UQ,49,198,20.0,0.00897834297461395
2021-04-01,Bhadohi,PeUY1vj02UQ,50,198,16.0,0.5921192758253461
2021-04-01,Bhadohi,PeUY1vj02UQ,51,198,19.0,0.6876498800959233
2021-04-01,Bhadohi,PeUY1vj02UQ,52,198,23.0,0.9520488230165648
2021-04-01,Shrawasti,oyTwneTbWDx,48,181,36.0,0.09258584417123968
2021-04-01,Shrawasti,oyTwneTbWDx,49,181,9.0,0.011114762511423132
2021-04-01,Shrawasti,oyTwneTbWDx,50,181,27.0,0.5289590927501012
2021-04-01,Shrawasti,oyTwneTbWDx,51,181,26.0,0.6577335375191424
2021-04-01,Shrawasti,oyTwneTbWDx,52,181,10.0,1.1350407450523865
2021-04-01,Mainpuri,XBLhrSWGytu,48,148,19.0,0.1192921590796924
2021-04-01,Mainpuri,XBLhrSWGytu,49,148,41.0,0.0069588392063962105
2021-04-01,Mainpuri,XBLhrSWGytu,50,148,22.0,0.5473887814313346
2021-04-01,Mainpuri,XBLhrSWGytu,51,148,66.0,0.4685512367491166
2021-04-01,Mainpuri,XBLhrSWGytu,52,148,66.0,0.5113122171945701
2021-04-01,Gautam Buddha Nagar,bNmwkrQeP3e,48,141,18.0,0.1223235577177412
2021-04-01,Gautam Buddha Nagar,bNmwkrQeP3e,49,141,24.0,0.008386947126829684
2021-04-01,Gautam Buddha Nagar,bNmwkrQeP3e,50,141,64.0,0.3919213973799127
2021-04-01,Gautam Buddha Nagar,bNmwkrQeP3e,51,141,74.0,0.4085422469823584
2021-04-01,Gautam Buddha Nagar,bNmwkrQeP3e,52,141,70.0,0.4772727272727273
2021-04-01,Rae Bareli,lLvTDpBDY8u,48,158,61.0,0.06905823012437047
2021-04-01,Rae Bareli,lLvTDpBDY8u,49,158,52.0,0.005808806587356447
2021-04-01,Rae Bareli,lLvTDpBDY8u,50,158,49.0,0.4470623322397853
2021-04-01,Rae Bareli,lLvTDpBDY8u,51,158,34.0,0.6124082721814543
2021-04-01,Rae Bareli,lLvTDpBDY8u,52,158,12.0,1.1143790849673203
2021-04-01,Balrampur,uS0pNSxN3sS,48,182,9.0,0.14437510437101927
2021-04-01,Balrampur,uS0pNSxN3sS,49,182,31.0,0.007805001381209002
2021-04-01,Balrampur,uS0pNSxN3sS,50,182,3.0,0.8356328734253149
2021-04-01,Balrampur,uS0pNSxN3sS,51,182,5.0,0.7785355348169418
2021-04-01,Balrampur,uS0pNSxN3sS,52,182,18.0,1.0179806362378976
2021-04-01,Bagpat,HJIS3IrQ0Nj,48,139,52.0,0.07836987711510005
2021-04-01,Bagpat,HJIS3IrQ0Nj,49,139,42.0,0.006828797529434472
2021-04-01,Bagpat,HJIS3IrQ0Nj,50,139,9.0,0.712832108535896
2021-04-01,Bagpat,HJIS3IrQ0Nj,51,139,20.0,0.6812053925455988
2021-04-01,Bagpat,HJIS3IrQ0Nj,52,139,45.0,0.7299185098952271
2021-04-01,Jalaun,NL5xiiHZQSC,48,165,38.0,0.08845649762580836
2021-04-01,Jalaun,NL5xiiHZQSC,49,165,11.0,0.011075261776208873
2021-04-01,Jalaun,NL5xiiHZQSC,50,165,44.0,0.4557914539102392
2021-04-01,Jalaun,NL5xiiHZQSC,51,165,67.0,0.4634433962264151
2021-04-01,Jalaun,NL5xiiHZQSC,52,165,65.0,0.5165394402035624
2021-04-01,Bijnor,uCYjHW7FuGG,48,134,73.0,0.049576729947172916
2021-04-01,Bijnor,uCYjHW7FuGG,49,134,54.0,0.00551126360230394
2021-04-01,Bijnor,uCYjHW7FuGG,50,134,46.0,0.4530359355638166
2021-04-01,Bijnor,uCYjHW7FuGG,51,134,63.0,0.4841356673960613
2021-04-01,Bijnor,uCYjHW7FuGG,52,134,62.0,0.5706214689265536
2021-04-01,Moradabad,YQNQoPjAIpV,48,135,17.0,0.1236859741942946
2021-04-01,Moradabad,YQNQoPjAIpV,49,135,30.0,0.007810460536663116
2021-04-01,Moradabad,YQNQoPjAIpV,50,135,4.0,0.7851359767490139
2021-04-01,Moradabad,YQNQoPjAIpV,51,135,30.0,0.6285034373347436
2021-04-01,Moradabad,YQNQoPjAIpV,52,135,24.0,0.9474127050904502
2021-04-01,Basti,J1P16zQEOUT,48,185,35.0,0.09488261631553954
2021-04-01,Basti,J1P16zQEOUT,49,185,60.0,0.004878088605683075
2021-04-01,Basti,J1P16zQEOUT,50,185,29.0,0.5192468619246862
2021-04-01,Basti,J1P16zQEOUT,51,185,31.0,0.6253021756647864
2021-04-01,Basti,J1P16zQEOUT,52,185,28.0,0.913659793814433
2021-04-01,Mahoba,sUQMxIc3yXj,48,169,16.0,0.12517102704275387
2021-04-01,Mahoba,sUQMxIc3yXj,49,169,1.0,0.014643054024255787
2021-04-01,Mahoba,sUQMxIc3yXj,50,169,25.0,0.5380392156862746
2021-04-01,Mahoba,sUQMxIc3yXj,51,169,57.0,0.5145772594752187
2021-04-01,Mahoba,sUQMxIc3yXj,52,169,55.0,0.6359773371104815
2021-04-01,Mathura,KP2BUB1npih,48,145,30.0,0.09994574339935623
2021-04-01,Mathura,KP2BUB1npih,49,145,2.0,0.01446316080491321
2021-04-01,Mathura,KP2BUB1npih,50,145,45.0,0.4554888039322774
2021-04-01,Mathura,KP2BUB1npih,51,145,17.0,0.7023381294964028
2021-04-01,Mathura,KP2BUB1npih,52,145,43.0,0.7464788732394366
2021-04-01,Ghaziabad,M5NHlfAaKYI,48,140,47.0,0.08319752618349813
2021-04-01,Ghaziabad,M5NHlfAaKYI,49,140,36.0,0.007669994643942539
2021-04-01,Ghaziabad,M5NHlfAaKYI,50,140,53.0,0.4325225578658297
2021-04-01,Ghaziabad,M5NHlfAaKYI,51,140,68.0,0.4494331065759637
2021-04-01,Ghaziabad,M5NHlfAaKYI,52,140,46.0,0.7255297679112008
2021-04-01,Kasganj,hITp09XOBLZ,48,202,71.0,0.0522770664771421
2021-04-01,Kasganj,hITp09XOBLZ,49,202,34.0,0.007691849860132271
2021-04-01,Kasganj,hITp09XOBLZ,50,202,47.0,0.45015930814747385
2021-04-01,Kasganj,hITp09XOBLZ,51,202,35.0,0.6086956521739131
2021-04-01,Kasganj,hITp09XOBLZ,52,202,71.0,0.4601328903654485
2021-04-01,Jaunpur,gmw76vAUMqz,48,194,49.0,0.08162980833443391
2021-04-01,Jaunpur,gmw76vAUMqz,49,194,21.0,0.008781531697904564
2021-04-01,Jaunpur,gmw76vAUMqz,50,194,24.0,0.5411674738720367
2021-04-01,Jaunpur,gmw76vAUMqz,51,194,13.0,0.7298634008478568
2021-04-01,Jaunpur,gmw76vAUMqz,52,194,8.0,1.1539206195546952
2021-04-01,Ghazipur,dScWdMRN8PL,48,195,39.0,0.08750281937171199
2021-04-01,Ghazipur,dScWdMRN8PL,49,195,5.0,0.012199137723818749
2021-04-01,Ghazipur,dScWdMRN8PL,50,195,36.0,0.5083143507972665
2021-04-01,Ghazipur,dScWdMRN8PL,51,195,10.0,0.7400851445216222
2021-04-01,Ghazipur,dScWdMRN8PL,52,195,22.0,0.969724492885256
2021-04-01,Mirzapur,UAicdMLyuk4,48,199,70.0,0.05508579283077731
2021-04-01,Mirzapur,UAicdMLyuk4,49,199,72.0,0.003813387750826435
2021-04-01,Mirzapur,UAicdMLyuk4,50,199,59.0,0.41310089804543054
2021-04-01,Mirzapur,UAicdMLyuk4,51,199,48.0,0.5703324808184144
2021-04-01,Mirzapur,UAicdMLyuk4,52,199,21.0,0.9798206278026906
2021-04-01,Firozabad,eJTsuE56XDF,48,147,1.0,0.24249286209035045
2021-04-01,Firozabad,eJTsuE56XDF,49,147,16.0,0.010405844025096448
2021-04-01,Firozabad,eJTsuE56XDF,50,147,31.0,0.5176083591331271
2021-04-01,Firozabad,eJTsuE56XDF,51,147,22.0,0.6755140186915888
2021-04-01,Firozabad,eJTsuE56XDF,52,147,1.0,7.016602102933037
2021-04-01,Maunathbhanjan,CBSB9v92AwT,48,192,64.0,0.06719345229951629
2021-04-01,Maunathbhanjan,CBSB9v92AwT,49,192,43.0,0.0066946980545243935
2021-04-01,Maunathbhanjan,CBSB9v92AwT,50,192,54.0,0.4301771117166213
2021-04-01,Maunathbhanjan,CBSB9v92AwT,51,192,40.0,0.5922406967537609
2021-04-01,Maunathbhanjan,CBSB9v92AwT,52,192,60.0,0.5855614973262032
2021-04-01,Ballia,oNDvGBE5fLq,48,193,67.0,0.06260925807755467
2021-04-01,Ballia,oNDvGBE5fLq,49,193,63.0,0.0043317667553203895
2021-04-01,Ballia,oNDvGBE5fLq,50,193,11.0,0.6860215053763441
2021-04-01,Ballia,oNDvGBE5fLq,51,193,8.0,0.7591431556948798
2021-04-01,Ballia,oNDvGBE5fLq,52,193,75.0,0.2635925671025465
2021-04-01,Pilibhit,c96jwckSd6j,48,151,31.0,0.09849220521050554
2021-04-01,Pilibhit,c96jwckSd6j,49,151,61.0,0.0046139672192860364
2021-04-01,Pilibhit,c96jwckSd6j,50,151,8.0,0.7149758454106279
2021-04-01,Pilibhit,c96jwckSd6j,51,151,3.0,0.8243243243243243
2021-04-01,Pilibhit,c96jwckSd6j,52,151,17.0,1.0373406193078325
2021-04-01,Rampur,IU006h5U7jj,48,136,45.0,0.08361392854835584
2021-04-01,Rampur,IU006h5U7jj,49,136,7.0,0.011398238473630942
2021-04-01,Rampur,IU006h5U7jj,50,136,68.0,0.3663328924995277
2021-04-01,Rampur,IU006h5U7jj,51,136,43.0,0.5869004641567819
2021-04-01,Rampur,IU006h5U7jj,52,136,36.0,0.8137082601054482
2021-04-01,Hamirpur,VSI7HobT5qL,48,168,3.0,0.1761228124516029
2021-04-01,Hamirpur,VSI7HobT5qL,49,168,8.0,0.01125545463655495
2021-04-01,Hamirpur,VSI7HobT5qL,50,168,41.0,0.4698502630513962
2021-04-01,Hamirpur,VSI7HobT5qL,51,168,18.0,0.7011197243755384
2021-04-01,Hamirpur,VSI7HobT5qL,52,168,4.0,1.3599508599508598
2022-04-01,Sambhal,YzHpzrN0eLv,1,205,1.0,100.0
2022-04-01,Sambhal,YzHpzrN0eLv,2,205,1.0,0.0
2022-04-01,Sambhal,YzHpzrN0eLv,5,205,47.0,0.0
2022-04-01,Sambhal,YzHpzrN0eLv,9,205,41.0,39.24287959414376
2022-04-01,Sambhal,YzHpzrN0eLv,10,205,45.0,41.101215914417274
2022-04-01,Sambhal,YzHpzrN0eLv,11,205,16.0,65.70349334142105
2022-04-01,Sambhal,YzHpzrN0eLv,14,205,52.0,2.07033465683494
2022-04-01,Sambhal,YzHpzrN0eLv,16,205,32.0,5.3406490391243215
2022-04-01,Sambhal,YzHpzrN0eLv,17,205,1.0,100.0
2022-04-01,Sambhal,YzHpzrN0eLv,18,205,29.0,19.701650444350403
2022-04-01,Sambhal,YzHpzrN0eLv,28,205,1.0,0.0
2022-04-01,Sambhal,YzHpzrN0eLv,30,205,1.0,0.0
2022-04-01,Sambhal,YzHpzrN0eLv,32,205,51.0,26.403086591623243
2022-04-01,Sambhal,YzHpzrN0eLv,35,205,1.0,0.0
2022-04-01,Deoria,Tf9b9qcbghH,1,190,1.0,100.0
2022-04-01,Deoria,Tf9b9qcbghH,2,190,1.0,0.0
2022-04-01,Deoria,Tf9b9qcbghH,5,190,47.0,0.0
2022-04-01,Deoria,Tf9b9qcbghH,9,190,49.0,33.67387235796089
2022-04-01,Deoria,Tf9b9qcbghH,10,190,47.0,38.87295891210659
2022-04-01,Deoria,Tf9b9qcbghH,11,190,58.0,31.61518517882591
2022-04-01,Deoria,Tf9b9qcbghH,14,190,1.0,100.0
2022-04-01,Deoria,Tf9b9qcbghH,16,190,75.0,0.21462543568963444
2022-04-01,Deoria,Tf9b9qcbghH,17,190,,
2022-04-01,Deoria,Tf9b9qcbghH,18,190,11.0,30.228143326892436
2022-04-01,Deoria,Tf9b9qcbghH,28,190,1.0,0.0
2022-04-01,Deoria,Tf9b9qcbghH,30,190,1.0,0.0
2022-04-01,Deoria,Tf9b9qcbghH,32,190,36.0,31.29282644884054
2022-04-01,Deoria,Tf9b9qcbghH,35,190,1.0,0.0
2022-04-01,Barabanki,tzH6nJu9SwS,1,176,1.0,100.0
2022-04-01,Barabanki,tzH6nJu9SwS,2,176,1.0,0.0
2022-04-01,Barabanki,tzH6nJu9SwS,5,176,14.0,13.513513513513514
2022-04-01,Barabanki,tzH6nJu9SwS,6,176,35.0,8.108108108108109
2022-04-01,Barabanki,tzH6nJu9SwS,9,176,7.0,64.42668969984885
2022-04-01,Barabanki,tzH6nJu9SwS,10,176,20.0,59.71496437054632
2022-04-01,Barabanki,tzH6nJu9SwS,11,176,24.0,59.58972144245303
2022-04-01,Barabanki,tzH6nJu9SwS,14,176,26.0,27.66808297925519
2022-04-01,Barabanki,tzH6nJu9SwS,16,176,15.0,7.756424098466853
2022-04-01,Barabanki,tzH6nJu9SwS,17,176,1.0,100.0
2022-04-01,Barabanki,tzH6nJu9SwS,18,176,4.0,38.48445158019266
2022-04-01,Barabanki,tzH6nJu9SwS,19,176,4.0,0.0
2022-04-01,Barabanki,tzH6nJu9SwS,20,176,28.0,6.523429064996761
2022-04-01,Barabanki,tzH6nJu9SwS,21,176,22.0,2.59123299503347
2022-04-01,Barabanki,tzH6nJu9SwS,22,176,2.0,0.0
2022-04-01,Barabanki,tzH6nJu9SwS,28,176,1.0,0.0
2022-04-01,Barabanki,tzH6nJu9SwS,30,176,1.0,0.0
2022-04-01,Barabanki,tzH6nJu9SwS,32,176,45.0,28.45349640003945
2022-04-01,Barabanki,tzH6nJu9SwS,35,176,1.0,0.0
2022-04-01,Bulandshahar,ogBt4gWCiem,1,142,1.0,100.0
2022-04-01,Bulandshahar,ogBt4gWCiem,2,142,1.0,0.0
2022-04-01,Bulandshahar,ogBt4gWCiem,5,142,47.0,0.0
2022-04-01,Bulandshahar,ogBt4gWCiem,6,142,32.0,12.5
2022-04-01,Bulandshahar,ogBt4gWCiem,9,142,44.0,35.789510698524886
2022-04-01,Bulandshahar,ogBt4gWCiem,10,142,36.0,44.63667211702445
2022-04-01,Bulandshahar,ogBt4gWCiem,11,142,18.0,63.74105525959527
2022-04-01,Bulandshahar,ogBt4gWCiem,14,142,39.0,13.480055020632737
2022-04-01,Bulandshahar,ogBt4gWCiem,16,142,67.0,1.4962111222462506
2022-04-01,Bulandshahar,ogBt4gWCiem,17,142,1.0,100.0
2022-04-01,Bulandshahar,ogBt4gWCiem,18,142,40.0,14.894670435851978
2022-04-01,Bulandshahar,ogBt4gWCiem,28,142,1.0,0.0
2022-04-01,Bulandshahar,ogBt4gWCiem,30,142,1.0,0.0
2022-04-01,Bulandshahar,ogBt4gWCiem,32,142,46.0,27.440784668359363
2022-04-01,Bulandshahar,ogBt4gWCiem,35,142,1.0,0.0
2022-04-01,Hathras,m1IAjmqkoFC,1,144,1.0,100.0
2022-04-01,Hathras,m1IAjmqkoFC,2,144,1.0,0.0
2022-04-01,Hathras,m1IAjmqkoFC,5,144,47.0,0.0
2022-04-01,Hathras,m1IAjmqkoFC,9,144,28.0,43.698056614384804
2022-04-01,Hathras,m1IAjmqkoFC,10,144,34.0,47.106792476410675
2022-04-01,Hathras,m1IAjmqkoFC,11,144,30.0,52.34331062925701
2022-04-01,Hathras,m1IAjmqkoFC,14,144,8.0,79.23640167364016
2022-04-01,Hathras,m1IAjmqkoFC,16,144,52.0,3.2368930825470223
2022-04-01,Hathras,m1IAjmqkoFC,17,144,,
2022-04-01,Hathras,m1IAjmqkoFC,18,144,36.0,16.51114127361158
2022-04-01,Hathras,m1IAjmqkoFC,28,144,1.0,0.0
2022-04-01,Hathras,m1IAjmqkoFC,30,144,1.0,0.0
2022-04-01,Hathras,m1IAjmqkoFC,32,144,35.0,31.523554625399957
2022-04-01,Hathras,m1IAjmqkoFC,35,144,1.0,0.0
2022-04-01,Gonda,y8WarEkWCul,1,183,1.0,100.0
2022-04-01,Gonda,y8WarEkWCul,2,183,1.0,0.0
2022-04-01,Gonda,y8WarEkWCul,5,183,29.0,3.5294117647058822
2022-04-01,Gonda,y8WarEkWCul,9,183,54.0,29.86381124931295
2022-04-01,Gonda,y8WarEkWCul,10,183,35.0,46.202389919182465
2022-04-01,Gonda,y8WarEkWCul,11,183,26.0,59.432445086822874
2022-04-01,Gonda,y8WarEkWCul,14,183,2.0,97.49920356801529
2022-04-01,Gonda,y8WarEkWCul,16,183,5.0,11.320562669218086
2022-04-01,Gonda,y8WarEkWCul,17,183,14.0,92.3076923076923
2022-04-01,Gonda,y8WarEkWCul,18,183,49.0,12.67987871274689
2022-04-01,Gonda,y8WarEkWCul,28,183,1.0,0.0
2022-04-01,Gonda,y8WarEkWCul,30,183,1.0,0.0
2022-04-01,Gonda,y8WarEkWCul,32,183,5.0,82.35610033487079
2022-04-01,Gonda,y8WarEkWCul,35,183,1.0,0.0
2022-04-01,Shamli,AdiUcz9BXhx,1,203,14.0,4.823170511135495
2022-04-01,Shamli,AdiUcz9BXhx,2,203,1.0,0.0
2022-04-01,Shamli,AdiUcz9BXhx,5,203,8.0,21.428571428571427
2022-04-01,Shamli,AdiUcz9BXhx,6,203,8.0,57.14285714285714
2022-04-01,Shamli,AdiUcz9BXhx,9,203,43.0,36.99201263933995
2022-04-01,Shamli,AdiUcz9BXhx,10,203,30.0,49.451417537084176
2022-04-01,Shamli,AdiUcz9BXhx,11,203,28.0,55.65698235758799
2022-04-01,Shamli,AdiUcz9BXhx,14,203,45.0,7.313341493268053
2022-04-01,Shamli,AdiUcz9BXhx,16,203,64.0,1.5711401737909243
2022-04-01,Shamli,AdiUcz9BXhx,17,203,1.0,100.0
2022-04-01,Shamli,AdiUcz9BXhx,18,203,7.0,34.421572663647595
2022-04-01,Shamli,AdiUcz9BXhx,19,203,4.0,0.0
2022-04-01,Shamli,AdiUcz9BXhx,20,203,16.0,39.072237338716754
2022-04-01,Shamli,AdiUcz9BXhx,21,203,13.0,9.400509084525586
2022-04-01,Shamli,AdiUcz9BXhx,22,203,2.0,0.0
2022-04-01,Shamli,AdiUcz9BXhx,28,203,1.0,0.0
2022-04-01,Shamli,AdiUcz9BXhx,30,203,1.0,0.0
2022-04-01,Shamli,AdiUcz9BXhx,32,203,15.0,52.766482514933124
2022-04-01,Shamli,AdiUcz9BXhx,35,203,1.0,0.0
2022-04-01,Meerut,v8YGmR7nOdj,1,138,1.0,100.0
2022-04-01,Meerut,v8YGmR7nOdj,2,138,1.0,0.0
2022-04-01,Meerut,v8YGmR7nOdj,5,138,11.0,14.583333333333334
2022-04-01,Meerut,v8YGmR7nOdj,9,138,1.0,89.36345861394742
2022-04-01,Meerut,v8YGmR7nOdj,10,138,1.0,100.0
2022-04-01,Meerut,v8YGmR7nOdj,11,138,5.0,84.87073647621116
2022-04-01,Meerut,v8YGmR7nOdj,14,138,31.0,17.408906882591094
2022-04-01,Meerut,v8YGmR7nOdj,16,138,20.0,7.3169671953074085
2022-04-01,Meerut,v8YGmR7nOdj,17,138,1.0,100.0
2022-04-01,Meerut,v8YGmR7nOdj,18,138,21.0,23.84112900408705
2022-04-01,Meerut,v8YGmR7nOdj,28,138,1.0,0.0
2022-04-01,Meerut,v8YGmR7nOdj,30,138,1.0,0.0
2022-04-01,Meerut,v8YGmR7nOdj,32,138,62.0,21.71500391282696
2022-04-01,Meerut,v8YGmR7nOdj,35,138,1.0,0.0
2022-04-01,Auraiya,Bd6E8zkVvVt,1,162,1.0,100.0
2022-04-01,Auraiya,Bd6E8zkVvVt,2,162,1.0,0.0
2022-04-01,Auraiya,Bd6E8zkVvVt,5,162,40.0,1.4084507042253522
2022-04-01,Auraiya,Bd6E8zkVvVt,9,162,2.0,82.39879470719245
2022-04-01,Auraiya,Bd6E8zkVvVt,10,162,3.0,87.29857199004324
2022-04-01,Auraiya,Bd6E8zkVvVt,11,162,2.0,92.08044019389493
2022-04-01,Auraiya,Bd6E8zkVvVt,14,162,38.0,13.566433566433567
2022-04-01,Auraiya,Bd6E8zkVvVt,16,162,46.0,4.113716756190226
2022-04-01,Auraiya,Bd6E8zkVvVt,17,162,19.0,80.0
2022-04-01,Auraiya,Bd6E8zkVvVt,18,162,1.0,49.57137532612747
2022-04-01,Auraiya,Bd6E8zkVvVt,28,162,1.0,0.0
2022-04-01,Auraiya,Bd6E8zkVvVt,30,162,1.0,0.0
2022-04-01,Auraiya,Bd6E8zkVvVt,32,162,20.0,48.44379442177918
2022-04-01,Auraiya,Bd6E8zkVvVt,35,162,1.0,0.0
2022-04-01,Kannauj,IhQbDYRiF8w,1,160,1.0,100.0
2022-04-01,Kannauj,IhQbDYRiF8w,2,160,1.0,0.0
2022-04-01,Kannauj,IhQbDYRiF8w,5,160,27.0,4.444444444444445
2022-04-01,Kannauj,IhQbDYRiF8w,9,160,12.0,59.188535790617
2022-04-01,Kannauj,IhQbDYRiF8w,10,160,23.0,55.7759013349217
2022-04-01,Kannauj,IhQbDYRiF8w,11,160,50.0,38.432430538523526
2022-04-01,Kannauj,IhQbDYRiF8w,14,160,42.0,10.468972051160588
2022-04-01,Kannauj,IhQbDYRiF8w,16,160,16.0,7.659157002207351
2022-04-01,Kannauj,IhQbDYRiF8w,17,160,,
2022-04-01,Kannauj,IhQbDYRiF8w,18,160,8.0,31.007879727011968
2022-04-01,Kannauj,IhQbDYRiF8w,28,160,1.0,0.0
2022-04-01,Kannauj,IhQbDYRiF8w,30,160,1.0,0.0
2022-04-01,Kannauj,IhQbDYRiF8w,32,160,29.0,36.7511408874648
2022-04-01,Kannauj,IhQbDYRiF8w,35,160,1.0,0.0
2022-04-01,Ambedkar Nagar,jM27ji8tyrM,1,178,1.0,100.0
2022-04-01,Ambedkar Nagar,jM27ji8tyrM,2,178,1.0,0.0
2022-04-01,Ambedkar Nagar,jM27ji8tyrM,5,178,33.0,2.7027027027027026
2022-04-01,Ambedkar Nagar,jM27ji8tyrM,6,178,16.0,37.83783783783784
2022-04-01,Ambedkar Nagar,jM27ji8tyrM,9,178,47.0,34.01898199750059
2022-04-01,Ambedkar Nagar,jM27ji8tyrM,10,178,32.0,47.86030330665045
2022-04-01,Ambedkar Nagar,jM27ji8tyrM,11,178,61.0,29.722700712669305
2022-04-01,Ambedkar Nagar,jM27ji8tyrM,14,178,1.0,100.0
2022-04-01,Ambedkar Nagar,jM27ji8tyrM,16,178,50.0,3.586989563278954
2022-04-01,Ambedkar Nagar,jM27ji8tyrM,17,178,1.0,100.0
2022-04-01,Ambedkar Nagar,jM27ji8tyrM,18,178,16.0,25.735752587604438
2022-04-01,Ambedkar Nagar,jM27ji8tyrM,19,178,4.0,0.0
2022-04-01,Ambedkar Nagar,jM27ji8tyrM,20,178,11.0,56.18941466545074
2022-04-01,Ambedkar Nagar,jM27ji8tyrM,21,178,24.0,2.458877968048097
2022-04-01,Ambedkar Nagar,jM27ji8tyrM,22,178,2.0,0.0
2022-04-01,Ambedkar Nagar,jM27ji8tyrM,28,178,1.0,0.0
2022-04-01,Ambedkar Nagar,jM27ji8tyrM,30,178,1.0,0.0
2022-04-01,Ambedkar Nagar,jM27ji8tyrM,32,178,43.0,28.648996213474316
2022-04-01,Ambedkar Nagar,jM27ji8tyrM,35,178,1.0,0.0
2022-04-01,Azamgarh,NjckKfm3g0k,1,191,1.0,100.0
2022-04-01,Azamgarh,NjckKfm3g0k,2,191,1.0,0.0
2022-04-01,Azamgarh,NjckKfm3g0k,5,191,22.0,7.792207792207792
2022-04-01,Azamgarh,NjckKfm3g0k,6,191,38.0,1.2987012987012987
2022-04-01,Azamgarh,NjckKfm3g0k,9,191,18.0,53.463120372909245
2022-04-01,Azamgarh,NjckKfm3g0k,10,191,2.0,93.5645736221552
2022-04-01,Azamgarh,NjckKfm3g0k,11,191,20.0,61.54099259665479
2022-04-01,Azamgarh,NjckKfm3g0k,14,191,1.0,100.0
2022-04-01,Azamgarh,NjckKfm3g0k,16,191,73.0,0.9185632026323005
2022-04-01,Azamgarh,NjckKfm3g0k,17,191,1.0,100.0
2022-04-01,Azamgarh,NjckKfm3g0k,18,191,58.0,9.963119498209814
2022-04-01,Azamgarh,NjckKfm3g0k,19,191,4.0,0.0
2022-04-01,Azamgarh,NjckKfm3g0k,20,191,10.0,57.29092404716205
2022-04-01,Azamgarh,NjckKfm3g0k,21,191,6.0,14.315876062517138
2022-04-01,Azamgarh,NjckKfm3g0k,22,191,2.0,0.0
2022-04-01,Azamgarh,NjckKfm3g0k,28,191,1.0,0.0
2022-04-01,Azamgarh,NjckKfm3g0k,30,191,1.0,0.0
2022-04-01,Azamgarh,NjckKfm3g0k,32,191,55.0,23.852144506227035
2022-04-01,Azamgarh,NjckKfm3g0k,35,191,1.0,0.0
2022-04-01,Bahraich,iE0E3nLioFr,1,180,1.0,100.0
2022-04-01,Bahraich,iE0E3nLioFr,2,180,1.0,0.0
2022-04-01,Bahraich,iE0E3nLioFr,5,180,2.0,46.34146341463415
2022-04-01,Bahraich,iE0E3nLioFr,9,180,57.0,27.93216183081324
2022-04-01,Bahraich,iE0E3nLioFr,10,180,64.0,25.43330368518474
2022-04-01,Bahraich,iE0E3nLioFr,11,180,55.0,35.029688213658986
2022-04-01,Bahraich,iE0E3nLioFr,14,180,40.0,12.58808456117873
2022-04-01,Bahraich,iE0E3nLioFr,16,180,44.0,4.289766580927426
2022-04-01,Bahraich,iE0E3nLioFr,17,180,20.0,73.48066298342542
2022-04-01,Bahraich,iE0E3nLioFr,18,180,34.0,17.31762427372498
2022-04-01,Bahraich,iE0E3nLioFr,28,180,1.0,0.0
2022-04-01,Bahraich,iE0E3nLioFr,30,180,1.0,0.0
2022-04-01,Bahraich,iE0E3nLioFr,32,180,23.0,42.24641258944036
2022-04-01,Bahraich,iE0E3nLioFr,35,180,1.0,0.0
2022-04-01,Kanpur Nagar,QVMRMhzVrrS,1,164,1.0,100.0
2022-04-01,Kanpur Nagar,QVMRMhzVrrS,2,164,1.0,0.0
2022-04-01,Kanpur Nagar,QVMRMhzVrrS,5,164,47.0,0.0
2022-04-01,Kanpur Nagar,QVMRMhzVrrS,6,164,12.0,39.61038961038961
2022-04-01,Kanpur Nagar,QVMRMhzVrrS,9,164,64.0,22.008500969580634
2022-04-01,Kanpur Nagar,QVMRMhzVrrS,10,164,54.0,34.97345895441992
2022-04-01,Kanpur Nagar,QVMRMhzVrrS,11,164,25.0,59.55575578320569
2022-04-01,Kanpur Nagar,QVMRMhzVrrS,14,164,1.0,100.0
2022-04-01,Kanpur Nagar,QVMRMhzVrrS,16,164,17.0,7.601903903786261
2022-04-01,Kanpur Nagar,QVMRMhzVrrS,17,164,4.0,99.23664122137404
2022-04-01,Kanpur Nagar,QVMRMhzVrrS,18,164,43.0,13.354425583510155
2022-04-01,Kanpur Nagar,QVMRMhzVrrS,28,164,1.0,0.0
2022-04-01,Kanpur Nagar,QVMRMhzVrrS,30,164,1.0,0.0
2022-04-01,Kanpur Nagar,QVMRMhzVrrS,32,164,57.0,22.495579881879397
2022-04-01,Kanpur Nagar,QVMRMhzVrrS,35,164,1.0,0.0
2022-04-01,Fatehpur,ibLiLcaKzw2,1,172,13.0,5.482696609500416
2022-04-01,Fatehpur,ibLiLcaKzw2,2,172,1.0,0.0
2022-04-01,Fatehpur,ibLiLcaKzw2,5,172,41.0,1.1235955056179776
2022-04-01,Fatehpur,ibLiLcaKzw2,9,172,67.0,19.455581921828546
2022-04-01,Fatehpur,ibLiLcaKzw2,10,172,59.0,33.434252516160704
2022-04-01,Fatehpur,ibLiLcaKzw2,11,172,39.0,46.30281209939176
2022-04-01,Fatehpur,ibLiLcaKzw2,14,172,22.0,41.118421052631575
2022-04-01,Fatehpur,ibLiLcaKzw2,16,172,57.0,2.4847939339388487
2022-04-01,Fatehpur,ibLiLcaKzw2,17,172,1.0,100.0
2022-04-01,Fatehpur,ibLiLcaKzw2,18,172,63.0,8.47290127951732
2022-04-01,Fatehpur,ibLiLcaKzw2,28,172,1.0,0.0
2022-04-01,Fatehpur,ibLiLcaKzw2,30,172,1.0,0.0
2022-04-01,Fatehpur,ibLiLcaKzw2,32,172,63.0,18.553675699955082
2022-04-01,Fatehpur,ibLiLcaKzw2,35,172,1.0,0.0
2022-04-01,Etawah,Pm0jLk6EAiE,1,161,1.0,100.0
2022-04-01,Etawah,Pm0jLk6EAiE,2,161,1.0,0.0
2022-04-01,Etawah,Pm0jLk6EAiE,5,161,3.0,40.65040650406504
2022-04-01,Etawah,Pm0jLk6EAiE,6,161,7.0,57.72357723577236
2022-04-01,Etawah,Pm0jLk6EAiE,9,161,17.0,53.82451782583285
2022-04-01,Etawah,Pm0jLk6EAiE,10,161,10.0,70.78097603740503
2022-04-01,Etawah,Pm0jLk6EAiE,11,161,1.0,97.52703097603741
2022-04-01,Etawah,Pm0jLk6EAiE,14,161,1.0,100.0
2022-04-01,Etawah,Pm0jLk6EAiE,16,161,2.0,14.976621858562245
2022-04-01,Etawah,Pm0jLk6EAiE,17,161,1.0,100.0
2022-04-01,Etawah,Pm0jLk6EAiE,18,161,30.0,19.24751469414411
2022-04-01,Etawah,Pm0jLk6EAiE,19,161,1.0,100.0
2022-04-01,Etawah,Pm0jLk6EAiE,20,161,7.0,66.32817066043249
2022-04-01,Etawah,Pm0jLk6EAiE,21,161,8.0,12.719170075978958
2022-04-01,Etawah,Pm0jLk6EAiE,22,161,2.0,0.0
2022-04-01,Etawah,Pm0jLk6EAiE,28,161,1.0,0.0
2022-04-01,Etawah,Pm0jLk6EAiE,30,161,1.0,0.0
2022-04-01,Etawah,Pm0jLk6EAiE,32,161,6.0,82.04833386564462
2022-04-01,Etawah,Pm0jLk6EAiE,35,161,1.0,0.0
2022-04-01,Chitrakoot,i2fSZZ3QAJJ,1,171,1.0,100.0
2022-04-01,Chitrakoot,i2fSZZ3QAJJ,2,171,1.0,0.0
2022-04-01,Chitrakoot,i2fSZZ3QAJJ,5,171,18.0,8.88888888888889
2022-04-01,Chitrakoot,i2fSZZ3QAJJ,6,171,21.0,26.666666666666668
2022-04-01,Chitrakoot,i2fSZZ3QAJJ,9,171,39.0,39.26230934292177
2022-04-01,Chitrakoot,i2fSZZ3QAJJ,10,171,27.0,51.78333236675753
2022-04-01,Chitrakoot,i2fSZZ3QAJJ,11,171,7.0,82.97280055674766
2022-04-01,Chitrakoot,i2fSZZ3QAJJ,14,171,28.0,25.848032564450474
2022-04-01,Chitrakoot,i2fSZZ3QAJJ,16,171,10.0,8.078640607782868
2022-04-01,Chitrakoot,i2fSZZ3QAJJ,17,171,1.0,100.0
2022-04-01,Chitrakoot,i2fSZZ3QAJJ,18,171,19.0,25.40718429272646
2022-04-01,Chitrakoot,i2fSZZ3QAJJ,19,171,4.0,0.0
2022-04-01,Chitrakoot,i2fSZZ3QAJJ,20,171,4.0,85.22878849388158
2022-04-01,Chitrakoot,i2fSZZ3QAJJ,21,171,4.0,16.592240329409037
2022-04-01,Chitrakoot,i2fSZZ3QAJJ,22,171,2.0,0.0
2022-04-01,Chitrakoot,i2fSZZ3QAJJ,28,171,1.0,0.0
2022-04-01,Chitrakoot,i2fSZZ3QAJJ,30,171,1.0,0.0
2022-04-01,Chitrakoot,i2fSZZ3QAJJ,32,171,22.0,42.53533252026688
2022-04-01,Chitrakoot,i2fSZZ3QAJJ,35,171,1.0,0.0
2022-04-01,Jhansi,Mq751wBMqGF,1,166,1.0,100.0
2022-04-01,Jhansi,Mq751wBMqGF,2,166,1.0,0.0
2022-04-01,Jhansi,Mq751wBMqGF,5,166,47.0,0.0
2022-04-01,Jhansi,Mq751wBMqGF,6,166,6.0,70.27027027027027
2022-04-01,Jhansi,Mq751wBMqGF,9,166,25.0,45.96462567936917
2022-04-01,Jhansi,Mq751wBMqGF,10,166,57.0,33.81923282334831
2022-04-01,Jhansi,Mq751wBMqGF,11,166,48.0,38.89604473626339
2022-04-01,Jhansi,Mq751wBMqGF,14,166,1.0,100.0
2022-04-01,Jhansi,Mq751wBMqGF,16,166,60.0,2.142565423643618
2022-04-01,Jhansi,Mq751wBMqGF,17,166,1.0,100.0
2022-04-01,Jhansi,Mq751wBMqGF,18,166,47.0,13.092153960029606
2022-04-01,Jhansi,Mq751wBMqGF,19,166,4.0,0.0
2022-04-01,Jhansi,Mq751wBMqGF,20,166,14.0,47.32179322044548
2022-04-01,Jhansi,Mq751wBMqGF,21,166,5.0,16.50278030850429
2022-04-01,Jhansi,Mq751wBMqGF,22,166,2.0,0.0
2022-04-01,Jhansi,Mq751wBMqGF,28,166,1.0,0.0
2022-04-01,Jhansi,Mq751wBMqGF,30,166,1.0,0.0
2022-04-01,Jhansi,Mq751wBMqGF,32,166,1.0,100.0
2022-04-01,Jhansi,Mq751wBMqGF,35,166,1.0,0.0
2022-04-01,Amethi,StsLkYw1G0m,1,206,1.0,100.0
2022-04-01,Amethi,StsLkYw1G0m,2,206,1.0,0.0
2022-04-01,Amethi,StsLkYw1G0m,5,206,35.0,2.3255813953488373
2022-04-01,Amethi,StsLkYw1G0m,6,206,22.0,23.25581395348837
2022-04-01,Amethi,StsLkYw1G0m,9,206,30.0,43.0332306154743
2022-04-01,Amethi,StsLkYw1G0m,10,206,29.0,51.24510702090447
2022-04-01,Amethi,StsLkYw1G0m,11,206,36.0,47.068376780211544
2022-04-01,Amethi,StsLkYw1G0m,14,206,53.0,1.4634146341463417
2022-04-01,Amethi,StsLkYw1G0m,16,206,62.0,2.002998251020238
2022-04-01,Amethi,StsLkYw1G0m,17,206,1.0,100.0
2022-04-01,Amethi,StsLkYw1G0m,18,206,22.0,23.412714847794575
2022-04-01,Amethi,StsLkYw1G0m,19,206,4.0,0.0
2022-04-01,Amethi,StsLkYw1G0m,20,206,1.0,88.07362371949696
2022-04-01,Amethi,StsLkYw1G0m,21,206,27.0,1.3700341467477304
2022-04-01,Amethi,StsLkYw1G0m,22,206,2.0,0.0
2022-04-01,Amethi,StsLkYw1G0m,28,206,1.0,0.0
2022-04-01,Amethi,StsLkYw1G0m,30,206,1.0,0.0
2022-04-01,Amethi,StsLkYw1G0m,32,206,40.0,30.25094606879347
2022-04-01,Amethi,StsLkYw1G0m,35,206,1.0,0.0
2022-04-01,Maharajganj,AcnMkNGgc3S,1,187,1.0,100.0
2022-04-01,Maharajganj,AcnMkNGgc3S,2,187,1.0,0.0
2022-04-01,Maharajganj,AcnMkNGgc3S,5,187,45.0,0.9090909090909091
2022-04-01,Maharajganj,AcnMkNGgc3S,6,187,29.0,14.545454545454545
2022-04-01,Maharajganj,AcnMkNGgc3S,9,187,16.0,55.1522155971737
2022-04-01,Maharajganj,AcnMkNGgc3S,10,187,21.0,56.28693756402511
2022-04-01,Maharajganj,AcnMkNGgc3S,11,187,38.0,46.3134669433427
2022-04-01,Maharajganj,AcnMkNGgc3S,14,187,19.0,43.66487825010318
2022-04-01,Maharajganj,AcnMkNGgc3S,16,187,42.0,4.53363452496651
2022-04-01,Maharajganj,AcnMkNGgc3S,17,187,3.0,99.37888198757764
2022-04-01,Maharajganj,AcnMkNGgc3S,18,187,14.0,27.257039963987395
2022-04-01,Maharajganj,AcnMkNGgc3S,28,187,1.0,0.0
2022-04-01,Maharajganj,AcnMkNGgc3S,30,187,1.0,0.0
2022-04-01,Maharajganj,AcnMkNGgc3S,32,187,10.0,61.74608269382277
2022-04-01,Maharajganj,AcnMkNGgc3S,35,187,1.0,0.0
2022-04-01,Bareilly,vVqY3DPcpHf,1,150,1.0,100.0
2022-04-01,Bareilly,vVqY3DPcpHf,2,150,1.0,0.0
2022-04-01,Bareilly,vVqY3DPcpHf,5,150,25.0,6.081081081081082
2022-04-01,Bareilly,vVqY3DPcpHf,6,150,20.0,29.054054054054053
2022-04-01,Bareilly,vVqY3DPcpHf,9,150,21.0,50.27498926621823
2022-04-01,Bareilly,vVqY3DPcpHf,10,150,18.0,60.58350882214635
2022-04-01,Bareilly,vVqY3DPcpHf,11,150,27.0,56.204125861258206
2022-04-01,Bareilly,vVqY3DPcpHf,14,150,10.0,74.36006825938567
2022-04-01,Bareilly,vVqY3DPcpHf,16,150,30.0,5.63676882500869
2022-04-01,Bareilly,vVqY3DPcpHf,17,150,9.0,97.73755656108597
2022-04-01,Bareilly,vVqY3DPcpHf,18,150,38.0,15.610628513030148
2022-04-01,Bareilly,vVqY3DPcpHf,28,150,1.0,0.0
2022-04-01,Bareilly,vVqY3DPcpHf,30,150,1.0,0.0
2022-04-01,Bareilly,vVqY3DPcpHf,32,150,65.0,16.67922254030435
2022-04-01,Bareilly,vVqY3DPcpHf,35,150,1.0,0.0
2022-04-01,Shahjahanpur,GaiLSoQq1ue,1,152,1.0,100.0
2022-04-01,Shahjahanpur,GaiLSoQq1ue,2,152,1.0,0.0
2022-04-01,Shahjahanpur,GaiLSoQq1ue,5,152,47.0,0.0
2022-04-01,Shahjahanpur,GaiLSoQq1ue,9,152,5.0,67.796942375539
2022-04-01,Shahjahanpur,GaiLSoQq1ue,10,152,13.0,66.04972839782718
2022-04-01,Shahjahanpur,GaiLSoQq1ue,11,152,10.0,72.9937839502716
2022-04-01,Shahjahanpur,GaiLSoQq1ue,14,152,55.0,0.2775464890369137
2022-04-01,Shahjahanpur,GaiLSoQq1ue,16,152,14.0,7.761662093296747
2022-04-01,Shahjahanpur,GaiLSoQq1ue,17,152,1.0,100.0
2022-04-01,Shahjahanpur,GaiLSoQq1ue,18,152,15.0,26.451612903225808
2022-04-01,Shahjahanpur,GaiLSoQq1ue,28,152,1.0,0.0
2022-04-01,Shahjahanpur,GaiLSoQq1ue,30,152,1.0,0.0
2022-04-01,Shahjahanpur,GaiLSoQq1ue,32,152,31.0,34.66515977485263
2022-04-01,Shahjahanpur,GaiLSoQq1ue,35,152,1.0,0.0
2022-04-01,Kushinagar,xUeHwd9FQkg,1,189,11.0,14.246165230001148
2022-04-01,Kushinagar,xUeHwd9FQkg,2,189,1.0,0.0
2022-04-01,Kushinagar,xUeHwd9FQkg,5,189,37.0,2.0618556701030926
2022-04-01,Kushinagar,xUeHwd9FQkg,6,189,36.0,5.154639175257731
2022-04-01,Kushinagar,xUeHwd9FQkg,9,189,65.0,21.674563044949636
2022-04-01,Kushinagar,xUeHwd9FQkg,10,189,52.0,36.87144165306366
2022-04-01,Kushinagar,xUeHwd9FQkg,11,189,69.0,21.658637576143647
2022-04-01,Kushinagar,xUeHwd9FQkg,14,189,56.0,0.20671834625322996
2022-04-01,Kushinagar,xUeHwd9FQkg,16,189,71.0,0.9794163315682605
2022-04-01,Kushinagar,xUeHwd9FQkg,17,189,16.0,91.42857142857143
2022-04-01,Kushinagar,xUeHwd9FQkg,18,189,66.0,7.535641547861507
2022-04-01,Kushinagar,xUeHwd9FQkg,19,189,4.0,0.0
2022-04-01,Kushinagar,xUeHwd9FQkg,20,189,12.0,54.47903810168412
2022-04-01,Kushinagar,xUeHwd9FQkg,21,189,25.0,1.8533264322968508
2022-04-01,Kushinagar,xUeHwd9FQkg,22,189,2.0,0.0
2022-04-01,Kushinagar,xUeHwd9FQkg,28,189,1.0,0.0
2022-04-01,Kushinagar,xUeHwd9FQkg,30,189,1.0,0.0
2022-04-01,Kushinagar,xUeHwd9FQkg,32,189,71.0,8.518198980071242
2022-04-01,Kushinagar,xUeHwd9FQkg,35,189,1.0,0.0
2022-04-01,Hardoi,MTIkUw5q5pX,1,155,2.0,91.22114193093657
2022-04-01,Hardoi,MTIkUw5q5pX,2,155,1.0,0.0
2022-04-01,Hardoi,MTIkUw5q5pX,5,155,38.0,1.7543859649122806
2022-04-01,Hardoi,MTIkUw5q5pX,9,155,8.0,61.418014909339504
2022-04-01,Hardoi,MTIkUw5q5pX,10,155,5.0,83.55740746769101
2022-04-01,Hardoi,MTIkUw5q5pX,11,155,3.0,90.86233275822781
2022-04-01,Hardoi,MTIkUw5q5pX,14,155,41.0,12.457831325301205
2022-04-01,Hardoi,MTIkUw5q5pX,16,155,3.0,13.167746345909698
2022-04-01,Hardoi,MTIkUw5q5pX,17,155,1.0,100.0
2022-04-01,Hardoi,MTIkUw5q5pX,18,155,25.0,21.77946048272598
2022-04-01,Hardoi,MTIkUw5q5pX,28,155,1.0,0.0
2022-04-01,Hardoi,MTIkUw5q5pX,30,155,1.0,0.0
2022-04-01,Hardoi,MTIkUw5q5pX,32,155,33.0,33.062206580029816
2022-04-01,Hardoi,MTIkUw5q5pX,35,155,1.0,0.0
2022-04-01,Ayodhya,b4XkXzoGqFY,1,177,1.0,100.0
2022-04-01,Ayodhya,b4XkXzoGqFY,2,177,1.0,0.0
2022-04-01,Ayodhya,b4XkXzoGqFY,5,177,46.0,0.45871559633027525
2022-04-01,Ayodhya,b4XkXzoGqFY,9,177,11.0,59.806338028169016
2022-04-01,Ayodhya,b4XkXzoGqFY,10,177,6.0,77.81983568075117
2022-04-01,Ayodhya,b4XkXzoGqFY,11,177,56.0,33.039906103286384
2022-04-01,Ayodhya,b4XkXzoGqFY,14,177,1.0,100.0
2022-04-01,Ayodhya,b4XkXzoGqFY,16,177,48.0,3.708920187793427
2022-04-01,Ayodhya,b4XkXzoGqFY,17,177,18.0,86.53846153846155
2022-04-01,Ayodhya,b4XkXzoGqFY,18,177,9.0,30.494131285320968
2022-04-01,Ayodhya,b4XkXzoGqFY,28,177,1.0,0.0
2022-04-01,Ayodhya,b4XkXzoGqFY,30,177,1.0,0.0
2022-04-01,Ayodhya,b4XkXzoGqFY,32,177,3.0,91.47237634281666
2022-04-01,Ayodhya,b4XkXzoGqFY,35,177,1.0,0.0
2022-04-01,Gorakhpur,vR85cHdsw1w,1,188,1.0,100.0
2022-04-01,Gorakhpur,vR85cHdsw1w,2,188,1.0,0.0
2022-04-01,Gorakhpur,vR85cHdsw1w,5,188,31.0,3.125
2022-04-01,Gorakhpur,vR85cHdsw1w,9,188,53.0,31.178540933419413
2022-04-01,Gorakhpur,vR85cHdsw1w,10,188,60.0,33.37984463835725
2022-04-01,Gorakhpur,vR85cHdsw1w,11,188,22.0,60.43484599204449
2022-04-01,Gorakhpur,vR85cHdsw1w,14,188,1.0,100.0
2022-04-01,Gorakhpur,vR85cHdsw1w,16,188,55.0,2.6969614928046317
2022-04-01,Gorakhpur,vR85cHdsw1w,17,188,1.0,100.0
2022-04-01,Gorakhpur,vR85cHdsw1w,18,188,27.0,20.46510675755901
2022-04-01,Gorakhpur,vR85cHdsw1w,28,188,1.0,0.0
2022-04-01,Gorakhpur,vR85cHdsw1w,30,188,1.0,0.0
2022-04-01,Gorakhpur,vR85cHdsw1w,32,188,54.0,23.98042209362964
2022-04-01,Gorakhpur,vR85cHdsw1w,35,188,1.0,0.0
2022-04-01,Hapur,CZ8kLjgqvSH,1,204,1.0,100.0
2022-04-01,Hapur,CZ8kLjgqvSH,2,204,1.0,0.0
2022-04-01,Hapur,CZ8kLjgqvSH,5,204,47.0,0.0
2022-04-01,Hapur,CZ8kLjgqvSH,6,204,1.0,100.0
2022-04-01,Hapur,CZ8kLjgqvSH,9,204,71.0,16.044830607476634
2022-04-01,Hapur,CZ8kLjgqvSH,10,204,71.0,17.537967289719624
2022-04-01,Hapur,CZ8kLjgqvSH,11,204,66.0,25.401577102803742
2022-04-01,Hapur,CZ8kLjgqvSH,14,204,46.0,6.556372549019608
2022-04-01,Hapur,CZ8kLjgqvSH,16,204,66.0,1.511390186915888
2022-04-01,Hapur,CZ8kLjgqvSH,17,204,1.0,100.0
2022-04-01,Hapur,CZ8kLjgqvSH,18,204,39.0,15.13379725948777
2022-04-01,Hapur,CZ8kLjgqvSH,19,204,4.0,0.0
2022-04-01,Hapur,CZ8kLjgqvSH,20,204,21.0,26.70122663551402
2022-04-01,Hapur,CZ8kLjgqvSH,21,204,21.0,3.5630841121495322
2022-04-01,Hapur,CZ8kLjgqvSH,22,204,2.0,0.0
2022-04-01,Hapur,CZ8kLjgqvSH,28,204,1.0,0.0
2022-04-01,Hapur,CZ8kLjgqvSH,30,204,1.0,0.0
2022-04-01,Hapur,CZ8kLjgqvSH,32,204,56.0,23.34935945292203
2022-04-01,Hapur,CZ8kLjgqvSH,35,204,1.0,0.0
2022-04-01,Prayagraj,tXgaew1Pd2Y,1,175,1.0,100.0
2022-04-01,Prayagraj,tXgaew1Pd2Y,2,175,1.0,0.0
2022-04-01,Prayagraj,tXgaew1Pd2Y,5,175,4.0,31.797235023041477
2022-04-01,Prayagraj,tXgaew1Pd2Y,6,175,39.0,0.0
2022-04-01,Prayagraj,tXgaew1Pd2Y,9,175,60.0,26.048598390873888
2022-04-01,Prayagraj,tXgaew1Pd2Y,10,175,46.0,39.23230309072782
2022-04-01,Prayagraj,tXgaew1Pd2Y,11,175,65.0,25.59646641470936
2022-04-01,Prayagraj,tXgaew1Pd2Y,14,175,11.0,65.95281622703925
2022-04-01,Prayagraj,tXgaew1Pd2Y,16,175,47.0,3.894131558811936
2022-04-01,Prayagraj,tXgaew1Pd2Y,17,175,1.0,100.0
2022-04-01,Prayagraj,tXgaew1Pd2Y,18,175,60.0,8.864970423606616
2022-04-01,Prayagraj,tXgaew1Pd2Y,28,175,1.0,0.0
2022-04-01,Prayagraj,tXgaew1Pd2Y,30,175,1.0,0.0
2022-04-01,Prayagraj,tXgaew1Pd2Y,32,175,59.0,22.088327464219944
2022-04-01,Prayagraj,tXgaew1Pd2Y,35,175,1.0,0.0
2022-04-01,Chandauli,ClbehnmwSec,1,196,1.0,100.0
2022-04-01,Chandauli,ClbehnmwSec,2,196,1.0,0.0
2022-04-01,Chandauli,ClbehnmwSec,5,196,47.0,0.0
2022-04-01,Chandauli,ClbehnmwSec,9,196,36.0,39.89301061124266
2022-04-01,Chandauli,ClbehnmwSec,10,196,26.0,51.80654213803385
2022-04-01,Chandauli,ClbehnmwSec,11,196,37.0,46.4746119442252
2022-04-01,Chandauli,ClbehnmwSec,14,196,23.0,34.93055555555556
2022-04-01,Chandauli,ClbehnmwSec,16,196,61.0,2.135402964132246
2022-04-01,Chandauli,ClbehnmwSec,17,196,1.0,100.0
2022-04-01,Chandauli,ClbehnmwSec,18,196,71.0,4.582233568430618
2022-04-01,Chandauli,ClbehnmwSec,28,196,1.0,0.0
2022-04-01,Chandauli,ClbehnmwSec,30,196,1.0,0.0
2022-04-01,Chandauli,ClbehnmwSec,32,196,47.0,26.784353343613194
2022-04-01,Chandauli,ClbehnmwSec,35,196,1.0,0.0
2022-04-01,Lucknow,MfHac5N78aK,1,157,1.0,100.0
2022-04-01,Lucknow,MfHac5N78aK,2,157,1.0,0.0
2022-04-01,Lucknow,MfHac5N78aK,5,157,1.0,90.04739336492891
2022-04-01,Lucknow,MfHac5N78aK,9,157,74.0,12.91283549597548
2022-04-01,Lucknow,MfHac5N78aK,10,157,70.0,18.95104694795337
2022-04-01,Lucknow,MfHac5N78aK,11,157,57.0,32.03574804502879
2022-04-01,Lucknow,MfHac5N78aK,14,157,1.0,100.0
2022-04-01,Lucknow,MfHac5N78aK,16,157,7.0,9.88083984990404
2022-04-01,Lucknow,MfHac5N78aK,17,157,19.0,80.0
2022-04-01,Lucknow,MfHac5N78aK,18,157,74.0,3.8831339781376983
2022-04-01,Lucknow,MfHac5N78aK,28,157,1.0,0.0
2022-04-01,Lucknow,MfHac5N78aK,30,157,1.0,0.0
2022-04-01,Lucknow,MfHac5N78aK,32,157,11.0,61.372583108770975
2022-04-01,Lucknow,MfHac5N78aK,35,157,1.0,0.0
2022-04-01,Sultanpur,o4ZQTVcMI7U,1,179,1.0,100.0
2022-04-01,Sultanpur,o4ZQTVcMI7U,2,179,1.0,0.0
2022-04-01,Sultanpur,o4ZQTVcMI7U,5,179,30.0,3.225806451612903
2022-04-01,Sultanpur,o4ZQTVcMI7U,9,179,31.0,40.80005428697452
2022-04-01,Sultanpur,o4ZQTVcMI7U,10,179,33.0,47.55878261459641
2022-04-01,Sultanpur,o4ZQTVcMI7U,11,179,19.0,63.47504495640077
2022-04-01,Sultanpur,o4ZQTVcMI7U,14,179,1.0,100.0
2022-04-01,Sultanpur,o4ZQTVcMI7U,16,179,4.0,11.410443456723103
2022-04-01,Sultanpur,o4ZQTVcMI7U,17,179,,
2022-04-01,Sultanpur,o4ZQTVcMI7U,18,179,18.0,25.586281686322355
2022-04-01,Sultanpur,o4ZQTVcMI7U,28,179,1.0,0.0
2022-04-01,Sultanpur,o4ZQTVcMI7U,30,179,1.0,0.0
2022-04-01,Sultanpur,o4ZQTVcMI7U,32,179,34.0,31.833602903467593
2022-04-01,Sultanpur,o4ZQTVcMI7U,35,179,1.0,0.0
2022-04-01,Budaun,eA37kyBRRuZ,1,149,10.0,18.397975897023436
2022-04-01,Budaun,eA37kyBRRuZ,2,149,1.0,0.0
2022-04-01,Budaun,eA37kyBRRuZ,5,149,47.0,0.0
2022-04-01,Budaun,eA37kyBRRuZ,6,149,13.0,39.0625
2022-04-01,Budaun,eA37kyBRRuZ,9,149,33.0,40.46119967743936
2022-04-01,Budaun,eA37kyBRRuZ,10,149,38.0,43.15023881893183
2022-04-01,Budaun,eA37kyBRRuZ,11,149,47.0,39.59121642578004
2022-04-01,Budaun,eA37kyBRRuZ,14,149,36.0,14.958612534489554
2022-04-01,Budaun,eA37kyBRRuZ,16,149,36.0,4.781030953414801
2022-04-01,Budaun,eA37kyBRRuZ,17,149,1.0,100.0
2022-04-01,Budaun,eA37kyBRRuZ,18,149,26.0,21.12256001719575
2022-04-01,Budaun,eA37kyBRRuZ,28,149,1.0,0.0
2022-04-01,Budaun,eA37kyBRRuZ,30,149,1.0,0.0
2022-04-01,Budaun,eA37kyBRRuZ,32,149,19.0,48.56329719033255
2022-04-01,Budaun,eA37kyBRRuZ,35,149,1.0,0.0
2022-04-01,Kaushambi,PAj0oVY0Dxu,1,174,1.0,100.0
2022-04-01,Kaushambi,PAj0oVY0Dxu,2,174,1.0,0.0
2022-04-01,Kaushambi,PAj0oVY0Dxu,5,174,9.0,15.384615384615385
2022-04-01,Kaushambi,PAj0oVY0Dxu,6,174,33.0,12.307692307692308
2022-04-01,Kaushambi,PAj0oVY0Dxu,9,174,29.0,43.123400266772414
2022-04-01,Kaushambi,PAj0oVY0Dxu,10,174,25.0,52.21889758102311
2022-04-01,Kaushambi,PAj0oVY0Dxu,11,174,42.0,44.78532030714878
2022-04-01,Kaushambi,PAj0oVY0Dxu,14,174,21.0,41.53420870767104
2022-04-01,Kaushambi,PAj0oVY0Dxu,16,174,23.0,6.863982119038177
2022-04-01,Kaushambi,PAj0oVY0Dxu,17,174,7.0,98.33333333333333
2022-04-01,Kaushambi,PAj0oVY0Dxu,18,174,23.0,23.33544705136335
2022-04-01,Kaushambi,PAj0oVY0Dxu,19,174,4.0,0.0
2022-04-01,Kaushambi,PAj0oVY0Dxu,20,174,20.0,28.137279642380765
2022-04-01,Kaushambi,PAj0oVY0Dxu,21,174,26.0,1.434802984967014
2022-04-01,Kaushambi,PAj0oVY0Dxu,22,174,2.0,0.0
2022-04-01,Kaushambi,PAj0oVY0Dxu,28,174,1.0,0.0
2022-04-01,Kaushambi,PAj0oVY0Dxu,30,174,1.0,0.0
2022-04-01,Kaushambi,PAj0oVY0Dxu,32,174,64.0,16.880626875625207
2022-04-01,Kaushambi,PAj0oVY0Dxu,35,174,1.0,0.0
2022-04-01,Banda,DggJGxqbWHn,1,170,15.0,2.6841367517968804
2022-04-01,Banda,DggJGxqbWHn,2,170,1.0,0.0
2022-04-01,Banda,DggJGxqbWHn,5,170,47.0,0.0
2022-04-01,Banda,DggJGxqbWHn,6,170,30.0,14.37908496732026
2022-04-01,Banda,DggJGxqbWHn,9,170,52.0,32.23382168026435
2022-04-01,Banda,DggJGxqbWHn,10,170,44.0,41.29017165248413
2022-04-01,Banda,DggJGxqbWHn,11,170,8.0,76.13240927566746
2022-04-01,Banda,DggJGxqbWHn,14,170,3.0,94.58568738229755
2022-04-01,Banda,DggJGxqbWHn,16,170,26.0,6.225692312191128
2022-04-01,Banda,DggJGxqbWHn,17,170,1.0,100.0
2022-04-01,Banda,DggJGxqbWHn,18,170,73.0,4.198068601885549
2022-04-01,Banda,DggJGxqbWHn,19,170,4.0,0.0
2022-04-01,Banda,DggJGxqbWHn,20,170,3.0,86.81170862941194
2022-04-01,Banda,DggJGxqbWHn,21,170,14.0,7.863262859315144
2022-04-01,Banda,DggJGxqbWHn,22,170,1.0,0.0029242331198643156
2022-04-01,Banda,DggJGxqbWHn,28,170,1.0,0.0
2022-04-01,Banda,DggJGxqbWHn,30,170,1.0,0.0
2022-04-01,Banda,DggJGxqbWHn,32,170,1.0,100.0
2022-04-01,Banda,DggJGxqbWHn,35,170,1.0,0.0
2022-04-01,Sonbhadra,NNk3JP90QZ5,1,200,1.0,100.0
2022-04-01,Sonbhadra,NNk3JP90QZ5,2,200,1.0,0.0
2022-04-01,Sonbhadra,NNk3JP90QZ5,5,200,47.0,0.0
2022-04-01,Sonbhadra,NNk3JP90QZ5,6,200,2.0,91.48936170212765
2022-04-01,Sonbhadra,NNk3JP90QZ5,9,200,55.0,29.27256522941701
2022-04-01,Sonbhadra,NNk3JP90QZ5,10,200,62.0,30.114631672761917
2022-04-01,Sonbhadra,NNk3JP90QZ5,11,200,62.0,29.204954055133843
2022-04-01,Sonbhadra,NNk3JP90QZ5,14,200,29.0,25.68527918781726
2022-04-01,Sonbhadra,NNk3JP90QZ5,16,200,22.0,6.963950951166292
2022-04-01,Sonbhadra,NNk3JP90QZ5,17,200,1.0,100.0
2022-04-01,Sonbhadra,NNk3JP90QZ5,18,200,46.0,13.19306299413415
2022-04-01,Sonbhadra,NNk3JP90QZ5,19,200,4.0,0.0
2022-04-01,Sonbhadra,NNk3JP90QZ5,20,200,5.0,80.99511355604044
2022-04-01,Sonbhadra,NNk3JP90QZ5,21,200,28.0,1.1340237868404068
2022-04-01,Sonbhadra,NNk3JP90QZ5,22,200,2.0,0.0
2022-04-01,Sonbhadra,NNk3JP90QZ5,28,200,1.0,0.0
2022-04-01,Sonbhadra,NNk3JP90QZ5,30,200,1.0,0.0
2022-04-01,Sonbhadra,NNk3JP90QZ5,32,200,66.0,15.971793288037883
2022-04-01,Sonbhadra,NNk3JP90QZ5,35,200,1.0,0.0
2022-04-01,Saharanpur,FKYZ3JbWq84,1,132,1.0,100.0
2022-04-01,Saharanpur,FKYZ3JbWq84,2,132,1.0,0.0
2022-04-01,Saharanpur,FKYZ3JbWq84,5,132,47.0,0.0
2022-04-01,Saharanpur,FKYZ3JbWq84,6,132,34.0,9.58904109589041
2022-04-01,Saharanpur,FKYZ3JbWq84,9,132,68.0,19.424930199045303
2022-04-01,Saharanpur,FKYZ3JbWq84,10,132,69.0,19.4181752679456
2022-04-01,Saharanpur,FKYZ3JbWq84,11,132,63.0,27.659191209582996
2022-04-01,Saharanpur,FKYZ3JbWq84,14,132,1.0,100.0
2022-04-01,Saharanpur,FKYZ3JbWq84,16,132,68.0,1.26204629379447
2022-04-01,Saharanpur,FKYZ3JbWq84,17,132,1.0,100.0
2022-04-01,Saharanpur,FKYZ3JbWq84,18,132,51.0,12.391813242273908
2022-04-01,Saharanpur,FKYZ3JbWq84,19,132,4.0,0.0
2022-04-01,Saharanpur,FKYZ3JbWq84,20,132,25.0,21.77564622174187
2022-04-01,Saharanpur,FKYZ3JbWq84,21,132,20.0,3.863820589029992
2022-04-01,Saharanpur,FKYZ3JbWq84,22,132,2.0,0.0
2022-04-01,Saharanpur,FKYZ3JbWq84,28,132,1.0,0.0
2022-04-01,Saharanpur,FKYZ3JbWq84,30,132,1.0,0.0
2022-04-01,Saharanpur,FKYZ3JbWq84,32,132,21.0,46.83088517497645
2022-04-01,Saharanpur,FKYZ3JbWq84,35,132,1.0,0.0
2022-04-01,Siddharth Nagar,cP0p8qfm3il,1,184,1.0,100.0
2022-04-01,Siddharth Nagar,cP0p8qfm3il,2,184,1.0,0.0
2022-04-01,Siddharth Nagar,cP0p8qfm3il,5,184,47.0,0.0
2022-04-01,Siddharth Nagar,cP0p8qfm3il,6,184,37.0,2.727272727272727
2022-04-01,Siddharth Nagar,cP0p8qfm3il,9,184,46.0,34.67002626923283
2022-04-01,Siddharth Nagar,cP0p8qfm3il,10,184,55.0,34.4019728729963
2022-04-01,Siddharth Nagar,cP0p8qfm3il,11,184,45.0,41.69034471666756
2022-04-01,Siddharth Nagar,cP0p8qfm3il,14,184,18.0,45.23068947641265
2022-04-01,Siddharth Nagar,cP0p8qfm3il,16,184,29.0,5.784592290784324
2022-04-01,Siddharth Nagar,cP0p8qfm3il,17,184,22.0,1.3181019332161688
2022-04-01,Siddharth Nagar,cP0p8qfm3il,18,184,33.0,17.990714726921315
2022-04-01,Siddharth Nagar,cP0p8qfm3il,19,184,4.0,0.0
2022-04-01,Siddharth Nagar,cP0p8qfm3il,20,184,29.0,0.0
2022-04-01,Siddharth Nagar,cP0p8qfm3il,21,184,29.0,0.0
2022-04-01,Siddharth Nagar,cP0p8qfm3il,22,184,2.0,0.0
2022-04-01,Siddharth Nagar,cP0p8qfm3il,28,184,1.0,0.0
2022-04-01,Siddharth Nagar,cP0p8qfm3il,30,184,1.0,0.0
2022-04-01,Siddharth Nagar,cP0p8qfm3il,32,184,14.0,52.81112174845145
2022-04-01,Siddharth Nagar,cP0p8qfm3il,35,184,1.0,0.0
2022-04-01,Etah,ZLcx4iOVyN5,1,201,8.0,22.91781085663636
2022-04-01,Etah,ZLcx4iOVyN5,2,201,1.0,0.0
2022-04-01,Etah,ZLcx4iOVyN5,5,201,47.0,0.0
2022-04-01,Etah,ZLcx4iOVyN5,9,201,23.0,48.836751758398506
2022-04-01,Etah,ZLcx4iOVyN5,10,201,19.0,59.716688800354135
2022-04-01,Etah,ZLcx4iOVyN5,11,201,12.0,72.79032020067876
2022-04-01,Etah,ZLcx4iOVyN5,14,201,50.0,3.275910759672409
2022-04-01,Etah,ZLcx4iOVyN5,16,201,38.0,4.726771924647091
2022-04-01,Etah,ZLcx4iOVyN5,17,201,10.0,96.05263157894737
2022-04-01,Etah,ZLcx4iOVyN5,18,201,2.0,46.074699903801914
2022-04-01,Etah,ZLcx4iOVyN5,28,201,1.0,0.0
2022-04-01,Etah,ZLcx4iOVyN5,30,201,1.0,0.0
2022-04-01,Etah,ZLcx4iOVyN5,32,201,37.0,31.23514175212007
2022-04-01,Etah,ZLcx4iOVyN5,35,201,1.0,0.0
2022-04-01,Unnav,aT03mfdlNiF,1,156,1.0,100.0
2022-04-01,Unnav,aT03mfdlNiF,2,156,1.0,0.0
2022-04-01,Unnav,aT03mfdlNiF,5,156,47.0,0.0
2022-04-01,Unnav,aT03mfdlNiF,9,156,24.0,47.53438443475344
2022-04-01,Unnav,aT03mfdlNiF,10,156,53.0,35.29911662752991
2022-04-01,Unnav,aT03mfdlNiF,11,156,17.0,64.6539192664654
2022-04-01,Unnav,aT03mfdlNiF,14,156,35.0,15.979631425800195
2022-04-01,Unnav,aT03mfdlNiF,16,156,11.0,7.914570054791457
2022-04-01,Unnav,aT03mfdlNiF,17,156,1.0,100.0
2022-04-01,Unnav,aT03mfdlNiF,18,156,28.0,20.180862419689433
2022-04-01,Unnav,aT03mfdlNiF,28,156,1.0,0.0
2022-04-01,Unnav,aT03mfdlNiF,30,156,1.0,0.0
2022-04-01,Unnav,aT03mfdlNiF,32,156,26.0,39.33148691213207
2022-04-01,Unnav,aT03mfdlNiF,35,156,1.0,0.0
2022-04-01,Amroha,hgquAmZaNBu,1,137,1.0,100.0
2022-04-01,Amroha,hgquAmZaNBu,2,137,1.0,0.0
2022-04-01,Amroha,hgquAmZaNBu,5,137,47.0,0.0
2022-04-01,Amroha,hgquAmZaNBu,6,137,24.0,21.052631578947366
2022-04-01,Amroha,hgquAmZaNBu,9,137,62.0,24.515868328618943
2022-04-01,Amroha,hgquAmZaNBu,10,137,66.0,23.701470268254017
2022-04-01,Amroha,hgquAmZaNBu,11,137,54.0,35.03776693295204
2022-04-01,Amroha,hgquAmZaNBu,14,137,16.0,49.52428642964446
2022-04-01,Amroha,hgquAmZaNBu,16,137,63.0,1.7500233129215754
2022-04-01,Amroha,hgquAmZaNBu,17,137,1.0,100.0
2022-04-01,Amroha,hgquAmZaNBu,18,137,45.0,13.222354919690952
2022-04-01,Amroha,hgquAmZaNBu,28,137,1.0,0.0
2022-04-01,Amroha,hgquAmZaNBu,30,137,1.0,0.0
2022-04-01,Amroha,hgquAmZaNBu,32,137,58.0,22.327321497899973
2022-04-01,Amroha,hgquAmZaNBu,35,137,1.0,0.0
2022-04-01,Pratapgarh,fz7bJo3egPX,1,173,3.0,86.52837361975298
2022-04-01,Pratapgarh,fz7bJo3egPX,2,173,1.0,0.0
2022-04-01,Pratapgarh,fz7bJo3egPX,5,173,47.0,0.0
2022-04-01,Pratapgarh,fz7bJo3egPX,9,173,61.0,25.115201695374683
2022-04-01,Pratapgarh,fz7bJo3egPX,10,173,58.0,33.73253493013972
2022-04-01,Pratapgarh,fz7bJo3egPX,11,173,53.0,35.92075109041177
2022-04-01,Pratapgarh,fz7bJo3egPX,14,173,43.0,8.364259206394518
2022-04-01,Pratapgarh,fz7bJo3egPX,16,173,70.0,1.1433922278898991
2022-04-01,Pratapgarh,fz7bJo3egPX,17,173,21.0,45.45454545454545
2022-04-01,Pratapgarh,fz7bJo3egPX,18,173,35.0,16.819513589480955
2022-04-01,Pratapgarh,fz7bJo3egPX,19,173,4.0,0.0
2022-04-01,Pratapgarh,fz7bJo3egPX,20,173,29.0,0.0
2022-04-01,Pratapgarh,fz7bJo3egPX,21,173,29.0,0.0
2022-04-01,Pratapgarh,fz7bJo3egPX,22,173,2.0,0.0
2022-04-01,Pratapgarh,fz7bJo3egPX,28,173,1.0,0.0
2022-04-01,Pratapgarh,fz7bJo3egPX,30,173,1.0,0.0
2022-04-01,Pratapgarh,fz7bJo3egPX,32,173,48.0,26.52504213518477
2022-04-01,Pratapgarh,fz7bJo3egPX,35,173,1.0,0.0
2022-04-01,Kanpur Dehat,k3D0AumUCiC,1,163,17.0,0.0
2022-04-01,Kanpur Dehat,k3D0AumUCiC,2,163,1.0,0.0
2022-04-01,Kanpur Dehat,k3D0AumUCiC,5,163,16.0,10.112359550561797
2022-04-01,Kanpur Dehat,k3D0AumUCiC,6,163,17.0,32.58426966292135
2022-04-01,Kanpur Dehat,k3D0AumUCiC,9,163,10.0,60.42058165548099
2022-04-01,Kanpur Dehat,k3D0AumUCiC,10,163,12.0,66.62192393736018
2022-04-01,Kanpur Dehat,k3D0AumUCiC,11,163,9.0,75.09172259507831
2022-04-01,Kanpur Dehat,k3D0AumUCiC,14,163,44.0,8.004977187888842
2022-04-01,Kanpur Dehat,k3D0AumUCiC,16,163,19.0,7.458612975391499
2022-04-01,Kanpur Dehat,k3D0AumUCiC,17,163,1.0,100.0
2022-04-01,Kanpur Dehat,k3D0AumUCiC,18,163,12.0,28.948153197290505
2022-04-01,Kanpur Dehat,k3D0AumUCiC,19,163,4.0,0.0
2022-04-01,Kanpur Dehat,k3D0AumUCiC,20,163,6.0,70.10738255033557
2022-04-01,Kanpur Dehat,k3D0AumUCiC,21,163,19.0,4.451901565995526
2022-04-01,Kanpur Dehat,k3D0AumUCiC,22,163,2.0,0.0
2022-04-01,Kanpur Dehat,k3D0AumUCiC,28,163,1.0,0.0
2022-04-01,Kanpur Dehat,k3D0AumUCiC,30,163,1.0,0.0
2022-04-01,Kanpur Dehat,k3D0AumUCiC,32,163,38.0,30.589432963453124
2022-04-01,Kanpur Dehat,k3D0AumUCiC,35,163,1.0,0.0
2022-04-01,Lakhimpur Kheri,d9ZuMopgX29,1,153,1.0,100.0
2022-04-01,Lakhimpur Kheri,d9ZuMopgX29,2,153,1.0,0.0
2022-04-01,Lakhimpur Kheri,d9ZuMopgX29,5,153,21.0,7.8431372549019605
2022-04-01,Lakhimpur Kheri,d9ZuMopgX29,9,153,20.0,51.66652459295883
2022-04-01,Lakhimpur Kheri,d9ZuMopgX29,10,153,40.0,42.54539254965476
2022-04-01,Lakhimpur Kheri,d9ZuMopgX29,11,153,4.0,87.4878526979797
2022-04-01,Lakhimpur Kheri,d9ZuMopgX29,14,153,47.0,5.951086956521739
2022-04-01,Lakhimpur Kheri,d9ZuMopgX29,16,153,21.0,7.281561674196574
2022-04-01,Lakhimpur Kheri,d9ZuMopgX29,17,153,1.0,100.0
2022-04-01,Lakhimpur Kheri,d9ZuMopgX29,18,153,32.0,18.79266087159442
2022-04-01,Lakhimpur Kheri,d9ZuMopgX29,28,153,1.0,0.0
2022-04-01,Lakhimpur Kheri,d9ZuMopgX29,30,153,1.0,0.0
2022-04-01,Lakhimpur Kheri,d9ZuMopgX29,32,153,1.0,100.0
2022-04-01,Lakhimpur Kheri,d9ZuMopgX29,35,153,1.0,0.0
2022-04-01,Varanasi,LeuBT7KfuuA,1,197,1.0,100.0
2022-04-01,Varanasi,LeuBT7KfuuA,2,197,1.0,0.0
2022-04-01,Varanasi,LeuBT7KfuuA,5,197,39.0,1.4634146341463417
2022-04-01,Varanasi,LeuBT7KfuuA,9,197,34.0,40.02191162312008
2022-04-01,Varanasi,LeuBT7KfuuA,10,197,15.0,63.56362670562067
2022-04-01,Varanasi,LeuBT7KfuuA,11,197,67.0,25.165167159124863
2022-04-01,Varanasi,LeuBT7KfuuA,14,197,1.0,100.0
2022-04-01,Varanasi,LeuBT7KfuuA,16,197,58.0,2.320640084990538
2022-04-01,Varanasi,LeuBT7KfuuA,17,197,1.0,100.0
2022-04-01,Varanasi,LeuBT7KfuuA,18,197,31.0,18.98056705957311
2022-04-01,Varanasi,LeuBT7KfuuA,28,197,1.0,0.0
2022-04-01,Varanasi,LeuBT7KfuuA,30,197,1.0,0.0
2022-04-01,Varanasi,LeuBT7KfuuA,32,197,68.0,13.933492596288568
2022-04-01,Varanasi,LeuBT7KfuuA,35,197,1.0,0.0
2022-04-01,Muzaffarnagar,MVQs2RrS1Nw,1,133,1.0,100.0
2022-04-01,Muzaffarnagar,MVQs2RrS1Nw,2,133,1.0,0.0
2022-04-01,Muzaffarnagar,MVQs2RrS1Nw,5,133,7.0,23.076923076923077
2022-04-01,Muzaffarnagar,MVQs2RrS1Nw,6,133,15.0,38.46153846153847
2022-04-01,Muzaffarnagar,MVQs2RrS1Nw,9,133,69.0,17.790272597376088
2022-04-01,Muzaffarnagar,MVQs2RrS1Nw,10,133,68.0,19.657072872014698
2022-04-01,Muzaffarnagar,MVQs2RrS1Nw,11,133,64.0,27.211490285587043
2022-04-01,Muzaffarnagar,MVQs2RrS1Nw,14,133,1.0,100.0
2022-04-01,Muzaffarnagar,MVQs2RrS1Nw,16,133,49.0,3.7020542225686133
2022-04-01,Muzaffarnagar,MVQs2RrS1Nw,17,133,2.0,99.50980392156863
2022-04-01,Muzaffarnagar,MVQs2RrS1Nw,18,133,61.0,8.809585829643137
2022-04-01,Muzaffarnagar,MVQs2RrS1Nw,28,133,1.0,0.0
2022-04-01,Muzaffarnagar,MVQs2RrS1Nw,30,133,1.0,0.0
2022-04-01,Muzaffarnagar,MVQs2RrS1Nw,32,133,4.0,86.81803417818338
2022-04-01,Muzaffarnagar,MVQs2RrS1Nw,35,133,1.0,0.0
2022-04-01,Farrukhabad,uEEwlAGZXWW,1,159,16.0,1.6949990465630362
2022-04-01,Farrukhabad,uEEwlAGZXWW,2,159,1.0,0.0
2022-04-01,Farrukhabad,uEEwlAGZXWW,5,159,26.0,5.88235294117647
2022-04-01,Farrukhabad,uEEwlAGZXWW,6,159,3.0,85.29411764705883
2022-04-01,Farrukhabad,uEEwlAGZXWW,9,159,40.0,39.25644688369296
2022-04-01,Farrukhabad,uEEwlAGZXWW,10,159,63.0,27.035561235997292
2022-04-01,Farrukhabad,uEEwlAGZXWW,11,159,33.0,48.56025862717089
2022-04-01,Farrukhabad,uEEwlAGZXWW,14,159,57.0,0.0
2022-04-01,Farrukhabad,uEEwlAGZXWW,16,159,1.0,16.393504247800916
2022-04-01,Farrukhabad,uEEwlAGZXWW,17,159,1.0,100.0
2022-04-01,Farrukhabad,uEEwlAGZXWW,18,159,41.0,14.401559936859698
2022-04-01,Farrukhabad,uEEwlAGZXWW,19,159,4.0,0.0
2022-04-01,Farrukhabad,uEEwlAGZXWW,20,159,8.0,58.62717088940681
2022-04-01,Farrukhabad,uEEwlAGZXWW,21,159,17.0,6.514547778362529
2022-04-01,Farrukhabad,uEEwlAGZXWW,22,159,2.0,0.0
2022-04-01,Farrukhabad,uEEwlAGZXWW,28,159,1.0,0.0
2022-04-01,Farrukhabad,uEEwlAGZXWW,30,159,1.0,0.0
2022-04-01,Farrukhabad,uEEwlAGZXWW,32,159,50.0,26.414580654919455
2022-04-01,Farrukhabad,uEEwlAGZXWW,35,159,1.0,0.0
2022-04-01,Aligarh,frD2HOp3wAs,1,143,1.0,100.0
2022-04-01,Aligarh,frD2HOp3wAs,2,143,1.0,0.0
2022-04-01,Aligarh,frD2HOp3wAs,5,143,28.0,4.10958904109589
2022-04-01,Aligarh,frD2HOp3wAs,6,143,5.0,72.6027397260274
2022-04-01,Aligarh,frD2HOp3wAs,9,143,14.0,56.59425850808915
2022-04-01,Aligarh,frD2HOp3wAs,10,143,16.0,62.295030618157895
2022-04-01,Aligarh,frD2HOp3wAs,11,143,32.0,51.31008128298695
2022-04-01,Aligarh,frD2HOp3wAs,14,143,24.0,28.57687905379626
2022-04-01,Aligarh,frD2HOp3wAs,16,143,35.0,5.049255297489467
2022-04-01,Aligarh,frD2HOp3wAs,17,143,11.0,95.50561797752809
2022-04-01,Aligarh,frD2HOp3wAs,18,143,67.0,7.28581692350552
2022-04-01,Aligarh,frD2HOp3wAs,19,143,4.0,0.0
2022-04-01,Aligarh,frD2HOp3wAs,20,143,17.0,36.260982600115895
2022-04-01,Aligarh,frD2HOp3wAs,21,143,3.0,25.136646254561402
2022-04-01,Aligarh,frD2HOp3wAs,22,143,2.0,0.0
2022-04-01,Aligarh,frD2HOp3wAs,28,143,1.0,0.0
2022-04-01,Aligarh,frD2HOp3wAs,30,143,1.0,0.0
2022-04-01,Aligarh,frD2HOp3wAs,32,143,17.0,51.04478498896903
2022-04-01,Aligarh,frD2HOp3wAs,35,143,1.0,0.0
2022-04-01,Sant Kabir Nagar,fe1yBApr2sl,1,186,1.0,100.0
2022-04-01,Sant Kabir Nagar,fe1yBApr2sl,2,186,1.0,0.0
2022-04-01,Sant Kabir Nagar,fe1yBApr2sl,5,186,47.0,0.0
2022-04-01,Sant Kabir Nagar,fe1yBApr2sl,9,186,51.0,33.09691610180904
2022-04-01,Sant Kabir Nagar,fe1yBApr2sl,10,186,43.0,41.36553395879158
2022-04-01,Sant Kabir Nagar,fe1yBApr2sl,11,186,60.0,30.53373434483997
2022-04-01,Sant Kabir Nagar,fe1yBApr2sl,14,186,54.0,0.5208333333333333
2022-04-01,Sant Kabir Nagar,fe1yBApr2sl,16,186,24.0,6.693001750684563
2022-04-01,Sant Kabir Nagar,fe1yBApr2sl,17,186,1.0,100.0
2022-04-01,Sant Kabir Nagar,fe1yBApr2sl,18,186,54.0,11.8052512052273
2022-04-01,Sant Kabir Nagar,fe1yBApr2sl,28,186,1.0,0.0
2022-04-01,Sant Kabir Nagar,fe1yBApr2sl,30,186,1.0,0.0
2022-04-01,Sant Kabir Nagar,fe1yBApr2sl,32,186,16.0,51.838726336972194
2022-04-01,Sant Kabir Nagar,fe1yBApr2sl,35,186,1.0,0.0
2022-04-01,Lalitpur,fagfcadhxej,1,167,1.0,100.0
2022-04-01,Lalitpur,fagfcadhxej,2,167,1.0,0.0
2022-04-01,Lalitpur,fagfcadhxej,5,167,47.0,0.0
2022-04-01,Lalitpur,fagfcadhxej,6,167,25.0,20.588235294117645
2022-04-01,Lalitpur,fagfcadhxej,9,167,27.0,44.75333878440992
2022-04-01,Lalitpur,fagfcadhxej,10,167,11.0,68.1384573453257
2022-04-01,Lalitpur,fagfcadhxej,11,167,14.0,69.80103570455165
2022-04-01,Lalitpur,fagfcadhxej,14,167,25.0,27.923976608187136
2022-04-01,Lalitpur,fagfcadhxej,16,167,12.0,7.9086036158808035
2022-04-01,Lalitpur,fagfcadhxej,17,167,12.0,93.75
2022-04-01,Lalitpur,fagfcadhxej,18,167,6.0,36.0205908683975
2022-04-01,Lalitpur,fagfcadhxej,19,167,4.0,0.0
2022-04-01,Lalitpur,fagfcadhxej,20,167,2.0,87.98037612428455
2022-04-01,Lalitpur,fagfcadhxej,21,167,15.0,7.045516489506677
2022-04-01,Lalitpur,fagfcadhxej,22,167,2.0,0.0
2022-04-01,Lalitpur,fagfcadhxej,28,167,1.0,0.0
2022-04-01,Lalitpur,fagfcadhxej,30,167,1.0,0.0
2022-04-01,Lalitpur,fagfcadhxej,32,167,1.0,100.0
2022-04-01,Lalitpur,fagfcadhxej,35,167,1.0,0.0
2022-04-01,Agra,N5WWbRtsjWp,1,146,1.0,100.0
2022-04-01,Agra,N5WWbRtsjWp,2,146,1.0,0.0
2022-04-01,Agra,N5WWbRtsjWp,5,146,10.0,14.705882352941178
2022-04-01,Agra,N5WWbRtsjWp,9,146,32.0,40.49654950405408
2022-04-01,Agra,N5WWbRtsjWp,10,146,49.0,38.330684264531314
2022-04-01,Agra,N5WWbRtsjWp,11,146,52.0,36.78248797859284
2022-04-01,Agra,N5WWbRtsjWp,14,146,34.0,16.24337147641641
2022-04-01,Agra,N5WWbRtsjWp,16,146,41.0,4.6013319115546345
2022-04-01,Agra,N5WWbRtsjWp,17,146,1.0,100.0
2022-04-01,Agra,N5WWbRtsjWp,18,146,37.0,15.87032223257639
2022-04-01,Agra,N5WWbRtsjWp,28,146,1.0,0.0
2022-04-01,Agra,N5WWbRtsjWp,30,146,1.0,0.0
2022-04-01,Agra,N5WWbRtsjWp,32,146,8.0,68.33848982375676
2022-04-01,Agra,N5WWbRtsjWp,35,146,1.0,0.0
2022-04-01,Sitapur,XxaOowFtkiJ,1,154,1.0,100.0
2022-04-01,Sitapur,XxaOowFtkiJ,2,154,1.0,0.0
2022-04-01,Sitapur,XxaOowFtkiJ,5,154,6.0,24.031007751937985
2022-04-01,Sitapur,XxaOowFtkiJ,9,154,13.0,58.78861810904904
2022-04-01,Sitapur,XxaOowFtkiJ,10,154,17.0,61.67521039502179
2022-04-01,Sitapur,XxaOowFtkiJ,11,154,15.0,67.95416541023602
2022-04-01,Sitapur,XxaOowFtkiJ,14,154,14.0,51.591511936339515
2022-04-01,Sitapur,XxaOowFtkiJ,16,154,8.0,8.789988760656817
2022-04-01,Sitapur,XxaOowFtkiJ,17,154,1.0,100.0
2022-04-01,Sitapur,XxaOowFtkiJ,18,154,10.0,30.239249275169865
2022-04-01,Sitapur,XxaOowFtkiJ,28,154,1.0,0.0
2022-04-01,Sitapur,XxaOowFtkiJ,30,154,1.0,0.0
2022-04-01,Sitapur,XxaOowFtkiJ,32,154,7.0,73.49823113207547
2022-04-01,Sitapur,XxaOowFtkiJ,35,154,1.0,0.0
2022-04-01,Bhadohi,PeUY1vj02UQ,1,198,1.0,100.0
2022-04-01,Bhadohi,PeUY1vj02UQ,2,198,1.0,0.0
2022-04-01,Bhadohi,PeUY1vj02UQ,5,198,47.0,0.0
2022-04-01,Bhadohi,PeUY1vj02UQ,9,198,56.0,28.639951162080845
2022-04-01,Bhadohi,PeUY1vj02UQ,10,198,37.0,44.55151964418088
2022-04-01,Bhadohi,PeUY1vj02UQ,11,198,72.0,19.618017703745693
2022-04-01,Bhadohi,PeUY1vj02UQ,14,198,30.0,24.83745123537061
2022-04-01,Bhadohi,PeUY1vj02UQ,16,198,69.0,1.1773426939345049
2022-04-01,Bhadohi,PeUY1vj02UQ,17,198,1.0,100.0
2022-04-01,Bhadohi,PeUY1vj02UQ,18,198,57.0,10.106382978723403
2022-04-01,Bhadohi,PeUY1vj02UQ,28,198,1.0,0.0
2022-04-01,Bhadohi,PeUY1vj02UQ,30,198,1.0,0.0
2022-04-01,Bhadohi,PeUY1vj02UQ,32,198,67.0,15.8864885593762
2022-04-01,Bhadohi,PeUY1vj02UQ,35,198,1.0,0.0
2022-04-01,Shrawasti,oyTwneTbWDx,1,181,1.0,100.0
2022-04-01,Shrawasti,oyTwneTbWDx,2,181,1.0,0.0
2022-04-01,Shrawasti,oyTwneTbWDx,5,181,19.0,8.571428571428571
2022-04-01,Shrawasti,oyTwneTbWDx,6,181,1.0,100.0
2022-04-01,Shrawasti,oyTwneTbWDx,9,181,22.0,48.89462913885068
2022-04-01,Shrawasti,oyTwneTbWDx,10,181,31.0,48.092857861719615
2022-04-01,Shrawasti,oyTwneTbWDx,11,181,49.0,38.65946526216915
2022-04-01,Shrawasti,oyTwneTbWDx,14,181,32.0,17.21194879089616
2022-04-01,Shrawasti,oyTwneTbWDx,16,181,13.0,7.79294843839109
2022-04-01,Shrawasti,oyTwneTbWDx,17,181,1.0,100.0
2022-04-01,Shrawasti,oyTwneTbWDx,18,181,59.0,9.875667170579705
2022-04-01,Shrawasti,oyTwneTbWDx,28,181,1.0,0.0
2022-04-01,Shrawasti,oyTwneTbWDx,30,181,1.0,0.0
2022-04-01,Shrawasti,oyTwneTbWDx,32,181,30.0,34.859543869528494
2022-04-01,Shrawasti,oyTwneTbWDx,35,181,1.0,0.0
2022-04-01,Mainpuri,XBLhrSWGytu,1,148,1.0,100.0
2022-04-01,Mainpuri,XBLhrSWGytu,2,148,1.0,0.0
2022-04-01,Mainpuri,XBLhrSWGytu,5,148,35.0,2.3255813953488373
2022-04-01,Mainpuri,XBLhrSWGytu,9,148,15.0,56.251744904877754
2022-04-01,Mainpuri,XBLhrSWGytu,10,148,9.0,73.21022613967216
2022-04-01,Mainpuri,XBLhrSWGytu,11,148,11.0,72.90312288118693
2022-04-01,Mainpuri,XBLhrSWGytu,14,148,4.0,91.25874125874127
2022-04-01,Mainpuri,XBLhrSWGytu,16,148,25.0,6.425238304151877
2022-04-01,Mainpuri,XBLhrSWGytu,17,148,1.0,100.0
2022-04-01,Mainpuri,XBLhrSWGytu,18,148,3.0,45.65929565929566
2022-04-01,Mainpuri,XBLhrSWGytu,28,148,1.0,0.0
2022-04-01,Mainpuri,XBLhrSWGytu,30,148,1.0,0.0
2022-04-01,Mainpuri,XBLhrSWGytu,32,148,60.0,21.871006219647267
2022-04-01,Mainpuri,XBLhrSWGytu,35,148,1.0,0.0
2022-04-01,Gautam Buddha Nagar,bNmwkrQeP3e,1,141,1.0,100.0
2022-04-01,Gautam Buddha Nagar,bNmwkrQeP3e,2,141,1.0,0.0
2022-04-01,Gautam Buddha Nagar,bNmwkrQeP3e,5,141,5.0,27.77777777777778
2022-04-01,Gautam Buddha Nagar,bNmwkrQeP3e,6,141,19.0,30.555555555555557
2022-04-01,Gautam Buddha Nagar,bNmwkrQeP3e,9,141,75.0,8.601923280143717
2022-04-01,Gautam Buddha Nagar,bNmwkrQeP3e,10,141,73.0,13.103666913241044
2022-04-01,Gautam Buddha Nagar,bNmwkrQeP3e,11,141,68.0,24.129768572334353
2022-04-01,Gautam Buddha Nagar,bNmwkrQeP3e,14,141,1.0,100.0
2022-04-01,Gautam Buddha Nagar,bNmwkrQeP3e,16,141,45.0,4.186832928246856
2022-04-01,Gautam Buddha Nagar,bNmwkrQeP3e,17,141,,
2022-04-01,Gautam Buddha Nagar,bNmwkrQeP3e,18,141,64.0,8.460864426466692
2022-04-01,Gautam Buddha Nagar,bNmwkrQeP3e,19,141,2.0,49.22600619195047
2022-04-01,Gautam Buddha Nagar,bNmwkrQeP3e,20,141,26.0,15.033287540948958
2022-04-01,Gautam Buddha Nagar,bNmwkrQeP3e,21,141,11.0,10.647786114340061
2022-04-01,Gautam Buddha Nagar,bNmwkrQeP3e,22,141,2.0,0.0
2022-04-01,Gautam Buddha Nagar,bNmwkrQeP3e,28,141,1.0,0.0
2022-04-01,Gautam Buddha Nagar,bNmwkrQeP3e,30,141,1.0,0.0
2022-04-01,Gautam Buddha Nagar,bNmwkrQeP3e,32,141,53.0,24.903469213310935
2022-04-01,Gautam Buddha Nagar,bNmwkrQeP3e,35,141,1.0,0.0
2022-04-01,Rae Bareli,lLvTDpBDY8u,1,158,6.0,50.78118915214106
2022-04-01,Rae Bareli,lLvTDpBDY8u,2,158,1.0,0.0
2022-04-01,Rae Bareli,lLvTDpBDY8u,5,158,44.0,0.9259259259259258
2022-04-01,Rae Bareli,lLvTDpBDY8u,6,158,11.0,43.51851851851852
2022-04-01,Rae Bareli,lLvTDpBDY8u,9,158,37.0,39.766138618665245
2022-04-01,Rae Bareli,lLvTDpBDY8u,10,158,41.0,42.24788336042308
2022-04-01,Rae Bareli,lLvTDpBDY8u,11,158,31.0,51.62417214526577
2022-04-01,Rae Bareli,lLvTDpBDY8u,14,158,15.0,49.584487534626035
2022-04-01,Rae Bareli,lLvTDpBDY8u,16,158,40.0,4.645690303486087
2022-04-01,Rae Bareli,lLvTDpBDY8u,17,158,17.0,89.13043478260869
2022-04-01,Rae Bareli,lLvTDpBDY8u,18,158,52.0,12.39105449669572
2022-04-01,Rae Bareli,lLvTDpBDY8u,28,158,1.0,0.0
2022-04-01,Rae Bareli,lLvTDpBDY8u,30,158,1.0,0.0
2022-04-01,Rae Bareli,lLvTDpBDY8u,32,158,28.0,37.5374446470435
2022-04-01,Rae Bareli,lLvTDpBDY8u,35,158,1.0,0.0
2022-04-01,Balrampur,uS0pNSxN3sS,1,182,1.0,100.0
2022-04-01,Balrampur,uS0pNSxN3sS,2,182,1.0,0.0
2022-04-01,Balrampur,uS0pNSxN3sS,5,182,13.0,13.636363636363635
2022-04-01,Balrampur,uS0pNSxN3sS,6,182,10.0,48.484848484848484
2022-04-01,Balrampur,uS0pNSxN3sS,9,182,42.0,38.34856519613374
2022-04-01,Balrampur,uS0pNSxN3sS,10,182,42.0,41.75410884200233
2022-04-01,Balrampur,uS0pNSxN3sS,11,182,40.0,46.16758810034225
2022-04-01,Balrampur,uS0pNSxN3sS,14,182,49.0,3.8263531376095727
2022-04-01,Balrampur,uS0pNSxN3sS,16,182,31.0,5.532363007258641
2022-04-01,Balrampur,uS0pNSxN3sS,17,182,13.0,92.5925925925926
2022-04-01,Balrampur,uS0pNSxN3sS,18,182,56.0,10.408319836331088
2022-04-01,Balrampur,uS0pNSxN3sS,28,182,1.0,0.0
2022-04-01,Balrampur,uS0pNSxN3sS,30,182,1.0,0.0
2022-04-01,Balrampur,uS0pNSxN3sS,32,182,13.0,58.06951345011121
2022-04-01,Balrampur,uS0pNSxN3sS,35,182,1.0,0.0
2022-04-01,Bagpat,HJIS3IrQ0Nj,1,139,1.0,100.0
2022-04-01,Bagpat,HJIS3IrQ0Nj,2,139,1.0,0.0
2022-04-01,Bagpat,HJIS3IrQ0Nj,5,139,32.0,2.857142857142857
2022-04-01,Bagpat,HJIS3IrQ0Nj,6,139,4.0,74.28571428571429
2022-04-01,Bagpat,HJIS3IrQ0Nj,9,139,26.0,45.91629418935392
2022-04-01,Bagpat,HJIS3IrQ0Nj,10,139,39.0,43.03128809427062
2022-04-01,Bagpat,HJIS3IrQ0Nj,11,139,46.0,41.17690517527982
2022-04-01,Bagpat,HJIS3IrQ0Nj,14,139,6.0,86.20689655172413
2022-04-01,Bagpat,HJIS3IrQ0Nj,16,139,59.0,2.1499021092682207
2022-04-01,Bagpat,HJIS3IrQ0Nj,17,139,1.0,100.0
2022-04-01,Bagpat,HJIS3IrQ0Nj,18,139,5.0,36.67965759621407
2022-04-01,Bagpat,HJIS3IrQ0Nj,19,139,4.0,0.0
2022-04-01,Bagpat,HJIS3IrQ0Nj,20,139,19.0,31.506039673451298
2022-04-01,Bagpat,HJIS3IrQ0Nj,21,139,16.0,6.937312991762402
2022-04-01,Bagpat,HJIS3IrQ0Nj,22,139,2.0,0.0
2022-04-01,Bagpat,HJIS3IrQ0Nj,28,139,1.0,0.0
2022-04-01,Bagpat,HJIS3IrQ0Nj,30,139,1.0,0.0
2022-04-01,Bagpat,HJIS3IrQ0Nj,32,139,9.0,63.781752505243524
2022-04-01,Bagpat,HJIS3IrQ0Nj,35,139,1.0,0.0
2022-04-01,Jalaun,NL5xiiHZQSC,1,165,1.0,100.0
2022-04-01,Jalaun,NL5xiiHZQSC,2,165,1.0,0.0
2022-04-01,Jalaun,NL5xiiHZQSC,5,165,43.0,1.0
2022-04-01,Jalaun,NL5xiiHZQSC,9,165,6.0,67.36543909348441
2022-04-01,Jalaun,NL5xiiHZQSC,10,165,4.0,86.0056657223796
2022-04-01,Jalaun,NL5xiiHZQSC,11,165,13.0,72.1586402266289
2022-04-01,Jalaun,NL5xiiHZQSC,14,165,37.0,13.714285714285715
2022-04-01,Jalaun,NL5xiiHZQSC,16,165,27.0,6.19830028328612
2022-04-01,Jalaun,NL5xiiHZQSC,17,165,1.0,100.0
2022-04-01,Jalaun,NL5xiiHZQSC,18,165,62.0,8.557436918990703
2022-04-01,Jalaun,NL5xiiHZQSC,19,165,4.0,0.0
2022-04-01,Jalaun,NL5xiiHZQSC,20,165,9.0,57.830028328611895
2022-04-01,Jalaun,NL5xiiHZQSC,21,165,9.0,12.158640226628895
2022-04-01,Jalaun,NL5xiiHZQSC,22,165,2.0,0.0
2022-04-01,Jalaun,NL5xiiHZQSC,28,165,1.0,0.0
2022-04-01,Jalaun,NL5xiiHZQSC,30,165,1.0,0.0
2022-04-01,Jalaun,NL5xiiHZQSC,32,165,32.0,34.12136167051394
2022-04-01,Jalaun,NL5xiiHZQSC,35,165,1.0,0.0
2022-04-01,Bijnor,uCYjHW7FuGG,1,134,1.0,100.0
2022-04-01,Bijnor,uCYjHW7FuGG,2,134,1.0,0.0
2022-04-01,Bijnor,uCYjHW7FuGG,5,134,17.0,9.375
2022-04-01,Bijnor,uCYjHW7FuGG,6,134,14.0,38.54166666666667
2022-04-01,Bijnor,uCYjHW7FuGG,9,134,63.0,22.160970231532527
2022-04-01,Bijnor,uCYjHW7FuGG,10,134,74.0,12.972712238147741
2022-04-01,Bijnor,uCYjHW7FuGG,11,134,74.0,7.782524807056229
2022-04-01,Bijnor,uCYjHW7FuGG,14,134,27.0,26.788830715532285
2022-04-01,Bijnor,uCYjHW7FuGG,16,134,65.0,1.5642227122381478
2022-04-01,Bijnor,uCYjHW7FuGG,17,134,15.0,91.66666666666666
2022-04-01,Bijnor,uCYjHW7FuGG,18,134,75.0,3.7987833879890855
2022-04-01,Bijnor,uCYjHW7FuGG,19,134,4.0,0.0
2022-04-01,Bijnor,uCYjHW7FuGG,20,134,23.0,23.495038588754134
2022-04-01,Bijnor,uCYjHW7FuGG,21,134,23.0,2.491730981256891
2022-04-01,Bijnor,uCYjHW7FuGG,22,134,2.0,0.0
2022-04-01,Bijnor,uCYjHW7FuGG,28,134,1.0,0.0
2022-04-01,Bijnor,uCYjHW7FuGG,30,134,1.0,0.0
2022-04-01,Bijnor,uCYjHW7FuGG,32,134,70.0,9.748562067061988
2022-04-01,Bijnor,uCYjHW7FuGG,35,134,1.0,0.0
2022-04-01,Moradabad,YQNQoPjAIpV,1,135,1.0,100.0
2022-04-01,Moradabad,YQNQoPjAIpV,2,135,1.0,0.0
2022-04-01,Moradabad,YQNQoPjAIpV,5,135,47.0,0.0
2022-04-01,Moradabad,YQNQoPjAIpV,6,135,9.0,52.77777777777778
2022-04-01,Moradabad,YQNQoPjAIpV,9,135,72.0,15.984474241354976
2022-04-01,Moradabad,YQNQoPjAIpV,10,135,72.0,15.728652081863089
2022-04-01,Moradabad,YQNQoPjAIpV,11,135,41.0,44.8394495412844
2022-04-01,Moradabad,YQNQoPjAIpV,14,135,1.0,100.0
2022-04-01,Moradabad,YQNQoPjAIpV,16,135,43.0,4.3842625264643615
2022-04-01,Moradabad,YQNQoPjAIpV,17,135,1.0,100.0
2022-04-01,Moradabad,YQNQoPjAIpV,18,135,69.0,5.959209687699171
2022-04-01,Moradabad,YQNQoPjAIpV,19,135,4.0,0.0
2022-04-01,Moradabad,YQNQoPjAIpV,20,135,22.0,24.872088920254058
2022-04-01,Moradabad,YQNQoPjAIpV,21,135,18.0,6.369089625970361
2022-04-01,Moradabad,YQNQoPjAIpV,22,135,2.0,0.0
2022-04-01,Moradabad,YQNQoPjAIpV,28,135,1.0,0.0
2022-04-01,Moradabad,YQNQoPjAIpV,30,135,1.0,0.0
2022-04-01,Moradabad,YQNQoPjAIpV,32,135,44.0,28.606406442866106
2022-04-01,Moradabad,YQNQoPjAIpV,35,135,1.0,0.0
2022-04-01,Basti,J1P16zQEOUT,1,185,5.0,51.17791154052799
2022-04-01,Basti,J1P16zQEOUT,2,185,1.0,0.0
2022-04-01,Basti,J1P16zQEOUT,5,185,17.0,9.375
2022-04-01,Basti,J1P16zQEOUT,9,185,19.0,51.78577087624782
2022-04-01,Basti,J1P16zQEOUT,10,185,22.0,56.124227539217244
2022-04-01,Basti,J1P16zQEOUT,11,185,34.0,48.4836000633814
2022-04-01,Basti,J1P16zQEOUT,14,185,20.0,42.80523255813954
2022-04-01,Basti,J1P16zQEOUT,16,185,33.0,5.1465694818570755
2022-04-01,Basti,J1P16zQEOUT,17,185,6.0,98.4375
2022-04-01,Basti,J1P16zQEOUT,18,185,24.0,22.44154906267866
2022-04-01,Basti,J1P16zQEOUT,28,185,1.0,0.0
2022-04-01,Basti,J1P16zQEOUT,30,185,1.0,0.0
2022-04-01,Basti,J1P16zQEOUT,32,185,25.0,39.50010160536476
2022-04-01,Basti,J1P16zQEOUT,35,185,1.0,0.0
2022-04-01,Mahoba,sUQMxIc3yXj,1,169,1.0,100.0
2022-04-01,Mahoba,sUQMxIc3yXj,2,169,1.0,0.0
2022-04-01,Mahoba,sUQMxIc3yXj,5,169,26.0,5.88235294117647
2022-04-01,Mahoba,sUQMxIc3yXj,9,169,4.0,71.44117411179725
2022-04-01,Mahoba,sUQMxIc3yXj,10,169,8.0,73.93535969203626
2022-04-01,Mahoba,sUQMxIc3yXj,11,169,6.0,84.60181249498757
2022-04-01,Mahoba,sUQMxIc3yXj,14,169,1.0,100.0
2022-04-01,Mahoba,sUQMxIc3yXj,16,169,6.0,11.211805277087176
2022-04-01,Mahoba,sUQMxIc3yXj,17,169,1.0,100.0
2022-04-01,Mahoba,sUQMxIc3yXj,18,169,55.0,10.505542492442057
2022-04-01,Mahoba,sUQMxIc3yXj,19,169,4.0,0.0
2022-04-01,Mahoba,sUQMxIc3yXj,20,169,15.0,41.57510626353356
2022-04-01,Mahoba,sUQMxIc3yXj,21,169,10.0,10.730611917555539
2022-04-01,Mahoba,sUQMxIc3yXj,22,169,2.0,0.0
2022-04-01,Mahoba,sUQMxIc3yXj,28,169,1.0,0.0
2022-04-01,Mahoba,sUQMxIc3yXj,30,169,1.0,0.0
2022-04-01,Mahoba,sUQMxIc3yXj,32,169,1.0,100.0
2022-04-01,Mahoba,sUQMxIc3yXj,35,169,1.0,0.0
2022-04-01,Mathura,KP2BUB1npih,1,145,1.0,100.0
2022-04-01,Mathura,KP2BUB1npih,2,145,1.0,0.0
2022-04-01,Mathura,KP2BUB1npih,5,145,15.0,11.11111111111111
2022-04-01,Mathura,KP2BUB1npih,9,145,45.0,35.726454852497234
2022-04-01,Mathura,KP2BUB1npih,10,145,28.0,51.61849538213229
2022-04-01,Mathura,KP2BUB1npih,11,145,21.0,60.71375198015363
2022-04-01,Mathura,KP2BUB1npih,14,145,9.0,79.19806243272336
2022-04-01,Mathura,KP2BUB1npih,16,145,56.0,2.5585079355590756
2022-04-01,Mathura,KP2BUB1npih,17,145,5.0,98.52941176470588
2022-04-01,Mathura,KP2BUB1npih,18,145,17.0,25.6062285420778
2022-04-01,Mathura,KP2BUB1npih,28,145,1.0,0.0
2022-04-01,Mathura,KP2BUB1npih,30,145,1.0,0.0
2022-04-01,Mathura,KP2BUB1npih,32,145,39.0,30.380104120930817
2022-04-01,Mathura,KP2BUB1npih,35,145,1.0,0.0
2022-04-01,Ghaziabad,M5NHlfAaKYI,1,140,1.0,100.0
2022-04-01,Ghaziabad,M5NHlfAaKYI,2,140,1.0,0.0
2022-04-01,Ghaziabad,M5NHlfAaKYI,5,140,47.0,0.0
2022-04-01,Ghaziabad,M5NHlfAaKYI,6,140,28.0,14.634146341463413
2022-04-01,Ghaziabad,M5NHlfAaKYI,9,140,73.0,14.502723213133372
2022-04-01,Ghaziabad,M5NHlfAaKYI,10,140,67.0,20.202111458145115
2022-04-01,Ghaziabad,M5NHlfAaKYI,11,140,71.0,20.173717766707107
2022-04-01,Ghaziabad,M5NHlfAaKYI,14,140,5.0,86.68683812405446
2022-04-01,Ghaziabad,M5NHlfAaKYI,16,140,54.0,3.060065563614775
2022-04-01,Ghaziabad,M5NHlfAaKYI,17,140,1.0,100.0
2022-04-01,Ghaziabad,M5NHlfAaKYI,18,140,65.0,8.155036415412917
2022-04-01,Ghaziabad,M5NHlfAaKYI,19,140,4.0,0.0
2022-04-01,Ghaziabad,M5NHlfAaKYI,20,140,27.0,7.245553806045275
2022-04-01,Ghaziabad,M5NHlfAaKYI,21,140,7.0,13.419891071474666
2022-04-01,Ghaziabad,M5NHlfAaKYI,22,140,2.0,0.0
2022-04-01,Ghaziabad,M5NHlfAaKYI,28,140,1.0,0.0
2022-04-01,Ghaziabad,M5NHlfAaKYI,30,140,1.0,0.0
2022-04-01,Ghaziabad,M5NHlfAaKYI,32,140,52.0,26.375380274238346
2022-04-01,Ghaziabad,M5NHlfAaKYI,35,140,1.0,0.0
2022-04-01,Kasganj,hITp09XOBLZ,1,202,1.0,100.0
2022-04-01,Kasganj,hITp09XOBLZ,2,202,1.0,0.0
2022-04-01,Kasganj,hITp09XOBLZ,5,202,34.0,2.564102564102564
2022-04-01,Kasganj,hITp09XOBLZ,6,202,39.0,0.0
2022-04-01,Kasganj,hITp09XOBLZ,9,202,3.0,79.8000523880206
2022-04-01,Kasganj,hITp09XOBLZ,10,202,7.0,74.03737012136558
2022-04-01,Kasganj,hITp09XOBLZ,11,202,51.0,36.83750982275386
2022-04-01,Kasganj,hITp09XOBLZ,14,202,51.0,2.405949256342957
2022-04-01,Kasganj,hITp09XOBLZ,16,202,34.0,5.086003667161442
2022-04-01,Kasganj,hITp09XOBLZ,17,202,1.0,100.0
2022-04-01,Kasganj,hITp09XOBLZ,18,202,13.0,28.423414236181934
2022-04-01,Kasganj,hITp09XOBLZ,19,202,3.0,44.03669724770643
2022-04-01,Kasganj,hITp09XOBLZ,20,202,24.0,22.871736662883087
2022-04-01,Kasganj,hITp09XOBLZ,21,202,2.0,27.136994673884573
2022-04-01,Kasganj,hITp09XOBLZ,22,202,2.0,0.0
2022-04-01,Kasganj,hITp09XOBLZ,28,202,1.0,0.0
2022-04-01,Kasganj,hITp09XOBLZ,30,202,1.0,0.0
2022-04-01,Kasganj,hITp09XOBLZ,32,202,18.0,50.283486888731396
2022-04-01,Kasganj,hITp09XOBLZ,35,202,1.0,0.0
2022-04-01,Jaunpur,gmw76vAUMqz,1,194,1.0,100.0
2022-04-01,Jaunpur,gmw76vAUMqz,2,194,1.0,0.0
2022-04-01,Jaunpur,gmw76vAUMqz,5,194,23.0,6.593406593406594
2022-04-01,Jaunpur,gmw76vAUMqz,6,194,18.0,31.868131868131865
2022-04-01,Jaunpur,gmw76vAUMqz,9,194,9.0,60.922693266832916
2022-04-01,Jaunpur,gmw76vAUMqz,10,194,14.0,64.652654079088
2022-04-01,Jaunpur,gmw76vAUMqz,11,194,35.0,48.21161382258639
2022-04-01,Jaunpur,gmw76vAUMqz,14,194,1.0,100.0
2022-04-01,Jaunpur,gmw76vAUMqz,16,194,37.0,4.748842180263627
2022-04-01,Jaunpur,gmw76vAUMqz,17,194,1.0,100.0
2022-04-01,Jaunpur,gmw76vAUMqz,18,194,20.0,24.60622222222222
2022-04-01,Jaunpur,gmw76vAUMqz,28,194,1.0,0.0
2022-04-01,Jaunpur,gmw76vAUMqz,30,194,1.0,0.0
2022-04-01,Jaunpur,gmw76vAUMqz,32,194,27.0,37.8659319327468
2022-04-01,Jaunpur,gmw76vAUMqz,35,194,1.0,0.0
2022-04-01,Ghazipur,dScWdMRN8PL,1,195,9.0,22.39495746993986
2022-04-01,Ghazipur,dScWdMRN8PL,2,195,1.0,0.0
2022-04-01,Ghazipur,dScWdMRN8PL,5,195,47.0,0.0
2022-04-01,Ghazipur,dScWdMRN8PL,6,195,23.0,23.18840579710145
2022-04-01,Ghazipur,dScWdMRN8PL,9,195,66.0,21.359304815079135
2022-04-01,Ghazipur,dScWdMRN8PL,10,195,65.0,24.209730909701523
2022-04-01,Ghazipur,dScWdMRN8PL,11,195,70.0,21.577599596994247
2022-04-01,Ghazipur,dScWdMRN8PL,14,195,48.0,4.368358913813459
2022-04-01,Ghazipur,dScWdMRN8PL,16,195,74.0,0.2980563368456404
2022-04-01,Ghazipur,dScWdMRN8PL,17,195,1.0,100.0
2022-04-01,Ghazipur,dScWdMRN8PL,18,195,44.0,13.328378545769851
2022-04-01,Ghazipur,dScWdMRN8PL,19,195,4.0,0.0
2022-04-01,Ghazipur,dScWdMRN8PL,20,195,13.0,53.2996095881785
2022-04-01,Ghazipur,dScWdMRN8PL,21,195,1.0,70.32870156584526
2022-04-01,Ghazipur,dScWdMRN8PL,22,195,2.0,0.0
2022-04-01,Ghazipur,dScWdMRN8PL,28,195,1.0,0.0
2022-04-01,Ghazipur,dScWdMRN8PL,30,195,1.0,0.0
2022-04-01,Ghazipur,dScWdMRN8PL,32,195,12.0,59.17620896162925
2022-04-01,Ghazipur,dScWdMRN8PL,35,195,1.0,0.0
2022-04-01,Mirzapur,UAicdMLyuk4,1,199,12.0,5.695474376060782
2022-04-01,Mirzapur,UAicdMLyuk4,2,199,1.0,0.0
2022-04-01,Mirzapur,UAicdMLyuk4,5,199,12.0,14.285714285714285
2022-04-01,Mirzapur,UAicdMLyuk4,9,199,59.0,26.532986067211166
2022-04-01,Mirzapur,UAicdMLyuk4,10,199,61.0,31.4865855817129
2022-04-01,Mirzapur,UAicdMLyuk4,11,199,73.0,17.285761246112223
2022-04-01,Mirzapur,UAicdMLyuk4,14,199,1.0,100.0
2022-04-01,Mirzapur,UAicdMLyuk4,16,199,39.0,4.670392191569525
2022-04-01,Mirzapur,UAicdMLyuk4,17,199,1.0,100.0
2022-04-01,Mirzapur,UAicdMLyuk4,18,199,53.0,12.182860565609891
2022-04-01,Mirzapur,UAicdMLyuk4,28,199,1.0,0.0
2022-04-01,Mirzapur,UAicdMLyuk4,30,199,1.0,0.0
2022-04-01,Mirzapur,UAicdMLyuk4,32,199,49.0,26.513952962761078
2022-04-01,Mirzapur,UAicdMLyuk4,35,199,1.0,0.0
2022-04-01,Firozabad,eJTsuE56XDF,1,147,1.0,100.0
2022-04-01,Firozabad,eJTsuE56XDF,2,147,1.0,0.0
2022-04-01,Firozabad,eJTsuE56XDF,5,147,24.0,6.451612903225806
2022-04-01,Firozabad,eJTsuE56XDF,6,147,26.0,16.129032258064516
2022-04-01,Firozabad,eJTsuE56XDF,9,147,48.0,33.77745684936293
2022-04-01,Firozabad,eJTsuE56XDF,10,147,48.0,38.855372574596444
2022-04-01,Firozabad,eJTsuE56XDF,11,147,29.0,55.20020498008432
2022-04-01,Firozabad,eJTsuE56XDF,14,147,13.0,52.15332926084301
2022-04-01,Firozabad,eJTsuE56XDF,16,147,53.0,3.1818499452610007
2022-04-01,Firozabad,eJTsuE56XDF,17,147,8.0,97.82608695652173
2022-04-01,Firozabad,eJTsuE56XDF,18,147,42.0,14.358623832308043
2022-04-01,Firozabad,eJTsuE56XDF,19,147,4.0,0.0
2022-04-01,Firozabad,eJTsuE56XDF,20,147,29.0,0.0
2022-04-01,Firozabad,eJTsuE56XDF,21,147,29.0,0.0
2022-04-01,Firozabad,eJTsuE56XDF,22,147,2.0,0.0
2022-04-01,Firozabad,eJTsuE56XDF,28,147,1.0,0.0
2022-04-01,Firozabad,eJTsuE56XDF,30,147,1.0,0.0
2022-04-01,Firozabad,eJTsuE56XDF,32,147,61.0,21.844602959382183
2022-04-01,Firozabad,eJTsuE56XDF,35,147,1.0,0.0
2022-04-01,Maunathbhanjan,CBSB9v92AwT,1,192,7.0,30.35332466095486
2022-04-01,Maunathbhanjan,CBSB9v92AwT,2,192,1.0,0.0
2022-04-01,Maunathbhanjan,CBSB9v92AwT,5,192,47.0,0.0
2022-04-01,Maunathbhanjan,CBSB9v92AwT,6,192,31.0,13.095238095238097
2022-04-01,Maunathbhanjan,CBSB9v92AwT,9,192,70.0,16.15504380359259
2022-04-01,Maunathbhanjan,CBSB9v92AwT,10,192,75.0,6.471777473102038
2022-04-01,Maunathbhanjan,CBSB9v92AwT,11,192,75.0,7.31299235470453
2022-04-01,Maunathbhanjan,CBSB9v92AwT,14,192,12.0,55.77032404775441
2022-04-01,Maunathbhanjan,CBSB9v92AwT,16,192,72.0,0.9713475704691749
2022-04-01,Maunathbhanjan,CBSB9v92AwT,17,192,1.0,100.0
2022-04-01,Maunathbhanjan,CBSB9v92AwT,18,192,72.0,4.492973543577225
2022-04-01,Maunathbhanjan,CBSB9v92AwT,19,192,4.0,0.0
2022-04-01,Maunathbhanjan,CBSB9v92AwT,20,192,18.0,33.48592940301629
2022-04-01,Maunathbhanjan,CBSB9v92AwT,21,192,12.0,9.899379545929868
2022-04-01,Maunathbhanjan,CBSB9v92AwT,22,192,2.0,0.0
2022-04-01,Maunathbhanjan,CBSB9v92AwT,28,192,1.0,0.0
2022-04-01,Maunathbhanjan,CBSB9v92AwT,30,192,1.0,0.0
2022-04-01,Maunathbhanjan,CBSB9v92AwT,32,192,69.0,9.79968934702358
2022-04-01,Maunathbhanjan,CBSB9v92AwT,35,192,1.0,0.0
2022-04-01,Ballia,oNDvGBE5fLq,1,193,17.0,0.0
2022-04-01,Ballia,oNDvGBE5fLq,2,193,1.0,0.0
2022-04-01,Ballia,oNDvGBE5fLq,5,193,20.0,8.21917808219178
2022-04-01,Ballia,oNDvGBE5fLq,9,193,58.0,26.600627373287107
2022-04-01,Ballia,oNDvGBE5fLq,10,193,50.0,38.0155192339442
2022-04-01,Ballia,oNDvGBE5fLq,11,193,43.0,43.58923559517913
2022-04-01,Ballia,oNDvGBE5fLq,14,193,33.0,16.343825665859566
2022-04-01,Ballia,oNDvGBE5fLq,16,193,28.0,5.9699521215123
2022-04-01,Ballia,oNDvGBE5fLq,17,193,1.0,100.0
2022-04-01,Ballia,oNDvGBE5fLq,18,193,68.0,7.282475490196079
2022-04-01,Ballia,oNDvGBE5fLq,28,193,1.0,0.0
2022-04-01,Ballia,oNDvGBE5fLq,30,193,1.0,0.0
2022-04-01,Ballia,oNDvGBE5fLq,32,193,42.0,28.743019293312777
2022-04-01,Ballia,oNDvGBE5fLq,35,193,1.0,0.0
2022-04-01,Pilibhit,c96jwckSd6j,1,151,4.0,82.0170312239105
2022-04-01,Pilibhit,c96jwckSd6j,2,151,1.0,0.0
2022-04-01,Pilibhit,c96jwckSd6j,5,151,15.0,11.11111111111111
2022-04-01,Pilibhit,c96jwckSd6j,9,151,35.0,40.00531789175136
2022-04-01,Pilibhit,c96jwckSd6j,10,151,51.0,37.751122666036395
2022-04-01,Pilibhit,c96jwckSd6j,11,151,44.0,42.407232332781845
2022-04-01,Pilibhit,c96jwckSd6j,14,151,17.0,47.559366754617415
2022-04-01,Pilibhit,c96jwckSd6j,16,151,18.0,7.557315055542426
2022-04-01,Pilibhit,c96jwckSd6j,17,151,1.0,100.0
2022-04-01,Pilibhit,c96jwckSd6j,18,151,48.0,12.689289557252708
2022-04-01,Pilibhit,c96jwckSd6j,28,151,1.0,0.0
2022-04-01,Pilibhit,c96jwckSd6j,30,151,1.0,0.0
2022-04-01,Pilibhit,c96jwckSd6j,32,151,24.0,40.226352746798845
2022-04-01,Pilibhit,c96jwckSd6j,35,151,1.0,0.0
2022-04-01,Rampur,IU006h5U7jj,1,136,1.0,100.0
2022-04-01,Rampur,IU006h5U7jj,2,136,1.0,0.0
2022-04-01,Rampur,IU006h5U7jj,5,136,42.0,1.0638297872340425
2022-04-01,Rampur,IU006h5U7jj,9,136,38.0,39.59248060996451
2022-04-01,Rampur,IU006h5U7jj,10,136,56.0,34.15801235703957
2022-04-01,Rampur,IU006h5U7jj,11,136,59.0,30.55606678059682
2022-04-01,Rampur,IU006h5U7jj,14,136,57.0,0.0
2022-04-01,Rampur,IU006h5U7jj,16,136,51.0,3.268042592349152
2022-04-01,Rampur,IU006h5U7jj,17,136,,
2022-04-01,Rampur,IU006h5U7jj,18,136,70.0,4.922777632796374
2022-04-01,Rampur,IU006h5U7jj,28,136,1.0,0.0
2022-04-01,Rampur,IU006h5U7jj,30,136,1.0,0.0
2022-04-01,Rampur,IU006h5U7jj,32,136,2.0,92.24118992543582
2022-04-01,Rampur,IU006h5U7jj,35,136,1.0,0.0
2022-04-01,Hamirpur,VSI7HobT5qL,1,168,1.0,100.0
2022-04-01,Hamirpur,VSI7HobT5qL,2,168,1.0,0.0
2022-04-01,Hamirpur,VSI7HobT5qL,5,168,36.0,2.2222222222222223
2022-04-01,Hamirpur,VSI7HobT5qL,6,168,27.0,15.555555555555555
2022-04-01,Hamirpur,VSI7HobT5qL,9,168,50.0,33.270566082146644
2022-04-01,Hamirpur,VSI7HobT5qL,10,168,24.0,53.37177827468518
2022-04-01,Hamirpur,VSI7HobT5qL,11,168,23.0,60.321289867011885
2022-04-01,Hamirpur,VSI7HobT5qL,14,168,7.0,82.06770356816102
2022-04-01,Hamirpur,VSI7HobT5qL,16,168,9.0,8.432387901612334
2022-04-01,Hamirpur,VSI7HobT5qL,17,168,,
2022-04-01,Hamirpur,VSI7HobT5qL,18,168,50.0,12.496350364963503
2022-04-01,Hamirpur,VSI7HobT5qL,28,168,1.0,0.0
2022-04-01,Hamirpur,VSI7HobT5qL,30,168,1.0,0.0
2022-04-01,Hamirpur,VSI7HobT5qL,32,168,41.0,28.881704385310453
2022-04-01,Hamirpur,VSI7HobT5qL,35,168,1.0,0.0
2022-04-01,Sambhal,YzHpzrN0eLv,48,205,46.0,0.10508212073725842
2022-04-01,Sambhal,YzHpzrN0eLv,49,205,59.0,0.006796507723304231
2022-04-01,Sambhal,YzHpzrN0eLv,50,205,33.0,0.6340579710144928
2022-04-01,Sambhal,YzHpzrN0eLv,51,205,75.0,0.3693506493506494
2022-04-01,Sambhal,YzHpzrN0eLv,52,205,29.0,0.870604781997187
2022-04-01,Deoria,Tf9b9qcbghH,48,190,60.0,0.08486978439136025
2022-04-01,Deoria,Tf9b9qcbghH,49,190,37.0,0.009383037959237412
2022-04-01,Deoria,Tf9b9qcbghH,50,190,30.0,0.6545174537987679
2022-04-01,Deoria,Tf9b9qcbghH,51,190,4.0,0.8177777777777778
2022-04-01,Deoria,Tf9b9qcbghH,52,190,57.0,0.684462915601023
2022-04-01,Barabanki,tzH6nJu9SwS,48,176,35.0,0.11034288426399555
2022-04-01,Barabanki,tzH6nJu9SwS,49,176,68.0,0.005501519292727245
2022-04-01,Barabanki,tzH6nJu9SwS,50,176,15.0,0.7693588676103247
2022-04-01,Barabanki,tzH6nJu9SwS,51,176,3.0,0.8246753246753247
2022-04-01,Barabanki,tzH6nJu9SwS,52,176,19.0,0.984251968503937
2022-04-01,Bulandshahar,ogBt4gWCiem,48,142,71.0,0.0676430908641631
2022-04-01,Bulandshahar,ogBt4gWCiem,49,142,72.0,0.004402321534523506
2022-04-01,Bulandshahar,ogBt4gWCiem,50,142,9.0,0.803813833225598
2022-04-01,Bulandshahar,ogBt4gWCiem,51,142,46.0,0.5765983112183354
2022-04-01,Bulandshahar,ogBt4gWCiem,52,142,42.0,0.7629009762900977
2022-04-01,Hathras,m1IAjmqkoFC,48,144,2.0,0.24664554370803118
2022-04-01,Hathras,m1IAjmqkoFC,49,144,1.0,0.019645465219508003
2022-04-01,Hathras,m1IAjmqkoFC,50,144,56.0,0.5100421120829284
2022-04-01,Hathras,m1IAjmqkoFC,51,144,50.0,0.5662114957129247
2022-04-01,Hathras,m1IAjmqkoFC,52,144,55.0,0.7117218171620864
2022-04-01,Gonda,y8WarEkWCul,48,183,39.0,0.10772217920872565
2022-04-01,Gonda,y8WarEkWCul,49,183,62.0,0.006475222776081403
2022-04-01,Gonda,y8WarEkWCul,50,183,51.0,0.5360501567398119
2022-04-01,Gonda,y8WarEkWCul,51,183,53.0,0.5555555555555556
2022-04-01,Gonda,y8WarEkWCul,52,183,4.0,1.375187969924812
2022-04-01,Shamli,AdiUcz9BXhx,48,203,9.0,0.1839098673613941
2022-04-01,Shamli,AdiUcz9BXhx,49,203,19.0,0.011348751237119405
2022-04-01,Shamli,AdiUcz9BXhx,50,203,37.0,0.6091696056428343
2022-04-01,Shamli,AdiUcz9BXhx,51,203,20.0,0.6852631578947368
2022-04-01,Shamli,AdiUcz9BXhx,52,203,44.0,0.7557603686635944
2022-04-01,Meerut,v8YGmR7nOdj,48,138,15.0,0.1510948234981147
2022-04-01,Meerut,v8YGmR7nOdj,49,138,3.0,0.016295484512711376
2022-04-01,Meerut,v8YGmR7nOdj,50,138,57.0,0.4840741726554875
2022-04-01,Meerut,v8YGmR7nOdj,51,138,42.0,0.5976906158357771
2022-04-01,Meerut,v8YGmR7nOdj,52,138,58.0,0.6577736890524379
2022-04-01,Auraiya,Bd6E8zkVvVt,48,162,24.0,0.1266655358382386
2022-04-01,Auraiya,Bd6E8zkVvVt,49,162,28.0,0.010339862062991955
2022-04-01,Auraiya,Bd6E8zkVvVt,50,162,13.0,0.7783595113438045
2022-04-01,Auraiya,Bd6E8zkVvVt,51,162,63.0,0.5174887892376682
2022-04-01,Auraiya,Bd6E8zkVvVt,52,162,43.0,0.7625649913344887
2022-04-01,Kannauj,IhQbDYRiF8w,48,160,19.0,0.13341212523755283
2022-04-01,Kannauj,IhQbDYRiF8w,49,160,50.0,0.007537575172886369
2022-04-01,Kannauj,IhQbDYRiF8w,50,160,28.0,0.6594896331738437
2022-04-01,Kannauj,IhQbDYRiF8w,51,160,22.0,0.6807738814993954
2022-04-01,Kannauj,IhQbDYRiF8w,52,160,9.0,1.1927175843694493
2022-04-01,Ambedkar Nagar,jM27ji8tyrM,48,178,21.0,0.13161553661465417
2022-04-01,Ambedkar Nagar,jM27ji8tyrM,49,178,32.0,0.01007443705034104
2022-04-01,Ambedkar Nagar,jM27ji8tyrM,50,178,5.0,0.8501648804616653
2022-04-01,Ambedkar Nagar,jM27ji8tyrM,51,178,7.0,0.7844848484848485
2022-04-01,Ambedkar Nagar,jM27ji8tyrM,52,178,6.0,1.226205191594561
2022-04-01,Azamgarh,NjckKfm3g0k,48,191,75.0,0.05863916534568099
2022-04-01,Azamgarh,NjckKfm3g0k,49,191,75.0,0.003919253874201879
2022-04-01,Azamgarh,NjckKfm3g0k,50,191,66.0,0.4176762114537445
2022-04-01,Azamgarh,NjckKfm3g0k,51,191,35.0,0.6242584047462096
2022-04-01,Azamgarh,NjckKfm3g0k,52,191,37.0,0.8046462513199577
2022-04-01,Bahraich,iE0E3nLioFr,48,180,68.0,0.07557527052870452
2022-04-01,Bahraich,iE0E3nLioFr,49,180,40.0,0.009121912432495707
2022-04-01,Bahraich,iE0E3nLioFr,50,180,32.0,0.639906103286385
2022-04-01,Bahraich,iE0E3nLioFr,51,180,28.0,0.6512594766446564
2022-04-01,Bahraich,iE0E3nLioFr,52,180,31.0,0.8520465640255351
2022-04-01,Kanpur Nagar,QVMRMhzVrrS,48,164,37.0,0.10873978968600703
2022-04-01,Kanpur Nagar,QVMRMhzVrrS,49,164,60.0,0.006770649938922869
2022-04-01,Kanpur Nagar,QVMRMhzVrrS,50,164,55.0,0.5121990369181381
2022-04-01,Kanpur Nagar,QVMRMhzVrrS,51,164,6.0,0.7872140394860545
2022-04-01,Kanpur Nagar,QVMRMhzVrrS,52,164,73.0,0.5079617834394905
2022-04-01,Fatehpur,ibLiLcaKzw2,48,172,66.0,0.0776350709048181
2022-04-01,Fatehpur,ibLiLcaKzw2,49,172,61.0,0.0066189597264667615
2022-04-01,Fatehpur,ibLiLcaKzw2,50,172,71.0,0.388
2022-04-01,Fatehpur,ibLiLcaKzw2,51,172,51.0,0.5603829160530192
2022-04-01,Fatehpur,ibLiLcaKzw2,52,172,52.0,0.7293035479632063
2022-04-01,Etawah,Pm0jLk6EAiE,48,161,12.0,0.15938954760203586
2022-04-01,Etawah,Pm0jLk6EAiE,49,161,49.0,0.007588753159357521
2022-04-01,Etawah,Pm0jLk6EAiE,50,161,41.0,0.5927001244296972
2022-04-01,Etawah,Pm0jLk6EAiE,51,161,64.0,0.5066480055983205
2022-04-01,Etawah,Pm0jLk6EAiE,52,161,41.0,0.7707182320441989
2022-04-01,Chitrakoot,i2fSZZ3QAJJ,48,171,6.0,0.19156328965644193
2022-04-01,Chitrakoot,i2fSZZ3QAJJ,49,171,36.0,0.00957879411617049
2022-04-01,Chitrakoot,i2fSZZ3QAJJ,50,171,54.0,0.5246331236897275
2022-04-01,Chitrakoot,i2fSZZ3QAJJ,51,171,57.0,0.5384615384615384
2022-04-01,Chitrakoot,i2fSZZ3QAJJ,52,171,18.0,0.9962894248608535
2022-04-01,Jhansi,Mq751wBMqGF,48,166,16.0,0.14058309397412677
2022-04-01,Jhansi,Mq751wBMqGF,49,166,25.0,0.01077427824791552
2022-04-01,Jhansi,Mq751wBMqGF,50,166,53.0,0.5269364161849711
2022-04-01,Jhansi,Mq751wBMqGF,51,166,29.0,0.6445809565598947
2022-04-01,Jhansi,Mq751wBMqGF,52,166,75.0,0.49693669162695714
2022-04-01,Amethi,StsLkYw1G0m,48,206,22.0,0.13065495231798907
2022-04-01,Amethi,StsLkYw1G0m,49,206,66.0,0.00575276441923204
2022-04-01,Amethi,StsLkYw1G0m,50,206,1.0,1.1005560704355886
2022-04-01,Amethi,StsLkYw1G0m,51,206,11.0,0.752421052631579
2022-04-01,Amethi,StsLkYw1G0m,52,206,70.0,0.5176273083379966
2022-04-01,Maharajganj,AcnMkNGgc3S,48,187,58.0,0.08671624108516636
2022-04-01,Maharajganj,AcnMkNGgc3S,49,187,43.0,0.00817843452523353
2022-04-01,Maharajganj,AcnMkNGgc3S,50,187,22.0,0.6804988662131519
2022-04-01,Maharajganj,AcnMkNGgc3S,51,187,30.0,0.6431189603465511
2022-04-01,Maharajganj,AcnMkNGgc3S,52,187,20.0,0.983419689119171
2022-04-01,Bareilly,vVqY3DPcpHf,48,150,43.0,0.10656126858983973
2022-04-01,Bareilly,vVqY3DPcpHf,49,150,46.0,0.007835881869687752
2022-04-01,Bareilly,vVqY3DPcpHf,50,150,21.0,0.6987573203828025
2022-04-01,Bareilly,vVqY3DPcpHf,51,150,16.0,0.7107522485690924
2022-04-01,Bareilly,vVqY3DPcpHf,52,150,38.0,0.7972389991371872
2022-04-01,Shahjahanpur,GaiLSoQq1ue,48,152,42.0,0.10662108245123626
2022-04-01,Shahjahanpur,GaiLSoQq1ue,49,152,41.0,0.00911629108540996
2022-04-01,Shahjahanpur,GaiLSoQq1ue,50,152,48.0,0.5680290644868301
2022-04-01,Shahjahanpur,GaiLSoQq1ue,51,152,44.0,0.587783818356252
2022-04-01,Shahjahanpur,GaiLSoQq1ue,52,152,56.0,0.7072905331882481
2022-04-01,Kushinagar,xUeHwd9FQkg,48,189,72.0,0.06640547122962524
2022-04-01,Kushinagar,xUeHwd9FQkg,49,189,42.0,0.00906362134204171
2022-04-01,Kushinagar,xUeHwd9FQkg,50,189,65.0,0.4401294498381877
2022-04-01,Kushinagar,xUeHwd9FQkg,51,189,38.0,0.6113445378151261
2022-04-01,Kushinagar,xUeHwd9FQkg,52,189,22.0,0.9438717067583047
2022-04-01,Hardoi,MTIkUw5q5pX,48,155,20.0,0.13215884798292396
2022-04-01,Hardoi,MTIkUw5q5pX,49,155,54.0,0.007033652536104947
2022-04-01,Hardoi,MTIkUw5q5pX,50,155,60.0,0.4712902109996541
2022-04-01,Hardoi,MTIkUw5q5pX,51,155,48.0,0.5680733944954128
2022-04-01,Hardoi,MTIkUw5q5pX,52,155,39.0,0.7777777777777778
2022-04-01,Ayodhya,b4XkXzoGqFY,48,177,51.0,0.10180273664570492
2022-04-01,Ayodhya,b4XkXzoGqFY,49,177,71.0,0.005230696694143272
2022-04-01,Ayodhya,b4XkXzoGqFY,50,177,2.0,1.0793528505392913
2022-04-01,Ayodhya,b4XkXzoGqFY,51,177,8.0,0.7844396859386152
2022-04-01,Ayodhya,b4XkXzoGqFY,52,177,48.0,0.7511373976342129
2022-04-01,Gorakhpur,vR85cHdsw1w,48,188,13.0,0.15737585682669733
2022-04-01,Gorakhpur,vR85cHdsw1w,49,188,20.0,0.011055502862255229
2022-04-01,Gorakhpur,vR85cHdsw1w,50,188,6.0,0.8408883480377244
2022-04-01,Gorakhpur,vR85cHdsw1w,51,188,36.0,0.6155330438977328
2022-04-01,Gorakhpur,vR85cHdsw1w,52,188,2.0,3.1731974921630095
2022-04-01,Hapur,CZ8kLjgqvSH,48,204,32.0,0.11718095858134922
2022-04-01,Hapur,CZ8kLjgqvSH,49,204,34.0,0.009750744047619048
2022-04-01,Hapur,CZ8kLjgqvSH,50,204,8.0,0.8046547119420069
2022-04-01,Hapur,CZ8kLjgqvSH,51,204,32.0,0.6401137980085349
2022-04-01,Hapur,CZ8kLjgqvSH,52,204,66.0,0.5903703703703703
2022-04-01,Prayagraj,tXgaew1Pd2Y,48,175,40.0,0.1073302668498418
2022-04-01,Prayagraj,tXgaew1Pd2Y,49,175,18.0,0.011365945310011113
2022-04-01,Prayagraj,tXgaew1Pd2Y,50,175,68.0,0.40932833075847863
2022-04-01,Prayagraj,tXgaew1Pd2Y,51,175,71.0,0.4760963335729691
2022-04-01,Prayagraj,tXgaew1Pd2Y,52,175,46.0,0.7527368818422046
2022-04-01,Chandauli,ClbehnmwSec,48,196,61.0,0.0833951198037111
2022-04-01,Chandauli,ClbehnmwSec,49,196,30.0,0.010137400531856577
2022-04-01,Chandauli,ClbehnmwSec,50,196,35.0,0.6197183098591549
2022-04-01,Chandauli,ClbehnmwSec,51,196,17.0,0.7053571428571429
2022-04-01,Chandauli,ClbehnmwSec,52,196,8.0,1.2013808975834293
2022-04-01,Lucknow,MfHac5N78aK,48,157,4.0,0.21126808689737914
2022-04-01,Lucknow,MfHac5N78aK,49,157,35.0,0.009608740504344978
2022-04-01,Lucknow,MfHac5N78aK,50,157,52.0,0.5284488597877625
2022-04-01,Lucknow,MfHac5N78aK,51,157,54.0,0.5530869472334972
2022-04-01,Lucknow,MfHac5N78aK,52,157,61.0,0.6427191966010043
2022-04-01,Sultanpur,o4ZQTVcMI7U,48,179,45.0,0.10557284115946303
2022-04-01,Sultanpur,o4ZQTVcMI7U,49,179,64.0,0.005964813131189031
2022-04-01,Sultanpur,o4ZQTVcMI7U,50,179,10.0,0.7912804668726399
2022-04-01,Sultanpur,o4ZQTVcMI7U,51,179,74.0,0.4516268980477223
2022-04-01,Sultanpur,o4ZQTVcMI7U,52,179,36.0,0.8261287223823247
2022-04-01,Budaun,eA37kyBRRuZ,48,149,25.0,0.12593834420334266
2022-04-01,Budaun,eA37kyBRRuZ,49,149,24.0,0.0108137622755225
2022-04-01,Budaun,eA37kyBRRuZ,50,149,31.0,0.6450758133372589
2022-04-01,Budaun,eA37kyBRRuZ,51,149,31.0,0.6424007302601552
2022-04-01,Budaun,eA37kyBRRuZ,52,149,35.0,0.8284191829484903
2022-04-01,Kaushambi,PAj0oVY0Dxu,48,174,7.0,0.1884953156125498
2022-04-01,Kaushambi,PAj0oVY0Dxu,49,174,23.0,0.01088769920318725
2022-04-01,Kaushambi,PAj0oVY0Dxu,50,174,11.0,0.7804459691252144
2022-04-01,Kaushambi,PAj0oVY0Dxu,51,174,21.0,0.6824175824175824
2022-04-01,Kaushambi,PAj0oVY0Dxu,52,174,47.0,0.7525496511003757
2022-04-01,Banda,DggJGxqbWHn,48,170,33.0,0.11386131947653319
2022-04-01,Banda,DggJGxqbWHn,49,170,5.0,0.015320507676855437
2022-04-01,Banda,DggJGxqbWHn,50,170,72.0,0.3794473541629041
2022-04-01,Banda,DggJGxqbWHn,51,170,70.0,0.47786768205616376
2022-04-01,Banda,DggJGxqbWHn,52,170,25.0,0.9262948207171314
2022-04-01,Sonbhadra,NNk3JP90QZ5,48,200,69.0,0.0749610838601603
2022-04-01,Sonbhadra,NNk3JP90QZ5,49,200,8.0,0.013651612558307382
2022-04-01,Sonbhadra,NNk3JP90QZ5,50,200,49.0,0.5492461327589583
2022-04-01,Sonbhadra,NNk3JP90QZ5,51,200,40.0,0.6042780748663101
2022-04-01,Sonbhadra,NNk3JP90QZ5,52,200,51.0,0.7333333333333333
2022-04-01,Saharanpur,FKYZ3JbWq84,48,132,8.0,0.18585071763508385
2022-04-01,Saharanpur,FKYZ3JbWq84,49,132,56.0,0.0069302607501630226
2022-04-01,Saharanpur,FKYZ3JbWq84,50,132,3.0,0.917098445595855
2022-04-01,Saharanpur,FKYZ3JbWq84,51,132,56.0,0.5410169491525424
2022-04-01,Saharanpur,FKYZ3JbWq84,52,132,71.0,0.5171261487050961
2022-04-01,Siddharth Nagar,cP0p8qfm3il,48,184,56.0,0.09030677223665055
2022-04-01,Siddharth Nagar,cP0p8qfm3il,49,184,67.0,0.005556041903761417
2022-04-01,Siddharth Nagar,cP0p8qfm3il,50,184,34.0,0.6242997198879552
2022-04-01,Siddharth Nagar,cP0p8qfm3il,51,184,23.0,0.6786315199102636
2022-04-01,Siddharth Nagar,cP0p8qfm3il,52,184,16.0,1.0421487603305786
2022-04-01,Etah,ZLcx4iOVyN5,48,201,50.0,0.10237828020104414
2022-04-01,Etah,ZLcx4iOVyN5,49,201,10.0,0.012906628956863802
2022-04-01,Etah,ZLcx4iOVyN5,50,201,75.0,0.3241304347826087
2022-04-01,Etah,ZLcx4iOVyN5,51,201,47.0,0.5727699530516432
2022-04-01,Etah,ZLcx4iOVyN5,52,201,13.0,1.0995316159250585
2022-04-01,Unnav,aT03mfdlNiF,48,156,27.0,0.12497411834177992
2022-04-01,Unnav,aT03mfdlNiF,49,156,47.0,0.007802138660550106
2022-04-01,Unnav,aT03mfdlNiF,50,156,69.0,0.4064873742557996
2022-04-01,Unnav,aT03mfdlNiF,51,156,52.0,0.556060606060606
2022-04-01,Unnav,aT03mfdlNiF,52,156,17.0,1.0245231607629428
2022-04-01,Amroha,hgquAmZaNBu,48,137,49.0,0.10304725997994271
2022-04-01,Amroha,hgquAmZaNBu,49,137,53.0,0.007126469124044934
2022-04-01,Amroha,hgquAmZaNBu,50,137,17.0,0.7266514806378133
2022-04-01,Amroha,hgquAmZaNBu,51,137,34.0,0.6311389759665622
2022-04-01,Amroha,hgquAmZaNBu,52,137,21.0,0.9759933774834437
2022-04-01,Pratapgarh,fz7bJo3egPX,48,173,67.0,0.07681244356597854
2022-04-01,Pratapgarh,fz7bJo3egPX,49,173,70.0,0.00530130725241173
2022-04-01,Pratapgarh,fz7bJo3egPX,50,173,63.0,0.45976002341235
2022-04-01,Pratapgarh,fz7bJo3egPX,51,173,39.0,0.6091661362189688
2022-04-01,Pratapgarh,fz7bJo3egPX,52,173,30.0,0.8568443051201672
2022-04-01,Kanpur Dehat,k3D0AumUCiC,48,163,62.0,0.08246493995117742
2022-04-01,Kanpur Dehat,k3D0AumUCiC,49,163,52.0,0.00729012479141373
2022-04-01,Kanpur Dehat,k3D0AumUCiC,50,163,42.0,0.5920152091254753
2022-04-01,Kanpur Dehat,k3D0AumUCiC,51,163,14.0,0.7186897880539499
2022-04-01,Kanpur Dehat,k3D0AumUCiC,52,163,34.0,0.8310991957104558
2022-04-01,Lakhimpur Kheri,d9ZuMopgX29,48,153,70.0,0.06785330317242563
2022-04-01,Lakhimpur Kheri,d9ZuMopgX29,49,153,65.0,0.005938083469940619
2022-04-01,Lakhimpur Kheri,d9ZuMopgX29,50,153,73.0,0.35717264386989156
2022-04-01,Lakhimpur Kheri,d9ZuMopgX29,51,153,61.0,0.5201401050788091
2022-04-01,Lakhimpur Kheri,d9ZuMopgX29,52,153,12.0,1.1111111111111112
2022-04-01,Varanasi,LeuBT7KfuuA,48,197,44.0,0.10635945135189544
2022-04-01,Varanasi,LeuBT7KfuuA,49,197,45.0,0.008046104639983533
2022-04-01,Varanasi,LeuBT7KfuuA,50,197,46.0,0.5738808481992596
2022-04-01,Varanasi,LeuBT7KfuuA,51,197,69.0,0.4809384164222874
2022-04-01,Varanasi,LeuBT7KfuuA,52,197,40.0,0.7725609756097561
2022-04-01,Muzaffarnagar,MVQs2RrS1Nw,48,133,14.0,0.15475735552234537
2022-04-01,Muzaffarnagar,MVQs2RrS1Nw,49,133,6.0,0.015115008620488595
2022-04-01,Muzaffarnagar,MVQs2RrS1Nw,50,133,74.0,0.3408902077151335
2022-04-01,Muzaffarnagar,MVQs2RrS1Nw,51,133,68.0,0.4937325905292479
2022-04-01,Muzaffarnagar,MVQs2RrS1Nw,52,133,62.0,0.6403385049365303
2022-04-01,Farrukhabad,uEEwlAGZXWW,48,159,17.0,0.1389116822133719
2022-04-01,Farrukhabad,uEEwlAGZXWW,49,159,29.0,0.01033688636291609
2022-04-01,Farrukhabad,uEEwlAGZXWW,50,159,36.0,0.6162493612672458
2022-04-01,Farrukhabad,uEEwlAGZXWW,51,159,41.0,0.599502487562189
2022-04-01,Farrukhabad,uEEwlAGZXWW,52,159,32.0,0.838865836791148
2022-04-01,Aligarh,frD2HOp3wAs,48,143,23.0,0.127034597186799
2022-04-01,Aligarh,frD2HOp3wAs,49,143,26.0,0.010448541947304655
2022-04-01,Aligarh,frD2HOp3wAs,50,143,43.0,0.5881971465629053
2022-04-01,Aligarh,frD2HOp3wAs,51,143,66.0,0.5023153252480705
2022-04-01,Aligarh,frD2HOp3wAs,52,143,69.0,0.5412642669007902
2022-04-01,Sant Kabir Nagar,fe1yBApr2sl,48,186,28.0,0.11942081887980957
2022-04-01,Sant Kabir Nagar,fe1yBApr2sl,49,186,21.0,0.011007416653362167
2022-04-01,Sant Kabir Nagar,fe1yBApr2sl,50,186,44.0,0.5835970464135021
2022-04-01,Sant Kabir Nagar,fe1yBApr2sl,51,186,25.0,0.6710347943967465
2022-04-01,Sant Kabir Nagar,fe1yBApr2sl,52,186,23.0,0.9333333333333333
2022-04-01,Lalitpur,fagfcadhxej,48,167,47.0,0.1040134035982942
2022-04-01,Lalitpur,fagfcadhxej,49,167,22.0,0.010918783649946813
2022-04-01,Lalitpur,fagfcadhxej,50,167,64.0,0.4423292273236282
2022-04-01,Lalitpur,fagfcadhxej,51,167,65.0,0.5063291139240507
2022-04-01,Lalitpur,fagfcadhxej,52,167,60.0,0.6533333333333333
2022-04-01,Agra,N5WWbRtsjWp,48,146,34.0,0.11321209044869802
2022-04-01,Agra,N5WWbRtsjWp,49,146,57.0,0.006857341163426913
2022-04-01,Agra,N5WWbRtsjWp,50,146,19.0,0.704896483733158
2022-04-01,Agra,N5WWbRtsjWp,51,146,60.0,0.5291375291375291
2022-04-01,Agra,N5WWbRtsjWp,52,146,45.0,0.754625550660793
2022-04-01,Sitapur,XxaOowFtkiJ,48,154,55.0,0.09222740635709165
2022-04-01,Sitapur,XxaOowFtkiJ,49,154,74.0,0.004038369506923633
2022-04-01,Sitapur,XxaOowFtkiJ,50,154,50.0,0.5419301622216112
2022-04-01,Sitapur,XxaOowFtkiJ,51,154,19.0,0.6925418569254186
2022-04-01,Sitapur,XxaOowFtkiJ,52,154,5.0,1.3523809523809525
2022-04-01,Bhadohi,PeUY1vj02UQ,48,198,11.0,0.1669730701444447
2022-04-01,Bhadohi,PeUY1vj02UQ,49,198,12.0,0.012417030512581077
2022-04-01,Bhadohi,PeUY1vj02UQ,50,198,26.0,0.6702235772357723
2022-04-01,Bhadohi,PeUY1vj02UQ,51,198,13.0,0.7278241091736164
2022-04-01,Bhadohi,PeUY1vj02UQ,52,198,27.0,0.8796875
2022-04-01,Shrawasti,oyTwneTbWDx,48,181,30.0,0.11725670091761652
2022-04-01,Shrawasti,oyTwneTbWDx,49,181,2.0,0.016874459723200043
2022-04-01,Shrawasti,oyTwneTbWDx,50,181,27.0,0.6664906258251915
2022-04-01,Shrawasti,oyTwneTbWDx,51,181,27.0,0.660459587955626
2022-04-01,Shrawasti,oyTwneTbWDx,52,181,33.0,0.8356328734253149
2022-04-01,Mainpuri,XBLhrSWGytu,48,148,29.0,0.11930408781737341
2022-04-01,Mainpuri,XBLhrSWGytu,49,148,51.0,0.00752210267150554
2022-04-01,Mainpuri,XBLhrSWGytu,50,148,47.0,0.5696068012752391
2022-04-01,Mainpuri,XBLhrSWGytu,51,148,62.0,0.5199004975124378
2022-04-01,Mainpuri,XBLhrSWGytu,52,148,68.0,0.5418660287081339
2022-04-01,Gautam Buddha Nagar,bNmwkrQeP3e,48,141,26.0,0.12534486421931137
2022-04-01,Gautam Buddha Nagar,bNmwkrQeP3e,49,141,38.0,0.009343733384890522
2022-04-01,Gautam Buddha Nagar,bNmwkrQeP3e,50,141,59.0,0.4746201099256385
2022-04-01,Gautam Buddha Nagar,bNmwkrQeP3e,51,141,72.0,0.4598092643051771
2022-04-01,Gautam Buddha Nagar,bNmwkrQeP3e,52,141,72.0,0.5170370370370371
2022-04-01,Rae Bareli,lLvTDpBDY8u,48,158,59.0,0.08605499539871164
2022-04-01,Rae Bareli,lLvTDpBDY8u,49,158,69.0,0.005334636555378363
2022-04-01,Rae Bareli,lLvTDpBDY8u,50,158,7.0,0.805528768884603
2022-04-01,Rae Bareli,lLvTDpBDY8u,51,158,15.0,0.7186751795690344
2022-04-01,Rae Bareli,lLvTDpBDY8u,52,158,28.0,0.8722931704608551
2022-04-01,Balrampur,uS0pNSxN3sS,48,182,31.0,0.1172459410819662
2022-04-01,Balrampur,uS0pNSxN3sS,49,182,31.0,0.01008666234127352
2022-04-01,Balrampur,uS0pNSxN3sS,50,182,14.0,0.773719274063864
2022-04-01,Balrampur,uS0pNSxN3sS,51,182,10.0,0.753562945368171
2022-04-01,Balrampur,uS0pNSxN3sS,52,182,49.0,0.7509850275807722
2022-04-01,Bagpat,HJIS3IrQ0Nj,48,139,54.0,0.09528300925554448
2022-04-01,Bagpat,HJIS3IrQ0Nj,49,139,33.0,0.009995529522346657
2022-04-01,Bagpat,HJIS3IrQ0Nj,50,139,20.0,0.7029816513761468
2022-04-01,Bagpat,HJIS3IrQ0Nj,51,139,49.0,0.5666122892876564
2022-04-01,Bagpat,HJIS3IrQ0Nj,52,139,59.0,0.654510556621881
2022-04-01,Jalaun,NL5xiiHZQSC,48,165,36.0,0.1098032153715619
2022-04-01,Jalaun,NL5xiiHZQSC,49,165,13.0,0.012329420914940253
2022-04-01,Jalaun,NL5xiiHZQSC,50,165,45.0,0.5746714456391876
2022-04-01,Jalaun,NL5xiiHZQSC,51,165,43.0,0.5887733887733888
2022-04-01,Jalaun,NL5xiiHZQSC,52,165,53.0,0.7238700564971752
2022-04-01,Bijnor,uCYjHW7FuGG,48,134,53.0,0.09971353332260786
2022-04-01,Bijnor,uCYjHW7FuGG,49,134,39.0,0.00913917366187491
2022-04-01,Bijnor,uCYjHW7FuGG,50,134,16.0,0.7412721893491124
2022-04-01,Bijnor,uCYjHW7FuGG,51,134,33.0,0.6316104569946118
2022-04-01,Bijnor,uCYjHW7FuGG,52,134,63.0,0.6303317535545023
2022-04-01,Moradabad,YQNQoPjAIpV,48,135,10.0,0.17024704841356073
2022-04-01,Moradabad,YQNQoPjAIpV,49,135,27.0,0.0103998985688905
2022-04-01,Moradabad,YQNQoPjAIpV,50,135,4.0,0.8776234567901234
2022-04-01,Moradabad,YQNQoPjAIpV,51,135,5.0,0.8122032706171971
2022-04-01,Moradabad,YQNQoPjAIpV,52,135,3.0,1.452911885689543
2022-04-01,Basti,J1P16zQEOUT,48,185,52.0,0.10041580300587626
2022-04-01,Basti,J1P16zQEOUT,49,185,63.0,0.00605269643989931
2022-04-01,Basti,J1P16zQEOUT,50,185,25.0,0.6705607476635514
2022-04-01,Basti,J1P16zQEOUT,51,185,45.0,0.5813837730214036
2022-04-01,Basti,J1P16zQEOUT,52,185,10.0,1.148972602739726
2022-04-01,Mahoba,sUQMxIc3yXj,48,169,5.0,0.2093863677700982
2022-04-01,Mahoba,sUQMxIc3yXj,49,169,4.0,0.015840987631866133
2022-04-01,Mahoba,sUQMxIc3yXj,50,169,18.0,0.7072120559741658
2022-04-01,Mahoba,sUQMxIc3yXj,51,169,12.0,0.7346524606798579
2022-04-01,Mahoba,sUQMxIc3yXj,52,169,65.0,0.5911602209944752
2022-04-01,Mathura,KP2BUB1npih,48,145,38.0,0.10858082389565848
2022-04-01,Mathura,KP2BUB1npih,49,145,14.0,0.012005426092939434
2022-04-01,Mathura,KP2BUB1npih,50,145,38.0,0.6077824812764572
2022-04-01,Mathura,KP2BUB1npih,51,145,37.0,0.6134476292526119
2022-04-01,Mathura,KP2BUB1npih,52,145,50.0,0.7388646288209607
2022-04-01,Ghaziabad,M5NHlfAaKYI,48,140,48.0,0.10397144093874144
2022-04-01,Ghaziabad,M5NHlfAaKYI,49,140,15.0,0.011892617969379413
2022-04-01,Ghaziabad,M5NHlfAaKYI,50,140,67.0,0.41372401702980216
2022-04-01,Ghaziabad,M5NHlfAaKYI,51,140,58.0,0.5342009685230025
2022-04-01,Ghaziabad,M5NHlfAaKYI,52,140,54.0,0.7178470254957507
2022-04-01,Kasganj,hITp09XOBLZ,48,202,74.0,0.06121956924782978
2022-04-01,Kasganj,hITp09XOBLZ,49,202,16.0,0.011865610867568831
2022-04-01,Kasganj,hITp09XOBLZ,50,202,70.0,0.3887266355140187
2022-04-01,Kasganj,hITp09XOBLZ,51,202,67.0,0.5003756574004508
2022-04-01,Kasganj,hITp09XOBLZ,52,202,74.0,0.5015015015015015
2022-04-01,Jaunpur,gmw76vAUMqz,48,194,64.0,0.08133277609202126
2022-04-01,Jaunpur,gmw76vAUMqz,49,194,48.0,0.007718290698279864
2022-04-01,Jaunpur,gmw76vAUMqz,50,194,29.0,0.6569542127170949
2022-04-01,Jaunpur,gmw76vAUMqz,51,194,1.0,0.9027747432816255
2022-04-01,Jaunpur,gmw76vAUMqz,52,194,7.0,1.2187802516940949
2022-04-01,Ghazipur,dScWdMRN8PL,48,195,65.0,0.08088013363919251
2022-04-01,Ghazipur,dScWdMRN8PL,49,195,11.0,0.012598812870290401
2022-04-01,Ghazipur,dScWdMRN8PL,50,195,40.0,0.5993887130225958
2022-04-01,Ghazipur,dScWdMRN8PL,51,195,9.0,0.7656164633035877
2022-04-01,Ghazipur,dScWdMRN8PL,52,195,26.0,0.8896289248334919
2022-04-01,Mirzapur,UAicdMLyuk4,48,199,73.0,0.06455995421880857
2022-04-01,Mirzapur,UAicdMLyuk4,49,199,44.0,0.008125363896665311
2022-04-01,Mirzapur,UAicdMLyuk4,50,199,62.0,0.46478527607361964
2022-04-01,Mirzapur,UAicdMLyuk4,51,199,73.0,0.45248152059134106
2022-04-01,Mirzapur,UAicdMLyuk4,52,199,64.0,0.6091015169194866
2022-04-01,Firozabad,eJTsuE56XDF,48,147,1.0,0.2833682607381424
2022-04-01,Firozabad,eJTsuE56XDF,49,147,9.0,0.01334914450279519
2022-04-01,Firozabad,eJTsuE56XDF,50,147,23.0,0.6758733950432965
2022-04-01,Firozabad,eJTsuE56XDF,51,147,24.0,0.6774906118842501
2022-04-01,Firozabad,eJTsuE56XDF,52,147,1.0,6.131398761004239
2022-04-01,Maunathbhanjan,CBSB9v92AwT,48,192,41.0,0.10728417157938135
2022-04-01,Maunathbhanjan,CBSB9v92AwT,49,192,58.0,0.006802567551707639
2022-04-01,Maunathbhanjan,CBSB9v92AwT,50,192,39.0,0.599535500995355
2022-04-01,Maunathbhanjan,CBSB9v92AwT,51,192,26.0,0.6618705035971223
2022-04-01,Maunathbhanjan,CBSB9v92AwT,52,192,67.0,0.5894648829431438
2022-04-01,Ballia,oNDvGBE5fLq,48,193,63.0,0.08207154492784804
2022-04-01,Ballia,oNDvGBE5fLq,49,193,73.0,0.0041370195632463
2022-04-01,Ballia,oNDvGBE5fLq,50,193,58.0,0.47622585438335807
2022-04-01,Ballia,oNDvGBE5fLq,51,193,59.0,0.53198127925117
2022-04-01,Ballia,oNDvGBE5fLq,52,193,15.0,1.0439882697947214
2022-04-01,Pilibhit,c96jwckSd6j,48,151,18.0,0.1335933669667196
2022-04-01,Pilibhit,c96jwckSd6j,49,151,55.0,0.006932595948304603
2022-04-01,Pilibhit,c96jwckSd6j,50,151,12.0,0.7800565770862801
2022-04-01,Pilibhit,c96jwckSd6j,51,151,2.0,0.8676337262012692
2022-04-01,Pilibhit,c96jwckSd6j,52,151,14.0,1.0715778474399165
2022-04-01,Rampur,IU006h5U7jj,48,136,57.0,0.09029210629152012
2022-04-01,Rampur,IU006h5U7jj,49,136,17.0,0.011661515506767558
2022-04-01,Rampur,IU006h5U7jj,50,136,24.0,0.6708097239992689
2022-04-01,Rampur,IU006h5U7jj,51,136,55.0,0.547683923705722
2022-04-01,Rampur,IU006h5U7jj,52,136,24.0,0.9293532338308458
2022-04-01,Hamirpur,VSI7HobT5qL,48,168,3.0,0.21535724269148226
2022-04-01,Hamirpur,VSI7HobT5qL,49,168,7.0,0.014544897112662086
2022-04-01,Hamirpur,VSI7HobT5qL,50,168,61.0,0.4680719156850589
2022-04-01,Hamirpur,VSI7HobT5qL,51,168,18.0,0.7052980132450332
2022-04-01,Hamirpur,VSI7HobT5qL,52,168,11.0,1.123943661971831
