,index,date,district_id,indicator_id,perc_point,district,map_id,division,div_map_id,type,domain,indicator_ids,indicator,calc_type
0,0,202503,ClbehnmwSec,indicator_1,100.0,Chandauli,196,Varanasi Division,195,coverage,ante_natal,indicator_1,% of pregnant women received 4 or more ANC and tested for Hb against estimated PW,p
1,1,202503,dScWdMRN8PL,indicator_1,100.0,Ghazipur,195,Varanasi Division,195,coverage,ante_natal,indicator_1,% of pregnant women received 4 or more ANC and tested for Hb against estimated PW,p
2,2,202503,gmw76vAUMqz,indicator_1,100.0,Jaunpur,194,Varanasi Division,195,coverage,ante_natal,indicator_1,% of pregnant women received 4 or more ANC and tested for Hb against estimated PW,p
3,3,202503,MVQs2RrS1Nw,indicator_1,100.0,Muzaffarnagar,133,Saharanpur Division,132,coverage,ante_natal,indicator_1,% of pregnant women received 4 or more ANC and tested for Hb against estimated PW,p
4,4,202503,LeuBT7KfuuA,indicator_1,100.0,Varanasi,197,Varanasi Division,195,coverage,ante_natal,indicator_1,% of pregnant women received 4 or more ANC and tested for Hb against estimated PW,p
5,5,202503,hgquAmZaNBu,indicator_1,100.0,Amroha,137,Moradabad Division,134,coverage,ante_natal,indicator_1,% of pregnant women received 4 or more ANC and tested for Hb against estimated PW,p
6,6,202503,uCYjHW7FuGG,indicator_1,100.0,Bijnor,134,Moradabad Division,134,coverage,ante_natal,indicator_1,% of pregnant women received 4 or more ANC and tested for Hb against estimated PW,p
7,7,202503,FKYZ3JbWq84,indicator_1,100.0,Saharanpur,132,Saharanpur Division,132,coverage,ante_natal,indicator_1,% of pregnant women received 4 or more ANC and tested for Hb against estimated PW,p
8,8,202503,AdiUcz9BXhx,indicator_1,91.64328774021617,Shamli,203,Saharanpur Division,132,coverage,ante_natal,indicator_1,% of pregnant women received 4 or more ANC and tested for Hb against estimated PW,p
9,9,202503,YQNQoPjAIpV,indicator_1,100.0,Moradabad,135,Moradabad Division,134,coverage,ante_natal,indicator_1,% of pregnant women received 4 or more ANC and tested for Hb against estimated PW,p
10,10,202503,IU006h5U7jj,indicator_1,97.26520559196516,Rampur,136,Moradabad Division,134,coverage,ante_natal,indicator_1,% of pregnant women received 4 or more ANC and tested for Hb against estimated PW,p
11,11,202503,PeUY1vj02UQ,indicator_1,94.602573884843,Bhadohi,198,Mirzapur Division,200,coverage,ante_natal,indicator_1,% of pregnant women received 4 or more ANC and tested for Hb against estimated PW,p
12,12,202503,UAicdMLyuk4,indicator_1,100.0,Mirzapur,199,Mirzapur Division,200,coverage,ante_natal,indicator_1,% of pregnant women received 4 or more ANC and tested for Hb against estimated PW,p
13,13,202503,YzHpzrN0eLv,indicator_1,100.0,Sambhal,205,Moradabad Division,134,coverage,ante_natal,indicator_1,% of pregnant women received 4 or more ANC and tested for Hb against estimated PW,p
14,14,202503,Bd6E8zkVvVt,indicator_1,100.0,Auraiya,162,Kanpur Nagar Division,161,coverage,ante_natal,indicator_1,% of pregnant women received 4 or more ANC and tested for Hb against estimated PW,p
15,15,202503,Pm0jLk6EAiE,indicator_1,100.0,Etawah,161,Kanpur Nagar Division,161,coverage,ante_natal,indicator_1,% of pregnant women received 4 or more ANC and tested for Hb against estimated PW,p
16,16,202503,uEEwlAGZXWW,indicator_1,100.0,Farrukhabad,159,Kanpur Nagar Division,161,coverage,ante_natal,indicator_1,% of pregnant women received 4 or more ANC and tested for Hb against estimated PW,p
17,17,202503,IhQbDYRiF8w,indicator_1,100.0,Kannauj,160,Kanpur Nagar Division,161,coverage,ante_natal,indicator_1,% of pregnant women received 4 or more ANC and tested for Hb against estimated PW,p
18,18,202503,NNk3JP90QZ5,indicator_1,100.0,Sonbhadra,200,Mirzapur Division,200,coverage,ante_natal,indicator_1,% of pregnant women received 4 or more ANC and tested for Hb against estimated PW,p
19,19,202503,NL5xiiHZQSC,indicator_1,99.58942927045022,Jalaun,165,Jhansi Division,165,coverage,ante_natal,indicator_1,% of pregnant women received 4 or more ANC and tested for Hb against estimated PW,p
20,20,202503,k3D0AumUCiC,indicator_1,100.0,Kanpur Dehat,163,Kanpur Nagar Division,161,coverage,ante_natal,indicator_1,% of pregnant women received 4 or more ANC and tested for Hb against estimated PW,p
21,21,202503,QVMRMhzVrrS,indicator_1,96.83312976627188,Kanpur Nagar,164,Kanpur Nagar Division,161,coverage,ante_natal,indicator_1,% of pregnant women received 4 or more ANC and tested for Hb against estimated PW,p
22,22,202503,Tf9b9qcbghH,indicator_1,100.0,Deoria,190,Gorakhpur Division,188,coverage,ante_natal,indicator_1,% of pregnant women received 4 or more ANC and tested for Hb against estimated PW,p
23,23,202503,Mq751wBMqGF,indicator_1,100.0,Jhansi,166,Jhansi Division,165,coverage,ante_natal,indicator_1,% of pregnant women received 4 or more ANC and tested for Hb against estimated PW,p
24,24,202503,fagfcadhxej,indicator_1,86.878763817697,Lalitpur,167,Jhansi Division,165,coverage,ante_natal,indicator_1,% of pregnant women received 4 or more ANC and tested for Hb against estimated PW,p
25,25,202503,vR85cHdsw1w,indicator_1,100.0,Gorakhpur,188,Gorakhpur Division,188,coverage,ante_natal,indicator_1,% of pregnant women received 4 or more ANC and tested for Hb against estimated PW,p
26,26,202503,xUeHwd9FQkg,indicator_1,96.28659248336916,Kushinagar,189,Gorakhpur Division,188,coverage,ante_natal,indicator_1,% of pregnant women received 4 or more ANC and tested for Hb against estimated PW,p
27,27,202503,iE0E3nLioFr,indicator_1,100.0,Bahraich,180,Gonda Division,182,coverage,ante_natal,indicator_1,% of pregnant women received 4 or more ANC and tested for Hb against estimated PW,p
28,28,202503,AcnMkNGgc3S,indicator_1,100.0,Maharajganj,187,Gorakhpur Division,188,coverage,ante_natal,indicator_1,% of pregnant women received 4 or more ANC and tested for Hb against estimated PW,p
29,29,202503,uS0pNSxN3sS,indicator_1,100.0,Balrampur,182,Gonda Division,182,coverage,ante_natal,indicator_1,% of pregnant women received 4 or more ANC and tested for Hb against estimated PW,p
30,30,202503,y8WarEkWCul,indicator_1,100.0,Gonda,183,Gonda Division,182,coverage,ante_natal,indicator_1,% of pregnant women received 4 or more ANC and tested for Hb against estimated PW,p
31,31,202503,DggJGxqbWHn,indicator_1,95.47419685904303,Banda,170,Chitrakoot Division,170,coverage,ante_natal,indicator_1,% of pregnant women received 4 or more ANC and tested for Hb against estimated PW,p
32,32,202503,i2fSZZ3QAJJ,indicator_1,95.17419552534433,Chitrakoot,171,Chitrakoot Division,170,coverage,ante_natal,indicator_1,% of pregnant women received 4 or more ANC and tested for Hb against estimated PW,p
33,33,202503,VSI7HobT5qL,indicator_1,99.93174522161877,Hamirpur,168,Chitrakoot Division,170,coverage,ante_natal,indicator_1,% of pregnant women received 4 or more ANC and tested for Hb against estimated PW,p
34,34,202503,oyTwneTbWDx,indicator_1,100.0,Shrawasti,181,Gonda Division,182,coverage,ante_natal,indicator_1,% of pregnant women received 4 or more ANC and tested for Hb against estimated PW,p
35,35,202503,J1P16zQEOUT,indicator_1,100.0,Basti,185,Basti Division,185,coverage,ante_natal,indicator_1,% of pregnant women received 4 or more ANC and tested for Hb against estimated PW,p
36,36,202503,fe1yBApr2sl,indicator_1,100.0,Sant Kabir Nagar,186,Basti Division,185,coverage,ante_natal,indicator_1,% of pregnant women received 4 or more ANC and tested for Hb against estimated PW,p
37,37,202503,cP0p8qfm3il,indicator_1,100.0,Siddharth Nagar,184,Basti Division,185,coverage,ante_natal,indicator_1,% of pregnant women received 4 or more ANC and tested for Hb against estimated PW,p
38,38,202503,sUQMxIc3yXj,indicator_1,91.57765841174026,Mahoba,169,Chitrakoot Division,170,coverage,ante_natal,indicator_1,% of pregnant women received 4 or more ANC and tested for Hb against estimated PW,p
39,39,202503,eA37kyBRRuZ,indicator_1,100.0,Budaun,149,Bareilly Division,150,coverage,ante_natal,indicator_1,% of pregnant women received 4 or more ANC and tested for Hb against estimated PW,p
40,40,202503,vVqY3DPcpHf,indicator_1,100.0,Bareilly,150,Bareilly Division,150,coverage,ante_natal,indicator_1,% of pregnant women received 4 or more ANC and tested for Hb against estimated PW,p
41,41,202503,NjckKfm3g0k,indicator_1,100.0,Azamgarh,191,Azamgarh Division,193,coverage,ante_natal,indicator_1,% of pregnant women received 4 or more ANC and tested for Hb against estimated PW,p
42,42,202503,c96jwckSd6j,indicator_1,98.93748911680447,Pilibhit,151,Bareilly Division,150,coverage,ante_natal,indicator_1,% of pregnant women received 4 or more ANC and tested for Hb against estimated PW,p
43,43,202503,GaiLSoQq1ue,indicator_1,100.0,Shahjahanpur,152,Bareilly Division,150,coverage,ante_natal,indicator_1,% of pregnant women received 4 or more ANC and tested for Hb against estimated PW,p
44,44,202503,oNDvGBE5fLq,indicator_1,100.0,Ballia,193,Azamgarh Division,193,coverage,ante_natal,indicator_1,% of pregnant women received 4 or more ANC and tested for Hb against estimated PW,p
45,45,202503,CBSB9v92AwT,indicator_1,100.0,Maunathbhanjan,192,Azamgarh Division,193,coverage,ante_natal,indicator_1,% of pregnant women received 4 or more ANC and tested for Hb against estimated PW,p
46,46,202503,frD2HOp3wAs,indicator_1,100.0,Aligarh,143,Alligarh Division,201,coverage,ante_natal,indicator_1,% of pregnant women received 4 or more ANC and tested for Hb against estimated PW,p
47,47,202503,ZLcx4iOVyN5,indicator_1,100.0,Etah,201,Alligarh Division,201,coverage,ante_natal,indicator_1,% of pregnant women received 4 or more ANC and tested for Hb against estimated PW,p
48,48,202503,m1IAjmqkoFC,indicator_1,100.0,Hathras,144,Alligarh Division,201,coverage,ante_natal,indicator_1,% of pregnant women received 4 or more ANC and tested for Hb against estimated PW,p
49,49,202503,hITp09XOBLZ,indicator_1,100.0,Kasganj,202,Alligarh Division,201,coverage,ante_natal,indicator_1,% of pregnant women received 4 or more ANC and tested for Hb against estimated PW,p
50,50,202503,HJIS3IrQ0Nj,indicator_1,100.0,Bagpat,139,Meerut Division,140,coverage,ante_natal,indicator_1,% of pregnant women received 4 or more ANC and tested for Hb against estimated PW,p
51,51,202503,ogBt4gWCiem,indicator_1,100.0,Bulandshahar,142,Meerut Division,140,coverage,ante_natal,indicator_1,% of pregnant women received 4 or more ANC and tested for Hb against estimated PW,p
52,52,202503,bNmwkrQeP3e,indicator_1,100.0,Gautam Buddha Nagar,141,Meerut Division,140,coverage,ante_natal,indicator_1,% of pregnant women received 4 or more ANC and tested for Hb against estimated PW,p
53,53,202503,M5NHlfAaKYI,indicator_1,100.0,Ghaziabad,140,Meerut Division,140,coverage,ante_natal,indicator_1,% of pregnant women received 4 or more ANC and tested for Hb against estimated PW,p
54,54,202503,CZ8kLjgqvSH,indicator_1,100.0,Hapur,204,Meerut Division,140,coverage,ante_natal,indicator_1,% of pregnant women received 4 or more ANC and tested for Hb against estimated PW,p
55,55,202503,v8YGmR7nOdj,indicator_1,87.543135132358,Meerut,138,Meerut Division,140,coverage,ante_natal,indicator_1,% of pregnant women received 4 or more ANC and tested for Hb against estimated PW,p
56,56,202503,MTIkUw5q5pX,indicator_1,100.0,Hardoi,155,Lucknow Division,155,coverage,ante_natal,indicator_1,% of pregnant women received 4 or more ANC and tested for Hb against estimated PW,p
57,57,202503,d9ZuMopgX29,indicator_1,100.0,Lakhimpur Kheri,153,Lucknow Division,155,coverage,ante_natal,indicator_1,% of pregnant women received 4 or more ANC and tested for Hb against estimated PW,p
58,58,202503,StsLkYw1G0m,indicator_1,95.72698392512393,Amethi,206,Ayodhya Division,176,coverage,ante_natal,indicator_1,% of pregnant women received 4 or more ANC and tested for Hb against estimated PW,p
59,59,202503,MfHac5N78aK,indicator_1,100.0,Lucknow,157,Lucknow Division,155,coverage,ante_natal,indicator_1,% of pregnant women received 4 or more ANC and tested for Hb against estimated PW,p
60,60,202503,lLvTDpBDY8u,indicator_1,100.0,Rae Bareli,158,Lucknow Division,155,coverage,ante_natal,indicator_1,% of pregnant women received 4 or more ANC and tested for Hb against estimated PW,p
61,61,202503,XxaOowFtkiJ,indicator_1,100.0,Sitapur,154,Lucknow Division,155,coverage,ante_natal,indicator_1,% of pregnant women received 4 or more ANC and tested for Hb against estimated PW,p
62,62,202503,aT03mfdlNiF,indicator_1,100.0,Unnav,156,Lucknow Division,155,coverage,ante_natal,indicator_1,% of pregnant women received 4 or more ANC and tested for Hb against estimated PW,p
63,63,202503,ibLiLcaKzw2,indicator_1,97.7618221101617,Fatehpur,172,Prayagraj Division,172,coverage,ante_natal,indicator_1,% of pregnant women received 4 or more ANC and tested for Hb against estimated PW,p
64,64,202503,jM27ji8tyrM,indicator_1,96.00992863384306,Ambedkar Nagar,178,Ayodhya Division,176,coverage,ante_natal,indicator_1,% of pregnant women received 4 or more ANC and tested for Hb against estimated PW,p
65,65,202503,b4XkXzoGqFY,indicator_1,87.09866967348296,Ayodhya,177,Ayodhya Division,176,coverage,ante_natal,indicator_1,% of pregnant women received 4 or more ANC and tested for Hb against estimated PW,p
66,66,202503,tzH6nJu9SwS,indicator_1,100.0,Barabanki,176,Ayodhya Division,176,coverage,ante_natal,indicator_1,% of pregnant women received 4 or more ANC and tested for Hb against estimated PW,p
67,67,202503,o4ZQTVcMI7U,indicator_1,100.0,Sultanpur,179,Ayodhya Division,176,coverage,ante_natal,indicator_1,% of pregnant women received 4 or more ANC and tested for Hb against estimated PW,p
68,68,202503,PAj0oVY0Dxu,indicator_1,100.0,Kaushambi,174,Prayagraj Division,172,coverage,ante_natal,indicator_1,% of pregnant women received 4 or more ANC and tested for Hb against estimated PW,p
69,69,202503,fz7bJo3egPX,indicator_1,100.0,Pratapgarh,173,Prayagraj Division,172,coverage,ante_natal,indicator_1,% of pregnant women received 4 or more ANC and tested for Hb against estimated PW,p
70,70,202503,tXgaew1Pd2Y,indicator_1,100.0,Prayagraj,175,Prayagraj Division,172,coverage,ante_natal,indicator_1,% of pregnant women received 4 or more ANC and tested for Hb against estimated PW,p
71,71,202503,N5WWbRtsjWp,indicator_1,100.0,Agra,146,Agra Division,146,coverage,ante_natal,indicator_1,% of pregnant women received 4 or more ANC and tested for Hb against estimated PW,p
72,72,202503,eJTsuE56XDF,indicator_1,100.0,Firozabad,147,Agra Division,146,coverage,ante_natal,indicator_1,% of pregnant women received 4 or more ANC and tested for Hb against estimated PW,p
73,73,202503,XBLhrSWGytu,indicator_1,100.0,Mainpuri,148,Agra Division,146,coverage,ante_natal,indicator_1,% of pregnant women received 4 or more ANC and tested for Hb against estimated PW,p
74,74,202503,KP2BUB1npih,indicator_1,100.0,Mathura,145,Agra Division,146,coverage,ante_natal,indicator_1,% of pregnant women received 4 or more ANC and tested for Hb against estimated PW,p
75,33,202503,ClbehnmwSec,indicator_2,78.38702183095289,Chandauli,196,Varanasi Division,195,coverage,delivery_care,indicator_2,% of pregnant women delivered in institution against estimated delivery,p
76,66,202503,dScWdMRN8PL,indicator_2,59.374823056198686,Ghazipur,195,Varanasi Division,195,coverage,delivery_care,indicator_2,% of pregnant women delivered in institution against estimated delivery,p
77,60,202503,gmw76vAUMqz,indicator_2,52.67170794102537,Jaunpur,194,Varanasi Division,195,coverage,delivery_care,indicator_2,% of pregnant women delivered in institution against estimated delivery,p
78,38,202503,MVQs2RrS1Nw,indicator_2,75.93582574670212,Muzaffarnagar,133,Saharanpur Division,132,coverage,delivery_care,indicator_2,% of pregnant women delivered in institution against estimated delivery,p
79,22,202503,LeuBT7KfuuA,indicator_2,81.9936718481681,Varanasi,197,Varanasi Division,195,coverage,delivery_care,indicator_2,% of pregnant women delivered in institution against estimated delivery,p
80,71,202503,hgquAmZaNBu,indicator_2,74.55365836999161,Amroha,137,Moradabad Division,134,coverage,delivery_care,indicator_2,% of pregnant women delivered in institution against estimated delivery,p
81,49,202503,uCYjHW7FuGG,indicator_2,73.88577798570066,Bijnor,134,Moradabad Division,134,coverage,delivery_care,indicator_2,% of pregnant women delivered in institution against estimated delivery,p
82,29,202503,FKYZ3JbWq84,indicator_2,60.66498231722501,Saharanpur,132,Saharanpur Division,132,coverage,delivery_care,indicator_2,% of pregnant women delivered in institution against estimated delivery,p
83,70,202503,AdiUcz9BXhx,indicator_2,66.63577391291196,Shamli,203,Saharanpur Division,132,coverage,delivery_care,indicator_2,% of pregnant women delivered in institution against estimated delivery,p
84,14,202503,YQNQoPjAIpV,indicator_2,59.70289690869029,Moradabad,135,Moradabad Division,134,coverage,delivery_care,indicator_2,% of pregnant women delivered in institution against estimated delivery,p
85,28,202503,IU006h5U7jj,indicator_2,64.49935914513402,Rampur,136,Moradabad Division,134,coverage,delivery_care,indicator_2,% of pregnant women delivered in institution against estimated delivery,p
86,4,202503,PeUY1vj02UQ,indicator_2,78.0140161933795,Bhadohi,198,Mirzapur Division,200,coverage,delivery_care,indicator_2,% of pregnant women delivered in institution against estimated delivery,p
87,41,202503,UAicdMLyuk4,indicator_2,85.93665362200042,Mirzapur,199,Mirzapur Division,200,coverage,delivery_care,indicator_2,% of pregnant women delivered in institution against estimated delivery,p
88,61,202503,YzHpzrN0eLv,indicator_2,73.71835722812821,Sambhal,205,Moradabad Division,134,coverage,delivery_care,indicator_2,% of pregnant women delivered in institution against estimated delivery,p
89,9,202503,Bd6E8zkVvVt,indicator_2,64.31966005985524,Auraiya,162,Kanpur Nagar Division,161,coverage,delivery_care,indicator_2,% of pregnant women delivered in institution against estimated delivery,p
90,1,202503,Pm0jLk6EAiE,indicator_2,72.33405494073179,Etawah,161,Kanpur Nagar Division,161,coverage,delivery_care,indicator_2,% of pregnant women delivered in institution against estimated delivery,p
91,30,202503,uEEwlAGZXWW,indicator_2,58.41107599945595,Farrukhabad,159,Kanpur Nagar Division,161,coverage,delivery_care,indicator_2,% of pregnant women delivered in institution against estimated delivery,p
92,10,202503,IhQbDYRiF8w,indicator_2,71.43589437050952,Kannauj,160,Kanpur Nagar Division,161,coverage,delivery_care,indicator_2,% of pregnant women delivered in institution against estimated delivery,p
93,27,202503,NNk3JP90QZ5,indicator_2,68.57723824518739,Sonbhadra,200,Mirzapur Division,200,coverage,delivery_care,indicator_2,% of pregnant women delivered in institution against estimated delivery,p
94,68,202503,NL5xiiHZQSC,indicator_2,60.51805449168267,Jalaun,165,Jhansi Division,165,coverage,delivery_care,indicator_2,% of pregnant women delivered in institution against estimated delivery,p
95,59,202503,k3D0AumUCiC,indicator_2,61.856404174629745,Kanpur Dehat,163,Kanpur Nagar Division,161,coverage,delivery_care,indicator_2,% of pregnant women delivered in institution against estimated delivery,p
96,12,202503,QVMRMhzVrrS,indicator_2,57.46840699052497,Kanpur Nagar,164,Kanpur Nagar Division,161,coverage,delivery_care,indicator_2,% of pregnant women delivered in institution against estimated delivery,p
97,6,202503,Tf9b9qcbghH,indicator_2,58.87725760106154,Deoria,190,Gorakhpur Division,188,coverage,delivery_care,indicator_2,% of pregnant women delivered in institution against estimated delivery,p
98,23,202503,Mq751wBMqGF,indicator_2,59.26660370748411,Jhansi,166,Jhansi Division,165,coverage,delivery_care,indicator_2,% of pregnant women delivered in institution against estimated delivery,p
99,56,202503,fagfcadhxej,indicator_2,58.851920072252604,Lalitpur,167,Jhansi Division,165,coverage,delivery_care,indicator_2,% of pregnant women delivered in institution against estimated delivery,p
100,18,202503,vR85cHdsw1w,indicator_2,62.25756304119302,Gorakhpur,188,Gorakhpur Division,188,coverage,delivery_care,indicator_2,% of pregnant women delivered in institution against estimated delivery,p
101,11,202503,xUeHwd9FQkg,indicator_2,55.17719285551842,Kushinagar,189,Gorakhpur Division,188,coverage,delivery_care,indicator_2,% of pregnant women delivered in institution against estimated delivery,p
102,44,202503,iE0E3nLioFr,indicator_2,68.90906436819236,Bahraich,180,Gonda Division,182,coverage,delivery_care,indicator_2,% of pregnant women delivered in institution against estimated delivery,p
103,58,202503,AcnMkNGgc3S,indicator_2,54.52057302309489,Maharajganj,187,Gorakhpur Division,188,coverage,delivery_care,indicator_2,% of pregnant women delivered in institution against estimated delivery,p
104,46,202503,uS0pNSxN3sS,indicator_2,55.405287755829356,Balrampur,182,Gonda Division,182,coverage,delivery_care,indicator_2,% of pregnant women delivered in institution against estimated delivery,p
105,62,202503,y8WarEkWCul,indicator_2,61.76833808946601,Gonda,183,Gonda Division,182,coverage,delivery_care,indicator_2,% of pregnant women delivered in institution against estimated delivery,p
106,15,202503,DggJGxqbWHn,indicator_2,59.19314259912783,Banda,170,Chitrakoot Division,170,coverage,delivery_care,indicator_2,% of pregnant women delivered in institution against estimated delivery,p
107,74,202503,i2fSZZ3QAJJ,indicator_2,74.6327484299805,Chitrakoot,171,Chitrakoot Division,170,coverage,delivery_care,indicator_2,% of pregnant women delivered in institution against estimated delivery,p
108,35,202503,VSI7HobT5qL,indicator_2,63.05612029379789,Hamirpur,168,Chitrakoot Division,170,coverage,delivery_care,indicator_2,% of pregnant women delivered in institution against estimated delivery,p
109,21,202503,oyTwneTbWDx,indicator_2,66.86136662297493,Shrawasti,181,Gonda Division,182,coverage,delivery_care,indicator_2,% of pregnant women delivered in institution against estimated delivery,p
110,25,202503,J1P16zQEOUT,indicator_2,51.339676848352255,Basti,185,Basti Division,185,coverage,delivery_care,indicator_2,% of pregnant women delivered in institution against estimated delivery,p
111,55,202503,fe1yBApr2sl,indicator_2,52.48958470036099,Sant Kabir Nagar,186,Basti Division,185,coverage,delivery_care,indicator_2,% of pregnant women delivered in institution against estimated delivery,p
112,37,202503,cP0p8qfm3il,indicator_2,39.99270577155076,Siddharth Nagar,184,Basti Division,185,coverage,delivery_care,indicator_2,% of pregnant women delivered in institution against estimated delivery,p
113,34,202503,sUQMxIc3yXj,indicator_2,57.8331709608665,Mahoba,169,Chitrakoot Division,170,coverage,delivery_care,indicator_2,% of pregnant women delivered in institution against estimated delivery,p
114,54,202503,eA37kyBRRuZ,indicator_2,64.83198069172221,Budaun,149,Bareilly Division,150,coverage,delivery_care,indicator_2,% of pregnant women delivered in institution against estimated delivery,p
115,20,202503,vVqY3DPcpHf,indicator_2,62.93269843712809,Bareilly,150,Bareilly Division,150,coverage,delivery_care,indicator_2,% of pregnant women delivered in institution against estimated delivery,p
116,53,202503,NjckKfm3g0k,indicator_2,75.40253148688997,Azamgarh,191,Azamgarh Division,193,coverage,delivery_care,indicator_2,% of pregnant women delivered in institution against estimated delivery,p
117,26,202503,c96jwckSd6j,indicator_2,65.61990544960744,Pilibhit,151,Bareilly Division,150,coverage,delivery_care,indicator_2,% of pregnant women delivered in institution against estimated delivery,p
118,7,202503,GaiLSoQq1ue,indicator_2,55.91583659400554,Shahjahanpur,152,Bareilly Division,150,coverage,delivery_care,indicator_2,% of pregnant women delivered in institution against estimated delivery,p
119,17,202503,oNDvGBE5fLq,indicator_2,53.56091782391943,Ballia,193,Azamgarh Division,193,coverage,delivery_care,indicator_2,% of pregnant women delivered in institution against estimated delivery,p
120,8,202503,CBSB9v92AwT,indicator_2,77.99125951309975,Maunathbhanjan,192,Azamgarh Division,193,coverage,delivery_care,indicator_2,% of pregnant women delivered in institution against estimated delivery,p
121,57,202503,frD2HOp3wAs,indicator_2,80.18729699009286,Aligarh,143,Alligarh Division,201,coverage,delivery_care,indicator_2,% of pregnant women delivered in institution against estimated delivery,p
122,36,202503,ZLcx4iOVyN5,indicator_2,61.91265400118946,Etah,201,Alligarh Division,201,coverage,delivery_care,indicator_2,% of pregnant women delivered in institution against estimated delivery,p
123,64,202503,m1IAjmqkoFC,indicator_2,81.77837578823528,Hathras,144,Alligarh Division,201,coverage,delivery_care,indicator_2,% of pregnant women delivered in institution against estimated delivery,p
124,69,202503,hITp09XOBLZ,indicator_2,67.92056142576364,Kasganj,202,Alligarh Division,201,coverage,delivery_care,indicator_2,% of pregnant women delivered in institution against estimated delivery,p
125,0,202503,HJIS3IrQ0Nj,indicator_2,72.59891567176295,Bagpat,139,Meerut Division,140,coverage,delivery_care,indicator_2,% of pregnant women delivered in institution against estimated delivery,p
126,24,202503,ogBt4gWCiem,indicator_2,66.04006416206907,Bulandshahar,142,Meerut Division,140,coverage,delivery_care,indicator_2,% of pregnant women delivered in institution against estimated delivery,p
127,39,202503,bNmwkrQeP3e,indicator_2,94.7401400227621,Gautam Buddha Nagar,141,Meerut Division,140,coverage,delivery_care,indicator_2,% of pregnant women delivered in institution against estimated delivery,p
128,5,202503,M5NHlfAaKYI,indicator_2,66.01418271799088,Ghaziabad,140,Meerut Division,140,coverage,delivery_care,indicator_2,% of pregnant women delivered in institution against estimated delivery,p
129,52,202503,CZ8kLjgqvSH,indicator_2,75.07795457483262,Hapur,204,Meerut Division,140,coverage,delivery_care,indicator_2,% of pregnant women delivered in institution against estimated delivery,p
130,19,202503,v8YGmR7nOdj,indicator_2,77.31244078102384,Meerut,138,Meerut Division,140,coverage,delivery_care,indicator_2,% of pregnant women delivered in institution against estimated delivery,p
131,73,202503,MTIkUw5q5pX,indicator_2,57.01927073191172,Hardoi,155,Lucknow Division,155,coverage,delivery_care,indicator_2,% of pregnant women delivered in institution against estimated delivery,p
132,47,202503,d9ZuMopgX29,indicator_2,69.55082728209821,Lakhimpur Kheri,153,Lucknow Division,155,coverage,delivery_care,indicator_2,% of pregnant women delivered in institution against estimated delivery,p
133,48,202503,StsLkYw1G0m,indicator_2,62.408582098241915,Amethi,206,Ayodhya Division,176,coverage,delivery_care,indicator_2,% of pregnant women delivered in institution against estimated delivery,p
134,2,202503,MfHac5N78aK,indicator_2,90.8737772145904,Lucknow,157,Lucknow Division,155,coverage,delivery_care,indicator_2,% of pregnant women delivered in institution against estimated delivery,p
135,16,202503,lLvTDpBDY8u,indicator_2,59.3658476058549,Rae Bareli,158,Lucknow Division,155,coverage,delivery_care,indicator_2,% of pregnant women delivered in institution against estimated delivery,p
136,50,202503,XxaOowFtkiJ,indicator_2,67.52508645251211,Sitapur,154,Lucknow Division,155,coverage,delivery_care,indicator_2,% of pregnant women delivered in institution against estimated delivery,p
137,63,202503,aT03mfdlNiF,indicator_2,59.5196663994924,Unnav,156,Lucknow Division,155,coverage,delivery_care,indicator_2,% of pregnant women delivered in institution against estimated delivery,p
138,42,202503,ibLiLcaKzw2,indicator_2,64.4429113921372,Fatehpur,172,Prayagraj Division,172,coverage,delivery_care,indicator_2,% of pregnant women delivered in institution against estimated delivery,p
139,51,202503,jM27ji8tyrM,indicator_2,74.9012734794863,Ambedkar Nagar,178,Ayodhya Division,176,coverage,delivery_care,indicator_2,% of pregnant women delivered in institution against estimated delivery,p
140,32,202503,b4XkXzoGqFY,indicator_2,65.83722096291909,Ayodhya,177,Ayodhya Division,176,coverage,delivery_care,indicator_2,% of pregnant women delivered in institution against estimated delivery,p
141,3,202503,tzH6nJu9SwS,indicator_2,58.2646317145589,Barabanki,176,Ayodhya Division,176,coverage,delivery_care,indicator_2,% of pregnant women delivered in institution against estimated delivery,p
142,43,202503,o4ZQTVcMI7U,indicator_2,68.49495851207482,Sultanpur,179,Ayodhya Division,176,coverage,delivery_care,indicator_2,% of pregnant women delivered in institution against estimated delivery,p
143,67,202503,PAj0oVY0Dxu,indicator_2,71.98782654157749,Kaushambi,174,Prayagraj Division,172,coverage,delivery_care,indicator_2,% of pregnant women delivered in institution against estimated delivery,p
144,40,202503,fz7bJo3egPX,indicator_2,65.03663468846081,Pratapgarh,173,Prayagraj Division,172,coverage,delivery_care,indicator_2,% of pregnant women delivered in institution against estimated delivery,p
145,45,202503,tXgaew1Pd2Y,indicator_2,69.3292525241894,Prayagraj,175,Prayagraj Division,172,coverage,delivery_care,indicator_2,% of pregnant women delivered in institution against estimated delivery,p
146,31,202503,N5WWbRtsjWp,indicator_2,84.7368541675358,Agra,146,Agra Division,146,coverage,delivery_care,indicator_2,% of pregnant women delivered in institution against estimated delivery,p
147,13,202503,eJTsuE56XDF,indicator_2,62.309885421551115,Firozabad,147,Agra Division,146,coverage,delivery_care,indicator_2,% of pregnant women delivered in institution against estimated delivery,p
148,72,202503,XBLhrSWGytu,indicator_2,63.20979452583625,Mainpuri,148,Agra Division,146,coverage,delivery_care,indicator_2,% of pregnant women delivered in institution against estimated delivery,p
149,65,202503,KP2BUB1npih,indicator_2,78.89625290283422,Mathura,145,Agra Division,146,coverage,delivery_care,indicator_2,% of pregnant women delivered in institution against estimated delivery,p
150,0,202503,ClbehnmwSec,indicator_31,4.62962962962963,Chandauli,196,Varanasi Division,195,quality,delivery_care,indicator_31,% of C-section delivery against reported delivery (70% weightage to CHC),p
151,1,202503,dScWdMRN8PL,indicator_31,3.475375480265456,Ghazipur,195,Varanasi Division,195,quality,delivery_care,indicator_31,% of C-section delivery against reported delivery (70% weightage to CHC),p
152,2,202503,gmw76vAUMqz,indicator_31,3.332710978342046,Jaunpur,194,Varanasi Division,195,quality,delivery_care,indicator_31,% of C-section delivery against reported delivery (70% weightage to CHC),p
153,4,202503,MVQs2RrS1Nw,indicator_31,2.394879911912463,Muzaffarnagar,133,Saharanpur Division,132,quality,delivery_care,indicator_31,% of C-section delivery against reported delivery (70% weightage to CHC),p
154,3,202503,LeuBT7KfuuA,indicator_31,21.787180296810863,Varanasi,197,Varanasi Division,195,quality,delivery_care,indicator_31,% of C-section delivery against reported delivery (70% weightage to CHC),p
155,7,202503,hgquAmZaNBu,indicator_31,2.557286892758937,Amroha,137,Moradabad Division,134,quality,delivery_care,indicator_31,% of C-section delivery against reported delivery (70% weightage to CHC),p
156,8,202503,uCYjHW7FuGG,indicator_31,0.9025717111770524,Bijnor,134,Moradabad Division,134,quality,delivery_care,indicator_31,% of C-section delivery against reported delivery (70% weightage to CHC),p
157,5,202503,FKYZ3JbWq84,indicator_31,2.615685027927887,Saharanpur,132,Saharanpur Division,132,quality,delivery_care,indicator_31,% of C-section delivery against reported delivery (70% weightage to CHC),p
158,6,202503,AdiUcz9BXhx,indicator_31,2.5396379963519014,Shamli,203,Saharanpur Division,132,quality,delivery_care,indicator_31,% of C-section delivery against reported delivery (70% weightage to CHC),p
159,9,202503,YQNQoPjAIpV,indicator_31,3.5211267605633805,Moradabad,135,Moradabad Division,134,quality,delivery_care,indicator_31,% of C-section delivery against reported delivery (70% weightage to CHC),p
160,10,202503,IU006h5U7jj,indicator_31,4.104883974197872,Rampur,136,Moradabad Division,134,quality,delivery_care,indicator_31,% of C-section delivery against reported delivery (70% weightage to CHC),p
161,12,202503,PeUY1vj02UQ,indicator_31,4.834558823529412,Bhadohi,198,Mirzapur Division,200,quality,delivery_care,indicator_31,% of C-section delivery against reported delivery (70% weightage to CHC),p
162,13,202503,UAicdMLyuk4,indicator_31,1.2771520514883348,Mirzapur,199,Mirzapur Division,200,quality,delivery_care,indicator_31,% of C-section delivery against reported delivery (70% weightage to CHC),p
163,11,202503,YzHpzrN0eLv,indicator_31,1.2385687649826866,Sambhal,205,Moradabad Division,134,quality,delivery_care,indicator_31,% of C-section delivery against reported delivery (70% weightage to CHC),p
164,15,202503,Bd6E8zkVvVt,indicator_31,0.2735807996020643,Auraiya,162,Kanpur Nagar Division,161,quality,delivery_care,indicator_31,% of C-section delivery against reported delivery (70% weightage to CHC),p
165,16,202503,Pm0jLk6EAiE,indicator_31,1.1519078473722102,Etawah,161,Kanpur Nagar Division,161,quality,delivery_care,indicator_31,% of C-section delivery against reported delivery (70% weightage to CHC),p
166,17,202503,uEEwlAGZXWW,indicator_31,0.8227934176526588,Farrukhabad,159,Kanpur Nagar Division,161,quality,delivery_care,indicator_31,% of C-section delivery against reported delivery (70% weightage to CHC),p
167,18,202503,IhQbDYRiF8w,indicator_31,0.007644091117566121,Kannauj,160,Kanpur Nagar Division,161,quality,delivery_care,indicator_31,% of C-section delivery against reported delivery (70% weightage to CHC),p
168,14,202503,NNk3JP90QZ5,indicator_31,2.067688509412612,Sonbhadra,200,Mirzapur Division,200,quality,delivery_care,indicator_31,% of C-section delivery against reported delivery (70% weightage to CHC),p
169,21,202503,NL5xiiHZQSC,indicator_31,1.2132746520756512,Jalaun,165,Jhansi Division,165,quality,delivery_care,indicator_31,% of C-section delivery against reported delivery (70% weightage to CHC),p
170,19,202503,k3D0AumUCiC,indicator_31,0.9120886830842629,Kanpur Dehat,163,Kanpur Nagar Division,161,quality,delivery_care,indicator_31,% of C-section delivery against reported delivery (70% weightage to CHC),p
171,20,202503,QVMRMhzVrrS,indicator_31,5.208275862068965,Kanpur Nagar,164,Kanpur Nagar Division,161,quality,delivery_care,indicator_31,% of C-section delivery against reported delivery (70% weightage to CHC),p
172,24,202503,Tf9b9qcbghH,indicator_31,2.0480422104970843,Deoria,190,Gorakhpur Division,188,quality,delivery_care,indicator_31,% of C-section delivery against reported delivery (70% weightage to CHC),p
173,22,202503,Mq751wBMqGF,indicator_31,4.220321458783721,Jhansi,166,Jhansi Division,165,quality,delivery_care,indicator_31,% of C-section delivery against reported delivery (70% weightage to CHC),p
174,23,202503,fagfcadhxej,indicator_31,0.573901589989651,Lalitpur,167,Jhansi Division,165,quality,delivery_care,indicator_31,% of C-section delivery against reported delivery (70% weightage to CHC),p
175,25,202503,vR85cHdsw1w,indicator_31,5.624573378839591,Gorakhpur,188,Gorakhpur Division,188,quality,delivery_care,indicator_31,% of C-section delivery against reported delivery (70% weightage to CHC),p
176,26,202503,xUeHwd9FQkg,indicator_31,2.129725979882067,Kushinagar,189,Gorakhpur Division,188,quality,delivery_care,indicator_31,% of C-section delivery against reported delivery (70% weightage to CHC),p
177,28,202503,iE0E3nLioFr,indicator_31,1.1098488158699642,Bahraich,180,Gonda Division,182,quality,delivery_care,indicator_31,% of C-section delivery against reported delivery (70% weightage to CHC),p
178,27,202503,AcnMkNGgc3S,indicator_31,1.8069548261293467,Maharajganj,187,Gorakhpur Division,188,quality,delivery_care,indicator_31,% of C-section delivery against reported delivery (70% weightage to CHC),p
179,29,202503,uS0pNSxN3sS,indicator_31,0.7526029877772747,Balrampur,182,Gonda Division,182,quality,delivery_care,indicator_31,% of C-section delivery against reported delivery (70% weightage to CHC),p
180,30,202503,y8WarEkWCul,indicator_31,0.9423955613577024,Gonda,183,Gonda Division,182,quality,delivery_care,indicator_31,% of C-section delivery against reported delivery (70% weightage to CHC),p
181,32,202503,DggJGxqbWHn,indicator_31,0.33966609096142775,Banda,170,Chitrakoot Division,170,quality,delivery_care,indicator_31,% of C-section delivery against reported delivery (70% weightage to CHC),p
182,33,202503,i2fSZZ3QAJJ,indicator_31,1.157065484982767,Chitrakoot,171,Chitrakoot Division,170,quality,delivery_care,indicator_31,% of C-section delivery against reported delivery (70% weightage to CHC),p
183,34,202503,VSI7HobT5qL,indicator_31,0.9889735136978516,Hamirpur,168,Chitrakoot Division,170,quality,delivery_care,indicator_31,% of C-section delivery against reported delivery (70% weightage to CHC),p
184,31,202503,oyTwneTbWDx,indicator_31,1.365015166835187,Shrawasti,181,Gonda Division,182,quality,delivery_care,indicator_31,% of C-section delivery against reported delivery (70% weightage to CHC),p
185,36,202503,J1P16zQEOUT,indicator_31,2.1419934358265675,Basti,185,Basti Division,185,quality,delivery_care,indicator_31,% of C-section delivery against reported delivery (70% weightage to CHC),p
186,37,202503,fe1yBApr2sl,indicator_31,11.60404406216991,Sant Kabir Nagar,186,Basti Division,185,quality,delivery_care,indicator_31,% of C-section delivery against reported delivery (70% weightage to CHC),p
187,38,202503,cP0p8qfm3il,indicator_31,3.5106250776686965,Siddharth Nagar,184,Basti Division,185,quality,delivery_care,indicator_31,% of C-section delivery against reported delivery (70% weightage to CHC),p
188,35,202503,sUQMxIc3yXj,indicator_31,0.04596292324191818,Mahoba,169,Chitrakoot Division,170,quality,delivery_care,indicator_31,% of C-section delivery against reported delivery (70% weightage to CHC),p
189,40,202503,eA37kyBRRuZ,indicator_31,0.36714089031665903,Budaun,149,Bareilly Division,150,quality,delivery_care,indicator_31,% of C-section delivery against reported delivery (70% weightage to CHC),p
190,39,202503,vVqY3DPcpHf,indicator_31,2.8713880195065142,Bareilly,150,Bareilly Division,150,quality,delivery_care,indicator_31,% of C-section delivery against reported delivery (70% weightage to CHC),p
191,43,202503,NjckKfm3g0k,indicator_31,1.4914289250572437,Azamgarh,191,Azamgarh Division,193,quality,delivery_care,indicator_31,% of C-section delivery against reported delivery (70% weightage to CHC),p
192,41,202503,c96jwckSd6j,indicator_31,1.1523495959293626,Pilibhit,151,Bareilly Division,150,quality,delivery_care,indicator_31,% of C-section delivery against reported delivery (70% weightage to CHC),p
193,42,202503,GaiLSoQq1ue,indicator_31,0.9493896780641017,Shahjahanpur,152,Bareilly Division,150,quality,delivery_care,indicator_31,% of C-section delivery against reported delivery (70% weightage to CHC),p
194,44,202503,oNDvGBE5fLq,indicator_31,1.7655860349127181,Ballia,193,Azamgarh Division,193,quality,delivery_care,indicator_31,% of C-section delivery against reported delivery (70% weightage to CHC),p
195,45,202503,CBSB9v92AwT,indicator_31,4.563320870482217,Maunathbhanjan,192,Azamgarh Division,193,quality,delivery_care,indicator_31,% of C-section delivery against reported delivery (70% weightage to CHC),p
196,46,202503,frD2HOp3wAs,indicator_31,1.897569577551177,Aligarh,143,Alligarh Division,201,quality,delivery_care,indicator_31,% of C-section delivery against reported delivery (70% weightage to CHC),p
197,47,202503,ZLcx4iOVyN5,indicator_31,0.28362442155545603,Etah,201,Alligarh Division,201,quality,delivery_care,indicator_31,% of C-section delivery against reported delivery (70% weightage to CHC),p
198,48,202503,m1IAjmqkoFC,indicator_31,3.5350183989865473,Hathras,144,Alligarh Division,201,quality,delivery_care,indicator_31,% of C-section delivery against reported delivery (70% weightage to CHC),p
199,49,202503,hITp09XOBLZ,indicator_31,1.3820422535211268,Kasganj,202,Alligarh Division,201,quality,delivery_care,indicator_31,% of C-section delivery against reported delivery (70% weightage to CHC),p
200,50,202503,HJIS3IrQ0Nj,indicator_31,0.8183306055646482,Bagpat,139,Meerut Division,140,quality,delivery_care,indicator_31,% of C-section delivery against reported delivery (70% weightage to CHC),p
201,51,202503,ogBt4gWCiem,indicator_31,0.8868722285242858,Bulandshahar,142,Meerut Division,140,quality,delivery_care,indicator_31,% of C-section delivery against reported delivery (70% weightage to CHC),p
202,52,202503,bNmwkrQeP3e,indicator_31,2.1059431524547803,Gautam Buddha Nagar,141,Meerut Division,140,quality,delivery_care,indicator_31,% of C-section delivery against reported delivery (70% weightage to CHC),p
203,53,202503,M5NHlfAaKYI,indicator_31,9.19080919080919,Ghaziabad,140,Meerut Division,140,quality,delivery_care,indicator_31,% of C-section delivery against reported delivery (70% weightage to CHC),p
204,54,202503,CZ8kLjgqvSH,indicator_31,1.5550618851158362,Hapur,204,Meerut Division,140,quality,delivery_care,indicator_31,% of C-section delivery against reported delivery (70% weightage to CHC),p
205,55,202503,v8YGmR7nOdj,indicator_31,8.411088573360379,Meerut,138,Meerut Division,140,quality,delivery_care,indicator_31,% of C-section delivery against reported delivery (70% weightage to CHC),p
206,56,202503,MTIkUw5q5pX,indicator_31,0.32447466007416564,Hardoi,155,Lucknow Division,155,quality,delivery_care,indicator_31,% of C-section delivery against reported delivery (70% weightage to CHC),p
207,57,202503,d9ZuMopgX29,indicator_31,1.0847160671957128,Lakhimpur Kheri,153,Lucknow Division,155,quality,delivery_care,indicator_31,% of C-section delivery against reported delivery (70% weightage to CHC),p
208,63,202503,StsLkYw1G0m,indicator_31,2.3799221116399827,Amethi,206,Ayodhya Division,176,quality,delivery_care,indicator_31,% of C-section delivery against reported delivery (70% weightage to CHC),p
209,58,202503,MfHac5N78aK,indicator_31,12.941579410901264,Lucknow,157,Lucknow Division,155,quality,delivery_care,indicator_31,% of C-section delivery against reported delivery (70% weightage to CHC),p
210,59,202503,lLvTDpBDY8u,indicator_31,1.379583746283449,Rae Bareli,158,Lucknow Division,155,quality,delivery_care,indicator_31,% of C-section delivery against reported delivery (70% weightage to CHC),p
211,60,202503,XxaOowFtkiJ,indicator_31,1.629595846197025,Sitapur,154,Lucknow Division,155,quality,delivery_care,indicator_31,% of C-section delivery against reported delivery (70% weightage to CHC),p
212,61,202503,aT03mfdlNiF,indicator_31,1.332565964228794,Unnav,156,Lucknow Division,155,quality,delivery_care,indicator_31,% of C-section delivery against reported delivery (70% weightage to CHC),p
213,67,202503,ibLiLcaKzw2,indicator_31,0.9368863955119214,Fatehpur,172,Prayagraj Division,172,quality,delivery_care,indicator_31,% of C-section delivery against reported delivery (70% weightage to CHC),p
214,62,202503,jM27ji8tyrM,indicator_31,2.7414330218068534,Ambedkar Nagar,178,Ayodhya Division,176,quality,delivery_care,indicator_31,% of C-section delivery against reported delivery (70% weightage to CHC),p
215,64,202503,b4XkXzoGqFY,indicator_31,1.2933428548758232,Ayodhya,177,Ayodhya Division,176,quality,delivery_care,indicator_31,% of C-section delivery against reported delivery (70% weightage to CHC),p
216,65,202503,tzH6nJu9SwS,indicator_31,1.4469524954365345,Barabanki,176,Ayodhya Division,176,quality,delivery_care,indicator_31,% of C-section delivery against reported delivery (70% weightage to CHC),p
217,66,202503,o4ZQTVcMI7U,indicator_31,1.6100068115672796,Sultanpur,179,Ayodhya Division,176,quality,delivery_care,indicator_31,% of C-section delivery against reported delivery (70% weightage to CHC),p
218,68,202503,PAj0oVY0Dxu,indicator_31,2.7213529011565747,Kaushambi,174,Prayagraj Division,172,quality,delivery_care,indicator_31,% of C-section delivery against reported delivery (70% weightage to CHC),p
219,69,202503,fz7bJo3egPX,indicator_31,4.4135071090047395,Pratapgarh,173,Prayagraj Division,172,quality,delivery_care,indicator_31,% of C-section delivery against reported delivery (70% weightage to CHC),p
220,70,202503,tXgaew1Pd2Y,indicator_31,3.7644598392261948,Prayagraj,175,Prayagraj Division,172,quality,delivery_care,indicator_31,% of C-section delivery against reported delivery (70% weightage to CHC),p
221,71,202503,N5WWbRtsjWp,indicator_31,1.3277428371767994,Agra,146,Agra Division,146,quality,delivery_care,indicator_31,% of C-section delivery against reported delivery (70% weightage to CHC),p
222,72,202503,eJTsuE56XDF,indicator_31,1.514895057549086,Firozabad,147,Agra Division,146,quality,delivery_care,indicator_31,% of C-section delivery against reported delivery (70% weightage to CHC),p
223,73,202503,XBLhrSWGytu,indicator_31,0.8092572984419906,Mainpuri,148,Agra Division,146,quality,delivery_care,indicator_31,% of C-section delivery against reported delivery (70% weightage to CHC),p
224,74,202503,KP2BUB1npih,indicator_31,2.6779843385737343,Mathura,145,Agra Division,146,quality,delivery_care,indicator_31,% of C-section delivery against reported delivery (70% weightage to CHC),p
225,71,202503,ClbehnmwSec,indicator_32,54.622178606476936,Chandauli,196,Varanasi Division,195,quality,delivery_care,indicator_32,% of C-section delivery against reported delivery (30% to DH),p
226,72,202503,dScWdMRN8PL,indicator_32,31.28347183748846,Ghazipur,195,Varanasi Division,195,quality,delivery_care,indicator_32,% of C-section delivery against reported delivery (30% to DH),p
227,73,202503,gmw76vAUMqz,indicator_32,42.54713625044468,Jaunpur,194,Varanasi Division,195,quality,delivery_care,indicator_32,% of C-section delivery against reported delivery (30% to DH),p
228,68,202503,MVQs2RrS1Nw,indicator_32,36.83738987606391,Muzaffarnagar,133,Saharanpur Division,132,quality,delivery_care,indicator_32,% of C-section delivery against reported delivery (30% to DH),p
229,74,202503,LeuBT7KfuuA,indicator_32,64.90142136634572,Varanasi,197,Varanasi Division,195,quality,delivery_care,indicator_32,% of C-section delivery against reported delivery (30% to DH),p
230,59,202503,hgquAmZaNBu,indicator_32,40.61318773624528,Amroha,137,Moradabad Division,134,quality,delivery_care,indicator_32,% of C-section delivery against reported delivery (30% to DH),p
231,60,202503,uCYjHW7FuGG,indicator_32,44.48286702294876,Bijnor,134,Moradabad Division,134,quality,delivery_care,indicator_32,% of C-section delivery against reported delivery (30% to DH),p
232,69,202503,FKYZ3JbWq84,indicator_32,53.07017543859649,Saharanpur,132,Saharanpur Division,132,quality,delivery_care,indicator_32,% of C-section delivery against reported delivery (30% to DH),p
233,70,202503,AdiUcz9BXhx,indicator_32,37.238493723849366,Shamli,203,Saharanpur Division,132,quality,delivery_care,indicator_32,% of C-section delivery against reported delivery (30% to DH),p
234,61,202503,YQNQoPjAIpV,indicator_32,36.76625659050966,Moradabad,135,Moradabad Division,134,quality,delivery_care,indicator_32,% of C-section delivery against reported delivery (30% to DH),p
235,62,202503,IU006h5U7jj,indicator_32,21.894171779141107,Rampur,136,Moradabad Division,134,quality,delivery_care,indicator_32,% of C-section delivery against reported delivery (30% to DH),p
236,56,202503,PeUY1vj02UQ,indicator_32,6.002034587995931,Bhadohi,198,Mirzapur Division,200,quality,delivery_care,indicator_32,% of C-section delivery against reported delivery (30% to DH),p
237,57,202503,UAicdMLyuk4,indicator_32,51.06774668630338,Mirzapur,199,Mirzapur Division,200,quality,delivery_care,indicator_32,% of C-section delivery against reported delivery (30% to DH),p
238,63,202503,YzHpzrN0eLv,indicator_32,4.059040590405904,Sambhal,205,Moradabad Division,134,quality,delivery_care,indicator_32,% of C-section delivery against reported delivery (30% to DH),p
239,38,202503,Bd6E8zkVvVt,indicator_32,5.575467941059339,Auraiya,162,Kanpur Nagar Division,161,quality,delivery_care,indicator_32,% of C-section delivery against reported delivery (30% to DH),p
240,39,202503,Pm0jLk6EAiE,indicator_32,34.01360544217687,Etawah,161,Kanpur Nagar Division,161,quality,delivery_care,indicator_32,% of C-section delivery against reported delivery (30% to DH),p
241,40,202503,uEEwlAGZXWW,indicator_32,4.1993539455468385,Farrukhabad,159,Kanpur Nagar Division,161,quality,delivery_care,indicator_32,% of C-section delivery against reported delivery (30% to DH),p
242,41,202503,IhQbDYRiF8w,indicator_32,16.361185983827493,Kannauj,160,Kanpur Nagar Division,161,quality,delivery_care,indicator_32,% of C-section delivery against reported delivery (30% to DH),p
243,58,202503,NNk3JP90QZ5,indicator_32,40.28108623153883,Sonbhadra,200,Mirzapur Division,200,quality,delivery_care,indicator_32,% of C-section delivery against reported delivery (30% to DH),p
244,35,202503,NL5xiiHZQSC,indicator_32,19.65480803099683,Jalaun,165,Jhansi Division,165,quality,delivery_care,indicator_32,% of C-section delivery against reported delivery (30% to DH),p
245,42,202503,k3D0AumUCiC,indicator_32,15.898111550285462,Kanpur Dehat,163,Kanpur Nagar Division,161,quality,delivery_care,indicator_32,% of C-section delivery against reported delivery (30% to DH),p
246,43,202503,QVMRMhzVrrS,indicator_32,45.49293071460559,Kanpur Nagar,164,Kanpur Nagar Division,161,quality,delivery_care,indicator_32,% of C-section delivery against reported delivery (30% to DH),p
247,31,202503,Tf9b9qcbghH,indicator_32,28.77164056059357,Deoria,190,Gorakhpur Division,188,quality,delivery_care,indicator_32,% of C-section delivery against reported delivery (30% to DH),p
248,36,202503,Mq751wBMqGF,indicator_32,36.270795585570745,Jhansi,166,Jhansi Division,165,quality,delivery_care,indicator_32,% of C-section delivery against reported delivery (30% to DH),p
249,37,202503,fagfcadhxej,indicator_32,9.006622516556291,Lalitpur,167,Jhansi Division,165,quality,delivery_care,indicator_32,% of C-section delivery against reported delivery (30% to DH),p
250,32,202503,vR85cHdsw1w,indicator_32,51.757489974050486,Gorakhpur,188,Gorakhpur Division,188,quality,delivery_care,indicator_32,% of C-section delivery against reported delivery (30% to DH),p
251,33,202503,xUeHwd9FQkg,indicator_32,27.445805843543823,Kushinagar,189,Gorakhpur Division,188,quality,delivery_care,indicator_32,% of C-section delivery against reported delivery (30% to DH),p
252,27,202503,iE0E3nLioFr,indicator_32,25.248105858499624,Bahraich,180,Gonda Division,182,quality,delivery_care,indicator_32,% of C-section delivery against reported delivery (30% to DH),p
253,34,202503,AcnMkNGgc3S,indicator_32,29.640427599611275,Maharajganj,187,Gorakhpur Division,188,quality,delivery_care,indicator_32,% of C-section delivery against reported delivery (30% to DH),p
254,28,202503,uS0pNSxN3sS,indicator_32,37.09175738724728,Balrampur,182,Gonda Division,182,quality,delivery_care,indicator_32,% of C-section delivery against reported delivery (30% to DH),p
255,29,202503,y8WarEkWCul,indicator_32,33.72470474480282,Gonda,183,Gonda Division,182,quality,delivery_care,indicator_32,% of C-section delivery against reported delivery (30% to DH),p
256,23,202503,DggJGxqbWHn,indicator_32,19.741235392320533,Banda,170,Chitrakoot Division,170,quality,delivery_care,indicator_32,% of C-section delivery against reported delivery (30% to DH),p
257,24,202503,i2fSZZ3QAJJ,indicator_32,6.280788177339902,Chitrakoot,171,Chitrakoot Division,170,quality,delivery_care,indicator_32,% of C-section delivery against reported delivery (30% to DH),p
258,25,202503,VSI7HobT5qL,indicator_32,13.99644760213144,Hamirpur,168,Chitrakoot Division,170,quality,delivery_care,indicator_32,% of C-section delivery against reported delivery (30% to DH),p
259,30,202503,oyTwneTbWDx,indicator_32,24.57547169811321,Shrawasti,181,Gonda Division,182,quality,delivery_care,indicator_32,% of C-section delivery against reported delivery (30% to DH),p
260,20,202503,J1P16zQEOUT,indicator_32,57.39227340267459,Basti,185,Basti Division,185,quality,delivery_care,indicator_32,% of C-section delivery against reported delivery (30% to DH),p
261,21,202503,fe1yBApr2sl,indicator_32,56.75190668461193,Sant Kabir Nagar,186,Basti Division,185,quality,delivery_care,indicator_32,% of C-section delivery against reported delivery (30% to DH),p
262,22,202503,cP0p8qfm3il,indicator_32,25.056689342403626,Siddharth Nagar,184,Basti Division,185,quality,delivery_care,indicator_32,% of C-section delivery against reported delivery (30% to DH),p
263,26,202503,sUQMxIc3yXj,indicator_32,14.522594752186588,Mahoba,169,Chitrakoot Division,170,quality,delivery_care,indicator_32,% of C-section delivery against reported delivery (30% to DH),p
264,16,202503,eA37kyBRRuZ,indicator_32,18.156332453825858,Budaun,149,Bareilly Division,150,quality,delivery_care,indicator_32,% of C-section delivery against reported delivery (30% to DH),p
265,17,202503,vVqY3DPcpHf,indicator_32,32.97669086740543,Bareilly,150,Bareilly Division,150,quality,delivery_care,indicator_32,% of C-section delivery against reported delivery (30% to DH),p
266,13,202503,NjckKfm3g0k,indicator_32,37.72486772486772,Azamgarh,191,Azamgarh Division,193,quality,delivery_care,indicator_32,% of C-section delivery against reported delivery (30% to DH),p
267,18,202503,c96jwckSd6j,indicator_32,45.891217329879915,Pilibhit,151,Bareilly Division,150,quality,delivery_care,indicator_32,% of C-section delivery against reported delivery (30% to DH),p
268,19,202503,GaiLSoQq1ue,indicator_32,17.89701716380603,Shahjahanpur,152,Bareilly Division,150,quality,delivery_care,indicator_32,% of C-section delivery against reported delivery (30% to DH),p
269,14,202503,oNDvGBE5fLq,indicator_32,16.15551425030979,Ballia,193,Azamgarh Division,193,quality,delivery_care,indicator_32,% of C-section delivery against reported delivery (30% to DH),p
270,15,202503,CBSB9v92AwT,indicator_32,25.01015022330491,Maunathbhanjan,192,Azamgarh Division,193,quality,delivery_care,indicator_32,% of C-section delivery against reported delivery (30% to DH),p
271,4,202503,frD2HOp3wAs,indicator_32,26.7813478615246,Aligarh,143,Alligarh Division,201,quality,delivery_care,indicator_32,% of C-section delivery against reported delivery (30% to DH),p
272,5,202503,ZLcx4iOVyN5,indicator_32,20.958083832335326,Etah,201,Alligarh Division,201,quality,delivery_care,indicator_32,% of C-section delivery against reported delivery (30% to DH),p
273,6,202503,m1IAjmqkoFC,indicator_32,7.421875,Hathras,144,Alligarh Division,201,quality,delivery_care,indicator_32,% of C-section delivery against reported delivery (30% to DH),p
274,7,202503,hITp09XOBLZ,indicator_32,28.61975642760487,Kasganj,202,Alligarh Division,201,quality,delivery_care,indicator_32,% of C-section delivery against reported delivery (30% to DH),p
275,50,202503,HJIS3IrQ0Nj,indicator_32,28.838174273858918,Bagpat,139,Meerut Division,140,quality,delivery_care,indicator_32,% of C-section delivery against reported delivery (30% to DH),p
276,51,202503,ogBt4gWCiem,indicator_32,9.450692041522492,Bulandshahar,142,Meerut Division,140,quality,delivery_care,indicator_32,% of C-section delivery against reported delivery (30% to DH),p
277,52,202503,bNmwkrQeP3e,indicator_32,26.125127067738656,Gautam Buddha Nagar,141,Meerut Division,140,quality,delivery_care,indicator_32,% of C-section delivery against reported delivery (30% to DH),p
278,53,202503,M5NHlfAaKYI,indicator_32,31.27413127413127,Ghaziabad,140,Meerut Division,140,quality,delivery_care,indicator_32,% of C-section delivery against reported delivery (30% to DH),p
279,54,202503,CZ8kLjgqvSH,indicator_32,3.3076574535568644,Hapur,204,Meerut Division,140,quality,delivery_care,indicator_32,% of C-section delivery against reported delivery (30% to DH),p
280,55,202503,v8YGmR7nOdj,indicator_32,46.2190897144905,Meerut,138,Meerut Division,140,quality,delivery_care,indicator_32,% of C-section delivery against reported delivery (30% to DH),p
281,44,202503,MTIkUw5q5pX,indicator_32,21.455497382198953,Hardoi,155,Lucknow Division,155,quality,delivery_care,indicator_32,% of C-section delivery against reported delivery (30% to DH),p
282,45,202503,d9ZuMopgX29,indicator_32,13.497696426347902,Lakhimpur Kheri,153,Lucknow Division,155,quality,delivery_care,indicator_32,% of C-section delivery against reported delivery (30% to DH),p
283,9,202503,StsLkYw1G0m,indicator_32,33.33333333333333,Amethi,206,Ayodhya Division,176,quality,delivery_care,indicator_32,% of C-section delivery against reported delivery (30% to DH),p
284,46,202503,MfHac5N78aK,indicator_32,58.67578291058524,Lucknow,157,Lucknow Division,155,quality,delivery_care,indicator_32,% of C-section delivery against reported delivery (30% to DH),p
285,47,202503,lLvTDpBDY8u,indicator_32,41.02695763799743,Rae Bareli,158,Lucknow Division,155,quality,delivery_care,indicator_32,% of C-section delivery against reported delivery (30% to DH),p
286,48,202503,XxaOowFtkiJ,indicator_32,13.958608542492293,Sitapur,154,Lucknow Division,155,quality,delivery_care,indicator_32,% of C-section delivery against reported delivery (30% to DH),p
287,49,202503,aT03mfdlNiF,indicator_32,29.956753160345972,Unnav,156,Lucknow Division,155,quality,delivery_care,indicator_32,% of C-section delivery against reported delivery (30% to DH),p
288,64,202503,ibLiLcaKzw2,indicator_32,19.96307408262174,Fatehpur,172,Prayagraj Division,172,quality,delivery_care,indicator_32,% of C-section delivery against reported delivery (30% to DH),p
289,8,202503,jM27ji8tyrM,indicator_32,46.03372891942536,Ambedkar Nagar,178,Ayodhya Division,176,quality,delivery_care,indicator_32,% of C-section delivery against reported delivery (30% to DH),p
290,10,202503,b4XkXzoGqFY,indicator_32,49.307075127644055,Ayodhya,177,Ayodhya Division,176,quality,delivery_care,indicator_32,% of C-section delivery against reported delivery (30% to DH),p
291,11,202503,tzH6nJu9SwS,indicator_32,57.69105160026127,Barabanki,176,Ayodhya Division,176,quality,delivery_care,indicator_32,% of C-section delivery against reported delivery (30% to DH),p
292,12,202503,o4ZQTVcMI7U,indicator_32,31.780011827321115,Sultanpur,179,Ayodhya Division,176,quality,delivery_care,indicator_32,% of C-section delivery against reported delivery (30% to DH),p
293,65,202503,PAj0oVY0Dxu,indicator_32,16.560509554140125,Kaushambi,174,Prayagraj Division,172,quality,delivery_care,indicator_32,% of C-section delivery against reported delivery (30% to DH),p
294,66,202503,fz7bJo3egPX,indicator_32,50.87837837837837,Pratapgarh,173,Prayagraj Division,172,quality,delivery_care,indicator_32,% of C-section delivery against reported delivery (30% to DH),p
295,67,202503,tXgaew1Pd2Y,indicator_32,55.157953592395856,Prayagraj,175,Prayagraj Division,172,quality,delivery_care,indicator_32,% of C-section delivery against reported delivery (30% to DH),p
296,0,202503,N5WWbRtsjWp,indicator_32,35.60379454747458,Agra,146,Agra Division,146,quality,delivery_care,indicator_32,% of C-section delivery against reported delivery (30% to DH),p
297,1,202503,eJTsuE56XDF,indicator_32,7.271180030257186,Firozabad,147,Agra Division,146,quality,delivery_care,indicator_32,% of C-section delivery against reported delivery (30% to DH),p
298,2,202503,XBLhrSWGytu,indicator_32,18.469542597008452,Mainpuri,148,Agra Division,146,quality,delivery_care,indicator_32,% of C-section delivery against reported delivery (30% to DH),p
299,3,202503,KP2BUB1npih,indicator_32,13.26710816777042,Mathura,145,Agra Division,146,quality,delivery_care,indicator_32,% of C-section delivery against reported delivery (30% to DH),p
375,0,202503,ClbehnmwSec,indicator_5,96.72082876033943,Chandauli,196,Varanasi Division,195,coverage,post_natal_care,indicator_5,% of newborns received HBNC visits (Institutional Delivery and Home Delivery),p
376,1,202503,dScWdMRN8PL,indicator_5,100.0,Ghazipur,195,Varanasi Division,195,coverage,post_natal_care,indicator_5,% of newborns received HBNC visits (Institutional Delivery and Home Delivery),p
377,2,202503,gmw76vAUMqz,indicator_5,100.0,Jaunpur,194,Varanasi Division,195,coverage,post_natal_care,indicator_5,% of newborns received HBNC visits (Institutional Delivery and Home Delivery),p
378,3,202503,MVQs2RrS1Nw,indicator_5,100.0,Muzaffarnagar,133,Saharanpur Division,132,coverage,post_natal_care,indicator_5,% of newborns received HBNC visits (Institutional Delivery and Home Delivery),p
379,4,202503,LeuBT7KfuuA,indicator_5,89.95496450804026,Varanasi,197,Varanasi Division,195,coverage,post_natal_care,indicator_5,% of newborns received HBNC visits (Institutional Delivery and Home Delivery),p
380,5,202503,hgquAmZaNBu,indicator_5,99.22172332691896,Amroha,137,Moradabad Division,134,coverage,post_natal_care,indicator_5,% of newborns received HBNC visits (Institutional Delivery and Home Delivery),p
381,6,202503,uCYjHW7FuGG,indicator_5,89.5906107464679,Bijnor,134,Moradabad Division,134,coverage,post_natal_care,indicator_5,% of newborns received HBNC visits (Institutional Delivery and Home Delivery),p
382,7,202503,FKYZ3JbWq84,indicator_5,86.782838906216,Saharanpur,132,Saharanpur Division,132,coverage,post_natal_care,indicator_5,% of newborns received HBNC visits (Institutional Delivery and Home Delivery),p
383,8,202503,AdiUcz9BXhx,indicator_5,95.84649200373917,Shamli,203,Saharanpur Division,132,coverage,post_natal_care,indicator_5,% of newborns received HBNC visits (Institutional Delivery and Home Delivery),p
384,9,202503,YQNQoPjAIpV,indicator_5,100.0,Moradabad,135,Moradabad Division,134,coverage,post_natal_care,indicator_5,% of newborns received HBNC visits (Institutional Delivery and Home Delivery),p
385,10,202503,IU006h5U7jj,indicator_5,100.0,Rampur,136,Moradabad Division,134,coverage,post_natal_care,indicator_5,% of newborns received HBNC visits (Institutional Delivery and Home Delivery),p
386,11,202503,PeUY1vj02UQ,indicator_5,70.39951977589541,Bhadohi,198,Mirzapur Division,200,coverage,post_natal_care,indicator_5,% of newborns received HBNC visits (Institutional Delivery and Home Delivery),p
387,12,202503,UAicdMLyuk4,indicator_5,85.09702069202369,Mirzapur,199,Mirzapur Division,200,coverage,post_natal_care,indicator_5,% of newborns received HBNC visits (Institutional Delivery and Home Delivery),p
388,13,202503,YzHpzrN0eLv,indicator_5,100.0,Sambhal,205,Moradabad Division,134,coverage,post_natal_care,indicator_5,% of newborns received HBNC visits (Institutional Delivery and Home Delivery),p
389,14,202503,Bd6E8zkVvVt,indicator_5,94.64026355875164,Auraiya,162,Kanpur Nagar Division,161,coverage,post_natal_care,indicator_5,% of newborns received HBNC visits (Institutional Delivery and Home Delivery),p
390,15,202503,Pm0jLk6EAiE,indicator_5,100.0,Etawah,161,Kanpur Nagar Division,161,coverage,post_natal_care,indicator_5,% of newborns received HBNC visits (Institutional Delivery and Home Delivery),p
391,16,202503,uEEwlAGZXWW,indicator_5,100.0,Farrukhabad,159,Kanpur Nagar Division,161,coverage,post_natal_care,indicator_5,% of newborns received HBNC visits (Institutional Delivery and Home Delivery),p
392,17,202503,IhQbDYRiF8w,indicator_5,85.70506365068299,Kannauj,160,Kanpur Nagar Division,161,coverage,post_natal_care,indicator_5,% of newborns received HBNC visits (Institutional Delivery and Home Delivery),p
393,18,202503,NNk3JP90QZ5,indicator_5,87.90994623655915,Sonbhadra,200,Mirzapur Division,200,coverage,post_natal_care,indicator_5,% of newborns received HBNC visits (Institutional Delivery and Home Delivery),p
394,19,202503,NL5xiiHZQSC,indicator_5,79.56311052995923,Jalaun,165,Jhansi Division,165,coverage,post_natal_care,indicator_5,% of newborns received HBNC visits (Institutional Delivery and Home Delivery),p
395,20,202503,k3D0AumUCiC,indicator_5,88.39380687861956,Kanpur Dehat,163,Kanpur Nagar Division,161,coverage,post_natal_care,indicator_5,% of newborns received HBNC visits (Institutional Delivery and Home Delivery),p
396,21,202503,QVMRMhzVrrS,indicator_5,88.08692736989488,Kanpur Nagar,164,Kanpur Nagar Division,161,coverage,post_natal_care,indicator_5,% of newborns received HBNC visits (Institutional Delivery and Home Delivery),p
397,22,202503,Tf9b9qcbghH,indicator_5,100.0,Deoria,190,Gorakhpur Division,188,coverage,post_natal_care,indicator_5,% of newborns received HBNC visits (Institutional Delivery and Home Delivery),p
398,23,202503,Mq751wBMqGF,indicator_5,71.30488559059988,Jhansi,166,Jhansi Division,165,coverage,post_natal_care,indicator_5,% of newborns received HBNC visits (Institutional Delivery and Home Delivery),p
399,24,202503,fagfcadhxej,indicator_5,96.85373057660203,Lalitpur,167,Jhansi Division,165,coverage,post_natal_care,indicator_5,% of newborns received HBNC visits (Institutional Delivery and Home Delivery),p
400,25,202503,vR85cHdsw1w,indicator_5,100.0,Gorakhpur,188,Gorakhpur Division,188,coverage,post_natal_care,indicator_5,% of newborns received HBNC visits (Institutional Delivery and Home Delivery),p
401,26,202503,xUeHwd9FQkg,indicator_5,87.82793525276097,Kushinagar,189,Gorakhpur Division,188,coverage,post_natal_care,indicator_5,% of newborns received HBNC visits (Institutional Delivery and Home Delivery),p
402,27,202503,iE0E3nLioFr,indicator_5,88.95495665284584,Bahraich,180,Gonda Division,182,coverage,post_natal_care,indicator_5,% of newborns received HBNC visits (Institutional Delivery and Home Delivery),p
403,28,202503,AcnMkNGgc3S,indicator_5,100.0,Maharajganj,187,Gorakhpur Division,188,coverage,post_natal_care,indicator_5,% of newborns received HBNC visits (Institutional Delivery and Home Delivery),p
404,29,202503,uS0pNSxN3sS,indicator_5,96.40088227913304,Balrampur,182,Gonda Division,182,coverage,post_natal_care,indicator_5,% of newborns received HBNC visits (Institutional Delivery and Home Delivery),p
405,30,202503,y8WarEkWCul,indicator_5,82.08964773412792,Gonda,183,Gonda Division,182,coverage,post_natal_care,indicator_5,% of newborns received HBNC visits (Institutional Delivery and Home Delivery),p
406,31,202503,DggJGxqbWHn,indicator_5,89.92864366782784,Banda,170,Chitrakoot Division,170,coverage,post_natal_care,indicator_5,% of newborns received HBNC visits (Institutional Delivery and Home Delivery),p
407,32,202503,i2fSZZ3QAJJ,indicator_5,85.24483569249237,Chitrakoot,171,Chitrakoot Division,170,coverage,post_natal_care,indicator_5,% of newborns received HBNC visits (Institutional Delivery and Home Delivery),p
408,33,202503,VSI7HobT5qL,indicator_5,97.3939464765689,Hamirpur,168,Chitrakoot Division,170,coverage,post_natal_care,indicator_5,% of newborns received HBNC visits (Institutional Delivery and Home Delivery),p
409,34,202503,oyTwneTbWDx,indicator_5,100.0,Shrawasti,181,Gonda Division,182,coverage,post_natal_care,indicator_5,% of newborns received HBNC visits (Institutional Delivery and Home Delivery),p
410,35,202503,J1P16zQEOUT,indicator_5,100.0,Basti,185,Basti Division,185,coverage,post_natal_care,indicator_5,% of newborns received HBNC visits (Institutional Delivery and Home Delivery),p
411,36,202503,fe1yBApr2sl,indicator_5,100.0,Sant Kabir Nagar,186,Basti Division,185,coverage,post_natal_care,indicator_5,% of newborns received HBNC visits (Institutional Delivery and Home Delivery),p
412,37,202503,cP0p8qfm3il,indicator_5,90.72658523979217,Siddharth Nagar,184,Basti Division,185,coverage,post_natal_care,indicator_5,% of newborns received HBNC visits (Institutional Delivery and Home Delivery),p
413,38,202503,sUQMxIc3yXj,indicator_5,89.25986458090124,Mahoba,169,Chitrakoot Division,170,coverage,post_natal_care,indicator_5,% of newborns received HBNC visits (Institutional Delivery and Home Delivery),p
414,39,202503,eA37kyBRRuZ,indicator_5,85.78087357285011,Budaun,149,Bareilly Division,150,coverage,post_natal_care,indicator_5,% of newborns received HBNC visits (Institutional Delivery and Home Delivery),p
415,40,202503,vVqY3DPcpHf,indicator_5,93.03795003602235,Bareilly,150,Bareilly Division,150,coverage,post_natal_care,indicator_5,% of newborns received HBNC visits (Institutional Delivery and Home Delivery),p
416,41,202503,NjckKfm3g0k,indicator_5,88.35793453939951,Azamgarh,191,Azamgarh Division,193,coverage,post_natal_care,indicator_5,% of newborns received HBNC visits (Institutional Delivery and Home Delivery),p
417,42,202503,c96jwckSd6j,indicator_5,95.34041807777648,Pilibhit,151,Bareilly Division,150,coverage,post_natal_care,indicator_5,% of newborns received HBNC visits (Institutional Delivery and Home Delivery),p
418,43,202503,GaiLSoQq1ue,indicator_5,100.0,Shahjahanpur,152,Bareilly Division,150,coverage,post_natal_care,indicator_5,% of newborns received HBNC visits (Institutional Delivery and Home Delivery),p
419,44,202503,oNDvGBE5fLq,indicator_5,100.0,Ballia,193,Azamgarh Division,193,coverage,post_natal_care,indicator_5,% of newborns received HBNC visits (Institutional Delivery and Home Delivery),p
420,45,202503,CBSB9v92AwT,indicator_5,100.0,Maunathbhanjan,192,Azamgarh Division,193,coverage,post_natal_care,indicator_5,% of newborns received HBNC visits (Institutional Delivery and Home Delivery),p
421,46,202503,frD2HOp3wAs,indicator_5,89.30366843524838,Aligarh,143,Alligarh Division,201,coverage,post_natal_care,indicator_5,% of newborns received HBNC visits (Institutional Delivery and Home Delivery),p
422,47,202503,ZLcx4iOVyN5,indicator_5,100.0,Etah,201,Alligarh Division,201,coverage,post_natal_care,indicator_5,% of newborns received HBNC visits (Institutional Delivery and Home Delivery),p
423,48,202503,m1IAjmqkoFC,indicator_5,96.05300493729074,Hathras,144,Alligarh Division,201,coverage,post_natal_care,indicator_5,% of newborns received HBNC visits (Institutional Delivery and Home Delivery),p
424,49,202503,hITp09XOBLZ,indicator_5,100.0,Kasganj,202,Alligarh Division,201,coverage,post_natal_care,indicator_5,% of newborns received HBNC visits (Institutional Delivery and Home Delivery),p
425,50,202503,HJIS3IrQ0Nj,indicator_5,90.58065965332635,Bagpat,139,Meerut Division,140,coverage,post_natal_care,indicator_5,% of newborns received HBNC visits (Institutional Delivery and Home Delivery),p
426,51,202503,ogBt4gWCiem,indicator_5,65.39986656428202,Bulandshahar,142,Meerut Division,140,coverage,post_natal_care,indicator_5,% of newborns received HBNC visits (Institutional Delivery and Home Delivery),p
427,52,202503,bNmwkrQeP3e,indicator_5,38.95327599375685,Gautam Buddha Nagar,141,Meerut Division,140,coverage,post_natal_care,indicator_5,% of newborns received HBNC visits (Institutional Delivery and Home Delivery),p
428,53,202503,M5NHlfAaKYI,indicator_5,63.100974938988884,Ghaziabad,140,Meerut Division,140,coverage,post_natal_care,indicator_5,% of newborns received HBNC visits (Institutional Delivery and Home Delivery),p
429,54,202503,CZ8kLjgqvSH,indicator_5,76.26962727993656,Hapur,204,Meerut Division,140,coverage,post_natal_care,indicator_5,% of newborns received HBNC visits (Institutional Delivery and Home Delivery),p
430,55,202503,v8YGmR7nOdj,indicator_5,99.3694614860259,Meerut,138,Meerut Division,140,coverage,post_natal_care,indicator_5,% of newborns received HBNC visits (Institutional Delivery and Home Delivery),p
431,56,202503,MTIkUw5q5pX,indicator_5,100.0,Hardoi,155,Lucknow Division,155,coverage,post_natal_care,indicator_5,% of newborns received HBNC visits (Institutional Delivery and Home Delivery),p
432,57,202503,d9ZuMopgX29,indicator_5,100.0,Lakhimpur Kheri,153,Lucknow Division,155,coverage,post_natal_care,indicator_5,% of newborns received HBNC visits (Institutional Delivery and Home Delivery),p
433,58,202503,StsLkYw1G0m,indicator_5,100.0,Amethi,206,Ayodhya Division,176,coverage,post_natal_care,indicator_5,% of newborns received HBNC visits (Institutional Delivery and Home Delivery),p
434,59,202503,MfHac5N78aK,indicator_5,49.25801495787821,Lucknow,157,Lucknow Division,155,coverage,post_natal_care,indicator_5,% of newborns received HBNC visits (Institutional Delivery and Home Delivery),p
435,60,202503,lLvTDpBDY8u,indicator_5,100.0,Rae Bareli,158,Lucknow Division,155,coverage,post_natal_care,indicator_5,% of newborns received HBNC visits (Institutional Delivery and Home Delivery),p
436,61,202503,XxaOowFtkiJ,indicator_5,95.824111822947,Sitapur,154,Lucknow Division,155,coverage,post_natal_care,indicator_5,% of newborns received HBNC visits (Institutional Delivery and Home Delivery),p
437,62,202503,aT03mfdlNiF,indicator_5,100.0,Unnav,156,Lucknow Division,155,coverage,post_natal_care,indicator_5,% of newborns received HBNC visits (Institutional Delivery and Home Delivery),p
438,63,202503,ibLiLcaKzw2,indicator_5,76.18082648384531,Fatehpur,172,Prayagraj Division,172,coverage,post_natal_care,indicator_5,% of newborns received HBNC visits (Institutional Delivery and Home Delivery),p
439,64,202503,jM27ji8tyrM,indicator_5,93.31270995963942,Ambedkar Nagar,178,Ayodhya Division,176,coverage,post_natal_care,indicator_5,% of newborns received HBNC visits (Institutional Delivery and Home Delivery),p
440,65,202503,b4XkXzoGqFY,indicator_5,100.0,Ayodhya,177,Ayodhya Division,176,coverage,post_natal_care,indicator_5,% of newborns received HBNC visits (Institutional Delivery and Home Delivery),p
441,66,202503,tzH6nJu9SwS,indicator_5,100.0,Barabanki,176,Ayodhya Division,176,coverage,post_natal_care,indicator_5,% of newborns received HBNC visits (Institutional Delivery and Home Delivery),p
442,67,202503,o4ZQTVcMI7U,indicator_5,100.0,Sultanpur,179,Ayodhya Division,176,coverage,post_natal_care,indicator_5,% of newborns received HBNC visits (Institutional Delivery and Home Delivery),p
443,68,202503,PAj0oVY0Dxu,indicator_5,73.73373159803712,Kaushambi,174,Prayagraj Division,172,coverage,post_natal_care,indicator_5,% of newborns received HBNC visits (Institutional Delivery and Home Delivery),p
444,69,202503,fz7bJo3egPX,indicator_5,86.78868552412645,Pratapgarh,173,Prayagraj Division,172,coverage,post_natal_care,indicator_5,% of newborns received HBNC visits (Institutional Delivery and Home Delivery),p
445,70,202503,tXgaew1Pd2Y,indicator_5,96.4515449649487,Prayagraj,175,Prayagraj Division,172,coverage,post_natal_care,indicator_5,% of newborns received HBNC visits (Institutional Delivery and Home Delivery),p
446,71,202503,N5WWbRtsjWp,indicator_5,95.62431811323383,Agra,146,Agra Division,146,coverage,post_natal_care,indicator_5,% of newborns received HBNC visits (Institutional Delivery and Home Delivery),p
447,72,202503,eJTsuE56XDF,indicator_5,100.0,Firozabad,147,Agra Division,146,coverage,post_natal_care,indicator_5,% of newborns received HBNC visits (Institutional Delivery and Home Delivery),p
448,73,202503,XBLhrSWGytu,indicator_5,96.6420567402466,Mainpuri,148,Agra Division,146,coverage,post_natal_care,indicator_5,% of newborns received HBNC visits (Institutional Delivery and Home Delivery),p
449,74,202503,KP2BUB1npih,indicator_5,100.0,Mathura,145,Agra Division,146,coverage,post_natal_care,indicator_5,% of newborns received HBNC visits (Institutional Delivery and Home Delivery),p
450,0,202503,ClbehnmwSec,indicator_6,0.8908015663709742,Chandauli,196,Varanasi Division,195,quality,immunization,indicator_6,Ratio of Pentavalent 3 to BCG,p
451,1,202503,dScWdMRN8PL,indicator_6,0.9323345771603798,Ghazipur,195,Varanasi Division,195,quality,immunization,indicator_6,Ratio of Pentavalent 3 to BCG,p
452,2,202503,gmw76vAUMqz,indicator_6,0.9424248755179497,Jaunpur,194,Varanasi Division,195,quality,immunization,indicator_6,Ratio of Pentavalent 3 to BCG,p
453,3,202503,MVQs2RrS1Nw,indicator_6,1.0251410775127767,Muzaffarnagar,133,Saharanpur Division,132,quality,immunization,indicator_6,Ratio of Pentavalent 3 to BCG,p
454,4,202503,LeuBT7KfuuA,indicator_6,1.0424047577846793,Varanasi,197,Varanasi Division,195,quality,immunization,indicator_6,Ratio of Pentavalent 3 to BCG,p
455,5,202503,hgquAmZaNBu,indicator_6,1.1750456280073005,Amroha,137,Moradabad Division,134,quality,immunization,indicator_6,Ratio of Pentavalent 3 to BCG,p
456,6,202503,uCYjHW7FuGG,indicator_6,0.8668930360070598,Bijnor,134,Moradabad Division,134,quality,immunization,indicator_6,Ratio of Pentavalent 3 to BCG,p
457,7,202503,FKYZ3JbWq84,indicator_6,1.0556990802934794,Saharanpur,132,Saharanpur Division,132,quality,immunization,indicator_6,Ratio of Pentavalent 3 to BCG,p
458,8,202503,AdiUcz9BXhx,indicator_6,1.0015911307293537,Shamli,203,Saharanpur Division,132,quality,immunization,indicator_6,Ratio of Pentavalent 3 to BCG,p
459,9,202503,YQNQoPjAIpV,indicator_6,1.0221053706350827,Moradabad,135,Moradabad Division,134,quality,immunization,indicator_6,Ratio of Pentavalent 3 to BCG,p
460,10,202503,IU006h5U7jj,indicator_6,0.9763322839558695,Rampur,136,Moradabad Division,134,quality,immunization,indicator_6,Ratio of Pentavalent 3 to BCG,p
461,11,202503,PeUY1vj02UQ,indicator_6,0.8719593394886364,Bhadohi,198,Mirzapur Division,200,quality,immunization,indicator_6,Ratio of Pentavalent 3 to BCG,p
462,12,202503,UAicdMLyuk4,indicator_6,1.0136845881810261,Mirzapur,199,Mirzapur Division,200,quality,immunization,indicator_6,Ratio of Pentavalent 3 to BCG,p
463,13,202503,YzHpzrN0eLv,indicator_6,0.8750896828813316,Sambhal,205,Moradabad Division,134,quality,immunization,indicator_6,Ratio of Pentavalent 3 to BCG,p
464,14,202503,Bd6E8zkVvVt,indicator_6,1.208676300225596,Auraiya,162,Kanpur Nagar Division,161,quality,immunization,indicator_6,Ratio of Pentavalent 3 to BCG,p
465,15,202503,Pm0jLk6EAiE,indicator_6,1.0754667574432428,Etawah,161,Kanpur Nagar Division,161,quality,immunization,indicator_6,Ratio of Pentavalent 3 to BCG,p
466,16,202503,uEEwlAGZXWW,indicator_6,1.0062245720606708,Farrukhabad,159,Kanpur Nagar Division,161,quality,immunization,indicator_6,Ratio of Pentavalent 3 to BCG,p
467,17,202503,IhQbDYRiF8w,indicator_6,1.0398486957892248,Kannauj,160,Kanpur Nagar Division,161,quality,immunization,indicator_6,Ratio of Pentavalent 3 to BCG,p
468,18,202503,NNk3JP90QZ5,indicator_6,0.9286612252556525,Sonbhadra,200,Mirzapur Division,200,quality,immunization,indicator_6,Ratio of Pentavalent 3 to BCG,p
469,19,202503,NL5xiiHZQSC,indicator_6,1.158178530330429,Jalaun,165,Jhansi Division,165,quality,immunization,indicator_6,Ratio of Pentavalent 3 to BCG,p
470,20,202503,k3D0AumUCiC,indicator_6,1.0858199753390876,Kanpur Dehat,163,Kanpur Nagar Division,161,quality,immunization,indicator_6,Ratio of Pentavalent 3 to BCG,p
471,21,202503,QVMRMhzVrrS,indicator_6,1.1788550650441723,Kanpur Nagar,164,Kanpur Nagar Division,161,quality,immunization,indicator_6,Ratio of Pentavalent 3 to BCG,p
472,22,202503,Tf9b9qcbghH,indicator_6,1.0166615011381974,Deoria,190,Gorakhpur Division,188,quality,immunization,indicator_6,Ratio of Pentavalent 3 to BCG,p
473,23,202503,Mq751wBMqGF,indicator_6,0.8756422816242477,Jhansi,166,Jhansi Division,165,quality,immunization,indicator_6,Ratio of Pentavalent 3 to BCG,p
474,24,202503,fagfcadhxej,indicator_6,1.075402452247894,Lalitpur,167,Jhansi Division,165,quality,immunization,indicator_6,Ratio of Pentavalent 3 to BCG,p
475,25,202503,vR85cHdsw1w,indicator_6,0.9954292877717602,Gorakhpur,188,Gorakhpur Division,188,quality,immunization,indicator_6,Ratio of Pentavalent 3 to BCG,p
476,26,202503,xUeHwd9FQkg,indicator_6,0.9142788525241818,Kushinagar,189,Gorakhpur Division,188,quality,immunization,indicator_6,Ratio of Pentavalent 3 to BCG,p
477,27,202503,iE0E3nLioFr,indicator_6,1.0103765053072493,Bahraich,180,Gonda Division,182,quality,immunization,indicator_6,Ratio of Pentavalent 3 to BCG,p
478,28,202503,AcnMkNGgc3S,indicator_6,1.088536240014961,Maharajganj,187,Gorakhpur Division,188,quality,immunization,indicator_6,Ratio of Pentavalent 3 to BCG,p
479,29,202503,uS0pNSxN3sS,indicator_6,1.0519337016574586,Balrampur,182,Gonda Division,182,quality,immunization,indicator_6,Ratio of Pentavalent 3 to BCG,p
480,30,202503,y8WarEkWCul,indicator_6,0.898931346875821,Gonda,183,Gonda Division,182,quality,immunization,indicator_6,Ratio of Pentavalent 3 to BCG,p
481,31,202503,DggJGxqbWHn,indicator_6,1.283739186959348,Banda,170,Chitrakoot Division,170,quality,immunization,indicator_6,Ratio of Pentavalent 3 to BCG,p
482,32,202503,i2fSZZ3QAJJ,indicator_6,1.1701233684963348,Chitrakoot,171,Chitrakoot Division,170,quality,immunization,indicator_6,Ratio of Pentavalent 3 to BCG,p
483,33,202503,VSI7HobT5qL,indicator_6,1.2485927795031055,Hamirpur,168,Chitrakoot Division,170,quality,immunization,indicator_6,Ratio of Pentavalent 3 to BCG,p
484,34,202503,oyTwneTbWDx,indicator_6,1.1316444444444445,Shrawasti,181,Gonda Division,182,quality,immunization,indicator_6,Ratio of Pentavalent 3 to BCG,p
485,35,202503,J1P16zQEOUT,indicator_6,0.9379959079794401,Basti,185,Basti Division,185,quality,immunization,indicator_6,Ratio of Pentavalent 3 to BCG,p
486,36,202503,fe1yBApr2sl,indicator_6,0.926482041057911,Sant Kabir Nagar,186,Basti Division,185,quality,immunization,indicator_6,Ratio of Pentavalent 3 to BCG,p
487,37,202503,cP0p8qfm3il,indicator_6,0.9633403741127666,Siddharth Nagar,184,Basti Division,185,quality,immunization,indicator_6,Ratio of Pentavalent 3 to BCG,p
488,38,202503,sUQMxIc3yXj,indicator_6,1.4366064043483397,Mahoba,169,Chitrakoot Division,170,quality,immunization,indicator_6,Ratio of Pentavalent 3 to BCG,p
489,39,202503,eA37kyBRRuZ,indicator_6,0.9569649135931773,Budaun,149,Bareilly Division,150,quality,immunization,indicator_6,Ratio of Pentavalent 3 to BCG,p
490,40,202503,vVqY3DPcpHf,indicator_6,0.8639330946722421,Bareilly,150,Bareilly Division,150,quality,immunization,indicator_6,Ratio of Pentavalent 3 to BCG,p
491,41,202503,NjckKfm3g0k,indicator_6,0.9541668324117905,Azamgarh,191,Azamgarh Division,193,quality,immunization,indicator_6,Ratio of Pentavalent 3 to BCG,p
492,42,202503,c96jwckSd6j,indicator_6,0.9185432394776918,Pilibhit,151,Bareilly Division,150,quality,immunization,indicator_6,Ratio of Pentavalent 3 to BCG,p
493,43,202503,GaiLSoQq1ue,indicator_6,0.9001554580689126,Shahjahanpur,152,Bareilly Division,150,quality,immunization,indicator_6,Ratio of Pentavalent 3 to BCG,p
494,44,202503,oNDvGBE5fLq,indicator_6,0.9344688528069617,Ballia,193,Azamgarh Division,193,quality,immunization,indicator_6,Ratio of Pentavalent 3 to BCG,p
495,45,202503,CBSB9v92AwT,indicator_6,0.9647571277719112,Maunathbhanjan,192,Azamgarh Division,193,quality,immunization,indicator_6,Ratio of Pentavalent 3 to BCG,p
496,46,202503,frD2HOp3wAs,indicator_6,0.863984980051631,Aligarh,143,Alligarh Division,201,quality,immunization,indicator_6,Ratio of Pentavalent 3 to BCG,p
497,47,202503,ZLcx4iOVyN5,indicator_6,1.0021437209131885,Etah,201,Alligarh Division,201,quality,immunization,indicator_6,Ratio of Pentavalent 3 to BCG,p
498,48,202503,m1IAjmqkoFC,indicator_6,1.0202621905310243,Hathras,144,Alligarh Division,201,quality,immunization,indicator_6,Ratio of Pentavalent 3 to BCG,p
499,49,202503,hITp09XOBLZ,indicator_6,0.9085298603778013,Kasganj,202,Alligarh Division,201,quality,immunization,indicator_6,Ratio of Pentavalent 3 to BCG,p
500,50,202503,HJIS3IrQ0Nj,indicator_6,0.9382215563585089,Bagpat,139,Meerut Division,140,quality,immunization,indicator_6,Ratio of Pentavalent 3 to BCG,p
501,51,202503,ogBt4gWCiem,indicator_6,0.8467208420143932,Bulandshahar,142,Meerut Division,140,quality,immunization,indicator_6,Ratio of Pentavalent 3 to BCG,p
502,52,202503,bNmwkrQeP3e,indicator_6,0.8456632826871977,Gautam Buddha Nagar,141,Meerut Division,140,quality,immunization,indicator_6,Ratio of Pentavalent 3 to BCG,p
503,53,202503,M5NHlfAaKYI,indicator_6,1.095401325295202,Ghaziabad,140,Meerut Division,140,quality,immunization,indicator_6,Ratio of Pentavalent 3 to BCG,p
504,54,202503,CZ8kLjgqvSH,indicator_6,0.8251125394188874,Hapur,204,Meerut Division,140,quality,immunization,indicator_6,Ratio of Pentavalent 3 to BCG,p
505,55,202503,v8YGmR7nOdj,indicator_6,0.916653104402311,Meerut,138,Meerut Division,140,quality,immunization,indicator_6,Ratio of Pentavalent 3 to BCG,p
506,56,202503,MTIkUw5q5pX,indicator_6,1.187078657088178,Hardoi,155,Lucknow Division,155,quality,immunization,indicator_6,Ratio of Pentavalent 3 to BCG,p
507,57,202503,d9ZuMopgX29,indicator_6,1.0348579912831075,Lakhimpur Kheri,153,Lucknow Division,155,quality,immunization,indicator_6,Ratio of Pentavalent 3 to BCG,p
508,58,202503,StsLkYw1G0m,indicator_6,1.026256962073277,Amethi,206,Ayodhya Division,176,quality,immunization,indicator_6,Ratio of Pentavalent 3 to BCG,p
509,59,202503,MfHac5N78aK,indicator_6,1.0518448399613036,Lucknow,157,Lucknow Division,155,quality,immunization,indicator_6,Ratio of Pentavalent 3 to BCG,p
510,60,202503,lLvTDpBDY8u,indicator_6,1.033867351635462,Rae Bareli,158,Lucknow Division,155,quality,immunization,indicator_6,Ratio of Pentavalent 3 to BCG,p
511,61,202503,XxaOowFtkiJ,indicator_6,1.151413033173313,Sitapur,154,Lucknow Division,155,quality,immunization,indicator_6,Ratio of Pentavalent 3 to BCG,p
512,62,202503,aT03mfdlNiF,indicator_6,1.293058278218493,Unnav,156,Lucknow Division,155,quality,immunization,indicator_6,Ratio of Pentavalent 3 to BCG,p
513,63,202503,ibLiLcaKzw2,indicator_6,0.949320581677441,Fatehpur,172,Prayagraj Division,172,quality,immunization,indicator_6,Ratio of Pentavalent 3 to BCG,p
514,64,202503,jM27ji8tyrM,indicator_6,0.9349528622513816,Ambedkar Nagar,178,Ayodhya Division,176,quality,immunization,indicator_6,Ratio of Pentavalent 3 to BCG,p
515,65,202503,b4XkXzoGqFY,indicator_6,1.0089567446752563,Ayodhya,177,Ayodhya Division,176,quality,immunization,indicator_6,Ratio of Pentavalent 3 to BCG,p
516,66,202503,tzH6nJu9SwS,indicator_6,1.0581249710070975,Barabanki,176,Ayodhya Division,176,quality,immunization,indicator_6,Ratio of Pentavalent 3 to BCG,p
517,67,202503,o4ZQTVcMI7U,indicator_6,1.104552858140076,Sultanpur,179,Ayodhya Division,176,quality,immunization,indicator_6,Ratio of Pentavalent 3 to BCG,p
518,68,202503,PAj0oVY0Dxu,indicator_6,0.9203170773737722,Kaushambi,174,Prayagraj Division,172,quality,immunization,indicator_6,Ratio of Pentavalent 3 to BCG,p
519,69,202503,fz7bJo3egPX,indicator_6,0.9352142937916996,Pratapgarh,173,Prayagraj Division,172,quality,immunization,indicator_6,Ratio of Pentavalent 3 to BCG,p
520,70,202503,tXgaew1Pd2Y,indicator_6,0.9986305903296854,Prayagraj,175,Prayagraj Division,172,quality,immunization,indicator_6,Ratio of Pentavalent 3 to BCG,p
521,71,202503,N5WWbRtsjWp,indicator_6,0.9321010746837165,Agra,146,Agra Division,146,quality,immunization,indicator_6,Ratio of Pentavalent 3 to BCG,p
522,72,202503,eJTsuE56XDF,indicator_6,1.0121869221717936,Firozabad,147,Agra Division,146,quality,immunization,indicator_6,Ratio of Pentavalent 3 to BCG,p
523,73,202503,XBLhrSWGytu,indicator_6,0.950022609755618,Mainpuri,148,Agra Division,146,quality,immunization,indicator_6,Ratio of Pentavalent 3 to BCG,p
524,74,202503,KP2BUB1npih,indicator_6,1.0591669910471,Mathura,145,Agra Division,146,quality,immunization,indicator_6,Ratio of Pentavalent 3 to BCG,p
525,0,202503,ClbehnmwSec,indicator_7,94.61651043565841,Chandauli,196,Varanasi Division,195,coverage,immunization,indicator_7,"% of children received full immunization (BCG, Penta 1, 2, 3, Measles)",p
526,1,202503,dScWdMRN8PL,indicator_7,98.2564132683266,Ghazipur,195,Varanasi Division,195,coverage,immunization,indicator_7,"% of children received full immunization (BCG, Penta 1, 2, 3, Measles)",p
527,2,202503,gmw76vAUMqz,indicator_7,95.9844877158583,Jaunpur,194,Varanasi Division,195,coverage,immunization,indicator_7,"% of children received full immunization (BCG, Penta 1, 2, 3, Measles)",p
528,3,202503,MVQs2RrS1Nw,indicator_7,100.0,Muzaffarnagar,133,Saharanpur Division,132,coverage,immunization,indicator_7,"% of children received full immunization (BCG, Penta 1, 2, 3, Measles)",p
529,4,202503,LeuBT7KfuuA,indicator_7,100.0,Varanasi,197,Varanasi Division,195,coverage,immunization,indicator_7,"% of children received full immunization (BCG, Penta 1, 2, 3, Measles)",p
530,5,202503,hgquAmZaNBu,indicator_7,100.0,Amroha,137,Moradabad Division,134,coverage,immunization,indicator_7,"% of children received full immunization (BCG, Penta 1, 2, 3, Measles)",p
531,6,202503,uCYjHW7FuGG,indicator_7,94.2147416081599,Bijnor,134,Moradabad Division,134,coverage,immunization,indicator_7,"% of children received full immunization (BCG, Penta 1, 2, 3, Measles)",p
532,7,202503,FKYZ3JbWq84,indicator_7,100.0,Saharanpur,132,Saharanpur Division,132,coverage,immunization,indicator_7,"% of children received full immunization (BCG, Penta 1, 2, 3, Measles)",p
533,8,202503,AdiUcz9BXhx,indicator_7,86.17039189371881,Shamli,203,Saharanpur Division,132,coverage,immunization,indicator_7,"% of children received full immunization (BCG, Penta 1, 2, 3, Measles)",p
534,9,202503,YQNQoPjAIpV,indicator_7,100.0,Moradabad,135,Moradabad Division,134,coverage,immunization,indicator_7,"% of children received full immunization (BCG, Penta 1, 2, 3, Measles)",p
535,10,202503,IU006h5U7jj,indicator_7,94.73803255454835,Rampur,136,Moradabad Division,134,coverage,immunization,indicator_7,"% of children received full immunization (BCG, Penta 1, 2, 3, Measles)",p
536,11,202503,PeUY1vj02UQ,indicator_7,90.67750894909372,Bhadohi,198,Mirzapur Division,200,coverage,immunization,indicator_7,"% of children received full immunization (BCG, Penta 1, 2, 3, Measles)",p
537,12,202503,UAicdMLyuk4,indicator_7,92.60235970701767,Mirzapur,199,Mirzapur Division,200,coverage,immunization,indicator_7,"% of children received full immunization (BCG, Penta 1, 2, 3, Measles)",p
538,13,202503,YzHpzrN0eLv,indicator_7,100.0,Sambhal,205,Moradabad Division,134,coverage,immunization,indicator_7,"% of children received full immunization (BCG, Penta 1, 2, 3, Measles)",p
539,14,202503,Bd6E8zkVvVt,indicator_7,100.0,Auraiya,162,Kanpur Nagar Division,161,coverage,immunization,indicator_7,"% of children received full immunization (BCG, Penta 1, 2, 3, Measles)",p
540,15,202503,Pm0jLk6EAiE,indicator_7,97.58223553299143,Etawah,161,Kanpur Nagar Division,161,coverage,immunization,indicator_7,"% of children received full immunization (BCG, Penta 1, 2, 3, Measles)",p
541,16,202503,uEEwlAGZXWW,indicator_7,93.57195616942074,Farrukhabad,159,Kanpur Nagar Division,161,coverage,immunization,indicator_7,"% of children received full immunization (BCG, Penta 1, 2, 3, Measles)",p
542,17,202503,IhQbDYRiF8w,indicator_7,95.2851398959644,Kannauj,160,Kanpur Nagar Division,161,coverage,immunization,indicator_7,"% of children received full immunization (BCG, Penta 1, 2, 3, Measles)",p
543,18,202503,NNk3JP90QZ5,indicator_7,89.02453390056027,Sonbhadra,200,Mirzapur Division,200,coverage,immunization,indicator_7,"% of children received full immunization (BCG, Penta 1, 2, 3, Measles)",p
544,19,202503,NL5xiiHZQSC,indicator_7,81.21783526167009,Jalaun,165,Jhansi Division,165,coverage,immunization,indicator_7,"% of children received full immunization (BCG, Penta 1, 2, 3, Measles)",p
545,20,202503,k3D0AumUCiC,indicator_7,92.9922543499363,Kanpur Dehat,163,Kanpur Nagar Division,161,coverage,immunization,indicator_7,"% of children received full immunization (BCG, Penta 1, 2, 3, Measles)",p
546,21,202503,QVMRMhzVrrS,indicator_7,95.49704814207132,Kanpur Nagar,164,Kanpur Nagar Division,161,coverage,immunization,indicator_7,"% of children received full immunization (BCG, Penta 1, 2, 3, Measles)",p
547,22,202503,Tf9b9qcbghH,indicator_7,100.0,Deoria,190,Gorakhpur Division,188,coverage,immunization,indicator_7,"% of children received full immunization (BCG, Penta 1, 2, 3, Measles)",p
548,23,202503,Mq751wBMqGF,indicator_7,94.79437612657551,Jhansi,166,Jhansi Division,165,coverage,immunization,indicator_7,"% of children received full immunization (BCG, Penta 1, 2, 3, Measles)",p
549,24,202503,fagfcadhxej,indicator_7,74.15090415228585,Lalitpur,167,Jhansi Division,165,coverage,immunization,indicator_7,"% of children received full immunization (BCG, Penta 1, 2, 3, Measles)",p
550,25,202503,vR85cHdsw1w,indicator_7,100.0,Gorakhpur,188,Gorakhpur Division,188,coverage,immunization,indicator_7,"% of children received full immunization (BCG, Penta 1, 2, 3, Measles)",p
551,26,202503,xUeHwd9FQkg,indicator_7,92.16704806029954,Kushinagar,189,Gorakhpur Division,188,coverage,immunization,indicator_7,"% of children received full immunization (BCG, Penta 1, 2, 3, Measles)",p
552,27,202503,iE0E3nLioFr,indicator_7,100.0,Bahraich,180,Gonda Division,182,coverage,immunization,indicator_7,"% of children received full immunization (BCG, Penta 1, 2, 3, Measles)",p
553,28,202503,AcnMkNGgc3S,indicator_7,97.59808081646746,Maharajganj,187,Gorakhpur Division,188,coverage,immunization,indicator_7,"% of children received full immunization (BCG, Penta 1, 2, 3, Measles)",p
554,29,202503,uS0pNSxN3sS,indicator_7,100.0,Balrampur,182,Gonda Division,182,coverage,immunization,indicator_7,"% of children received full immunization (BCG, Penta 1, 2, 3, Measles)",p
555,30,202503,y8WarEkWCul,indicator_7,96.95900191126563,Gonda,183,Gonda Division,182,coverage,immunization,indicator_7,"% of children received full immunization (BCG, Penta 1, 2, 3, Measles)",p
556,31,202503,DggJGxqbWHn,indicator_7,91.21920414737006,Banda,170,Chitrakoot Division,170,coverage,immunization,indicator_7,"% of children received full immunization (BCG, Penta 1, 2, 3, Measles)",p
557,32,202503,i2fSZZ3QAJJ,indicator_7,93.52839297768071,Chitrakoot,171,Chitrakoot Division,170,coverage,immunization,indicator_7,"% of children received full immunization (BCG, Penta 1, 2, 3, Measles)",p
558,33,202503,VSI7HobT5qL,indicator_7,88.5045805992804,Hamirpur,168,Chitrakoot Division,170,coverage,immunization,indicator_7,"% of children received full immunization (BCG, Penta 1, 2, 3, Measles)",p
559,34,202503,oyTwneTbWDx,indicator_7,100.0,Shrawasti,181,Gonda Division,182,coverage,immunization,indicator_7,"% of children received full immunization (BCG, Penta 1, 2, 3, Measles)",p
560,35,202503,J1P16zQEOUT,indicator_7,96.76126604138543,Basti,185,Basti Division,185,coverage,immunization,indicator_7,"% of children received full immunization (BCG, Penta 1, 2, 3, Measles)",p
561,36,202503,fe1yBApr2sl,indicator_7,98.12943335485029,Sant Kabir Nagar,186,Basti Division,185,coverage,immunization,indicator_7,"% of children received full immunization (BCG, Penta 1, 2, 3, Measles)",p
562,37,202503,cP0p8qfm3il,indicator_7,95.45023445448557,Siddharth Nagar,184,Basti Division,185,coverage,immunization,indicator_7,"% of children received full immunization (BCG, Penta 1, 2, 3, Measles)",p
563,38,202503,sUQMxIc3yXj,indicator_7,95.15230326326942,Mahoba,169,Chitrakoot Division,170,coverage,immunization,indicator_7,"% of children received full immunization (BCG, Penta 1, 2, 3, Measles)",p
564,39,202503,eA37kyBRRuZ,indicator_7,98.08480033626161,Budaun,149,Bareilly Division,150,coverage,immunization,indicator_7,"% of children received full immunization (BCG, Penta 1, 2, 3, Measles)",p
565,40,202503,vVqY3DPcpHf,indicator_7,100.0,Bareilly,150,Bareilly Division,150,coverage,immunization,indicator_7,"% of children received full immunization (BCG, Penta 1, 2, 3, Measles)",p
566,41,202503,NjckKfm3g0k,indicator_7,90.97948187208517,Azamgarh,191,Azamgarh Division,193,coverage,immunization,indicator_7,"% of children received full immunization (BCG, Penta 1, 2, 3, Measles)",p
567,42,202503,c96jwckSd6j,indicator_7,94.95352301897823,Pilibhit,151,Bareilly Division,150,coverage,immunization,indicator_7,"% of children received full immunization (BCG, Penta 1, 2, 3, Measles)",p
568,43,202503,GaiLSoQq1ue,indicator_7,92.6918692711886,Shahjahanpur,152,Bareilly Division,150,coverage,immunization,indicator_7,"% of children received full immunization (BCG, Penta 1, 2, 3, Measles)",p
569,44,202503,oNDvGBE5fLq,indicator_7,94.92634586179398,Ballia,193,Azamgarh Division,193,coverage,immunization,indicator_7,"% of children received full immunization (BCG, Penta 1, 2, 3, Measles)",p
570,45,202503,CBSB9v92AwT,indicator_7,100.0,Maunathbhanjan,192,Azamgarh Division,193,coverage,immunization,indicator_7,"% of children received full immunization (BCG, Penta 1, 2, 3, Measles)",p
571,46,202503,frD2HOp3wAs,indicator_7,88.43719611281686,Aligarh,143,Alligarh Division,201,coverage,immunization,indicator_7,"% of children received full immunization (BCG, Penta 1, 2, 3, Measles)",p
572,47,202503,ZLcx4iOVyN5,indicator_7,100.0,Etah,201,Alligarh Division,201,coverage,immunization,indicator_7,"% of children received full immunization (BCG, Penta 1, 2, 3, Measles)",p
573,48,202503,m1IAjmqkoFC,indicator_7,100.0,Hathras,144,Alligarh Division,201,coverage,immunization,indicator_7,"% of children received full immunization (BCG, Penta 1, 2, 3, Measles)",p
574,49,202503,hITp09XOBLZ,indicator_7,92.70586077567194,Kasganj,202,Alligarh Division,201,coverage,immunization,indicator_7,"% of children received full immunization (BCG, Penta 1, 2, 3, Measles)",p
575,50,202503,HJIS3IrQ0Nj,indicator_7,93.4732577105065,Bagpat,139,Meerut Division,140,coverage,immunization,indicator_7,"% of children received full immunization (BCG, Penta 1, 2, 3, Measles)",p
576,51,202503,ogBt4gWCiem,indicator_7,100.0,Bulandshahar,142,Meerut Division,140,coverage,immunization,indicator_7,"% of children received full immunization (BCG, Penta 1, 2, 3, Measles)",p
577,52,202503,bNmwkrQeP3e,indicator_7,100.0,Gautam Buddha Nagar,141,Meerut Division,140,coverage,immunization,indicator_7,"% of children received full immunization (BCG, Penta 1, 2, 3, Measles)",p
578,53,202503,M5NHlfAaKYI,indicator_7,100.0,Ghaziabad,140,Meerut Division,140,coverage,immunization,indicator_7,"% of children received full immunization (BCG, Penta 1, 2, 3, Measles)",p
579,54,202503,CZ8kLjgqvSH,indicator_7,96.68420606671316,Hapur,204,Meerut Division,140,coverage,immunization,indicator_7,"% of children received full immunization (BCG, Penta 1, 2, 3, Measles)",p
580,55,202503,v8YGmR7nOdj,indicator_7,92.03437047692017,Meerut,138,Meerut Division,140,coverage,immunization,indicator_7,"% of children received full immunization (BCG, Penta 1, 2, 3, Measles)",p
581,56,202503,MTIkUw5q5pX,indicator_7,95.08481865392245,Hardoi,155,Lucknow Division,155,coverage,immunization,indicator_7,"% of children received full immunization (BCG, Penta 1, 2, 3, Measles)",p
582,57,202503,d9ZuMopgX29,indicator_7,97.5150047999787,Lakhimpur Kheri,153,Lucknow Division,155,coverage,immunization,indicator_7,"% of children received full immunization (BCG, Penta 1, 2, 3, Measles)",p
583,58,202503,StsLkYw1G0m,indicator_7,93.24628547796979,Amethi,206,Ayodhya Division,176,coverage,immunization,indicator_7,"% of children received full immunization (BCG, Penta 1, 2, 3, Measles)",p
584,59,202503,MfHac5N78aK,indicator_7,100.0,Lucknow,157,Lucknow Division,155,coverage,immunization,indicator_7,"% of children received full immunization (BCG, Penta 1, 2, 3, Measles)",p
585,60,202503,lLvTDpBDY8u,indicator_7,96.89975989404954,Rae Bareli,158,Lucknow Division,155,coverage,immunization,indicator_7,"% of children received full immunization (BCG, Penta 1, 2, 3, Measles)",p
586,61,202503,XxaOowFtkiJ,indicator_7,92.6826878213872,Sitapur,154,Lucknow Division,155,coverage,immunization,indicator_7,"% of children received full immunization (BCG, Penta 1, 2, 3, Measles)",p
587,62,202503,aT03mfdlNiF,indicator_7,95.67386345585275,Unnav,156,Lucknow Division,155,coverage,immunization,indicator_7,"% of children received full immunization (BCG, Penta 1, 2, 3, Measles)",p
588,63,202503,ibLiLcaKzw2,indicator_7,95.18571067910635,Fatehpur,172,Prayagraj Division,172,coverage,immunization,indicator_7,"% of children received full immunization (BCG, Penta 1, 2, 3, Measles)",p
589,64,202503,jM27ji8tyrM,indicator_7,93.43764728740413,Ambedkar Nagar,178,Ayodhya Division,176,coverage,immunization,indicator_7,"% of children received full immunization (BCG, Penta 1, 2, 3, Measles)",p
590,65,202503,b4XkXzoGqFY,indicator_7,88.61057076413087,Ayodhya,177,Ayodhya Division,176,coverage,immunization,indicator_7,"% of children received full immunization (BCG, Penta 1, 2, 3, Measles)",p
591,66,202503,tzH6nJu9SwS,indicator_7,95.85846378614636,Barabanki,176,Ayodhya Division,176,coverage,immunization,indicator_7,"% of children received full immunization (BCG, Penta 1, 2, 3, Measles)",p
592,67,202503,o4ZQTVcMI7U,indicator_7,93.25575470493655,Sultanpur,179,Ayodhya Division,176,coverage,immunization,indicator_7,"% of children received full immunization (BCG, Penta 1, 2, 3, Measles)",p
593,68,202503,PAj0oVY0Dxu,indicator_7,97.11833217057237,Kaushambi,174,Prayagraj Division,172,coverage,immunization,indicator_7,"% of children received full immunization (BCG, Penta 1, 2, 3, Measles)",p
594,69,202503,fz7bJo3egPX,indicator_7,93.89738130357654,Pratapgarh,173,Prayagraj Division,172,coverage,immunization,indicator_7,"% of children received full immunization (BCG, Penta 1, 2, 3, Measles)",p
595,70,202503,tXgaew1Pd2Y,indicator_7,98.40254115991482,Prayagraj,175,Prayagraj Division,172,coverage,immunization,indicator_7,"% of children received full immunization (BCG, Penta 1, 2, 3, Measles)",p
596,71,202503,N5WWbRtsjWp,indicator_7,90.08765758563038,Agra,146,Agra Division,146,coverage,immunization,indicator_7,"% of children received full immunization (BCG, Penta 1, 2, 3, Measles)",p
597,72,202503,eJTsuE56XDF,indicator_7,100.0,Firozabad,147,Agra Division,146,coverage,immunization,indicator_7,"% of children received full immunization (BCG, Penta 1, 2, 3, Measles)",p
598,73,202503,XBLhrSWGytu,indicator_7,94.65201159730395,Mainpuri,148,Agra Division,146,coverage,immunization,indicator_7,"% of children received full immunization (BCG, Penta 1, 2, 3, Measles)",p
599,74,202503,KP2BUB1npih,indicator_7,91.6585958902282,Mathura,145,Agra Division,146,coverage,immunization,indicator_7,"% of children received full immunization (BCG, Penta 1, 2, 3, Measles)",p
750,71,202503,ClbehnmwSec,indicator_10,16.80952380952381,Chandauli,196,Varanasi Division,195,quality,communicable_diseases,indicator_10,Total case notification rate of TB against expected TB cases,p
751,72,202503,dScWdMRN8PL,indicator_10,18.06615776081425,Ghazipur,195,Varanasi Division,195,quality,communicable_diseases,indicator_10,Total case notification rate of TB against expected TB cases,p
752,73,202503,gmw76vAUMqz,indicator_10,20.649959250203747,Jaunpur,194,Varanasi Division,195,quality,communicable_diseases,indicator_10,Total case notification rate of TB against expected TB cases,p
753,68,202503,MVQs2RrS1Nw,indicator_10,15.8971243418388,Muzaffarnagar,133,Saharanpur Division,132,quality,communicable_diseases,indicator_10,Total case notification rate of TB against expected TB cases,p
754,74,202503,LeuBT7KfuuA,indicator_10,16.28666238492828,Varanasi,197,Varanasi Division,195,quality,communicable_diseases,indicator_10,Total case notification rate of TB against expected TB cases,p
755,59,202503,hgquAmZaNBu,indicator_10,20.993117010816125,Amroha,137,Moradabad Division,134,quality,communicable_diseases,indicator_10,Total case notification rate of TB against expected TB cases,p
756,60,202503,uCYjHW7FuGG,indicator_10,18.31911869225302,Bijnor,134,Moradabad Division,134,quality,communicable_diseases,indicator_10,Total case notification rate of TB against expected TB cases,p
757,69,202503,FKYZ3JbWq84,indicator_10,17.07282913165266,Saharanpur,132,Saharanpur Division,132,quality,communicable_diseases,indicator_10,Total case notification rate of TB against expected TB cases,p
758,70,202503,AdiUcz9BXhx,indicator_10,16.466466466466468,Shamli,203,Saharanpur Division,132,quality,communicable_diseases,indicator_10,Total case notification rate of TB against expected TB cases,p
759,61,202503,YQNQoPjAIpV,indicator_10,18.884565499351492,Moradabad,135,Moradabad Division,134,quality,communicable_diseases,indicator_10,Total case notification rate of TB against expected TB cases,p
760,62,202503,IU006h5U7jj,indicator_10,17.836792836792835,Rampur,136,Moradabad Division,134,quality,communicable_diseases,indicator_10,Total case notification rate of TB against expected TB cases,p
761,56,202503,PeUY1vj02UQ,indicator_10,17.264150943396224,Bhadohi,198,Mirzapur Division,200,quality,communicable_diseases,indicator_10,Total case notification rate of TB against expected TB cases,p
762,57,202503,UAicdMLyuk4,indicator_10,17.77489925158319,Mirzapur,199,Mirzapur Division,200,quality,communicable_diseases,indicator_10,Total case notification rate of TB against expected TB cases,p
763,63,202503,YzHpzrN0eLv,indicator_10,21.044098573281453,Sambhal,205,Moradabad Division,134,quality,communicable_diseases,indicator_10,Total case notification rate of TB against expected TB cases,p
764,38,202503,Bd6E8zkVvVt,indicator_10,17.82485875706215,Auraiya,162,Kanpur Nagar Division,161,quality,communicable_diseases,indicator_10,Total case notification rate of TB against expected TB cases,p
765,39,202503,Pm0jLk6EAiE,indicator_10,22.195042400521853,Etawah,161,Kanpur Nagar Division,161,quality,communicable_diseases,indicator_10,Total case notification rate of TB against expected TB cases,p
766,40,202503,uEEwlAGZXWW,indicator_10,16.825019794140932,Farrukhabad,159,Kanpur Nagar Division,161,quality,communicable_diseases,indicator_10,Total case notification rate of TB against expected TB cases,p
767,41,202503,IhQbDYRiF8w,indicator_10,23.24561403508772,Kannauj,160,Kanpur Nagar Division,161,quality,communicable_diseases,indicator_10,Total case notification rate of TB against expected TB cases,p
768,58,202503,NNk3JP90QZ5,indicator_10,17.81756180733163,Sonbhadra,200,Mirzapur Division,200,quality,communicable_diseases,indicator_10,Total case notification rate of TB against expected TB cases,p
769,35,202503,NL5xiiHZQSC,indicator_10,18.847736625514404,Jalaun,165,Jhansi Division,165,quality,communicable_diseases,indicator_10,Total case notification rate of TB against expected TB cases,p
770,42,202503,k3D0AumUCiC,indicator_10,18.11391223155929,Kanpur Dehat,163,Kanpur Nagar Division,161,quality,communicable_diseases,indicator_10,Total case notification rate of TB against expected TB cases,p
771,43,202503,QVMRMhzVrrS,indicator_10,16.881361323155218,Kanpur Nagar,164,Kanpur Nagar Division,161,quality,communicable_diseases,indicator_10,Total case notification rate of TB against expected TB cases,p
772,31,202503,Tf9b9qcbghH,indicator_10,16.51376146788991,Deoria,190,Gorakhpur Division,188,quality,communicable_diseases,indicator_10,Total case notification rate of TB against expected TB cases,p
773,36,202503,Mq751wBMqGF,indicator_10,15.977777777777776,Jhansi,166,Jhansi Division,165,quality,communicable_diseases,indicator_10,Total case notification rate of TB against expected TB cases,p
774,37,202503,fagfcadhxej,indicator_10,17.114236999147487,Lalitpur,167,Jhansi Division,165,quality,communicable_diseases,indicator_10,Total case notification rate of TB against expected TB cases,p
775,32,202503,vR85cHdsw1w,indicator_10,21.863659927423534,Gorakhpur,188,Gorakhpur Division,188,quality,communicable_diseases,indicator_10,Total case notification rate of TB against expected TB cases,p
776,33,202503,xUeHwd9FQkg,indicator_10,17.84253578732106,Kushinagar,189,Gorakhpur Division,188,quality,communicable_diseases,indicator_10,Total case notification rate of TB against expected TB cases,p
777,27,202503,iE0E3nLioFr,indicator_10,19.805455274769354,Bahraich,180,Gonda Division,182,quality,communicable_diseases,indicator_10,Total case notification rate of TB against expected TB cases,p
778,34,202503,AcnMkNGgc3S,indicator_10,22.009408602150536,Maharajganj,187,Gorakhpur Division,188,quality,communicable_diseases,indicator_10,Total case notification rate of TB against expected TB cases,p
779,28,202503,uS0pNSxN3sS,indicator_10,20.478927203065133,Balrampur,182,Gonda Division,182,quality,communicable_diseases,indicator_10,Total case notification rate of TB against expected TB cases,p
780,29,202503,y8WarEkWCul,indicator_10,20.023002927645337,Gonda,183,Gonda Division,182,quality,communicable_diseases,indicator_10,Total case notification rate of TB against expected TB cases,p
781,23,202503,DggJGxqbWHn,indicator_10,17.133781763826608,Banda,170,Chitrakoot Division,170,quality,communicable_diseases,indicator_10,Total case notification rate of TB against expected TB cases,p
782,24,202503,i2fSZZ3QAJJ,indicator_10,20.27116402116402,Chitrakoot,171,Chitrakoot Division,170,quality,communicable_diseases,indicator_10,Total case notification rate of TB against expected TB cases,p
783,25,202503,VSI7HobT5qL,indicator_10,16.557377049180328,Hamirpur,168,Chitrakoot Division,170,quality,communicable_diseases,indicator_10,Total case notification rate of TB against expected TB cases,p
784,30,202503,oyTwneTbWDx,indicator_10,23.286604361370717,Shrawasti,181,Gonda Division,182,quality,communicable_diseases,indicator_10,Total case notification rate of TB against expected TB cases,p
785,20,202503,J1P16zQEOUT,indicator_10,17.783769902413972,Basti,185,Basti Division,185,quality,communicable_diseases,indicator_10,Total case notification rate of TB against expected TB cases,p
786,21,202503,fe1yBApr2sl,indicator_10,21.71474358974359,Sant Kabir Nagar,186,Basti Division,185,quality,communicable_diseases,indicator_10,Total case notification rate of TB against expected TB cases,p
787,22,202503,cP0p8qfm3il,indicator_10,35.714285714285715,Siddharth Nagar,184,Basti Division,185,quality,communicable_diseases,indicator_10,Total case notification rate of TB against expected TB cases,p
788,26,202503,sUQMxIc3yXj,indicator_10,17.105263157894736,Mahoba,169,Chitrakoot Division,170,quality,communicable_diseases,indicator_10,Total case notification rate of TB against expected TB cases,p
789,16,202503,eA37kyBRRuZ,indicator_10,18.32591768631813,Budaun,149,Bareilly Division,150,quality,communicable_diseases,indicator_10,Total case notification rate of TB against expected TB cases,p
790,17,202503,vVqY3DPcpHf,indicator_10,16.30228136882129,Bareilly,150,Bareilly Division,150,quality,communicable_diseases,indicator_10,Total case notification rate of TB against expected TB cases,p
791,13,202503,NjckKfm3g0k,indicator_10,18.175778283978737,Azamgarh,191,Azamgarh Division,193,quality,communicable_diseases,indicator_10,Total case notification rate of TB against expected TB cases,p
792,18,202503,c96jwckSd6j,indicator_10,22.45011086474501,Pilibhit,151,Bareilly Division,150,quality,communicable_diseases,indicator_10,Total case notification rate of TB against expected TB cases,p
793,19,202503,GaiLSoQq1ue,indicator_10,17.136524822695034,Shahjahanpur,152,Bareilly Division,150,quality,communicable_diseases,indicator_10,Total case notification rate of TB against expected TB cases,p
794,14,202503,oNDvGBE5fLq,indicator_10,19.54446262956901,Ballia,193,Azamgarh Division,193,quality,communicable_diseases,indicator_10,Total case notification rate of TB against expected TB cases,p
795,15,202503,CBSB9v92AwT,indicator_10,21.256895193065407,Maunathbhanjan,192,Azamgarh Division,193,quality,communicable_diseases,indicator_10,Total case notification rate of TB against expected TB cases,p
796,4,202503,frD2HOp3wAs,indicator_10,19.076120319214244,Aligarh,143,Alligarh Division,201,quality,communicable_diseases,indicator_10,Total case notification rate of TB against expected TB cases,p
797,5,202503,ZLcx4iOVyN5,indicator_10,21.264832793959005,Etah,201,Alligarh Division,201,quality,communicable_diseases,indicator_10,Total case notification rate of TB against expected TB cases,p
798,6,202503,m1IAjmqkoFC,indicator_10,18.96551724137931,Hathras,144,Alligarh Division,201,quality,communicable_diseases,indicator_10,Total case notification rate of TB against expected TB cases,p
799,7,202503,hITp09XOBLZ,indicator_10,16.743827160493826,Kasganj,202,Alligarh Division,201,quality,communicable_diseases,indicator_10,Total case notification rate of TB against expected TB cases,p
800,50,202503,HJIS3IrQ0Nj,indicator_10,20.982627578718784,Bagpat,139,Meerut Division,140,quality,communicable_diseases,indicator_10,Total case notification rate of TB against expected TB cases,p
801,51,202503,ogBt4gWCiem,indicator_10,17.209631728045327,Bulandshahar,142,Meerut Division,140,quality,communicable_diseases,indicator_10,Total case notification rate of TB against expected TB cases,p
802,52,202503,bNmwkrQeP3e,indicator_10,18.143690736688548,Gautam Buddha Nagar,141,Meerut Division,140,quality,communicable_diseases,indicator_10,Total case notification rate of TB against expected TB cases,p
803,53,202503,M5NHlfAaKYI,indicator_10,18.580517313308302,Ghaziabad,140,Meerut Division,140,quality,communicable_diseases,indicator_10,Total case notification rate of TB against expected TB cases,p
804,54,202503,CZ8kLjgqvSH,indicator_10,17.461340206185564,Hapur,204,Meerut Division,140,quality,communicable_diseases,indicator_10,Total case notification rate of TB against expected TB cases,p
805,55,202503,v8YGmR7nOdj,indicator_10,18.949120304327153,Meerut,138,Meerut Division,140,quality,communicable_diseases,indicator_10,Total case notification rate of TB against expected TB cases,p
806,44,202503,MTIkUw5q5pX,indicator_10,19.734513274336283,Hardoi,155,Lucknow Division,155,quality,communicable_diseases,indicator_10,Total case notification rate of TB against expected TB cases,p
807,45,202503,d9ZuMopgX29,indicator_10,17.16441875401413,Lakhimpur Kheri,153,Lucknow Division,155,quality,communicable_diseases,indicator_10,Total case notification rate of TB against expected TB cases,p
808,9,202503,StsLkYw1G0m,indicator_10,24.947589098532493,Amethi,206,Ayodhya Division,176,quality,communicable_diseases,indicator_10,Total case notification rate of TB against expected TB cases,p
809,46,202503,MfHac5N78aK,indicator_10,17.91453356086462,Lucknow,157,Lucknow Division,155,quality,communicable_diseases,indicator_10,Total case notification rate of TB against expected TB cases,p
810,47,202503,lLvTDpBDY8u,indicator_10,20.43010752688172,Rae Bareli,158,Lucknow Division,155,quality,communicable_diseases,indicator_10,Total case notification rate of TB against expected TB cases,p
811,48,202503,XxaOowFtkiJ,indicator_10,17.918263090676884,Sitapur,154,Lucknow Division,155,quality,communicable_diseases,indicator_10,Total case notification rate of TB against expected TB cases,p
812,49,202503,aT03mfdlNiF,indicator_10,18.73289545703339,Unnav,156,Lucknow Division,155,quality,communicable_diseases,indicator_10,Total case notification rate of TB against expected TB cases,p
813,64,202503,ibLiLcaKzw2,indicator_10,19.024024024024026,Fatehpur,172,Prayagraj Division,172,quality,communicable_diseases,indicator_10,Total case notification rate of TB against expected TB cases,p
814,8,202503,jM27ji8tyrM,indicator_10,18.2559087204564,Ambedkar Nagar,178,Ayodhya Division,176,quality,communicable_diseases,indicator_10,Total case notification rate of TB against expected TB cases,p
815,10,202503,b4XkXzoGqFY,indicator_10,21.272264631043257,Ayodhya,177,Ayodhya Division,176,quality,communicable_diseases,indicator_10,Total case notification rate of TB against expected TB cases,p
816,11,202503,tzH6nJu9SwS,indicator_10,17.28313518273888,Barabanki,176,Ayodhya Division,176,quality,communicable_diseases,indicator_10,Total case notification rate of TB against expected TB cases,p
817,12,202503,o4ZQTVcMI7U,indicator_10,20.61051693404635,Sultanpur,179,Ayodhya Division,176,quality,communicable_diseases,indicator_10,Total case notification rate of TB against expected TB cases,p
818,65,202503,PAj0oVY0Dxu,indicator_10,18.812375249501,Kaushambi,174,Prayagraj Division,172,quality,communicable_diseases,indicator_10,Total case notification rate of TB against expected TB cases,p
819,66,202503,fz7bJo3egPX,indicator_10,16.919642857142858,Pratapgarh,173,Prayagraj Division,172,quality,communicable_diseases,indicator_10,Total case notification rate of TB against expected TB cases,p
820,67,202503,tXgaew1Pd2Y,indicator_10,16.145833333333336,Prayagraj,175,Prayagraj Division,172,quality,communicable_diseases,indicator_10,Total case notification rate of TB against expected TB cases,p
821,0,202503,N5WWbRtsjWp,indicator_10,17.50848896434635,Agra,146,Agra Division,146,quality,communicable_diseases,indicator_10,Total case notification rate of TB against expected TB cases,p
822,1,202503,eJTsuE56XDF,indicator_10,18.70179948586118,Firozabad,147,Agra Division,146,quality,communicable_diseases,indicator_10,Total case notification rate of TB against expected TB cases,p
823,2,202503,XBLhrSWGytu,indicator_10,21.860885275519422,Mainpuri,148,Agra Division,146,quality,communicable_diseases,indicator_10,Total case notification rate of TB against expected TB cases,p
824,3,202503,KP2BUB1npih,indicator_10,20.473174366616988,Mathura,145,Agra Division,146,quality,communicable_diseases,indicator_10,Total case notification rate of TB against expected TB cases,p
825,0,202503,ClbehnmwSec,indicator_11,100.0,Chandauli,196,Varanasi Division,195,coverage,communicable_diseases,indicator_11,% of PW screened for HIV against estimated pregnancy,p
826,1,202503,dScWdMRN8PL,indicator_11,100.0,Ghazipur,195,Varanasi Division,195,coverage,communicable_diseases,indicator_11,% of PW screened for HIV against estimated pregnancy,p
827,2,202503,gmw76vAUMqz,indicator_11,100.0,Jaunpur,194,Varanasi Division,195,coverage,communicable_diseases,indicator_11,% of PW screened for HIV against estimated pregnancy,p
828,3,202503,MVQs2RrS1Nw,indicator_11,100.0,Muzaffarnagar,133,Saharanpur Division,132,coverage,communicable_diseases,indicator_11,% of PW screened for HIV against estimated pregnancy,p
829,4,202503,LeuBT7KfuuA,indicator_11,100.0,Varanasi,197,Varanasi Division,195,coverage,communicable_diseases,indicator_11,% of PW screened for HIV against estimated pregnancy,p
830,5,202503,hgquAmZaNBu,indicator_11,100.0,Amroha,137,Moradabad Division,134,coverage,communicable_diseases,indicator_11,% of PW screened for HIV against estimated pregnancy,p
831,6,202503,uCYjHW7FuGG,indicator_11,100.0,Bijnor,134,Moradabad Division,134,coverage,communicable_diseases,indicator_11,% of PW screened for HIV against estimated pregnancy,p
832,7,202503,FKYZ3JbWq84,indicator_11,100.0,Saharanpur,132,Saharanpur Division,132,coverage,communicable_diseases,indicator_11,% of PW screened for HIV against estimated pregnancy,p
833,8,202503,AdiUcz9BXhx,indicator_11,99.58824433582582,Shamli,203,Saharanpur Division,132,coverage,communicable_diseases,indicator_11,% of PW screened for HIV against estimated pregnancy,p
834,9,202503,YQNQoPjAIpV,indicator_11,100.0,Moradabad,135,Moradabad Division,134,coverage,communicable_diseases,indicator_11,% of PW screened for HIV against estimated pregnancy,p
835,10,202503,IU006h5U7jj,indicator_11,100.0,Rampur,136,Moradabad Division,134,coverage,communicable_diseases,indicator_11,% of PW screened for HIV against estimated pregnancy,p
836,11,202503,PeUY1vj02UQ,indicator_11,100.0,Bhadohi,198,Mirzapur Division,200,coverage,communicable_diseases,indicator_11,% of PW screened for HIV against estimated pregnancy,p
837,12,202503,UAicdMLyuk4,indicator_11,100.0,Mirzapur,199,Mirzapur Division,200,coverage,communicable_diseases,indicator_11,% of PW screened for HIV against estimated pregnancy,p
838,13,202503,YzHpzrN0eLv,indicator_11,100.0,Sambhal,205,Moradabad Division,134,coverage,communicable_diseases,indicator_11,% of PW screened for HIV against estimated pregnancy,p
839,14,202503,Bd6E8zkVvVt,indicator_11,100.0,Auraiya,162,Kanpur Nagar Division,161,coverage,communicable_diseases,indicator_11,% of PW screened for HIV against estimated pregnancy,p
840,15,202503,Pm0jLk6EAiE,indicator_11,100.0,Etawah,161,Kanpur Nagar Division,161,coverage,communicable_diseases,indicator_11,% of PW screened for HIV against estimated pregnancy,p
841,16,202503,uEEwlAGZXWW,indicator_11,100.0,Farrukhabad,159,Kanpur Nagar Division,161,coverage,communicable_diseases,indicator_11,% of PW screened for HIV against estimated pregnancy,p
842,17,202503,IhQbDYRiF8w,indicator_11,100.0,Kannauj,160,Kanpur Nagar Division,161,coverage,communicable_diseases,indicator_11,% of PW screened for HIV against estimated pregnancy,p
843,18,202503,NNk3JP90QZ5,indicator_11,100.0,Sonbhadra,200,Mirzapur Division,200,coverage,communicable_diseases,indicator_11,% of PW screened for HIV against estimated pregnancy,p
844,19,202503,NL5xiiHZQSC,indicator_11,100.0,Jalaun,165,Jhansi Division,165,coverage,communicable_diseases,indicator_11,% of PW screened for HIV against estimated pregnancy,p
845,20,202503,k3D0AumUCiC,indicator_11,100.0,Kanpur Dehat,163,Kanpur Nagar Division,161,coverage,communicable_diseases,indicator_11,% of PW screened for HIV against estimated pregnancy,p
846,21,202503,QVMRMhzVrrS,indicator_11,99.71103317008429,Kanpur Nagar,164,Kanpur Nagar Division,161,coverage,communicable_diseases,indicator_11,% of PW screened for HIV against estimated pregnancy,p
847,22,202503,Tf9b9qcbghH,indicator_11,100.0,Deoria,190,Gorakhpur Division,188,coverage,communicable_diseases,indicator_11,% of PW screened for HIV against estimated pregnancy,p
848,23,202503,Mq751wBMqGF,indicator_11,100.0,Jhansi,166,Jhansi Division,165,coverage,communicable_diseases,indicator_11,% of PW screened for HIV against estimated pregnancy,p
849,24,202503,fagfcadhxej,indicator_11,100.0,Lalitpur,167,Jhansi Division,165,coverage,communicable_diseases,indicator_11,% of PW screened for HIV against estimated pregnancy,p
850,25,202503,vR85cHdsw1w,indicator_11,100.0,Gorakhpur,188,Gorakhpur Division,188,coverage,communicable_diseases,indicator_11,% of PW screened for HIV against estimated pregnancy,p
851,26,202503,xUeHwd9FQkg,indicator_11,96.69563839831886,Kushinagar,189,Gorakhpur Division,188,coverage,communicable_diseases,indicator_11,% of PW screened for HIV against estimated pregnancy,p
852,27,202503,iE0E3nLioFr,indicator_11,100.0,Bahraich,180,Gonda Division,182,coverage,communicable_diseases,indicator_11,% of PW screened for HIV against estimated pregnancy,p
853,28,202503,AcnMkNGgc3S,indicator_11,100.0,Maharajganj,187,Gorakhpur Division,188,coverage,communicable_diseases,indicator_11,% of PW screened for HIV against estimated pregnancy,p
854,29,202503,uS0pNSxN3sS,indicator_11,100.0,Balrampur,182,Gonda Division,182,coverage,communicable_diseases,indicator_11,% of PW screened for HIV against estimated pregnancy,p
855,30,202503,y8WarEkWCul,indicator_11,100.0,Gonda,183,Gonda Division,182,coverage,communicable_diseases,indicator_11,% of PW screened for HIV against estimated pregnancy,p
856,31,202503,DggJGxqbWHn,indicator_11,100.0,Banda,170,Chitrakoot Division,170,coverage,communicable_diseases,indicator_11,% of PW screened for HIV against estimated pregnancy,p
857,32,202503,i2fSZZ3QAJJ,indicator_11,99.22657006147372,Chitrakoot,171,Chitrakoot Division,170,coverage,communicable_diseases,indicator_11,% of PW screened for HIV against estimated pregnancy,p
858,33,202503,VSI7HobT5qL,indicator_11,100.0,Hamirpur,168,Chitrakoot Division,170,coverage,communicable_diseases,indicator_11,% of PW screened for HIV against estimated pregnancy,p
859,34,202503,oyTwneTbWDx,indicator_11,100.0,Shrawasti,181,Gonda Division,182,coverage,communicable_diseases,indicator_11,% of PW screened for HIV against estimated pregnancy,p
860,35,202503,J1P16zQEOUT,indicator_11,100.0,Basti,185,Basti Division,185,coverage,communicable_diseases,indicator_11,% of PW screened for HIV against estimated pregnancy,p
861,36,202503,fe1yBApr2sl,indicator_11,100.0,Sant Kabir Nagar,186,Basti Division,185,coverage,communicable_diseases,indicator_11,% of PW screened for HIV against estimated pregnancy,p
862,37,202503,cP0p8qfm3il,indicator_11,100.0,Siddharth Nagar,184,Basti Division,185,coverage,communicable_diseases,indicator_11,% of PW screened for HIV against estimated pregnancy,p
863,38,202503,sUQMxIc3yXj,indicator_11,100.0,Mahoba,169,Chitrakoot Division,170,coverage,communicable_diseases,indicator_11,% of PW screened for HIV against estimated pregnancy,p
864,39,202503,eA37kyBRRuZ,indicator_11,100.0,Budaun,149,Bareilly Division,150,coverage,communicable_diseases,indicator_11,% of PW screened for HIV against estimated pregnancy,p
865,40,202503,vVqY3DPcpHf,indicator_11,94.7357298640635,Bareilly,150,Bareilly Division,150,coverage,communicable_diseases,indicator_11,% of PW screened for HIV against estimated pregnancy,p
866,41,202503,NjckKfm3g0k,indicator_11,92.6766846486823,Azamgarh,191,Azamgarh Division,193,coverage,communicable_diseases,indicator_11,% of PW screened for HIV against estimated pregnancy,p
867,42,202503,c96jwckSd6j,indicator_11,98.1212584178417,Pilibhit,151,Bareilly Division,150,coverage,communicable_diseases,indicator_11,% of PW screened for HIV against estimated pregnancy,p
868,43,202503,GaiLSoQq1ue,indicator_11,100.0,Shahjahanpur,152,Bareilly Division,150,coverage,communicable_diseases,indicator_11,% of PW screened for HIV against estimated pregnancy,p
869,44,202503,oNDvGBE5fLq,indicator_11,100.0,Ballia,193,Azamgarh Division,193,coverage,communicable_diseases,indicator_11,% of PW screened for HIV against estimated pregnancy,p
870,45,202503,CBSB9v92AwT,indicator_11,100.0,Maunathbhanjan,192,Azamgarh Division,193,coverage,communicable_diseases,indicator_11,% of PW screened for HIV against estimated pregnancy,p
871,46,202503,frD2HOp3wAs,indicator_11,100.0,Aligarh,143,Alligarh Division,201,coverage,communicable_diseases,indicator_11,% of PW screened for HIV against estimated pregnancy,p
872,47,202503,ZLcx4iOVyN5,indicator_11,100.0,Etah,201,Alligarh Division,201,coverage,communicable_diseases,indicator_11,% of PW screened for HIV against estimated pregnancy,p
873,48,202503,m1IAjmqkoFC,indicator_11,100.0,Hathras,144,Alligarh Division,201,coverage,communicable_diseases,indicator_11,% of PW screened for HIV against estimated pregnancy,p
874,49,202503,hITp09XOBLZ,indicator_11,100.0,Kasganj,202,Alligarh Division,201,coverage,communicable_diseases,indicator_11,% of PW screened for HIV against estimated pregnancy,p
875,50,202503,HJIS3IrQ0Nj,indicator_11,100.0,Bagpat,139,Meerut Division,140,coverage,communicable_diseases,indicator_11,% of PW screened for HIV against estimated pregnancy,p
876,51,202503,ogBt4gWCiem,indicator_11,100.0,Bulandshahar,142,Meerut Division,140,coverage,communicable_diseases,indicator_11,% of PW screened for HIV against estimated pregnancy,p
877,52,202503,bNmwkrQeP3e,indicator_11,100.0,Gautam Buddha Nagar,141,Meerut Division,140,coverage,communicable_diseases,indicator_11,% of PW screened for HIV against estimated pregnancy,p
878,53,202503,M5NHlfAaKYI,indicator_11,100.0,Ghaziabad,140,Meerut Division,140,coverage,communicable_diseases,indicator_11,% of PW screened for HIV against estimated pregnancy,p
879,54,202503,CZ8kLjgqvSH,indicator_11,100.0,Hapur,204,Meerut Division,140,coverage,communicable_diseases,indicator_11,% of PW screened for HIV against estimated pregnancy,p
880,55,202503,v8YGmR7nOdj,indicator_11,96.56693426655677,Meerut,138,Meerut Division,140,coverage,communicable_diseases,indicator_11,% of PW screened for HIV against estimated pregnancy,p
881,56,202503,MTIkUw5q5pX,indicator_11,100.0,Hardoi,155,Lucknow Division,155,coverage,communicable_diseases,indicator_11,% of PW screened for HIV against estimated pregnancy,p
882,57,202503,d9ZuMopgX29,indicator_11,100.0,Lakhimpur Kheri,153,Lucknow Division,155,coverage,communicable_diseases,indicator_11,% of PW screened for HIV against estimated pregnancy,p
883,58,202503,StsLkYw1G0m,indicator_11,100.0,Amethi,206,Ayodhya Division,176,coverage,communicable_diseases,indicator_11,% of PW screened for HIV against estimated pregnancy,p
884,59,202503,MfHac5N78aK,indicator_11,96.48896382643237,Lucknow,157,Lucknow Division,155,coverage,communicable_diseases,indicator_11,% of PW screened for HIV against estimated pregnancy,p
885,60,202503,lLvTDpBDY8u,indicator_11,100.0,Rae Bareli,158,Lucknow Division,155,coverage,communicable_diseases,indicator_11,% of PW screened for HIV against estimated pregnancy,p
886,61,202503,XxaOowFtkiJ,indicator_11,100.0,Sitapur,154,Lucknow Division,155,coverage,communicable_diseases,indicator_11,% of PW screened for HIV against estimated pregnancy,p
887,62,202503,aT03mfdlNiF,indicator_11,100.0,Unnav,156,Lucknow Division,155,coverage,communicable_diseases,indicator_11,% of PW screened for HIV against estimated pregnancy,p
888,63,202503,ibLiLcaKzw2,indicator_11,100.0,Fatehpur,172,Prayagraj Division,172,coverage,communicable_diseases,indicator_11,% of PW screened for HIV against estimated pregnancy,p
889,64,202503,jM27ji8tyrM,indicator_11,100.0,Ambedkar Nagar,178,Ayodhya Division,176,coverage,communicable_diseases,indicator_11,% of PW screened for HIV against estimated pregnancy,p
890,65,202503,b4XkXzoGqFY,indicator_11,99.4327727996093,Ayodhya,177,Ayodhya Division,176,coverage,communicable_diseases,indicator_11,% of PW screened for HIV against estimated pregnancy,p
891,66,202503,tzH6nJu9SwS,indicator_11,100.0,Barabanki,176,Ayodhya Division,176,coverage,communicable_diseases,indicator_11,% of PW screened for HIV against estimated pregnancy,p
892,67,202503,o4ZQTVcMI7U,indicator_11,100.0,Sultanpur,179,Ayodhya Division,176,coverage,communicable_diseases,indicator_11,% of PW screened for HIV against estimated pregnancy,p
893,68,202503,PAj0oVY0Dxu,indicator_11,100.0,Kaushambi,174,Prayagraj Division,172,coverage,communicable_diseases,indicator_11,% of PW screened for HIV against estimated pregnancy,p
894,69,202503,fz7bJo3egPX,indicator_11,100.0,Pratapgarh,173,Prayagraj Division,172,coverage,communicable_diseases,indicator_11,% of PW screened for HIV against estimated pregnancy,p
895,70,202503,tXgaew1Pd2Y,indicator_11,100.0,Prayagraj,175,Prayagraj Division,172,coverage,communicable_diseases,indicator_11,% of PW screened for HIV against estimated pregnancy,p
896,71,202503,N5WWbRtsjWp,indicator_11,100.0,Agra,146,Agra Division,146,coverage,communicable_diseases,indicator_11,% of PW screened for HIV against estimated pregnancy,p
897,72,202503,eJTsuE56XDF,indicator_11,100.0,Firozabad,147,Agra Division,146,coverage,communicable_diseases,indicator_11,% of PW screened for HIV against estimated pregnancy,p
898,73,202503,XBLhrSWGytu,indicator_11,100.0,Mainpuri,148,Agra Division,146,coverage,communicable_diseases,indicator_11,% of PW screened for HIV against estimated pregnancy,p
899,74,202503,KP2BUB1npih,indicator_11,85.6928310144587,Mathura,145,Agra Division,146,coverage,communicable_diseases,indicator_11,% of PW screened for HIV against estimated pregnancy,p
975,5,202503,ClbehnmwSec,indicator_13,3.8068368333333336,Chandauli,196,Varanasi Division,195,data_quality,data_quality,indicator_13,% of facilities reported outlier for the identified indicators of ranking,n
976,43,202503,dScWdMRN8PL,indicator_13,4.885434583333334,Ghazipur,195,Varanasi Division,195,data_quality,data_quality,indicator_13,% of facilities reported outlier for the identified indicators of ranking,n
977,50,202503,gmw76vAUMqz,indicator_13,2.7473111666666665,Jaunpur,194,Varanasi Division,195,data_quality,data_quality,indicator_13,% of facilities reported outlier for the identified indicators of ranking,n
978,17,202503,MVQs2RrS1Nw,indicator_13,3.420000333333333,Muzaffarnagar,133,Saharanpur Division,132,data_quality,data_quality,indicator_13,% of facilities reported outlier for the identified indicators of ranking,n
979,14,202503,LeuBT7KfuuA,indicator_13,6.0257404166666655,Varanasi,197,Varanasi Division,195,data_quality,data_quality,indicator_13,% of facilities reported outlier for the identified indicators of ranking,n
980,52,202503,hgquAmZaNBu,indicator_13,5.589937250000001,Amroha,137,Moradabad Division,134,data_quality,data_quality,indicator_13,% of facilities reported outlier for the identified indicators of ranking,n
981,67,202503,uCYjHW7FuGG,indicator_13,3.6754678333333337,Bijnor,134,Moradabad Division,134,data_quality,data_quality,indicator_13,% of facilities reported outlier for the identified indicators of ranking,n
982,7,202503,FKYZ3JbWq84,indicator_13,3.9915829166666668,Saharanpur,132,Saharanpur Division,132,data_quality,data_quality,indicator_13,% of facilities reported outlier for the identified indicators of ranking,n
983,1,202503,AdiUcz9BXhx,indicator_13,3.383870499999999,Shamli,203,Saharanpur Division,132,data_quality,data_quality,indicator_13,% of facilities reported outlier for the identified indicators of ranking,n
984,34,202503,YQNQoPjAIpV,indicator_13,5.366329,Moradabad,135,Moradabad Division,134,data_quality,data_quality,indicator_13,% of facilities reported outlier for the identified indicators of ranking,n
985,10,202503,IU006h5U7jj,indicator_13,3.0184676666666665,Rampur,136,Moradabad Division,134,data_quality,data_quality,indicator_13,% of facilities reported outlier for the identified indicators of ranking,n
986,25,202503,PeUY1vj02UQ,indicator_13,4.0524685,Bhadohi,198,Mirzapur Division,200,data_quality,data_quality,indicator_13,% of facilities reported outlier for the identified indicators of ranking,n
987,30,202503,UAicdMLyuk4,indicator_13,2.8590447500000002,Mirzapur,199,Mirzapur Division,200,data_quality,data_quality,indicator_13,% of facilities reported outlier for the identified indicators of ranking,n
988,35,202503,YzHpzrN0eLv,indicator_13,4.20545775,Sambhal,205,Moradabad Division,134,data_quality,data_quality,indicator_13,% of facilities reported outlier for the identified indicators of ranking,n
989,2,202503,Bd6E8zkVvVt,indicator_13,6.460150416666665,Auraiya,162,Kanpur Nagar Division,161,data_quality,data_quality,indicator_13,% of facilities reported outlier for the identified indicators of ranking,n
990,26,202503,Pm0jLk6EAiE,indicator_13,4.7199670000000005,Etawah,161,Kanpur Nagar Division,161,data_quality,data_quality,indicator_13,% of facilities reported outlier for the identified indicators of ranking,n
991,68,202503,uEEwlAGZXWW,indicator_13,3.8885814999999995,Farrukhabad,159,Kanpur Nagar Division,161,data_quality,data_quality,indicator_13,% of facilities reported outlier for the identified indicators of ranking,n
992,11,202503,IhQbDYRiF8w,indicator_13,5.5562093333333324,Kannauj,160,Kanpur Nagar Division,161,data_quality,data_quality,indicator_13,% of facilities reported outlier for the identified indicators of ranking,n
993,22,202503,NNk3JP90QZ5,indicator_13,4.472155416666666,Sonbhadra,200,Mirzapur Division,200,data_quality,data_quality,indicator_13,% of facilities reported outlier for the identified indicators of ranking,n
994,21,202503,NL5xiiHZQSC,indicator_13,2.3737359999999996,Jalaun,165,Jhansi Division,165,data_quality,data_quality,indicator_13,% of facilities reported outlier for the identified indicators of ranking,n
995,57,202503,k3D0AumUCiC,indicator_13,2.9765259166666667,Kanpur Dehat,163,Kanpur Nagar Division,161,data_quality,data_quality,indicator_13,% of facilities reported outlier for the identified indicators of ranking,n
996,27,202503,QVMRMhzVrrS,indicator_13,6.684098250000002,Kanpur Nagar,164,Kanpur Nagar Division,161,data_quality,data_quality,indicator_13,% of facilities reported outlier for the identified indicators of ranking,n
997,29,202503,Tf9b9qcbghH,indicator_13,5.825813583333333,Deoria,190,Gorakhpur Division,188,data_quality,data_quality,indicator_13,% of facilities reported outlier for the identified indicators of ranking,n
998,19,202503,Mq751wBMqGF,indicator_13,2.4220125833333332,Jhansi,166,Jhansi Division,165,data_quality,data_quality,indicator_13,% of facilities reported outlier for the identified indicators of ranking,n
999,46,202503,fagfcadhxej,indicator_13,2.9306946666666662,Lalitpur,167,Jhansi Division,165,data_quality,data_quality,indicator_13,% of facilities reported outlier for the identified indicators of ranking,n
1000,71,202503,vR85cHdsw1w,indicator_13,5.886306,Gorakhpur,188,Gorakhpur Division,188,data_quality,data_quality,indicator_13,% of facilities reported outlier for the identified indicators of ranking,n
1001,73,202503,xUeHwd9FQkg,indicator_13,4.50662275,Kushinagar,189,Gorakhpur Division,188,data_quality,data_quality,indicator_13,% of facilities reported outlier for the identified indicators of ranking,n
1002,54,202503,iE0E3nLioFr,indicator_13,5.6513345,Bahraich,180,Gonda Division,182,data_quality,data_quality,indicator_13,% of facilities reported outlier for the identified indicators of ranking,n
1003,0,202503,AcnMkNGgc3S,indicator_13,2.9735489999999998,Maharajganj,187,Gorakhpur Division,188,data_quality,data_quality,indicator_13,% of facilities reported outlier for the identified indicators of ranking,n
1004,69,202503,uS0pNSxN3sS,indicator_13,4.448753083333332,Balrampur,182,Gonda Division,182,data_quality,data_quality,indicator_13,% of facilities reported outlier for the identified indicators of ranking,n
1005,74,202503,y8WarEkWCul,indicator_13,3.529622666666667,Gonda,183,Gonda Division,182,data_quality,data_quality,indicator_13,% of facilities reported outlier for the identified indicators of ranking,n
1006,6,202503,DggJGxqbWHn,indicator_13,3.4975495833333334,Banda,170,Chitrakoot Division,170,data_quality,data_quality,indicator_13,% of facilities reported outlier for the identified indicators of ranking,n
1007,53,202503,i2fSZZ3QAJJ,indicator_13,2.785701583333333,Chitrakoot,171,Chitrakoot Division,170,data_quality,data_quality,indicator_13,% of facilities reported outlier for the identified indicators of ranking,n
1008,31,202503,VSI7HobT5qL,indicator_13,1.9885106666666668,Hamirpur,168,Chitrakoot Division,170,data_quality,data_quality,indicator_13,% of facilities reported outlier for the identified indicators of ranking,n
1009,63,202503,oyTwneTbWDx,indicator_13,5.034386325,Shrawasti,181,Gonda Division,182,data_quality,data_quality,indicator_13,% of facilities reported outlier for the identified indicators of ranking,n
1010,12,202503,J1P16zQEOUT,indicator_13,3.4435860833333334,Basti,185,Basti Division,185,data_quality,data_quality,indicator_13,% of facilities reported outlier for the identified indicators of ranking,n
1011,47,202503,fe1yBApr2sl,indicator_13,7.202954583333335,Sant Kabir Nagar,186,Basti Division,185,data_quality,data_quality,indicator_13,% of facilities reported outlier for the identified indicators of ranking,n
1012,41,202503,cP0p8qfm3il,indicator_13,6.591716750000001,Siddharth Nagar,184,Basti Division,185,data_quality,data_quality,indicator_13,% of facilities reported outlier for the identified indicators of ranking,n
1013,64,202503,sUQMxIc3yXj,indicator_13,3.509707833333333,Mahoba,169,Chitrakoot Division,170,data_quality,data_quality,indicator_13,% of facilities reported outlier for the identified indicators of ranking,n
1014,44,202503,eA37kyBRRuZ,indicator_13,4.20085865,Budaun,149,Bareilly Division,150,data_quality,data_quality,indicator_13,% of facilities reported outlier for the identified indicators of ranking,n
1015,72,202503,vVqY3DPcpHf,indicator_13,4.805151833333334,Bareilly,150,Bareilly Division,150,data_quality,data_quality,indicator_13,% of facilities reported outlier for the identified indicators of ranking,n
1016,23,202503,NjckKfm3g0k,indicator_13,5.204876166666667,Azamgarh,191,Azamgarh Division,193,data_quality,data_quality,indicator_13,% of facilities reported outlier for the identified indicators of ranking,n
1017,40,202503,c96jwckSd6j,indicator_13,3.3239632500000003,Pilibhit,151,Bareilly Division,150,data_quality,data_quality,indicator_13,% of facilities reported outlier for the identified indicators of ranking,n
1018,8,202503,GaiLSoQq1ue,indicator_13,4.95518525,Shahjahanpur,152,Bareilly Division,150,data_quality,data_quality,indicator_13,% of facilities reported outlier for the identified indicators of ranking,n
1019,61,202503,oNDvGBE5fLq,indicator_13,2.6010412583333338,Ballia,193,Azamgarh Division,193,data_quality,data_quality,indicator_13,% of facilities reported outlier for the identified indicators of ranking,n
1020,3,202503,CBSB9v92AwT,indicator_13,5.4680324166666665,Maunathbhanjan,192,Azamgarh Division,193,data_quality,data_quality,indicator_13,% of facilities reported outlier for the identified indicators of ranking,n
1021,48,202503,frD2HOp3wAs,indicator_13,3.287436166666667,Aligarh,143,Alligarh Division,201,data_quality,data_quality,indicator_13,% of facilities reported outlier for the identified indicators of ranking,n
1022,36,202503,ZLcx4iOVyN5,indicator_13,6.136920333333335,Etah,201,Alligarh Division,201,data_quality,data_quality,indicator_13,% of facilities reported outlier for the identified indicators of ranking,n
1023,59,202503,m1IAjmqkoFC,indicator_13,3.2778697500000002,Hathras,144,Alligarh Division,201,data_quality,data_quality,indicator_13,% of facilities reported outlier for the identified indicators of ranking,n
1024,51,202503,hITp09XOBLZ,indicator_13,2.4067354999999995,Kasganj,202,Alligarh Division,201,data_quality,data_quality,indicator_13,% of facilities reported outlier for the identified indicators of ranking,n
1025,9,202503,HJIS3IrQ0Nj,indicator_13,4.244560783333333,Bagpat,139,Meerut Division,140,data_quality,data_quality,indicator_13,% of facilities reported outlier for the identified indicators of ranking,n
1026,62,202503,ogBt4gWCiem,indicator_13,5.344650250000001,Bulandshahar,142,Meerut Division,140,data_quality,data_quality,indicator_13,% of facilities reported outlier for the identified indicators of ranking,n
1027,39,202503,bNmwkrQeP3e,indicator_13,4.3883012500000005,Gautam Buddha Nagar,141,Meerut Division,140,data_quality,data_quality,indicator_13,% of facilities reported outlier for the identified indicators of ranking,n
1028,15,202503,M5NHlfAaKYI,indicator_13,7.4197810833333335,Ghaziabad,140,Meerut Division,140,data_quality,data_quality,indicator_13,% of facilities reported outlier for the identified indicators of ranking,n
1029,4,202503,CZ8kLjgqvSH,indicator_13,3.222237583333333,Hapur,204,Meerut Division,140,data_quality,data_quality,indicator_13,% of facilities reported outlier for the identified indicators of ranking,n
1030,70,202503,v8YGmR7nOdj,indicator_13,2.9635012499999998,Meerut,138,Meerut Division,140,data_quality,data_quality,indicator_13,% of facilities reported outlier for the identified indicators of ranking,n
1031,16,202503,MTIkUw5q5pX,indicator_13,3.231725166666667,Hardoi,155,Lucknow Division,155,data_quality,data_quality,indicator_13,% of facilities reported outlier for the identified indicators of ranking,n
1032,42,202503,d9ZuMopgX29,indicator_13,3.312875333333333,Lakhimpur Kheri,153,Lucknow Division,155,data_quality,data_quality,indicator_13,% of facilities reported outlier for the identified indicators of ranking,n
1033,28,202503,StsLkYw1G0m,indicator_13,2.5095663333333333,Amethi,206,Ayodhya Division,176,data_quality,data_quality,indicator_13,% of facilities reported outlier for the identified indicators of ranking,n
1034,18,202503,MfHac5N78aK,indicator_13,5.080084833333332,Lucknow,157,Lucknow Division,155,data_quality,data_quality,indicator_13,% of facilities reported outlier for the identified indicators of ranking,n
1035,58,202503,lLvTDpBDY8u,indicator_13,2.7980058333333333,Rae Bareli,158,Lucknow Division,155,data_quality,data_quality,indicator_13,% of facilities reported outlier for the identified indicators of ranking,n
1036,33,202503,XxaOowFtkiJ,indicator_13,4.472271166666666,Sitapur,154,Lucknow Division,155,data_quality,data_quality,indicator_13,% of facilities reported outlier for the identified indicators of ranking,n
1037,37,202503,aT03mfdlNiF,indicator_13,1.9987397333333332,Unnav,156,Lucknow Division,155,data_quality,data_quality,indicator_13,% of facilities reported outlier for the identified indicators of ranking,n
1038,55,202503,ibLiLcaKzw2,indicator_13,2.782671666666667,Fatehpur,172,Prayagraj Division,172,data_quality,data_quality,indicator_13,% of facilities reported outlier for the identified indicators of ranking,n
1039,56,202503,jM27ji8tyrM,indicator_13,2.567487666666667,Ambedkar Nagar,178,Ayodhya Division,176,data_quality,data_quality,indicator_13,% of facilities reported outlier for the identified indicators of ranking,n
1040,38,202503,b4XkXzoGqFY,indicator_13,3.65478325,Ayodhya,177,Ayodhya Division,176,data_quality,data_quality,indicator_13,% of facilities reported outlier for the identified indicators of ranking,n
1041,66,202503,tzH6nJu9SwS,indicator_13,3.5765100833333334,Barabanki,176,Ayodhya Division,176,data_quality,data_quality,indicator_13,% of facilities reported outlier for the identified indicators of ranking,n
1042,60,202503,o4ZQTVcMI7U,indicator_13,3.7052666666666667,Sultanpur,179,Ayodhya Division,176,data_quality,data_quality,indicator_13,% of facilities reported outlier for the identified indicators of ranking,n
1043,24,202503,PAj0oVY0Dxu,indicator_13,3.443238583333333,Kaushambi,174,Prayagraj Division,172,data_quality,data_quality,indicator_13,% of facilities reported outlier for the identified indicators of ranking,n
1044,49,202503,fz7bJo3egPX,indicator_13,4.659558250000001,Pratapgarh,173,Prayagraj Division,172,data_quality,data_quality,indicator_13,% of facilities reported outlier for the identified indicators of ranking,n
1045,65,202503,tXgaew1Pd2Y,indicator_13,3.218449966666667,Prayagraj,175,Prayagraj Division,172,data_quality,data_quality,indicator_13,% of facilities reported outlier for the identified indicators of ranking,n
1046,20,202503,N5WWbRtsjWp,indicator_13,5.201941916666667,Agra,146,Agra Division,146,data_quality,data_quality,indicator_13,% of facilities reported outlier for the identified indicators of ranking,n
1047,45,202503,eJTsuE56XDF,indicator_13,6.494701583333332,Firozabad,147,Agra Division,146,data_quality,data_quality,indicator_13,% of facilities reported outlier for the identified indicators of ranking,n
1048,32,202503,XBLhrSWGytu,indicator_13,3.07466275,Mainpuri,148,Agra Division,146,data_quality,data_quality,indicator_13,% of facilities reported outlier for the identified indicators of ranking,n
1049,13,202503,KP2BUB1npih,indicator_13,4.868807416666667,Mathura,145,Agra Division,146,data_quality,data_quality,indicator_13,% of facilities reported outlier for the identified indicators of ranking,n
1050,5,202503,ClbehnmwSec,indicator_14,97.13098916666667,Chandauli,196,Varanasi Division,195,data_quality,data_quality,indicator_14,% of facilities reported non blank value (including zero) for the identified indicators of ranking,p
1051,43,202503,dScWdMRN8PL,indicator_14,96.09453666666667,Ghazipur,195,Varanasi Division,195,data_quality,data_quality,indicator_14,% of facilities reported non blank value (including zero) for the identified indicators of ranking,p
1052,50,202503,gmw76vAUMqz,indicator_14,96.13935250000002,Jaunpur,194,Varanasi Division,195,data_quality,data_quality,indicator_14,% of facilities reported non blank value (including zero) for the identified indicators of ranking,p
1053,17,202503,MVQs2RrS1Nw,indicator_14,98.97953666666666,Muzaffarnagar,133,Saharanpur Division,132,data_quality,data_quality,indicator_14,% of facilities reported non blank value (including zero) for the identified indicators of ranking,p
1054,14,202503,LeuBT7KfuuA,indicator_14,94.54809416666667,Varanasi,197,Varanasi Division,195,data_quality,data_quality,indicator_14,% of facilities reported non blank value (including zero) for the identified indicators of ranking,p
1055,52,202503,hgquAmZaNBu,indicator_14,96.69997000000001,Amroha,137,Moradabad Division,134,data_quality,data_quality,indicator_14,% of facilities reported non blank value (including zero) for the identified indicators of ranking,p
1056,67,202503,uCYjHW7FuGG,indicator_14,97.819925,Bijnor,134,Moradabad Division,134,data_quality,data_quality,indicator_14,% of facilities reported non blank value (including zero) for the identified indicators of ranking,p
1057,7,202503,FKYZ3JbWq84,indicator_14,94.23911083333333,Saharanpur,132,Saharanpur Division,132,data_quality,data_quality,indicator_14,% of facilities reported non blank value (including zero) for the identified indicators of ranking,p
1058,1,202503,AdiUcz9BXhx,indicator_14,91.77613749999999,Shamli,203,Saharanpur Division,132,data_quality,data_quality,indicator_14,% of facilities reported non blank value (including zero) for the identified indicators of ranking,p
1059,34,202503,YQNQoPjAIpV,indicator_14,95.95727749999999,Moradabad,135,Moradabad Division,134,data_quality,data_quality,indicator_14,% of facilities reported non blank value (including zero) for the identified indicators of ranking,p
1060,10,202503,IU006h5U7jj,indicator_14,98.68395166666666,Rampur,136,Moradabad Division,134,data_quality,data_quality,indicator_14,% of facilities reported non blank value (including zero) for the identified indicators of ranking,p
1061,25,202503,PeUY1vj02UQ,indicator_14,95.6249625,Bhadohi,198,Mirzapur Division,200,data_quality,data_quality,indicator_14,% of facilities reported non blank value (including zero) for the identified indicators of ranking,p
1062,30,202503,UAicdMLyuk4,indicator_14,96.63232833333332,Mirzapur,199,Mirzapur Division,200,data_quality,data_quality,indicator_14,% of facilities reported non blank value (including zero) for the identified indicators of ranking,p
1063,35,202503,YzHpzrN0eLv,indicator_14,96.52912833333335,Sambhal,205,Moradabad Division,134,data_quality,data_quality,indicator_14,% of facilities reported non blank value (including zero) for the identified indicators of ranking,p
1064,2,202503,Bd6E8zkVvVt,indicator_14,92.8521475,Auraiya,162,Kanpur Nagar Division,161,data_quality,data_quality,indicator_14,% of facilities reported non blank value (including zero) for the identified indicators of ranking,p
1065,26,202503,Pm0jLk6EAiE,indicator_14,95.38951000000002,Etawah,161,Kanpur Nagar Division,161,data_quality,data_quality,indicator_14,% of facilities reported non blank value (including zero) for the identified indicators of ranking,p
1066,68,202503,uEEwlAGZXWW,indicator_14,87.65331666666667,Farrukhabad,159,Kanpur Nagar Division,161,data_quality,data_quality,indicator_14,% of facilities reported non blank value (including zero) for the identified indicators of ranking,p
1067,11,202503,IhQbDYRiF8w,indicator_14,94.82243916666665,Kannauj,160,Kanpur Nagar Division,161,data_quality,data_quality,indicator_14,% of facilities reported non blank value (including zero) for the identified indicators of ranking,p
1068,22,202503,NNk3JP90QZ5,indicator_14,96.63126916666668,Sonbhadra,200,Mirzapur Division,200,data_quality,data_quality,indicator_14,% of facilities reported non blank value (including zero) for the identified indicators of ranking,p
1069,21,202503,NL5xiiHZQSC,indicator_14,98.4399025,Jalaun,165,Jhansi Division,165,data_quality,data_quality,indicator_14,% of facilities reported non blank value (including zero) for the identified indicators of ranking,p
1070,57,202503,k3D0AumUCiC,indicator_14,98.04266666666666,Kanpur Dehat,163,Kanpur Nagar Division,161,data_quality,data_quality,indicator_14,% of facilities reported non blank value (including zero) for the identified indicators of ranking,p
1071,27,202503,QVMRMhzVrrS,indicator_14,84.42105666666667,Kanpur Nagar,164,Kanpur Nagar Division,161,data_quality,data_quality,indicator_14,% of facilities reported non blank value (including zero) for the identified indicators of ranking,p
1072,29,202503,Tf9b9qcbghH,indicator_14,92.13484083333333,Deoria,190,Gorakhpur Division,188,data_quality,data_quality,indicator_14,% of facilities reported non blank value (including zero) for the identified indicators of ranking,p
1073,19,202503,Mq751wBMqGF,indicator_14,97.8943575,Jhansi,166,Jhansi Division,165,data_quality,data_quality,indicator_14,% of facilities reported non blank value (including zero) for the identified indicators of ranking,p
1074,46,202503,fagfcadhxej,indicator_14,97.75385833333333,Lalitpur,167,Jhansi Division,165,data_quality,data_quality,indicator_14,% of facilities reported non blank value (including zero) for the identified indicators of ranking,p
1075,71,202503,vR85cHdsw1w,indicator_14,90.1463875,Gorakhpur,188,Gorakhpur Division,188,data_quality,data_quality,indicator_14,% of facilities reported non blank value (including zero) for the identified indicators of ranking,p
1076,73,202503,xUeHwd9FQkg,indicator_14,95.72515416666666,Kushinagar,189,Gorakhpur Division,188,data_quality,data_quality,indicator_14,% of facilities reported non blank value (including zero) for the identified indicators of ranking,p
1077,54,202503,iE0E3nLioFr,indicator_14,98.062515,Bahraich,180,Gonda Division,182,data_quality,data_quality,indicator_14,% of facilities reported non blank value (including zero) for the identified indicators of ranking,p
1078,0,202503,AcnMkNGgc3S,indicator_14,98.46064833333332,Maharajganj,187,Gorakhpur Division,188,data_quality,data_quality,indicator_14,% of facilities reported non blank value (including zero) for the identified indicators of ranking,p
1079,69,202503,uS0pNSxN3sS,indicator_14,97.30847333333334,Balrampur,182,Gonda Division,182,data_quality,data_quality,indicator_14,% of facilities reported non blank value (including zero) for the identified indicators of ranking,p
1080,74,202503,y8WarEkWCul,indicator_14,96.15203083333334,Gonda,183,Gonda Division,182,data_quality,data_quality,indicator_14,% of facilities reported non blank value (including zero) for the identified indicators of ranking,p
1081,6,202503,DggJGxqbWHn,indicator_14,98.57589666666667,Banda,170,Chitrakoot Division,170,data_quality,data_quality,indicator_14,% of facilities reported non blank value (including zero) for the identified indicators of ranking,p
1082,53,202503,i2fSZZ3QAJJ,indicator_14,94.34669333333333,Chitrakoot,171,Chitrakoot Division,170,data_quality,data_quality,indicator_14,% of facilities reported non blank value (including zero) for the identified indicators of ranking,p
1083,31,202503,VSI7HobT5qL,indicator_14,98.01799750000002,Hamirpur,168,Chitrakoot Division,170,data_quality,data_quality,indicator_14,% of facilities reported non blank value (including zero) for the identified indicators of ranking,p
1084,63,202503,oyTwneTbWDx,indicator_14,98.00649283333333,Shrawasti,181,Gonda Division,182,data_quality,data_quality,indicator_14,% of facilities reported non blank value (including zero) for the identified indicators of ranking,p
1085,12,202503,J1P16zQEOUT,indicator_14,93.55216333333334,Basti,185,Basti Division,185,data_quality,data_quality,indicator_14,% of facilities reported non blank value (including zero) for the identified indicators of ranking,p
1086,47,202503,fe1yBApr2sl,indicator_14,92.74136833333331,Sant Kabir Nagar,186,Basti Division,185,data_quality,data_quality,indicator_14,% of facilities reported non blank value (including zero) for the identified indicators of ranking,p
1087,41,202503,cP0p8qfm3il,indicator_14,95.69420500000001,Siddharth Nagar,184,Basti Division,185,data_quality,data_quality,indicator_14,% of facilities reported non blank value (including zero) for the identified indicators of ranking,p
1088,64,202503,sUQMxIc3yXj,indicator_14,97.02840416666665,Mahoba,169,Chitrakoot Division,170,data_quality,data_quality,indicator_14,% of facilities reported non blank value (including zero) for the identified indicators of ranking,p
1089,44,202503,eA37kyBRRuZ,indicator_14,95.54450041666666,Budaun,149,Bareilly Division,150,data_quality,data_quality,indicator_14,% of facilities reported non blank value (including zero) for the identified indicators of ranking,p
1090,72,202503,vVqY3DPcpHf,indicator_14,90.89119999999998,Bareilly,150,Bareilly Division,150,data_quality,data_quality,indicator_14,% of facilities reported non blank value (including zero) for the identified indicators of ranking,p
1091,23,202503,NjckKfm3g0k,indicator_14,95.55255583333333,Azamgarh,191,Azamgarh Division,193,data_quality,data_quality,indicator_14,% of facilities reported non blank value (including zero) for the identified indicators of ranking,p
1092,40,202503,c96jwckSd6j,indicator_14,97.25430250000001,Pilibhit,151,Bareilly Division,150,data_quality,data_quality,indicator_14,% of facilities reported non blank value (including zero) for the identified indicators of ranking,p
1093,8,202503,GaiLSoQq1ue,indicator_14,91.17546666666665,Shahjahanpur,152,Bareilly Division,150,data_quality,data_quality,indicator_14,% of facilities reported non blank value (including zero) for the identified indicators of ranking,p
1094,61,202503,oNDvGBE5fLq,indicator_14,96.80926249999999,Ballia,193,Azamgarh Division,193,data_quality,data_quality,indicator_14,% of facilities reported non blank value (including zero) for the identified indicators of ranking,p
1095,3,202503,CBSB9v92AwT,indicator_14,96.05710666666668,Maunathbhanjan,192,Azamgarh Division,193,data_quality,data_quality,indicator_14,% of facilities reported non blank value (including zero) for the identified indicators of ranking,p
1096,48,202503,frD2HOp3wAs,indicator_14,97.49694166666666,Aligarh,143,Alligarh Division,201,data_quality,data_quality,indicator_14,% of facilities reported non blank value (including zero) for the identified indicators of ranking,p
1097,36,202503,ZLcx4iOVyN5,indicator_14,98.86237166666666,Etah,201,Alligarh Division,201,data_quality,data_quality,indicator_14,% of facilities reported non blank value (including zero) for the identified indicators of ranking,p
1098,59,202503,m1IAjmqkoFC,indicator_14,99.57460583333334,Hathras,144,Alligarh Division,201,data_quality,data_quality,indicator_14,% of facilities reported non blank value (including zero) for the identified indicators of ranking,p
1099,51,202503,hITp09XOBLZ,indicator_14,99.82845833333333,Kasganj,202,Alligarh Division,201,data_quality,data_quality,indicator_14,% of facilities reported non blank value (including zero) for the identified indicators of ranking,p
1100,9,202503,HJIS3IrQ0Nj,indicator_14,98.29049066666666,Bagpat,139,Meerut Division,140,data_quality,data_quality,indicator_14,% of facilities reported non blank value (including zero) for the identified indicators of ranking,p
1101,62,202503,ogBt4gWCiem,indicator_14,92.76505499999998,Bulandshahar,142,Meerut Division,140,data_quality,data_quality,indicator_14,% of facilities reported non blank value (including zero) for the identified indicators of ranking,p
1102,39,202503,bNmwkrQeP3e,indicator_14,93.28239,Gautam Buddha Nagar,141,Meerut Division,140,data_quality,data_quality,indicator_14,% of facilities reported non blank value (including zero) for the identified indicators of ranking,p
1103,15,202503,M5NHlfAaKYI,indicator_14,92.60120916666666,Ghaziabad,140,Meerut Division,140,data_quality,data_quality,indicator_14,% of facilities reported non blank value (including zero) for the identified indicators of ranking,p
1104,4,202503,CZ8kLjgqvSH,indicator_14,97.44537416666668,Hapur,204,Meerut Division,140,data_quality,data_quality,indicator_14,% of facilities reported non blank value (including zero) for the identified indicators of ranking,p
1105,70,202503,v8YGmR7nOdj,indicator_14,90.12328000000001,Meerut,138,Meerut Division,140,data_quality,data_quality,indicator_14,% of facilities reported non blank value (including zero) for the identified indicators of ranking,p
1106,16,202503,MTIkUw5q5pX,indicator_14,92.34187750000001,Hardoi,155,Lucknow Division,155,data_quality,data_quality,indicator_14,% of facilities reported non blank value (including zero) for the identified indicators of ranking,p
1107,42,202503,d9ZuMopgX29,indicator_14,97.7257908333333,Lakhimpur Kheri,153,Lucknow Division,155,data_quality,data_quality,indicator_14,% of facilities reported non blank value (including zero) for the identified indicators of ranking,p
1108,28,202503,StsLkYw1G0m,indicator_14,95.77318083333334,Amethi,206,Ayodhya Division,176,data_quality,data_quality,indicator_14,% of facilities reported non blank value (including zero) for the identified indicators of ranking,p
1109,18,202503,MfHac5N78aK,indicator_14,89.32243749999999,Lucknow,157,Lucknow Division,155,data_quality,data_quality,indicator_14,% of facilities reported non blank value (including zero) for the identified indicators of ranking,p
1110,58,202503,lLvTDpBDY8u,indicator_14,98.7976775,Rae Bareli,158,Lucknow Division,155,data_quality,data_quality,indicator_14,% of facilities reported non blank value (including zero) for the identified indicators of ranking,p
1111,33,202503,XxaOowFtkiJ,indicator_14,95.57896416666665,Sitapur,154,Lucknow Division,155,data_quality,data_quality,indicator_14,% of facilities reported non blank value (including zero) for the identified indicators of ranking,p
1112,37,202503,aT03mfdlNiF,indicator_14,97.45490758333334,Unnav,156,Lucknow Division,155,data_quality,data_quality,indicator_14,% of facilities reported non blank value (including zero) for the identified indicators of ranking,p
1113,55,202503,ibLiLcaKzw2,indicator_14,97.52168083333332,Fatehpur,172,Prayagraj Division,172,data_quality,data_quality,indicator_14,% of facilities reported non blank value (including zero) for the identified indicators of ranking,p
1114,56,202503,jM27ji8tyrM,indicator_14,96.50574916666666,Ambedkar Nagar,178,Ayodhya Division,176,data_quality,data_quality,indicator_14,% of facilities reported non blank value (including zero) for the identified indicators of ranking,p
1115,38,202503,b4XkXzoGqFY,indicator_14,91.41271416666667,Ayodhya,177,Ayodhya Division,176,data_quality,data_quality,indicator_14,% of facilities reported non blank value (including zero) for the identified indicators of ranking,p
1116,66,202503,tzH6nJu9SwS,indicator_14,91.70027749999998,Barabanki,176,Ayodhya Division,176,data_quality,data_quality,indicator_14,% of facilities reported non blank value (including zero) for the identified indicators of ranking,p
1117,60,202503,o4ZQTVcMI7U,indicator_14,94.65990666666666,Sultanpur,179,Ayodhya Division,176,data_quality,data_quality,indicator_14,% of facilities reported non blank value (including zero) for the identified indicators of ranking,p
1118,24,202503,PAj0oVY0Dxu,indicator_14,95.26081166666667,Kaushambi,174,Prayagraj Division,172,data_quality,data_quality,indicator_14,% of facilities reported non blank value (including zero) for the identified indicators of ranking,p
1119,49,202503,fz7bJo3egPX,indicator_14,91.8184825,Pratapgarh,173,Prayagraj Division,172,data_quality,data_quality,indicator_14,% of facilities reported non blank value (including zero) for the identified indicators of ranking,p
1120,65,202503,tXgaew1Pd2Y,indicator_14,96.94757333333332,Prayagraj,175,Prayagraj Division,172,data_quality,data_quality,indicator_14,% of facilities reported non blank value (including zero) for the identified indicators of ranking,p
1121,20,202503,N5WWbRtsjWp,indicator_14,96.73929499999998,Agra,146,Agra Division,146,data_quality,data_quality,indicator_14,% of facilities reported non blank value (including zero) for the identified indicators of ranking,p
1122,45,202503,eJTsuE56XDF,indicator_14,92.23883000000001,Firozabad,147,Agra Division,146,data_quality,data_quality,indicator_14,% of facilities reported non blank value (including zero) for the identified indicators of ranking,p
1123,32,202503,XBLhrSWGytu,indicator_14,98.97163166666667,Mainpuri,148,Agra Division,146,data_quality,data_quality,indicator_14,% of facilities reported non blank value (including zero) for the identified indicators of ranking,p
1124,13,202503,KP2BUB1npih,indicator_14,94.4973225,Mathura,145,Agra Division,146,data_quality,data_quality,indicator_14,% of facilities reported non blank value (including zero) for the identified indicators of ranking,p
300,0,202503,ClbehnmwSec,indicator_4,5.541130176406028,Chandauli,196,Varanasi Division,195,quality,delivery_care,indicator_4,Still birth ratio,n
301,1,202503,dScWdMRN8PL,indicator_4,2.9411332186291377,Ghazipur,195,Varanasi Division,195,quality,delivery_care,indicator_4,Still birth ratio,n
302,2,202503,gmw76vAUMqz,indicator_4,3.4335182985370936,Jaunpur,194,Varanasi Division,195,quality,delivery_care,indicator_4,Still birth ratio,n
303,3,202503,MVQs2RrS1Nw,indicator_4,1.1519006360494817,Muzaffarnagar,133,Saharanpur Division,132,quality,delivery_care,indicator_4,Still birth ratio,n
304,4,202503,LeuBT7KfuuA,indicator_4,0.9106900036178096,Varanasi,197,Varanasi Division,195,quality,delivery_care,indicator_4,Still birth ratio,n
305,5,202503,hgquAmZaNBu,indicator_4,2.2022664100919394,Amroha,137,Moradabad Division,134,quality,delivery_care,indicator_4,Still birth ratio,n
306,6,202503,uCYjHW7FuGG,indicator_4,1.7577038602736679,Bijnor,134,Moradabad Division,134,quality,delivery_care,indicator_4,Still birth ratio,n
307,7,202503,FKYZ3JbWq84,indicator_4,2.1124972800464206,Saharanpur,132,Saharanpur Division,132,quality,delivery_care,indicator_4,Still birth ratio,n
308,8,202503,AdiUcz9BXhx,indicator_4,0.6821454738384578,Shamli,203,Saharanpur Division,132,quality,delivery_care,indicator_4,Still birth ratio,n
309,9,202503,YQNQoPjAIpV,indicator_4,1.2307447991106875,Moradabad,135,Moradabad Division,134,quality,delivery_care,indicator_4,Still birth ratio,n
310,10,202503,IU006h5U7jj,indicator_4,3.257328990228013,Rampur,136,Moradabad Division,134,quality,delivery_care,indicator_4,Still birth ratio,n
311,11,202503,PeUY1vj02UQ,indicator_4,3.5349829920629627,Bhadohi,198,Mirzapur Division,200,quality,delivery_care,indicator_4,Still birth ratio,n
312,12,202503,UAicdMLyuk4,indicator_4,7.448269940757276,Mirzapur,199,Mirzapur Division,200,quality,delivery_care,indicator_4,Still birth ratio,n
313,13,202503,YzHpzrN0eLv,indicator_4,3.282441463127241,Sambhal,205,Moradabad Division,134,quality,delivery_care,indicator_4,Still birth ratio,n
314,14,202503,Bd6E8zkVvVt,indicator_4,1.4169825356902477,Auraiya,162,Kanpur Nagar Division,161,quality,delivery_care,indicator_4,Still birth ratio,n
315,15,202503,Pm0jLk6EAiE,indicator_4,2.571599675907986,Etawah,161,Kanpur Nagar Division,161,quality,delivery_care,indicator_4,Still birth ratio,n
316,16,202503,uEEwlAGZXWW,indicator_4,8.875992148160792,Farrukhabad,159,Kanpur Nagar Division,161,quality,delivery_care,indicator_4,Still birth ratio,n
317,17,202503,IhQbDYRiF8w,indicator_4,6.507088078085057,Kannauj,160,Kanpur Nagar Division,161,quality,delivery_care,indicator_4,Still birth ratio,n
318,18,202503,NNk3JP90QZ5,indicator_4,7.795698924731182,Sonbhadra,200,Mirzapur Division,200,quality,delivery_care,indicator_4,Still birth ratio,n
319,19,202503,NL5xiiHZQSC,indicator_4,6.384124298130913,Jalaun,165,Jhansi Division,165,quality,delivery_care,indicator_4,Still birth ratio,n
320,20,202503,k3D0AumUCiC,indicator_4,8.785407556238427,Kanpur Dehat,163,Kanpur Nagar Division,161,quality,delivery_care,indicator_4,Still birth ratio,n
321,21,202503,QVMRMhzVrrS,indicator_4,7.809264627580903,Kanpur Nagar,164,Kanpur Nagar Division,161,quality,delivery_care,indicator_4,Still birth ratio,n
322,22,202503,Tf9b9qcbghH,indicator_4,1.2910798122065728,Deoria,190,Gorakhpur Division,188,quality,delivery_care,indicator_4,Still birth ratio,n
323,23,202503,Mq751wBMqGF,indicator_4,3.495469333978651,Jhansi,166,Jhansi Division,165,quality,delivery_care,indicator_4,Still birth ratio,n
324,24,202503,fagfcadhxej,indicator_4,9.246179529985874,Lalitpur,167,Jhansi Division,165,quality,delivery_care,indicator_4,Still birth ratio,n
325,25,202503,vR85cHdsw1w,indicator_4,2.1561660925930948,Gorakhpur,188,Gorakhpur Division,188,quality,delivery_care,indicator_4,Still birth ratio,n
326,26,202503,xUeHwd9FQkg,indicator_4,4.087578221383236,Kushinagar,189,Gorakhpur Division,188,quality,delivery_care,indicator_4,Still birth ratio,n
327,27,202503,iE0E3nLioFr,indicator_4,12.410478703354693,Bahraich,180,Gonda Division,182,quality,delivery_care,indicator_4,Still birth ratio,n
328,28,202503,AcnMkNGgc3S,indicator_4,2.984418770712416,Maharajganj,187,Gorakhpur Division,188,quality,delivery_care,indicator_4,Still birth ratio,n
329,29,202503,uS0pNSxN3sS,indicator_4,6.749171212341341,Balrampur,182,Gonda Division,182,quality,delivery_care,indicator_4,Still birth ratio,n
330,30,202503,y8WarEkWCul,indicator_4,9.131126263641848,Gonda,183,Gonda Division,182,quality,delivery_care,indicator_4,Still birth ratio,n
331,31,202503,DggJGxqbWHn,indicator_4,14.130801213619508,Banda,170,Chitrakoot Division,170,quality,delivery_care,indicator_4,Still birth ratio,n
332,32,202503,i2fSZZ3QAJJ,indicator_4,13.00455159305757,Chitrakoot,171,Chitrakoot Division,170,quality,delivery_care,indicator_4,Still birth ratio,n
333,33,202503,VSI7HobT5qL,indicator_4,12.21222391024892,Hamirpur,168,Chitrakoot Division,170,quality,delivery_care,indicator_4,Still birth ratio,n
334,34,202503,oyTwneTbWDx,indicator_4,7.843616371411119,Shrawasti,181,Gonda Division,182,quality,delivery_care,indicator_4,Still birth ratio,n
335,35,202503,J1P16zQEOUT,indicator_4,4.043956043956044,Basti,185,Basti Division,185,quality,delivery_care,indicator_4,Still birth ratio,n
336,36,202503,fe1yBApr2sl,indicator_4,1.202680258862608,Sant Kabir Nagar,186,Basti Division,185,quality,delivery_care,indicator_4,Still birth ratio,n
337,37,202503,cP0p8qfm3il,indicator_4,4.080411305459591,Siddharth Nagar,184,Basti Division,185,quality,delivery_care,indicator_4,Still birth ratio,n
338,38,202503,sUQMxIc3yXj,indicator_4,16.96630087944587,Mahoba,169,Chitrakoot Division,170,quality,delivery_care,indicator_4,Still birth ratio,n
339,39,202503,eA37kyBRRuZ,indicator_4,4.964910443071122,Budaun,149,Bareilly Division,150,quality,delivery_care,indicator_4,Still birth ratio,n
340,40,202503,vVqY3DPcpHf,indicator_4,7.7302023093249215,Bareilly,150,Bareilly Division,150,quality,delivery_care,indicator_4,Still birth ratio,n
341,41,202503,NjckKfm3g0k,indicator_4,6.6778831977520685,Azamgarh,191,Azamgarh Division,193,quality,delivery_care,indicator_4,Still birth ratio,n
342,42,202503,c96jwckSd6j,indicator_4,4.4376970687843045,Pilibhit,151,Bareilly Division,150,quality,delivery_care,indicator_4,Still birth ratio,n
343,43,202503,GaiLSoQq1ue,indicator_4,9.05417539658785,Shahjahanpur,152,Bareilly Division,150,quality,delivery_care,indicator_4,Still birth ratio,n
344,44,202503,oNDvGBE5fLq,indicator_4,3.6435274429639675,Ballia,193,Azamgarh Division,193,quality,delivery_care,indicator_4,Still birth ratio,n
345,45,202503,CBSB9v92AwT,indicator_4,0.6278739081457406,Maunathbhanjan,192,Azamgarh Division,193,quality,delivery_care,indicator_4,Still birth ratio,n
346,46,202503,frD2HOp3wAs,indicator_4,9.737751832951336,Aligarh,143,Alligarh Division,201,quality,delivery_care,indicator_4,Still birth ratio,n
347,47,202503,ZLcx4iOVyN5,indicator_4,1.2834105239662965,Etah,201,Alligarh Division,201,quality,delivery_care,indicator_4,Still birth ratio,n
348,48,202503,m1IAjmqkoFC,indicator_4,3.802281368821293,Hathras,144,Alligarh Division,201,quality,delivery_care,indicator_4,Still birth ratio,n
349,49,202503,hITp09XOBLZ,indicator_4,8.26923076923077,Kasganj,202,Alligarh Division,201,quality,delivery_care,indicator_4,Still birth ratio,n
350,50,202503,HJIS3IrQ0Nj,indicator_4,6.06491707536221,Bagpat,139,Meerut Division,140,quality,delivery_care,indicator_4,Still birth ratio,n
351,51,202503,ogBt4gWCiem,indicator_4,3.7513060335603416,Bulandshahar,142,Meerut Division,140,quality,delivery_care,indicator_4,Still birth ratio,n
352,52,202503,bNmwkrQeP3e,indicator_4,8.766977717264968,Gautam Buddha Nagar,141,Meerut Division,140,quality,delivery_care,indicator_4,Still birth ratio,n
353,53,202503,M5NHlfAaKYI,indicator_4,4.744620492300831,Ghaziabad,140,Meerut Division,140,quality,delivery_care,indicator_4,Still birth ratio,n
354,54,202503,CZ8kLjgqvSH,indicator_4,3.7747819191118164,Hapur,204,Meerut Division,140,quality,delivery_care,indicator_4,Still birth ratio,n
355,55,202503,v8YGmR7nOdj,indicator_4,12.078220858895705,Meerut,138,Meerut Division,140,quality,delivery_care,indicator_4,Still birth ratio,n
356,56,202503,MTIkUw5q5pX,indicator_4,8.686960039983816,Hardoi,155,Lucknow Division,155,quality,delivery_care,indicator_4,Still birth ratio,n
357,57,202503,d9ZuMopgX29,indicator_4,4.05805950972535,Lakhimpur Kheri,153,Lucknow Division,155,quality,delivery_care,indicator_4,Still birth ratio,n
358,58,202503,StsLkYw1G0m,indicator_4,3.1391164535640455,Amethi,206,Ayodhya Division,176,quality,delivery_care,indicator_4,Still birth ratio,n
359,59,202503,MfHac5N78aK,indicator_4,13.151452737494303,Lucknow,157,Lucknow Division,155,quality,delivery_care,indicator_4,Still birth ratio,n
360,60,202503,lLvTDpBDY8u,indicator_4,13.826255017592546,Rae Bareli,158,Lucknow Division,155,quality,delivery_care,indicator_4,Still birth ratio,n
361,61,202503,XxaOowFtkiJ,indicator_4,7.930498932246165,Sitapur,154,Lucknow Division,155,quality,delivery_care,indicator_4,Still birth ratio,n
362,62,202503,aT03mfdlNiF,indicator_4,2.892485691427165,Unnav,156,Lucknow Division,155,quality,delivery_care,indicator_4,Still birth ratio,n
363,63,202503,ibLiLcaKzw2,indicator_4,11.685163440778759,Fatehpur,172,Prayagraj Division,172,quality,delivery_care,indicator_4,Still birth ratio,n
364,64,202503,jM27ji8tyrM,indicator_4,8.120453391981052,Ambedkar Nagar,178,Ayodhya Division,176,quality,delivery_care,indicator_4,Still birth ratio,n
365,65,202503,b4XkXzoGqFY,indicator_4,8.690580344123651,Ayodhya,177,Ayodhya Division,176,quality,delivery_care,indicator_4,Still birth ratio,n
366,66,202503,tzH6nJu9SwS,indicator_4,9.149879206376381,Barabanki,176,Ayodhya Division,176,quality,delivery_care,indicator_4,Still birth ratio,n
367,67,202503,o4ZQTVcMI7U,indicator_4,9.930651872399444,Sultanpur,179,Ayodhya Division,176,quality,delivery_care,indicator_4,Still birth ratio,n
368,68,202503,PAj0oVY0Dxu,indicator_4,8.896949007894175,Kaushambi,174,Prayagraj Division,172,quality,delivery_care,indicator_4,Still birth ratio,n
369,69,202503,fz7bJo3egPX,indicator_4,5.1091318390917095,Pratapgarh,173,Prayagraj Division,172,quality,delivery_care,indicator_4,Still birth ratio,n
370,70,202503,tXgaew1Pd2Y,indicator_4,0.46333904985407826,Prayagraj,175,Prayagraj Division,172,quality,delivery_care,indicator_4,Still birth ratio,n
371,71,202503,N5WWbRtsjWp,indicator_4,3.690893474778895,Agra,146,Agra Division,146,quality,delivery_care,indicator_4,Still birth ratio,n
372,72,202503,eJTsuE56XDF,indicator_4,4.14683169364223,Firozabad,147,Agra Division,146,quality,delivery_care,indicator_4,Still birth ratio,n
373,73,202503,XBLhrSWGytu,indicator_4,8.43233519469325,Mainpuri,148,Agra Division,146,quality,delivery_care,indicator_4,Still birth ratio,n
374,74,202503,KP2BUB1npih,indicator_4,4.1216527571552914,Mathura,145,Agra Division,146,quality,delivery_care,indicator_4,Still birth ratio,n
600,0,202503,ClbehnmwSec,indicator_8,24.03115091478204,Chandauli,196,Varanasi Division,195,coverage,family_planning,indicator_8,Permanent Method accepted per 1000 EC,p
601,1,202503,dScWdMRN8PL,indicator_8,13.092437586947339,Ghazipur,195,Varanasi Division,195,coverage,family_planning,indicator_8,Permanent Method accepted per 1000 EC,p
602,2,202503,gmw76vAUMqz,indicator_8,10.655291478132586,Jaunpur,194,Varanasi Division,195,coverage,family_planning,indicator_8,Permanent Method accepted per 1000 EC,p
603,3,202503,MVQs2RrS1Nw,indicator_8,7.028818782107053,Muzaffarnagar,133,Saharanpur Division,132,coverage,family_planning,indicator_8,Permanent Method accepted per 1000 EC,p
604,4,202503,LeuBT7KfuuA,indicator_8,20.445768072277517,Varanasi,197,Varanasi Division,195,coverage,family_planning,indicator_8,Permanent Method accepted per 1000 EC,p
605,5,202503,hgquAmZaNBu,indicator_8,7.919277703070143,Amroha,137,Moradabad Division,134,coverage,family_planning,indicator_8,Permanent Method accepted per 1000 EC,p
606,6,202503,uCYjHW7FuGG,indicator_8,4.157081319758913,Bijnor,134,Moradabad Division,134,coverage,family_planning,indicator_8,Permanent Method accepted per 1000 EC,p
607,7,202503,FKYZ3JbWq84,indicator_8,5.765176355684521,Saharanpur,132,Saharanpur Division,132,coverage,family_planning,indicator_8,Permanent Method accepted per 1000 EC,p
608,8,202503,AdiUcz9BXhx,indicator_8,1.9392264127974175,Shamli,203,Saharanpur Division,132,coverage,family_planning,indicator_8,Permanent Method accepted per 1000 EC,p
609,9,202503,YQNQoPjAIpV,indicator_8,12.565329025161805,Moradabad,135,Moradabad Division,134,coverage,family_planning,indicator_8,Permanent Method accepted per 1000 EC,p
610,10,202503,IU006h5U7jj,indicator_8,4.655901684752094,Rampur,136,Moradabad Division,134,coverage,family_planning,indicator_8,Permanent Method accepted per 1000 EC,p
611,11,202503,PeUY1vj02UQ,indicator_8,18.27308669917405,Bhadohi,198,Mirzapur Division,200,coverage,family_planning,indicator_8,Permanent Method accepted per 1000 EC,p
612,12,202503,UAicdMLyuk4,indicator_8,25.475340605168785,Mirzapur,199,Mirzapur Division,200,coverage,family_planning,indicator_8,Permanent Method accepted per 1000 EC,p
613,13,202503,YzHpzrN0eLv,indicator_8,7.700999603461526,Sambhal,205,Moradabad Division,134,coverage,family_planning,indicator_8,Permanent Method accepted per 1000 EC,p
614,14,202503,Bd6E8zkVvVt,indicator_8,8.684787301675867,Auraiya,162,Kanpur Nagar Division,161,coverage,family_planning,indicator_8,Permanent Method accepted per 1000 EC,p
615,15,202503,Pm0jLk6EAiE,indicator_8,8.806808343240835,Etawah,161,Kanpur Nagar Division,161,coverage,family_planning,indicator_8,Permanent Method accepted per 1000 EC,p
616,16,202503,uEEwlAGZXWW,indicator_8,5.703962341947796,Farrukhabad,159,Kanpur Nagar Division,161,coverage,family_planning,indicator_8,Permanent Method accepted per 1000 EC,p
617,17,202503,IhQbDYRiF8w,indicator_8,3.4070239286611916,Kannauj,160,Kanpur Nagar Division,161,coverage,family_planning,indicator_8,Permanent Method accepted per 1000 EC,p
618,18,202503,NNk3JP90QZ5,indicator_8,30.493478283801522,Sonbhadra,200,Mirzapur Division,200,coverage,family_planning,indicator_8,Permanent Method accepted per 1000 EC,p
619,19,202503,NL5xiiHZQSC,indicator_8,13.980721654064354,Jalaun,165,Jhansi Division,165,coverage,family_planning,indicator_8,Permanent Method accepted per 1000 EC,p
620,20,202503,k3D0AumUCiC,indicator_8,4.327944766243535,Kanpur Dehat,163,Kanpur Nagar Division,161,coverage,family_planning,indicator_8,Permanent Method accepted per 1000 EC,p
621,21,202503,QVMRMhzVrrS,indicator_8,3.890248377226813,Kanpur Nagar,164,Kanpur Nagar Division,161,coverage,family_planning,indicator_8,Permanent Method accepted per 1000 EC,p
622,22,202503,Tf9b9qcbghH,indicator_8,8.070476106781642,Deoria,190,Gorakhpur Division,188,coverage,family_planning,indicator_8,Permanent Method accepted per 1000 EC,p
623,23,202503,Mq751wBMqGF,indicator_8,24.845609111929015,Jhansi,166,Jhansi Division,165,coverage,family_planning,indicator_8,Permanent Method accepted per 1000 EC,p
624,24,202503,fagfcadhxej,indicator_8,72.90219523431762,Lalitpur,167,Jhansi Division,165,coverage,family_planning,indicator_8,Permanent Method accepted per 1000 EC,p
625,25,202503,vR85cHdsw1w,indicator_8,14.272500416158236,Gorakhpur,188,Gorakhpur Division,188,coverage,family_planning,indicator_8,Permanent Method accepted per 1000 EC,p
626,26,202503,xUeHwd9FQkg,indicator_8,10.175702060779399,Kushinagar,189,Gorakhpur Division,188,coverage,family_planning,indicator_8,Permanent Method accepted per 1000 EC,p
627,27,202503,iE0E3nLioFr,indicator_8,7.108446582510765,Bahraich,180,Gonda Division,182,coverage,family_planning,indicator_8,Permanent Method accepted per 1000 EC,p
628,28,202503,AcnMkNGgc3S,indicator_8,14.575526487963092,Maharajganj,187,Gorakhpur Division,188,coverage,family_planning,indicator_8,Permanent Method accepted per 1000 EC,p
629,29,202503,uS0pNSxN3sS,indicator_8,2.666272653747323,Balrampur,182,Gonda Division,182,coverage,family_planning,indicator_8,Permanent Method accepted per 1000 EC,p
630,30,202503,y8WarEkWCul,indicator_8,4.367668056909892,Gonda,183,Gonda Division,182,coverage,family_planning,indicator_8,Permanent Method accepted per 1000 EC,p
631,31,202503,DggJGxqbWHn,indicator_8,13.848340842177993,Banda,170,Chitrakoot Division,170,coverage,family_planning,indicator_8,Permanent Method accepted per 1000 EC,p
632,32,202503,i2fSZZ3QAJJ,indicator_8,26.55593006290243,Chitrakoot,171,Chitrakoot Division,170,coverage,family_planning,indicator_8,Permanent Method accepted per 1000 EC,p
633,33,202503,VSI7HobT5qL,indicator_8,12.494565724489226,Hamirpur,168,Chitrakoot Division,170,coverage,family_planning,indicator_8,Permanent Method accepted per 1000 EC,p
634,34,202503,oyTwneTbWDx,indicator_8,10.601712741889473,Shrawasti,181,Gonda Division,182,coverage,family_planning,indicator_8,Permanent Method accepted per 1000 EC,p
635,35,202503,J1P16zQEOUT,indicator_8,5.3089009587347435,Basti,185,Basti Division,185,coverage,family_planning,indicator_8,Permanent Method accepted per 1000 EC,p
636,36,202503,fe1yBApr2sl,indicator_8,8.929408845130608,Sant Kabir Nagar,186,Basti Division,185,coverage,family_planning,indicator_8,Permanent Method accepted per 1000 EC,p
637,37,202503,cP0p8qfm3il,indicator_8,3.7389209507183985,Siddharth Nagar,184,Basti Division,185,coverage,family_planning,indicator_8,Permanent Method accepted per 1000 EC,p
638,38,202503,sUQMxIc3yXj,indicator_8,26.861979024459735,Mahoba,169,Chitrakoot Division,170,coverage,family_planning,indicator_8,Permanent Method accepted per 1000 EC,p
639,39,202503,eA37kyBRRuZ,indicator_8,4.921598593800068,Budaun,149,Bareilly Division,150,coverage,family_planning,indicator_8,Permanent Method accepted per 1000 EC,p
640,40,202503,vVqY3DPcpHf,indicator_8,6.253038665582469,Bareilly,150,Bareilly Division,150,coverage,family_planning,indicator_8,Permanent Method accepted per 1000 EC,p
641,41,202503,NjckKfm3g0k,indicator_8,9.354993901129145,Azamgarh,191,Azamgarh Division,193,coverage,family_planning,indicator_8,Permanent Method accepted per 1000 EC,p
642,42,202503,c96jwckSd6j,indicator_8,6.421468973929225,Pilibhit,151,Bareilly Division,150,coverage,family_planning,indicator_8,Permanent Method accepted per 1000 EC,p
643,43,202503,GaiLSoQq1ue,indicator_8,5.529158001730765,Shahjahanpur,152,Bareilly Division,150,coverage,family_planning,indicator_8,Permanent Method accepted per 1000 EC,p
644,44,202503,oNDvGBE5fLq,indicator_8,6.150596136665509,Ballia,193,Azamgarh Division,193,coverage,family_planning,indicator_8,Permanent Method accepted per 1000 EC,p
645,45,202503,CBSB9v92AwT,indicator_8,25.976850111069208,Maunathbhanjan,192,Azamgarh Division,193,coverage,family_planning,indicator_8,Permanent Method accepted per 1000 EC,p
646,46,202503,frD2HOp3wAs,indicator_8,10.299352844276845,Aligarh,143,Alligarh Division,201,coverage,family_planning,indicator_8,Permanent Method accepted per 1000 EC,p
647,47,202503,ZLcx4iOVyN5,indicator_8,8.498506563961584,Etah,201,Alligarh Division,201,coverage,family_planning,indicator_8,Permanent Method accepted per 1000 EC,p
648,48,202503,m1IAjmqkoFC,indicator_8,24.90503460374784,Hathras,144,Alligarh Division,201,coverage,family_planning,indicator_8,Permanent Method accepted per 1000 EC,p
649,49,202503,hITp09XOBLZ,indicator_8,5.345517153761058,Kasganj,202,Alligarh Division,201,coverage,family_planning,indicator_8,Permanent Method accepted per 1000 EC,p
650,50,202503,HJIS3IrQ0Nj,indicator_8,5.178882412444491,Bagpat,139,Meerut Division,140,coverage,family_planning,indicator_8,Permanent Method accepted per 1000 EC,p
651,51,202503,ogBt4gWCiem,indicator_8,6.946429145121005,Bulandshahar,142,Meerut Division,140,coverage,family_planning,indicator_8,Permanent Method accepted per 1000 EC,p
652,52,202503,bNmwkrQeP3e,indicator_8,10.495133103025301,Gautam Buddha Nagar,141,Meerut Division,140,coverage,family_planning,indicator_8,Permanent Method accepted per 1000 EC,p
653,53,202503,M5NHlfAaKYI,indicator_8,5.948898168961963,Ghaziabad,140,Meerut Division,140,coverage,family_planning,indicator_8,Permanent Method accepted per 1000 EC,p
654,54,202503,CZ8kLjgqvSH,indicator_8,9.107492584937066,Hapur,204,Meerut Division,140,coverage,family_planning,indicator_8,Permanent Method accepted per 1000 EC,p
655,55,202503,v8YGmR7nOdj,indicator_8,9.237684400553233,Meerut,138,Meerut Division,140,coverage,family_planning,indicator_8,Permanent Method accepted per 1000 EC,p
656,56,202503,MTIkUw5q5pX,indicator_8,4.486198892037837,Hardoi,155,Lucknow Division,155,coverage,family_planning,indicator_8,Permanent Method accepted per 1000 EC,p
657,57,202503,d9ZuMopgX29,indicator_8,11.47795058683555,Lakhimpur Kheri,153,Lucknow Division,155,coverage,family_planning,indicator_8,Permanent Method accepted per 1000 EC,p
658,58,202503,StsLkYw1G0m,indicator_8,7.032494486584952,Amethi,206,Ayodhya Division,176,coverage,family_planning,indicator_8,Permanent Method accepted per 1000 EC,p
659,59,202503,MfHac5N78aK,indicator_8,7.535714073086731,Lucknow,157,Lucknow Division,155,coverage,family_planning,indicator_8,Permanent Method accepted per 1000 EC,p
660,60,202503,lLvTDpBDY8u,indicator_8,7.6998845683894475,Rae Bareli,158,Lucknow Division,155,coverage,family_planning,indicator_8,Permanent Method accepted per 1000 EC,p
661,61,202503,XxaOowFtkiJ,indicator_8,11.737691447396273,Sitapur,154,Lucknow Division,155,coverage,family_planning,indicator_8,Permanent Method accepted per 1000 EC,p
662,62,202503,aT03mfdlNiF,indicator_8,5.796852829474374,Unnav,156,Lucknow Division,155,coverage,family_planning,indicator_8,Permanent Method accepted per 1000 EC,p
663,63,202503,ibLiLcaKzw2,indicator_8,2.7814596384533785,Fatehpur,172,Prayagraj Division,172,coverage,family_planning,indicator_8,Permanent Method accepted per 1000 EC,p
664,64,202503,jM27ji8tyrM,indicator_8,7.89336210168177,Ambedkar Nagar,178,Ayodhya Division,176,coverage,family_planning,indicator_8,Permanent Method accepted per 1000 EC,p
665,65,202503,b4XkXzoGqFY,indicator_8,3.9963588761258335,Ayodhya,177,Ayodhya Division,176,coverage,family_planning,indicator_8,Permanent Method accepted per 1000 EC,p
666,66,202503,tzH6nJu9SwS,indicator_8,4.92931350485821,Barabanki,176,Ayodhya Division,176,coverage,family_planning,indicator_8,Permanent Method accepted per 1000 EC,p
667,67,202503,o4ZQTVcMI7U,indicator_8,5.044013804668712,Sultanpur,179,Ayodhya Division,176,coverage,family_planning,indicator_8,Permanent Method accepted per 1000 EC,p
668,68,202503,PAj0oVY0Dxu,indicator_8,15.278418949247046,Kaushambi,174,Prayagraj Division,172,coverage,family_planning,indicator_8,Permanent Method accepted per 1000 EC,p
669,69,202503,fz7bJo3egPX,indicator_8,6.734794763159842,Pratapgarh,173,Prayagraj Division,172,coverage,family_planning,indicator_8,Permanent Method accepted per 1000 EC,p
670,70,202503,tXgaew1Pd2Y,indicator_8,18.204522491808522,Prayagraj,175,Prayagraj Division,172,coverage,family_planning,indicator_8,Permanent Method accepted per 1000 EC,p
671,71,202503,N5WWbRtsjWp,indicator_8,17.70266977087722,Agra,146,Agra Division,146,coverage,family_planning,indicator_8,Permanent Method accepted per 1000 EC,p
672,72,202503,eJTsuE56XDF,indicator_8,7.902553810818466,Firozabad,147,Agra Division,146,coverage,family_planning,indicator_8,Permanent Method accepted per 1000 EC,p
673,73,202503,XBLhrSWGytu,indicator_8,2.824687707926082,Mainpuri,148,Agra Division,146,coverage,family_planning,indicator_8,Permanent Method accepted per 1000 EC,p
674,74,202503,KP2BUB1npih,indicator_8,18.75179945946725,Mathura,145,Agra Division,146,coverage,family_planning,indicator_8,Permanent Method accepted per 1000 EC,p
675,0,202503,ClbehnmwSec,indicator_9,81.97809266437984,Chandauli,196,Varanasi Division,195,coverage,family_planning,indicator_9,Reversible Method accepted per 1000 EC,p
676,1,202503,dScWdMRN8PL,indicator_9,75.59152009453936,Ghazipur,195,Varanasi Division,195,coverage,family_planning,indicator_9,Reversible Method accepted per 1000 EC,p
677,2,202503,gmw76vAUMqz,indicator_9,81.40455952050289,Jaunpur,194,Varanasi Division,195,coverage,family_planning,indicator_9,Reversible Method accepted per 1000 EC,p
678,3,202503,MVQs2RrS1Nw,indicator_9,99.7039492439855,Muzaffarnagar,133,Saharanpur Division,132,coverage,family_planning,indicator_9,Reversible Method accepted per 1000 EC,p
679,4,202503,LeuBT7KfuuA,indicator_9,82.96159915135428,Varanasi,197,Varanasi Division,195,coverage,family_planning,indicator_9,Reversible Method accepted per 1000 EC,p
680,5,202503,hgquAmZaNBu,indicator_9,58.629985295531625,Amroha,137,Moradabad Division,134,coverage,family_planning,indicator_9,Reversible Method accepted per 1000 EC,p
681,6,202503,uCYjHW7FuGG,indicator_9,40.00547259227744,Bijnor,134,Moradabad Division,134,coverage,family_planning,indicator_9,Reversible Method accepted per 1000 EC,p
682,7,202503,FKYZ3JbWq84,indicator_9,86.85539222667032,Saharanpur,132,Saharanpur Division,132,coverage,family_planning,indicator_9,Reversible Method accepted per 1000 EC,p
683,8,202503,AdiUcz9BXhx,indicator_9,108.72000711220609,Shamli,203,Saharanpur Division,132,coverage,family_planning,indicator_9,Reversible Method accepted per 1000 EC,p
684,9,202503,YQNQoPjAIpV,indicator_9,97.61421154273916,Moradabad,135,Moradabad Division,134,coverage,family_planning,indicator_9,Reversible Method accepted per 1000 EC,p
685,10,202503,IU006h5U7jj,indicator_9,73.3688243509286,Rampur,136,Moradabad Division,134,coverage,family_planning,indicator_9,Reversible Method accepted per 1000 EC,p
686,11,202503,PeUY1vj02UQ,indicator_9,94.17251783948835,Bhadohi,198,Mirzapur Division,200,coverage,family_planning,indicator_9,Reversible Method accepted per 1000 EC,p
687,12,202503,UAicdMLyuk4,indicator_9,45.64061212703174,Mirzapur,199,Mirzapur Division,200,coverage,family_planning,indicator_9,Reversible Method accepted per 1000 EC,p
688,13,202503,YzHpzrN0eLv,indicator_9,109.44521548000468,Sambhal,205,Moradabad Division,134,coverage,family_planning,indicator_9,Reversible Method accepted per 1000 EC,p
689,14,202503,Bd6E8zkVvVt,indicator_9,210.7599218002342,Auraiya,162,Kanpur Nagar Division,161,coverage,family_planning,indicator_9,Reversible Method accepted per 1000 EC,p
690,15,202503,Pm0jLk6EAiE,indicator_9,118.81431960870067,Etawah,161,Kanpur Nagar Division,161,coverage,family_planning,indicator_9,Reversible Method accepted per 1000 EC,p
691,16,202503,uEEwlAGZXWW,indicator_9,91.5056625383765,Farrukhabad,159,Kanpur Nagar Division,161,coverage,family_planning,indicator_9,Reversible Method accepted per 1000 EC,p
692,17,202503,IhQbDYRiF8w,indicator_9,92.7049137748997,Kannauj,160,Kanpur Nagar Division,161,coverage,family_planning,indicator_9,Reversible Method accepted per 1000 EC,p
693,18,202503,NNk3JP90QZ5,indicator_9,93.63733322943979,Sonbhadra,200,Mirzapur Division,200,coverage,family_planning,indicator_9,Reversible Method accepted per 1000 EC,p
694,19,202503,NL5xiiHZQSC,indicator_9,120.18934307908061,Jalaun,165,Jhansi Division,165,coverage,family_planning,indicator_9,Reversible Method accepted per 1000 EC,p
695,20,202503,k3D0AumUCiC,indicator_9,47.89636494952554,Kanpur Dehat,163,Kanpur Nagar Division,161,coverage,family_planning,indicator_9,Reversible Method accepted per 1000 EC,p
696,21,202503,QVMRMhzVrrS,indicator_9,79.17305096206789,Kanpur Nagar,164,Kanpur Nagar Division,161,coverage,family_planning,indicator_9,Reversible Method accepted per 1000 EC,p
697,22,202503,Tf9b9qcbghH,indicator_9,68.52760760734252,Deoria,190,Gorakhpur Division,188,coverage,family_planning,indicator_9,Reversible Method accepted per 1000 EC,p
698,23,202503,Mq751wBMqGF,indicator_9,81.03740439712423,Jhansi,166,Jhansi Division,165,coverage,family_planning,indicator_9,Reversible Method accepted per 1000 EC,p
699,24,202503,fagfcadhxej,indicator_9,144.87558408418602,Lalitpur,167,Jhansi Division,165,coverage,family_planning,indicator_9,Reversible Method accepted per 1000 EC,p
700,25,202503,vR85cHdsw1w,indicator_9,121.57887458735449,Gorakhpur,188,Gorakhpur Division,188,coverage,family_planning,indicator_9,Reversible Method accepted per 1000 EC,p
701,26,202503,xUeHwd9FQkg,indicator_9,51.28762406432249,Kushinagar,189,Gorakhpur Division,188,coverage,family_planning,indicator_9,Reversible Method accepted per 1000 EC,p
702,27,202503,iE0E3nLioFr,indicator_9,93.76279232814403,Bahraich,180,Gonda Division,182,coverage,family_planning,indicator_9,Reversible Method accepted per 1000 EC,p
703,28,202503,AcnMkNGgc3S,indicator_9,124.48591799993815,Maharajganj,187,Gorakhpur Division,188,coverage,family_planning,indicator_9,Reversible Method accepted per 1000 EC,p
704,29,202503,uS0pNSxN3sS,indicator_9,82.93752469148902,Balrampur,182,Gonda Division,182,coverage,family_planning,indicator_9,Reversible Method accepted per 1000 EC,p
705,30,202503,y8WarEkWCul,indicator_9,81.84182091223485,Gonda,183,Gonda Division,182,coverage,family_planning,indicator_9,Reversible Method accepted per 1000 EC,p
706,31,202503,DggJGxqbWHn,indicator_9,102.22215803660568,Banda,170,Chitrakoot Division,170,coverage,family_planning,indicator_9,Reversible Method accepted per 1000 EC,p
707,32,202503,i2fSZZ3QAJJ,indicator_9,92.00848710029138,Chitrakoot,171,Chitrakoot Division,170,coverage,family_planning,indicator_9,Reversible Method accepted per 1000 EC,p
708,33,202503,VSI7HobT5qL,indicator_9,136.64584200414782,Hamirpur,168,Chitrakoot Division,170,coverage,family_planning,indicator_9,Reversible Method accepted per 1000 EC,p
709,34,202503,oyTwneTbWDx,indicator_9,223.13064474592622,Shrawasti,181,Gonda Division,182,coverage,family_planning,indicator_9,Reversible Method accepted per 1000 EC,p
710,35,202503,J1P16zQEOUT,indicator_9,69.56008467494087,Basti,185,Basti Division,185,coverage,family_planning,indicator_9,Reversible Method accepted per 1000 EC,p
711,36,202503,fe1yBApr2sl,indicator_9,109.3589511719089,Sant Kabir Nagar,186,Basti Division,185,coverage,family_planning,indicator_9,Reversible Method accepted per 1000 EC,p
712,37,202503,cP0p8qfm3il,indicator_9,88.09776451147151,Siddharth Nagar,184,Basti Division,185,coverage,family_planning,indicator_9,Reversible Method accepted per 1000 EC,p
713,38,202503,sUQMxIc3yXj,indicator_9,116.22557880309463,Mahoba,169,Chitrakoot Division,170,coverage,family_planning,indicator_9,Reversible Method accepted per 1000 EC,p
714,39,202503,eA37kyBRRuZ,indicator_9,107.13621192029751,Budaun,149,Bareilly Division,150,coverage,family_planning,indicator_9,Reversible Method accepted per 1000 EC,p
715,40,202503,vVqY3DPcpHf,indicator_9,84.76652236256817,Bareilly,150,Bareilly Division,150,coverage,family_planning,indicator_9,Reversible Method accepted per 1000 EC,p
716,41,202503,NjckKfm3g0k,indicator_9,49.5325813626037,Azamgarh,191,Azamgarh Division,193,coverage,family_planning,indicator_9,Reversible Method accepted per 1000 EC,p
717,42,202503,c96jwckSd6j,indicator_9,66.14113043147101,Pilibhit,151,Bareilly Division,150,coverage,family_planning,indicator_9,Reversible Method accepted per 1000 EC,p
718,43,202503,GaiLSoQq1ue,indicator_9,80.1158501223794,Shahjahanpur,152,Bareilly Division,150,coverage,family_planning,indicator_9,Reversible Method accepted per 1000 EC,p
719,44,202503,oNDvGBE5fLq,indicator_9,60.92093319893167,Ballia,193,Azamgarh Division,193,coverage,family_planning,indicator_9,Reversible Method accepted per 1000 EC,p
720,45,202503,CBSB9v92AwT,indicator_9,92.60743060354557,Maunathbhanjan,192,Azamgarh Division,193,coverage,family_planning,indicator_9,Reversible Method accepted per 1000 EC,p
721,46,202503,frD2HOp3wAs,indicator_9,68.83279855728263,Aligarh,143,Alligarh Division,201,coverage,family_planning,indicator_9,Reversible Method accepted per 1000 EC,p
722,47,202503,ZLcx4iOVyN5,indicator_9,73.63748023139037,Etah,201,Alligarh Division,201,coverage,family_planning,indicator_9,Reversible Method accepted per 1000 EC,p
723,48,202503,m1IAjmqkoFC,indicator_9,163.1493878605792,Hathras,144,Alligarh Division,201,coverage,family_planning,indicator_9,Reversible Method accepted per 1000 EC,p
724,49,202503,hITp09XOBLZ,indicator_9,51.94318784378507,Kasganj,202,Alligarh Division,201,coverage,family_planning,indicator_9,Reversible Method accepted per 1000 EC,p
725,50,202503,HJIS3IrQ0Nj,indicator_9,87.25809014920557,Bagpat,139,Meerut Division,140,coverage,family_planning,indicator_9,Reversible Method accepted per 1000 EC,p
726,51,202503,ogBt4gWCiem,indicator_9,69.29212401159907,Bulandshahar,142,Meerut Division,140,coverage,family_planning,indicator_9,Reversible Method accepted per 1000 EC,p
727,52,202503,bNmwkrQeP3e,indicator_9,79.47693321463645,Gautam Buddha Nagar,141,Meerut Division,140,coverage,family_planning,indicator_9,Reversible Method accepted per 1000 EC,p
728,53,202503,M5NHlfAaKYI,indicator_9,73.78236726025429,Ghaziabad,140,Meerut Division,140,coverage,family_planning,indicator_9,Reversible Method accepted per 1000 EC,p
729,54,202503,CZ8kLjgqvSH,indicator_9,67.38706828302949,Hapur,204,Meerut Division,140,coverage,family_planning,indicator_9,Reversible Method accepted per 1000 EC,p
730,55,202503,v8YGmR7nOdj,indicator_9,78.16875198788352,Meerut,138,Meerut Division,140,coverage,family_planning,indicator_9,Reversible Method accepted per 1000 EC,p
731,56,202503,MTIkUw5q5pX,indicator_9,71.72374577100467,Hardoi,155,Lucknow Division,155,coverage,family_planning,indicator_9,Reversible Method accepted per 1000 EC,p
732,57,202503,d9ZuMopgX29,indicator_9,84.52975962100396,Lakhimpur Kheri,153,Lucknow Division,155,coverage,family_planning,indicator_9,Reversible Method accepted per 1000 EC,p
733,58,202503,StsLkYw1G0m,indicator_9,86.33708502417282,Amethi,206,Ayodhya Division,176,coverage,family_planning,indicator_9,Reversible Method accepted per 1000 EC,p
734,59,202503,MfHac5N78aK,indicator_9,59.17670775859355,Lucknow,157,Lucknow Division,155,coverage,family_planning,indicator_9,Reversible Method accepted per 1000 EC,p
735,60,202503,lLvTDpBDY8u,indicator_9,43.602150083530724,Rae Bareli,158,Lucknow Division,155,coverage,family_planning,indicator_9,Reversible Method accepted per 1000 EC,p
736,61,202503,XxaOowFtkiJ,indicator_9,67.46312520983997,Sitapur,154,Lucknow Division,155,coverage,family_planning,indicator_9,Reversible Method accepted per 1000 EC,p
737,62,202503,aT03mfdlNiF,indicator_9,66.22927922116868,Unnav,156,Lucknow Division,155,coverage,family_planning,indicator_9,Reversible Method accepted per 1000 EC,p
738,63,202503,ibLiLcaKzw2,indicator_9,49.0764846341723,Fatehpur,172,Prayagraj Division,172,coverage,family_planning,indicator_9,Reversible Method accepted per 1000 EC,p
739,64,202503,jM27ji8tyrM,indicator_9,82.72797402709982,Ambedkar Nagar,178,Ayodhya Division,176,coverage,family_planning,indicator_9,Reversible Method accepted per 1000 EC,p
740,65,202503,b4XkXzoGqFY,indicator_9,42.02436177207985,Ayodhya,177,Ayodhya Division,176,coverage,family_planning,indicator_9,Reversible Method accepted per 1000 EC,p
741,66,202503,tzH6nJu9SwS,indicator_9,67.28185767305914,Barabanki,176,Ayodhya Division,176,coverage,family_planning,indicator_9,Reversible Method accepted per 1000 EC,p
742,67,202503,o4ZQTVcMI7U,indicator_9,88.68021049436176,Sultanpur,179,Ayodhya Division,176,coverage,family_planning,indicator_9,Reversible Method accepted per 1000 EC,p
743,68,202503,PAj0oVY0Dxu,indicator_9,107.6368137257098,Kaushambi,174,Prayagraj Division,172,coverage,family_planning,indicator_9,Reversible Method accepted per 1000 EC,p
744,69,202503,fz7bJo3egPX,indicator_9,47.65838126141151,Pratapgarh,173,Prayagraj Division,172,coverage,family_planning,indicator_9,Reversible Method accepted per 1000 EC,p
745,70,202503,tXgaew1Pd2Y,indicator_9,94.0875057827157,Prayagraj,175,Prayagraj Division,172,coverage,family_planning,indicator_9,Reversible Method accepted per 1000 EC,p
746,71,202503,N5WWbRtsjWp,indicator_9,77.41961667081615,Agra,146,Agra Division,146,coverage,family_planning,indicator_9,Reversible Method accepted per 1000 EC,p
747,72,202503,eJTsuE56XDF,indicator_9,175.07064557083768,Firozabad,147,Agra Division,146,coverage,family_planning,indicator_9,Reversible Method accepted per 1000 EC,p
748,73,202503,XBLhrSWGytu,indicator_9,87.89651119105726,Mainpuri,148,Agra Division,146,coverage,family_planning,indicator_9,Reversible Method accepted per 1000 EC,p
749,74,202503,KP2BUB1npih,indicator_9,79.1555128874013,Mathura,145,Agra Division,146,coverage,family_planning,indicator_9,Reversible Method accepted per 1000 EC,p
900,71,202503,ClbehnmwSec,indicator_12,4802.931003094847,Chandauli,196,Varanasi Division,195,coverage,finance,indicator_12,Per ASHA expenditure of ASHA incentive fund,p
901,72,202503,dScWdMRN8PL,indicator_12,5018.079259473531,Ghazipur,195,Varanasi Division,195,coverage,finance,indicator_12,Per ASHA expenditure of ASHA incentive fund,p
902,73,202503,gmw76vAUMqz,indicator_12,4881.131131131131,Jaunpur,194,Varanasi Division,195,coverage,finance,indicator_12,Per ASHA expenditure of ASHA incentive fund,p
903,68,202503,MVQs2RrS1Nw,indicator_12,5801.647655259822,Muzaffarnagar,133,Saharanpur Division,132,coverage,finance,indicator_12,Per ASHA expenditure of ASHA incentive fund,p
904,74,202503,LeuBT7KfuuA,indicator_12,5279.493269992082,Varanasi,197,Varanasi Division,195,coverage,finance,indicator_12,Per ASHA expenditure of ASHA incentive fund,p
905,59,202503,hgquAmZaNBu,indicator_12,4844.054580896686,Amroha,137,Moradabad Division,134,coverage,finance,indicator_12,Per ASHA expenditure of ASHA incentive fund,p
906,60,202503,uCYjHW7FuGG,indicator_12,4634.193406108722,Bijnor,134,Moradabad Division,134,coverage,finance,indicator_12,Per ASHA expenditure of ASHA incentive fund,p
907,69,202503,FKYZ3JbWq84,indicator_12,5280.701754385965,Saharanpur,132,Saharanpur Division,132,coverage,finance,indicator_12,Per ASHA expenditure of ASHA incentive fund,p
908,70,202503,AdiUcz9BXhx,indicator_12,5703.23488045007,Shamli,203,Saharanpur Division,132,coverage,finance,indicator_12,Per ASHA expenditure of ASHA incentive fund,p
909,61,202503,YQNQoPjAIpV,indicator_12,5185.4575163398695,Moradabad,135,Moradabad Division,134,coverage,finance,indicator_12,Per ASHA expenditure of ASHA incentive fund,p
910,62,202503,IU006h5U7jj,indicator_12,5190.249702734838,Rampur,136,Moradabad Division,134,coverage,finance,indicator_12,Per ASHA expenditure of ASHA incentive fund,p
911,56,202503,PeUY1vj02UQ,indicator_12,5381.6316316316315,Bhadohi,198,Mirzapur Division,200,coverage,finance,indicator_12,Per ASHA expenditure of ASHA incentive fund,p
912,57,202503,UAicdMLyuk4,indicator_12,5817.515817515818,Mirzapur,199,Mirzapur Division,200,coverage,finance,indicator_12,Per ASHA expenditure of ASHA incentive fund,p
913,63,202503,YzHpzrN0eLv,indicator_12,5151.595275868147,Sambhal,205,Moradabad Division,134,coverage,finance,indicator_12,Per ASHA expenditure of ASHA incentive fund,p
914,38,202503,Bd6E8zkVvVt,indicator_12,4834.372564302416,Auraiya,162,Kanpur Nagar Division,161,coverage,finance,indicator_12,Per ASHA expenditure of ASHA incentive fund,p
915,39,202503,Pm0jLk6EAiE,indicator_12,4780.553203499859,Etawah,161,Kanpur Nagar Division,161,coverage,finance,indicator_12,Per ASHA expenditure of ASHA incentive fund,p
916,40,202503,uEEwlAGZXWW,indicator_12,5233.978792070078,Farrukhabad,159,Kanpur Nagar Division,161,coverage,finance,indicator_12,Per ASHA expenditure of ASHA incentive fund,p
917,41,202503,IhQbDYRiF8w,indicator_12,5499.770747363595,Kannauj,160,Kanpur Nagar Division,161,coverage,finance,indicator_12,Per ASHA expenditure of ASHA incentive fund,p
918,58,202503,NNk3JP90QZ5,indicator_12,5430.061232300038,Sonbhadra,200,Mirzapur Division,200,coverage,finance,indicator_12,Per ASHA expenditure of ASHA incentive fund,p
919,35,202503,NL5xiiHZQSC,indicator_12,5170.295924064768,Jalaun,165,Jhansi Division,165,coverage,finance,indicator_12,Per ASHA expenditure of ASHA incentive fund,p
920,42,202503,k3D0AumUCiC,indicator_12,4904.121350887234,Kanpur Dehat,163,Kanpur Nagar Division,161,coverage,finance,indicator_12,Per ASHA expenditure of ASHA incentive fund,p
921,43,202503,QVMRMhzVrrS,indicator_12,5103.217972070431,Kanpur Nagar,164,Kanpur Nagar Division,161,coverage,finance,indicator_12,Per ASHA expenditure of ASHA incentive fund,p
922,31,202503,Tf9b9qcbghH,indicator_12,4991.221469776774,Deoria,190,Gorakhpur Division,188,coverage,finance,indicator_12,Per ASHA expenditure of ASHA incentive fund,p
923,36,202503,Mq751wBMqGF,indicator_12,4990.984028851108,Jhansi,166,Jhansi Division,165,coverage,finance,indicator_12,Per ASHA expenditure of ASHA incentive fund,p
924,37,202503,fagfcadhxej,indicator_12,5142.478462557985,Lalitpur,167,Jhansi Division,165,coverage,finance,indicator_12,Per ASHA expenditure of ASHA incentive fund,p
925,32,202503,vR85cHdsw1w,indicator_12,5042.571306939123,Gorakhpur,188,Gorakhpur Division,188,coverage,finance,indicator_12,Per ASHA expenditure of ASHA incentive fund,p
926,33,202503,xUeHwd9FQkg,indicator_12,4351.05496946141,Kushinagar,189,Gorakhpur Division,188,coverage,finance,indicator_12,Per ASHA expenditure of ASHA incentive fund,p
927,27,202503,iE0E3nLioFr,indicator_12,5568.779133194486,Bahraich,180,Gonda Division,182,coverage,finance,indicator_12,Per ASHA expenditure of ASHA incentive fund,p
928,34,202503,AcnMkNGgc3S,indicator_12,5885.5173302409485,Maharajganj,187,Gorakhpur Division,188,coverage,finance,indicator_12,Per ASHA expenditure of ASHA incentive fund,p
929,28,202503,uS0pNSxN3sS,indicator_12,4694.536293497086,Balrampur,182,Gonda Division,182,coverage,finance,indicator_12,Per ASHA expenditure of ASHA incentive fund,p
930,29,202503,y8WarEkWCul,indicator_12,4758.040719976394,Gonda,183,Gonda Division,182,coverage,finance,indicator_12,Per ASHA expenditure of ASHA incentive fund,p
931,23,202503,DggJGxqbWHn,indicator_12,4944.513586392864,Banda,170,Chitrakoot Division,170,coverage,finance,indicator_12,Per ASHA expenditure of ASHA incentive fund,p
932,24,202503,i2fSZZ3QAJJ,indicator_12,5610.119047619048,Chitrakoot,171,Chitrakoot Division,170,coverage,finance,indicator_12,Per ASHA expenditure of ASHA incentive fund,p
933,25,202503,VSI7HobT5qL,indicator_12,4637.7192982456145,Hamirpur,168,Chitrakoot Division,170,coverage,finance,indicator_12,Per ASHA expenditure of ASHA incentive fund,p
934,30,202503,oyTwneTbWDx,indicator_12,6192.471401968609,Shrawasti,181,Gonda Division,182,coverage,finance,indicator_12,Per ASHA expenditure of ASHA incentive fund,p
935,20,202503,J1P16zQEOUT,indicator_12,4667.97158184718,Basti,185,Basti Division,185,coverage,finance,indicator_12,Per ASHA expenditure of ASHA incentive fund,p
936,21,202503,fe1yBApr2sl,indicator_12,4816.125087351502,Sant Kabir Nagar,186,Basti Division,185,coverage,finance,indicator_12,Per ASHA expenditure of ASHA incentive fund,p
937,22,202503,cP0p8qfm3il,indicator_12,5558.166862514689,Siddharth Nagar,184,Basti Division,185,coverage,finance,indicator_12,Per ASHA expenditure of ASHA incentive fund,p
938,26,202503,sUQMxIc3yXj,indicator_12,5292.240939254722,Mahoba,169,Chitrakoot Division,170,coverage,finance,indicator_12,Per ASHA expenditure of ASHA incentive fund,p
939,16,202503,eA37kyBRRuZ,indicator_12,5434.5526937912155,Budaun,149,Bareilly Division,150,coverage,finance,indicator_12,Per ASHA expenditure of ASHA incentive fund,p
940,17,202503,vVqY3DPcpHf,indicator_12,4778.239202657807,Bareilly,150,Bareilly Division,150,coverage,finance,indicator_12,Per ASHA expenditure of ASHA incentive fund,p
941,13,202503,NjckKfm3g0k,indicator_12,4511.010633844093,Azamgarh,191,Azamgarh Division,193,coverage,finance,indicator_12,Per ASHA expenditure of ASHA incentive fund,p
942,18,202503,c96jwckSd6j,indicator_12,5303.196681307955,Pilibhit,151,Bareilly Division,150,coverage,finance,indicator_12,Per ASHA expenditure of ASHA incentive fund,p
943,19,202503,GaiLSoQq1ue,indicator_12,4425.563463819692,Shahjahanpur,152,Bareilly Division,150,coverage,finance,indicator_12,Per ASHA expenditure of ASHA incentive fund,p
944,14,202503,oNDvGBE5fLq,indicator_12,3949.8099709367316,Ballia,193,Azamgarh Division,193,coverage,finance,indicator_12,Per ASHA expenditure of ASHA incentive fund,p
945,15,202503,CBSB9v92AwT,indicator_12,4901.438240270728,Maunathbhanjan,192,Azamgarh Division,193,coverage,finance,indicator_12,Per ASHA expenditure of ASHA incentive fund,p
946,4,202503,frD2HOp3wAs,indicator_12,5738.9486260454,Aligarh,143,Alligarh Division,201,coverage,finance,indicator_12,Per ASHA expenditure of ASHA incentive fund,p
947,5,202503,ZLcx4iOVyN5,indicator_12,5171.402100061767,Etah,201,Alligarh Division,201,coverage,finance,indicator_12,Per ASHA expenditure of ASHA incentive fund,p
948,6,202503,m1IAjmqkoFC,indicator_12,5763.669821240799,Hathras,144,Alligarh Division,201,coverage,finance,indicator_12,Per ASHA expenditure of ASHA incentive fund,p
949,7,202503,hITp09XOBLZ,indicator_12,4897.277863379559,Kasganj,202,Alligarh Division,201,coverage,finance,indicator_12,Per ASHA expenditure of ASHA incentive fund,p
950,50,202503,HJIS3IrQ0Nj,indicator_12,4714.0788997466525,Bagpat,139,Meerut Division,140,coverage,finance,indicator_12,Per ASHA expenditure of ASHA incentive fund,p
951,51,202503,ogBt4gWCiem,indicator_12,5434.651068979427,Bulandshahar,142,Meerut Division,140,coverage,finance,indicator_12,Per ASHA expenditure of ASHA incentive fund,p
952,52,202503,bNmwkrQeP3e,indicator_12,5619.9538638985005,Gautam Buddha Nagar,141,Meerut Division,140,coverage,finance,indicator_12,Per ASHA expenditure of ASHA incentive fund,p
953,53,202503,M5NHlfAaKYI,indicator_12,5491.587802313354,Ghaziabad,140,Meerut Division,140,coverage,finance,indicator_12,Per ASHA expenditure of ASHA incentive fund,p
954,54,202503,CZ8kLjgqvSH,indicator_12,5244.860943168077,Hapur,204,Meerut Division,140,coverage,finance,indicator_12,Per ASHA expenditure of ASHA incentive fund,p
955,55,202503,v8YGmR7nOdj,indicator_12,5626.086956521738,Meerut,138,Meerut Division,140,coverage,finance,indicator_12,Per ASHA expenditure of ASHA incentive fund,p
956,44,202503,MTIkUw5q5pX,indicator_12,4603.46054621475,Hardoi,155,Lucknow Division,155,coverage,finance,indicator_12,Per ASHA expenditure of ASHA incentive fund,p
957,45,202503,d9ZuMopgX29,indicator_12,5219.458497283117,Lakhimpur Kheri,153,Lucknow Division,155,coverage,finance,indicator_12,Per ASHA expenditure of ASHA incentive fund,p
958,9,202503,StsLkYw1G0m,indicator_12,4832.870370370371,Amethi,206,Ayodhya Division,176,coverage,finance,indicator_12,Per ASHA expenditure of ASHA incentive fund,p
959,46,202503,MfHac5N78aK,indicator_12,5146.790038839388,Lucknow,157,Lucknow Division,155,coverage,finance,indicator_12,Per ASHA expenditure of ASHA incentive fund,p
960,47,202503,lLvTDpBDY8u,indicator_12,5156.05493133583,Rae Bareli,158,Lucknow Division,155,coverage,finance,indicator_12,Per ASHA expenditure of ASHA incentive fund,p
961,48,202503,XxaOowFtkiJ,indicator_12,5393.373389063044,Sitapur,154,Lucknow Division,155,coverage,finance,indicator_12,Per ASHA expenditure of ASHA incentive fund,p
962,49,202503,aT03mfdlNiF,indicator_12,5095.617529880478,Unnav,156,Lucknow Division,155,coverage,finance,indicator_12,Per ASHA expenditure of ASHA incentive fund,p
963,64,202503,ibLiLcaKzw2,indicator_12,5162.864112498207,Fatehpur,172,Prayagraj Division,172,coverage,finance,indicator_12,Per ASHA expenditure of ASHA incentive fund,p
964,8,202503,jM27ji8tyrM,indicator_12,4547.2061657032755,Ambedkar Nagar,178,Ayodhya Division,176,coverage,finance,indicator_12,Per ASHA expenditure of ASHA incentive fund,p
965,10,202503,b4XkXzoGqFY,indicator_12,4737.5036971310265,Ayodhya,177,Ayodhya Division,176,coverage,finance,indicator_12,Per ASHA expenditure of ASHA incentive fund,p
966,11,202503,tzH6nJu9SwS,indicator_12,4892.850039777248,Barabanki,176,Ayodhya Division,176,coverage,finance,indicator_12,Per ASHA expenditure of ASHA incentive fund,p
967,12,202503,o4ZQTVcMI7U,indicator_12,4694.035631293571,Sultanpur,179,Ayodhya Division,176,coverage,finance,indicator_12,Per ASHA expenditure of ASHA incentive fund,p
968,65,202503,PAj0oVY0Dxu,indicator_12,5794.194390084802,Kaushambi,174,Prayagraj Division,172,coverage,finance,indicator_12,Per ASHA expenditure of ASHA incentive fund,p
969,66,202503,fz7bJo3egPX,indicator_12,4644.704734016594,Pratapgarh,173,Prayagraj Division,172,coverage,finance,indicator_12,Per ASHA expenditure of ASHA incentive fund,p
970,67,202503,tXgaew1Pd2Y,indicator_12,4855.117351503888,Prayagraj,175,Prayagraj Division,172,coverage,finance,indicator_12,Per ASHA expenditure of ASHA incentive fund,p
971,0,202503,N5WWbRtsjWp,indicator_12,5850.713842333954,Agra,146,Agra Division,146,coverage,finance,indicator_12,Per ASHA expenditure of ASHA incentive fund,p
972,1,202503,eJTsuE56XDF,indicator_12,5505.842558425585,Firozabad,147,Agra Division,146,coverage,finance,indicator_12,Per ASHA expenditure of ASHA incentive fund,p
973,2,202503,XBLhrSWGytu,indicator_12,5045.294635004398,Mainpuri,148,Agra Division,146,coverage,finance,indicator_12,Per ASHA expenditure of ASHA incentive fund,p
974,3,202503,KP2BUB1npih,indicator_12,5988.616268788683,Mathura,145,Agra Division,146,coverage,finance,indicator_12,Per ASHA expenditure of ASHA incentive fund,p
