date,district,district_id,indicator_id,perc_point
201710,Agra,N5WWbRtsjWp,indicator_13,1.877934272
201710,Aligarh,frD2HOp3wAs,indicator_13,2.073732719
201710,Ambedkar Nagar,jM27ji8tyrM,indicator_13,1.869158879
201710,Amethi,StsLkYw1G0m,indicator_13,2.448979592
201710,Amroha,hgquAmZaNBu,indicator_13,0.966183575
201710,Auraiya,Bd6E8zkVvVt,indicator_13,2.717391304
201710,Ayodhya,b4XkXzoGqFY,indicator_13,6.005221932
201710,Azamgarh,NjckKfm3g0k,indicator_13,1.751313485
201710,Bagpat,HJIS3IrQ0Nj,indicator_13,1.19047619
201710,Bahraich,iE0E3nLioFr,indicator_13,4.761904762
201710,Ballia,oNDvGBE5fLq,indicator_13,4.5
201710,Balrampur,uS0pNSxN3sS,indicator_13,0.784313725
201710,Banda,DggJGxqbWHn,indicator_13,1.607717042
201710,Barabanki,tzH6nJu9SwS,indicator_13,2.78372591
201710,Bareilly,vVqY3DPcpHf,indicator_13,1.293103448
201710,Basti,J1P16zQEOUT,indicator_13,1.807228916
201710,Bhadohi,PeUY1vj02UQ,indicator_13,3.243243243
201710,Bijnor,uCYjHW7FuGG,indicator_13,6.133333333
201710,Budaun,eA37kyBRRuZ,indicator_13,1.955307263
201710,Bulandshahar,ogBt4gWCiem,indicator_13,2.040816327
201710,Chandauli,ClbehnmwSec,indicator_13,4.827586207
201710,Chitrakoot,i2fSZZ3QAJJ,indicator_13,
201710,Deoria,Tf9b9qcbghH,indicator_13,3.90625
201710,Etah,ZLcx4iOVyN5,indicator_13,1.895734597
201710,Etawah,Pm0jLk6EAiE,indicator_13,4.975124378
201710,Farrukhabad,uEEwlAGZXWW,indicator_13,1.401869159
201710,Fatehpur,ibLiLcaKzw2,indicator_13,1.420454545
201710,Firozabad,eJTsuE56XDF,indicator_13,4.460966543
201710,Gautam Buddha Nagar,bNmwkrQeP3e,indicator_13,0.769230769
201710,Ghaziabad,M5NHlfAaKYI,indicator_13,3.76344086
201710,Ghazipur,dScWdMRN8PL,indicator_13,3.579418345
201710,Gonda,y8WarEkWCul,indicator_13,4.312668464
201710,Gorakhpur,vR85cHdsw1w,indicator_13,3.311258278
201710,Hamirpur,VSI7HobT5qL,indicator_13,1.276595745
201710,Hapur,CZ8kLjgqvSH,indicator_13,2.234636872
201710,Hardoi,MTIkUw5q5pX,indicator_13,2.306079665
201710,Hathras,m1IAjmqkoFC,indicator_13,4.054054054
201710,Jalaun,NL5xiiHZQSC,indicator_13,1.572327044
201710,Jaunpur,gmw76vAUMqz,indicator_13,3.649635036
201710,Jhansi,Mq751wBMqGF,indicator_13,3.193612774
201710,Kannauj,IhQbDYRiF8w,indicator_13,1.818181818
201710,Kanpur Dehat,k3D0AumUCiC,indicator_13,2.573529412
201710,Kanpur Nagar,QVMRMhzVrrS,indicator_13,1.048951049
201710,Kasganj,hITp09XOBLZ,indicator_13,3.664921466
201710,Kaushambi,PAj0oVY0Dxu,indicator_13,2.487562189
201710,Kushinagar,xUeHwd9FQkg,indicator_13,7.843137255
201710,Lakhimpur Kheri,d9ZuMopgX29,indicator_13,6.739130435
201710,Lalitpur,fagfcadhxej,indicator_13,3.652968037
201710,Lucknow,MfHac5N78aK,indicator_13,3.287671233
201710,Maharajganj,AcnMkNGgc3S,indicator_13,3.943661972
201710,Mahoba,sUQMxIc3yXj,indicator_13,1.129943503
201710,Mainpuri,XBLhrSWGytu,indicator_13,1.304347826
201710,Mathura,KP2BUB1npih,indicator_13,1.831501832
201710,Maunathbhanjan,CBSB9v92AwT,indicator_13,6.177606178
201710,Meerut,v8YGmR7nOdj,indicator_13,1.126126126
201710,Mirzapur,UAicdMLyuk4,indicator_13,4.702194357
201710,Moradabad,YQNQoPjAIpV,indicator_13,5.373134328
201710,Muzaffarnagar,MVQs2RrS1Nw,indicator_13,3.170028818
201710,Pilibhit,c96jwckSd6j,indicator_13,1.244813278
201710,Pratapgarh,fz7bJo3egPX,indicator_13,4.199475066
201710,Prayagraj,tXgaew1Pd2Y,indicator_13,2.155887231
201710,Rae Bareli,lLvTDpBDY8u,indicator_13,4.134366925
201710,Rampur,IU006h5U7jj,indicator_13,1.214574899
201710,Saharanpur,FKYZ3JbWq84,indicator_13,2.702702703
201710,Sambhal,YzHpzrN0eLv,indicator_13,2.34375
201710,Sant Kabir Nagar,fe1yBApr2sl,indicator_13,2.702702703
201710,Shahjahanpur,GaiLSoQq1ue,indicator_13,2.110817942
201710,Shamli,AdiUcz9BXhx,indicator_13,1.226993865
201710,Shrawasti,oyTwneTbWDx,indicator_13,2.205882353
201710,Siddharth Nagar,cP0p8qfm3il,indicator_13,7.744107744
201710,Sitapur,XxaOowFtkiJ,indicator_13,2.490421456
201710,Sonbhadra,NNk3JP90QZ5,indicator_13,3.524229075
201710,Sultanpur,o4ZQTVcMI7U,indicator_13,2.670623145
201710,Unnav,aT03mfdlNiF,indicator_13,1.813471503
201710,Varanasi,LeuBT7KfuuA,indicator_13,3.485254692
201711,Agra,N5WWbRtsjWp,indicator_13,1.877934272
201711,Aligarh,frD2HOp3wAs,indicator_13,2.073732719
201711,Ambedkar Nagar,jM27ji8tyrM,indicator_13,1.869158879
201711,Amethi,StsLkYw1G0m,indicator_13,2.448979592
201711,Amroha,hgquAmZaNBu,indicator_13,0.966183575
201711,Auraiya,Bd6E8zkVvVt,indicator_13,2.717391304
201711,Ayodhya,b4XkXzoGqFY,indicator_13,6.005221932
201711,Azamgarh,NjckKfm3g0k,indicator_13,1.751313485
201711,Bagpat,HJIS3IrQ0Nj,indicator_13,1.19047619
201711,Bahraich,iE0E3nLioFr,indicator_13,4.761904762
201711,Ballia,oNDvGBE5fLq,indicator_13,4.5
201711,Balrampur,uS0pNSxN3sS,indicator_13,0.784313725
201711,Banda,DggJGxqbWHn,indicator_13,1.607717042
201711,Barabanki,tzH6nJu9SwS,indicator_13,2.78372591
201711,Bareilly,vVqY3DPcpHf,indicator_13,1.293103448
201711,Basti,J1P16zQEOUT,indicator_13,1.807228916
201711,Bhadohi,PeUY1vj02UQ,indicator_13,3.243243243
201711,Bijnor,uCYjHW7FuGG,indicator_13,6.133333333
201711,Budaun,eA37kyBRRuZ,indicator_13,1.955307263
201711,Bulandshahar,ogBt4gWCiem,indicator_13,2.040816327
201711,Chandauli,ClbehnmwSec,indicator_13,4.827586207
201711,Chitrakoot,i2fSZZ3QAJJ,indicator_13,
201711,Deoria,Tf9b9qcbghH,indicator_13,3.90625
201711,Etah,ZLcx4iOVyN5,indicator_13,1.895734597
201711,Etawah,Pm0jLk6EAiE,indicator_13,4.975124378
201711,Farrukhabad,uEEwlAGZXWW,indicator_13,1.401869159
201711,Fatehpur,ibLiLcaKzw2,indicator_13,1.420454545
201711,Firozabad,eJTsuE56XDF,indicator_13,4.460966543
201711,Gautam Buddha Nagar,bNmwkrQeP3e,indicator_13,0.769230769
201711,Ghaziabad,M5NHlfAaKYI,indicator_13,3.76344086
201711,Ghazipur,dScWdMRN8PL,indicator_13,3.579418345
201711,Gonda,y8WarEkWCul,indicator_13,4.312668464
201711,Gorakhpur,vR85cHdsw1w,indicator_13,3.311258278
201711,Hamirpur,VSI7HobT5qL,indicator_13,1.276595745
201711,Hapur,CZ8kLjgqvSH,indicator_13,2.234636872
201711,Hardoi,MTIkUw5q5pX,indicator_13,2.306079665
201711,Hathras,m1IAjmqkoFC,indicator_13,4.054054054
201711,Jalaun,NL5xiiHZQSC,indicator_13,1.572327044
201711,Jaunpur,gmw76vAUMqz,indicator_13,3.649635036
201711,Jhansi,Mq751wBMqGF,indicator_13,3.193612774
201711,Kannauj,IhQbDYRiF8w,indicator_13,1.818181818
201711,Kanpur Dehat,k3D0AumUCiC,indicator_13,2.573529412
201711,Kanpur Nagar,QVMRMhzVrrS,indicator_13,1.048951049
201711,Kasganj,hITp09XOBLZ,indicator_13,3.664921466
201711,Kaushambi,PAj0oVY0Dxu,indicator_13,2.487562189
201711,Kushinagar,xUeHwd9FQkg,indicator_13,7.843137255
201711,Lakhimpur Kheri,d9ZuMopgX29,indicator_13,6.739130435
201711,Lalitpur,fagfcadhxej,indicator_13,3.652968037
201711,Lucknow,MfHac5N78aK,indicator_13,3.287671233
201711,Maharajganj,AcnMkNGgc3S,indicator_13,3.943661972
201711,Mahoba,sUQMxIc3yXj,indicator_13,1.129943503
201711,Mainpuri,XBLhrSWGytu,indicator_13,1.304347826
201711,Mathura,KP2BUB1npih,indicator_13,1.831501832
201711,Maunathbhanjan,CBSB9v92AwT,indicator_13,6.177606178
201711,Meerut,v8YGmR7nOdj,indicator_13,1.126126126
201711,Mirzapur,UAicdMLyuk4,indicator_13,4.702194357
201711,Moradabad,YQNQoPjAIpV,indicator_13,5.373134328
201711,Muzaffarnagar,MVQs2RrS1Nw,indicator_13,3.170028818
201711,Pilibhit,c96jwckSd6j,indicator_13,1.244813278
201711,Pratapgarh,fz7bJo3egPX,indicator_13,4.199475066
201711,Prayagraj,tXgaew1Pd2Y,indicator_13,2.155887231
201711,Rae Bareli,lLvTDpBDY8u,indicator_13,4.134366925
201711,Rampur,IU006h5U7jj,indicator_13,1.214574899
201711,Saharanpur,FKYZ3JbWq84,indicator_13,2.702702703
201711,Sambhal,YzHpzrN0eLv,indicator_13,2.34375
201711,Sant Kabir Nagar,fe1yBApr2sl,indicator_13,2.702702703
201711,Shahjahanpur,GaiLSoQq1ue,indicator_13,2.110817942
201711,Shamli,AdiUcz9BXhx,indicator_13,1.226993865
201711,Shrawasti,oyTwneTbWDx,indicator_13,2.205882353
201711,Siddharth Nagar,cP0p8qfm3il,indicator_13,7.744107744
201711,Sitapur,XxaOowFtkiJ,indicator_13,2.490421456
201711,Sonbhadra,NNk3JP90QZ5,indicator_13,3.524229075
201711,Sultanpur,o4ZQTVcMI7U,indicator_13,2.670623145
201711,Unnav,aT03mfdlNiF,indicator_13,1.813471503
201711,Varanasi,LeuBT7KfuuA,indicator_13,3.485254692
201712,Agra,N5WWbRtsjWp,indicator_13,1.877934272
201712,Aligarh,frD2HOp3wAs,indicator_13,2.073732719
201712,Ambedkar Nagar,jM27ji8tyrM,indicator_13,1.869158879
201712,Amethi,StsLkYw1G0m,indicator_13,2.448979592
201712,Amroha,hgquAmZaNBu,indicator_13,0.966183575
201712,Auraiya,Bd6E8zkVvVt,indicator_13,2.717391304
201712,Ayodhya,b4XkXzoGqFY,indicator_13,6.005221932
201712,Azamgarh,NjckKfm3g0k,indicator_13,1.751313485
201712,Bagpat,HJIS3IrQ0Nj,indicator_13,1.19047619
201712,Bahraich,iE0E3nLioFr,indicator_13,4.761904762
201712,Ballia,oNDvGBE5fLq,indicator_13,4.5
201712,Balrampur,uS0pNSxN3sS,indicator_13,0.784313725
201712,Banda,DggJGxqbWHn,indicator_13,1.607717042
201712,Barabanki,tzH6nJu9SwS,indicator_13,2.78372591
201712,Bareilly,vVqY3DPcpHf,indicator_13,1.293103448
201712,Basti,J1P16zQEOUT,indicator_13,1.807228916
201712,Bhadohi,PeUY1vj02UQ,indicator_13,3.243243243
201712,Bijnor,uCYjHW7FuGG,indicator_13,6.133333333
201712,Budaun,eA37kyBRRuZ,indicator_13,1.955307263
201712,Bulandshahar,ogBt4gWCiem,indicator_13,2.040816327
201712,Chandauli,ClbehnmwSec,indicator_13,4.827586207
201712,Chitrakoot,i2fSZZ3QAJJ,indicator_13,
201712,Deoria,Tf9b9qcbghH,indicator_13,3.90625
201712,Etah,ZLcx4iOVyN5,indicator_13,1.895734597
201712,Etawah,Pm0jLk6EAiE,indicator_13,4.975124378
201712,Farrukhabad,uEEwlAGZXWW,indicator_13,1.401869159
201712,Fatehpur,ibLiLcaKzw2,indicator_13,1.420454545
201712,Firozabad,eJTsuE56XDF,indicator_13,4.460966543
201712,Gautam Buddha Nagar,bNmwkrQeP3e,indicator_13,0.769230769
201712,Ghaziabad,M5NHlfAaKYI,indicator_13,3.76344086
201712,Ghazipur,dScWdMRN8PL,indicator_13,3.579418345
201712,Gonda,y8WarEkWCul,indicator_13,4.312668464
201712,Gorakhpur,vR85cHdsw1w,indicator_13,3.311258278
201712,Hamirpur,VSI7HobT5qL,indicator_13,1.276595745
201712,Hapur,CZ8kLjgqvSH,indicator_13,2.234636872
201712,Hardoi,MTIkUw5q5pX,indicator_13,2.306079665
201712,Hathras,m1IAjmqkoFC,indicator_13,4.054054054
201712,Jalaun,NL5xiiHZQSC,indicator_13,1.572327044
201712,Jaunpur,gmw76vAUMqz,indicator_13,3.649635036
201712,Jhansi,Mq751wBMqGF,indicator_13,3.193612774
201712,Kannauj,IhQbDYRiF8w,indicator_13,1.818181818
201712,Kanpur Dehat,k3D0AumUCiC,indicator_13,2.573529412
201712,Kanpur Nagar,QVMRMhzVrrS,indicator_13,1.048951049
201712,Kasganj,hITp09XOBLZ,indicator_13,3.664921466
201712,Kaushambi,PAj0oVY0Dxu,indicator_13,2.487562189
201712,Kushinagar,xUeHwd9FQkg,indicator_13,7.843137255
201712,Lakhimpur Kheri,d9ZuMopgX29,indicator_13,6.739130435
201712,Lalitpur,fagfcadhxej,indicator_13,3.652968037
201712,Lucknow,MfHac5N78aK,indicator_13,3.287671233
201712,Maharajganj,AcnMkNGgc3S,indicator_13,3.943661972
201712,Mahoba,sUQMxIc3yXj,indicator_13,1.129943503
201712,Mainpuri,XBLhrSWGytu,indicator_13,1.304347826
201712,Mathura,KP2BUB1npih,indicator_13,1.831501832
201712,Maunathbhanjan,CBSB9v92AwT,indicator_13,6.177606178
201712,Meerut,v8YGmR7nOdj,indicator_13,1.126126126
201712,Mirzapur,UAicdMLyuk4,indicator_13,4.702194357
201712,Moradabad,YQNQoPjAIpV,indicator_13,5.373134328
201712,Muzaffarnagar,MVQs2RrS1Nw,indicator_13,3.170028818
201712,Pilibhit,c96jwckSd6j,indicator_13,1.244813278
201712,Pratapgarh,fz7bJo3egPX,indicator_13,4.199475066
201712,Prayagraj,tXgaew1Pd2Y,indicator_13,2.155887231
201712,Rae Bareli,lLvTDpBDY8u,indicator_13,4.134366925
201712,Rampur,IU006h5U7jj,indicator_13,1.214574899
201712,Saharanpur,FKYZ3JbWq84,indicator_13,2.702702703
201712,Sambhal,YzHpzrN0eLv,indicator_13,2.34375
201712,Sant Kabir Nagar,fe1yBApr2sl,indicator_13,2.702702703
201712,Shahjahanpur,GaiLSoQq1ue,indicator_13,2.110817942
201712,Shamli,AdiUcz9BXhx,indicator_13,1.226993865
201712,Shrawasti,oyTwneTbWDx,indicator_13,2.205882353
201712,Siddharth Nagar,cP0p8qfm3il,indicator_13,7.744107744
201712,Sitapur,XxaOowFtkiJ,indicator_13,2.490421456
201712,Sonbhadra,NNk3JP90QZ5,indicator_13,3.524229075
201712,Sultanpur,o4ZQTVcMI7U,indicator_13,2.670623145
201712,Unnav,aT03mfdlNiF,indicator_13,1.813471503
201712,Varanasi,LeuBT7KfuuA,indicator_13,3.485254692
201801,Agra,N5WWbRtsjWp,indicator_13,1.877934272
201801,Aligarh,frD2HOp3wAs,indicator_13,2.073732719
201801,Ambedkar Nagar,jM27ji8tyrM,indicator_13,1.869158879
201801,Amethi,StsLkYw1G0m,indicator_13,2.448979592
201801,Amroha,hgquAmZaNBu,indicator_13,0.966183575
201801,Auraiya,Bd6E8zkVvVt,indicator_13,2.717391304
201801,Ayodhya,b4XkXzoGqFY,indicator_13,6.005221932
201801,Azamgarh,NjckKfm3g0k,indicator_13,1.751313485
201801,Bagpat,HJIS3IrQ0Nj,indicator_13,1.19047619
201801,Bahraich,iE0E3nLioFr,indicator_13,4.761904762
201801,Ballia,oNDvGBE5fLq,indicator_13,4.5
201801,Balrampur,uS0pNSxN3sS,indicator_13,0.784313725
201801,Banda,DggJGxqbWHn,indicator_13,1.607717042
201801,Barabanki,tzH6nJu9SwS,indicator_13,2.78372591
201801,Bareilly,vVqY3DPcpHf,indicator_13,1.293103448
201801,Basti,J1P16zQEOUT,indicator_13,1.807228916
201801,Bhadohi,PeUY1vj02UQ,indicator_13,3.243243243
201801,Bijnor,uCYjHW7FuGG,indicator_13,6.133333333
201801,Budaun,eA37kyBRRuZ,indicator_13,1.955307263
201801,Bulandshahar,ogBt4gWCiem,indicator_13,2.040816327
201801,Chandauli,ClbehnmwSec,indicator_13,4.827586207
201801,Chitrakoot,i2fSZZ3QAJJ,indicator_13,
201801,Deoria,Tf9b9qcbghH,indicator_13,3.90625
201801,Etah,ZLcx4iOVyN5,indicator_13,1.895734597
201801,Etawah,Pm0jLk6EAiE,indicator_13,4.975124378
201801,Farrukhabad,uEEwlAGZXWW,indicator_13,1.401869159
201801,Fatehpur,ibLiLcaKzw2,indicator_13,1.420454545
201801,Firozabad,eJTsuE56XDF,indicator_13,4.460966543
201801,Gautam Buddha Nagar,bNmwkrQeP3e,indicator_13,0.769230769
201801,Ghaziabad,M5NHlfAaKYI,indicator_13,3.76344086
201801,Ghazipur,dScWdMRN8PL,indicator_13,3.579418345
201801,Gonda,y8WarEkWCul,indicator_13,4.312668464
201801,Gorakhpur,vR85cHdsw1w,indicator_13,3.311258278
201801,Hamirpur,VSI7HobT5qL,indicator_13,1.276595745
201801,Hapur,CZ8kLjgqvSH,indicator_13,2.234636872
201801,Hardoi,MTIkUw5q5pX,indicator_13,2.306079665
201801,Hathras,m1IAjmqkoFC,indicator_13,4.054054054
201801,Jalaun,NL5xiiHZQSC,indicator_13,1.572327044
201801,Jaunpur,gmw76vAUMqz,indicator_13,3.649635036
201801,Jhansi,Mq751wBMqGF,indicator_13,3.193612774
201801,Kannauj,IhQbDYRiF8w,indicator_13,1.818181818
201801,Kanpur Dehat,k3D0AumUCiC,indicator_13,2.573529412
201801,Kanpur Nagar,QVMRMhzVrrS,indicator_13,1.048951049
201801,Kasganj,hITp09XOBLZ,indicator_13,3.664921466
201801,Kaushambi,PAj0oVY0Dxu,indicator_13,2.487562189
201801,Kushinagar,xUeHwd9FQkg,indicator_13,7.843137255
201801,Lakhimpur Kheri,d9ZuMopgX29,indicator_13,6.739130435
201801,Lalitpur,fagfcadhxej,indicator_13,3.652968037
201801,Lucknow,MfHac5N78aK,indicator_13,3.287671233
201801,Maharajganj,AcnMkNGgc3S,indicator_13,3.943661972
201801,Mahoba,sUQMxIc3yXj,indicator_13,1.129943503
201801,Mainpuri,XBLhrSWGytu,indicator_13,1.304347826
201801,Mathura,KP2BUB1npih,indicator_13,1.831501832
201801,Maunathbhanjan,CBSB9v92AwT,indicator_13,6.177606178
201801,Meerut,v8YGmR7nOdj,indicator_13,1.126126126
201801,Mirzapur,UAicdMLyuk4,indicator_13,4.702194357
201801,Moradabad,YQNQoPjAIpV,indicator_13,5.373134328
201801,Muzaffarnagar,MVQs2RrS1Nw,indicator_13,3.170028818
201801,Pilibhit,c96jwckSd6j,indicator_13,1.244813278
201801,Pratapgarh,fz7bJo3egPX,indicator_13,4.199475066
201801,Prayagraj,tXgaew1Pd2Y,indicator_13,2.155887231
201801,Rae Bareli,lLvTDpBDY8u,indicator_13,4.134366925
201801,Rampur,IU006h5U7jj,indicator_13,1.214574899
201801,Saharanpur,FKYZ3JbWq84,indicator_13,2.702702703
201801,Sambhal,YzHpzrN0eLv,indicator_13,2.34375
201801,Sant Kabir Nagar,fe1yBApr2sl,indicator_13,2.702702703
201801,Shahjahanpur,GaiLSoQq1ue,indicator_13,2.110817942
201801,Shamli,AdiUcz9BXhx,indicator_13,1.226993865
201801,Shrawasti,oyTwneTbWDx,indicator_13,2.205882353
201801,Siddharth Nagar,cP0p8qfm3il,indicator_13,7.744107744
201801,Sitapur,XxaOowFtkiJ,indicator_13,2.490421456
201801,Sonbhadra,NNk3JP90QZ5,indicator_13,3.524229075
201801,Sultanpur,o4ZQTVcMI7U,indicator_13,2.670623145
201801,Unnav,aT03mfdlNiF,indicator_13,1.813471503
201801,Varanasi,LeuBT7KfuuA,indicator_13,3.485254692
201802,Agra,N5WWbRtsjWp,indicator_13,1.877934272
201802,Aligarh,frD2HOp3wAs,indicator_13,2.073732719
201802,Ambedkar Nagar,jM27ji8tyrM,indicator_13,1.869158879
201802,Amethi,StsLkYw1G0m,indicator_13,2.448979592
201802,Amroha,hgquAmZaNBu,indicator_13,0.966183575
201802,Auraiya,Bd6E8zkVvVt,indicator_13,2.717391304
201802,Ayodhya,b4XkXzoGqFY,indicator_13,6.005221932
201802,Azamgarh,NjckKfm3g0k,indicator_13,1.751313485
201802,Bagpat,HJIS3IrQ0Nj,indicator_13,1.19047619
201802,Bahraich,iE0E3nLioFr,indicator_13,4.761904762
201802,Ballia,oNDvGBE5fLq,indicator_13,4.5
201802,Balrampur,uS0pNSxN3sS,indicator_13,0.784313725
201802,Banda,DggJGxqbWHn,indicator_13,1.607717042
201802,Barabanki,tzH6nJu9SwS,indicator_13,2.78372591
201802,Bareilly,vVqY3DPcpHf,indicator_13,1.293103448
201802,Basti,J1P16zQEOUT,indicator_13,1.807228916
201802,Bhadohi,PeUY1vj02UQ,indicator_13,3.243243243
201802,Bijnor,uCYjHW7FuGG,indicator_13,6.133333333
201802,Budaun,eA37kyBRRuZ,indicator_13,1.955307263
201802,Bulandshahar,ogBt4gWCiem,indicator_13,2.040816327
201802,Chandauli,ClbehnmwSec,indicator_13,4.827586207
201802,Chitrakoot,i2fSZZ3QAJJ,indicator_13,
201802,Deoria,Tf9b9qcbghH,indicator_13,3.90625
201802,Etah,ZLcx4iOVyN5,indicator_13,1.895734597
201802,Etawah,Pm0jLk6EAiE,indicator_13,4.975124378
201802,Farrukhabad,uEEwlAGZXWW,indicator_13,1.401869159
201802,Fatehpur,ibLiLcaKzw2,indicator_13,1.420454545
201802,Firozabad,eJTsuE56XDF,indicator_13,4.460966543
201802,Gautam Buddha Nagar,bNmwkrQeP3e,indicator_13,0.769230769
201802,Ghaziabad,M5NHlfAaKYI,indicator_13,3.76344086
201802,Ghazipur,dScWdMRN8PL,indicator_13,3.579418345
201802,Gonda,y8WarEkWCul,indicator_13,4.312668464
201802,Gorakhpur,vR85cHdsw1w,indicator_13,3.311258278
201802,Hamirpur,VSI7HobT5qL,indicator_13,1.276595745
201802,Hapur,CZ8kLjgqvSH,indicator_13,2.234636872
201802,Hardoi,MTIkUw5q5pX,indicator_13,2.306079665
201802,Hathras,m1IAjmqkoFC,indicator_13,4.054054054
201802,Jalaun,NL5xiiHZQSC,indicator_13,1.572327044
201802,Jaunpur,gmw76vAUMqz,indicator_13,3.649635036
201802,Jhansi,Mq751wBMqGF,indicator_13,3.193612774
201802,Kannauj,IhQbDYRiF8w,indicator_13,1.818181818
201802,Kanpur Dehat,k3D0AumUCiC,indicator_13,2.573529412
201802,Kanpur Nagar,QVMRMhzVrrS,indicator_13,1.048951049
201802,Kasganj,hITp09XOBLZ,indicator_13,3.664921466
201802,Kaushambi,PAj0oVY0Dxu,indicator_13,2.487562189
201802,Kushinagar,xUeHwd9FQkg,indicator_13,7.843137255
201802,Lakhimpur Kheri,d9ZuMopgX29,indicator_13,6.739130435
201802,Lalitpur,fagfcadhxej,indicator_13,3.652968037
201802,Lucknow,MfHac5N78aK,indicator_13,3.287671233
201802,Maharajganj,AcnMkNGgc3S,indicator_13,3.943661972
201802,Mahoba,sUQMxIc3yXj,indicator_13,1.129943503
201802,Mainpuri,XBLhrSWGytu,indicator_13,1.304347826
201802,Mathura,KP2BUB1npih,indicator_13,1.831501832
201802,Maunathbhanjan,CBSB9v92AwT,indicator_13,6.177606178
201802,Meerut,v8YGmR7nOdj,indicator_13,1.126126126
201802,Mirzapur,UAicdMLyuk4,indicator_13,4.702194357
201802,Moradabad,YQNQoPjAIpV,indicator_13,5.373134328
201802,Muzaffarnagar,MVQs2RrS1Nw,indicator_13,3.170028818
201802,Pilibhit,c96jwckSd6j,indicator_13,1.244813278
201802,Pratapgarh,fz7bJo3egPX,indicator_13,4.199475066
201802,Prayagraj,tXgaew1Pd2Y,indicator_13,2.155887231
201802,Rae Bareli,lLvTDpBDY8u,indicator_13,4.134366925
201802,Rampur,IU006h5U7jj,indicator_13,1.214574899
201802,Saharanpur,FKYZ3JbWq84,indicator_13,2.702702703
201802,Sambhal,YzHpzrN0eLv,indicator_13,2.34375
201802,Sant Kabir Nagar,fe1yBApr2sl,indicator_13,2.702702703
201802,Shahjahanpur,GaiLSoQq1ue,indicator_13,2.110817942
201802,Shamli,AdiUcz9BXhx,indicator_13,1.226993865
201802,Shrawasti,oyTwneTbWDx,indicator_13,2.205882353
201802,Siddharth Nagar,cP0p8qfm3il,indicator_13,7.744107744
201802,Sitapur,XxaOowFtkiJ,indicator_13,2.490421456
201802,Sonbhadra,NNk3JP90QZ5,indicator_13,3.524229075
201802,Sultanpur,o4ZQTVcMI7U,indicator_13,2.670623145
201802,Unnav,aT03mfdlNiF,indicator_13,1.813471503
201802,Varanasi,LeuBT7KfuuA,indicator_13,3.485254692
201803,Agra,N5WWbRtsjWp,indicator_13,1.877934272
201803,Aligarh,frD2HOp3wAs,indicator_13,2.073732719
201803,Ambedkar Nagar,jM27ji8tyrM,indicator_13,1.869158879
201803,Amethi,StsLkYw1G0m,indicator_13,2.448979592
201803,Amroha,hgquAmZaNBu,indicator_13,0.966183575
201803,Auraiya,Bd6E8zkVvVt,indicator_13,2.717391304
201803,Ayodhya,b4XkXzoGqFY,indicator_13,6.005221932
201803,Azamgarh,NjckKfm3g0k,indicator_13,1.751313485
201803,Bagpat,HJIS3IrQ0Nj,indicator_13,1.19047619
201803,Bahraich,iE0E3nLioFr,indicator_13,4.761904762
201803,Ballia,oNDvGBE5fLq,indicator_13,4.5
201803,Balrampur,uS0pNSxN3sS,indicator_13,0.784313725
201803,Banda,DggJGxqbWHn,indicator_13,1.607717042
201803,Barabanki,tzH6nJu9SwS,indicator_13,2.78372591
201803,Bareilly,vVqY3DPcpHf,indicator_13,1.293103448
201803,Basti,J1P16zQEOUT,indicator_13,1.807228916
201803,Bhadohi,PeUY1vj02UQ,indicator_13,3.243243243
201803,Bijnor,uCYjHW7FuGG,indicator_13,6.133333333
201803,Budaun,eA37kyBRRuZ,indicator_13,1.955307263
201803,Bulandshahar,ogBt4gWCiem,indicator_13,2.040816327
201803,Chandauli,ClbehnmwSec,indicator_13,4.827586207
201803,Chitrakoot,i2fSZZ3QAJJ,indicator_13,
201803,Deoria,Tf9b9qcbghH,indicator_13,3.90625
201803,Etah,ZLcx4iOVyN5,indicator_13,1.895734597
201803,Etawah,Pm0jLk6EAiE,indicator_13,4.975124378
201803,Farrukhabad,uEEwlAGZXWW,indicator_13,1.401869159
201803,Fatehpur,ibLiLcaKzw2,indicator_13,1.420454545
201803,Firozabad,eJTsuE56XDF,indicator_13,4.460966543
201803,Gautam Buddha Nagar,bNmwkrQeP3e,indicator_13,0.769230769
201803,Ghaziabad,M5NHlfAaKYI,indicator_13,3.76344086
201803,Ghazipur,dScWdMRN8PL,indicator_13,3.579418345
201803,Gonda,y8WarEkWCul,indicator_13,4.312668464
201803,Gorakhpur,vR85cHdsw1w,indicator_13,3.311258278
201803,Hamirpur,VSI7HobT5qL,indicator_13,1.276595745
201803,Hapur,CZ8kLjgqvSH,indicator_13,2.234636872
201803,Hardoi,MTIkUw5q5pX,indicator_13,2.306079665
201803,Hathras,m1IAjmqkoFC,indicator_13,4.054054054
201803,Jalaun,NL5xiiHZQSC,indicator_13,1.572327044
201803,Jaunpur,gmw76vAUMqz,indicator_13,3.649635036
201803,Jhansi,Mq751wBMqGF,indicator_13,3.193612774
201803,Kannauj,IhQbDYRiF8w,indicator_13,1.818181818
201803,Kanpur Dehat,k3D0AumUCiC,indicator_13,2.573529412
201803,Kanpur Nagar,QVMRMhzVrrS,indicator_13,1.048951049
201803,Kasganj,hITp09XOBLZ,indicator_13,3.664921466
201803,Kaushambi,PAj0oVY0Dxu,indicator_13,2.487562189
201803,Kushinagar,xUeHwd9FQkg,indicator_13,7.843137255
201803,Lakhimpur Kheri,d9ZuMopgX29,indicator_13,6.739130435
201803,Lalitpur,fagfcadhxej,indicator_13,3.652968037
201803,Lucknow,MfHac5N78aK,indicator_13,3.287671233
201803,Maharajganj,AcnMkNGgc3S,indicator_13,3.943661972
201803,Mahoba,sUQMxIc3yXj,indicator_13,1.129943503
201803,Mainpuri,XBLhrSWGytu,indicator_13,1.304347826
201803,Mathura,KP2BUB1npih,indicator_13,1.831501832
201803,Maunathbhanjan,CBSB9v92AwT,indicator_13,6.177606178
201803,Meerut,v8YGmR7nOdj,indicator_13,1.126126126
201803,Mirzapur,UAicdMLyuk4,indicator_13,4.702194357
201803,Moradabad,YQNQoPjAIpV,indicator_13,5.373134328
201803,Muzaffarnagar,MVQs2RrS1Nw,indicator_13,3.170028818
201803,Pilibhit,c96jwckSd6j,indicator_13,1.244813278
201803,Pratapgarh,fz7bJo3egPX,indicator_13,4.199475066
201803,Prayagraj,tXgaew1Pd2Y,indicator_13,2.155887231
201803,Rae Bareli,lLvTDpBDY8u,indicator_13,4.134366925
201803,Rampur,IU006h5U7jj,indicator_13,1.214574899
201803,Saharanpur,FKYZ3JbWq84,indicator_13,2.702702703
201803,Sambhal,YzHpzrN0eLv,indicator_13,2.34375
201803,Sant Kabir Nagar,fe1yBApr2sl,indicator_13,2.702702703
201803,Shahjahanpur,GaiLSoQq1ue,indicator_13,2.110817942
201803,Shamli,AdiUcz9BXhx,indicator_13,1.226993865
201803,Shrawasti,oyTwneTbWDx,indicator_13,2.205882353
201803,Siddharth Nagar,cP0p8qfm3il,indicator_13,7.744107744
201803,Sitapur,XxaOowFtkiJ,indicator_13,2.490421456
201803,Sonbhadra,NNk3JP90QZ5,indicator_13,3.524229075
201803,Sultanpur,o4ZQTVcMI7U,indicator_13,2.670623145
201803,Unnav,aT03mfdlNiF,indicator_13,1.813471503
201803,Varanasi,LeuBT7KfuuA,indicator_13,3.485254692
201804,Agra,N5WWbRtsjWp,indicator_13,1.877934272
201804,Aligarh,frD2HOp3wAs,indicator_13,2.073732719
201804,Ambedkar Nagar,jM27ji8tyrM,indicator_13,1.869158879
201804,Amethi,StsLkYw1G0m,indicator_13,2.448979592
201804,Amroha,hgquAmZaNBu,indicator_13,0.966183575
201804,Auraiya,Bd6E8zkVvVt,indicator_13,2.717391304
201804,Ayodhya,b4XkXzoGqFY,indicator_13,6.005221932
201804,Azamgarh,NjckKfm3g0k,indicator_13,1.751313485
201804,Bagpat,HJIS3IrQ0Nj,indicator_13,1.19047619
201804,Bahraich,iE0E3nLioFr,indicator_13,4.761904762
201804,Ballia,oNDvGBE5fLq,indicator_13,4.5
201804,Balrampur,uS0pNSxN3sS,indicator_13,0.784313725
201804,Banda,DggJGxqbWHn,indicator_13,1.607717042
201804,Barabanki,tzH6nJu9SwS,indicator_13,2.78372591
201804,Bareilly,vVqY3DPcpHf,indicator_13,1.293103448
201804,Basti,J1P16zQEOUT,indicator_13,1.807228916
201804,Bhadohi,PeUY1vj02UQ,indicator_13,3.243243243
201804,Bijnor,uCYjHW7FuGG,indicator_13,6.133333333
201804,Budaun,eA37kyBRRuZ,indicator_13,1.955307263
201804,Bulandshahar,ogBt4gWCiem,indicator_13,2.040816327
201804,Chandauli,ClbehnmwSec,indicator_13,4.827586207
201804,Chitrakoot,i2fSZZ3QAJJ,indicator_13,
201804,Deoria,Tf9b9qcbghH,indicator_13,3.90625
201804,Etah,ZLcx4iOVyN5,indicator_13,1.895734597
201804,Etawah,Pm0jLk6EAiE,indicator_13,4.975124378
201804,Farrukhabad,uEEwlAGZXWW,indicator_13,1.401869159
201804,Fatehpur,ibLiLcaKzw2,indicator_13,1.420454545
201804,Firozabad,eJTsuE56XDF,indicator_13,4.460966543
201804,Gautam Buddha Nagar,bNmwkrQeP3e,indicator_13,0.769230769
201804,Ghaziabad,M5NHlfAaKYI,indicator_13,3.76344086
201804,Ghazipur,dScWdMRN8PL,indicator_13,3.579418345
201804,Gonda,y8WarEkWCul,indicator_13,4.312668464
201804,Gorakhpur,vR85cHdsw1w,indicator_13,3.311258278
201804,Hamirpur,VSI7HobT5qL,indicator_13,1.276595745
201804,Hapur,CZ8kLjgqvSH,indicator_13,2.234636872
201804,Hardoi,MTIkUw5q5pX,indicator_13,2.306079665
201804,Hathras,m1IAjmqkoFC,indicator_13,4.054054054
201804,Jalaun,NL5xiiHZQSC,indicator_13,1.572327044
201804,Jaunpur,gmw76vAUMqz,indicator_13,3.649635036
201804,Jhansi,Mq751wBMqGF,indicator_13,3.193612774
201804,Kannauj,IhQbDYRiF8w,indicator_13,1.818181818
201804,Kanpur Dehat,k3D0AumUCiC,indicator_13,2.573529412
201804,Kanpur Nagar,QVMRMhzVrrS,indicator_13,1.048951049
201804,Kasganj,hITp09XOBLZ,indicator_13,3.664921466
201804,Kaushambi,PAj0oVY0Dxu,indicator_13,2.487562189
201804,Kushinagar,xUeHwd9FQkg,indicator_13,7.843137255
201804,Lakhimpur Kheri,d9ZuMopgX29,indicator_13,6.739130435
201804,Lalitpur,fagfcadhxej,indicator_13,3.652968037
201804,Lucknow,MfHac5N78aK,indicator_13,3.287671233
201804,Maharajganj,AcnMkNGgc3S,indicator_13,3.943661972
201804,Mahoba,sUQMxIc3yXj,indicator_13,1.129943503
201804,Mainpuri,XBLhrSWGytu,indicator_13,1.304347826
201804,Mathura,KP2BUB1npih,indicator_13,1.831501832
201804,Maunathbhanjan,CBSB9v92AwT,indicator_13,6.177606178
201804,Meerut,v8YGmR7nOdj,indicator_13,1.126126126
201804,Mirzapur,UAicdMLyuk4,indicator_13,4.702194357
201804,Moradabad,YQNQoPjAIpV,indicator_13,5.373134328
201804,Muzaffarnagar,MVQs2RrS1Nw,indicator_13,3.170028818
201804,Pilibhit,c96jwckSd6j,indicator_13,1.244813278
201804,Pratapgarh,fz7bJo3egPX,indicator_13,4.199475066
201804,Prayagraj,tXgaew1Pd2Y,indicator_13,2.155887231
201804,Rae Bareli,lLvTDpBDY8u,indicator_13,4.134366925
201804,Rampur,IU006h5U7jj,indicator_13,1.214574899
201804,Saharanpur,FKYZ3JbWq84,indicator_13,2.702702703
201804,Sambhal,YzHpzrN0eLv,indicator_13,2.34375
201804,Sant Kabir Nagar,fe1yBApr2sl,indicator_13,2.702702703
201804,Shahjahanpur,GaiLSoQq1ue,indicator_13,2.110817942
201804,Shamli,AdiUcz9BXhx,indicator_13,1.226993865
201804,Shrawasti,oyTwneTbWDx,indicator_13,2.205882353
201804,Siddharth Nagar,cP0p8qfm3il,indicator_13,7.744107744
201804,Sitapur,XxaOowFtkiJ,indicator_13,2.490421456
201804,Sonbhadra,NNk3JP90QZ5,indicator_13,3.524229075
201804,Sultanpur,o4ZQTVcMI7U,indicator_13,2.670623145
201804,Unnav,aT03mfdlNiF,indicator_13,1.813471503
201804,Varanasi,LeuBT7KfuuA,indicator_13,3.485254692
201805,Agra,N5WWbRtsjWp,indicator_13,1.877934272
201805,Aligarh,frD2HOp3wAs,indicator_13,2.073732719
201805,Ambedkar Nagar,jM27ji8tyrM,indicator_13,1.869158879
201805,Amethi,StsLkYw1G0m,indicator_13,2.448979592
201805,Amroha,hgquAmZaNBu,indicator_13,0.966183575
201805,Auraiya,Bd6E8zkVvVt,indicator_13,2.717391304
201805,Ayodhya,b4XkXzoGqFY,indicator_13,6.005221932
201805,Azamgarh,NjckKfm3g0k,indicator_13,1.751313485
201805,Bagpat,HJIS3IrQ0Nj,indicator_13,1.19047619
201805,Bahraich,iE0E3nLioFr,indicator_13,4.761904762
201805,Ballia,oNDvGBE5fLq,indicator_13,4.5
201805,Balrampur,uS0pNSxN3sS,indicator_13,0.784313725
201805,Banda,DggJGxqbWHn,indicator_13,1.607717042
201805,Barabanki,tzH6nJu9SwS,indicator_13,2.78372591
201805,Bareilly,vVqY3DPcpHf,indicator_13,1.293103448
201805,Basti,J1P16zQEOUT,indicator_13,1.807228916
201805,Bhadohi,PeUY1vj02UQ,indicator_13,3.243243243
201805,Bijnor,uCYjHW7FuGG,indicator_13,6.133333333
201805,Budaun,eA37kyBRRuZ,indicator_13,1.955307263
201805,Bulandshahar,ogBt4gWCiem,indicator_13,2.040816327
201805,Chandauli,ClbehnmwSec,indicator_13,4.827586207
201805,Chitrakoot,i2fSZZ3QAJJ,indicator_13,
201805,Deoria,Tf9b9qcbghH,indicator_13,3.90625
201805,Etah,ZLcx4iOVyN5,indicator_13,1.895734597
201805,Etawah,Pm0jLk6EAiE,indicator_13,4.975124378
201805,Farrukhabad,uEEwlAGZXWW,indicator_13,1.401869159
201805,Fatehpur,ibLiLcaKzw2,indicator_13,1.420454545
201805,Firozabad,eJTsuE56XDF,indicator_13,4.460966543
201805,Gautam Buddha Nagar,bNmwkrQeP3e,indicator_13,0.769230769
201805,Ghaziabad,M5NHlfAaKYI,indicator_13,3.76344086
201805,Ghazipur,dScWdMRN8PL,indicator_13,3.579418345
201805,Gonda,y8WarEkWCul,indicator_13,4.312668464
201805,Gorakhpur,vR85cHdsw1w,indicator_13,3.311258278
201805,Hamirpur,VSI7HobT5qL,indicator_13,1.276595745
201805,Hapur,CZ8kLjgqvSH,indicator_13,2.234636872
201805,Hardoi,MTIkUw5q5pX,indicator_13,2.306079665
201805,Hathras,m1IAjmqkoFC,indicator_13,4.054054054
201805,Jalaun,NL5xiiHZQSC,indicator_13,1.572327044
201805,Jaunpur,gmw76vAUMqz,indicator_13,3.649635036
201805,Jhansi,Mq751wBMqGF,indicator_13,3.193612774
201805,Kannauj,IhQbDYRiF8w,indicator_13,1.818181818
201805,Kanpur Dehat,k3D0AumUCiC,indicator_13,2.573529412
201805,Kanpur Nagar,QVMRMhzVrrS,indicator_13,1.048951049
201805,Kasganj,hITp09XOBLZ,indicator_13,3.664921466
201805,Kaushambi,PAj0oVY0Dxu,indicator_13,2.487562189
201805,Kushinagar,xUeHwd9FQkg,indicator_13,7.843137255
201805,Lakhimpur Kheri,d9ZuMopgX29,indicator_13,6.739130435
201805,Lalitpur,fagfcadhxej,indicator_13,3.652968037
201805,Lucknow,MfHac5N78aK,indicator_13,3.287671233
201805,Maharajganj,AcnMkNGgc3S,indicator_13,3.943661972
201805,Mahoba,sUQMxIc3yXj,indicator_13,1.129943503
201805,Mainpuri,XBLhrSWGytu,indicator_13,1.304347826
201805,Mathura,KP2BUB1npih,indicator_13,1.831501832
201805,Maunathbhanjan,CBSB9v92AwT,indicator_13,6.177606178
201805,Meerut,v8YGmR7nOdj,indicator_13,1.126126126
201805,Mirzapur,UAicdMLyuk4,indicator_13,4.702194357
201805,Moradabad,YQNQoPjAIpV,indicator_13,5.373134328
201805,Muzaffarnagar,MVQs2RrS1Nw,indicator_13,3.170028818
201805,Pilibhit,c96jwckSd6j,indicator_13,1.244813278
201805,Pratapgarh,fz7bJo3egPX,indicator_13,4.199475066
201805,Prayagraj,tXgaew1Pd2Y,indicator_13,2.155887231
201805,Rae Bareli,lLvTDpBDY8u,indicator_13,4.134366925
201805,Rampur,IU006h5U7jj,indicator_13,1.214574899
201805,Saharanpur,FKYZ3JbWq84,indicator_13,2.702702703
201805,Sambhal,YzHpzrN0eLv,indicator_13,2.34375
201805,Sant Kabir Nagar,fe1yBApr2sl,indicator_13,2.702702703
201805,Shahjahanpur,GaiLSoQq1ue,indicator_13,2.110817942
201805,Shamli,AdiUcz9BXhx,indicator_13,1.226993865
201805,Shrawasti,oyTwneTbWDx,indicator_13,2.205882353
201805,Siddharth Nagar,cP0p8qfm3il,indicator_13,7.744107744
201805,Sitapur,XxaOowFtkiJ,indicator_13,2.490421456
201805,Sonbhadra,NNk3JP90QZ5,indicator_13,3.524229075
201805,Sultanpur,o4ZQTVcMI7U,indicator_13,2.670623145
201805,Unnav,aT03mfdlNiF,indicator_13,1.813471503
201805,Varanasi,LeuBT7KfuuA,indicator_13,3.485254692
201806,Agra,N5WWbRtsjWp,indicator_13,1.877934272
201806,Aligarh,frD2HOp3wAs,indicator_13,2.073732719
201806,Ambedkar Nagar,jM27ji8tyrM,indicator_13,1.869158879
201806,Amethi,StsLkYw1G0m,indicator_13,2.448979592
201806,Amroha,hgquAmZaNBu,indicator_13,0.966183575
201806,Auraiya,Bd6E8zkVvVt,indicator_13,2.717391304
201806,Ayodhya,b4XkXzoGqFY,indicator_13,6.005221932
201806,Azamgarh,NjckKfm3g0k,indicator_13,1.751313485
201806,Bagpat,HJIS3IrQ0Nj,indicator_13,1.19047619
201806,Bahraich,iE0E3nLioFr,indicator_13,4.761904762
201806,Ballia,oNDvGBE5fLq,indicator_13,4.5
201806,Balrampur,uS0pNSxN3sS,indicator_13,0.784313725
201806,Banda,DggJGxqbWHn,indicator_13,1.607717042
201806,Barabanki,tzH6nJu9SwS,indicator_13,2.78372591
201806,Bareilly,vVqY3DPcpHf,indicator_13,1.293103448
201806,Basti,J1P16zQEOUT,indicator_13,1.807228916
201806,Bhadohi,PeUY1vj02UQ,indicator_13,3.243243243
201806,Bijnor,uCYjHW7FuGG,indicator_13,6.133333333
201806,Budaun,eA37kyBRRuZ,indicator_13,1.955307263
201806,Bulandshahar,ogBt4gWCiem,indicator_13,2.040816327
201806,Chandauli,ClbehnmwSec,indicator_13,4.827586207
201806,Chitrakoot,i2fSZZ3QAJJ,indicator_13,
201806,Deoria,Tf9b9qcbghH,indicator_13,3.90625
201806,Etah,ZLcx4iOVyN5,indicator_13,1.895734597
201806,Etawah,Pm0jLk6EAiE,indicator_13,4.975124378
201806,Farrukhabad,uEEwlAGZXWW,indicator_13,1.401869159
201806,Fatehpur,ibLiLcaKzw2,indicator_13,1.420454545
201806,Firozabad,eJTsuE56XDF,indicator_13,4.460966543
201806,Gautam Buddha Nagar,bNmwkrQeP3e,indicator_13,0.769230769
201806,Ghaziabad,M5NHlfAaKYI,indicator_13,3.76344086
201806,Ghazipur,dScWdMRN8PL,indicator_13,3.579418345
201806,Gonda,y8WarEkWCul,indicator_13,4.312668464
201806,Gorakhpur,vR85cHdsw1w,indicator_13,3.311258278
201806,Hamirpur,VSI7HobT5qL,indicator_13,1.276595745
201806,Hapur,CZ8kLjgqvSH,indicator_13,2.234636872
201806,Hardoi,MTIkUw5q5pX,indicator_13,2.306079665
201806,Hathras,m1IAjmqkoFC,indicator_13,4.054054054
201806,Jalaun,NL5xiiHZQSC,indicator_13,1.572327044
201806,Jaunpur,gmw76vAUMqz,indicator_13,3.649635036
201806,Jhansi,Mq751wBMqGF,indicator_13,3.193612774
201806,Kannauj,IhQbDYRiF8w,indicator_13,1.818181818
201806,Kanpur Dehat,k3D0AumUCiC,indicator_13,2.573529412
201806,Kanpur Nagar,QVMRMhzVrrS,indicator_13,1.048951049
201806,Kasganj,hITp09XOBLZ,indicator_13,3.664921466
201806,Kaushambi,PAj0oVY0Dxu,indicator_13,2.487562189
201806,Kushinagar,xUeHwd9FQkg,indicator_13,7.843137255
201806,Lakhimpur Kheri,d9ZuMopgX29,indicator_13,6.739130435
201806,Lalitpur,fagfcadhxej,indicator_13,3.652968037
201806,Lucknow,MfHac5N78aK,indicator_13,3.287671233
201806,Maharajganj,AcnMkNGgc3S,indicator_13,3.943661972
201806,Mahoba,sUQMxIc3yXj,indicator_13,1.129943503
201806,Mainpuri,XBLhrSWGytu,indicator_13,1.304347826
201806,Mathura,KP2BUB1npih,indicator_13,1.831501832
201806,Maunathbhanjan,CBSB9v92AwT,indicator_13,6.177606178
201806,Meerut,v8YGmR7nOdj,indicator_13,1.126126126
201806,Mirzapur,UAicdMLyuk4,indicator_13,4.702194357
201806,Moradabad,YQNQoPjAIpV,indicator_13,5.373134328
201806,Muzaffarnagar,MVQs2RrS1Nw,indicator_13,3.170028818
201806,Pilibhit,c96jwckSd6j,indicator_13,1.244813278
201806,Pratapgarh,fz7bJo3egPX,indicator_13,4.199475066
201806,Prayagraj,tXgaew1Pd2Y,indicator_13,2.155887231
201806,Rae Bareli,lLvTDpBDY8u,indicator_13,4.134366925
201806,Rampur,IU006h5U7jj,indicator_13,1.214574899
201806,Saharanpur,FKYZ3JbWq84,indicator_13,2.702702703
201806,Sambhal,YzHpzrN0eLv,indicator_13,2.34375
201806,Sant Kabir Nagar,fe1yBApr2sl,indicator_13,2.702702703
201806,Shahjahanpur,GaiLSoQq1ue,indicator_13,2.110817942
201806,Shamli,AdiUcz9BXhx,indicator_13,1.226993865
201806,Shrawasti,oyTwneTbWDx,indicator_13,2.205882353
201806,Siddharth Nagar,cP0p8qfm3il,indicator_13,7.744107744
201806,Sitapur,XxaOowFtkiJ,indicator_13,2.490421456
201806,Sonbhadra,NNk3JP90QZ5,indicator_13,3.524229075
201806,Sultanpur,o4ZQTVcMI7U,indicator_13,2.670623145
201806,Unnav,aT03mfdlNiF,indicator_13,1.813471503
201806,Varanasi,LeuBT7KfuuA,indicator_13,3.485254692
201807,Agra,N5WWbRtsjWp,indicator_13,1.877934272
201807,Aligarh,frD2HOp3wAs,indicator_13,2.073732719
201807,Ambedkar Nagar,jM27ji8tyrM,indicator_13,1.869158879
201807,Amethi,StsLkYw1G0m,indicator_13,2.448979592
201807,Amroha,hgquAmZaNBu,indicator_13,0.966183575
201807,Auraiya,Bd6E8zkVvVt,indicator_13,2.717391304
201807,Ayodhya,b4XkXzoGqFY,indicator_13,6.005221932
201807,Azamgarh,NjckKfm3g0k,indicator_13,1.751313485
201807,Bagpat,HJIS3IrQ0Nj,indicator_13,1.19047619
201807,Bahraich,iE0E3nLioFr,indicator_13,4.761904762
201807,Ballia,oNDvGBE5fLq,indicator_13,4.5
201807,Balrampur,uS0pNSxN3sS,indicator_13,0.784313725
201807,Banda,DggJGxqbWHn,indicator_13,1.607717042
201807,Barabanki,tzH6nJu9SwS,indicator_13,2.78372591
201807,Bareilly,vVqY3DPcpHf,indicator_13,1.293103448
201807,Basti,J1P16zQEOUT,indicator_13,1.807228916
201807,Bhadohi,PeUY1vj02UQ,indicator_13,3.243243243
201807,Bijnor,uCYjHW7FuGG,indicator_13,6.133333333
201807,Budaun,eA37kyBRRuZ,indicator_13,1.955307263
201807,Bulandshahar,ogBt4gWCiem,indicator_13,2.040816327
201807,Chandauli,ClbehnmwSec,indicator_13,4.827586207
201807,Chitrakoot,i2fSZZ3QAJJ,indicator_13,
201807,Deoria,Tf9b9qcbghH,indicator_13,3.90625
201807,Etah,ZLcx4iOVyN5,indicator_13,1.895734597
201807,Etawah,Pm0jLk6EAiE,indicator_13,4.975124378
201807,Farrukhabad,uEEwlAGZXWW,indicator_13,1.401869159
201807,Fatehpur,ibLiLcaKzw2,indicator_13,1.420454545
201807,Firozabad,eJTsuE56XDF,indicator_13,4.460966543
201807,Gautam Buddha Nagar,bNmwkrQeP3e,indicator_13,0.769230769
201807,Ghaziabad,M5NHlfAaKYI,indicator_13,3.76344086
201807,Ghazipur,dScWdMRN8PL,indicator_13,3.579418345
201807,Gonda,y8WarEkWCul,indicator_13,4.312668464
201807,Gorakhpur,vR85cHdsw1w,indicator_13,3.311258278
201807,Hamirpur,VSI7HobT5qL,indicator_13,1.276595745
201807,Hapur,CZ8kLjgqvSH,indicator_13,2.234636872
201807,Hardoi,MTIkUw5q5pX,indicator_13,2.306079665
201807,Hathras,m1IAjmqkoFC,indicator_13,4.054054054
201807,Jalaun,NL5xiiHZQSC,indicator_13,1.572327044
201807,Jaunpur,gmw76vAUMqz,indicator_13,3.649635036
201807,Jhansi,Mq751wBMqGF,indicator_13,3.193612774
201807,Kannauj,IhQbDYRiF8w,indicator_13,1.818181818
201807,Kanpur Dehat,k3D0AumUCiC,indicator_13,2.573529412
201807,Kanpur Nagar,QVMRMhzVrrS,indicator_13,1.048951049
201807,Kasganj,hITp09XOBLZ,indicator_13,3.664921466
201807,Kaushambi,PAj0oVY0Dxu,indicator_13,2.487562189
201807,Kushinagar,xUeHwd9FQkg,indicator_13,7.843137255
201807,Lakhimpur Kheri,d9ZuMopgX29,indicator_13,6.739130435
201807,Lalitpur,fagfcadhxej,indicator_13,3.652968037
201807,Lucknow,MfHac5N78aK,indicator_13,3.287671233
201807,Maharajganj,AcnMkNGgc3S,indicator_13,3.943661972
201807,Mahoba,sUQMxIc3yXj,indicator_13,1.129943503
201807,Mainpuri,XBLhrSWGytu,indicator_13,1.304347826
201807,Mathura,KP2BUB1npih,indicator_13,1.831501832
201807,Maunathbhanjan,CBSB9v92AwT,indicator_13,6.177606178
201807,Meerut,v8YGmR7nOdj,indicator_13,1.126126126
201807,Mirzapur,UAicdMLyuk4,indicator_13,4.702194357
201807,Moradabad,YQNQoPjAIpV,indicator_13,5.373134328
201807,Muzaffarnagar,MVQs2RrS1Nw,indicator_13,3.170028818
201807,Pilibhit,c96jwckSd6j,indicator_13,1.244813278
201807,Pratapgarh,fz7bJo3egPX,indicator_13,4.199475066
201807,Prayagraj,tXgaew1Pd2Y,indicator_13,2.155887231
201807,Rae Bareli,lLvTDpBDY8u,indicator_13,4.134366925
201807,Rampur,IU006h5U7jj,indicator_13,1.214574899
201807,Saharanpur,FKYZ3JbWq84,indicator_13,2.702702703
201807,Sambhal,YzHpzrN0eLv,indicator_13,2.34375
201807,Sant Kabir Nagar,fe1yBApr2sl,indicator_13,2.702702703
201807,Shahjahanpur,GaiLSoQq1ue,indicator_13,2.110817942
201807,Shamli,AdiUcz9BXhx,indicator_13,1.226993865
201807,Shrawasti,oyTwneTbWDx,indicator_13,2.205882353
201807,Siddharth Nagar,cP0p8qfm3il,indicator_13,7.744107744
201807,Sitapur,XxaOowFtkiJ,indicator_13,2.490421456
201807,Sonbhadra,NNk3JP90QZ5,indicator_13,3.524229075
201807,Sultanpur,o4ZQTVcMI7U,indicator_13,2.670623145
201807,Unnav,aT03mfdlNiF,indicator_13,1.813471503
201807,Varanasi,LeuBT7KfuuA,indicator_13,3.485254692
201808,Agra,N5WWbRtsjWp,indicator_13,1.877934272
201808,Aligarh,frD2HOp3wAs,indicator_13,2.073732719
201808,Ambedkar Nagar,jM27ji8tyrM,indicator_13,1.869158879
201808,Amethi,StsLkYw1G0m,indicator_13,2.448979592
201808,Amroha,hgquAmZaNBu,indicator_13,0.966183575
201808,Auraiya,Bd6E8zkVvVt,indicator_13,2.717391304
201808,Ayodhya,b4XkXzoGqFY,indicator_13,6.005221932
201808,Azamgarh,NjckKfm3g0k,indicator_13,1.751313485
201808,Bagpat,HJIS3IrQ0Nj,indicator_13,1.19047619
201808,Bahraich,iE0E3nLioFr,indicator_13,4.761904762
201808,Ballia,oNDvGBE5fLq,indicator_13,4.5
201808,Balrampur,uS0pNSxN3sS,indicator_13,0.784313725
201808,Banda,DggJGxqbWHn,indicator_13,1.607717042
201808,Barabanki,tzH6nJu9SwS,indicator_13,2.78372591
201808,Bareilly,vVqY3DPcpHf,indicator_13,1.293103448
201808,Basti,J1P16zQEOUT,indicator_13,1.807228916
201808,Bhadohi,PeUY1vj02UQ,indicator_13,3.243243243
201808,Bijnor,uCYjHW7FuGG,indicator_13,6.133333333
201808,Budaun,eA37kyBRRuZ,indicator_13,1.955307263
201808,Bulandshahar,ogBt4gWCiem,indicator_13,2.040816327
201808,Chandauli,ClbehnmwSec,indicator_13,4.827586207
201808,Chitrakoot,i2fSZZ3QAJJ,indicator_13,
201808,Deoria,Tf9b9qcbghH,indicator_13,3.90625
201808,Etah,ZLcx4iOVyN5,indicator_13,1.895734597
201808,Etawah,Pm0jLk6EAiE,indicator_13,4.975124378
201808,Farrukhabad,uEEwlAGZXWW,indicator_13,1.401869159
201808,Fatehpur,ibLiLcaKzw2,indicator_13,1.420454545
201808,Firozabad,eJTsuE56XDF,indicator_13,4.460966543
201808,Gautam Buddha Nagar,bNmwkrQeP3e,indicator_13,0.769230769
201808,Ghaziabad,M5NHlfAaKYI,indicator_13,3.76344086
201808,Ghazipur,dScWdMRN8PL,indicator_13,3.579418345
201808,Gonda,y8WarEkWCul,indicator_13,4.312668464
201808,Gorakhpur,vR85cHdsw1w,indicator_13,3.311258278
201808,Hamirpur,VSI7HobT5qL,indicator_13,1.276595745
201808,Hapur,CZ8kLjgqvSH,indicator_13,2.234636872
201808,Hardoi,MTIkUw5q5pX,indicator_13,2.306079665
201808,Hathras,m1IAjmqkoFC,indicator_13,4.054054054
201808,Jalaun,NL5xiiHZQSC,indicator_13,1.572327044
201808,Jaunpur,gmw76vAUMqz,indicator_13,3.649635036
201808,Jhansi,Mq751wBMqGF,indicator_13,3.193612774
201808,Kannauj,IhQbDYRiF8w,indicator_13,1.818181818
201808,Kanpur Dehat,k3D0AumUCiC,indicator_13,2.573529412
201808,Kanpur Nagar,QVMRMhzVrrS,indicator_13,1.048951049
201808,Kasganj,hITp09XOBLZ,indicator_13,3.664921466
201808,Kaushambi,PAj0oVY0Dxu,indicator_13,2.487562189
201808,Kushinagar,xUeHwd9FQkg,indicator_13,7.843137255
201808,Lakhimpur Kheri,d9ZuMopgX29,indicator_13,6.739130435
201808,Lalitpur,fagfcadhxej,indicator_13,3.652968037
201808,Lucknow,MfHac5N78aK,indicator_13,3.287671233
201808,Maharajganj,AcnMkNGgc3S,indicator_13,3.943661972
201808,Mahoba,sUQMxIc3yXj,indicator_13,1.129943503
201808,Mainpuri,XBLhrSWGytu,indicator_13,1.304347826
201808,Mathura,KP2BUB1npih,indicator_13,1.831501832
201808,Maunathbhanjan,CBSB9v92AwT,indicator_13,6.177606178
201808,Meerut,v8YGmR7nOdj,indicator_13,1.126126126
201808,Mirzapur,UAicdMLyuk4,indicator_13,4.702194357
201808,Moradabad,YQNQoPjAIpV,indicator_13,5.373134328
201808,Muzaffarnagar,MVQs2RrS1Nw,indicator_13,3.170028818
201808,Pilibhit,c96jwckSd6j,indicator_13,1.244813278
201808,Pratapgarh,fz7bJo3egPX,indicator_13,4.199475066
201808,Prayagraj,tXgaew1Pd2Y,indicator_13,2.155887231
201808,Rae Bareli,lLvTDpBDY8u,indicator_13,4.134366925
201808,Rampur,IU006h5U7jj,indicator_13,1.214574899
201808,Saharanpur,FKYZ3JbWq84,indicator_13,2.702702703
201808,Sambhal,YzHpzrN0eLv,indicator_13,2.34375
201808,Sant Kabir Nagar,fe1yBApr2sl,indicator_13,2.702702703
201808,Shahjahanpur,GaiLSoQq1ue,indicator_13,2.110817942
201808,Shamli,AdiUcz9BXhx,indicator_13,1.226993865
201808,Shrawasti,oyTwneTbWDx,indicator_13,2.205882353
201808,Siddharth Nagar,cP0p8qfm3il,indicator_13,7.744107744
201808,Sitapur,XxaOowFtkiJ,indicator_13,2.490421456
201808,Sonbhadra,NNk3JP90QZ5,indicator_13,3.524229075
201808,Sultanpur,o4ZQTVcMI7U,indicator_13,2.670623145
201808,Unnav,aT03mfdlNiF,indicator_13,1.813471503
201808,Varanasi,LeuBT7KfuuA,indicator_13,3.485254692
201809,Agra,N5WWbRtsjWp,indicator_13,1.877934272
201809,Aligarh,frD2HOp3wAs,indicator_13,2.073732719
201809,Ambedkar Nagar,jM27ji8tyrM,indicator_13,1.869158879
201809,Amethi,StsLkYw1G0m,indicator_13,2.448979592
201809,Amroha,hgquAmZaNBu,indicator_13,0.966183575
201809,Auraiya,Bd6E8zkVvVt,indicator_13,2.717391304
201809,Ayodhya,b4XkXzoGqFY,indicator_13,6.005221932
201809,Azamgarh,NjckKfm3g0k,indicator_13,1.751313485
201809,Bagpat,HJIS3IrQ0Nj,indicator_13,1.19047619
201809,Bahraich,iE0E3nLioFr,indicator_13,4.761904762
201809,Ballia,oNDvGBE5fLq,indicator_13,4.5
201809,Balrampur,uS0pNSxN3sS,indicator_13,0.784313725
201809,Banda,DggJGxqbWHn,indicator_13,1.607717042
201809,Barabanki,tzH6nJu9SwS,indicator_13,2.78372591
201809,Bareilly,vVqY3DPcpHf,indicator_13,1.293103448
201809,Basti,J1P16zQEOUT,indicator_13,1.807228916
201809,Bhadohi,PeUY1vj02UQ,indicator_13,3.243243243
201809,Bijnor,uCYjHW7FuGG,indicator_13,6.133333333
201809,Budaun,eA37kyBRRuZ,indicator_13,1.955307263
201809,Bulandshahar,ogBt4gWCiem,indicator_13,2.040816327
201809,Chandauli,ClbehnmwSec,indicator_13,4.827586207
201809,Chitrakoot,i2fSZZ3QAJJ,indicator_13,
201809,Deoria,Tf9b9qcbghH,indicator_13,3.90625
201809,Etah,ZLcx4iOVyN5,indicator_13,1.895734597
201809,Etawah,Pm0jLk6EAiE,indicator_13,4.975124378
201809,Farrukhabad,uEEwlAGZXWW,indicator_13,1.401869159
201809,Fatehpur,ibLiLcaKzw2,indicator_13,1.420454545
201809,Firozabad,eJTsuE56XDF,indicator_13,4.460966543
201809,Gautam Buddha Nagar,bNmwkrQeP3e,indicator_13,0.769230769
201809,Ghaziabad,M5NHlfAaKYI,indicator_13,3.76344086
201809,Ghazipur,dScWdMRN8PL,indicator_13,3.579418345
201809,Gonda,y8WarEkWCul,indicator_13,4.312668464
201809,Gorakhpur,vR85cHdsw1w,indicator_13,3.311258278
201809,Hamirpur,VSI7HobT5qL,indicator_13,1.276595745
201809,Hapur,CZ8kLjgqvSH,indicator_13,2.234636872
201809,Hardoi,MTIkUw5q5pX,indicator_13,2.306079665
201809,Hathras,m1IAjmqkoFC,indicator_13,4.054054054
201809,Jalaun,NL5xiiHZQSC,indicator_13,1.572327044
201809,Jaunpur,gmw76vAUMqz,indicator_13,3.649635036
201809,Jhansi,Mq751wBMqGF,indicator_13,3.193612774
201809,Kannauj,IhQbDYRiF8w,indicator_13,1.818181818
201809,Kanpur Dehat,k3D0AumUCiC,indicator_13,2.573529412
201809,Kanpur Nagar,QVMRMhzVrrS,indicator_13,1.048951049
201809,Kasganj,hITp09XOBLZ,indicator_13,3.664921466
201809,Kaushambi,PAj0oVY0Dxu,indicator_13,2.487562189
201809,Kushinagar,xUeHwd9FQkg,indicator_13,7.843137255
201809,Lakhimpur Kheri,d9ZuMopgX29,indicator_13,6.739130435
201809,Lalitpur,fagfcadhxej,indicator_13,3.652968037
201809,Lucknow,MfHac5N78aK,indicator_13,3.287671233
201809,Maharajganj,AcnMkNGgc3S,indicator_13,3.943661972
201809,Mahoba,sUQMxIc3yXj,indicator_13,1.129943503
201809,Mainpuri,XBLhrSWGytu,indicator_13,1.304347826
201809,Mathura,KP2BUB1npih,indicator_13,1.831501832
201809,Maunathbhanjan,CBSB9v92AwT,indicator_13,6.177606178
201809,Meerut,v8YGmR7nOdj,indicator_13,1.126126126
201809,Mirzapur,UAicdMLyuk4,indicator_13,4.702194357
201809,Moradabad,YQNQoPjAIpV,indicator_13,5.373134328
201809,Muzaffarnagar,MVQs2RrS1Nw,indicator_13,3.170028818
201809,Pilibhit,c96jwckSd6j,indicator_13,1.244813278
201809,Pratapgarh,fz7bJo3egPX,indicator_13,4.199475066
201809,Prayagraj,tXgaew1Pd2Y,indicator_13,2.155887231
201809,Rae Bareli,lLvTDpBDY8u,indicator_13,4.134366925
201809,Rampur,IU006h5U7jj,indicator_13,1.214574899
201809,Saharanpur,FKYZ3JbWq84,indicator_13,2.702702703
201809,Sambhal,YzHpzrN0eLv,indicator_13,2.34375
201809,Sant Kabir Nagar,fe1yBApr2sl,indicator_13,2.702702703
201809,Shahjahanpur,GaiLSoQq1ue,indicator_13,2.110817942
201809,Shamli,AdiUcz9BXhx,indicator_13,1.226993865
201809,Shrawasti,oyTwneTbWDx,indicator_13,2.205882353
201809,Siddharth Nagar,cP0p8qfm3il,indicator_13,7.744107744
201809,Sitapur,XxaOowFtkiJ,indicator_13,2.490421456
201809,Sonbhadra,NNk3JP90QZ5,indicator_13,3.524229075
201809,Sultanpur,o4ZQTVcMI7U,indicator_13,2.670623145
201809,Unnav,aT03mfdlNiF,indicator_13,1.813471503
201809,Varanasi,LeuBT7KfuuA,indicator_13,3.485254692
201810,Agra,N5WWbRtsjWp,indicator_13,1.877934272
201810,Aligarh,frD2HOp3wAs,indicator_13,2.073732719
201810,Ambedkar Nagar,jM27ji8tyrM,indicator_13,1.869158879
201810,Amethi,StsLkYw1G0m,indicator_13,2.448979592
201810,Amroha,hgquAmZaNBu,indicator_13,0.966183575
201810,Auraiya,Bd6E8zkVvVt,indicator_13,2.717391304
201810,Ayodhya,b4XkXzoGqFY,indicator_13,6.005221932
201810,Azamgarh,NjckKfm3g0k,indicator_13,1.751313485
201810,Bagpat,HJIS3IrQ0Nj,indicator_13,1.19047619
201810,Bahraich,iE0E3nLioFr,indicator_13,4.761904762
201810,Ballia,oNDvGBE5fLq,indicator_13,4.5
201810,Balrampur,uS0pNSxN3sS,indicator_13,0.784313725
201810,Banda,DggJGxqbWHn,indicator_13,1.607717042
201810,Barabanki,tzH6nJu9SwS,indicator_13,2.78372591
201810,Bareilly,vVqY3DPcpHf,indicator_13,1.293103448
201810,Basti,J1P16zQEOUT,indicator_13,1.807228916
201810,Bhadohi,PeUY1vj02UQ,indicator_13,3.243243243
201810,Bijnor,uCYjHW7FuGG,indicator_13,6.133333333
201810,Budaun,eA37kyBRRuZ,indicator_13,1.955307263
201810,Bulandshahar,ogBt4gWCiem,indicator_13,2.040816327
201810,Chandauli,ClbehnmwSec,indicator_13,4.827586207
201810,Chitrakoot,i2fSZZ3QAJJ,indicator_13,
201810,Deoria,Tf9b9qcbghH,indicator_13,3.90625
201810,Etah,ZLcx4iOVyN5,indicator_13,1.895734597
201810,Etawah,Pm0jLk6EAiE,indicator_13,4.975124378
201810,Farrukhabad,uEEwlAGZXWW,indicator_13,1.401869159
201810,Fatehpur,ibLiLcaKzw2,indicator_13,1.420454545
201810,Firozabad,eJTsuE56XDF,indicator_13,4.460966543
201810,Gautam Buddha Nagar,bNmwkrQeP3e,indicator_13,0.769230769
201810,Ghaziabad,M5NHlfAaKYI,indicator_13,3.76344086
201810,Ghazipur,dScWdMRN8PL,indicator_13,3.579418345
201810,Gonda,y8WarEkWCul,indicator_13,4.312668464
201810,Gorakhpur,vR85cHdsw1w,indicator_13,3.311258278
201810,Hamirpur,VSI7HobT5qL,indicator_13,1.276595745
201810,Hapur,CZ8kLjgqvSH,indicator_13,2.234636872
201810,Hardoi,MTIkUw5q5pX,indicator_13,2.306079665
201810,Hathras,m1IAjmqkoFC,indicator_13,4.054054054
201810,Jalaun,NL5xiiHZQSC,indicator_13,1.572327044
201810,Jaunpur,gmw76vAUMqz,indicator_13,3.649635036
201810,Jhansi,Mq751wBMqGF,indicator_13,3.193612774
201810,Kannauj,IhQbDYRiF8w,indicator_13,1.818181818
201810,Kanpur Dehat,k3D0AumUCiC,indicator_13,2.573529412
201810,Kanpur Nagar,QVMRMhzVrrS,indicator_13,1.048951049
201810,Kasganj,hITp09XOBLZ,indicator_13,3.664921466
201810,Kaushambi,PAj0oVY0Dxu,indicator_13,2.487562189
201810,Kushinagar,xUeHwd9FQkg,indicator_13,7.843137255
201810,Lakhimpur Kheri,d9ZuMopgX29,indicator_13,6.739130435
201810,Lalitpur,fagfcadhxej,indicator_13,3.652968037
201810,Lucknow,MfHac5N78aK,indicator_13,3.287671233
201810,Maharajganj,AcnMkNGgc3S,indicator_13,3.943661972
201810,Mahoba,sUQMxIc3yXj,indicator_13,1.129943503
201810,Mainpuri,XBLhrSWGytu,indicator_13,1.304347826
201810,Mathura,KP2BUB1npih,indicator_13,1.831501832
201810,Maunathbhanjan,CBSB9v92AwT,indicator_13,6.177606178
201810,Meerut,v8YGmR7nOdj,indicator_13,1.126126126
201810,Mirzapur,UAicdMLyuk4,indicator_13,4.702194357
201810,Moradabad,YQNQoPjAIpV,indicator_13,5.373134328
201810,Muzaffarnagar,MVQs2RrS1Nw,indicator_13,3.170028818
201810,Pilibhit,c96jwckSd6j,indicator_13,1.244813278
201810,Pratapgarh,fz7bJo3egPX,indicator_13,4.199475066
201810,Prayagraj,tXgaew1Pd2Y,indicator_13,2.155887231
201810,Rae Bareli,lLvTDpBDY8u,indicator_13,4.134366925
201810,Rampur,IU006h5U7jj,indicator_13,1.214574899
201810,Saharanpur,FKYZ3JbWq84,indicator_13,2.702702703
201810,Sambhal,YzHpzrN0eLv,indicator_13,2.34375
201810,Sant Kabir Nagar,fe1yBApr2sl,indicator_13,2.702702703
201810,Shahjahanpur,GaiLSoQq1ue,indicator_13,2.110817942
201810,Shamli,AdiUcz9BXhx,indicator_13,1.226993865
201810,Shrawasti,oyTwneTbWDx,indicator_13,2.205882353
201810,Siddharth Nagar,cP0p8qfm3il,indicator_13,7.744107744
201810,Sitapur,XxaOowFtkiJ,indicator_13,2.490421456
201810,Sonbhadra,NNk3JP90QZ5,indicator_13,3.524229075
201810,Sultanpur,o4ZQTVcMI7U,indicator_13,2.670623145
201810,Unnav,aT03mfdlNiF,indicator_13,1.813471503
201810,Varanasi,LeuBT7KfuuA,indicator_13,3.485254692
201811,Agra,N5WWbRtsjWp,indicator_13,1.877934272
201811,Aligarh,frD2HOp3wAs,indicator_13,2.073732719
201811,Ambedkar Nagar,jM27ji8tyrM,indicator_13,1.869158879
201811,Amethi,StsLkYw1G0m,indicator_13,2.448979592
201811,Amroha,hgquAmZaNBu,indicator_13,0.966183575
201811,Auraiya,Bd6E8zkVvVt,indicator_13,2.717391304
201811,Ayodhya,b4XkXzoGqFY,indicator_13,6.005221932
201811,Azamgarh,NjckKfm3g0k,indicator_13,1.751313485
201811,Bagpat,HJIS3IrQ0Nj,indicator_13,1.19047619
201811,Bahraich,iE0E3nLioFr,indicator_13,4.761904762
201811,Ballia,oNDvGBE5fLq,indicator_13,4.5
201811,Balrampur,uS0pNSxN3sS,indicator_13,0.784313725
201811,Banda,DggJGxqbWHn,indicator_13,1.607717042
201811,Barabanki,tzH6nJu9SwS,indicator_13,2.78372591
201811,Bareilly,vVqY3DPcpHf,indicator_13,1.293103448
201811,Basti,J1P16zQEOUT,indicator_13,1.807228916
201811,Bhadohi,PeUY1vj02UQ,indicator_13,3.243243243
201811,Bijnor,uCYjHW7FuGG,indicator_13,6.133333333
201811,Budaun,eA37kyBRRuZ,indicator_13,1.955307263
201811,Bulandshahar,ogBt4gWCiem,indicator_13,2.040816327
201811,Chandauli,ClbehnmwSec,indicator_13,4.827586207
201811,Chitrakoot,i2fSZZ3QAJJ,indicator_13,
201811,Deoria,Tf9b9qcbghH,indicator_13,3.90625
201811,Etah,ZLcx4iOVyN5,indicator_13,1.895734597
201811,Etawah,Pm0jLk6EAiE,indicator_13,4.975124378
201811,Farrukhabad,uEEwlAGZXWW,indicator_13,1.401869159
201811,Fatehpur,ibLiLcaKzw2,indicator_13,1.420454545
201811,Firozabad,eJTsuE56XDF,indicator_13,4.460966543
201811,Gautam Buddha Nagar,bNmwkrQeP3e,indicator_13,0.769230769
201811,Ghaziabad,M5NHlfAaKYI,indicator_13,3.76344086
201811,Ghazipur,dScWdMRN8PL,indicator_13,3.579418345
201811,Gonda,y8WarEkWCul,indicator_13,4.312668464
201811,Gorakhpur,vR85cHdsw1w,indicator_13,3.311258278
201811,Hamirpur,VSI7HobT5qL,indicator_13,1.276595745
201811,Hapur,CZ8kLjgqvSH,indicator_13,2.234636872
201811,Hardoi,MTIkUw5q5pX,indicator_13,2.306079665
201811,Hathras,m1IAjmqkoFC,indicator_13,4.054054054
201811,Jalaun,NL5xiiHZQSC,indicator_13,1.572327044
201811,Jaunpur,gmw76vAUMqz,indicator_13,3.649635036
201811,Jhansi,Mq751wBMqGF,indicator_13,3.193612774
201811,Kannauj,IhQbDYRiF8w,indicator_13,1.818181818
201811,Kanpur Dehat,k3D0AumUCiC,indicator_13,2.573529412
201811,Kanpur Nagar,QVMRMhzVrrS,indicator_13,1.048951049
201811,Kasganj,hITp09XOBLZ,indicator_13,3.664921466
201811,Kaushambi,PAj0oVY0Dxu,indicator_13,2.487562189
201811,Kushinagar,xUeHwd9FQkg,indicator_13,7.843137255
201811,Lakhimpur Kheri,d9ZuMopgX29,indicator_13,6.739130435
201811,Lalitpur,fagfcadhxej,indicator_13,3.652968037
201811,Lucknow,MfHac5N78aK,indicator_13,3.287671233
201811,Maharajganj,AcnMkNGgc3S,indicator_13,3.943661972
201811,Mahoba,sUQMxIc3yXj,indicator_13,1.129943503
201811,Mainpuri,XBLhrSWGytu,indicator_13,1.304347826
201811,Mathura,KP2BUB1npih,indicator_13,1.831501832
201811,Maunathbhanjan,CBSB9v92AwT,indicator_13,6.177606178
201811,Meerut,v8YGmR7nOdj,indicator_13,1.126126126
201811,Mirzapur,UAicdMLyuk4,indicator_13,4.702194357
201811,Moradabad,YQNQoPjAIpV,indicator_13,5.373134328
201811,Muzaffarnagar,MVQs2RrS1Nw,indicator_13,3.170028818
201811,Pilibhit,c96jwckSd6j,indicator_13,1.244813278
201811,Pratapgarh,fz7bJo3egPX,indicator_13,4.199475066
201811,Prayagraj,tXgaew1Pd2Y,indicator_13,2.155887231
201811,Rae Bareli,lLvTDpBDY8u,indicator_13,4.134366925
201811,Rampur,IU006h5U7jj,indicator_13,1.214574899
201811,Saharanpur,FKYZ3JbWq84,indicator_13,2.702702703
201811,Sambhal,YzHpzrN0eLv,indicator_13,2.34375
201811,Sant Kabir Nagar,fe1yBApr2sl,indicator_13,2.702702703
201811,Shahjahanpur,GaiLSoQq1ue,indicator_13,2.110817942
201811,Shamli,AdiUcz9BXhx,indicator_13,1.226993865
201811,Shrawasti,oyTwneTbWDx,indicator_13,2.205882353
201811,Siddharth Nagar,cP0p8qfm3il,indicator_13,7.744107744
201811,Sitapur,XxaOowFtkiJ,indicator_13,2.490421456
201811,Sonbhadra,NNk3JP90QZ5,indicator_13,3.524229075
201811,Sultanpur,o4ZQTVcMI7U,indicator_13,2.670623145
201811,Unnav,aT03mfdlNiF,indicator_13,1.813471503
201811,Varanasi,LeuBT7KfuuA,indicator_13,3.485254692
201812,Agra,N5WWbRtsjWp,indicator_13,1.877934272
201812,Aligarh,frD2HOp3wAs,indicator_13,2.073732719
201812,Ambedkar Nagar,jM27ji8tyrM,indicator_13,1.869158879
201812,Amethi,StsLkYw1G0m,indicator_13,2.448979592
201812,Amroha,hgquAmZaNBu,indicator_13,0.966183575
201812,Auraiya,Bd6E8zkVvVt,indicator_13,2.717391304
201812,Ayodhya,b4XkXzoGqFY,indicator_13,6.005221932
201812,Azamgarh,NjckKfm3g0k,indicator_13,1.751313485
201812,Bagpat,HJIS3IrQ0Nj,indicator_13,1.19047619
201812,Bahraich,iE0E3nLioFr,indicator_13,4.761904762
201812,Ballia,oNDvGBE5fLq,indicator_13,4.5
201812,Balrampur,uS0pNSxN3sS,indicator_13,0.784313725
201812,Banda,DggJGxqbWHn,indicator_13,1.607717042
201812,Barabanki,tzH6nJu9SwS,indicator_13,2.78372591
201812,Bareilly,vVqY3DPcpHf,indicator_13,1.293103448
201812,Basti,J1P16zQEOUT,indicator_13,1.807228916
201812,Bhadohi,PeUY1vj02UQ,indicator_13,3.243243243
201812,Bijnor,uCYjHW7FuGG,indicator_13,6.133333333
201812,Budaun,eA37kyBRRuZ,indicator_13,1.955307263
201812,Bulandshahar,ogBt4gWCiem,indicator_13,2.040816327
201812,Chandauli,ClbehnmwSec,indicator_13,4.827586207
201812,Chitrakoot,i2fSZZ3QAJJ,indicator_13,
201812,Deoria,Tf9b9qcbghH,indicator_13,3.90625
201812,Etah,ZLcx4iOVyN5,indicator_13,1.895734597
201812,Etawah,Pm0jLk6EAiE,indicator_13,4.975124378
201812,Farrukhabad,uEEwlAGZXWW,indicator_13,1.401869159
201812,Fatehpur,ibLiLcaKzw2,indicator_13,1.420454545
201812,Firozabad,eJTsuE56XDF,indicator_13,4.460966543
201812,Gautam Buddha Nagar,bNmwkrQeP3e,indicator_13,0.769230769
201812,Ghaziabad,M5NHlfAaKYI,indicator_13,3.76344086
201812,Ghazipur,dScWdMRN8PL,indicator_13,3.579418345
201812,Gonda,y8WarEkWCul,indicator_13,4.312668464
201812,Gorakhpur,vR85cHdsw1w,indicator_13,3.311258278
201812,Hamirpur,VSI7HobT5qL,indicator_13,1.276595745
201812,Hapur,CZ8kLjgqvSH,indicator_13,2.234636872
201812,Hardoi,MTIkUw5q5pX,indicator_13,2.306079665
201812,Hathras,m1IAjmqkoFC,indicator_13,4.054054054
201812,Jalaun,NL5xiiHZQSC,indicator_13,1.572327044
201812,Jaunpur,gmw76vAUMqz,indicator_13,3.649635036
201812,Jhansi,Mq751wBMqGF,indicator_13,3.193612774
201812,Kannauj,IhQbDYRiF8w,indicator_13,1.818181818
201812,Kanpur Dehat,k3D0AumUCiC,indicator_13,2.573529412
201812,Kanpur Nagar,QVMRMhzVrrS,indicator_13,1.048951049
201812,Kasganj,hITp09XOBLZ,indicator_13,3.664921466
201812,Kaushambi,PAj0oVY0Dxu,indicator_13,2.487562189
201812,Kushinagar,xUeHwd9FQkg,indicator_13,7.843137255
201812,Lakhimpur Kheri,d9ZuMopgX29,indicator_13,6.739130435
201812,Lalitpur,fagfcadhxej,indicator_13,3.686635945
201812,Lucknow,MfHac5N78aK,indicator_13,3.287671233
201812,Maharajganj,AcnMkNGgc3S,indicator_13,3.943661972
201812,Mahoba,sUQMxIc3yXj,indicator_13,1.129943503
201812,Mainpuri,XBLhrSWGytu,indicator_13,1.304347826
201812,Mathura,KP2BUB1npih,indicator_13,1.831501832
201812,Maunathbhanjan,CBSB9v92AwT,indicator_13,6.177606178
201812,Meerut,v8YGmR7nOdj,indicator_13,1.118568233
201812,Mirzapur,UAicdMLyuk4,indicator_13,4.702194357
201812,Moradabad,YQNQoPjAIpV,indicator_13,5.373134328
201812,Muzaffarnagar,MVQs2RrS1Nw,indicator_13,3.170028818
201812,Pilibhit,c96jwckSd6j,indicator_13,1.244813278
201812,Pratapgarh,fz7bJo3egPX,indicator_13,4.199475066
201812,Prayagraj,tXgaew1Pd2Y,indicator_13,2.155887231
201812,Rae Bareli,lLvTDpBDY8u,indicator_13,4.134366925
201812,Rampur,IU006h5U7jj,indicator_13,1.214574899
201812,Saharanpur,FKYZ3JbWq84,indicator_13,2.702702703
201812,Sambhal,YzHpzrN0eLv,indicator_13,2.34375
201812,Sant Kabir Nagar,fe1yBApr2sl,indicator_13,2.702702703
201812,Shahjahanpur,GaiLSoQq1ue,indicator_13,2.110817942
201812,Shamli,AdiUcz9BXhx,indicator_13,1.226993865
201812,Shrawasti,oyTwneTbWDx,indicator_13,2.205882353
201812,Siddharth Nagar,cP0p8qfm3il,indicator_13,7.744107744
201812,Sitapur,XxaOowFtkiJ,indicator_13,2.490421456
201812,Sonbhadra,NNk3JP90QZ5,indicator_13,3.524229075
201812,Sultanpur,o4ZQTVcMI7U,indicator_13,2.670623145
201812,Unnav,aT03mfdlNiF,indicator_13,1.813471503
201812,Varanasi,LeuBT7KfuuA,indicator_13,3.485254692
201901,Agra,N5WWbRtsjWp,indicator_13,1.134751773
201901,Aligarh,frD2HOp3wAs,indicator_13,2.073732719
201901,Ambedkar Nagar,jM27ji8tyrM,indicator_13,1.869158879
201901,Amethi,StsLkYw1G0m,indicator_13,2.4
201901,Amroha,hgquAmZaNBu,indicator_13,0.966183575
201901,Auraiya,Bd6E8zkVvVt,indicator_13,2.717391304
201901,Ayodhya,b4XkXzoGqFY,indicator_13,6.005221932
201901,Azamgarh,NjckKfm3g0k,indicator_13,1.773049645
201901,Bagpat,HJIS3IrQ0Nj,indicator_13,1.19047619
201901,Bahraich,iE0E3nLioFr,indicator_13,4.761904762
201901,Ballia,oNDvGBE5fLq,indicator_13,4.5
201901,Balrampur,uS0pNSxN3sS,indicator_13,0.784313725
201901,Banda,DggJGxqbWHn,indicator_13,1.607717042
201901,Barabanki,tzH6nJu9SwS,indicator_13,2.702702703
201901,Bareilly,vVqY3DPcpHf,indicator_13,1.293103448
201901,Basti,J1P16zQEOUT,indicator_13,1.898734177
201901,Bhadohi,PeUY1vj02UQ,indicator_13,3.243243243
201901,Bijnor,uCYjHW7FuGG,indicator_13,6.133333333
201901,Budaun,eA37kyBRRuZ,indicator_13,1.955307263
201901,Bulandshahar,ogBt4gWCiem,indicator_13,2.127659574
201901,Chandauli,ClbehnmwSec,indicator_13,4.827586207
201901,Chitrakoot,i2fSZZ3QAJJ,indicator_13,
201901,Deoria,Tf9b9qcbghH,indicator_13,3.916449086
201901,Etah,ZLcx4iOVyN5,indicator_13,1.895734597
201901,Etawah,Pm0jLk6EAiE,indicator_13,4.975124378
201901,Farrukhabad,uEEwlAGZXWW,indicator_13,1.10701107
201901,Fatehpur,ibLiLcaKzw2,indicator_13,1.420454545
201901,Firozabad,eJTsuE56XDF,indicator_13,4.460966543
201901,Gautam Buddha Nagar,bNmwkrQeP3e,indicator_13,0.769230769
201901,Ghaziabad,M5NHlfAaKYI,indicator_13,3.76344086
201901,Ghazipur,dScWdMRN8PL,indicator_13,3.579418345
201901,Gonda,y8WarEkWCul,indicator_13,4.312668464
201901,Gorakhpur,vR85cHdsw1w,indicator_13,3.311258278
201901,Hamirpur,VSI7HobT5qL,indicator_13,1.276595745
201901,Hapur,CZ8kLjgqvSH,indicator_13,2.234636872
201901,Hardoi,MTIkUw5q5pX,indicator_13,2.306079665
201901,Hathras,m1IAjmqkoFC,indicator_13,4.054054054
201901,Jalaun,NL5xiiHZQSC,indicator_13,1.572327044
201901,Jaunpur,gmw76vAUMqz,indicator_13,3.649635036
201901,Jhansi,Mq751wBMqGF,indicator_13,3.193612774
201901,Kannauj,IhQbDYRiF8w,indicator_13,1.818181818
201901,Kanpur Dehat,k3D0AumUCiC,indicator_13,2.573529412
201901,Kanpur Nagar,QVMRMhzVrrS,indicator_13,1.048951049
201901,Kasganj,hITp09XOBLZ,indicator_13,3.664921466
201901,Kaushambi,PAj0oVY0Dxu,indicator_13,2.487562189
201901,Kushinagar,xUeHwd9FQkg,indicator_13,7.843137255
201901,Lakhimpur Kheri,d9ZuMopgX29,indicator_13,6.739130435
201901,Lalitpur,fagfcadhxej,indicator_13,3.669724771
201901,Lucknow,MfHac5N78aK,indicator_13,3.296703297
201901,Maharajganj,AcnMkNGgc3S,indicator_13,3.988603989
201901,Mahoba,sUQMxIc3yXj,indicator_13,1.129943503
201901,Mainpuri,XBLhrSWGytu,indicator_13,1.310043668
201901,Mathura,KP2BUB1npih,indicator_13,1.831501832
201901,Maunathbhanjan,CBSB9v92AwT,indicator_13,6.177606178
201901,Meerut,v8YGmR7nOdj,indicator_13,1.118568233
201901,Mirzapur,UAicdMLyuk4,indicator_13,4.702194357
201901,Moradabad,YQNQoPjAIpV,indicator_13,5.373134328
201901,Muzaffarnagar,MVQs2RrS1Nw,indicator_13,3.170028818
201901,Pilibhit,c96jwckSd6j,indicator_13,1.244813278
201901,Pratapgarh,fz7bJo3egPX,indicator_13,4.199475066
201901,Prayagraj,tXgaew1Pd2Y,indicator_13,2.148760331
201901,Rae Bareli,lLvTDpBDY8u,indicator_13,4.134366925
201901,Rampur,IU006h5U7jj,indicator_13,1.214574899
201901,Saharanpur,FKYZ3JbWq84,indicator_13,2.702702703
201901,Sambhal,YzHpzrN0eLv,indicator_13,2.34375
201901,Sant Kabir Nagar,fe1yBApr2sl,indicator_13,2.702702703
201901,Shahjahanpur,GaiLSoQq1ue,indicator_13,2.110817942
201901,Shamli,AdiUcz9BXhx,indicator_13,1.226993865
201901,Shrawasti,oyTwneTbWDx,indicator_13,2.205882353
201901,Siddharth Nagar,cP0p8qfm3il,indicator_13,7.590759076
201901,Sitapur,XxaOowFtkiJ,indicator_13,2.490421456
201901,Sonbhadra,NNk3JP90QZ5,indicator_13,3.524229075
201901,Sultanpur,o4ZQTVcMI7U,indicator_13,2.670623145
201901,Unnav,aT03mfdlNiF,indicator_13,1.813471503
201901,Varanasi,LeuBT7KfuuA,indicator_13,3.601108033
201902,Agra,N5WWbRtsjWp,indicator_13,1.134751773
201902,Aligarh,frD2HOp3wAs,indicator_13,2.073732719
201902,Ambedkar Nagar,jM27ji8tyrM,indicator_13,1.869158879
201902,Amethi,StsLkYw1G0m,indicator_13,2.4
201902,Amroha,hgquAmZaNBu,indicator_13,0.966183575
201902,Auraiya,Bd6E8zkVvVt,indicator_13,2.717391304
201902,Ayodhya,b4XkXzoGqFY,indicator_13,6.005221932
201902,Azamgarh,NjckKfm3g0k,indicator_13,1.773049645
201902,Bagpat,HJIS3IrQ0Nj,indicator_13,1.19047619
201902,Bahraich,iE0E3nLioFr,indicator_13,4.761904762
201902,Ballia,oNDvGBE5fLq,indicator_13,4.5
201902,Balrampur,uS0pNSxN3sS,indicator_13,0.784313725
201902,Banda,DggJGxqbWHn,indicator_13,1.607717042
201902,Barabanki,tzH6nJu9SwS,indicator_13,2.702702703
201902,Bareilly,vVqY3DPcpHf,indicator_13,1.293103448
201902,Basti,J1P16zQEOUT,indicator_13,1.898734177
201902,Bhadohi,PeUY1vj02UQ,indicator_13,3.243243243
201902,Bijnor,uCYjHW7FuGG,indicator_13,6.133333333
201902,Budaun,eA37kyBRRuZ,indicator_13,1.955307263
201902,Bulandshahar,ogBt4gWCiem,indicator_13,2.127659574
201902,Chandauli,ClbehnmwSec,indicator_13,4.827586207
201902,Chitrakoot,i2fSZZ3QAJJ,indicator_13,
201902,Deoria,Tf9b9qcbghH,indicator_13,3.916449086
201902,Etah,ZLcx4iOVyN5,indicator_13,1.895734597
201902,Etawah,Pm0jLk6EAiE,indicator_13,4.975124378
201902,Farrukhabad,uEEwlAGZXWW,indicator_13,1.10701107
201902,Fatehpur,ibLiLcaKzw2,indicator_13,1.420454545
201902,Firozabad,eJTsuE56XDF,indicator_13,4.460966543
201902,Gautam Buddha Nagar,bNmwkrQeP3e,indicator_13,0.769230769
201902,Ghaziabad,M5NHlfAaKYI,indicator_13,3.76344086
201902,Ghazipur,dScWdMRN8PL,indicator_13,3.579418345
201902,Gonda,y8WarEkWCul,indicator_13,4.312668464
201902,Gorakhpur,vR85cHdsw1w,indicator_13,3.311258278
201902,Hamirpur,VSI7HobT5qL,indicator_13,1.276595745
201902,Hapur,CZ8kLjgqvSH,indicator_13,2.234636872
201902,Hardoi,MTIkUw5q5pX,indicator_13,2.306079665
201902,Hathras,m1IAjmqkoFC,indicator_13,4.054054054
201902,Jalaun,NL5xiiHZQSC,indicator_13,1.572327044
201902,Jaunpur,gmw76vAUMqz,indicator_13,3.649635036
201902,Jhansi,Mq751wBMqGF,indicator_13,3.193612774
201902,Kannauj,IhQbDYRiF8w,indicator_13,1.818181818
201902,Kanpur Dehat,k3D0AumUCiC,indicator_13,2.573529412
201902,Kanpur Nagar,QVMRMhzVrrS,indicator_13,1.048951049
201902,Kasganj,hITp09XOBLZ,indicator_13,3.664921466
201902,Kaushambi,PAj0oVY0Dxu,indicator_13,2.487562189
201902,Kushinagar,xUeHwd9FQkg,indicator_13,7.843137255
201902,Lakhimpur Kheri,d9ZuMopgX29,indicator_13,6.739130435
201902,Lalitpur,fagfcadhxej,indicator_13,3.669724771
201902,Lucknow,MfHac5N78aK,indicator_13,3.296703297
201902,Maharajganj,AcnMkNGgc3S,indicator_13,3.988603989
201902,Mahoba,sUQMxIc3yXj,indicator_13,1.129943503
201902,Mainpuri,XBLhrSWGytu,indicator_13,1.310043668
201902,Mathura,KP2BUB1npih,indicator_13,1.831501832
201902,Maunathbhanjan,CBSB9v92AwT,indicator_13,6.177606178
201902,Meerut,v8YGmR7nOdj,indicator_13,1.118568233
201902,Mirzapur,UAicdMLyuk4,indicator_13,4.702194357
201902,Moradabad,YQNQoPjAIpV,indicator_13,5.373134328
201902,Muzaffarnagar,MVQs2RrS1Nw,indicator_13,3.170028818
201902,Pilibhit,c96jwckSd6j,indicator_13,1.244813278
201902,Pratapgarh,fz7bJo3egPX,indicator_13,4.199475066
201902,Prayagraj,tXgaew1Pd2Y,indicator_13,2.148760331
201902,Rae Bareli,lLvTDpBDY8u,indicator_13,4.134366925
201902,Rampur,IU006h5U7jj,indicator_13,1.214574899
201902,Saharanpur,FKYZ3JbWq84,indicator_13,2.702702703
201902,Sambhal,YzHpzrN0eLv,indicator_13,2.34375
201902,Sant Kabir Nagar,fe1yBApr2sl,indicator_13,2.702702703
201902,Shahjahanpur,GaiLSoQq1ue,indicator_13,2.110817942
201902,Shamli,AdiUcz9BXhx,indicator_13,1.226993865
201902,Shrawasti,oyTwneTbWDx,indicator_13,2.205882353
201902,Siddharth Nagar,cP0p8qfm3il,indicator_13,7.590759076
201902,Sitapur,XxaOowFtkiJ,indicator_13,2.490421456
201902,Sonbhadra,NNk3JP90QZ5,indicator_13,3.524229075
201902,Sultanpur,o4ZQTVcMI7U,indicator_13,2.670623145
201902,Unnav,aT03mfdlNiF,indicator_13,1.813471503
201902,Varanasi,LeuBT7KfuuA,indicator_13,3.601108033
201903,Agra,N5WWbRtsjWp,indicator_13,1.134751773
201903,Aligarh,frD2HOp3wAs,indicator_13,2.073732719
201903,Ambedkar Nagar,jM27ji8tyrM,indicator_13,1.869158879
201903,Amethi,StsLkYw1G0m,indicator_13,2.4
201903,Amroha,hgquAmZaNBu,indicator_13,0.966183575
201903,Auraiya,Bd6E8zkVvVt,indicator_13,2.717391304
201903,Ayodhya,b4XkXzoGqFY,indicator_13,6.005221932
201903,Azamgarh,NjckKfm3g0k,indicator_13,1.773049645
201903,Bagpat,HJIS3IrQ0Nj,indicator_13,1.19047619
201903,Bahraich,iE0E3nLioFr,indicator_13,4.761904762
201903,Ballia,oNDvGBE5fLq,indicator_13,4.5
201903,Balrampur,uS0pNSxN3sS,indicator_13,0.784313725
201903,Banda,DggJGxqbWHn,indicator_13,1.607717042
201903,Barabanki,tzH6nJu9SwS,indicator_13,2.702702703
201903,Bareilly,vVqY3DPcpHf,indicator_13,1.293103448
201903,Basti,J1P16zQEOUT,indicator_13,1.898734177
201903,Bhadohi,PeUY1vj02UQ,indicator_13,3.243243243
201903,Bijnor,uCYjHW7FuGG,indicator_13,6.133333333
201903,Budaun,eA37kyBRRuZ,indicator_13,1.955307263
201903,Bulandshahar,ogBt4gWCiem,indicator_13,2.127659574
201903,Chandauli,ClbehnmwSec,indicator_13,4.827586207
201903,Chitrakoot,i2fSZZ3QAJJ,indicator_13,
201903,Deoria,Tf9b9qcbghH,indicator_13,3.916449086
201903,Etah,ZLcx4iOVyN5,indicator_13,1.895734597
201903,Etawah,Pm0jLk6EAiE,indicator_13,4.975124378
201903,Farrukhabad,uEEwlAGZXWW,indicator_13,1.10701107
201903,Fatehpur,ibLiLcaKzw2,indicator_13,1.420454545
201903,Firozabad,eJTsuE56XDF,indicator_13,4.460966543
201903,Gautam Buddha Nagar,bNmwkrQeP3e,indicator_13,0.769230769
201903,Ghaziabad,M5NHlfAaKYI,indicator_13,3.76344086
201903,Ghazipur,dScWdMRN8PL,indicator_13,3.579418345
201903,Gonda,y8WarEkWCul,indicator_13,4.312668464
201903,Gorakhpur,vR85cHdsw1w,indicator_13,3.311258278
201903,Hamirpur,VSI7HobT5qL,indicator_13,1.276595745
201903,Hapur,CZ8kLjgqvSH,indicator_13,2.234636872
201903,Hardoi,MTIkUw5q5pX,indicator_13,2.306079665
201903,Hathras,m1IAjmqkoFC,indicator_13,4.054054054
201903,Jalaun,NL5xiiHZQSC,indicator_13,1.572327044
201903,Jaunpur,gmw76vAUMqz,indicator_13,3.649635036
201903,Jhansi,Mq751wBMqGF,indicator_13,3.193612774
201903,Kannauj,IhQbDYRiF8w,indicator_13,1.818181818
201903,Kanpur Dehat,k3D0AumUCiC,indicator_13,2.573529412
201903,Kanpur Nagar,QVMRMhzVrrS,indicator_13,1.048951049
201903,Kasganj,hITp09XOBLZ,indicator_13,3.664921466
201903,Kaushambi,PAj0oVY0Dxu,indicator_13,2.487562189
201903,Kushinagar,xUeHwd9FQkg,indicator_13,7.843137255
201903,Lakhimpur Kheri,d9ZuMopgX29,indicator_13,6.739130435
201903,Lalitpur,fagfcadhxej,indicator_13,3.669724771
201903,Lucknow,MfHac5N78aK,indicator_13,3.296703297
201903,Maharajganj,AcnMkNGgc3S,indicator_13,3.988603989
201903,Mahoba,sUQMxIc3yXj,indicator_13,1.129943503
201903,Mainpuri,XBLhrSWGytu,indicator_13,1.310043668
201903,Mathura,KP2BUB1npih,indicator_13,1.831501832
201903,Maunathbhanjan,CBSB9v92AwT,indicator_13,6.177606178
201903,Meerut,v8YGmR7nOdj,indicator_13,1.118568233
201903,Mirzapur,UAicdMLyuk4,indicator_13,4.702194357
201903,Moradabad,YQNQoPjAIpV,indicator_13,5.373134328
201903,Muzaffarnagar,MVQs2RrS1Nw,indicator_13,3.170028818
201903,Pilibhit,c96jwckSd6j,indicator_13,1.244813278
201903,Pratapgarh,fz7bJo3egPX,indicator_13,4.199475066
201903,Prayagraj,tXgaew1Pd2Y,indicator_13,2.148760331
201903,Rae Bareli,lLvTDpBDY8u,indicator_13,4.134366925
201903,Rampur,IU006h5U7jj,indicator_13,1.214574899
201903,Saharanpur,FKYZ3JbWq84,indicator_13,2.702702703
201903,Sambhal,YzHpzrN0eLv,indicator_13,2.34375
201903,Sant Kabir Nagar,fe1yBApr2sl,indicator_13,2.702702703
201903,Shahjahanpur,GaiLSoQq1ue,indicator_13,2.110817942
201903,Shamli,AdiUcz9BXhx,indicator_13,1.226993865
201903,Shrawasti,oyTwneTbWDx,indicator_13,2.205882353
201903,Siddharth Nagar,cP0p8qfm3il,indicator_13,7.590759076
201903,Sitapur,XxaOowFtkiJ,indicator_13,2.490421456
201903,Sonbhadra,NNk3JP90QZ5,indicator_13,3.524229075
201903,Sultanpur,o4ZQTVcMI7U,indicator_13,2.670623145
201903,Unnav,aT03mfdlNiF,indicator_13,1.813471503
201903,Varanasi,LeuBT7KfuuA,indicator_13,3.601108033
201904,Agra,N5WWbRtsjWp,indicator_13,1.134751773
201904,Aligarh,frD2HOp3wAs,indicator_13,2.073732719
201904,Ambedkar Nagar,jM27ji8tyrM,indicator_13,1.869158879
201904,Amethi,StsLkYw1G0m,indicator_13,2.4
201904,Amroha,hgquAmZaNBu,indicator_13,0.966183575
201904,Auraiya,Bd6E8zkVvVt,indicator_13,2.717391304
201904,Ayodhya,b4XkXzoGqFY,indicator_13,6.005221932
201904,Azamgarh,NjckKfm3g0k,indicator_13,1.782531194
201904,Bagpat,HJIS3IrQ0Nj,indicator_13,1.204819277
201904,Bahraich,iE0E3nLioFr,indicator_13,4.812834225
201904,Ballia,oNDvGBE5fLq,indicator_13,4.265402844
201904,Balrampur,uS0pNSxN3sS,indicator_13,0.787401575
201904,Banda,DggJGxqbWHn,indicator_13,1.607717042
201904,Barabanki,tzH6nJu9SwS,indicator_13,2.702702703
201904,Bareilly,vVqY3DPcpHf,indicator_13,1.006036217
201904,Basti,J1P16zQEOUT,indicator_13,1.904761905
201904,Bhadohi,PeUY1vj02UQ,indicator_13,3.225806452
201904,Bijnor,uCYjHW7FuGG,indicator_13,6.052631579
201904,Budaun,eA37kyBRRuZ,indicator_13,1.960784314
201904,Bulandshahar,ogBt4gWCiem,indicator_13,2.088772846
201904,Chandauli,ClbehnmwSec,indicator_13,4.281345566
201904,Chitrakoot,i2fSZZ3QAJJ,indicator_13,
201904,Deoria,Tf9b9qcbghH,indicator_13,3.826530612
201904,Etah,ZLcx4iOVyN5,indicator_13,1.895734597
201904,Etawah,Pm0jLk6EAiE,indicator_13,4.975124378
201904,Farrukhabad,uEEwlAGZXWW,indicator_13,1.10701107
201904,Fatehpur,ibLiLcaKzw2,indicator_13,1.420454545
201904,Firozabad,eJTsuE56XDF,indicator_13,4.460966543
201904,Gautam Buddha Nagar,bNmwkrQeP3e,indicator_13,0.769230769
201904,Ghaziabad,M5NHlfAaKYI,indicator_13,3.76344086
201904,Ghazipur,dScWdMRN8PL,indicator_13,3.611738149
201904,Gonda,y8WarEkWCul,indicator_13,4.312668464
201904,Gorakhpur,vR85cHdsw1w,indicator_13,3.305785124
201904,Hamirpur,VSI7HobT5qL,indicator_13,1.276595745
201904,Hapur,CZ8kLjgqvSH,indicator_13,2
201904,Hardoi,MTIkUw5q5pX,indicator_13,2.306079665
201904,Hathras,m1IAjmqkoFC,indicator_13,4
201904,Jalaun,NL5xiiHZQSC,indicator_13,1.577287066
201904,Jaunpur,gmw76vAUMqz,indicator_13,3.64298725
201904,Jhansi,Mq751wBMqGF,indicator_13,3.695150115
201904,Kannauj,IhQbDYRiF8w,indicator_13,1.793721973
201904,Kanpur Dehat,k3D0AumUCiC,indicator_13,2.573529412
201904,Kanpur Nagar,QVMRMhzVrrS,indicator_13,1.050788091
201904,Kasganj,hITp09XOBLZ,indicator_13,3.664921466
201904,Kaushambi,PAj0oVY0Dxu,indicator_13,2.463054187
201904,Kushinagar,xUeHwd9FQkg,indicator_13,7.729468599
201904,Lakhimpur Kheri,d9ZuMopgX29,indicator_13,6.739130435
201904,Lalitpur,fagfcadhxej,indicator_13,3.669724771
201904,Lucknow,MfHac5N78aK,indicator_13,3.20855615
201904,Maharajganj,AcnMkNGgc3S,indicator_13,4.081632653
201904,Mahoba,sUQMxIc3yXj,indicator_13,1.129943503
201904,Mainpuri,XBLhrSWGytu,indicator_13,1.229508197
201904,Mathura,KP2BUB1npih,indicator_13,1.831501832
201904,Maunathbhanjan,CBSB9v92AwT,indicator_13,6.177606178
201904,Meerut,v8YGmR7nOdj,indicator_13,1.006036217
201904,Mirzapur,UAicdMLyuk4,indicator_13,4.702194357
201904,Moradabad,YQNQoPjAIpV,indicator_13,5.373134328
201904,Muzaffarnagar,MVQs2RrS1Nw,indicator_13,3.170028818
201904,Pilibhit,c96jwckSd6j,indicator_13,1.239669421
201904,Pratapgarh,fz7bJo3egPX,indicator_13,4.199475066
201904,Prayagraj,tXgaew1Pd2Y,indicator_13,2.148760331
201904,Rae Bareli,lLvTDpBDY8u,indicator_13,4.134366925
201904,Rampur,IU006h5U7jj,indicator_13,1.219512195
201904,Saharanpur,FKYZ3JbWq84,indicator_13,2.588235294
201904,Sambhal,YzHpzrN0eLv,indicator_13,2.34375
201904,Sant Kabir Nagar,fe1yBApr2sl,indicator_13,2.714932127
201904,Shahjahanpur,GaiLSoQq1ue,indicator_13,2.099737533
201904,Shamli,AdiUcz9BXhx,indicator_13,1.19760479
201904,Shrawasti,oyTwneTbWDx,indicator_13,2.205882353
201904,Siddharth Nagar,cP0p8qfm3il,indicator_13,7.61589404
201904,Sitapur,XxaOowFtkiJ,indicator_13,2.490421456
201904,Sonbhadra,NNk3JP90QZ5,indicator_13,3.524229075
201904,Sultanpur,o4ZQTVcMI7U,indicator_13,2.670623145
201904,Unnav,aT03mfdlNiF,indicator_13,1.813471503
201904,Varanasi,LeuBT7KfuuA,indicator_13,3.581267218
201905,Agra,N5WWbRtsjWp,indicator_13,1.134751773
201905,Aligarh,frD2HOp3wAs,indicator_13,2.073732719
201905,Ambedkar Nagar,jM27ji8tyrM,indicator_13,1.869158879
201905,Amethi,StsLkYw1G0m,indicator_13,2.4
201905,Amroha,hgquAmZaNBu,indicator_13,0.966183575
201905,Auraiya,Bd6E8zkVvVt,indicator_13,2.717391304
201905,Ayodhya,b4XkXzoGqFY,indicator_13,6.005221932
201905,Azamgarh,NjckKfm3g0k,indicator_13,1.782531194
201905,Bagpat,HJIS3IrQ0Nj,indicator_13,1.204819277
201905,Bahraich,iE0E3nLioFr,indicator_13,4.812834225
201905,Ballia,oNDvGBE5fLq,indicator_13,4.265402844
201905,Balrampur,uS0pNSxN3sS,indicator_13,0.787401575
201905,Banda,DggJGxqbWHn,indicator_13,1.607717042
201905,Barabanki,tzH6nJu9SwS,indicator_13,2.702702703
201905,Bareilly,vVqY3DPcpHf,indicator_13,1.006036217
201905,Basti,J1P16zQEOUT,indicator_13,1.904761905
201905,Bhadohi,PeUY1vj02UQ,indicator_13,3.225806452
201905,Bijnor,uCYjHW7FuGG,indicator_13,6.052631579
201905,Budaun,eA37kyBRRuZ,indicator_13,1.960784314
201905,Bulandshahar,ogBt4gWCiem,indicator_13,2.088772846
201905,Chandauli,ClbehnmwSec,indicator_13,4.281345566
201905,Chitrakoot,i2fSZZ3QAJJ,indicator_13,
201905,Deoria,Tf9b9qcbghH,indicator_13,3.826530612
201905,Etah,ZLcx4iOVyN5,indicator_13,1.895734597
201905,Etawah,Pm0jLk6EAiE,indicator_13,4.975124378
201905,Farrukhabad,uEEwlAGZXWW,indicator_13,1.10701107
201905,Fatehpur,ibLiLcaKzw2,indicator_13,1.420454545
201905,Firozabad,eJTsuE56XDF,indicator_13,4.460966543
201905,Gautam Buddha Nagar,bNmwkrQeP3e,indicator_13,0.769230769
201905,Ghaziabad,M5NHlfAaKYI,indicator_13,3.76344086
201905,Ghazipur,dScWdMRN8PL,indicator_13,3.611738149
201905,Gonda,y8WarEkWCul,indicator_13,4.312668464
201905,Gorakhpur,vR85cHdsw1w,indicator_13,3.305785124
201905,Hamirpur,VSI7HobT5qL,indicator_13,1.276595745
201905,Hapur,CZ8kLjgqvSH,indicator_13,2
201905,Hardoi,MTIkUw5q5pX,indicator_13,2.306079665
201905,Hathras,m1IAjmqkoFC,indicator_13,4
201905,Jalaun,NL5xiiHZQSC,indicator_13,1.577287066
201905,Jaunpur,gmw76vAUMqz,indicator_13,3.64298725
201905,Jhansi,Mq751wBMqGF,indicator_13,3.695150115
201905,Kannauj,IhQbDYRiF8w,indicator_13,1.793721973
201905,Kanpur Dehat,k3D0AumUCiC,indicator_13,2.573529412
201905,Kanpur Nagar,QVMRMhzVrrS,indicator_13,1.050788091
201905,Kasganj,hITp09XOBLZ,indicator_13,3.664921466
201905,Kaushambi,PAj0oVY0Dxu,indicator_13,2.463054187
201905,Kushinagar,xUeHwd9FQkg,indicator_13,7.729468599
201905,Lakhimpur Kheri,d9ZuMopgX29,indicator_13,6.739130435
201905,Lalitpur,fagfcadhxej,indicator_13,3.669724771
201905,Lucknow,MfHac5N78aK,indicator_13,3.20855615
201905,Maharajganj,AcnMkNGgc3S,indicator_13,4.081632653
201905,Mahoba,sUQMxIc3yXj,indicator_13,1.129943503
201905,Mainpuri,XBLhrSWGytu,indicator_13,1.229508197
201905,Mathura,KP2BUB1npih,indicator_13,1.831501832
201905,Maunathbhanjan,CBSB9v92AwT,indicator_13,6.177606178
201905,Meerut,v8YGmR7nOdj,indicator_13,1.006036217
201905,Mirzapur,UAicdMLyuk4,indicator_13,4.702194357
201905,Moradabad,YQNQoPjAIpV,indicator_13,5.373134328
201905,Muzaffarnagar,MVQs2RrS1Nw,indicator_13,3.170028818
201905,Pilibhit,c96jwckSd6j,indicator_13,1.239669421
201905,Pratapgarh,fz7bJo3egPX,indicator_13,4.199475066
201905,Prayagraj,tXgaew1Pd2Y,indicator_13,2.148760331
201905,Rae Bareli,lLvTDpBDY8u,indicator_13,4.134366925
201905,Rampur,IU006h5U7jj,indicator_13,1.219512195
201905,Saharanpur,FKYZ3JbWq84,indicator_13,2.588235294
201905,Sambhal,YzHpzrN0eLv,indicator_13,2.34375
201905,Sant Kabir Nagar,fe1yBApr2sl,indicator_13,2.714932127
201905,Shahjahanpur,GaiLSoQq1ue,indicator_13,2.099737533
201905,Shamli,AdiUcz9BXhx,indicator_13,1.19760479
201905,Shrawasti,oyTwneTbWDx,indicator_13,2.205882353
201905,Siddharth Nagar,cP0p8qfm3il,indicator_13,7.61589404
201905,Sitapur,XxaOowFtkiJ,indicator_13,2.490421456
201905,Sonbhadra,NNk3JP90QZ5,indicator_13,3.524229075
201905,Sultanpur,o4ZQTVcMI7U,indicator_13,2.670623145
201905,Unnav,aT03mfdlNiF,indicator_13,1.813471503
201905,Varanasi,LeuBT7KfuuA,indicator_13,3.581267218
201906,Agra,N5WWbRtsjWp,indicator_13,1.134751773
201906,Aligarh,frD2HOp3wAs,indicator_13,2.073732719
201906,Ambedkar Nagar,jM27ji8tyrM,indicator_13,1.869158879
201906,Amethi,StsLkYw1G0m,indicator_13,2.4
201906,Amroha,hgquAmZaNBu,indicator_13,0.966183575
201906,Auraiya,Bd6E8zkVvVt,indicator_13,2.717391304
201906,Ayodhya,b4XkXzoGqFY,indicator_13,6.005221932
201906,Azamgarh,NjckKfm3g0k,indicator_13,1.782531194
201906,Bagpat,HJIS3IrQ0Nj,indicator_13,1.204819277
201906,Bahraich,iE0E3nLioFr,indicator_13,4.812834225
201906,Ballia,oNDvGBE5fLq,indicator_13,4.265402844
201906,Balrampur,uS0pNSxN3sS,indicator_13,0.787401575
201906,Banda,DggJGxqbWHn,indicator_13,1.607717042
201906,Barabanki,tzH6nJu9SwS,indicator_13,2.702702703
201906,Bareilly,vVqY3DPcpHf,indicator_13,1.006036217
201906,Basti,J1P16zQEOUT,indicator_13,1.904761905
201906,Bhadohi,PeUY1vj02UQ,indicator_13,3.225806452
201906,Bijnor,uCYjHW7FuGG,indicator_13,6.052631579
201906,Budaun,eA37kyBRRuZ,indicator_13,1.960784314
201906,Bulandshahar,ogBt4gWCiem,indicator_13,2.088772846
201906,Chandauli,ClbehnmwSec,indicator_13,4.281345566
201906,Chitrakoot,i2fSZZ3QAJJ,indicator_13,
201906,Deoria,Tf9b9qcbghH,indicator_13,3.826530612
201906,Etah,ZLcx4iOVyN5,indicator_13,1.895734597
201906,Etawah,Pm0jLk6EAiE,indicator_13,4.975124378
201906,Farrukhabad,uEEwlAGZXWW,indicator_13,1.10701107
201906,Fatehpur,ibLiLcaKzw2,indicator_13,1.420454545
201906,Firozabad,eJTsuE56XDF,indicator_13,4.460966543
201906,Gautam Buddha Nagar,bNmwkrQeP3e,indicator_13,0.769230769
201906,Ghaziabad,M5NHlfAaKYI,indicator_13,3.76344086
201906,Ghazipur,dScWdMRN8PL,indicator_13,3.611738149
201906,Gonda,y8WarEkWCul,indicator_13,4.312668464
201906,Gorakhpur,vR85cHdsw1w,indicator_13,3.305785124
201906,Hamirpur,VSI7HobT5qL,indicator_13,1.276595745
201906,Hapur,CZ8kLjgqvSH,indicator_13,2
201906,Hardoi,MTIkUw5q5pX,indicator_13,2.306079665
201906,Hathras,m1IAjmqkoFC,indicator_13,4
201906,Jalaun,NL5xiiHZQSC,indicator_13,1.577287066
201906,Jaunpur,gmw76vAUMqz,indicator_13,3.64298725
201906,Jhansi,Mq751wBMqGF,indicator_13,3.695150115
201906,Kannauj,IhQbDYRiF8w,indicator_13,1.793721973
201906,Kanpur Dehat,k3D0AumUCiC,indicator_13,2.573529412
201906,Kanpur Nagar,QVMRMhzVrrS,indicator_13,1.050788091
201906,Kasganj,hITp09XOBLZ,indicator_13,3.664921466
201906,Kaushambi,PAj0oVY0Dxu,indicator_13,2.463054187
201906,Kushinagar,xUeHwd9FQkg,indicator_13,7.729468599
201906,Lakhimpur Kheri,d9ZuMopgX29,indicator_13,6.739130435
201906,Lalitpur,fagfcadhxej,indicator_13,3.669724771
201906,Lucknow,MfHac5N78aK,indicator_13,3.20855615
201906,Maharajganj,AcnMkNGgc3S,indicator_13,4.081632653
201906,Mahoba,sUQMxIc3yXj,indicator_13,1.129943503
201906,Mainpuri,XBLhrSWGytu,indicator_13,1.229508197
201906,Mathura,KP2BUB1npih,indicator_13,1.831501832
201906,Maunathbhanjan,CBSB9v92AwT,indicator_13,6.177606178
201906,Meerut,v8YGmR7nOdj,indicator_13,1.006036217
201906,Mirzapur,UAicdMLyuk4,indicator_13,4.702194357
201906,Moradabad,YQNQoPjAIpV,indicator_13,5.373134328
201906,Muzaffarnagar,MVQs2RrS1Nw,indicator_13,3.170028818
201906,Pilibhit,c96jwckSd6j,indicator_13,1.239669421
201906,Pratapgarh,fz7bJo3egPX,indicator_13,4.199475066
201906,Prayagraj,tXgaew1Pd2Y,indicator_13,2.148760331
201906,Rae Bareli,lLvTDpBDY8u,indicator_13,4.134366925
201906,Rampur,IU006h5U7jj,indicator_13,1.219512195
201906,Saharanpur,FKYZ3JbWq84,indicator_13,2.588235294
201906,Sambhal,YzHpzrN0eLv,indicator_13,2.34375
201906,Sant Kabir Nagar,fe1yBApr2sl,indicator_13,2.714932127
201906,Shahjahanpur,GaiLSoQq1ue,indicator_13,2.099737533
201906,Shamli,AdiUcz9BXhx,indicator_13,1.19760479
201906,Shrawasti,oyTwneTbWDx,indicator_13,2.205882353
201906,Siddharth Nagar,cP0p8qfm3il,indicator_13,7.61589404
201906,Sitapur,XxaOowFtkiJ,indicator_13,2.490421456
201906,Sonbhadra,NNk3JP90QZ5,indicator_13,3.524229075
201906,Sultanpur,o4ZQTVcMI7U,indicator_13,2.670623145
201906,Unnav,aT03mfdlNiF,indicator_13,1.813471503
201906,Varanasi,LeuBT7KfuuA,indicator_13,3.581267218
201907,Agra,N5WWbRtsjWp,indicator_13,1.134751773
201907,Aligarh,frD2HOp3wAs,indicator_13,2.073732719
201907,Ambedkar Nagar,jM27ji8tyrM,indicator_13,1.869158879
201907,Amethi,StsLkYw1G0m,indicator_13,2.4
201907,Amroha,hgquAmZaNBu,indicator_13,0.966183575
201907,Auraiya,Bd6E8zkVvVt,indicator_13,2.717391304
201907,Ayodhya,b4XkXzoGqFY,indicator_13,6.005221932
201907,Azamgarh,NjckKfm3g0k,indicator_13,1.782531194
201907,Bagpat,HJIS3IrQ0Nj,indicator_13,1.067615658
201907,Bahraich,iE0E3nLioFr,indicator_13,4.812834225
201907,Ballia,oNDvGBE5fLq,indicator_13,4.265402844
201907,Balrampur,uS0pNSxN3sS,indicator_13,0.787401575
201907,Banda,DggJGxqbWHn,indicator_13,1.607717042
201907,Barabanki,tzH6nJu9SwS,indicator_13,2.702702703
201907,Bareilly,vVqY3DPcpHf,indicator_13,0.934579439
201907,Basti,J1P16zQEOUT,indicator_13,1.904761905
201907,Bhadohi,PeUY1vj02UQ,indicator_13,3.225806452
201907,Bijnor,uCYjHW7FuGG,indicator_13,6.052631579
201907,Budaun,eA37kyBRRuZ,indicator_13,1.960784314
201907,Bulandshahar,ogBt4gWCiem,indicator_13,2.088772846
201907,Chandauli,ClbehnmwSec,indicator_13,4.281345566
201907,Chitrakoot,i2fSZZ3QAJJ,indicator_13,
201907,Deoria,Tf9b9qcbghH,indicator_13,3.826530612
201907,Etah,ZLcx4iOVyN5,indicator_13,1.895734597
201907,Etawah,Pm0jLk6EAiE,indicator_13,4.975124378
201907,Farrukhabad,uEEwlAGZXWW,indicator_13,1.10701107
201907,Fatehpur,ibLiLcaKzw2,indicator_13,1.420454545
201907,Firozabad,eJTsuE56XDF,indicator_13,4.460966543
201907,Gautam Buddha Nagar,bNmwkrQeP3e,indicator_13,0.746268657
201907,Ghaziabad,M5NHlfAaKYI,indicator_13,3.76344086
201907,Ghazipur,dScWdMRN8PL,indicator_13,3.611738149
201907,Gonda,y8WarEkWCul,indicator_13,4.312668464
201907,Gorakhpur,vR85cHdsw1w,indicator_13,3.305785124
201907,Hamirpur,VSI7HobT5qL,indicator_13,1.276595745
201907,Hapur,CZ8kLjgqvSH,indicator_13,2
201907,Hardoi,MTIkUw5q5pX,indicator_13,2.306079665
201907,Hathras,m1IAjmqkoFC,indicator_13,3.879310345
201907,Jalaun,NL5xiiHZQSC,indicator_13,1.577287066
201907,Jaunpur,gmw76vAUMqz,indicator_13,3.64298725
201907,Jhansi,Mq751wBMqGF,indicator_13,3.695150115
201907,Kannauj,IhQbDYRiF8w,indicator_13,1.793721973
201907,Kanpur Dehat,k3D0AumUCiC,indicator_13,2.573529412
201907,Kanpur Nagar,QVMRMhzVrrS,indicator_13,1.050788091
201907,Kasganj,hITp09XOBLZ,indicator_13,3.664921466
201907,Kaushambi,PAj0oVY0Dxu,indicator_13,2.463054187
201907,Kushinagar,xUeHwd9FQkg,indicator_13,6.106870229
201907,Lakhimpur Kheri,d9ZuMopgX29,indicator_13,6.739130435
201907,Lalitpur,fagfcadhxej,indicator_13,3.669724771
201907,Lucknow,MfHac5N78aK,indicator_13,3.20855615
201907,Maharajganj,AcnMkNGgc3S,indicator_13,4.081632653
201907,Mahoba,sUQMxIc3yXj,indicator_13,1.129943503
201907,Mainpuri,XBLhrSWGytu,indicator_13,1.229508197
201907,Mathura,KP2BUB1npih,indicator_13,1.831501832
201907,Maunathbhanjan,CBSB9v92AwT,indicator_13,6.177606178
201907,Meerut,v8YGmR7nOdj,indicator_13,1.006036217
201907,Mirzapur,UAicdMLyuk4,indicator_13,4.702194357
201907,Moradabad,YQNQoPjAIpV,indicator_13,5.027932961
201907,Muzaffarnagar,MVQs2RrS1Nw,indicator_13,3.170028818
201907,Pilibhit,c96jwckSd6j,indicator_13,1.239669421
201907,Pratapgarh,fz7bJo3egPX,indicator_13,4.199475066
201907,Prayagraj,tXgaew1Pd2Y,indicator_13,2.148760331
201907,Rae Bareli,lLvTDpBDY8u,indicator_13,4.134366925
201907,Rampur,IU006h5U7jj,indicator_13,1.219512195
201907,Saharanpur,FKYZ3JbWq84,indicator_13,2.546296296
201907,Sambhal,YzHpzrN0eLv,indicator_13,2.34375
201907,Sant Kabir Nagar,fe1yBApr2sl,indicator_13,2.714932127
201907,Shahjahanpur,GaiLSoQq1ue,indicator_13,2.099737533
201907,Shamli,AdiUcz9BXhx,indicator_13,1.169590643
201907,Shrawasti,oyTwneTbWDx,indicator_13,2.205882353
201907,Siddharth Nagar,cP0p8qfm3il,indicator_13,7.61589404
201907,Sitapur,XxaOowFtkiJ,indicator_13,2.490421456
201907,Sonbhadra,NNk3JP90QZ5,indicator_13,3.50877193
201907,Sultanpur,o4ZQTVcMI7U,indicator_13,2.670623145
201907,Unnav,aT03mfdlNiF,indicator_13,1.813471503
201907,Varanasi,LeuBT7KfuuA,indicator_13,3.581267218
201908,Agra,N5WWbRtsjWp,indicator_13,1.134751773
201908,Aligarh,frD2HOp3wAs,indicator_13,2.073732719
201908,Ambedkar Nagar,jM27ji8tyrM,indicator_13,1.869158879
201908,Amethi,StsLkYw1G0m,indicator_13,2.4
201908,Amroha,hgquAmZaNBu,indicator_13,0.966183575
201908,Auraiya,Bd6E8zkVvVt,indicator_13,2.645502646
201908,Ayodhya,b4XkXzoGqFY,indicator_13,6.005221932
201908,Azamgarh,NjckKfm3g0k,indicator_13,1.727115717
201908,Bagpat,HJIS3IrQ0Nj,indicator_13,1.067615658
201908,Bahraich,iE0E3nLioFr,indicator_13,4.812834225
201908,Ballia,oNDvGBE5fLq,indicator_13,4.265402844
201908,Balrampur,uS0pNSxN3sS,indicator_13,0.787401575
201908,Banda,DggJGxqbWHn,indicator_13,1.607717042
201908,Barabanki,tzH6nJu9SwS,indicator_13,2.702702703
201908,Bareilly,vVqY3DPcpHf,indicator_13,0.934579439
201908,Basti,J1P16zQEOUT,indicator_13,1.904761905
201908,Bhadohi,PeUY1vj02UQ,indicator_13,3.225806452
201908,Bijnor,uCYjHW7FuGG,indicator_13,6.052631579
201908,Budaun,eA37kyBRRuZ,indicator_13,1.960784314
201908,Bulandshahar,ogBt4gWCiem,indicator_13,2.088772846
201908,Chandauli,ClbehnmwSec,indicator_13,4.281345566
201908,Chitrakoot,i2fSZZ3QAJJ,indicator_13,
201908,Deoria,Tf9b9qcbghH,indicator_13,3.826530612
201908,Etah,ZLcx4iOVyN5,indicator_13,1.895734597
201908,Etawah,Pm0jLk6EAiE,indicator_13,4.975124378
201908,Farrukhabad,uEEwlAGZXWW,indicator_13,1.10701107
201908,Fatehpur,ibLiLcaKzw2,indicator_13,1.420454545
201908,Firozabad,eJTsuE56XDF,indicator_13,4.460966543
201908,Gautam Buddha Nagar,bNmwkrQeP3e,indicator_13,0.746268657
201908,Ghaziabad,M5NHlfAaKYI,indicator_13,3.76344086
201908,Ghazipur,dScWdMRN8PL,indicator_13,3.611738149
201908,Gonda,y8WarEkWCul,indicator_13,4.312668464
201908,Gorakhpur,vR85cHdsw1w,indicator_13,3.305785124
201908,Hamirpur,VSI7HobT5qL,indicator_13,1.276595745
201908,Hapur,CZ8kLjgqvSH,indicator_13,2
201908,Hardoi,MTIkUw5q5pX,indicator_13,2.306079665
201908,Hathras,m1IAjmqkoFC,indicator_13,3.879310345
201908,Jalaun,NL5xiiHZQSC,indicator_13,1.577287066
201908,Jaunpur,gmw76vAUMqz,indicator_13,3.64298725
201908,Jhansi,Mq751wBMqGF,indicator_13,3.695150115
201908,Kannauj,IhQbDYRiF8w,indicator_13,1.793721973
201908,Kanpur Dehat,k3D0AumUCiC,indicator_13,2.573529412
201908,Kanpur Nagar,QVMRMhzVrrS,indicator_13,1.047120419
201908,Kasganj,hITp09XOBLZ,indicator_13,3.664921466
201908,Kaushambi,PAj0oVY0Dxu,indicator_13,2.463054187
201908,Kushinagar,xUeHwd9FQkg,indicator_13,6.374501992
201908,Lakhimpur Kheri,d9ZuMopgX29,indicator_13,6.739130435
201908,Lalitpur,fagfcadhxej,indicator_13,3.669724771
201908,Lucknow,MfHac5N78aK,indicator_13,3.20855615
201908,Maharajganj,AcnMkNGgc3S,indicator_13,3.899721448
201908,Mahoba,sUQMxIc3yXj,indicator_13,1.129943503
201908,Mainpuri,XBLhrSWGytu,indicator_13,1.229508197
201908,Mathura,KP2BUB1npih,indicator_13,1.831501832
201908,Maunathbhanjan,CBSB9v92AwT,indicator_13,6.177606178
201908,Meerut,v8YGmR7nOdj,indicator_13,1.006036217
201908,Mirzapur,UAicdMLyuk4,indicator_13,4.702194357
201908,Moradabad,YQNQoPjAIpV,indicator_13,5.027932961
201908,Muzaffarnagar,MVQs2RrS1Nw,indicator_13,3.170028818
201908,Pilibhit,c96jwckSd6j,indicator_13,1.239669421
201908,Pratapgarh,fz7bJo3egPX,indicator_13,4.199475066
201908,Prayagraj,tXgaew1Pd2Y,indicator_13,2.148760331
201908,Rae Bareli,lLvTDpBDY8u,indicator_13,4.134366925
201908,Rampur,IU006h5U7jj,indicator_13,1.219512195
201908,Saharanpur,FKYZ3JbWq84,indicator_13,2.546296296
201908,Sambhal,YzHpzrN0eLv,indicator_13,2.34375
201908,Sant Kabir Nagar,fe1yBApr2sl,indicator_13,2.714932127
201908,Shahjahanpur,GaiLSoQq1ue,indicator_13,2.099737533
201908,Shamli,AdiUcz9BXhx,indicator_13,1.169590643
201908,Shrawasti,oyTwneTbWDx,indicator_13,2.205882353
201908,Siddharth Nagar,cP0p8qfm3il,indicator_13,7.61589404
201908,Sitapur,XxaOowFtkiJ,indicator_13,2.490421456
201908,Sonbhadra,NNk3JP90QZ5,indicator_13,3.47826087
201908,Sultanpur,o4ZQTVcMI7U,indicator_13,2.670623145
201908,Unnav,aT03mfdlNiF,indicator_13,1.813471503
201908,Varanasi,LeuBT7KfuuA,indicator_13,3.581267218
201909,Agra,N5WWbRtsjWp,indicator_13,1.134751773
201909,Aligarh,frD2HOp3wAs,indicator_13,2.073732719
201909,Ambedkar Nagar,jM27ji8tyrM,indicator_13,1.869158879
201909,Amethi,StsLkYw1G0m,indicator_13,2.4
201909,Amroha,hgquAmZaNBu,indicator_13,0.966183575
201909,Auraiya,Bd6E8zkVvVt,indicator_13,2.645502646
201909,Ayodhya,b4XkXzoGqFY,indicator_13,6.005221932
201909,Azamgarh,NjckKfm3g0k,indicator_13,1.727115717
201909,Bagpat,HJIS3IrQ0Nj,indicator_13,1.067615658
201909,Bahraich,iE0E3nLioFr,indicator_13,4.812834225
201909,Ballia,oNDvGBE5fLq,indicator_13,4.265402844
201909,Balrampur,uS0pNSxN3sS,indicator_13,0.787401575
201909,Banda,DggJGxqbWHn,indicator_13,1.602564103
201909,Barabanki,tzH6nJu9SwS,indicator_13,2.702702703
201909,Bareilly,vVqY3DPcpHf,indicator_13,0.934579439
201909,Basti,J1P16zQEOUT,indicator_13,1.904761905
201909,Bhadohi,PeUY1vj02UQ,indicator_13,3.225806452
201909,Bijnor,uCYjHW7FuGG,indicator_13,5.852417303
201909,Budaun,eA37kyBRRuZ,indicator_13,1.960784314
201909,Bulandshahar,ogBt4gWCiem,indicator_13,2.088772846
201909,Chandauli,ClbehnmwSec,indicator_13,4.281345566
201909,Chitrakoot,i2fSZZ3QAJJ,indicator_13,
201909,Deoria,Tf9b9qcbghH,indicator_13,3.826530612
201909,Etah,ZLcx4iOVyN5,indicator_13,1.895734597
201909,Etawah,Pm0jLk6EAiE,indicator_13,4.975124378
201909,Farrukhabad,uEEwlAGZXWW,indicator_13,1.10701107
201909,Fatehpur,ibLiLcaKzw2,indicator_13,1.420454545
201909,Firozabad,eJTsuE56XDF,indicator_13,4.460966543
201909,Gautam Buddha Nagar,bNmwkrQeP3e,indicator_13,0.727272727
201909,Ghaziabad,M5NHlfAaKYI,indicator_13,3.76344086
201909,Ghazipur,dScWdMRN8PL,indicator_13,3.54767184
201909,Gonda,y8WarEkWCul,indicator_13,4.301075269
201909,Gorakhpur,vR85cHdsw1w,indicator_13,3.305785124
201909,Hamirpur,VSI7HobT5qL,indicator_13,1.276595745
201909,Hapur,CZ8kLjgqvSH,indicator_13,2
201909,Hardoi,MTIkUw5q5pX,indicator_13,2.306079665
201909,Hathras,m1IAjmqkoFC,indicator_13,3.879310345
201909,Jalaun,NL5xiiHZQSC,indicator_13,1.497005988
201909,Jaunpur,gmw76vAUMqz,indicator_13,3.64298725
201909,Jhansi,Mq751wBMqGF,indicator_13,3.695150115
201909,Kannauj,IhQbDYRiF8w,indicator_13,1.793721973
201909,Kanpur Dehat,k3D0AumUCiC,indicator_13,2.573529412
201909,Kanpur Nagar,QVMRMhzVrrS,indicator_13,1.047120419
201909,Kasganj,hITp09XOBLZ,indicator_13,3.664921466
201909,Kaushambi,PAj0oVY0Dxu,indicator_13,2.463054187
201909,Kushinagar,xUeHwd9FQkg,indicator_13,6.451612903
201909,Lakhimpur Kheri,d9ZuMopgX29,indicator_13,6.739130435
201909,Lalitpur,fagfcadhxej,indicator_13,3.669724771
201909,Lucknow,MfHac5N78aK,indicator_13,3.03030303
201909,Maharajganj,AcnMkNGgc3S,indicator_13,3.899721448
201909,Mahoba,sUQMxIc3yXj,indicator_13,1.129943503
201909,Mainpuri,XBLhrSWGytu,indicator_13,1.229508197
201909,Mathura,KP2BUB1npih,indicator_13,1.818181818
201909,Maunathbhanjan,CBSB9v92AwT,indicator_13,6.177606178
201909,Meerut,v8YGmR7nOdj,indicator_13,1.006036217
201909,Mirzapur,UAicdMLyuk4,indicator_13,4.702194357
201909,Moradabad,YQNQoPjAIpV,indicator_13,4.891304348
201909,Muzaffarnagar,MVQs2RrS1Nw,indicator_13,3.170028818
201909,Pilibhit,c96jwckSd6j,indicator_13,1.239669421
201909,Pratapgarh,fz7bJo3egPX,indicator_13,4.199475066
201909,Prayagraj,tXgaew1Pd2Y,indicator_13,2.11038961
201909,Rae Bareli,lLvTDpBDY8u,indicator_13,4.071246819
201909,Rampur,IU006h5U7jj,indicator_13,1.219512195
201909,Saharanpur,FKYZ3JbWq84,indicator_13,2.546296296
201909,Sambhal,YzHpzrN0eLv,indicator_13,2.34375
201909,Sant Kabir Nagar,fe1yBApr2sl,indicator_13,2.714932127
201909,Shahjahanpur,GaiLSoQq1ue,indicator_13,2.099737533
201909,Shamli,AdiUcz9BXhx,indicator_13,1.169590643
201909,Shrawasti,oyTwneTbWDx,indicator_13,2.205882353
201909,Siddharth Nagar,cP0p8qfm3il,indicator_13,7.61589404
201909,Sitapur,XxaOowFtkiJ,indicator_13,2.490421456
201909,Sonbhadra,NNk3JP90QZ5,indicator_13,3.47826087
201909,Sultanpur,o4ZQTVcMI7U,indicator_13,2.670623145
201909,Unnav,aT03mfdlNiF,indicator_13,1.813471503
201909,Varanasi,LeuBT7KfuuA,indicator_13,3.581267218
201910,Agra,N5WWbRtsjWp,indicator_13,1.129943503
201910,Aligarh,frD2HOp3wAs,indicator_13,2.073732719
201910,Ambedkar Nagar,jM27ji8tyrM,indicator_13,1.869158879
201910,Amethi,StsLkYw1G0m,indicator_13,2.4
201910,Amroha,hgquAmZaNBu,indicator_13,0.966183575
201910,Auraiya,Bd6E8zkVvVt,indicator_13,2.645502646
201910,Ayodhya,b4XkXzoGqFY,indicator_13,6.005221932
201910,Azamgarh,NjckKfm3g0k,indicator_13,1.748251748
201910,Bagpat,HJIS3IrQ0Nj,indicator_13,1.067615658
201910,Bahraich,iE0E3nLioFr,indicator_13,4.774535809
201910,Ballia,oNDvGBE5fLq,indicator_13,4.265402844
201910,Balrampur,uS0pNSxN3sS,indicator_13,0.787401575
201910,Banda,DggJGxqbWHn,indicator_13,1.602564103
201910,Barabanki,tzH6nJu9SwS,indicator_13,2.702702703
201910,Bareilly,vVqY3DPcpHf,indicator_13,0.936329588
201910,Basti,J1P16zQEOUT,indicator_13,1.829268293
201910,Bhadohi,PeUY1vj02UQ,indicator_13,3.225806452
201910,Bijnor,uCYjHW7FuGG,indicator_13,5.852417303
201910,Budaun,eA37kyBRRuZ,indicator_13,1.971830986
201910,Bulandshahar,ogBt4gWCiem,indicator_13,2.083333333
201910,Chandauli,ClbehnmwSec,indicator_13,4.281345566
201910,Chitrakoot,i2fSZZ3QAJJ,indicator_13,
201910,Deoria,Tf9b9qcbghH,indicator_13,3.836317136
201910,Etah,ZLcx4iOVyN5,indicator_13,1.895734597
201910,Etawah,Pm0jLk6EAiE,indicator_13,4.975124378
201910,Farrukhabad,uEEwlAGZXWW,indicator_13,1.034482759
201910,Fatehpur,ibLiLcaKzw2,indicator_13,1.420454545
201910,Firozabad,eJTsuE56XDF,indicator_13,4.460966543
201910,Gautam Buddha Nagar,bNmwkrQeP3e,indicator_13,0.704225352
201910,Ghaziabad,M5NHlfAaKYI,indicator_13,3.76344086
201910,Ghazipur,dScWdMRN8PL,indicator_13,3.54767184
201910,Gonda,y8WarEkWCul,indicator_13,4.301075269
201910,Gorakhpur,vR85cHdsw1w,indicator_13,3.231017771
201910,Hamirpur,VSI7HobT5qL,indicator_13,1.276595745
201910,Hapur,CZ8kLjgqvSH,indicator_13,2
201910,Hardoi,MTIkUw5q5pX,indicator_13,2.306079665
201910,Hathras,m1IAjmqkoFC,indicator_13,3.879310345
201910,Jalaun,NL5xiiHZQSC,indicator_13,1.497005988
201910,Jaunpur,gmw76vAUMqz,indicator_13,3.649635036
201910,Jhansi,Mq751wBMqGF,indicator_13,3.695150115
201910,Kannauj,IhQbDYRiF8w,indicator_13,1.785714286
201910,Kanpur Dehat,k3D0AumUCiC,indicator_13,2.573529412
201910,Kanpur Nagar,QVMRMhzVrrS,indicator_13,1.048951049
201910,Kasganj,hITp09XOBLZ,indicator_13,3.664921466
201910,Kaushambi,PAj0oVY0Dxu,indicator_13,2.463054187
201910,Kushinagar,xUeHwd9FQkg,indicator_13,6.451612903
201910,Lakhimpur Kheri,d9ZuMopgX29,indicator_13,6.739130435
201910,Lalitpur,fagfcadhxej,indicator_13,3.669724771
201910,Lucknow,MfHac5N78aK,indicator_13,2.912621359
201910,Maharajganj,AcnMkNGgc3S,indicator_13,3.878116343
201910,Mahoba,sUQMxIc3yXj,indicator_13,1.129943503
201910,Mainpuri,XBLhrSWGytu,indicator_13,1.229508197
201910,Mathura,KP2BUB1npih,indicator_13,1.818181818
201910,Maunathbhanjan,CBSB9v92AwT,indicator_13,6.177606178
201910,Meerut,v8YGmR7nOdj,indicator_13,1.006036217
201910,Mirzapur,UAicdMLyuk4,indicator_13,4.702194357
201910,Moradabad,YQNQoPjAIpV,indicator_13,4.918032787
201910,Muzaffarnagar,MVQs2RrS1Nw,indicator_13,2.808988764
201910,Pilibhit,c96jwckSd6j,indicator_13,1.244813278
201910,Pratapgarh,fz7bJo3egPX,indicator_13,4.199475066
201910,Prayagraj,tXgaew1Pd2Y,indicator_13,2.11038961
201910,Rae Bareli,lLvTDpBDY8u,indicator_13,4.071246819
201910,Rampur,IU006h5U7jj,indicator_13,0.993377483
201910,Saharanpur,FKYZ3JbWq84,indicator_13,2.43902439
201910,Sambhal,YzHpzrN0eLv,indicator_13,2.316602317
201910,Sant Kabir Nagar,fe1yBApr2sl,indicator_13,2.714932127
201910,Shahjahanpur,GaiLSoQq1ue,indicator_13,2.099737533
201910,Shamli,AdiUcz9BXhx,indicator_13,1.169590643
201910,Shrawasti,oyTwneTbWDx,indicator_13,2.222222222
201910,Siddharth Nagar,cP0p8qfm3il,indicator_13,7.61589404
201910,Sitapur,XxaOowFtkiJ,indicator_13,2.490421456
201910,Sonbhadra,NNk3JP90QZ5,indicator_13,3.47826087
201910,Sultanpur,o4ZQTVcMI7U,indicator_13,2.662721893
201910,Unnav,aT03mfdlNiF,indicator_13,1.813471503
201910,Varanasi,LeuBT7KfuuA,indicator_13,3.581267218
201911,Agra,N5WWbRtsjWp,indicator_13,1.129943503
201911,Aligarh,frD2HOp3wAs,indicator_13,2.073732719
201911,Ambedkar Nagar,jM27ji8tyrM,indicator_13,1.869158879
201911,Amethi,StsLkYw1G0m,indicator_13,2.4
201911,Amroha,hgquAmZaNBu,indicator_13,0.966183575
201911,Auraiya,Bd6E8zkVvVt,indicator_13,2.645502646
201911,Ayodhya,b4XkXzoGqFY,indicator_13,6.005221932
201911,Azamgarh,NjckKfm3g0k,indicator_13,1.751313485
201911,Bagpat,HJIS3IrQ0Nj,indicator_13,1.094890511
201911,Bahraich,iE0E3nLioFr,indicator_13,4.774535809
201911,Ballia,oNDvGBE5fLq,indicator_13,4.265402844
201911,Balrampur,uS0pNSxN3sS,indicator_13,0.787401575
201911,Banda,DggJGxqbWHn,indicator_13,1.602564103
201911,Barabanki,tzH6nJu9SwS,indicator_13,2.702702703
201911,Bareilly,vVqY3DPcpHf,indicator_13,0.936329588
201911,Basti,J1P16zQEOUT,indicator_13,1.829268293
201911,Bhadohi,PeUY1vj02UQ,indicator_13,3.225806452
201911,Bijnor,uCYjHW7FuGG,indicator_13,5.852417303
201911,Budaun,eA37kyBRRuZ,indicator_13,1.971830986
201911,Bulandshahar,ogBt4gWCiem,indicator_13,2.083333333
201911,Chandauli,ClbehnmwSec,indicator_13,4.281345566
201911,Chitrakoot,i2fSZZ3QAJJ,indicator_13,
201911,Deoria,Tf9b9qcbghH,indicator_13,3.836317136
201911,Etah,ZLcx4iOVyN5,indicator_13,1.895734597
201911,Etawah,Pm0jLk6EAiE,indicator_13,4.975124378
201911,Farrukhabad,uEEwlAGZXWW,indicator_13,1.090909091
201911,Fatehpur,ibLiLcaKzw2,indicator_13,1.420454545
201911,Firozabad,eJTsuE56XDF,indicator_13,4.460966543
201911,Gautam Buddha Nagar,bNmwkrQeP3e,indicator_13,0.704225352
201911,Ghaziabad,M5NHlfAaKYI,indicator_13,3.76344086
201911,Ghazipur,dScWdMRN8PL,indicator_13,3.54767184
201911,Gonda,y8WarEkWCul,indicator_13,4.301075269
201911,Gorakhpur,vR85cHdsw1w,indicator_13,3.231017771
201911,Hamirpur,VSI7HobT5qL,indicator_13,1.276595745
201911,Hapur,CZ8kLjgqvSH,indicator_13,2
201911,Hardoi,MTIkUw5q5pX,indicator_13,2.306079665
201911,Hathras,m1IAjmqkoFC,indicator_13,3.879310345
201911,Jalaun,NL5xiiHZQSC,indicator_13,1.497005988
201911,Jaunpur,gmw76vAUMqz,indicator_13,3.649635036
201911,Jhansi,Mq751wBMqGF,indicator_13,3.695150115
201911,Kannauj,IhQbDYRiF8w,indicator_13,1.785714286
201911,Kanpur Dehat,k3D0AumUCiC,indicator_13,2.573529412
201911,Kanpur Nagar,QVMRMhzVrrS,indicator_13,1.048951049
201911,Kasganj,hITp09XOBLZ,indicator_13,3.664921466
201911,Kaushambi,PAj0oVY0Dxu,indicator_13,2.475247525
201911,Kushinagar,xUeHwd9FQkg,indicator_13,6.451612903
201911,Lakhimpur Kheri,d9ZuMopgX29,indicator_13,6.739130435
201911,Lalitpur,fagfcadhxej,indicator_13,3.669724771
201911,Lucknow,MfHac5N78aK,indicator_13,2.919708029
201911,Maharajganj,AcnMkNGgc3S,indicator_13,3.878116343
201911,Mahoba,sUQMxIc3yXj,indicator_13,1.129943503
201911,Mainpuri,XBLhrSWGytu,indicator_13,1.229508197
201911,Mathura,KP2BUB1npih,indicator_13,1.818181818
201911,Maunathbhanjan,CBSB9v92AwT,indicator_13,6.177606178
201911,Meerut,v8YGmR7nOdj,indicator_13,1.006036217
201911,Mirzapur,UAicdMLyuk4,indicator_13,4.702194357
201911,Moradabad,YQNQoPjAIpV,indicator_13,4.918032787
201911,Muzaffarnagar,MVQs2RrS1Nw,indicator_13,2.808988764
201911,Pilibhit,c96jwckSd6j,indicator_13,1.209677419
201911,Pratapgarh,fz7bJo3egPX,indicator_13,4.199475066
201911,Prayagraj,tXgaew1Pd2Y,indicator_13,2.11038961
201911,Rae Bareli,lLvTDpBDY8u,indicator_13,4.071246819
201911,Rampur,IU006h5U7jj,indicator_13,0.993377483
201911,Saharanpur,FKYZ3JbWq84,indicator_13,2.43902439
201911,Sambhal,YzHpzrN0eLv,indicator_13,2.316602317
201911,Sant Kabir Nagar,fe1yBApr2sl,indicator_13,2.714932127
201911,Shahjahanpur,GaiLSoQq1ue,indicator_13,2.099737533
201911,Shamli,AdiUcz9BXhx,indicator_13,1.169590643
201911,Shrawasti,oyTwneTbWDx,indicator_13,2.205882353
201911,Siddharth Nagar,cP0p8qfm3il,indicator_13,7.61589404
201911,Sitapur,XxaOowFtkiJ,indicator_13,2.490421456
201911,Sonbhadra,NNk3JP90QZ5,indicator_13,3.47826087
201911,Sultanpur,o4ZQTVcMI7U,indicator_13,2.662721893
201911,Unnav,aT03mfdlNiF,indicator_13,1.813471503
201911,Varanasi,LeuBT7KfuuA,indicator_13,3.581267218
201912,Agra,N5WWbRtsjWp,indicator_13,1.129943503
201912,Aligarh,frD2HOp3wAs,indicator_13,2.073732719
201912,Ambedkar Nagar,jM27ji8tyrM,indicator_13,1.869158879
201912,Amethi,StsLkYw1G0m,indicator_13,2.4
201912,Amroha,hgquAmZaNBu,indicator_13,0.966183575
201912,Auraiya,Bd6E8zkVvVt,indicator_13,2.645502646
201912,Ayodhya,b4XkXzoGqFY,indicator_13,6.005221932
201912,Azamgarh,NjckKfm3g0k,indicator_13,1.751313485
201912,Bagpat,HJIS3IrQ0Nj,indicator_13,1.094890511
201912,Bahraich,iE0E3nLioFr,indicator_13,4.651162791
201912,Ballia,oNDvGBE5fLq,indicator_13,4.265402844
201912,Balrampur,uS0pNSxN3sS,indicator_13,0.787401575
201912,Banda,DggJGxqbWHn,indicator_13,1.602564103
201912,Barabanki,tzH6nJu9SwS,indicator_13,2.631578947
201912,Bareilly,vVqY3DPcpHf,indicator_13,0.936329588
201912,Basti,J1P16zQEOUT,indicator_13,1.829268293
201912,Bhadohi,PeUY1vj02UQ,indicator_13,3.225806452
201912,Bijnor,uCYjHW7FuGG,indicator_13,5.852417303
201912,Budaun,eA37kyBRRuZ,indicator_13,1.971830986
201912,Bulandshahar,ogBt4gWCiem,indicator_13,2.083333333
201912,Chandauli,ClbehnmwSec,indicator_13,4.281345566
201912,Chitrakoot,i2fSZZ3QAJJ,indicator_13,
201912,Deoria,Tf9b9qcbghH,indicator_13,3.836317136
201912,Etah,ZLcx4iOVyN5,indicator_13,1.895734597
201912,Etawah,Pm0jLk6EAiE,indicator_13,4.975124378
201912,Farrukhabad,uEEwlAGZXWW,indicator_13,1.090909091
201912,Fatehpur,ibLiLcaKzw2,indicator_13,1.420454545
201912,Firozabad,eJTsuE56XDF,indicator_13,4.460966543
201912,Gautam Buddha Nagar,bNmwkrQeP3e,indicator_13,0.704225352
201912,Ghaziabad,M5NHlfAaKYI,indicator_13,3.76344086
201912,Ghazipur,dScWdMRN8PL,indicator_13,3.54767184
201912,Gonda,y8WarEkWCul,indicator_13,4.301075269
201912,Gorakhpur,vR85cHdsw1w,indicator_13,3.231017771
201912,Hamirpur,VSI7HobT5qL,indicator_13,1.276595745
201912,Hapur,CZ8kLjgqvSH,indicator_13,2
201912,Hardoi,MTIkUw5q5pX,indicator_13,2.306079665
201912,Hathras,m1IAjmqkoFC,indicator_13,3.879310345
201912,Jalaun,NL5xiiHZQSC,indicator_13,1.497005988
201912,Jaunpur,gmw76vAUMqz,indicator_13,3.649635036
201912,Jhansi,Mq751wBMqGF,indicator_13,3.695150115
201912,Kannauj,IhQbDYRiF8w,indicator_13,1.785714286
201912,Kanpur Dehat,k3D0AumUCiC,indicator_13,2.573529412
201912,Kanpur Nagar,QVMRMhzVrrS,indicator_13,1.048951049
201912,Kasganj,hITp09XOBLZ,indicator_13,3.664921466
201912,Kaushambi,PAj0oVY0Dxu,indicator_13,2.173913043
201912,Kushinagar,xUeHwd9FQkg,indicator_13,6.451612903
201912,Lakhimpur Kheri,d9ZuMopgX29,indicator_13,6.739130435
201912,Lalitpur,fagfcadhxej,indicator_13,3.669724771
201912,Lucknow,MfHac5N78aK,indicator_13,2.919708029
201912,Maharajganj,AcnMkNGgc3S,indicator_13,3.878116343
201912,Mahoba,sUQMxIc3yXj,indicator_13,1.129943503
201912,Mainpuri,XBLhrSWGytu,indicator_13,1.229508197
201912,Mathura,KP2BUB1npih,indicator_13,1.818181818
201912,Maunathbhanjan,CBSB9v92AwT,indicator_13,6.177606178
201912,Meerut,v8YGmR7nOdj,indicator_13,1.006036217
201912,Mirzapur,UAicdMLyuk4,indicator_13,4.702194357
201912,Moradabad,YQNQoPjAIpV,indicator_13,4.918032787
201912,Muzaffarnagar,MVQs2RrS1Nw,indicator_13,2.808988764
201912,Pilibhit,c96jwckSd6j,indicator_13,1.209677419
201912,Pratapgarh,fz7bJo3egPX,indicator_13,4.199475066
201912,Prayagraj,tXgaew1Pd2Y,indicator_13,2.11038961
201912,Rae Bareli,lLvTDpBDY8u,indicator_13,4.071246819
201912,Rampur,IU006h5U7jj,indicator_13,0.993377483
201912,Saharanpur,FKYZ3JbWq84,indicator_13,2.43902439
201912,Sambhal,YzHpzrN0eLv,indicator_13,2.316602317
201912,Sant Kabir Nagar,fe1yBApr2sl,indicator_13,2.714932127
201912,Shahjahanpur,GaiLSoQq1ue,indicator_13,2.099737533
201912,Shamli,AdiUcz9BXhx,indicator_13,1.169590643
201912,Shrawasti,oyTwneTbWDx,indicator_13,2.189781022
201912,Siddharth Nagar,cP0p8qfm3il,indicator_13,7.61589404
201912,Sitapur,XxaOowFtkiJ,indicator_13,2.490421456
201912,Sonbhadra,NNk3JP90QZ5,indicator_13,3.47826087
201912,Sultanpur,o4ZQTVcMI7U,indicator_13,2.662721893
201912,Unnav,aT03mfdlNiF,indicator_13,1.813471503
201912,Varanasi,LeuBT7KfuuA,indicator_13,3.581267218
202001,Agra,N5WWbRtsjWp,indicator_13,1.129943503
202001,Aligarh,frD2HOp3wAs,indicator_13,2.073732719
202001,Ambedkar Nagar,jM27ji8tyrM,indicator_13,1.869158879
202001,Amethi,StsLkYw1G0m,indicator_13,2.4
202001,Amroha,hgquAmZaNBu,indicator_13,0.966183575
202001,Auraiya,Bd6E8zkVvVt,indicator_13,2.645502646
202001,Ayodhya,b4XkXzoGqFY,indicator_13,6.005221932
202001,Azamgarh,NjckKfm3g0k,indicator_13,1.751313485
202001,Bagpat,HJIS3IrQ0Nj,indicator_13,1.094890511
202001,Bahraich,iE0E3nLioFr,indicator_13,4.422604423
202001,Ballia,oNDvGBE5fLq,indicator_13,4.265402844
202001,Balrampur,uS0pNSxN3sS,indicator_13,0.787401575
202001,Banda,DggJGxqbWHn,indicator_13,1.602564103
202001,Barabanki,tzH6nJu9SwS,indicator_13,2.642276423
202001,Bareilly,vVqY3DPcpHf,indicator_13,0.936329588
202001,Basti,J1P16zQEOUT,indicator_13,1.829268293
202001,Bhadohi,PeUY1vj02UQ,indicator_13,3.225806452
202001,Bijnor,uCYjHW7FuGG,indicator_13,5.852417303
202001,Budaun,eA37kyBRRuZ,indicator_13,1.82767624
202001,Bulandshahar,ogBt4gWCiem,indicator_13,2.083333333
202001,Chandauli,ClbehnmwSec,indicator_13,4.281345566
202001,Chitrakoot,i2fSZZ3QAJJ,indicator_13,
202001,Deoria,Tf9b9qcbghH,indicator_13,3.836317136
202001,Etah,ZLcx4iOVyN5,indicator_13,1.895734597
202001,Etawah,Pm0jLk6EAiE,indicator_13,4.975124378
202001,Farrukhabad,uEEwlAGZXWW,indicator_13,1.090909091
202001,Fatehpur,ibLiLcaKzw2,indicator_13,1.420454545
202001,Firozabad,eJTsuE56XDF,indicator_13,4.460966543
202001,Gautam Buddha Nagar,bNmwkrQeP3e,indicator_13,0.704225352
202001,Ghaziabad,M5NHlfAaKYI,indicator_13,3.76344086
202001,Ghazipur,dScWdMRN8PL,indicator_13,3.54767184
202001,Gonda,y8WarEkWCul,indicator_13,4.301075269
202001,Gorakhpur,vR85cHdsw1w,indicator_13,3.231017771
202001,Hamirpur,VSI7HobT5qL,indicator_13,1.276595745
202001,Hapur,CZ8kLjgqvSH,indicator_13,2
202001,Hardoi,MTIkUw5q5pX,indicator_13,2.306079665
202001,Hathras,m1IAjmqkoFC,indicator_13,3.879310345
202001,Jalaun,NL5xiiHZQSC,indicator_13,1.497005988
202001,Jaunpur,gmw76vAUMqz,indicator_13,3.649635036
202001,Jhansi,Mq751wBMqGF,indicator_13,3.695150115
202001,Kannauj,IhQbDYRiF8w,indicator_13,1.785714286
202001,Kanpur Dehat,k3D0AumUCiC,indicator_13,2.573529412
202001,Kanpur Nagar,QVMRMhzVrrS,indicator_13,1.048951049
202001,Kasganj,hITp09XOBLZ,indicator_13,3.664921466
202001,Kaushambi,PAj0oVY0Dxu,indicator_13,2.127659574
202001,Kushinagar,xUeHwd9FQkg,indicator_13,6.451612903
202001,Lakhimpur Kheri,d9ZuMopgX29,indicator_13,6.739130435
202001,Lalitpur,fagfcadhxej,indicator_13,3.669724771
202001,Lucknow,MfHac5N78aK,indicator_13,2.919708029
202001,Maharajganj,AcnMkNGgc3S,indicator_13,3.878116343
202001,Mahoba,sUQMxIc3yXj,indicator_13,1.129943503
202001,Mainpuri,XBLhrSWGytu,indicator_13,1.229508197
202001,Mathura,KP2BUB1npih,indicator_13,1.818181818
202001,Maunathbhanjan,CBSB9v92AwT,indicator_13,6.177606178
202001,Meerut,v8YGmR7nOdj,indicator_13,1.006036217
202001,Mirzapur,UAicdMLyuk4,indicator_13,4.702194357
202001,Moradabad,YQNQoPjAIpV,indicator_13,4.918032787
202001,Muzaffarnagar,MVQs2RrS1Nw,indicator_13,2.808988764
202001,Pilibhit,c96jwckSd6j,indicator_13,1.19047619
202001,Pratapgarh,fz7bJo3egPX,indicator_13,4.102564103
202001,Prayagraj,tXgaew1Pd2Y,indicator_13,2.11038961
202001,Rae Bareli,lLvTDpBDY8u,indicator_13,4.071246819
202001,Rampur,IU006h5U7jj,indicator_13,0.993377483
202001,Saharanpur,FKYZ3JbWq84,indicator_13,2.433628319
202001,Sambhal,YzHpzrN0eLv,indicator_13,2.316602317
202001,Sant Kabir Nagar,fe1yBApr2sl,indicator_13,2.714932127
202001,Shahjahanpur,GaiLSoQq1ue,indicator_13,2.099737533
202001,Shamli,AdiUcz9BXhx,indicator_13,1.169590643
202001,Shrawasti,oyTwneTbWDx,indicator_13,2.189781022
202001,Siddharth Nagar,cP0p8qfm3il,indicator_13,6.705539359
202001,Sitapur,XxaOowFtkiJ,indicator_13,2.490421456
202001,Sonbhadra,NNk3JP90QZ5,indicator_13,3.47826087
202001,Sultanpur,o4ZQTVcMI7U,indicator_13,2.662721893
202001,Unnav,aT03mfdlNiF,indicator_13,1.813471503
202001,Varanasi,LeuBT7KfuuA,indicator_13,3.581267218
202002,Agra,N5WWbRtsjWp,indicator_13,1.129943503
202002,Aligarh,frD2HOp3wAs,indicator_13,2.073732719
202002,Ambedkar Nagar,jM27ji8tyrM,indicator_13,1.869158879
202002,Amethi,StsLkYw1G0m,indicator_13,2.4
202002,Amroha,hgquAmZaNBu,indicator_13,0.966183575
202002,Auraiya,Bd6E8zkVvVt,indicator_13,2.645502646
202002,Ayodhya,b4XkXzoGqFY,indicator_13,6.005221932
202002,Azamgarh,NjckKfm3g0k,indicator_13,1.751313485
202002,Bagpat,HJIS3IrQ0Nj,indicator_13,1.094890511
202002,Bahraich,iE0E3nLioFr,indicator_13,4.422604423
202002,Ballia,oNDvGBE5fLq,indicator_13,4.265402844
202002,Balrampur,uS0pNSxN3sS,indicator_13,0.787401575
202002,Banda,DggJGxqbWHn,indicator_13,1.602564103
202002,Barabanki,tzH6nJu9SwS,indicator_13,2.642276423
202002,Bareilly,vVqY3DPcpHf,indicator_13,0.936329588
202002,Basti,J1P16zQEOUT,indicator_13,1.829268293
202002,Bhadohi,PeUY1vj02UQ,indicator_13,3.225806452
202002,Bijnor,uCYjHW7FuGG,indicator_13,5.852417303
202002,Budaun,eA37kyBRRuZ,indicator_13,1.82767624
202002,Bulandshahar,ogBt4gWCiem,indicator_13,2.083333333
202002,Chandauli,ClbehnmwSec,indicator_13,4.281345566
202002,Chitrakoot,i2fSZZ3QAJJ,indicator_13,
202002,Deoria,Tf9b9qcbghH,indicator_13,3.836317136
202002,Etah,ZLcx4iOVyN5,indicator_13,1.895734597
202002,Etawah,Pm0jLk6EAiE,indicator_13,4.975124378
202002,Farrukhabad,uEEwlAGZXWW,indicator_13,1.090909091
202002,Fatehpur,ibLiLcaKzw2,indicator_13,1.420454545
202002,Firozabad,eJTsuE56XDF,indicator_13,4.460966543
202002,Gautam Buddha Nagar,bNmwkrQeP3e,indicator_13,0.704225352
202002,Ghaziabad,M5NHlfAaKYI,indicator_13,3.76344086
202002,Ghazipur,dScWdMRN8PL,indicator_13,3.54767184
202002,Gonda,y8WarEkWCul,indicator_13,4.301075269
202002,Gorakhpur,vR85cHdsw1w,indicator_13,3.231017771
202002,Hamirpur,VSI7HobT5qL,indicator_13,1.276595745
202002,Hapur,CZ8kLjgqvSH,indicator_13,2
202002,Hardoi,MTIkUw5q5pX,indicator_13,2.306079665
202002,Hathras,m1IAjmqkoFC,indicator_13,3.879310345
202002,Jalaun,NL5xiiHZQSC,indicator_13,1.497005988
202002,Jaunpur,gmw76vAUMqz,indicator_13,3.649635036
202002,Jhansi,Mq751wBMqGF,indicator_13,3.695150115
202002,Kannauj,IhQbDYRiF8w,indicator_13,1.785714286
202002,Kanpur Dehat,k3D0AumUCiC,indicator_13,2.573529412
202002,Kanpur Nagar,QVMRMhzVrrS,indicator_13,1.048951049
202002,Kasganj,hITp09XOBLZ,indicator_13,3.664921466
202002,Kaushambi,PAj0oVY0Dxu,indicator_13,2.127659574
202002,Kushinagar,xUeHwd9FQkg,indicator_13,6.451612903
202002,Lakhimpur Kheri,d9ZuMopgX29,indicator_13,6.739130435
202002,Lalitpur,fagfcadhxej,indicator_13,3.669724771
202002,Lucknow,MfHac5N78aK,indicator_13,2.919708029
202002,Maharajganj,AcnMkNGgc3S,indicator_13,3.878116343
202002,Mahoba,sUQMxIc3yXj,indicator_13,1.129943503
202002,Mainpuri,XBLhrSWGytu,indicator_13,1.229508197
202002,Mathura,KP2BUB1npih,indicator_13,1.818181818
202002,Maunathbhanjan,CBSB9v92AwT,indicator_13,6.177606178
202002,Meerut,v8YGmR7nOdj,indicator_13,1.006036217
202002,Mirzapur,UAicdMLyuk4,indicator_13,4.702194357
202002,Moradabad,YQNQoPjAIpV,indicator_13,4.918032787
202002,Muzaffarnagar,MVQs2RrS1Nw,indicator_13,2.808988764
202002,Pilibhit,c96jwckSd6j,indicator_13,1.19047619
202002,Pratapgarh,fz7bJo3egPX,indicator_13,4.102564103
202002,Prayagraj,tXgaew1Pd2Y,indicator_13,2.11038961
202002,Rae Bareli,lLvTDpBDY8u,indicator_13,4.071246819
202002,Rampur,IU006h5U7jj,indicator_13,0.993377483
202002,Saharanpur,FKYZ3JbWq84,indicator_13,2.433628319
202002,Sambhal,YzHpzrN0eLv,indicator_13,2.316602317
202002,Sant Kabir Nagar,fe1yBApr2sl,indicator_13,2.714932127
202002,Shahjahanpur,GaiLSoQq1ue,indicator_13,2.099737533
202002,Shamli,AdiUcz9BXhx,indicator_13,1.169590643
202002,Shrawasti,oyTwneTbWDx,indicator_13,2.189781022
202002,Siddharth Nagar,cP0p8qfm3il,indicator_13,6.705539359
202002,Sitapur,XxaOowFtkiJ,indicator_13,2.490421456
202002,Sonbhadra,NNk3JP90QZ5,indicator_13,3.47826087
202002,Sultanpur,o4ZQTVcMI7U,indicator_13,2.662721893
202002,Unnav,aT03mfdlNiF,indicator_13,1.813471503
202002,Varanasi,LeuBT7KfuuA,indicator_13,3.581267218
202003,Agra,N5WWbRtsjWp,indicator_13,1.129943503
202003,Aligarh,frD2HOp3wAs,indicator_13,2.073732719
202003,Ambedkar Nagar,jM27ji8tyrM,indicator_13,1.875
202003,Amethi,StsLkYw1G0m,indicator_13,2.4
202003,Amroha,hgquAmZaNBu,indicator_13,0.966183575
202003,Auraiya,Bd6E8zkVvVt,indicator_13,2.645502646
202003,Ayodhya,b4XkXzoGqFY,indicator_13,6.005221932
202003,Azamgarh,NjckKfm3g0k,indicator_13,1.742160279
202003,Bagpat,HJIS3IrQ0Nj,indicator_13,1.094890511
202003,Bahraich,iE0E3nLioFr,indicator_13,4.096385542
202003,Ballia,oNDvGBE5fLq,indicator_13,4.265402844
202003,Balrampur,uS0pNSxN3sS,indicator_13,0.787401575
202003,Banda,DggJGxqbWHn,indicator_13,1.602564103
202003,Barabanki,tzH6nJu9SwS,indicator_13,2.647657841
202003,Bareilly,vVqY3DPcpHf,indicator_13,0.936329588
202003,Basti,J1P16zQEOUT,indicator_13,1.829268293
202003,Bhadohi,PeUY1vj02UQ,indicator_13,3.20855615
202003,Bijnor,uCYjHW7FuGG,indicator_13,5.852417303
202003,Budaun,eA37kyBRRuZ,indicator_13,1.82767624
202003,Bulandshahar,ogBt4gWCiem,indicator_13,2.083333333
202003,Chandauli,ClbehnmwSec,indicator_13,4.281345566
202003,Chitrakoot,i2fSZZ3QAJJ,indicator_13,
202003,Deoria,Tf9b9qcbghH,indicator_13,3.836317136
202003,Etah,ZLcx4iOVyN5,indicator_13,1.895734597
202003,Etawah,Pm0jLk6EAiE,indicator_13,4.975124378
202003,Farrukhabad,uEEwlAGZXWW,indicator_13,1.090909091
202003,Fatehpur,ibLiLcaKzw2,indicator_13,1.408450704
202003,Firozabad,eJTsuE56XDF,indicator_13,4.460966543
202003,Gautam Buddha Nagar,bNmwkrQeP3e,indicator_13,0.689655172
202003,Ghaziabad,M5NHlfAaKYI,indicator_13,3.76344086
202003,Ghazipur,dScWdMRN8PL,indicator_13,3.54767184
202003,Gonda,y8WarEkWCul,indicator_13,4.301075269
202003,Gorakhpur,vR85cHdsw1w,indicator_13,3.210272873
202003,Hamirpur,VSI7HobT5qL,indicator_13,1.276595745
202003,Hapur,CZ8kLjgqvSH,indicator_13,2
202003,Hardoi,MTIkUw5q5pX,indicator_13,2.306079665
202003,Hathras,m1IAjmqkoFC,indicator_13,3.879310345
202003,Jalaun,NL5xiiHZQSC,indicator_13,1.497005988
202003,Jaunpur,gmw76vAUMqz,indicator_13,3.610108303
202003,Jhansi,Mq751wBMqGF,indicator_13,3.695150115
202003,Kannauj,IhQbDYRiF8w,indicator_13,1.785714286
202003,Kanpur Dehat,k3D0AumUCiC,indicator_13,2.573529412
202003,Kanpur Nagar,QVMRMhzVrrS,indicator_13,1.048951049
202003,Kasganj,hITp09XOBLZ,indicator_13,3.664921466
202003,Kaushambi,PAj0oVY0Dxu,indicator_13,2.127659574
202003,Kushinagar,xUeHwd9FQkg,indicator_13,6.451612903
202003,Lakhimpur Kheri,d9ZuMopgX29,indicator_13,6.768558952
202003,Lalitpur,fagfcadhxej,indicator_13,3.669724771
202003,Lucknow,MfHac5N78aK,indicator_13,2.919708029
202003,Maharajganj,AcnMkNGgc3S,indicator_13,3.76344086
202003,Mahoba,sUQMxIc3yXj,indicator_13,1.129943503
202003,Mainpuri,XBLhrSWGytu,indicator_13,1.219512195
202003,Mathura,KP2BUB1npih,indicator_13,1.818181818
202003,Maunathbhanjan,CBSB9v92AwT,indicator_13,6.177606178
202003,Meerut,v8YGmR7nOdj,indicator_13,1.006036217
202003,Mirzapur,UAicdMLyuk4,indicator_13,4.702194357
202003,Moradabad,YQNQoPjAIpV,indicator_13,4.368932039
202003,Muzaffarnagar,MVQs2RrS1Nw,indicator_13,2.808988764
202003,Pilibhit,c96jwckSd6j,indicator_13,1.19047619
202003,Pratapgarh,fz7bJo3egPX,indicator_13,4.102564103
202003,Prayagraj,tXgaew1Pd2Y,indicator_13,1.752021563
202003,Rae Bareli,lLvTDpBDY8u,indicator_13,4.071246819
202003,Rampur,IU006h5U7jj,indicator_13,0.993377483
202003,Saharanpur,FKYZ3JbWq84,indicator_13,2.422907489
202003,Sambhal,YzHpzrN0eLv,indicator_13,2.316602317
202003,Sant Kabir Nagar,fe1yBApr2sl,indicator_13,2.714932127
202003,Shahjahanpur,GaiLSoQq1ue,indicator_13,2.099737533
202003,Shamli,AdiUcz9BXhx,indicator_13,1.162790698
202003,Shrawasti,oyTwneTbWDx,indicator_13,2.189781022
202003,Siddharth Nagar,cP0p8qfm3il,indicator_13,6.705539359
202003,Sitapur,XxaOowFtkiJ,indicator_13,2.490421456
202003,Sonbhadra,NNk3JP90QZ5,indicator_13,3.47826087
202003,Sultanpur,o4ZQTVcMI7U,indicator_13,2.662721893
202003,Unnav,aT03mfdlNiF,indicator_13,1.813471503
202003,Varanasi,LeuBT7KfuuA,indicator_13,3.581267218
202004,Agra,N5WWbRtsjWp,indicator_13,1.129943503
202004,Aligarh,frD2HOp3wAs,indicator_13,2.073732719
202004,Ambedkar Nagar,jM27ji8tyrM,indicator_13,1.875
202004,Amethi,StsLkYw1G0m,indicator_13,2.4
202004,Amroha,hgquAmZaNBu,indicator_13,0.966183575
202004,Auraiya,Bd6E8zkVvVt,indicator_13,2.645502646
202004,Ayodhya,b4XkXzoGqFY,indicator_13,6.005221932
202004,Azamgarh,NjckKfm3g0k,indicator_13,1.742160279
202004,Bagpat,HJIS3IrQ0Nj,indicator_13,1.094890511
202004,Bahraich,iE0E3nLioFr,indicator_13,4.096385542
202004,Ballia,oNDvGBE5fLq,indicator_13,4.265402844
202004,Balrampur,uS0pNSxN3sS,indicator_13,0.787401575
202004,Banda,DggJGxqbWHn,indicator_13,1.602564103
202004,Barabanki,tzH6nJu9SwS,indicator_13,2.647657841
202004,Bareilly,vVqY3DPcpHf,indicator_13,0.936329588
202004,Basti,J1P16zQEOUT,indicator_13,1.829268293
202004,Bhadohi,PeUY1vj02UQ,indicator_13,3.20855615
202004,Bijnor,uCYjHW7FuGG,indicator_13,5.852417303
202004,Budaun,eA37kyBRRuZ,indicator_13,1.82767624
202004,Bulandshahar,ogBt4gWCiem,indicator_13,2.083333333
202004,Chandauli,ClbehnmwSec,indicator_13,4.281345566
202004,Chitrakoot,i2fSZZ3QAJJ,indicator_13,
202004,Deoria,Tf9b9qcbghH,indicator_13,3.836317136
202004,Etah,ZLcx4iOVyN5,indicator_13,1.895734597
202004,Etawah,Pm0jLk6EAiE,indicator_13,4.975124378
202004,Farrukhabad,uEEwlAGZXWW,indicator_13,1.090909091
202004,Fatehpur,ibLiLcaKzw2,indicator_13,1.408450704
202004,Firozabad,eJTsuE56XDF,indicator_13,4.460966543
202004,Gautam Buddha Nagar,bNmwkrQeP3e,indicator_13,0.689655172
202004,Ghaziabad,M5NHlfAaKYI,indicator_13,3.76344086
202004,Ghazipur,dScWdMRN8PL,indicator_13,3.54767184
202004,Gonda,y8WarEkWCul,indicator_13,4.301075269
202004,Gorakhpur,vR85cHdsw1w,indicator_13,3.210272873
202004,Hamirpur,VSI7HobT5qL,indicator_13,1.276595745
202004,Hapur,CZ8kLjgqvSH,indicator_13,2
202004,Hardoi,MTIkUw5q5pX,indicator_13,2.306079665
202004,Hathras,m1IAjmqkoFC,indicator_13,3.879310345
202004,Jalaun,NL5xiiHZQSC,indicator_13,1.497005988
202004,Jaunpur,gmw76vAUMqz,indicator_13,3.610108303
202004,Jhansi,Mq751wBMqGF,indicator_13,3.695150115
202004,Kannauj,IhQbDYRiF8w,indicator_13,1.785714286
202004,Kanpur Dehat,k3D0AumUCiC,indicator_13,2.573529412
202004,Kanpur Nagar,QVMRMhzVrrS,indicator_13,1.048951049
202004,Kasganj,hITp09XOBLZ,indicator_13,3.664921466
202004,Kaushambi,PAj0oVY0Dxu,indicator_13,2.127659574
202004,Kushinagar,xUeHwd9FQkg,indicator_13,6.451612903
202004,Lakhimpur Kheri,d9ZuMopgX29,indicator_13,6.768558952
202004,Lalitpur,fagfcadhxej,indicator_13,3.669724771
202004,Lucknow,MfHac5N78aK,indicator_13,2.919708029
202004,Maharajganj,AcnMkNGgc3S,indicator_13,3.76344086
202004,Mahoba,sUQMxIc3yXj,indicator_13,1.129943503
202004,Mainpuri,XBLhrSWGytu,indicator_13,1.219512195
202004,Mathura,KP2BUB1npih,indicator_13,1.818181818
202004,Maunathbhanjan,CBSB9v92AwT,indicator_13,6.177606178
202004,Meerut,v8YGmR7nOdj,indicator_13,1.006036217
202004,Mirzapur,UAicdMLyuk4,indicator_13,4.702194357
202004,Moradabad,YQNQoPjAIpV,indicator_13,4.368932039
202004,Muzaffarnagar,MVQs2RrS1Nw,indicator_13,2.808988764
202004,Pilibhit,c96jwckSd6j,indicator_13,1.19047619
202004,Pratapgarh,fz7bJo3egPX,indicator_13,4.102564103
202004,Prayagraj,tXgaew1Pd2Y,indicator_13,1.752021563
202004,Rae Bareli,lLvTDpBDY8u,indicator_13,4.071246819
202004,Rampur,IU006h5U7jj,indicator_13,0.993377483
202004,Saharanpur,FKYZ3JbWq84,indicator_13,2.422907489
202004,Sambhal,YzHpzrN0eLv,indicator_13,2.316602317
202004,Sant Kabir Nagar,fe1yBApr2sl,indicator_13,2.714932127
202004,Shahjahanpur,GaiLSoQq1ue,indicator_13,2.099737533
202004,Shamli,AdiUcz9BXhx,indicator_13,1.162790698
202004,Shrawasti,oyTwneTbWDx,indicator_13,2.189781022
202004,Siddharth Nagar,cP0p8qfm3il,indicator_13,6.705539359
202004,Sitapur,XxaOowFtkiJ,indicator_13,2.490421456
202004,Sonbhadra,NNk3JP90QZ5,indicator_13,3.47826087
202004,Sultanpur,o4ZQTVcMI7U,indicator_13,2.662721893
202004,Unnav,aT03mfdlNiF,indicator_13,1.813471503
202004,Varanasi,LeuBT7KfuuA,indicator_13,3.581267218
202005,Agra,N5WWbRtsjWp,indicator_13,1.129943503
202005,Aligarh,frD2HOp3wAs,indicator_13,2.073732719
202005,Ambedkar Nagar,jM27ji8tyrM,indicator_13,1.875
202005,Amethi,StsLkYw1G0m,indicator_13,2.4
202005,Amroha,hgquAmZaNBu,indicator_13,0.966183575
202005,Auraiya,Bd6E8zkVvVt,indicator_13,2.645502646
202005,Ayodhya,b4XkXzoGqFY,indicator_13,6.005221932
202005,Azamgarh,NjckKfm3g0k,indicator_13,1.742160279
202005,Bagpat,HJIS3IrQ0Nj,indicator_13,1.094890511
202005,Bahraich,iE0E3nLioFr,indicator_13,4.096385542
202005,Ballia,oNDvGBE5fLq,indicator_13,4.265402844
202005,Balrampur,uS0pNSxN3sS,indicator_13,0.787401575
202005,Banda,DggJGxqbWHn,indicator_13,1.602564103
202005,Barabanki,tzH6nJu9SwS,indicator_13,2.647657841
202005,Bareilly,vVqY3DPcpHf,indicator_13,0.936329588
202005,Basti,J1P16zQEOUT,indicator_13,1.829268293
202005,Bhadohi,PeUY1vj02UQ,indicator_13,3.20855615
202005,Bijnor,uCYjHW7FuGG,indicator_13,5.852417303
202005,Budaun,eA37kyBRRuZ,indicator_13,1.82767624
202005,Bulandshahar,ogBt4gWCiem,indicator_13,2.083333333
202005,Chandauli,ClbehnmwSec,indicator_13,4.281345566
202005,Chitrakoot,i2fSZZ3QAJJ,indicator_13,
202005,Deoria,Tf9b9qcbghH,indicator_13,3.836317136
202005,Etah,ZLcx4iOVyN5,indicator_13,1.895734597
202005,Etawah,Pm0jLk6EAiE,indicator_13,4.975124378
202005,Farrukhabad,uEEwlAGZXWW,indicator_13,1.090909091
202005,Fatehpur,ibLiLcaKzw2,indicator_13,1.408450704
202005,Firozabad,eJTsuE56XDF,indicator_13,4.460966543
202005,Gautam Buddha Nagar,bNmwkrQeP3e,indicator_13,0.689655172
202005,Ghaziabad,M5NHlfAaKYI,indicator_13,3.76344086
202005,Ghazipur,dScWdMRN8PL,indicator_13,3.54767184
202005,Gonda,y8WarEkWCul,indicator_13,4.301075269
202005,Gorakhpur,vR85cHdsw1w,indicator_13,3.210272873
202005,Hamirpur,VSI7HobT5qL,indicator_13,1.276595745
202005,Hapur,CZ8kLjgqvSH,indicator_13,2
202005,Hardoi,MTIkUw5q5pX,indicator_13,2.306079665
202005,Hathras,m1IAjmqkoFC,indicator_13,3.879310345
202005,Jalaun,NL5xiiHZQSC,indicator_13,1.497005988
202005,Jaunpur,gmw76vAUMqz,indicator_13,3.610108303
202005,Jhansi,Mq751wBMqGF,indicator_13,3.695150115
202005,Kannauj,IhQbDYRiF8w,indicator_13,1.785714286
202005,Kanpur Dehat,k3D0AumUCiC,indicator_13,2.573529412
202005,Kanpur Nagar,QVMRMhzVrrS,indicator_13,1.048951049
202005,Kasganj,hITp09XOBLZ,indicator_13,3.664921466
202005,Kaushambi,PAj0oVY0Dxu,indicator_13,2.127659574
202005,Kushinagar,xUeHwd9FQkg,indicator_13,6.451612903
202005,Lakhimpur Kheri,d9ZuMopgX29,indicator_13,6.768558952
202005,Lalitpur,fagfcadhxej,indicator_13,3.669724771
202005,Lucknow,MfHac5N78aK,indicator_13,2.919708029
202005,Maharajganj,AcnMkNGgc3S,indicator_13,3.76344086
202005,Mahoba,sUQMxIc3yXj,indicator_13,1.129943503
202005,Mainpuri,XBLhrSWGytu,indicator_13,1.219512195
202005,Mathura,KP2BUB1npih,indicator_13,1.818181818
202005,Maunathbhanjan,CBSB9v92AwT,indicator_13,6.177606178
202005,Meerut,v8YGmR7nOdj,indicator_13,1.006036217
202005,Mirzapur,UAicdMLyuk4,indicator_13,4.702194357
202005,Moradabad,YQNQoPjAIpV,indicator_13,4.368932039
202005,Muzaffarnagar,MVQs2RrS1Nw,indicator_13,2.808988764
202005,Pilibhit,c96jwckSd6j,indicator_13,1.19047619
202005,Pratapgarh,fz7bJo3egPX,indicator_13,4.102564103
202005,Prayagraj,tXgaew1Pd2Y,indicator_13,1.752021563
202005,Rae Bareli,lLvTDpBDY8u,indicator_13,4.071246819
202005,Rampur,IU006h5U7jj,indicator_13,0.993377483
202005,Saharanpur,FKYZ3JbWq84,indicator_13,2.422907489
202005,Sambhal,YzHpzrN0eLv,indicator_13,2.316602317
202005,Sant Kabir Nagar,fe1yBApr2sl,indicator_13,2.714932127
202005,Shahjahanpur,GaiLSoQq1ue,indicator_13,2.099737533
202005,Shamli,AdiUcz9BXhx,indicator_13,1.162790698
202005,Shrawasti,oyTwneTbWDx,indicator_13,2.189781022
202005,Siddharth Nagar,cP0p8qfm3il,indicator_13,6.705539359
202005,Sitapur,XxaOowFtkiJ,indicator_13,2.490421456
202005,Sonbhadra,NNk3JP90QZ5,indicator_13,3.47826087
202005,Sultanpur,o4ZQTVcMI7U,indicator_13,2.662721893
202005,Unnav,aT03mfdlNiF,indicator_13,1.813471503
202005,Varanasi,LeuBT7KfuuA,indicator_13,3.581267218
202006,Agra,N5WWbRtsjWp,indicator_13,1.129943503
202006,Aligarh,frD2HOp3wAs,indicator_13,2.073732719
202006,Ambedkar Nagar,jM27ji8tyrM,indicator_13,1.875
202006,Amethi,StsLkYw1G0m,indicator_13,2.4
202006,Amroha,hgquAmZaNBu,indicator_13,0.966183575
202006,Auraiya,Bd6E8zkVvVt,indicator_13,2.645502646
202006,Ayodhya,b4XkXzoGqFY,indicator_13,6.005221932
202006,Azamgarh,NjckKfm3g0k,indicator_13,1.742160279
202006,Bagpat,HJIS3IrQ0Nj,indicator_13,1.094890511
202006,Bahraich,iE0E3nLioFr,indicator_13,4.096385542
202006,Ballia,oNDvGBE5fLq,indicator_13,4.265402844
202006,Balrampur,uS0pNSxN3sS,indicator_13,0.787401575
202006,Banda,DggJGxqbWHn,indicator_13,1.602564103
202006,Barabanki,tzH6nJu9SwS,indicator_13,2.647657841
202006,Bareilly,vVqY3DPcpHf,indicator_13,0.936329588
202006,Basti,J1P16zQEOUT,indicator_13,1.829268293
202006,Bhadohi,PeUY1vj02UQ,indicator_13,3.20855615
202006,Bijnor,uCYjHW7FuGG,indicator_13,5.852417303
202006,Budaun,eA37kyBRRuZ,indicator_13,1.82767624
202006,Bulandshahar,ogBt4gWCiem,indicator_13,2.083333333
202006,Chandauli,ClbehnmwSec,indicator_13,4.281345566
202006,Chitrakoot,i2fSZZ3QAJJ,indicator_13,
202006,Deoria,Tf9b9qcbghH,indicator_13,3.836317136
202006,Etah,ZLcx4iOVyN5,indicator_13,1.895734597
202006,Etawah,Pm0jLk6EAiE,indicator_13,4.975124378
202006,Farrukhabad,uEEwlAGZXWW,indicator_13,1.090909091
202006,Fatehpur,ibLiLcaKzw2,indicator_13,1.408450704
202006,Firozabad,eJTsuE56XDF,indicator_13,4.460966543
202006,Gautam Buddha Nagar,bNmwkrQeP3e,indicator_13,0.689655172
202006,Ghaziabad,M5NHlfAaKYI,indicator_13,3.76344086
202006,Ghazipur,dScWdMRN8PL,indicator_13,3.54767184
202006,Gonda,y8WarEkWCul,indicator_13,4.301075269
202006,Gorakhpur,vR85cHdsw1w,indicator_13,3.210272873
202006,Hamirpur,VSI7HobT5qL,indicator_13,1.276595745
202006,Hapur,CZ8kLjgqvSH,indicator_13,2
202006,Hardoi,MTIkUw5q5pX,indicator_13,2.306079665
202006,Hathras,m1IAjmqkoFC,indicator_13,3.879310345
202006,Jalaun,NL5xiiHZQSC,indicator_13,1.497005988
202006,Jaunpur,gmw76vAUMqz,indicator_13,3.610108303
202006,Jhansi,Mq751wBMqGF,indicator_13,3.695150115
202006,Kannauj,IhQbDYRiF8w,indicator_13,1.785714286
202006,Kanpur Dehat,k3D0AumUCiC,indicator_13,2.573529412
202006,Kanpur Nagar,QVMRMhzVrrS,indicator_13,1.048951049
202006,Kasganj,hITp09XOBLZ,indicator_13,3.664921466
202006,Kaushambi,PAj0oVY0Dxu,indicator_13,2.127659574
202006,Kushinagar,xUeHwd9FQkg,indicator_13,6.451612903
202006,Lakhimpur Kheri,d9ZuMopgX29,indicator_13,6.768558952
202006,Lalitpur,fagfcadhxej,indicator_13,3.669724771
202006,Lucknow,MfHac5N78aK,indicator_13,2.919708029
202006,Maharajganj,AcnMkNGgc3S,indicator_13,3.76344086
202006,Mahoba,sUQMxIc3yXj,indicator_13,1.129943503
202006,Mainpuri,XBLhrSWGytu,indicator_13,1.219512195
202006,Mathura,KP2BUB1npih,indicator_13,1.818181818
202006,Maunathbhanjan,CBSB9v92AwT,indicator_13,6.177606178
202006,Meerut,v8YGmR7nOdj,indicator_13,1.006036217
202006,Mirzapur,UAicdMLyuk4,indicator_13,4.702194357
202006,Moradabad,YQNQoPjAIpV,indicator_13,4.368932039
202006,Muzaffarnagar,MVQs2RrS1Nw,indicator_13,2.808988764
202006,Pilibhit,c96jwckSd6j,indicator_13,1.19047619
202006,Pratapgarh,fz7bJo3egPX,indicator_13,4.102564103
202006,Prayagraj,tXgaew1Pd2Y,indicator_13,1.752021563
202006,Rae Bareli,lLvTDpBDY8u,indicator_13,4.071246819
202006,Rampur,IU006h5U7jj,indicator_13,0.993377483
202006,Saharanpur,FKYZ3JbWq84,indicator_13,2.422907489
202006,Sambhal,YzHpzrN0eLv,indicator_13,2.316602317
202006,Sant Kabir Nagar,fe1yBApr2sl,indicator_13,2.714932127
202006,Shahjahanpur,GaiLSoQq1ue,indicator_13,2.099737533
202006,Shamli,AdiUcz9BXhx,indicator_13,1.162790698
202006,Shrawasti,oyTwneTbWDx,indicator_13,2.189781022
202006,Siddharth Nagar,cP0p8qfm3il,indicator_13,6.705539359
202006,Sitapur,XxaOowFtkiJ,indicator_13,2.490421456
202006,Sonbhadra,NNk3JP90QZ5,indicator_13,3.47826087
202006,Sultanpur,o4ZQTVcMI7U,indicator_13,2.662721893
202006,Unnav,aT03mfdlNiF,indicator_13,1.813471503
202006,Varanasi,LeuBT7KfuuA,indicator_13,3.581267218
202007,Agra,N5WWbRtsjWp,indicator_13,1.129943503
202007,Aligarh,frD2HOp3wAs,indicator_13,2.073732719
202007,Ambedkar Nagar,jM27ji8tyrM,indicator_13,1.875
202007,Amethi,StsLkYw1G0m,indicator_13,2.4
202007,Amroha,hgquAmZaNBu,indicator_13,0.966183575
202007,Auraiya,Bd6E8zkVvVt,indicator_13,2.645502646
202007,Ayodhya,b4XkXzoGqFY,indicator_13,6.005221932
202007,Azamgarh,NjckKfm3g0k,indicator_13,1.742160279
202007,Bagpat,HJIS3IrQ0Nj,indicator_13,1.094890511
202007,Bahraich,iE0E3nLioFr,indicator_13,4.096385542
202007,Ballia,oNDvGBE5fLq,indicator_13,4.265402844
202007,Balrampur,uS0pNSxN3sS,indicator_13,0.787401575
202007,Banda,DggJGxqbWHn,indicator_13,1.602564103
202007,Barabanki,tzH6nJu9SwS,indicator_13,2.647657841
202007,Bareilly,vVqY3DPcpHf,indicator_13,0.948766603
202007,Basti,J1P16zQEOUT,indicator_13,1.829268293
202007,Bhadohi,PeUY1vj02UQ,indicator_13,3.20855615
202007,Bijnor,uCYjHW7FuGG,indicator_13,5.852417303
202007,Budaun,eA37kyBRRuZ,indicator_13,1.82767624
202007,Bulandshahar,ogBt4gWCiem,indicator_13,2.083333333
202007,Chandauli,ClbehnmwSec,indicator_13,4.281345566
202007,Chitrakoot,i2fSZZ3QAJJ,indicator_13,
202007,Deoria,Tf9b9qcbghH,indicator_13,3.836317136
202007,Etah,ZLcx4iOVyN5,indicator_13,1.895734597
202007,Etawah,Pm0jLk6EAiE,indicator_13,4.975124378
202007,Farrukhabad,uEEwlAGZXWW,indicator_13,1.090909091
202007,Fatehpur,ibLiLcaKzw2,indicator_13,1.408450704
202007,Firozabad,eJTsuE56XDF,indicator_13,4.460966543
202007,Gautam Buddha Nagar,bNmwkrQeP3e,indicator_13,0.74906367
202007,Ghaziabad,M5NHlfAaKYI,indicator_13,3.76344086
202007,Ghazipur,dScWdMRN8PL,indicator_13,3.54767184
202007,Gonda,y8WarEkWCul,indicator_13,4.301075269
202007,Gorakhpur,vR85cHdsw1w,indicator_13,3.210272873
202007,Hamirpur,VSI7HobT5qL,indicator_13,1.276595745
202007,Hapur,CZ8kLjgqvSH,indicator_13,2
202007,Hardoi,MTIkUw5q5pX,indicator_13,2.30125523
202007,Hathras,m1IAjmqkoFC,indicator_13,3.879310345
202007,Jalaun,NL5xiiHZQSC,indicator_13,1.497005988
202007,Jaunpur,gmw76vAUMqz,indicator_13,3.610108303
202007,Jhansi,Mq751wBMqGF,indicator_13,3.695150115
202007,Kannauj,IhQbDYRiF8w,indicator_13,1.785714286
202007,Kanpur Dehat,k3D0AumUCiC,indicator_13,2.573529412
202007,Kanpur Nagar,QVMRMhzVrrS,indicator_13,1.048951049
202007,Kasganj,hITp09XOBLZ,indicator_13,3.664921466
202007,Kaushambi,PAj0oVY0Dxu,indicator_13,2.127659574
202007,Kushinagar,xUeHwd9FQkg,indicator_13,6.451612903
202007,Lakhimpur Kheri,d9ZuMopgX29,indicator_13,6.768558952
202007,Lalitpur,fagfcadhxej,indicator_13,3.669724771
202007,Lucknow,MfHac5N78aK,indicator_13,2.919708029
202007,Maharajganj,AcnMkNGgc3S,indicator_13,3.76344086
202007,Mahoba,sUQMxIc3yXj,indicator_13,1.129943503
202007,Mainpuri,XBLhrSWGytu,indicator_13,1.219512195
202007,Mathura,KP2BUB1npih,indicator_13,1.818181818
202007,Maunathbhanjan,CBSB9v92AwT,indicator_13,6.177606178
202007,Meerut,v8YGmR7nOdj,indicator_13,1.006036217
202007,Mirzapur,UAicdMLyuk4,indicator_13,4.702194357
202007,Moradabad,YQNQoPjAIpV,indicator_13,4.358353511
202007,Muzaffarnagar,MVQs2RrS1Nw,indicator_13,2.808988764
202007,Pilibhit,c96jwckSd6j,indicator_13,1.19047619
202007,Pratapgarh,fz7bJo3egPX,indicator_13,4.102564103
202007,Prayagraj,tXgaew1Pd2Y,indicator_13,1.752021563
202007,Rae Bareli,lLvTDpBDY8u,indicator_13,4.071246819
202007,Rampur,IU006h5U7jj,indicator_13,0.993377483
202007,Saharanpur,FKYZ3JbWq84,indicator_13,2.422907489
202007,Sambhal,YzHpzrN0eLv,indicator_13,2.316602317
202007,Sant Kabir Nagar,fe1yBApr2sl,indicator_13,2.714932127
202007,Shahjahanpur,GaiLSoQq1ue,indicator_13,2.099737533
202007,Shamli,AdiUcz9BXhx,indicator_13,1.176470588
202007,Shrawasti,oyTwneTbWDx,indicator_13,2.189781022
202007,Siddharth Nagar,cP0p8qfm3il,indicator_13,6.705539359
202007,Sitapur,XxaOowFtkiJ,indicator_13,2.490421456
202007,Sonbhadra,NNk3JP90QZ5,indicator_13,3.47826087
202007,Sultanpur,o4ZQTVcMI7U,indicator_13,3.114186851
202007,Unnav,aT03mfdlNiF,indicator_13,1.813471503
202007,Varanasi,LeuBT7KfuuA,indicator_13,3.581267218
202008,Agra,N5WWbRtsjWp,indicator_13,1.129943503
202008,Aligarh,frD2HOp3wAs,indicator_13,2.073732719
202008,Ambedkar Nagar,jM27ji8tyrM,indicator_13,1.875
202008,Amethi,StsLkYw1G0m,indicator_13,2.4
202008,Amroha,hgquAmZaNBu,indicator_13,0.966183575
202008,Auraiya,Bd6E8zkVvVt,indicator_13,2.645502646
202008,Ayodhya,b4XkXzoGqFY,indicator_13,6.005221932
202008,Azamgarh,NjckKfm3g0k,indicator_13,1.742160279
202008,Bagpat,HJIS3IrQ0Nj,indicator_13,1.094890511
202008,Bahraich,iE0E3nLioFr,indicator_13,4.096385542
202008,Ballia,oNDvGBE5fLq,indicator_13,4.265402844
202008,Balrampur,uS0pNSxN3sS,indicator_13,0.757575758
202008,Banda,DggJGxqbWHn,indicator_13,1.602564103
202008,Barabanki,tzH6nJu9SwS,indicator_13,2.647657841
202008,Bareilly,vVqY3DPcpHf,indicator_13,0.948766603
202008,Basti,J1P16zQEOUT,indicator_13,1.829268293
202008,Bhadohi,PeUY1vj02UQ,indicator_13,3.20855615
202008,Bijnor,uCYjHW7FuGG,indicator_13,5.852417303
202008,Budaun,eA37kyBRRuZ,indicator_13,1.82767624
202008,Bulandshahar,ogBt4gWCiem,indicator_13,2.083333333
202008,Chandauli,ClbehnmwSec,indicator_13,4.281345566
202008,Chitrakoot,i2fSZZ3QAJJ,indicator_13,
202008,Deoria,Tf9b9qcbghH,indicator_13,3.836317136
202008,Etah,ZLcx4iOVyN5,indicator_13,1.895734597
202008,Etawah,Pm0jLk6EAiE,indicator_13,4.975124378
202008,Farrukhabad,uEEwlAGZXWW,indicator_13,1.090909091
202008,Fatehpur,ibLiLcaKzw2,indicator_13,1.408450704
202008,Firozabad,eJTsuE56XDF,indicator_13,4.460966543
202008,Gautam Buddha Nagar,bNmwkrQeP3e,indicator_13,0.74906367
202008,Ghaziabad,M5NHlfAaKYI,indicator_13,3.76344086
202008,Ghazipur,dScWdMRN8PL,indicator_13,3.54767184
202008,Gonda,y8WarEkWCul,indicator_13,4.301075269
202008,Gorakhpur,vR85cHdsw1w,indicator_13,3.210272873
202008,Hamirpur,VSI7HobT5qL,indicator_13,1.276595745
202008,Hapur,CZ8kLjgqvSH,indicator_13,2
202008,Hardoi,MTIkUw5q5pX,indicator_13,2.30125523
202008,Hathras,m1IAjmqkoFC,indicator_13,3.879310345
202008,Jalaun,NL5xiiHZQSC,indicator_13,1.497005988
202008,Jaunpur,gmw76vAUMqz,indicator_13,3.610108303
202008,Jhansi,Mq751wBMqGF,indicator_13,3.695150115
202008,Kannauj,IhQbDYRiF8w,indicator_13,1.785714286
202008,Kanpur Dehat,k3D0AumUCiC,indicator_13,2.573529412
202008,Kanpur Nagar,QVMRMhzVrrS,indicator_13,1.047120419
202008,Kasganj,hITp09XOBLZ,indicator_13,3.664921466
202008,Kaushambi,PAj0oVY0Dxu,indicator_13,2.127659574
202008,Kushinagar,xUeHwd9FQkg,indicator_13,6.451612903
202008,Lakhimpur Kheri,d9ZuMopgX29,indicator_13,6.768558952
202008,Lalitpur,fagfcadhxej,indicator_13,3.669724771
202008,Lucknow,MfHac5N78aK,indicator_13,2.919708029
202008,Maharajganj,AcnMkNGgc3S,indicator_13,3.76344086
202008,Mahoba,sUQMxIc3yXj,indicator_13,1.129943503
202008,Mainpuri,XBLhrSWGytu,indicator_13,1.219512195
202008,Mathura,KP2BUB1npih,indicator_13,1.818181818
202008,Maunathbhanjan,CBSB9v92AwT,indicator_13,6.177606178
202008,Meerut,v8YGmR7nOdj,indicator_13,1.006036217
202008,Mirzapur,UAicdMLyuk4,indicator_13,4.702194357
202008,Moradabad,YQNQoPjAIpV,indicator_13,4.358353511
202008,Muzaffarnagar,MVQs2RrS1Nw,indicator_13,2.808988764
202008,Pilibhit,c96jwckSd6j,indicator_13,1.19047619
202008,Pratapgarh,fz7bJo3egPX,indicator_13,4.102564103
202008,Prayagraj,tXgaew1Pd2Y,indicator_13,1.752021563
202008,Rae Bareli,lLvTDpBDY8u,indicator_13,4.071246819
202008,Rampur,IU006h5U7jj,indicator_13,0.993377483
202008,Saharanpur,FKYZ3JbWq84,indicator_13,2.422907489
202008,Sambhal,YzHpzrN0eLv,indicator_13,2.316602317
202008,Sant Kabir Nagar,fe1yBApr2sl,indicator_13,2.714932127
202008,Shahjahanpur,GaiLSoQq1ue,indicator_13,2.099737533
202008,Shamli,AdiUcz9BXhx,indicator_13,1.176470588
202008,Shrawasti,oyTwneTbWDx,indicator_13,2.189781022
202008,Siddharth Nagar,cP0p8qfm3il,indicator_13,6.705539359
202008,Sitapur,XxaOowFtkiJ,indicator_13,2.490421456
202008,Sonbhadra,NNk3JP90QZ5,indicator_13,3.47826087
202008,Sultanpur,o4ZQTVcMI7U,indicator_13,3.114186851
202008,Unnav,aT03mfdlNiF,indicator_13,1.813471503
202008,Varanasi,LeuBT7KfuuA,indicator_13,3.581267218
202009,Agra,N5WWbRtsjWp,indicator_13,1.129943503
202009,Aligarh,frD2HOp3wAs,indicator_13,2.073732719
202009,Ambedkar Nagar,jM27ji8tyrM,indicator_13,1.875
202009,Amethi,StsLkYw1G0m,indicator_13,2.4
202009,Amroha,hgquAmZaNBu,indicator_13,0.966183575
202009,Auraiya,Bd6E8zkVvVt,indicator_13,2.645502646
202009,Ayodhya,b4XkXzoGqFY,indicator_13,6.084656085
202009,Azamgarh,NjckKfm3g0k,indicator_13,1.742160279
202009,Bagpat,HJIS3IrQ0Nj,indicator_13,1.094890511
202009,Bahraich,iE0E3nLioFr,indicator_13,4.096385542
202009,Ballia,oNDvGBE5fLq,indicator_13,4.265402844
202009,Balrampur,uS0pNSxN3sS,indicator_13,0.757575758
202009,Banda,DggJGxqbWHn,indicator_13,1.602564103
202009,Barabanki,tzH6nJu9SwS,indicator_13,2.642276423
202009,Bareilly,vVqY3DPcpHf,indicator_13,0.956022945
202009,Basti,J1P16zQEOUT,indicator_13,1.829268293
202009,Bhadohi,PeUY1vj02UQ,indicator_13,3.20855615
202009,Bijnor,uCYjHW7FuGG,indicator_13,5.852417303
202009,Budaun,eA37kyBRRuZ,indicator_13,1.82767624
202009,Bulandshahar,ogBt4gWCiem,indicator_13,2.083333333
202009,Chandauli,ClbehnmwSec,indicator_13,4.281345566
202009,Chitrakoot,i2fSZZ3QAJJ,indicator_13,
202009,Deoria,Tf9b9qcbghH,indicator_13,3.836317136
202009,Etah,ZLcx4iOVyN5,indicator_13,1.895734597
202009,Etawah,Pm0jLk6EAiE,indicator_13,4.975124378
202009,Farrukhabad,uEEwlAGZXWW,indicator_13,1.090909091
202009,Fatehpur,ibLiLcaKzw2,indicator_13,1.408450704
202009,Firozabad,eJTsuE56XDF,indicator_13,4.460966543
202009,Gautam Buddha Nagar,bNmwkrQeP3e,indicator_13,0.74906367
202009,Ghaziabad,M5NHlfAaKYI,indicator_13,3.76344086
202009,Ghazipur,dScWdMRN8PL,indicator_13,3.54767184
202009,Gonda,y8WarEkWCul,indicator_13,4.301075269
202009,Gorakhpur,vR85cHdsw1w,indicator_13,3.210272873
202009,Hamirpur,VSI7HobT5qL,indicator_13,1.276595745
202009,Hapur,CZ8kLjgqvSH,indicator_13,1.98019802
202009,Hardoi,MTIkUw5q5pX,indicator_13,2.30125523
202009,Hathras,m1IAjmqkoFC,indicator_13,3.879310345
202009,Jalaun,NL5xiiHZQSC,indicator_13,1.497005988
202009,Jaunpur,gmw76vAUMqz,indicator_13,3.610108303
202009,Jhansi,Mq751wBMqGF,indicator_13,3.695150115
202009,Kannauj,IhQbDYRiF8w,indicator_13,1.785714286
202009,Kanpur Dehat,k3D0AumUCiC,indicator_13,2.573529412
202009,Kanpur Nagar,QVMRMhzVrrS,indicator_13,1.047120419
202009,Kasganj,hITp09XOBLZ,indicator_13,3.664921466
202009,Kaushambi,PAj0oVY0Dxu,indicator_13,2.127659574
202009,Kushinagar,xUeHwd9FQkg,indicator_13,6.451612903
202009,Lakhimpur Kheri,d9ZuMopgX29,indicator_13,6.768558952
202009,Lalitpur,fagfcadhxej,indicator_13,3.669724771
202009,Lucknow,MfHac5N78aK,indicator_13,2.919708029
202009,Maharajganj,AcnMkNGgc3S,indicator_13,3.76344086
202009,Mahoba,sUQMxIc3yXj,indicator_13,1.129943503
202009,Mainpuri,XBLhrSWGytu,indicator_13,1.219512195
202009,Mathura,KP2BUB1npih,indicator_13,1.818181818
202009,Maunathbhanjan,CBSB9v92AwT,indicator_13,6.177606178
202009,Meerut,v8YGmR7nOdj,indicator_13,1.006036217
202009,Mirzapur,UAicdMLyuk4,indicator_13,4.702194357
202009,Moradabad,YQNQoPjAIpV,indicator_13,4.358353511
202009,Muzaffarnagar,MVQs2RrS1Nw,indicator_13,2.808988764
202009,Pilibhit,c96jwckSd6j,indicator_13,1.19047619
202009,Pratapgarh,fz7bJo3egPX,indicator_13,4.102564103
202009,Prayagraj,tXgaew1Pd2Y,indicator_13,1.752021563
202009,Rae Bareli,lLvTDpBDY8u,indicator_13,4.071246819
202009,Rampur,IU006h5U7jj,indicator_13,0.993377483
202009,Saharanpur,FKYZ3JbWq84,indicator_13,2.422907489
202009,Sambhal,YzHpzrN0eLv,indicator_13,2.316602317
202009,Sant Kabir Nagar,fe1yBApr2sl,indicator_13,2.714932127
202009,Shahjahanpur,GaiLSoQq1ue,indicator_13,2.099737533
202009,Shamli,AdiUcz9BXhx,indicator_13,1.176470588
202009,Shrawasti,oyTwneTbWDx,indicator_13,2.189781022
202009,Siddharth Nagar,cP0p8qfm3il,indicator_13,6.705539359
202009,Sitapur,XxaOowFtkiJ,indicator_13,2.490421456
202009,Sonbhadra,NNk3JP90QZ5,indicator_13,3.47826087
202009,Sultanpur,o4ZQTVcMI7U,indicator_13,3.114186851
202009,Unnav,aT03mfdlNiF,indicator_13,1.813471503
202009,Varanasi,LeuBT7KfuuA,indicator_13,3.581267218
202010,Agra,N5WWbRtsjWp,indicator_13,1.129943503
202010,Aligarh,frD2HOp3wAs,indicator_13,2.073732719
202010,Ambedkar Nagar,jM27ji8tyrM,indicator_13,1.875
202010,Amethi,StsLkYw1G0m,indicator_13,2.4
202010,Amroha,hgquAmZaNBu,indicator_13,0.966183575
202010,Auraiya,Bd6E8zkVvVt,indicator_13,2.645502646
202010,Ayodhya,b4XkXzoGqFY,indicator_13,6.084656085
202010,Azamgarh,NjckKfm3g0k,indicator_13,1.742160279
202010,Bagpat,HJIS3IrQ0Nj,indicator_13,1.094890511
202010,Bahraich,iE0E3nLioFr,indicator_13,4.096385542
202010,Ballia,oNDvGBE5fLq,indicator_13,4.265402844
202010,Balrampur,uS0pNSxN3sS,indicator_13,0.757575758
202010,Banda,DggJGxqbWHn,indicator_13,1.602564103
202010,Barabanki,tzH6nJu9SwS,indicator_13,2.642276423
202010,Bareilly,vVqY3DPcpHf,indicator_13,0.956022945
202010,Basti,J1P16zQEOUT,indicator_13,1.829268293
202010,Bhadohi,PeUY1vj02UQ,indicator_13,3.20855615
202010,Bijnor,uCYjHW7FuGG,indicator_13,5.852417303
202010,Budaun,eA37kyBRRuZ,indicator_13,1.82767624
202010,Bulandshahar,ogBt4gWCiem,indicator_13,2.083333333
202010,Chandauli,ClbehnmwSec,indicator_13,4.281345566
202010,Chitrakoot,i2fSZZ3QAJJ,indicator_13,
202010,Deoria,Tf9b9qcbghH,indicator_13,3.836317136
202010,Etah,ZLcx4iOVyN5,indicator_13,1.895734597
202010,Etawah,Pm0jLk6EAiE,indicator_13,4.975124378
202010,Farrukhabad,uEEwlAGZXWW,indicator_13,1.090909091
202010,Fatehpur,ibLiLcaKzw2,indicator_13,1.408450704
202010,Firozabad,eJTsuE56XDF,indicator_13,4.460966543
202010,Gautam Buddha Nagar,bNmwkrQeP3e,indicator_13,0.74906367
202010,Ghaziabad,M5NHlfAaKYI,indicator_13,3.76344086
202010,Ghazipur,dScWdMRN8PL,indicator_13,3.54767184
202010,Gonda,y8WarEkWCul,indicator_13,4.301075269
202010,Gorakhpur,vR85cHdsw1w,indicator_13,3.210272873
202010,Hamirpur,VSI7HobT5qL,indicator_13,1.276595745
202010,Hapur,CZ8kLjgqvSH,indicator_13,1.98019802
202010,Hardoi,MTIkUw5q5pX,indicator_13,2.30125523
202010,Hathras,m1IAjmqkoFC,indicator_13,3.879310345
202010,Jalaun,NL5xiiHZQSC,indicator_13,1.497005988
202010,Jaunpur,gmw76vAUMqz,indicator_13,3.610108303
202010,Jhansi,Mq751wBMqGF,indicator_13,3.695150115
202010,Kannauj,IhQbDYRiF8w,indicator_13,1.785714286
202010,Kanpur Dehat,k3D0AumUCiC,indicator_13,2.573529412
202010,Kanpur Nagar,QVMRMhzVrrS,indicator_13,1.047120419
202010,Kasganj,hITp09XOBLZ,indicator_13,3.664921466
202010,Kaushambi,PAj0oVY0Dxu,indicator_13,2.127659574
202010,Kushinagar,xUeHwd9FQkg,indicator_13,6.451612903
202010,Lakhimpur Kheri,d9ZuMopgX29,indicator_13,6.768558952
202010,Lalitpur,fagfcadhxej,indicator_13,3.669724771
202010,Lucknow,MfHac5N78aK,indicator_13,2.912621359
202010,Maharajganj,AcnMkNGgc3S,indicator_13,3.76344086
202010,Mahoba,sUQMxIc3yXj,indicator_13,1.129943503
202010,Mainpuri,XBLhrSWGytu,indicator_13,1.219512195
202010,Mathura,KP2BUB1npih,indicator_13,1.818181818
202010,Maunathbhanjan,CBSB9v92AwT,indicator_13,6.177606178
202010,Meerut,v8YGmR7nOdj,indicator_13,1.006036217
202010,Mirzapur,UAicdMLyuk4,indicator_13,4.702194357
202010,Moradabad,YQNQoPjAIpV,indicator_13,4.358353511
202010,Muzaffarnagar,MVQs2RrS1Nw,indicator_13,2.808988764
202010,Pilibhit,c96jwckSd6j,indicator_13,1.19047619
202010,Pratapgarh,fz7bJo3egPX,indicator_13,4.102564103
202010,Prayagraj,tXgaew1Pd2Y,indicator_13,1.752021563
202010,Rae Bareli,lLvTDpBDY8u,indicator_13,4.071246819
202010,Rampur,IU006h5U7jj,indicator_13,1.063829787
202010,Saharanpur,FKYZ3JbWq84,indicator_13,2.422907489
202010,Sambhal,YzHpzrN0eLv,indicator_13,2.316602317
202010,Sant Kabir Nagar,fe1yBApr2sl,indicator_13,2.714932127
202010,Shahjahanpur,GaiLSoQq1ue,indicator_13,2.099737533
202010,Shamli,AdiUcz9BXhx,indicator_13,1.176470588
202010,Shrawasti,oyTwneTbWDx,indicator_13,2.189781022
202010,Siddharth Nagar,cP0p8qfm3il,indicator_13,6.705539359
202010,Sitapur,XxaOowFtkiJ,indicator_13,2.490421456
202010,Sonbhadra,NNk3JP90QZ5,indicator_13,3.47826087
202010,Sultanpur,o4ZQTVcMI7U,indicator_13,3.114186851
202010,Unnav,aT03mfdlNiF,indicator_13,1.813471503
202010,Varanasi,LeuBT7KfuuA,indicator_13,3.561643836
202011,Agra,N5WWbRtsjWp,indicator_13,1.129943503
202011,Aligarh,frD2HOp3wAs,indicator_13,1.792828685
202011,Ambedkar Nagar,jM27ji8tyrM,indicator_13,1.875
202011,Amethi,StsLkYw1G0m,indicator_13,2.4
202011,Amroha,hgquAmZaNBu,indicator_13,0.966183575
202011,Auraiya,Bd6E8zkVvVt,indicator_13,2.645502646
202011,Ayodhya,b4XkXzoGqFY,indicator_13,6.084656085
202011,Azamgarh,NjckKfm3g0k,indicator_13,1.742160279
202011,Bagpat,HJIS3IrQ0Nj,indicator_13,1.094890511
202011,Bahraich,iE0E3nLioFr,indicator_13,4.096385542
202011,Ballia,oNDvGBE5fLq,indicator_13,4.265402844
202011,Balrampur,uS0pNSxN3sS,indicator_13,0.757575758
202011,Banda,DggJGxqbWHn,indicator_13,1.602564103
202011,Barabanki,tzH6nJu9SwS,indicator_13,2.642276423
202011,Bareilly,vVqY3DPcpHf,indicator_13,0.959692898
202011,Basti,J1P16zQEOUT,indicator_13,1.829268293
202011,Bhadohi,PeUY1vj02UQ,indicator_13,3.20855615
202011,Bijnor,uCYjHW7FuGG,indicator_13,5.852417303
202011,Budaun,eA37kyBRRuZ,indicator_13,1.82767624
202011,Bulandshahar,ogBt4gWCiem,indicator_13,2.083333333
202011,Chandauli,ClbehnmwSec,indicator_13,4.281345566
202011,Chitrakoot,i2fSZZ3QAJJ,indicator_13,
202011,Deoria,Tf9b9qcbghH,indicator_13,3.836317136
202011,Etah,ZLcx4iOVyN5,indicator_13,1.895734597
202011,Etawah,Pm0jLk6EAiE,indicator_13,4.975124378
202011,Farrukhabad,uEEwlAGZXWW,indicator_13,1.090909091
202011,Fatehpur,ibLiLcaKzw2,indicator_13,1.408450704
202011,Firozabad,eJTsuE56XDF,indicator_13,4.460966543
202011,Gautam Buddha Nagar,bNmwkrQeP3e,indicator_13,0.74906367
202011,Ghaziabad,M5NHlfAaKYI,indicator_13,3.76344086
202011,Ghazipur,dScWdMRN8PL,indicator_13,3.54767184
202011,Gonda,y8WarEkWCul,indicator_13,4.301075269
202011,Gorakhpur,vR85cHdsw1w,indicator_13,3.210272873
202011,Hamirpur,VSI7HobT5qL,indicator_13,1.276595745
202011,Hapur,CZ8kLjgqvSH,indicator_13,1.98019802
202011,Hardoi,MTIkUw5q5pX,indicator_13,2.30125523
202011,Hathras,m1IAjmqkoFC,indicator_13,3.879310345
202011,Jalaun,NL5xiiHZQSC,indicator_13,1.497005988
202011,Jaunpur,gmw76vAUMqz,indicator_13,3.610108303
202011,Jhansi,Mq751wBMqGF,indicator_13,3.695150115
202011,Kannauj,IhQbDYRiF8w,indicator_13,1.785714286
202011,Kanpur Dehat,k3D0AumUCiC,indicator_13,2.573529412
202011,Kanpur Nagar,QVMRMhzVrrS,indicator_13,1.047120419
202011,Kasganj,hITp09XOBLZ,indicator_13,3.664921466
202011,Kaushambi,PAj0oVY0Dxu,indicator_13,2.127659574
202011,Kushinagar,xUeHwd9FQkg,indicator_13,6.109979633
202011,Lakhimpur Kheri,d9ZuMopgX29,indicator_13,6.768558952
202011,Lalitpur,fagfcadhxej,indicator_13,3.720930233
202011,Lucknow,MfHac5N78aK,indicator_13,2.912621359
202011,Maharajganj,AcnMkNGgc3S,indicator_13,3.76344086
202011,Mahoba,sUQMxIc3yXj,indicator_13,1.129943503
202011,Mainpuri,XBLhrSWGytu,indicator_13,1.219512195
202011,Mathura,KP2BUB1npih,indicator_13,1.818181818
202011,Maunathbhanjan,CBSB9v92AwT,indicator_13,6.177606178
202011,Meerut,v8YGmR7nOdj,indicator_13,1.006036217
202011,Mirzapur,UAicdMLyuk4,indicator_13,4.702194357
202011,Moradabad,YQNQoPjAIpV,indicator_13,4.931506849
202011,Muzaffarnagar,MVQs2RrS1Nw,indicator_13,2.808988764
202011,Pilibhit,c96jwckSd6j,indicator_13,1.19047619
202011,Pratapgarh,fz7bJo3egPX,indicator_13,4.102564103
202011,Prayagraj,tXgaew1Pd2Y,indicator_13,1.752021563
202011,Rae Bareli,lLvTDpBDY8u,indicator_13,4.071246819
202011,Rampur,IU006h5U7jj,indicator_13,1.063829787
202011,Saharanpur,FKYZ3JbWq84,indicator_13,2.422907489
202011,Sambhal,YzHpzrN0eLv,indicator_13,2.316602317
202011,Sant Kabir Nagar,fe1yBApr2sl,indicator_13,2.714932127
202011,Shahjahanpur,GaiLSoQq1ue,indicator_13,2.099737533
202011,Shamli,AdiUcz9BXhx,indicator_13,1.176470588
202011,Shrawasti,oyTwneTbWDx,indicator_13,2.027027027
202011,Siddharth Nagar,cP0p8qfm3il,indicator_13,6.705539359
202011,Sitapur,XxaOowFtkiJ,indicator_13,2.490421456
202011,Sonbhadra,NNk3JP90QZ5,indicator_13,3.47826087
202011,Sultanpur,o4ZQTVcMI7U,indicator_13,3.114186851
202011,Unnav,aT03mfdlNiF,indicator_13,1.813471503
202011,Varanasi,LeuBT7KfuuA,indicator_13,3.561643836
202012,Agra,N5WWbRtsjWp,indicator_13,1.129943503
202012,Aligarh,frD2HOp3wAs,indicator_13,1.792828685
202012,Ambedkar Nagar,jM27ji8tyrM,indicator_13,1.875
202012,Amethi,StsLkYw1G0m,indicator_13,2.4
202012,Amroha,hgquAmZaNBu,indicator_13,0.966183575
202012,Auraiya,Bd6E8zkVvVt,indicator_13,2.645502646
202012,Ayodhya,b4XkXzoGqFY,indicator_13,6.084656085
202012,Azamgarh,NjckKfm3g0k,indicator_13,1.742160279
202012,Bagpat,HJIS3IrQ0Nj,indicator_13,1.094890511
202012,Bahraich,iE0E3nLioFr,indicator_13,4.166666667
202012,Ballia,oNDvGBE5fLq,indicator_13,4.265402844
202012,Balrampur,uS0pNSxN3sS,indicator_13,0.757575758
202012,Banda,DggJGxqbWHn,indicator_13,1.602564103
202012,Barabanki,tzH6nJu9SwS,indicator_13,2.642276423
202012,Bareilly,vVqY3DPcpHf,indicator_13,0.959692898
202012,Basti,J1P16zQEOUT,indicator_13,1.829268293
202012,Bhadohi,PeUY1vj02UQ,indicator_13,3.20855615
202012,Bijnor,uCYjHW7FuGG,indicator_13,5.852417303
202012,Budaun,eA37kyBRRuZ,indicator_13,1.82767624
202012,Bulandshahar,ogBt4gWCiem,indicator_13,2.083333333
202012,Chandauli,ClbehnmwSec,indicator_13,4.281345566
202012,Chitrakoot,i2fSZZ3QAJJ,indicator_13,
202012,Deoria,Tf9b9qcbghH,indicator_13,3.836317136
202012,Etah,ZLcx4iOVyN5,indicator_13,1.895734597
202012,Etawah,Pm0jLk6EAiE,indicator_13,4.975124378
202012,Farrukhabad,uEEwlAGZXWW,indicator_13,1.090909091
202012,Fatehpur,ibLiLcaKzw2,indicator_13,1.408450704
202012,Firozabad,eJTsuE56XDF,indicator_13,4.460966543
202012,Gautam Buddha Nagar,bNmwkrQeP3e,indicator_13,0.74906367
202012,Ghaziabad,M5NHlfAaKYI,indicator_13,3.76344086
202012,Ghazipur,dScWdMRN8PL,indicator_13,3.54767184
202012,Gonda,y8WarEkWCul,indicator_13,4.301075269
202012,Gorakhpur,vR85cHdsw1w,indicator_13,3.210272873
202012,Hamirpur,VSI7HobT5qL,indicator_13,1.276595745
202012,Hapur,CZ8kLjgqvSH,indicator_13,1.98019802
202012,Hardoi,MTIkUw5q5pX,indicator_13,2.30125523
202012,Hathras,m1IAjmqkoFC,indicator_13,3.879310345
202012,Jalaun,NL5xiiHZQSC,indicator_13,1.497005988
202012,Jaunpur,gmw76vAUMqz,indicator_13,3.610108303
202012,Jhansi,Mq751wBMqGF,indicator_13,3.695150115
202012,Kannauj,IhQbDYRiF8w,indicator_13,1.785714286
202012,Kanpur Dehat,k3D0AumUCiC,indicator_13,2.573529412
202012,Kanpur Nagar,QVMRMhzVrrS,indicator_13,1.047120419
202012,Kasganj,hITp09XOBLZ,indicator_13,3.664921466
202012,Kaushambi,PAj0oVY0Dxu,indicator_13,2.127659574
202012,Kushinagar,xUeHwd9FQkg,indicator_13,6.109979633
202012,Lakhimpur Kheri,d9ZuMopgX29,indicator_13,6.768558952
202012,Lalitpur,fagfcadhxej,indicator_13,3.720930233
202012,Lucknow,MfHac5N78aK,indicator_13,2.912621359
202012,Maharajganj,AcnMkNGgc3S,indicator_13,3.76344086
202012,Mahoba,sUQMxIc3yXj,indicator_13,1.129943503
202012,Mainpuri,XBLhrSWGytu,indicator_13,1.181102362
202012,Mathura,KP2BUB1npih,indicator_13,1.818181818
202012,Maunathbhanjan,CBSB9v92AwT,indicator_13,6.177606178
202012,Meerut,v8YGmR7nOdj,indicator_13,1.006036217
202012,Mirzapur,UAicdMLyuk4,indicator_13,4.702194357
202012,Moradabad,YQNQoPjAIpV,indicator_13,4.507042254
202012,Muzaffarnagar,MVQs2RrS1Nw,indicator_13,2.808988764
202012,Pilibhit,c96jwckSd6j,indicator_13,1.19047619
202012,Pratapgarh,fz7bJo3egPX,indicator_13,4.102564103
202012,Prayagraj,tXgaew1Pd2Y,indicator_13,1.752021563
202012,Rae Bareli,lLvTDpBDY8u,indicator_13,4.071246819
202012,Rampur,IU006h5U7jj,indicator_13,1.063829787
202012,Saharanpur,FKYZ3JbWq84,indicator_13,2.422907489
202012,Sambhal,YzHpzrN0eLv,indicator_13,2.316602317
202012,Sant Kabir Nagar,fe1yBApr2sl,indicator_13,2.714932127
202012,Shahjahanpur,GaiLSoQq1ue,indicator_13,2.099737533
202012,Shamli,AdiUcz9BXhx,indicator_13,1.176470588
202012,Shrawasti,oyTwneTbWDx,indicator_13,1.986754967
202012,Siddharth Nagar,cP0p8qfm3il,indicator_13,6.705539359
202012,Sitapur,XxaOowFtkiJ,indicator_13,2.490421456
202012,Sonbhadra,NNk3JP90QZ5,indicator_13,3.47826087
202012,Sultanpur,o4ZQTVcMI7U,indicator_13,3.114186851
202012,Unnav,aT03mfdlNiF,indicator_13,1.813471503
202012,Varanasi,LeuBT7KfuuA,indicator_13,3.561643836
202101,Agra,N5WWbRtsjWp,indicator_13,1.129943503
202101,Aligarh,frD2HOp3wAs,indicator_13,1.792828685
202101,Ambedkar Nagar,jM27ji8tyrM,indicator_13,1.875
202101,Amethi,StsLkYw1G0m,indicator_13,2.4
202101,Amroha,hgquAmZaNBu,indicator_13,0.966183575
202101,Auraiya,Bd6E8zkVvVt,indicator_13,2.645502646
202101,Ayodhya,b4XkXzoGqFY,indicator_13,6.084656085
202101,Azamgarh,NjckKfm3g0k,indicator_13,1.742160279
202101,Bagpat,HJIS3IrQ0Nj,indicator_13,1.094890511
202101,Bahraich,iE0E3nLioFr,indicator_13,4.057279236
202101,Ballia,oNDvGBE5fLq,indicator_13,4.265402844
202101,Balrampur,uS0pNSxN3sS,indicator_13,0.757575758
202101,Banda,DggJGxqbWHn,indicator_13,1.602564103
202101,Barabanki,tzH6nJu9SwS,indicator_13,2.642276423
202101,Bareilly,vVqY3DPcpHf,indicator_13,0.959692898
202101,Basti,J1P16zQEOUT,indicator_13,1.829268293
202101,Bhadohi,PeUY1vj02UQ,indicator_13,3.20855615
202101,Bijnor,uCYjHW7FuGG,indicator_13,5.852417303
202101,Budaun,eA37kyBRRuZ,indicator_13,1.82767624
202101,Bulandshahar,ogBt4gWCiem,indicator_13,2.083333333
202101,Chandauli,ClbehnmwSec,indicator_13,4.281345566
202101,Chitrakoot,i2fSZZ3QAJJ,indicator_13,
202101,Deoria,Tf9b9qcbghH,indicator_13,3.836317136
202101,Etah,ZLcx4iOVyN5,indicator_13,1.895734597
202101,Etawah,Pm0jLk6EAiE,indicator_13,4.975124378
202101,Farrukhabad,uEEwlAGZXWW,indicator_13,1.090909091
202101,Fatehpur,ibLiLcaKzw2,indicator_13,1.408450704
202101,Firozabad,eJTsuE56XDF,indicator_13,4.460966543
202101,Gautam Buddha Nagar,bNmwkrQeP3e,indicator_13,0.74906367
202101,Ghaziabad,M5NHlfAaKYI,indicator_13,3.76344086
202101,Ghazipur,dScWdMRN8PL,indicator_13,3.54767184
202101,Gonda,y8WarEkWCul,indicator_13,4.301075269
202101,Gorakhpur,vR85cHdsw1w,indicator_13,3.210272873
202101,Hamirpur,VSI7HobT5qL,indicator_13,1.276595745
202101,Hapur,CZ8kLjgqvSH,indicator_13,1.97044335
202101,Hardoi,MTIkUw5q5pX,indicator_13,2.30125523
202101,Hathras,m1IAjmqkoFC,indicator_13,3.879310345
202101,Jalaun,NL5xiiHZQSC,indicator_13,1.497005988
202101,Jaunpur,gmw76vAUMqz,indicator_13,3.610108303
202101,Jhansi,Mq751wBMqGF,indicator_13,3.695150115
202101,Kannauj,IhQbDYRiF8w,indicator_13,1.785714286
202101,Kanpur Dehat,k3D0AumUCiC,indicator_13,2.573529412
202101,Kanpur Nagar,QVMRMhzVrrS,indicator_13,1.047120419
202101,Kasganj,hITp09XOBLZ,indicator_13,3.664921466
202101,Kaushambi,PAj0oVY0Dxu,indicator_13,2.127659574
202101,Kushinagar,xUeHwd9FQkg,indicator_13,6.109979633
202101,Lakhimpur Kheri,d9ZuMopgX29,indicator_13,6.768558952
202101,Lalitpur,fagfcadhxej,indicator_13,3.720930233
202101,Lucknow,MfHac5N78aK,indicator_13,2.912621359
202101,Maharajganj,AcnMkNGgc3S,indicator_13,3.76344086
202101,Mahoba,sUQMxIc3yXj,indicator_13,1.129943503
202101,Mainpuri,XBLhrSWGytu,indicator_13,1.181102362
202101,Mathura,KP2BUB1npih,indicator_13,1.818181818
202101,Maunathbhanjan,CBSB9v92AwT,indicator_13,6.177606178
202101,Meerut,v8YGmR7nOdj,indicator_13,1.006036217
202101,Mirzapur,UAicdMLyuk4,indicator_13,4.702194357
202101,Moradabad,YQNQoPjAIpV,indicator_13,4.507042254
202101,Muzaffarnagar,MVQs2RrS1Nw,indicator_13,2.808988764
202101,Pilibhit,c96jwckSd6j,indicator_13,1.19047619
202101,Pratapgarh,fz7bJo3egPX,indicator_13,4.102564103
202101,Prayagraj,tXgaew1Pd2Y,indicator_13,1.752021563
202101,Rae Bareli,lLvTDpBDY8u,indicator_13,4.071246819
202101,Rampur,IU006h5U7jj,indicator_13,1.063829787
202101,Saharanpur,FKYZ3JbWq84,indicator_13,2.422907489
202101,Sambhal,YzHpzrN0eLv,indicator_13,2.316602317
202101,Sant Kabir Nagar,fe1yBApr2sl,indicator_13,2.714932127
202101,Shahjahanpur,GaiLSoQq1ue,indicator_13,2.099737533
202101,Shamli,AdiUcz9BXhx,indicator_13,1.176470588
202101,Shrawasti,oyTwneTbWDx,indicator_13,1.986754967
202101,Siddharth Nagar,cP0p8qfm3il,indicator_13,6.705539359
202101,Sitapur,XxaOowFtkiJ,indicator_13,2.490421456
202101,Sonbhadra,NNk3JP90QZ5,indicator_13,3.47826087
202101,Sultanpur,o4ZQTVcMI7U,indicator_13,3.114186851
202101,Unnav,aT03mfdlNiF,indicator_13,1.813471503
202101,Varanasi,LeuBT7KfuuA,indicator_13,3.561643836
202102,Agra,N5WWbRtsjWp,indicator_13,1.129943503
202102,Aligarh,frD2HOp3wAs,indicator_13,1.792828685
202102,Ambedkar Nagar,jM27ji8tyrM,indicator_13,1.875
202102,Amethi,StsLkYw1G0m,indicator_13,2.4
202102,Amroha,hgquAmZaNBu,indicator_13,0.966183575
202102,Auraiya,Bd6E8zkVvVt,indicator_13,2.645502646
202102,Ayodhya,b4XkXzoGqFY,indicator_13,6.084656085
202102,Azamgarh,NjckKfm3g0k,indicator_13,1.742160279
202102,Bagpat,HJIS3IrQ0Nj,indicator_13,1.094890511
202102,Bahraich,iE0E3nLioFr,indicator_13,4.038004751
202102,Ballia,oNDvGBE5fLq,indicator_13,4.265402844
202102,Balrampur,uS0pNSxN3sS,indicator_13,0.757575758
202102,Banda,DggJGxqbWHn,indicator_13,1.602564103
202102,Barabanki,tzH6nJu9SwS,indicator_13,2.697095436
202102,Bareilly,vVqY3DPcpHf,indicator_13,0.959692898
202102,Basti,J1P16zQEOUT,indicator_13,1.829268293
202102,Bhadohi,PeUY1vj02UQ,indicator_13,3.20855615
202102,Bijnor,uCYjHW7FuGG,indicator_13,5.852417303
202102,Budaun,eA37kyBRRuZ,indicator_13,1.82767624
202102,Bulandshahar,ogBt4gWCiem,indicator_13,2.083333333
202102,Chandauli,ClbehnmwSec,indicator_13,4.281345566
202102,Chitrakoot,i2fSZZ3QAJJ,indicator_13,
202102,Deoria,Tf9b9qcbghH,indicator_13,3.836317136
202102,Etah,ZLcx4iOVyN5,indicator_13,1.895734597
202102,Etawah,Pm0jLk6EAiE,indicator_13,4.975124378
202102,Farrukhabad,uEEwlAGZXWW,indicator_13,1.090909091
202102,Fatehpur,ibLiLcaKzw2,indicator_13,1.408450704
202102,Firozabad,eJTsuE56XDF,indicator_13,4.511278195
202102,Gautam Buddha Nagar,bNmwkrQeP3e,indicator_13,0.74906367
202102,Ghaziabad,M5NHlfAaKYI,indicator_13,3.76344086
202102,Ghazipur,dScWdMRN8PL,indicator_13,3.54767184
202102,Gonda,y8WarEkWCul,indicator_13,4.301075269
202102,Gorakhpur,vR85cHdsw1w,indicator_13,3.210272873
202102,Hamirpur,VSI7HobT5qL,indicator_13,1.276595745
202102,Hapur,CZ8kLjgqvSH,indicator_13,1.97044335
202102,Hardoi,MTIkUw5q5pX,indicator_13,2.30125523
202102,Hathras,m1IAjmqkoFC,indicator_13,3.879310345
202102,Jalaun,NL5xiiHZQSC,indicator_13,1.497005988
202102,Jaunpur,gmw76vAUMqz,indicator_13,3.610108303
202102,Jhansi,Mq751wBMqGF,indicator_13,3.695150115
202102,Kannauj,IhQbDYRiF8w,indicator_13,1.785714286
202102,Kanpur Dehat,k3D0AumUCiC,indicator_13,2.573529412
202102,Kanpur Nagar,QVMRMhzVrrS,indicator_13,1.125703565
202102,Kasganj,hITp09XOBLZ,indicator_13,3.664921466
202102,Kaushambi,PAj0oVY0Dxu,indicator_13,2.136752137
202102,Kushinagar,xUeHwd9FQkg,indicator_13,6.109979633
202102,Lakhimpur Kheri,d9ZuMopgX29,indicator_13,6.768558952
202102,Lalitpur,fagfcadhxej,indicator_13,3.720930233
202102,Lucknow,MfHac5N78aK,indicator_13,2.912621359
202102,Maharajganj,AcnMkNGgc3S,indicator_13,3.76344086
202102,Mahoba,sUQMxIc3yXj,indicator_13,1.129943503
202102,Mainpuri,XBLhrSWGytu,indicator_13,1.181102362
202102,Mathura,KP2BUB1npih,indicator_13,1.818181818
202102,Maunathbhanjan,CBSB9v92AwT,indicator_13,6.177606178
202102,Meerut,v8YGmR7nOdj,indicator_13,1.006036217
202102,Mirzapur,UAicdMLyuk4,indicator_13,4.702194357
202102,Moradabad,YQNQoPjAIpV,indicator_13,4.507042254
202102,Muzaffarnagar,MVQs2RrS1Nw,indicator_13,2.808988764
202102,Pilibhit,c96jwckSd6j,indicator_13,1.19047619
202102,Pratapgarh,fz7bJo3egPX,indicator_13,4.102564103
202102,Prayagraj,tXgaew1Pd2Y,indicator_13,1.752021563
202102,Rae Bareli,lLvTDpBDY8u,indicator_13,4.071246819
202102,Rampur,IU006h5U7jj,indicator_13,1.063829787
202102,Saharanpur,FKYZ3JbWq84,indicator_13,2.422907489
202102,Sambhal,YzHpzrN0eLv,indicator_13,2.316602317
202102,Sant Kabir Nagar,fe1yBApr2sl,indicator_13,2.714932127
202102,Shahjahanpur,GaiLSoQq1ue,indicator_13,2.099737533
202102,Shamli,AdiUcz9BXhx,indicator_13,1.176470588
202102,Shrawasti,oyTwneTbWDx,indicator_13,1.986754967
202102,Siddharth Nagar,cP0p8qfm3il,indicator_13,6.705539359
202102,Sitapur,XxaOowFtkiJ,indicator_13,2.490421456
202102,Sonbhadra,NNk3JP90QZ5,indicator_13,3.603603604
202102,Sultanpur,o4ZQTVcMI7U,indicator_13,3.114186851
202102,Unnav,aT03mfdlNiF,indicator_13,1.813471503
202102,Varanasi,LeuBT7KfuuA,indicator_13,3.561643836
202103,Agra,N5WWbRtsjWp,indicator_13,1.129943503
202103,Aligarh,frD2HOp3wAs,indicator_13,1.792828685
202103,Ambedkar Nagar,jM27ji8tyrM,indicator_13,1.875
202103,Amethi,StsLkYw1G0m,indicator_13,2.4
202103,Amroha,hgquAmZaNBu,indicator_13,0.966183575
202103,Auraiya,Bd6E8zkVvVt,indicator_13,2.645502646
202103,Ayodhya,b4XkXzoGqFY,indicator_13,6.084656085
202103,Azamgarh,NjckKfm3g0k,indicator_13,1.742160279
202103,Bagpat,HJIS3IrQ0Nj,indicator_13,1.094890511
202103,Bahraich,iE0E3nLioFr,indicator_13,4.038004751
202103,Ballia,oNDvGBE5fLq,indicator_13,4.265402844
202103,Balrampur,uS0pNSxN3sS,indicator_13,0.757575758
202103,Banda,DggJGxqbWHn,indicator_13,1.602564103
202103,Barabanki,tzH6nJu9SwS,indicator_13,2.674897119
202103,Bareilly,vVqY3DPcpHf,indicator_13,0.959692898
202103,Basti,J1P16zQEOUT,indicator_13,1.829268293
202103,Bhadohi,PeUY1vj02UQ,indicator_13,3.20855615
202103,Bijnor,uCYjHW7FuGG,indicator_13,5.852417303
202103,Budaun,eA37kyBRRuZ,indicator_13,1.82767624
202103,Bulandshahar,ogBt4gWCiem,indicator_13,2.083333333
202103,Chandauli,ClbehnmwSec,indicator_13,4.281345566
202103,Chitrakoot,i2fSZZ3QAJJ,indicator_13,
202103,Deoria,Tf9b9qcbghH,indicator_13,3.836317136
202103,Etah,ZLcx4iOVyN5,indicator_13,1.895734597
202103,Etawah,Pm0jLk6EAiE,indicator_13,4.975124378
202103,Farrukhabad,uEEwlAGZXWW,indicator_13,1.090909091
202103,Fatehpur,ibLiLcaKzw2,indicator_13,1.408450704
202103,Firozabad,eJTsuE56XDF,indicator_13,4.511278195
202103,Gautam Buddha Nagar,bNmwkrQeP3e,indicator_13,0.74906367
202103,Ghaziabad,M5NHlfAaKYI,indicator_13,3.76344086
202103,Ghazipur,dScWdMRN8PL,indicator_13,3.54767184
202103,Gonda,y8WarEkWCul,indicator_13,4.301075269
202103,Gorakhpur,vR85cHdsw1w,indicator_13,3.210272873
202103,Hamirpur,VSI7HobT5qL,indicator_13,1.276595745
202103,Hapur,CZ8kLjgqvSH,indicator_13,1.97044335
202103,Hardoi,MTIkUw5q5pX,indicator_13,2.30125523
202103,Hathras,m1IAjmqkoFC,indicator_13,3.879310345
202103,Jalaun,NL5xiiHZQSC,indicator_13,1.497005988
202103,Jaunpur,gmw76vAUMqz,indicator_13,3.610108303
202103,Jhansi,Mq751wBMqGF,indicator_13,3.695150115
202103,Kannauj,IhQbDYRiF8w,indicator_13,1.801801802
202103,Kanpur Dehat,k3D0AumUCiC,indicator_13,2.573529412
202103,Kanpur Nagar,QVMRMhzVrrS,indicator_13,1.125703565
202103,Kasganj,hITp09XOBLZ,indicator_13,3.664921466
202103,Kaushambi,PAj0oVY0Dxu,indicator_13,2.136752137
202103,Kushinagar,xUeHwd9FQkg,indicator_13,6.109979633
202103,Lakhimpur Kheri,d9ZuMopgX29,indicator_13,6.768558952
202103,Lalitpur,fagfcadhxej,indicator_13,3.720930233
202103,Lucknow,MfHac5N78aK,indicator_13,2.912621359
202103,Maharajganj,AcnMkNGgc3S,indicator_13,3.76344086
202103,Mahoba,sUQMxIc3yXj,indicator_13,1.129943503
202103,Mainpuri,XBLhrSWGytu,indicator_13,1.181102362
202103,Mathura,KP2BUB1npih,indicator_13,1.818181818
202103,Maunathbhanjan,CBSB9v92AwT,indicator_13,6.177606178
202103,Meerut,v8YGmR7nOdj,indicator_13,1.006036217
202103,Mirzapur,UAicdMLyuk4,indicator_13,4.702194357
202103,Moradabad,YQNQoPjAIpV,indicator_13,4.507042254
202103,Muzaffarnagar,MVQs2RrS1Nw,indicator_13,2.808988764
202103,Pilibhit,c96jwckSd6j,indicator_13,1.19047619
202103,Pratapgarh,fz7bJo3egPX,indicator_13,4.102564103
202103,Prayagraj,tXgaew1Pd2Y,indicator_13,1.752021563
202103,Rae Bareli,lLvTDpBDY8u,indicator_13,4.071246819
202103,Rampur,IU006h5U7jj,indicator_13,1.063829787
202103,Saharanpur,FKYZ3JbWq84,indicator_13,2.422907489
202103,Sambhal,YzHpzrN0eLv,indicator_13,2.316602317
202103,Sant Kabir Nagar,fe1yBApr2sl,indicator_13,2.714932127
202103,Shahjahanpur,GaiLSoQq1ue,indicator_13,2.099737533
202103,Shamli,AdiUcz9BXhx,indicator_13,1.176470588
202103,Shrawasti,oyTwneTbWDx,indicator_13,1.986754967
202103,Siddharth Nagar,cP0p8qfm3il,indicator_13,6.705539359
202103,Sitapur,XxaOowFtkiJ,indicator_13,2.490421456
202103,Sonbhadra,NNk3JP90QZ5,indicator_13,3.603603604
202103,Sultanpur,o4ZQTVcMI7U,indicator_13,3.114186851
202103,Unnav,aT03mfdlNiF,indicator_13,1.813471503
202103,Varanasi,LeuBT7KfuuA,indicator_13,3.561643836
202104,Agra,N5WWbRtsjWp,indicator_13,1.129943503
202104,Aligarh,frD2HOp3wAs,indicator_13,1.792828685
202104,Ambedkar Nagar,jM27ji8tyrM,indicator_13,1.875
202104,Amethi,StsLkYw1G0m,indicator_13,2.4
202104,Amroha,hgquAmZaNBu,indicator_13,0.966183575
202104,Auraiya,Bd6E8zkVvVt,indicator_13,2.645502646
202104,Ayodhya,b4XkXzoGqFY,indicator_13,6.084656085
202104,Azamgarh,NjckKfm3g0k,indicator_13,1.742160279
202104,Bagpat,HJIS3IrQ0Nj,indicator_13,1.094890511
202104,Bahraich,iE0E3nLioFr,indicator_13,4.038004751
202104,Ballia,oNDvGBE5fLq,indicator_13,4.265402844
202104,Balrampur,uS0pNSxN3sS,indicator_13,0.757575758
202104,Banda,DggJGxqbWHn,indicator_13,1.602564103
202104,Barabanki,tzH6nJu9SwS,indicator_13,2.674897119
202104,Bareilly,vVqY3DPcpHf,indicator_13,0.959692898
202104,Basti,J1P16zQEOUT,indicator_13,1.829268293
202104,Bhadohi,PeUY1vj02UQ,indicator_13,3.20855615
202104,Bijnor,uCYjHW7FuGG,indicator_13,5.852417303
202104,Budaun,eA37kyBRRuZ,indicator_13,1.82767624
202104,Bulandshahar,ogBt4gWCiem,indicator_13,2.083333333
202104,Chandauli,ClbehnmwSec,indicator_13,4.281345566
202104,Chitrakoot,i2fSZZ3QAJJ,indicator_13,
202104,Deoria,Tf9b9qcbghH,indicator_13,3.836317136
202104,Etah,ZLcx4iOVyN5,indicator_13,1.895734597
202104,Etawah,Pm0jLk6EAiE,indicator_13,4.975124378
202104,Farrukhabad,uEEwlAGZXWW,indicator_13,1.075268817
202104,Fatehpur,ibLiLcaKzw2,indicator_13,1.408450704
202104,Firozabad,eJTsuE56XDF,indicator_13,4.511278195
202104,Gautam Buddha Nagar,bNmwkrQeP3e,indicator_13,0.74906367
202104,Ghaziabad,M5NHlfAaKYI,indicator_13,3.76344086
202104,Ghazipur,dScWdMRN8PL,indicator_13,3.54767184
202104,Gonda,y8WarEkWCul,indicator_13,4.301075269
202104,Gorakhpur,vR85cHdsw1w,indicator_13,3.210272873
202104,Hamirpur,VSI7HobT5qL,indicator_13,1.276595745
202104,Hapur,CZ8kLjgqvSH,indicator_13,1.97044335
202104,Hardoi,MTIkUw5q5pX,indicator_13,2.30125523
202104,Hathras,m1IAjmqkoFC,indicator_13,3.879310345
202104,Jalaun,NL5xiiHZQSC,indicator_13,1.497005988
202104,Jaunpur,gmw76vAUMqz,indicator_13,3.610108303
202104,Jhansi,Mq751wBMqGF,indicator_13,3.695150115
202104,Kannauj,IhQbDYRiF8w,indicator_13,1.801801802
202104,Kanpur Dehat,k3D0AumUCiC,indicator_13,2.573529412
202104,Kanpur Nagar,QVMRMhzVrrS,indicator_13,1.125703565
202104,Kasganj,hITp09XOBLZ,indicator_13,3.664921466
202104,Kaushambi,PAj0oVY0Dxu,indicator_13,2.136752137
202104,Kushinagar,xUeHwd9FQkg,indicator_13,6.109979633
202104,Lakhimpur Kheri,d9ZuMopgX29,indicator_13,6.768558952
202104,Lalitpur,fagfcadhxej,indicator_13,3.720930233
202104,Lucknow,MfHac5N78aK,indicator_13,2.912621359
202104,Maharajganj,AcnMkNGgc3S,indicator_13,3.76344086
202104,Mahoba,sUQMxIc3yXj,indicator_13,1.129943503
202104,Mainpuri,XBLhrSWGytu,indicator_13,1.181102362
202104,Mathura,KP2BUB1npih,indicator_13,1.818181818
202104,Maunathbhanjan,CBSB9v92AwT,indicator_13,6.177606178
202104,Meerut,v8YGmR7nOdj,indicator_13,1.006036217
202104,Mirzapur,UAicdMLyuk4,indicator_13,4.702194357
202104,Moradabad,YQNQoPjAIpV,indicator_13,4.507042254
202104,Muzaffarnagar,MVQs2RrS1Nw,indicator_13,2.808988764
202104,Pilibhit,c96jwckSd6j,indicator_13,1.19047619
202104,Pratapgarh,fz7bJo3egPX,indicator_13,4.102564103
202104,Prayagraj,tXgaew1Pd2Y,indicator_13,1.752021563
202104,Rae Bareli,lLvTDpBDY8u,indicator_13,4.071246819
202104,Rampur,IU006h5U7jj,indicator_13,1.063829787
202104,Saharanpur,FKYZ3JbWq84,indicator_13,2.422907489
202104,Sambhal,YzHpzrN0eLv,indicator_13,2.316602317
202104,Sant Kabir Nagar,fe1yBApr2sl,indicator_13,2.714932127
202104,Shahjahanpur,GaiLSoQq1ue,indicator_13,2.099737533
202104,Shamli,AdiUcz9BXhx,indicator_13,1.176470588
202104,Shrawasti,oyTwneTbWDx,indicator_13,1.986754967
202104,Siddharth Nagar,cP0p8qfm3il,indicator_13,6.705539359
202104,Sitapur,XxaOowFtkiJ,indicator_13,2.490421456
202104,Sonbhadra,NNk3JP90QZ5,indicator_13,3.603603604
202104,Sultanpur,o4ZQTVcMI7U,indicator_13,3.114186851
202104,Unnav,aT03mfdlNiF,indicator_13,1.813471503
202104,Varanasi,LeuBT7KfuuA,indicator_13,3.561643836
202105,Agra,N5WWbRtsjWp,indicator_13,1.129943503
202105,Aligarh,frD2HOp3wAs,indicator_13,1.792828685
202105,Ambedkar Nagar,jM27ji8tyrM,indicator_13,1.875
202105,Amethi,StsLkYw1G0m,indicator_13,2.4
202105,Amroha,hgquAmZaNBu,indicator_13,0.966183575
202105,Auraiya,Bd6E8zkVvVt,indicator_13,2.645502646
202105,Ayodhya,b4XkXzoGqFY,indicator_13,6.084656085
202105,Azamgarh,NjckKfm3g0k,indicator_13,1.742160279
202105,Bagpat,HJIS3IrQ0Nj,indicator_13,1.094890511
202105,Bahraich,iE0E3nLioFr,indicator_13,4.038004751
202105,Ballia,oNDvGBE5fLq,indicator_13,4.265402844
202105,Balrampur,uS0pNSxN3sS,indicator_13,0.757575758
202105,Banda,DggJGxqbWHn,indicator_13,1.602564103
202105,Barabanki,tzH6nJu9SwS,indicator_13,2.674897119
202105,Bareilly,vVqY3DPcpHf,indicator_13,0.959692898
202105,Basti,J1P16zQEOUT,indicator_13,1.829268293
202105,Bhadohi,PeUY1vj02UQ,indicator_13,3.20855615
202105,Bijnor,uCYjHW7FuGG,indicator_13,5.852417303
202105,Budaun,eA37kyBRRuZ,indicator_13,1.82767624
202105,Bulandshahar,ogBt4gWCiem,indicator_13,2.083333333
202105,Chandauli,ClbehnmwSec,indicator_13,4.281345566
202105,Chitrakoot,i2fSZZ3QAJJ,indicator_13,
202105,Deoria,Tf9b9qcbghH,indicator_13,3.836317136
202105,Etah,ZLcx4iOVyN5,indicator_13,1.895734597
202105,Etawah,Pm0jLk6EAiE,indicator_13,4.975124378
202105,Farrukhabad,uEEwlAGZXWW,indicator_13,1.075268817
202105,Fatehpur,ibLiLcaKzw2,indicator_13,1.408450704
202105,Firozabad,eJTsuE56XDF,indicator_13,4.511278195
202105,Gautam Buddha Nagar,bNmwkrQeP3e,indicator_13,0.74906367
202105,Ghaziabad,M5NHlfAaKYI,indicator_13,3.76344086
202105,Ghazipur,dScWdMRN8PL,indicator_13,3.54767184
202105,Gonda,y8WarEkWCul,indicator_13,4.301075269
202105,Gorakhpur,vR85cHdsw1w,indicator_13,3.210272873
202105,Hamirpur,VSI7HobT5qL,indicator_13,1.276595745
202105,Hapur,CZ8kLjgqvSH,indicator_13,1.97044335
202105,Hardoi,MTIkUw5q5pX,indicator_13,2.30125523
202105,Hathras,m1IAjmqkoFC,indicator_13,3.879310345
202105,Jalaun,NL5xiiHZQSC,indicator_13,1.497005988
202105,Jaunpur,gmw76vAUMqz,indicator_13,3.610108303
202105,Jhansi,Mq751wBMqGF,indicator_13,3.67816092
202105,Kannauj,IhQbDYRiF8w,indicator_13,1.801801802
202105,Kanpur Dehat,k3D0AumUCiC,indicator_13,2.573529412
202105,Kanpur Nagar,QVMRMhzVrrS,indicator_13,1.129943503
202105,Kasganj,hITp09XOBLZ,indicator_13,3.664921466
202105,Kaushambi,PAj0oVY0Dxu,indicator_13,2.136752137
202105,Kushinagar,xUeHwd9FQkg,indicator_13,6.109979633
202105,Lakhimpur Kheri,d9ZuMopgX29,indicator_13,6.768558952
202105,Lalitpur,fagfcadhxej,indicator_13,3.720930233
202105,Lucknow,MfHac5N78aK,indicator_13,2.912621359
202105,Maharajganj,AcnMkNGgc3S,indicator_13,3.76344086
202105,Mahoba,sUQMxIc3yXj,indicator_13,1.129943503
202105,Mainpuri,XBLhrSWGytu,indicator_13,1.181102362
202105,Mathura,KP2BUB1npih,indicator_13,1.818181818
202105,Maunathbhanjan,CBSB9v92AwT,indicator_13,6.177606178
202105,Meerut,v8YGmR7nOdj,indicator_13,1.004016064
202105,Mirzapur,UAicdMLyuk4,indicator_13,4.702194357
202105,Moradabad,YQNQoPjAIpV,indicator_13,4.494382022
202105,Muzaffarnagar,MVQs2RrS1Nw,indicator_13,2.808988764
202105,Pilibhit,c96jwckSd6j,indicator_13,1.19047619
202105,Pratapgarh,fz7bJo3egPX,indicator_13,4.102564103
202105,Prayagraj,tXgaew1Pd2Y,indicator_13,1.752021563
202105,Rae Bareli,lLvTDpBDY8u,indicator_13,4.071246819
202105,Rampur,IU006h5U7jj,indicator_13,1.063829787
202105,Saharanpur,FKYZ3JbWq84,indicator_13,2.422907489
202105,Sambhal,YzHpzrN0eLv,indicator_13,2.316602317
202105,Sant Kabir Nagar,fe1yBApr2sl,indicator_13,2.714932127
202105,Shahjahanpur,GaiLSoQq1ue,indicator_13,2.099737533
202105,Shamli,AdiUcz9BXhx,indicator_13,1.176470588
202105,Shrawasti,oyTwneTbWDx,indicator_13,1.986754967
202105,Siddharth Nagar,cP0p8qfm3il,indicator_13,6.705539359
202105,Sitapur,XxaOowFtkiJ,indicator_13,2.490421456
202105,Sonbhadra,NNk3JP90QZ5,indicator_13,3.603603604
202105,Sultanpur,o4ZQTVcMI7U,indicator_13,3.114186851
202105,Unnav,aT03mfdlNiF,indicator_13,1.813471503
202105,Varanasi,LeuBT7KfuuA,indicator_13,3.561643836
202106,Agra,N5WWbRtsjWp,indicator_13,
202106,Aligarh,frD2HOp3wAs,indicator_13,
202106,Ambedkar Nagar,jM27ji8tyrM,indicator_13,
202106,Amethi,StsLkYw1G0m,indicator_13,
202106,Amroha,hgquAmZaNBu,indicator_13,
202106,Auraiya,Bd6E8zkVvVt,indicator_13,
202106,Ayodhya,b4XkXzoGqFY,indicator_13,
202106,Azamgarh,NjckKfm3g0k,indicator_13,
202106,Bagpat,HJIS3IrQ0Nj,indicator_13,
202106,Bahraich,iE0E3nLioFr,indicator_13,
202106,Ballia,oNDvGBE5fLq,indicator_13,
202106,Balrampur,uS0pNSxN3sS,indicator_13,
202106,Banda,DggJGxqbWHn,indicator_13,
202106,Barabanki,tzH6nJu9SwS,indicator_13,
202106,Bareilly,vVqY3DPcpHf,indicator_13,
202106,Basti,J1P16zQEOUT,indicator_13,
202106,Bhadohi,PeUY1vj02UQ,indicator_13,
202106,Bijnor,uCYjHW7FuGG,indicator_13,
202106,Budaun,eA37kyBRRuZ,indicator_13,
202106,Bulandshahar,ogBt4gWCiem,indicator_13,
202106,Chandauli,ClbehnmwSec,indicator_13,
202106,Chitrakoot,i2fSZZ3QAJJ,indicator_13,
202106,Deoria,Tf9b9qcbghH,indicator_13,
202106,Etah,ZLcx4iOVyN5,indicator_13,
202106,Etawah,Pm0jLk6EAiE,indicator_13,
202106,Farrukhabad,uEEwlAGZXWW,indicator_13,
202106,Fatehpur,ibLiLcaKzw2,indicator_13,
202106,Firozabad,eJTsuE56XDF,indicator_13,
202106,Gautam Buddha Nagar,bNmwkrQeP3e,indicator_13,
202106,Ghaziabad,M5NHlfAaKYI,indicator_13,
202106,Ghazipur,dScWdMRN8PL,indicator_13,
202106,Gonda,y8WarEkWCul,indicator_13,
202106,Gorakhpur,vR85cHdsw1w,indicator_13,
202106,Hamirpur,VSI7HobT5qL,indicator_13,
202106,Hapur,CZ8kLjgqvSH,indicator_13,
202106,Hardoi,MTIkUw5q5pX,indicator_13,
202106,Hathras,m1IAjmqkoFC,indicator_13,
202106,Jalaun,NL5xiiHZQSC,indicator_13,
202106,Jaunpur,gmw76vAUMqz,indicator_13,
202106,Jhansi,Mq751wBMqGF,indicator_13,
202106,Kannauj,IhQbDYRiF8w,indicator_13,
202106,Kanpur Dehat,k3D0AumUCiC,indicator_13,
202106,Kanpur Nagar,QVMRMhzVrrS,indicator_13,
202106,Kasganj,hITp09XOBLZ,indicator_13,
202106,Kaushambi,PAj0oVY0Dxu,indicator_13,
202106,Kushinagar,xUeHwd9FQkg,indicator_13,
202106,Lakhimpur Kheri,d9ZuMopgX29,indicator_13,
202106,Lalitpur,fagfcadhxej,indicator_13,
202106,Lucknow,MfHac5N78aK,indicator_13,
202106,Maharajganj,AcnMkNGgc3S,indicator_13,
202106,Mahoba,sUQMxIc3yXj,indicator_13,
202106,Mainpuri,XBLhrSWGytu,indicator_13,
202106,Mathura,KP2BUB1npih,indicator_13,
202106,Maunathbhanjan,CBSB9v92AwT,indicator_13,
202106,Meerut,v8YGmR7nOdj,indicator_13,
202106,Mirzapur,UAicdMLyuk4,indicator_13,
202106,Moradabad,YQNQoPjAIpV,indicator_13,
202106,Muzaffarnagar,MVQs2RrS1Nw,indicator_13,
202106,Pilibhit,c96jwckSd6j,indicator_13,
202106,Pratapgarh,fz7bJo3egPX,indicator_13,
202106,Prayagraj,tXgaew1Pd2Y,indicator_13,
202106,Rae Bareli,lLvTDpBDY8u,indicator_13,
202106,Rampur,IU006h5U7jj,indicator_13,
202106,Saharanpur,FKYZ3JbWq84,indicator_13,
202106,Sambhal,YzHpzrN0eLv,indicator_13,
202106,Sant Kabir Nagar,fe1yBApr2sl,indicator_13,
202106,Shahjahanpur,GaiLSoQq1ue,indicator_13,
202106,Shamli,AdiUcz9BXhx,indicator_13,
202106,Shrawasti,oyTwneTbWDx,indicator_13,
202106,Siddharth Nagar,cP0p8qfm3il,indicator_13,
202106,Sitapur,XxaOowFtkiJ,indicator_13,
202106,Sonbhadra,NNk3JP90QZ5,indicator_13,
202106,Sultanpur,o4ZQTVcMI7U,indicator_13,
202106,Unnav,aT03mfdlNiF,indicator_13,
202106,Varanasi,LeuBT7KfuuA,indicator_13,
202107,Agra,N5WWbRtsjWp,indicator_13,
202107,Aligarh,frD2HOp3wAs,indicator_13,
202107,Ambedkar Nagar,jM27ji8tyrM,indicator_13,
202107,Amethi,StsLkYw1G0m,indicator_13,
202107,Amroha,hgquAmZaNBu,indicator_13,
202107,Auraiya,Bd6E8zkVvVt,indicator_13,
202107,Ayodhya,b4XkXzoGqFY,indicator_13,
202107,Azamgarh,NjckKfm3g0k,indicator_13,
202107,Bagpat,HJIS3IrQ0Nj,indicator_13,
202107,Bahraich,iE0E3nLioFr,indicator_13,
202107,Ballia,oNDvGBE5fLq,indicator_13,
202107,Balrampur,uS0pNSxN3sS,indicator_13,
202107,Banda,DggJGxqbWHn,indicator_13,
202107,Barabanki,tzH6nJu9SwS,indicator_13,
202107,Bareilly,vVqY3DPcpHf,indicator_13,
202107,Basti,J1P16zQEOUT,indicator_13,
202107,Bhadohi,PeUY1vj02UQ,indicator_13,
202107,Bijnor,uCYjHW7FuGG,indicator_13,
202107,Budaun,eA37kyBRRuZ,indicator_13,
202107,Bulandshahar,ogBt4gWCiem,indicator_13,
202107,Chandauli,ClbehnmwSec,indicator_13,
202107,Chitrakoot,i2fSZZ3QAJJ,indicator_13,
202107,Deoria,Tf9b9qcbghH,indicator_13,
202107,Etah,ZLcx4iOVyN5,indicator_13,
202107,Etawah,Pm0jLk6EAiE,indicator_13,
202107,Farrukhabad,uEEwlAGZXWW,indicator_13,
202107,Fatehpur,ibLiLcaKzw2,indicator_13,
202107,Firozabad,eJTsuE56XDF,indicator_13,
202107,Gautam Buddha Nagar,bNmwkrQeP3e,indicator_13,
202107,Ghaziabad,M5NHlfAaKYI,indicator_13,
202107,Ghazipur,dScWdMRN8PL,indicator_13,
202107,Gonda,y8WarEkWCul,indicator_13,
202107,Gorakhpur,vR85cHdsw1w,indicator_13,
202107,Hamirpur,VSI7HobT5qL,indicator_13,
202107,Hapur,CZ8kLjgqvSH,indicator_13,
202107,Hardoi,MTIkUw5q5pX,indicator_13,
202107,Hathras,m1IAjmqkoFC,indicator_13,
202107,Jalaun,NL5xiiHZQSC,indicator_13,
202107,Jaunpur,gmw76vAUMqz,indicator_13,
202107,Jhansi,Mq751wBMqGF,indicator_13,
202107,Kannauj,IhQbDYRiF8w,indicator_13,
202107,Kanpur Dehat,k3D0AumUCiC,indicator_13,
202107,Kanpur Nagar,QVMRMhzVrrS,indicator_13,
202107,Kasganj,hITp09XOBLZ,indicator_13,
202107,Kaushambi,PAj0oVY0Dxu,indicator_13,
202107,Kushinagar,xUeHwd9FQkg,indicator_13,
202107,Lakhimpur Kheri,d9ZuMopgX29,indicator_13,
202107,Lalitpur,fagfcadhxej,indicator_13,
202107,Lucknow,MfHac5N78aK,indicator_13,
202107,Maharajganj,AcnMkNGgc3S,indicator_13,
202107,Mahoba,sUQMxIc3yXj,indicator_13,
202107,Mainpuri,XBLhrSWGytu,indicator_13,
202107,Mathura,KP2BUB1npih,indicator_13,
202107,Maunathbhanjan,CBSB9v92AwT,indicator_13,
202107,Meerut,v8YGmR7nOdj,indicator_13,
202107,Mirzapur,UAicdMLyuk4,indicator_13,
202107,Moradabad,YQNQoPjAIpV,indicator_13,
202107,Muzaffarnagar,MVQs2RrS1Nw,indicator_13,
202107,Pilibhit,c96jwckSd6j,indicator_13,
202107,Pratapgarh,fz7bJo3egPX,indicator_13,
202107,Prayagraj,tXgaew1Pd2Y,indicator_13,
202107,Rae Bareli,lLvTDpBDY8u,indicator_13,
202107,Rampur,IU006h5U7jj,indicator_13,
202107,Saharanpur,FKYZ3JbWq84,indicator_13,
202107,Sambhal,YzHpzrN0eLv,indicator_13,
202107,Sant Kabir Nagar,fe1yBApr2sl,indicator_13,
202107,Shahjahanpur,GaiLSoQq1ue,indicator_13,
202107,Shamli,AdiUcz9BXhx,indicator_13,
202107,Shrawasti,oyTwneTbWDx,indicator_13,
202107,Siddharth Nagar,cP0p8qfm3il,indicator_13,
202107,Sitapur,XxaOowFtkiJ,indicator_13,
202107,Sonbhadra,NNk3JP90QZ5,indicator_13,
202107,Sultanpur,o4ZQTVcMI7U,indicator_13,
202107,Unnav,aT03mfdlNiF,indicator_13,
202107,Varanasi,LeuBT7KfuuA,indicator_13,
202108,Agra,N5WWbRtsjWp,indicator_13,1.826053172
202108,Aligarh,frD2HOp3wAs,indicator_13,2.020056353
202108,Ambedkar Nagar,jM27ji8tyrM,indicator_13,1.927972447
202108,Amethi,StsLkYw1G0m,indicator_13,1.300790587
202108,Amroha,hgquAmZaNBu,indicator_13,2.296199214
202108,Auraiya,Bd6E8zkVvVt,indicator_13,1.803135889
202108,Ayodhya,b4XkXzoGqFY,indicator_13,1.335725989
202108,Azamgarh,NjckKfm3g0k,indicator_13,1.682074095
202108,Bagpat,HJIS3IrQ0Nj,indicator_13,1.381326667
202108,Bahraich,iE0E3nLioFr,indicator_13,2.108869537
202108,Ballia,oNDvGBE5fLq,indicator_13,1.521792535
202108,Balrampur,uS0pNSxN3sS,indicator_13,1.739130435
202108,Banda,DggJGxqbWHn,indicator_13,1.303239379
202108,Barabanki,tzH6nJu9SwS,indicator_13,1.481082537
202108,Bareilly,vVqY3DPcpHf,indicator_13,1.887529015
202108,Basti,J1P16zQEOUT,indicator_13,1.42573062
202108,Bhadohi,PeUY1vj02UQ,indicator_13,2.217493215
202108,Bijnor,uCYjHW7FuGG,indicator_13,2.369392115
202108,Budaun,eA37kyBRRuZ,indicator_13,2.135017511
202108,Bulandshahar,ogBt4gWCiem,indicator_13,2.469743186
202108,Chandauli,ClbehnmwSec,indicator_13,1.421574043
202108,Chitrakoot,i2fSZZ3QAJJ,indicator_13,2.002808366
202108,Deoria,Tf9b9qcbghH,indicator_13,1.94709411
202108,Etah,ZLcx4iOVyN5,indicator_13,1.95079686
202108,Etawah,Pm0jLk6EAiE,indicator_13,1.453058149
202108,Farrukhabad,uEEwlAGZXWW,indicator_13,1.904212349
202108,Fatehpur,ibLiLcaKzw2,indicator_13,1.238158815
202108,Firozabad,eJTsuE56XDF,indicator_13,2.881578947
202108,Gautam Buddha Nagar,bNmwkrQeP3e,indicator_13,1.946556514
202108,Ghaziabad,M5NHlfAaKYI,indicator_13,2.934322299
202108,Ghazipur,dScWdMRN8PL,indicator_13,2.957270928
202108,Gonda,y8WarEkWCul,indicator_13,1.568443225
202108,Gorakhpur,vR85cHdsw1w,indicator_13,1.175745889
202108,Hamirpur,VSI7HobT5qL,indicator_13,1.005197719
202108,Hapur,CZ8kLjgqvSH,indicator_13,2.361141128
202108,Hardoi,MTIkUw5q5pX,indicator_13,1.410934744
202108,Hathras,m1IAjmqkoFC,indicator_13,2.051710989
202108,Jalaun,NL5xiiHZQSC,indicator_13,1.337827327
202108,Jaunpur,gmw76vAUMqz,indicator_13,1.827884862
202108,Jhansi,Mq751wBMqGF,indicator_13,1.161233291
202108,Kannauj,IhQbDYRiF8w,indicator_13,1.729559748
202108,Kanpur Dehat,k3D0AumUCiC,indicator_13,2.044683199
202108,Kanpur Nagar,QVMRMhzVrrS,indicator_13,1.629920467
202108,Kasganj,hITp09XOBLZ,indicator_13,1.197843881
202108,Kaushambi,PAj0oVY0Dxu,indicator_13,1.51566359
202108,Kushinagar,xUeHwd9FQkg,indicator_13,1.780770931
202108,Lakhimpur Kheri,d9ZuMopgX29,indicator_13,1.696020874
202108,Lalitpur,fagfcadhxej,indicator_13,1.698654899
202108,Lucknow,MfHac5N78aK,indicator_13,1.844348726
202108,Maharajganj,AcnMkNGgc3S,indicator_13,1.317769879
202108,Mahoba,sUQMxIc3yXj,indicator_13,1.313473257
202108,Mainpuri,XBLhrSWGytu,indicator_13,2.152701153
202108,Mathura,KP2BUB1npih,indicator_13,2.659509577
202108,Maunathbhanjan,CBSB9v92AwT,indicator_13,1.943309277
202108,Meerut,v8YGmR7nOdj,indicator_13,2.053801546
202108,Mirzapur,UAicdMLyuk4,indicator_13,1.753691983
202108,Moradabad,YQNQoPjAIpV,indicator_13,2.267070908
202108,Muzaffarnagar,MVQs2RrS1Nw,indicator_13,2.043286233
202108,Pilibhit,c96jwckSd6j,indicator_13,1.740870205
202108,Pratapgarh,fz7bJo3egPX,indicator_13,1.367736522
202108,Prayagraj,tXgaew1Pd2Y,indicator_13,1.960784314
202108,Rae Bareli,lLvTDpBDY8u,indicator_13,1.892241809
202108,Rampur,IU006h5U7jj,indicator_13,1.798201798
202108,Saharanpur,FKYZ3JbWq84,indicator_13,1.725670093
202108,Sambhal,YzHpzrN0eLv,indicator_13,2.444381619
202108,Sant Kabir Nagar,fe1yBApr2sl,indicator_13,1.70798751
202108,Shahjahanpur,GaiLSoQq1ue,indicator_13,2.439820724
202108,Shamli,AdiUcz9BXhx,indicator_13,1.805089124
202108,Shrawasti,oyTwneTbWDx,indicator_13,1.993264411
202108,Siddharth Nagar,cP0p8qfm3il,indicator_13,2.271563562
202108,Sitapur,XxaOowFtkiJ,indicator_13,1.798171498
202108,Sonbhadra,NNk3JP90QZ5,indicator_13,2.377394738
202108,Sultanpur,o4ZQTVcMI7U,indicator_13,2.094209777
202108,Unnav,aT03mfdlNiF,indicator_13,1.897909549
202108,Varanasi,LeuBT7KfuuA,indicator_13,1.547644688
202109,Agra,N5WWbRtsjWp,indicator_13,1.655579255
202109,Aligarh,frD2HOp3wAs,indicator_13,1.926874182
202109,Ambedkar Nagar,jM27ji8tyrM,indicator_13,1.806304283
202109,Amethi,StsLkYw1G0m,indicator_13,1.229545872
202109,Amroha,hgquAmZaNBu,indicator_13,2.131061599
202109,Auraiya,Bd6E8zkVvVt,indicator_13,1.893147503
202109,Ayodhya,b4XkXzoGqFY,indicator_13,1.237419053
202109,Azamgarh,NjckKfm3g0k,indicator_13,1.702926253
202109,Bagpat,HJIS3IrQ0Nj,indicator_13,1.370733671
202109,Bahraich,iE0E3nLioFr,indicator_13,2.016051978
202109,Ballia,oNDvGBE5fLq,indicator_13,1.436458374
202109,Balrampur,uS0pNSxN3sS,indicator_13,1.623779947
202109,Banda,DggJGxqbWHn,indicator_13,1.422688132
202109,Barabanki,tzH6nJu9SwS,indicator_13,1.603486052
202109,Bareilly,vVqY3DPcpHf,indicator_13,1.868537666
202109,Basti,J1P16zQEOUT,indicator_13,1.354710415
202109,Bhadohi,PeUY1vj02UQ,indicator_13,2.106464347
202109,Bijnor,uCYjHW7FuGG,indicator_13,2.297256055
202109,Budaun,eA37kyBRRuZ,indicator_13,2.19216623
202109,Bulandshahar,ogBt4gWCiem,indicator_13,2.353073474
202109,Chandauli,ClbehnmwSec,indicator_13,1.567045999
202109,Chitrakoot,i2fSZZ3QAJJ,indicator_13,2.242632142
202109,Deoria,Tf9b9qcbghH,indicator_13,2.15922341
202109,Etah,ZLcx4iOVyN5,indicator_13,2.076824113
202109,Etawah,Pm0jLk6EAiE,indicator_13,1.584909722
202109,Farrukhabad,uEEwlAGZXWW,indicator_13,1.928942379
202109,Fatehpur,ibLiLcaKzw2,indicator_13,1.30650391
202109,Firozabad,eJTsuE56XDF,indicator_13,2.718045113
202109,Gautam Buddha Nagar,bNmwkrQeP3e,indicator_13,1.997733587
202109,Ghaziabad,M5NHlfAaKYI,indicator_13,2.788984389
202109,Ghazipur,dScWdMRN8PL,indicator_13,2.905525155
202109,Gonda,y8WarEkWCul,indicator_13,1.46994196
202109,Gorakhpur,vR85cHdsw1w,indicator_13,1.242701805
202109,Hamirpur,VSI7HobT5qL,indicator_13,1.046413116
202109,Hapur,CZ8kLjgqvSH,indicator_13,1.973967298
202109,Hardoi,MTIkUw5q5pX,indicator_13,1.374240972
202109,Hathras,m1IAjmqkoFC,indicator_13,2.000049202
202109,Jalaun,NL5xiiHZQSC,indicator_13,1.330913491
202109,Jaunpur,gmw76vAUMqz,indicator_13,1.866356265
202109,Jhansi,Mq751wBMqGF,indicator_13,1.171948247
202109,Kannauj,IhQbDYRiF8w,indicator_13,1.577318558
202109,Kanpur Dehat,k3D0AumUCiC,indicator_13,2.077997793
202109,Kanpur Nagar,QVMRMhzVrrS,indicator_13,1.651062116
202109,Kasganj,hITp09XOBLZ,indicator_13,1.257736075
202109,Kaushambi,PAj0oVY0Dxu,indicator_13,1.539253539
202109,Kushinagar,xUeHwd9FQkg,indicator_13,1.524879615
202109,Lakhimpur Kheri,d9ZuMopgX29,indicator_13,1.617998798
202109,Lalitpur,fagfcadhxej,indicator_13,1.741187729
202109,Lucknow,MfHac5N78aK,indicator_13,1.86863329
202109,Maharajganj,AcnMkNGgc3S,indicator_13,1.444262978
202109,Mahoba,sUQMxIc3yXj,indicator_13,1.384563304
202109,Mainpuri,XBLhrSWGytu,indicator_13,1.838990935
202109,Mathura,KP2BUB1npih,indicator_13,2.598511651
202109,Maunathbhanjan,CBSB9v92AwT,indicator_13,2.101991131
202109,Meerut,v8YGmR7nOdj,indicator_13,2.065307437
202109,Mirzapur,UAicdMLyuk4,indicator_13,1.896850512
202109,Moradabad,YQNQoPjAIpV,indicator_13,2.239920358
202109,Muzaffarnagar,MVQs2RrS1Nw,indicator_13,1.747795609
202109,Pilibhit,c96jwckSd6j,indicator_13,1.637383865
202109,Pratapgarh,fz7bJo3egPX,indicator_13,1.447451227
202109,Prayagraj,tXgaew1Pd2Y,indicator_13,1.934317034
202109,Rae Bareli,lLvTDpBDY8u,indicator_13,1.775577276
202109,Rampur,IU006h5U7jj,indicator_13,1.716650696
202109,Saharanpur,FKYZ3JbWq84,indicator_13,1.694447113
202109,Sambhal,YzHpzrN0eLv,indicator_13,2.218211078
202109,Sant Kabir Nagar,fe1yBApr2sl,indicator_13,1.737343546
202109,Shahjahanpur,GaiLSoQq1ue,indicator_13,2.327030958
202109,Shamli,AdiUcz9BXhx,indicator_13,1.785714286
202109,Shrawasti,oyTwneTbWDx,indicator_13,2.243890977
202109,Siddharth Nagar,cP0p8qfm3il,indicator_13,2.238979658
202109,Sitapur,XxaOowFtkiJ,indicator_13,1.649768188
202109,Sonbhadra,NNk3JP90QZ5,indicator_13,2.20929612
202109,Sultanpur,o4ZQTVcMI7U,indicator_13,1.921712394
202109,Unnav,aT03mfdlNiF,indicator_13,2.036886907
202109,Varanasi,LeuBT7KfuuA,indicator_13,1.704562937
202110,Agra,N5WWbRtsjWp,indicator_13,1.592147099
202110,Aligarh,frD2HOp3wAs,indicator_13,2.095489539
202110,Ambedkar Nagar,jM27ji8tyrM,indicator_13,1.796945193
202110,Amethi,StsLkYw1G0m,indicator_13,1.181283324
202110,Amroha,hgquAmZaNBu,indicator_13,2.173001311
202110,Auraiya,Bd6E8zkVvVt,indicator_13,1.913472706
202110,Ayodhya,b4XkXzoGqFY,indicator_13,1.277990169
202110,Azamgarh,NjckKfm3g0k,indicator_13,1.62547538
202110,Bagpat,HJIS3IrQ0Nj,indicator_13,1.50208682
202110,Bahraich,iE0E3nLioFr,indicator_13,1.991482624
202110,Ballia,oNDvGBE5fLq,indicator_13,1.480418396
202110,Balrampur,uS0pNSxN3sS,indicator_13,1.428571429
202110,Banda,DggJGxqbWHn,indicator_13,1.351375443
202110,Barabanki,tzH6nJu9SwS,indicator_13,1.887462208
202110,Bareilly,vVqY3DPcpHf,indicator_13,1.745093902
202110,Basti,J1P16zQEOUT,indicator_13,1.273037179
202110,Bhadohi,PeUY1vj02UQ,indicator_13,2.054985587
202110,Bijnor,uCYjHW7FuGG,indicator_13,2.297256055
202110,Budaun,eA37kyBRRuZ,indicator_13,2.139413566
202110,Bulandshahar,ogBt4gWCiem,indicator_13,2.254677331
202110,Chandauli,ClbehnmwSec,indicator_13,1.548631827
202110,Chitrakoot,i2fSZZ3QAJJ,indicator_13,1.910663568
202110,Deoria,Tf9b9qcbghH,indicator_13,2.118483346
202110,Etah,ZLcx4iOVyN5,indicator_13,2.011184919
202110,Etawah,Pm0jLk6EAiE,indicator_13,1.883593897
202110,Farrukhabad,uEEwlAGZXWW,indicator_13,1.770258017
202110,Fatehpur,ibLiLcaKzw2,indicator_13,1.352597114
202110,Firozabad,eJTsuE56XDF,indicator_13,2.530075188
202110,Gautam Buddha Nagar,bNmwkrQeP3e,indicator_13,1.878929668
202110,Ghaziabad,M5NHlfAaKYI,indicator_13,2.638634826
202110,Ghazipur,dScWdMRN8PL,indicator_13,2.636447135
202110,Gonda,y8WarEkWCul,indicator_13,1.401748776
202110,Gorakhpur,vR85cHdsw1w,indicator_13,1.206099238
202110,Hamirpur,VSI7HobT5qL,indicator_13,1.016646441
202110,Hapur,CZ8kLjgqvSH,indicator_13,1.861015491
202110,Hardoi,MTIkUw5q5pX,indicator_13,1.332812518
202110,Hathras,m1IAjmqkoFC,indicator_13,2.125513543
202110,Jalaun,NL5xiiHZQSC,indicator_13,1.301529686
202110,Jaunpur,gmw76vAUMqz,indicator_13,1.738118255
202110,Jhansi,Mq751wBMqGF,indicator_13,1.181323833
202110,Kannauj,IhQbDYRiF8w,indicator_13,1.557352501
202110,Kanpur Dehat,k3D0AumUCiC,indicator_13,1.81980969
202110,Kanpur Nagar,QVMRMhzVrrS,indicator_13,1.565488775
202110,Kasganj,hITp09XOBLZ,indicator_13,1.224814573
202110,Kaushambi,PAj0oVY0Dxu,indicator_13,1.462033462
202110,Kushinagar,xUeHwd9FQkg,indicator_13,1.387628818
202110,Lakhimpur Kheri,d9ZuMopgX29,indicator_13,1.547651024
202110,Lalitpur,fagfcadhxej,indicator_13,1.573714711
202110,Lucknow,MfHac5N78aK,indicator_13,1.648547496
202110,Maharajganj,AcnMkNGgc3S,indicator_13,1.433054728
202110,Mahoba,sUQMxIc3yXj,indicator_13,1.337169939
202110,Mainpuri,XBLhrSWGytu,indicator_13,2.040198178
202110,Mathura,KP2BUB1npih,indicator_13,2.610711236
202110,Maunathbhanjan,CBSB9v92AwT,indicator_13,2.108512303
202110,Meerut,v8YGmR7nOdj,indicator_13,1.891568483
202110,Mirzapur,UAicdMLyuk4,indicator_13,1.835017467
202110,Moradabad,YQNQoPjAIpV,indicator_13,2.052883238
202110,Muzaffarnagar,MVQs2RrS1Nw,indicator_13,1.529321157
202110,Pilibhit,c96jwckSd6j,indicator_13,1.494802686
202110,Pratapgarh,fz7bJo3egPX,indicator_13,1.401300608
202110,Prayagraj,tXgaew1Pd2Y,indicator_13,1.559363903
202110,Rae Bareli,lLvTDpBDY8u,indicator_13,1.667449173
202110,Rampur,IU006h5U7jj,indicator_13,1.704418031
202110,Saharanpur,FKYZ3JbWq84,indicator_13,1.762897493
202110,Sambhal,YzHpzrN0eLv,indicator_13,2.155144292
202110,Sant Kabir Nagar,fe1yBApr2sl,indicator_13,1.611913213
202110,Shahjahanpur,GaiLSoQq1ue,indicator_13,1.960464219
202110,Shamli,AdiUcz9BXhx,indicator_13,1.585507621
202110,Shrawasti,oyTwneTbWDx,indicator_13,1.96976817
202110,Siddharth Nagar,cP0p8qfm3il,indicator_13,1.942621297
202110,Sitapur,XxaOowFtkiJ,indicator_13,1.62052082
202110,Sonbhadra,NNk3JP90QZ5,indicator_13,2.083889215
202110,Sultanpur,o4ZQTVcMI7U,indicator_13,1.793598234
202110,Unnav,aT03mfdlNiF,indicator_13,1.994904164
202110,Varanasi,LeuBT7KfuuA,indicator_13,1.675333067
202111,Agra,N5WWbRtsjWp,indicator_13,1.590561295
202111,Aligarh,frD2HOp3wAs,indicator_13,2.092161605
202111,Ambedkar Nagar,jM27ji8tyrM,indicator_13,1.793201557
202111,Amethi,StsLkYw1G0m,indicator_13,1.183581541
202111,Amroha,hgquAmZaNBu,indicator_13,2.173001311
202111,Auraiya,Bd6E8zkVvVt,indicator_13,1.913472706
202111,Ayodhya,b4XkXzoGqFY,indicator_13,1.277990169
202111,Azamgarh,NjckKfm3g0k,indicator_13,1.61951762
202111,Bagpat,HJIS3IrQ0Nj,indicator_13,1.50208682
202111,Bahraich,iE0E3nLioFr,indicator_13,1.979197947
202111,Ballia,oNDvGBE5fLq,indicator_13,1.481711338
202111,Balrampur,uS0pNSxN3sS,indicator_13,1.430789707
202111,Banda,DggJGxqbWHn,indicator_13,1.338895723
202111,Barabanki,tzH6nJu9SwS,indicator_13,1.886238173
202111,Bareilly,vVqY3DPcpHf,indicator_13,1.744038827
202111,Basti,J1P16zQEOUT,indicator_13,1.273037179
202111,Bhadohi,PeUY1vj02UQ,indicator_13,2.048786536
202111,Bijnor,uCYjHW7FuGG,indicator_13,2.288932664
202111,Budaun,eA37kyBRRuZ,indicator_13,2.139413566
202111,Bulandshahar,ogBt4gWCiem,indicator_13,2.253271672
202111,Chandauli,ClbehnmwSec,indicator_13,1.539424741
202111,Chitrakoot,i2fSZZ3QAJJ,indicator_13,1.895909409
202111,Deoria,Tf9b9qcbghH,indicator_13,2.112864027
202111,Etah,ZLcx4iOVyN5,indicator_13,2.011184919
202111,Etawah,Pm0jLk6EAiE,indicator_13,1.883593897
202111,Farrukhabad,uEEwlAGZXWW,indicator_13,1.770258017
202111,Fatehpur,ibLiLcaKzw2,indicator_13,1.351007693
202111,Firozabad,eJTsuE56XDF,indicator_13,2.530075188
202111,Gautam Buddha Nagar,bNmwkrQeP3e,indicator_13,1.862479895
202111,Ghaziabad,M5NHlfAaKYI,indicator_13,2.641140652
202111,Ghazipur,dScWdMRN8PL,indicator_13,2.63774078
202111,Gonda,y8WarEkWCul,indicator_13,1.398717968
202111,Gorakhpur,vR85cHdsw1w,indicator_13,1.205206492
202111,Hamirpur,VSI7HobT5qL,indicator_13,1.007487464
202111,Hapur,CZ8kLjgqvSH,indicator_13,1.861015491
202111,Hardoi,MTIkUw5q5pX,indicator_13,1.326894168
202111,Hathras,m1IAjmqkoFC,indicator_13,2.127973628
202111,Jalaun,NL5xiiHZQSC,indicator_13,1.292887391
202111,Jaunpur,gmw76vAUMqz,indicator_13,1.739104701
202111,Jhansi,Mq751wBMqGF,indicator_13,1.179984463
202111,Kannauj,IhQbDYRiF8w,indicator_13,1.544873715
202111,Kanpur Dehat,k3D0AumUCiC,indicator_13,1.813563204
202111,Kanpur Nagar,QVMRMhzVrrS,indicator_13,1.56448203
202111,Kasganj,hITp09XOBLZ,indicator_13,1.224814573
202111,Kaushambi,PAj0oVY0Dxu,indicator_13,1.456885457
202111,Kushinagar,xUeHwd9FQkg,indicator_13,1.391118245
202111,Lakhimpur Kheri,d9ZuMopgX29,indicator_13,1.543813873
202111,Lalitpur,fagfcadhxej,indicator_13,1.571056409
202111,Lucknow,MfHac5N78aK,indicator_13,1.646001477
202111,Maharajganj,AcnMkNGgc3S,indicator_13,1.433054728
202111,Mahoba,sUQMxIc3yXj,indicator_13,1.330399458
202111,Mainpuri,XBLhrSWGytu,indicator_13,2.040198178
202111,Mathura,KP2BUB1npih,indicator_13,2.614777764
202111,Maunathbhanjan,CBSB9v92AwT,indicator_13,2.104164855
202111,Meerut,v8YGmR7nOdj,indicator_13,1.893869661
202111,Mirzapur,UAicdMLyuk4,indicator_13,1.831261035
202111,Moradabad,YQNQoPjAIpV,indicator_13,2.052883238
202111,Muzaffarnagar,MVQs2RrS1Nw,indicator_13,1.519890606
202111,Pilibhit,c96jwckSd6j,indicator_13,1.506301168
202111,Pratapgarh,fz7bJo3egPX,indicator_13,1.401300608
202111,Prayagraj,tXgaew1Pd2Y,indicator_13,1.552011881
202111,Rae Bareli,lLvTDpBDY8u,indicator_13,1.667449173
202111,Rampur,IU006h5U7jj,indicator_13,1.704418031
202111,Saharanpur,FKYZ3JbWq84,indicator_13,1.76529926
202111,Sambhal,YzHpzrN0eLv,indicator_13,2.157319009
202111,Sant Kabir Nagar,fe1yBApr2sl,indicator_13,1.609244482
202111,Shahjahanpur,GaiLSoQq1ue,indicator_13,1.967884598
202111,Shamli,AdiUcz9BXhx,indicator_13,1.585507621
202111,Shrawasti,oyTwneTbWDx,indicator_13,1.973684211
202111,Siddharth Nagar,cP0p8qfm3il,indicator_13,1.919347081
202111,Sitapur,XxaOowFtkiJ,indicator_13,1.615104641
202111,Sonbhadra,NNk3JP90QZ5,indicator_13,2.083889215
202111,Sultanpur,o4ZQTVcMI7U,indicator_13,1.793598234
202111,Unnav,aT03mfdlNiF,indicator_13,1.98911344
202111,Varanasi,LeuBT7KfuuA,indicator_13,1.670717824
202112,Agra,N5WWbRtsjWp,indicator_13,1.518407219
202112,Aligarh,frD2HOp3wAs,indicator_13,2.154283052
202112,Ambedkar Nagar,jM27ji8tyrM,indicator_13,1.765124289
202112,Amethi,StsLkYw1G0m,indicator_13,1.264019121
202112,Amroha,hgquAmZaNBu,indicator_13,2.241153342
202112,Auraiya,Bd6E8zkVvVt,indicator_13,1.957026713
202112,Ayodhya,b4XkXzoGqFY,indicator_13,1.242100335
202112,Azamgarh,NjckKfm3g0k,indicator_13,1.680088175
202112,Bagpat,HJIS3IrQ0Nj,indicator_13,1.519035614
202112,Bahraich,iE0E3nLioFr,indicator_13,1.968278234
202112,Ballia,oNDvGBE5fLq,indicator_13,1.679531438
202112,Balrampur,uS0pNSxN3sS,indicator_13,1.497338066
202112,Banda,DggJGxqbWHn,indicator_13,1.337112906
202112,Barabanki,tzH6nJu9SwS,indicator_13,1.959680282
202112,Bareilly,vVqY3DPcpHf,indicator_13,1.763030175
202112,Basti,J1P16zQEOUT,indicator_13,1.242853592
202112,Bhadohi,PeUY1vj02UQ,indicator_13,2.104578
202112,Bijnor,uCYjHW7FuGG,indicator_13,2.2861582
202112,Budaun,eA37kyBRRuZ,indicator_13,2.115967938
202112,Bulandshahar,ogBt4gWCiem,indicator_13,2.309498039
202112,Chandauli,ClbehnmwSec,indicator_13,1.603874342
202112,Chitrakoot,i2fSZZ3QAJJ,indicator_13,1.840581314
202112,Deoria,Tf9b9qcbghH,indicator_13,1.959737578
202112,Etah,ZLcx4iOVyN5,indicator_13,2.0453173
202112,Etawah,Pm0jLk6EAiE,indicator_13,2.351801523
202112,Farrukhabad,uEEwlAGZXWW,indicator_13,1.687824582
202112,Fatehpur,ibLiLcaKzw2,indicator_13,1.420942209
202112,Firozabad,eJTsuE56XDF,indicator_13,2.398496241
202112,Gautam Buddha Nagar,bNmwkrQeP3e,indicator_13,1.672393625
202112,Ghaziabad,M5NHlfAaKYI,indicator_13,2.51584935
202112,Ghazipur,dScWdMRN8PL,indicator_13,2.24317926
202112,Gonda,y8WarEkWCul,indicator_13,1.235054327
202112,Gorakhpur,vR85cHdsw1w,indicator_13,1.189137072
202112,Hamirpur,VSI7HobT5qL,indicator_13,1.021225929
202112,Hapur,CZ8kLjgqvSH,indicator_13,1.678141136
202112,Hardoi,MTIkUw5q5pX,indicator_13,1.360036931
202112,Hathras,m1IAjmqkoFC,indicator_13,2.666732269
202112,Jalaun,NL5xiiHZQSC,indicator_13,1.327456572
202112,Jaunpur,gmw76vAUMqz,indicator_13,2.125791623
202112,Jhansi,Mq751wBMqGF,indicator_13,1.145160858
202112,Kannauj,IhQbDYRiF8w,indicator_13,1.687131876
202112,Kanpur Dehat,k3D0AumUCiC,indicator_13,1.842713474
202112,Kanpur Nagar,QVMRMhzVrrS,indicator_13,1.596697876
202112,Kasganj,hITp09XOBLZ,indicator_13,1.431708639
202112,Kaushambi,PAj0oVY0Dxu,indicator_13,1.503217503
202112,Kushinagar,xUeHwd9FQkg,indicator_13,1.446949078
202112,Lakhimpur Kheri,d9ZuMopgX29,indicator_13,1.573232033
202112,Lalitpur,fagfcadhxej,indicator_13,1.573714711
202112,Lucknow,MfHac5N78aK,indicator_13,1.607811187
202112,Maharajganj,AcnMkNGgc3S,indicator_13,1.393025267
202112,Mahoba,sUQMxIc3yXj,indicator_13,1.457286432
202112,Mainpuri,XBLhrSWGytu,indicator_13,2.141883559
202112,Mathura,KP2BUB1npih,indicator_13,2.470416006
202112,Maunathbhanjan,CBSB9v92AwT,indicator_13,2.088948787
202112,Meerut,v8YGmR7nOdj,indicator_13,1.873159057
202112,Mirzapur,UAicdMLyuk4,indicator_13,1.998422298
202112,Moradabad,YQNQoPjAIpV,indicator_13,2.012157413
202112,Muzaffarnagar,MVQs2RrS1Nw,indicator_13,1.67706647
202112,Pilibhit,c96jwckSd6j,indicator_13,1.504001472
202112,Pratapgarh,fz7bJo3egPX,indicator_13,1.376127544
202112,Prayagraj,tXgaew1Pd2Y,indicator_13,1.586566385
202112,Rae Bareli,lLvTDpBDY8u,indicator_13,1.680253816
202112,Rampur,IU006h5U7jj,indicator_13,2.140716426
202112,Saharanpur,FKYZ3JbWq84,indicator_13,1.858968201
202112,Sambhal,YzHpzrN0eLv,indicator_13,2.187765044
202112,Sant Kabir Nagar,fe1yBApr2sl,indicator_13,1.625256865
202112,Shahjahanpur,GaiLSoQq1ue,indicator_13,1.928683561
202112,Shamli,AdiUcz9BXhx,indicator_13,1.611340739
202112,Shrawasti,oyTwneTbWDx,indicator_13,2.028508772
202112,Siddharth Nagar,cP0p8qfm3il,indicator_13,1.804527611
202112,Sitapur,XxaOowFtkiJ,indicator_13,1.62052082
202112,Sonbhadra,NNk3JP90QZ5,indicator_13,2.059875127
202112,Sultanpur,o4ZQTVcMI7U,indicator_13,1.801482182
202112,Unnav,aT03mfdlNiF,indicator_13,1.960159824
202112,Varanasi,LeuBT7KfuuA,indicator_13,1.799944617
202201,Agra,N5WWbRtsjWp,indicator_13,1.519200121
202201,Aligarh,frD2HOp3wAs,indicator_13,2.243027977
202201,Ambedkar Nagar,jM27ji8tyrM,indicator_13,1.722072477
202201,Amethi,StsLkYw1G0m,indicator_13,1.169163318
202201,Amroha,hgquAmZaNBu,indicator_13,2.217562254
202201,Auraiya,Bd6E8zkVvVt,indicator_13,1.942508711
202201,Ayodhya,b4XkXzoGqFY,indicator_13,1.231177343
202201,Azamgarh,NjckKfm3g0k,indicator_13,1.678102255
202201,Bagpat,HJIS3IrQ0Nj,indicator_13,1.491493824
202201,Bahraich,iE0E3nLioFr,indicator_13,1.878190604
202201,Ballia,oNDvGBE5fLq,indicator_13,1.80296367
202201,Balrampur,uS0pNSxN3sS,indicator_13,1.464063886
202201,Banda,DggJGxqbWHn,indicator_13,1.342749866
202201,Barabanki,tzH6nJu9SwS,indicator_13,1.817692204
202201,Bareilly,vVqY3DPcpHf,indicator_13,1.712386579
202201,Basti,J1P16zQEOUT,indicator_13,1.258833138
202201,Bhadohi,PeUY1vj02UQ,indicator_13,2.038613373
202201,Bijnor,uCYjHW7FuGG,indicator_13,2.171017951
202201,Budaun,eA37kyBRRuZ,indicator_13,2.105710476
202201,Bulandshahar,ogBt4gWCiem,indicator_13,2.419139455
202201,Chandauli,ClbehnmwSec,indicator_13,1.52101057
202201,Chitrakoot,i2fSZZ3QAJJ,indicator_13,1.666543493
202201,Deoria,Tf9b9qcbghH,indicator_13,1.930236152
202201,Etah,ZLcx4iOVyN5,indicator_13,1.938117182
202201,Etawah,Pm0jLk6EAiE,indicator_13,2.367946614
202201,Farrukhabad,uEEwlAGZXWW,indicator_13,1.799109719
202201,Fatehpur,ibLiLcaKzw2,indicator_13,1.405048001
202201,Firozabad,eJTsuE56XDF,indicator_13,2.180451128
202201,Gautam Buddha Nagar,bNmwkrQeP3e,indicator_13,1.489618365
202201,Ghaziabad,M5NHlfAaKYI,indicator_13,2.40809883
202201,Ghazipur,dScWdMRN8PL,indicator_13,1.694674066
202201,Gonda,y8WarEkWCul,indicator_13,1.24717756
202201,Gorakhpur,vR85cHdsw1w,indicator_13,1.136465085
202201,Hamirpur,VSI7HobT5qL,indicator_13,0.993748998
202201,Hapur,CZ8kLjgqvSH,indicator_13,1.487198795
202201,Hardoi,MTIkUw5q5pX,indicator_13,1.260608643
202201,Hathras,m1IAjmqkoFC,indicator_13,2.991463505
202201,Jalaun,NL5xiiHZQSC,indicator_13,1.336098868
202201,Jaunpur,gmw76vAUMqz,indicator_13,2.091266005
202201,Jhansi,Mq751wBMqGF,indicator_13,1.078192387
202201,Kannauj,IhQbDYRiF8w,indicator_13,1.707097934
202201,Kanpur Dehat,k3D0AumUCiC,indicator_13,1.644248269
202201,Kanpur Nagar,QVMRMhzVrrS,indicator_13,1.632940703
202201,Kasganj,hITp09XOBLZ,indicator_13,1.560049055
202201,Kaushambi,PAj0oVY0Dxu,indicator_13,1.402831403
202201,Kushinagar,xUeHwd9FQkg,indicator_13,1.666782981
202201,Lakhimpur Kheri,d9ZuMopgX29,indicator_13,1.646137907
202201,Lalitpur,fagfcadhxej,indicator_13,1.690679994
202201,Lucknow,MfHac5N78aK,indicator_13,1.56070983
202201,Maharajganj,AcnMkNGgc3S,indicator_13,1.365805233
202201,Mahoba,sUQMxIc3yXj,indicator_13,1.468054559
202201,Mainpuri,XBLhrSWGytu,indicator_13,2.096449666
202201,Mathura,KP2BUB1npih,indicator_13,2.37078606
202201,Maunathbhanjan,CBSB9v92AwT,indicator_13,2.067211547
202201,Meerut,v8YGmR7nOdj,indicator_13,1.651095361
202201,Mirzapur,UAicdMLyuk4,indicator_13,2.011569813
202201,Moradabad,YQNQoPjAIpV,indicator_13,2.119251248
202201,Muzaffarnagar,MVQs2RrS1Nw,indicator_13,1.72264747
202201,Pilibhit,c96jwckSd6j,indicator_13,1.469506025
202201,Pratapgarh,fz7bJo3egPX,indicator_13,1.315991889
202201,Prayagraj,tXgaew1Pd2Y,indicator_13,1.473345244
202201,Rae Bareli,lLvTDpBDY8u,indicator_13,1.674562864
202201,Rampur,IU006h5U7jj,indicator_13,2.307896185
202201,Saharanpur,FKYZ3JbWq84,indicator_13,1.876981458
202201,Sambhal,YzHpzrN0eLv,indicator_13,2.109475241
202201,Sant Kabir Nagar,fe1yBApr2sl,indicator_13,1.681300205
202201,Shahjahanpur,GaiLSoQq1ue,indicator_13,1.895791284
202201,Shamli,AdiUcz9BXhx,indicator_13,1.698527512
202201,Shrawasti,oyTwneTbWDx,indicator_13,2.106829574
202201,Siddharth Nagar,cP0p8qfm3il,indicator_13,1.714533973
202201,Sitapur,XxaOowFtkiJ,indicator_13,1.585857273
202201,Sonbhadra,NNk3JP90QZ5,indicator_13,1.98516463
202201,Sultanpur,o4ZQTVcMI7U,indicator_13,1.817250079
202201,Unnav,aT03mfdlNiF,indicator_13,1.98911344
202201,Varanasi,LeuBT7KfuuA,indicator_13,1.864558014
202202,Agra,N5WWbRtsjWp,indicator_13,1.530300748
202202,Aligarh,frD2HOp3wAs,indicator_13,2.219732434
202202,Ambedkar Nagar,jM27ji8tyrM,indicator_13,1.529275232
202202,Amethi,StsLkYw1G0m,indicator_13,1.187431494
202202,Amroha,hgquAmZaNBu,indicator_13,2.152031455
202202,Auraiya,Bd6E8zkVvVt,indicator_13,2.232868757
202202,Ayodhya,b4XkXzoGqFY,indicator_13,1.112584848
202202,Azamgarh,NjckKfm3g0k,indicator_13,1.817116643
202202,Bagpat,HJIS3IrQ0Nj,indicator_13,1.266922311
202202,Bahraich,iE0E3nLioFr,indicator_13,1.846796429
202202,Ballia,oNDvGBE5fLq,indicator_13,1.759114768
202202,Balrampur,uS0pNSxN3sS,indicator_13,1.548358474
202202,Banda,DggJGxqbWHn,indicator_13,1.38524897
202202,Barabanki,tzH6nJu9SwS,indicator_13,1.621846579
202202,Bareilly,vVqY3DPcpHf,indicator_13,1.64591686
202202,Basti,J1P16zQEOUT,indicator_13,1.157629346
202202,Bhadohi,PeUY1vj02UQ,indicator_13,2.026276832
202202,Bijnor,uCYjHW7FuGG,indicator_13,2.097494659
202202,Budaun,eA37kyBRRuZ,indicator_13,2.212681154
202202,Bulandshahar,ogBt4gWCiem,indicator_13,2.387745064
202202,Chandauli,ClbehnmwSec,indicator_13,1.274260671
202202,Chitrakoot,i2fSZZ3QAJJ,indicator_13,1.418963861
202202,Deoria,Tf9b9qcbghH,indicator_13,1.893710577
202202,Etah,ZLcx4iOVyN5,indicator_13,1.993416722
202202,Etawah,Pm0jLk6EAiE,indicator_13,2.437908673
202202,Farrukhabad,uEEwlAGZXWW,indicator_13,1.735223807
202202,Fatehpur,ibLiLcaKzw2,indicator_13,1.433657575
202202,Firozabad,eJTsuE56XDF,indicator_13,2.02443609
202202,Gautam Buddha Nagar,bNmwkrQeP3e,indicator_13,1.432958035
202202,Ghaziabad,M5NHlfAaKYI,indicator_13,2.335429874
202202,Ghazipur,dScWdMRN8PL,indicator_13,1.501921062
202202,Gonda,y8WarEkWCul,indicator_13,1.171407356
202202,Gorakhpur,vR85cHdsw1w,indicator_13,1.117717428
202202,Hamirpur,VSI7HobT5qL,indicator_13,0.876972042
202202,Hapur,CZ8kLjgqvSH,indicator_13,1.444169535
202202,Hardoi,MTIkUw5q5pX,indicator_13,1.227465881
202202,Hathras,m1IAjmqkoFC,indicator_13,3.163669463
202202,Jalaun,NL5xiiHZQSC,indicator_13,1.102756892
202202,Jaunpur,gmw76vAUMqz,indicator_13,2.066604849
202202,Jhansi,Mq751wBMqGF,indicator_13,1.155875814
202202,Kannauj,IhQbDYRiF8w,indicator_13,1.664670061
202202,Kanpur Dehat,k3D0AumUCiC,indicator_13,1.552203837
202202,Kanpur Nagar,QVMRMhzVrrS,indicator_13,1.612805799
202202,Kasganj,hITp09XOBLZ,indicator_13,1.634033363
202202,Kaushambi,PAj0oVY0Dxu,indicator_13,1.315315315
202202,Kushinagar,xUeHwd9FQkg,indicator_13,1.885453742
202202,Lakhimpur Kheri,d9ZuMopgX29,indicator_13,1.670439865
202202,Lalitpur,fagfcadhxej,indicator_13,1.573714711
202202,Lucknow,MfHac5N78aK,indicator_13,1.518700512
202202,Maharajganj,AcnMkNGgc3S,indicator_13,1.383418196
202202,Mahoba,sUQMxIc3yXj,indicator_13,1.385498923
202202,Mainpuri,XBLhrSWGytu,indicator_13,2.057506328
202202,Mathura,KP2BUB1npih,indicator_13,2.29352202
202202,Maunathbhanjan,CBSB9v92AwT,indicator_13,1.969393966
202202,Meerut,v8YGmR7nOdj,indicator_13,1.671805965
202202,Mirzapur,UAicdMLyuk4,indicator_13,1.972127268
202202,Moradabad,YQNQoPjAIpV,indicator_13,2.089083971
202202,Muzaffarnagar,MVQs2RrS1Nw,indicator_13,1.556041054
202202,Pilibhit,c96jwckSd6j,indicator_13,1.452862184
202202,Pratapgarh,fz7bJo3egPX,indicator_13,1.113208867
202202,Prayagraj,tXgaew1Pd2Y,indicator_13,1.281457465
202202,Rae Bareli,lLvTDpBDY8u,indicator_13,1.640417147
202202,Rampur,IU006h5U7jj,indicator_13,2.536239271
202202,Saharanpur,FKYZ3JbWq84,indicator_13,1.854164665
202202,Sambhal,YzHpzrN0eLv,indicator_13,2.368266533
202202,Sant Kabir Nagar,fe1yBApr2sl,indicator_13,1.737343546
202202,Shahjahanpur,GaiLSoQq1ue,indicator_13,1.910742319
202202,Shamli,AdiUcz9BXhx,indicator_13,1.798630845
202202,Shrawasti,oyTwneTbWDx,indicator_13,2.196898496
202202,Siddharth Nagar,cP0p8qfm3il,indicator_13,1.747117876
202202,Sitapur,XxaOowFtkiJ,indicator_13,1.580441094
202202,Sonbhadra,NNk3JP90QZ5,indicator_13,1.859757725
202202,Sultanpur,o4ZQTVcMI7U,indicator_13,1.693077893
202202,Unnav,aT03mfdlNiF,indicator_13,1.965950547
202202,Varanasi,LeuBT7KfuuA,indicator_13,2.026091505
202203,Agra,N5WWbRtsjWp,indicator_13,1.651614745
202203,Aligarh,frD2HOp3wAs,indicator_13,2.326226344
202203,Ambedkar Nagar,jM27ji8tyrM,indicator_13,1.596660677
202203,Amethi,StsLkYw1G0m,indicator_13,1.278027926
202203,Amroha,hgquAmZaNBu,indicator_13,2.500655308
202203,Auraiya,Bd6E8zkVvVt,indicator_13,2.308362369
202203,Ayodhya,b4XkXzoGqFY,indicator_13,1.326363424
202203,Azamgarh,NjckKfm3g0k,indicator_13,1.762503848
202203,Bagpat,HJIS3IrQ0Nj,indicator_13,1.381326667
202203,Bahraich,iE0E3nLioFr,indicator_13,2.035161475
202203,Ballia,oNDvGBE5fLq,indicator_13,1.742349011
202203,Balrampur,uS0pNSxN3sS,indicator_13,1.685891748
202203,Banda,DggJGxqbWHn,indicator_13,1.463692928
202203,Barabanki,tzH6nJu9SwS,indicator_13,1.760162552
202203,Bareilly,vVqY3DPcpHf,indicator_13,1.730322853
202203,Basti,J1P16zQEOUT,indicator_13,1.289016725
202203,Bhadohi,PeUY1vj02UQ,indicator_13,2.195904268
202203,Bijnor,uCYjHW7FuGG,indicator_13,2.232056155
202203,Budaun,eA37kyBRRuZ,indicator_13,2.561434872
202203,Bulandshahar,ogBt4gWCiem,indicator_13,2.654767761
202203,Chandauli,ClbehnmwSec,indicator_13,1.393952786
202203,Chitrakoot,i2fSZZ3QAJJ,indicator_13,1.526125194
202203,Deoria,Tf9b9qcbghH,indicator_13,1.87404296
202203,Etah,ZLcx4iOVyN5,indicator_13,2.426024628
202203,Etawah,Pm0jLk6EAiE,indicator_13,2.513252428
202203,Farrukhabad,uEEwlAGZXWW,indicator_13,2.105622353
202203,Fatehpur,ibLiLcaKzw2,indicator_13,1.551274715
202203,Firozabad,eJTsuE56XDF,indicator_13,2.223684211
202203,Gautam Buddha Nagar,bNmwkrQeP3e,indicator_13,1.553589706
202203,Ghaziabad,M5NHlfAaKYI,indicator_13,2.385546395
202203,Ghazipur,dScWdMRN8PL,indicator_13,1.575658788
202203,Gonda,y8WarEkWCul,indicator_13,1.735137674
202203,Gorakhpur,vR85cHdsw1w,indicator_13,1.271269663
202203,Hamirpur,VSI7HobT5qL,indicator_13,0.941084881
202203,Hapur,CZ8kLjgqvSH,indicator_13,1.444169535
202203,Hardoi,MTIkUw5q5pX,indicator_13,1.610974989
202203,Hathras,m1IAjmqkoFC,indicator_13,3.549902827
202203,Jalaun,NL5xiiHZQSC,indicator_13,1.343012704
202203,Jaunpur,gmw76vAUMqz,indicator_13,2.117900053
202203,Jhansi,Mq751wBMqGF,indicator_13,1.309903298
202203,Kannauj,IhQbDYRiF8w,indicator_13,1.898704687
202203,Kanpur Dehat,k3D0AumUCiC,indicator_13,1.771919962
202203,Kanpur Nagar,QVMRMhzVrrS,indicator_13,1.687304943
202203,Kasganj,hITp09XOBLZ,indicator_13,1.929580267
202203,Kaushambi,PAj0oVY0Dxu,indicator_13,1.482625483
202203,Kushinagar,xUeHwd9FQkg,indicator_13,2.211133599
202203,Lakhimpur Kheri,d9ZuMopgX29,indicator_13,1.930087103
202203,Lalitpur,fagfcadhxej,indicator_13,1.719921314
202203,Lucknow,MfHac5N78aK,indicator_13,1.516154492
202203,Maharajganj,AcnMkNGgc3S,indicator_13,1.474685368
202203,Mahoba,sUQMxIc3yXj,indicator_13,1.385498923
202203,Mainpuri,XBLhrSWGytu,indicator_13,2.297656909
202203,Mathura,KP2BUB1npih,indicator_13,2.498526093
202203,Maunathbhanjan,CBSB9v92AwT,indicator_13,1.967220242
202203,Meerut,v8YGmR7nOdj,indicator_13,1.542939985
202203,Mirzapur,UAicdMLyuk4,indicator_13,2.114871718
202203,Moradabad,YQNQoPjAIpV,indicator_13,2.332509074
202203,Muzaffarnagar,MVQs2RrS1Nw,indicator_13,1.612624365
202203,Pilibhit,c96jwckSd6j,indicator_13,1.740043844
202203,Pratapgarh,fz7bJo3egPX,indicator_13,1.183134047
202203,Prayagraj,tXgaew1Pd2Y,indicator_13,1.55495269
202203,Rae Bareli,lLvTDpBDY8u,indicator_13,1.680253816
202203,Rampur,IU006h5U7jj,indicator_13,2.744194581
202203,Saharanpur,FKYZ3JbWq84,indicator_13,2.171198002
202203,Sambhal,YzHpzrN0eLv,indicator_13,2.444381619
202203,Sant Kabir Nagar,fe1yBApr2sl,indicator_13,1.796055616
202203,Shahjahanpur,GaiLSoQq1ue,indicator_13,2.239470482
202203,Shamli,AdiUcz9BXhx,indicator_13,2.147377939
202203,Shrawasti,oyTwneTbWDx,indicator_13,2.584586466
202203,Siddharth Nagar,cP0p8qfm3il,indicator_13,1.886763177
202203,Sitapur,XxaOowFtkiJ,indicator_13,1.748342649
202203,Sonbhadra,NNk3JP90QZ5,indicator_13,2.161267944
202203,Sultanpur,o4ZQTVcMI7U,indicator_13,1.813308105
202203,Unnav,aT03mfdlNiF,indicator_13,2.141119926
202203,Varanasi,LeuBT7KfuuA,indicator_13,2.109165872
202204,Agra,N5WWbRtsjWp,indicator_13,1.485676891
202204,Aligarh,frD2HOp3wAs,indicator_13,2.161225908
202204,Ambedkar Nagar,jM27ji8tyrM,indicator_13,1.250957365
202204,Amethi,StsLkYw1G0m,indicator_13,1.069243012
202204,Amroha,hgquAmZaNBu,indicator_13,2.626241614
202204,Auraiya,Bd6E8zkVvVt,indicator_13,1.944652206
202204,Ayodhya,b4XkXzoGqFY,indicator_13,1.046386192
202204,Azamgarh,NjckKfm3g0k,indicator_13,1.562652033
202204,Bagpat,HJIS3IrQ0Nj,indicator_13,1.338693721
202204,Bahraich,iE0E3nLioFr,indicator_13,1.735988959
202204,Ballia,oNDvGBE5fLq,indicator_13,1.669808437
202204,Balrampur,uS0pNSxN3sS,indicator_13,1.399540708
202204,Banda,DggJGxqbWHn,indicator_13,1.263864719
202204,Barabanki,tzH6nJu9SwS,indicator_13,1.461426138
202204,Bareilly,vVqY3DPcpHf,indicator_13,1.606223063
202204,Basti,J1P16zQEOUT,indicator_13,1.117211662
202204,Bhadohi,PeUY1vj02UQ,indicator_13,2.129397175
202204,Bijnor,uCYjHW7FuGG,indicator_13,1.740412573
202204,Budaun,eA37kyBRRuZ,indicator_13,2.074249495
202204,Bulandshahar,ogBt4gWCiem,indicator_13,2.380719662
202204,Chandauli,ClbehnmwSec,indicator_13,1.130691475
202204,Chitrakoot,i2fSZZ3QAJJ,indicator_13,1.14460686
202204,Deoria,Tf9b9qcbghH,indicator_13,1.541353383
202204,Etah,ZLcx4iOVyN5,indicator_13,2.220196957
202204,Etawah,Pm0jLk6EAiE,indicator_13,2.40105046
202204,Farrukhabad,uEEwlAGZXWW,indicator_13,1.950227327
202204,Fatehpur,ibLiLcaKzw2,indicator_13,1.195231754
202204,Firozabad,eJTsuE56XDF,indicator_13,1.983149708
202204,Gautam Buddha Nagar,bNmwkrQeP3e,indicator_13,1.525308072
202204,Ghaziabad,M5NHlfAaKYI,indicator_13,2.127446313
202204,Ghazipur,dScWdMRN8PL,indicator_13,1.420705512
202204,Gonda,y8WarEkWCul,indicator_13,1.434454048
202204,Gorakhpur,vR85cHdsw1w,indicator_13,1.089029718
202204,Hamirpur,VSI7HobT5qL,indicator_13,0.762687005
202204,Hapur,CZ8kLjgqvSH,indicator_13,1.234272973
202204,Hardoi,MTIkUw5q5pX,indicator_13,1.298068558
202204,Hathras,m1IAjmqkoFC,indicator_13,3.36906585
202204,Jalaun,NL5xiiHZQSC,indicator_13,1.142511451
202204,Jaunpur,gmw76vAUMqz,indicator_13,2.005403259
202204,Jhansi,Mq751wBMqGF,indicator_13,1.237577349
202204,Kannauj,IhQbDYRiF8w,indicator_13,1.669639998
202204,Kanpur Dehat,k3D0AumUCiC,indicator_13,1.572112098
202204,Kanpur Nagar,QVMRMhzVrrS,indicator_13,1.456034354
202204,Kasganj,hITp09XOBLZ,indicator_13,1.68384587
202204,Kaushambi,PAj0oVY0Dxu,indicator_13,1.16494036
202204,Kushinagar,xUeHwd9FQkg,indicator_13,1.976178845
202204,Lakhimpur Kheri,d9ZuMopgX29,indicator_13,1.56953802
202204,Lalitpur,fagfcadhxej,indicator_13,1.462066032
202204,Lucknow,MfHac5N78aK,indicator_13,1.318642529
202204,Maharajganj,AcnMkNGgc3S,indicator_13,1.23464557
202204,Mahoba,sUQMxIc3yXj,indicator_13,1.11988514
202204,Mainpuri,XBLhrSWGytu,indicator_13,2.226970859
202204,Mathura,KP2BUB1npih,indicator_13,2.035137928
202204,Maunathbhanjan,CBSB9v92AwT,indicator_13,1.736983453
202204,Meerut,v8YGmR7nOdj,indicator_13,1.212938005
202204,Mirzapur,UAicdMLyuk4,indicator_13,1.714285714
202204,Moradabad,YQNQoPjAIpV,indicator_13,2.092839151
202204,Muzaffarnagar,MVQs2RrS1Nw,indicator_13,1.473837075
202204,Pilibhit,c96jwckSd6j,indicator_13,1.405555183
202204,Pratapgarh,fz7bJo3egPX,indicator_13,1.096686636
202204,Prayagraj,tXgaew1Pd2Y,indicator_13,1.29664145
202204,Rae Bareli,lLvTDpBDY8u,indicator_13,1.427023376
202204,Rampur,IU006h5U7jj,indicator_13,2.410422129
202204,Saharanpur,FKYZ3JbWq84,indicator_13,1.963926897
202204,Sambhal,YzHpzrN0eLv,indicator_13,2.201941497
202204,Sant Kabir Nagar,fe1yBApr2sl,indicator_13,1.515307966
202204,Shahjahanpur,GaiLSoQq1ue,indicator_13,1.942667614
202204,Shamli,AdiUcz9BXhx,indicator_13,1.927029805
202204,Shrawasti,oyTwneTbWDx,indicator_13,2.298715539
202204,Siddharth Nagar,cP0p8qfm3il,indicator_13,1.582351405
202204,Sitapur,XxaOowFtkiJ,indicator_13,1.413876351
202204,Sonbhadra,NNk3JP90QZ5,indicator_13,1.716597969
202204,Sultanpur,o4ZQTVcMI7U,indicator_13,1.497303296
202204,Unnav,aT03mfdlNiF,indicator_13,1.862878995
202204,Varanasi,LeuBT7KfuuA,indicator_13,1.67689528
202205,Agra,N5WWbRtsjWp,indicator_13,1.444256603
202205,Aligarh,frD2HOp3wAs,indicator_13,2.101835406
202205,Ambedkar Nagar,jM27ji8tyrM,indicator_13,1.312654242
202205,Amethi,StsLkYw1G0m,indicator_13,0.972854229
202205,Amroha,hgquAmZaNBu,indicator_13,2.484528577
202205,Auraiya,Bd6E8zkVvVt,indicator_13,1.768693784
202205,Ayodhya,b4XkXzoGqFY,indicator_13,0.934157271
202205,Azamgarh,NjckKfm3g0k,indicator_13,1.334967988
202205,Bagpat,HJIS3IrQ0Nj,indicator_13,1.330564529
202205,Bahraich,iE0E3nLioFr,indicator_13,1.621203511
202205,Ballia,oNDvGBE5fLq,indicator_13,1.630111745
202205,Balrampur,uS0pNSxN3sS,indicator_13,1.564553635
202205,Banda,DggJGxqbWHn,indicator_13,1.188284861
202205,Barabanki,tzH6nJu9SwS,indicator_13,1.20528109
202205,Bareilly,vVqY3DPcpHf,indicator_13,1.508462104
202205,Basti,J1P16zQEOUT,indicator_13,0.99529717
202205,Bhadohi,PeUY1vj02UQ,indicator_13,1.698943038
202205,Bijnor,uCYjHW7FuGG,indicator_13,1.47583679
202205,Budaun,eA37kyBRRuZ,indicator_13,1.947017715
202205,Bulandshahar,ogBt4gWCiem,indicator_13,2.292053563
202205,Chandauli,ClbehnmwSec,indicator_13,1.074932164
202205,Chitrakoot,i2fSZZ3QAJJ,indicator_13,1.016415752
202205,Deoria,Tf9b9qcbghH,indicator_13,1.450617284
202205,Etah,ZLcx4iOVyN5,indicator_13,2.139988526
202205,Etawah,Pm0jLk6EAiE,indicator_13,2.37291315
202205,Farrukhabad,uEEwlAGZXWW,indicator_13,1.726488959
202205,Fatehpur,ibLiLcaKzw2,indicator_13,1.026409232
202205,Firozabad,eJTsuE56XDF,indicator_13,1.849211493
202205,Gautam Buddha Nagar,bNmwkrQeP3e,indicator_13,1.243326777
202205,Ghaziabad,M5NHlfAaKYI,indicator_13,2.16921008
202205,Ghazipur,dScWdMRN8PL,indicator_13,1.152054214
202205,Gonda,y8WarEkWCul,indicator_13,1.340935487
202205,Gorakhpur,vR85cHdsw1w,indicator_13,0.921881089
202205,Hamirpur,VSI7HobT5qL,indicator_13,0.528645833
202205,Hapur,CZ8kLjgqvSH,indicator_13,1.108269395
202205,Hardoi,MTIkUw5q5pX,indicator_13,1.131246124
202205,Hathras,m1IAjmqkoFC,indicator_13,3.113833589
202205,Jalaun,NL5xiiHZQSC,indicator_13,0.98810244
202205,Jaunpur,gmw76vAUMqz,indicator_13,1.963442464
202205,Jhansi,Mq751wBMqGF,indicator_13,1.100068754
202205,Kannauj,IhQbDYRiF8w,indicator_13,1.707759633
202205,Kanpur Dehat,k3D0AumUCiC,indicator_13,1.355661882
202205,Kanpur Nagar,QVMRMhzVrrS,indicator_13,1.363159734
202205,Kasganj,hITp09XOBLZ,indicator_13,1.663022593
202205,Kaushambi,PAj0oVY0Dxu,indicator_13,1.010459138
202205,Kushinagar,xUeHwd9FQkg,indicator_13,2.115562069
202205,Lakhimpur Kheri,d9ZuMopgX29,indicator_13,1.472895757
202205,Lalitpur,fagfcadhxej,indicator_13,1.258623905
202205,Lucknow,MfHac5N78aK,indicator_13,1.203082716
202205,Maharajganj,AcnMkNGgc3S,indicator_13,1.088113325
202205,Mahoba,sUQMxIc3yXj,indicator_13,0.827364781
202205,Mainpuri,XBLhrSWGytu,indicator_13,1.820892604
202205,Mathura,KP2BUB1npih,indicator_13,1.859580783
202205,Maunathbhanjan,CBSB9v92AwT,indicator_13,1.665150596
202205,Meerut,v8YGmR7nOdj,indicator_13,1.047329709
202205,Mirzapur,UAicdMLyuk4,indicator_13,1.513800425
202205,Moradabad,YQNQoPjAIpV,indicator_13,2.01511335
202205,Muzaffarnagar,MVQs2RrS1Nw,indicator_13,1.222017952
202205,Pilibhit,c96jwckSd6j,indicator_13,1.167944106
202205,Pratapgarh,fz7bJo3egPX,indicator_13,0.993186834
202205,Prayagraj,tXgaew1Pd2Y,indicator_13,1.247721737
202205,Rae Bareli,lLvTDpBDY8u,indicator_13,1.334843858
202205,Rampur,IU006h5U7jj,indicator_13,2.399582681
202205,Saharanpur,FKYZ3JbWq84,indicator_13,1.742855548
202205,Sambhal,YzHpzrN0eLv,indicator_13,2.362542955
202205,Sant Kabir Nagar,fe1yBApr2sl,indicator_13,1.370316829
202205,Shahjahanpur,GaiLSoQq1ue,indicator_13,1.777570481
202205,Shamli,AdiUcz9BXhx,indicator_13,1.716127098
202205,Shrawasti,oyTwneTbWDx,indicator_13,2.206688596
202205,Siddharth Nagar,cP0p8qfm3il,indicator_13,1.492992078
202205,Sitapur,XxaOowFtkiJ,indicator_13,1.394807739
202205,Sonbhadra,NNk3JP90QZ5,indicator_13,1.512571656
202205,Sultanpur,o4ZQTVcMI7U,indicator_13,1.351596929
202205,Unnav,aT03mfdlNiF,indicator_13,1.803820603
202205,Varanasi,LeuBT7KfuuA,indicator_13,1.600989513
202206,Agra,N5WWbRtsjWp,indicator_13,0.474450564
202206,Aligarh,frD2HOp3wAs,indicator_13,0.389991505
202206,Ambedkar Nagar,jM27ji8tyrM,indicator_13,0.19047619
202206,Amethi,StsLkYw1G0m,indicator_13,0.188710207
202206,Amroha,hgquAmZaNBu,indicator_13,0.782672006
202206,Auraiya,Bd6E8zkVvVt,indicator_13,0.476379516
202206,Ayodhya,b4XkXzoGqFY,indicator_13,0.585429315
202206,Azamgarh,NjckKfm3g0k,indicator_13,0.417350848
202206,Bagpat,HJIS3IrQ0Nj,indicator_13,0.364623739
202206,Bahraich,iE0E3nLioFr,indicator_13,0.405650472
202206,Ballia,oNDvGBE5fLq,indicator_13,0.335901111
202206,Balrampur,uS0pNSxN3sS,indicator_13,0.465222697
202206,Banda,DggJGxqbWHn,indicator_13,0.294494238
202206,Barabanki,tzH6nJu9SwS,indicator_13,0.132027257
202206,Bareilly,vVqY3DPcpHf,indicator_13,0.65798684
202206,Basti,J1P16zQEOUT,indicator_13,0.571050733
202206,Bhadohi,PeUY1vj02UQ,indicator_13,0.372419664
202206,Bijnor,uCYjHW7FuGG,indicator_13,1.03694415
202206,Budaun,eA37kyBRRuZ,indicator_13,0.678265998
202206,Bulandshahar,ogBt4gWCiem,indicator_13,0.726329442
202206,Chandauli,ClbehnmwSec,indicator_13,0.296642262
202206,Chitrakoot,i2fSZZ3QAJJ,indicator_13,0.093035619
202206,Deoria,Tf9b9qcbghH,indicator_13,0.419103314
202206,Etah,ZLcx4iOVyN5,indicator_13,0.414651002
202206,Etawah,Pm0jLk6EAiE,indicator_13,0.694053648
202206,Farrukhabad,uEEwlAGZXWW,indicator_13,0.376088678
202206,Fatehpur,ibLiLcaKzw2,indicator_13,0.456570156
202206,Firozabad,eJTsuE56XDF,indicator_13,0.797148412
202206,Gautam Buddha Nagar,bNmwkrQeP3e,indicator_13,0.955324529
202206,Ghaziabad,M5NHlfAaKYI,indicator_13,1.341869847
202206,Ghazipur,dScWdMRN8PL,indicator_13,1.118549275
202206,Gonda,y8WarEkWCul,indicator_13,0.323230182
202206,Gorakhpur,vR85cHdsw1w,indicator_13,0.279948317
202206,Hamirpur,VSI7HobT5qL,indicator_13,0.089605735
202206,Hapur,CZ8kLjgqvSH,indicator_13,1.233101936
202206,Hardoi,MTIkUw5q5pX,indicator_13,0.339778335
202206,Hathras,m1IAjmqkoFC,indicator_13,0.935851625
202206,Jalaun,NL5xiiHZQSC,indicator_13,0.133624879
202206,Jaunpur,gmw76vAUMqz,indicator_13,0.620212838
202206,Jhansi,Mq751wBMqGF,indicator_13,0.473467092
202206,Kannauj,IhQbDYRiF8w,indicator_13,0.240153698
202206,Kanpur Dehat,k3D0AumUCiC,indicator_13,0.369725968
202206,Kanpur Nagar,QVMRMhzVrrS,indicator_13,0.615169521
202206,Kasganj,hITp09XOBLZ,indicator_13,0.154958678
202206,Kaushambi,PAj0oVY0Dxu,indicator_13,0.31909236
202206,Kushinagar,xUeHwd9FQkg,indicator_13,0.260586319
202206,Lakhimpur Kheri,d9ZuMopgX29,indicator_13,0.167317345
202206,Lalitpur,fagfcadhxej,indicator_13,0.270371061
202206,Lucknow,MfHac5N78aK,indicator_13,0.538298623
202206,Maharajganj,AcnMkNGgc3S,indicator_13,0.242210723
202206,Mahoba,sUQMxIc3yXj,indicator_13,0.210291935
202206,Mainpuri,XBLhrSWGytu,indicator_13,1.285583104
202206,Mathura,KP2BUB1npih,indicator_13,0.621919737
202206,Maunathbhanjan,CBSB9v92AwT,indicator_13,1.011560694
202206,Meerut,v8YGmR7nOdj,indicator_13,0.186219739
202206,Mirzapur,UAicdMLyuk4,indicator_13,0.300434671
202206,Moradabad,YQNQoPjAIpV,indicator_13,1.118387909
202206,Muzaffarnagar,MVQs2RrS1Nw,indicator_13,0.123429084
202206,Pilibhit,c96jwckSd6j,indicator_13,0.25434854
202206,Pratapgarh,fz7bJo3egPX,indicator_13,0.183009054
202206,Prayagraj,tXgaew1Pd2Y,indicator_13,0.167344627
202206,Rae Bareli,lLvTDpBDY8u,indicator_13,0.301471892
202206,Rampur,IU006h5U7jj,indicator_13,0.456593928
202206,Saharanpur,FKYZ3JbWq84,indicator_13,0.468854655
202206,Sambhal,YzHpzrN0eLv,indicator_13,0.56852638
202206,Sant Kabir Nagar,fe1yBApr2sl,indicator_13,0.381540698
202206,Shahjahanpur,GaiLSoQq1ue,indicator_13,0.554519071
202206,Shamli,AdiUcz9BXhx,indicator_13,0.56895767
202206,Shrawasti,oyTwneTbWDx,indicator_13,0.507127193
202206,Siddharth Nagar,cP0p8qfm3il,indicator_13,0.801472977
202206,Sitapur,XxaOowFtkiJ,indicator_13,0.420499343
202206,Sonbhadra,NNk3JP90QZ5,indicator_13,0.299657534
202206,Sultanpur,o4ZQTVcMI7U,indicator_13,0.280476125
202206,Unnav,aT03mfdlNiF,indicator_13,0.125397897
202206,Varanasi,LeuBT7KfuuA,indicator_13,0.841434096
202207,Agra,N5WWbRtsjWp,indicator_13,2.118667176
202207,Aligarh,frD2HOp3wAs,indicator_13,2.98478647
202207,Ambedkar Nagar,jM27ji8tyrM,indicator_13,2.413425047
202207,Amethi,StsLkYw1G0m,indicator_13,4.041279345
202207,Amroha,hgquAmZaNBu,indicator_13,5.069166363
202207,Auraiya,Bd6E8zkVvVt,indicator_13,2.564358411
202207,Ayodhya,b4XkXzoGqFY,indicator_13,2.82415438
202207,Azamgarh,NjckKfm3g0k,indicator_13,2.76042374
202207,Bagpat,HJIS3IrQ0Nj,indicator_13,2.086157554
202207,Bahraich,iE0E3nLioFr,indicator_13,6.516385679
202207,Ballia,oNDvGBE5fLq,indicator_13,2.032991529
202207,Balrampur,uS0pNSxN3sS,indicator_13,8.826205641
202207,Banda,DggJGxqbWHn,indicator_13,2.098416984
202207,Barabanki,tzH6nJu9SwS,indicator_13,4.233390119
202207,Bareilly,vVqY3DPcpHf,indicator_13,2.740445191
202207,Basti,J1P16zQEOUT,indicator_13,5.572252945
202207,Bhadohi,PeUY1vj02UQ,indicator_13,4.373270909
202207,Bijnor,uCYjHW7FuGG,indicator_13,4.49985531
202207,Budaun,eA37kyBRRuZ,indicator_13,5.260848367
202207,Bulandshahar,ogBt4gWCiem,indicator_13,2.597346284
202207,Chandauli,ClbehnmwSec,indicator_13,2.695026508
202207,Chitrakoot,i2fSZZ3QAJJ,indicator_13,3.106622347
202207,Deoria,Tf9b9qcbghH,indicator_13,5.484780706
202207,Etah,ZLcx4iOVyN5,indicator_13,5.232358003
202207,Etawah,Pm0jLk6EAiE,indicator_13,3.123241418
202207,Farrukhabad,uEEwlAGZXWW,indicator_13,4.064396939
202207,Fatehpur,ibLiLcaKzw2,indicator_13,1.725477142
202207,Firozabad,eJTsuE56XDF,indicator_13,4.238496436
202207,Gautam Buddha Nagar,bNmwkrQeP3e,indicator_13,3.111829165
202207,Ghaziabad,M5NHlfAaKYI,indicator_13,5.937554815
202207,Ghazipur,dScWdMRN8PL,indicator_13,4.380677477
202207,Gonda,y8WarEkWCul,indicator_13,7.591595396
202207,Gorakhpur,vR85cHdsw1w,indicator_13,3.165569433
202207,Hamirpur,VSI7HobT5qL,indicator_13,0.843222986
202207,Hapur,CZ8kLjgqvSH,indicator_13,2.01863354
202207,Hardoi,MTIkUw5q5pX,indicator_13,5.456678262
202207,Hathras,m1IAjmqkoFC,indicator_13,3.232941977
202207,Jalaun,NL5xiiHZQSC,indicator_13,0.75015124
202207,Jaunpur,gmw76vAUMqz,indicator_13,4.304277206
202207,Jhansi,Mq751wBMqGF,indicator_13,1.457903619
202207,Kannauj,IhQbDYRiF8w,indicator_13,3.562279859
202207,Kanpur Dehat,k3D0AumUCiC,indicator_13,2.063194344
202207,Kanpur Nagar,QVMRMhzVrrS,indicator_13,1.695211465
202207,Kasganj,hITp09XOBLZ,indicator_13,3.329357981
202207,Kaushambi,PAj0oVY0Dxu,indicator_13,4.901613189
202207,Kushinagar,xUeHwd9FQkg,indicator_13,6.421720046
202207,Lakhimpur Kheri,d9ZuMopgX29,indicator_13,5.577760014
202207,Lalitpur,fagfcadhxej,indicator_13,1.758466691
202207,Lucknow,MfHac5N78aK,indicator_13,2.31203671
202207,Maharajganj,AcnMkNGgc3S,indicator_13,4.904767147
202207,Mahoba,sUQMxIc3yXj,indicator_13,1.148431712
202207,Mainpuri,XBLhrSWGytu,indicator_13,4.582783399
202207,Mathura,KP2BUB1npih,indicator_13,3.608307909
202207,Maunathbhanjan,CBSB9v92AwT,indicator_13,2.615221346
202207,Meerut,v8YGmR7nOdj,indicator_13,1.678925488
202207,Mirzapur,UAicdMLyuk4,indicator_13,4.496815287
202207,Moradabad,YQNQoPjAIpV,indicator_13,5.062972292
202207,Muzaffarnagar,MVQs2RrS1Nw,indicator_13,4.438571891
202207,Pilibhit,c96jwckSd6j,indicator_13,4.309400907
202207,Pratapgarh,fz7bJo3egPX,indicator_13,2.514154112
202207,Prayagraj,tXgaew1Pd2Y,indicator_13,4.251735402
202207,Rae Bareli,lLvTDpBDY8u,indicator_13,1.844298635
202207,Rampur,IU006h5U7jj,indicator_13,4.459203036
202207,Saharanpur,FKYZ3JbWq84,indicator_13,4.579705291
202207,Sambhal,YzHpzrN0eLv,indicator_13,5.975222843
202207,Sant Kabir Nagar,fe1yBApr2sl,indicator_13,5.592699675
202207,Shahjahanpur,GaiLSoQq1ue,indicator_13,4.576077944
202207,Shamli,AdiUcz9BXhx,indicator_13,3.514244126
202207,Shrawasti,oyTwneTbWDx,indicator_13,6.949013158
202207,Siddharth Nagar,cP0p8qfm3il,indicator_13,6.253360576
202207,Sitapur,XxaOowFtkiJ,indicator_13,4.756281572
202207,Sonbhadra,NNk3JP90QZ5,indicator_13,5.414609229
202207,Sultanpur,o4ZQTVcMI7U,indicator_13,1.969469811
202207,Unnav,aT03mfdlNiF,indicator_13,2.031321971
202207,Varanasi,LeuBT7KfuuA,indicator_13,3.088742553
202208,Agra,N5WWbRtsjWp,indicator_13,1.845994437
202208,Aligarh,frD2HOp3wAs,indicator_13,2.672021005
202208,Ambedkar Nagar,jM27ji8tyrM,indicator_13,2.75142315
202208,Amethi,StsLkYw1G0m,indicator_13,3.836497725
202208,Amroha,hgquAmZaNBu,indicator_13,4.386603568
202208,Auraiya,Bd6E8zkVvVt,indicator_13,1.796048693
202208,Ayodhya,b4XkXzoGqFY,indicator_13,2.320034692
202208,Azamgarh,NjckKfm3g0k,indicator_13,2.590655983
202208,Bagpat,HJIS3IrQ0Nj,indicator_13,1.702063564
202208,Bahraich,iE0E3nLioFr,indicator_13,6.336427354
202208,Ballia,oNDvGBE5fLq,indicator_13,2.2960321
202208,Balrampur,uS0pNSxN3sS,indicator_13,8.871701547
202208,Banda,DggJGxqbWHn,indicator_13,1.97570254
202208,Barabanki,tzH6nJu9SwS,indicator_13,3.505110733
202208,Bareilly,vVqY3DPcpHf,indicator_13,3.139437211
202208,Basti,J1P16zQEOUT,indicator_13,5.30175523
202208,Bhadohi,PeUY1vj02UQ,indicator_13,3.927588397
202208,Bijnor,uCYjHW7FuGG,indicator_13,3.583486062
202208,Budaun,eA37kyBRRuZ,indicator_13,5.460750853
202208,Bulandshahar,ogBt4gWCiem,indicator_13,1.925244992
202208,Chandauli,ClbehnmwSec,indicator_13,3.299937383
202208,Chitrakoot,i2fSZZ3QAJJ,indicator_13,2.045512657
202208,Deoria,Tf9b9qcbghH,indicator_13,4.59496256
202208,Etah,ZLcx4iOVyN5,indicator_13,3.766194637
202208,Etawah,Pm0jLk6EAiE,indicator_13,3.198274245
202208,Farrukhabad,uEEwlAGZXWW,indicator_13,3.465534719
202208,Fatehpur,ibLiLcaKzw2,indicator_13,2.102751886
202208,Firozabad,eJTsuE56XDF,indicator_13,4.58198315
202208,Gautam Buddha Nagar,bNmwkrQeP3e,indicator_13,2.92749658
202208,Ghaziabad,M5NHlfAaKYI,indicator_13,5.770917383
202208,Ghazipur,dScWdMRN8PL,indicator_13,4.52075728
202208,Gonda,y8WarEkWCul,indicator_13,7.311793897
202208,Gorakhpur,vR85cHdsw1w,indicator_13,2.746196052
202208,Hamirpur,VSI7HobT5qL,indicator_13,0.788569644
202208,Hapur,CZ8kLjgqvSH,indicator_13,1.881622214
202208,Hardoi,MTIkUw5q5pX,indicator_13,5.731736914
202208,Hathras,m1IAjmqkoFC,indicator_13,3.411725737
202208,Jalaun,NL5xiiHZQSC,indicator_13,0.828796128
202208,Jaunpur,gmw76vAUMqz,indicator_13,4.128316188
202208,Jhansi,Mq751wBMqGF,indicator_13,1.373523345
202208,Kannauj,IhQbDYRiF8w,indicator_13,2.785782901
202208,Kanpur Dehat,k3D0AumUCiC,indicator_13,1.529360843
202208,Kanpur Nagar,QVMRMhzVrrS,indicator_13,1.660258651
202208,Kasganj,hITp09XOBLZ,indicator_13,3.150467104
202208,Kaushambi,PAj0oVY0Dxu,indicator_13,5.162898344
202208,Kushinagar,xUeHwd9FQkg,indicator_13,6.307917412
202208,Lakhimpur Kheri,d9ZuMopgX29,indicator_13,4.132066432
202208,Lalitpur,fagfcadhxej,indicator_13,1.125790845
202208,Lucknow,MfHac5N78aK,indicator_13,2.157835204
202208,Maharajganj,AcnMkNGgc3S,indicator_13,4.321259496
202208,Mahoba,sUQMxIc3yXj,indicator_13,1.037293159
202208,Mainpuri,XBLhrSWGytu,indicator_13,4.516791318
202208,Mathura,KP2BUB1npih,indicator_13,3.226942032
202208,Maunathbhanjan,CBSB9v92AwT,indicator_13,2.812310491
202208,Meerut,v8YGmR7nOdj,indicator_13,1.628994544
202208,Mirzapur,UAicdMLyuk4,indicator_13,3.719745223
202208,Moradabad,YQNQoPjAIpV,indicator_13,4.130982368
202208,Muzaffarnagar,MVQs2RrS1Nw,indicator_13,4.158127494
202208,Pilibhit,c96jwckSd6j,indicator_13,2.428681573
202208,Pratapgarh,fz7bJo3egPX,indicator_13,2.885423476
202208,Prayagraj,tXgaew1Pd2Y,indicator_13,3.943755085
202208,Rae Bareli,lLvTDpBDY8u,indicator_13,1.773049645
202208,Rampur,IU006h5U7jj,indicator_13,3.878083491
202208,Saharanpur,FKYZ3JbWq84,indicator_13,4.680174146
202208,Sambhal,YzHpzrN0eLv,indicator_13,4.54954955
202208,Sant Kabir Nagar,fe1yBApr2sl,indicator_13,5.791470907
202208,Shahjahanpur,GaiLSoQq1ue,indicator_13,4.358416252
202208,Shamli,AdiUcz9BXhx,indicator_13,3.067165731
202208,Shrawasti,oyTwneTbWDx,indicator_13,6.743421053
202208,Siddharth Nagar,cP0p8qfm3il,indicator_13,6.086675987
202208,Sitapur,XxaOowFtkiJ,indicator_13,4.707078659
202208,Sonbhadra,NNk3JP90QZ5,indicator_13,4.980418866
202208,Sultanpur,o4ZQTVcMI7U,indicator_13,2.119394848
202208,Unnav,aT03mfdlNiF,indicator_13,1.790708164
202208,Varanasi,LeuBT7KfuuA,indicator_13,2.639280861
202209,Agra,N5WWbRtsjWp,indicator_13,7.1
202209,Aligarh,frD2HOp3wAs,indicator_13,9.8
202209,Ambedkar Nagar,jM27ji8tyrM,indicator_13,6.8
202209,Amethi,StsLkYw1G0m,indicator_13,3.9
202209,Amroha,hgquAmZaNBu,indicator_13,11.4
202209,Auraiya,Bd6E8zkVvVt,indicator_13,4.7
202209,Ayodhya,b4XkXzoGqFY,indicator_13,3.4
202209,Azamgarh,NjckKfm3g0k,indicator_13,16.9
202209,Bagpat,HJIS3IrQ0Nj,indicator_13,4.9
202209,Bahraich,iE0E3nLioFr,indicator_13,6.7
202209,Ballia,oNDvGBE5fLq,indicator_13,6.9
202209,Balrampur,uS0pNSxN3sS,indicator_13,3.8
202209,Banda,DggJGxqbWHn,indicator_13,6.6
202209,Barabanki,tzH6nJu9SwS,indicator_13,3.9
202209,Bareilly,vVqY3DPcpHf,indicator_13,7.7
202209,Basti,J1P16zQEOUT,indicator_13,5
202209,Bhadohi,PeUY1vj02UQ,indicator_13,3.6
202209,Bijnor,uCYjHW7FuGG,indicator_13,5.9
202209,Budaun,eA37kyBRRuZ,indicator_13,8.5
202209,Bulandshahar,ogBt4gWCiem,indicator_13,17.3
202209,Chandauli,ClbehnmwSec,indicator_13,7.8
202209,Chitrakoot,i2fSZZ3QAJJ,indicator_13,5.1
202209,Deoria,Tf9b9qcbghH,indicator_13,6.3
202209,Etah,ZLcx4iOVyN5,indicator_13,15.2
202209,Etawah,Pm0jLk6EAiE,indicator_13,10.7
202209,Farrukhabad,uEEwlAGZXWW,indicator_13,12.3
202209,Fatehpur,ibLiLcaKzw2,indicator_13,12.3
202209,Firozabad,eJTsuE56XDF,indicator_13,7.7
202209,Gautam Buddha Nagar,bNmwkrQeP3e,indicator_13,8
202209,Ghaziabad,M5NHlfAaKYI,indicator_13,4.9
202209,Ghazipur,dScWdMRN8PL,indicator_13,8.1
202209,Gonda,y8WarEkWCul,indicator_13,5.7
202209,Gorakhpur,vR85cHdsw1w,indicator_13,11
202209,Hamirpur,VSI7HobT5qL,indicator_13,9.8
202209,Hapur,CZ8kLjgqvSH,indicator_13,3.8
202209,Hardoi,MTIkUw5q5pX,indicator_13,4
202209,Hathras,m1IAjmqkoFC,indicator_13,7.5
202209,Jalaun,NL5xiiHZQSC,indicator_13,4.7
202209,Jaunpur,gmw76vAUMqz,indicator_13,5.9
202209,Jhansi,Mq751wBMqGF,indicator_13,3.7
202209,Kannauj,IhQbDYRiF8w,indicator_13,5.3
202209,Kanpur Dehat,k3D0AumUCiC,indicator_13,5
202209,Kanpur Nagar,QVMRMhzVrrS,indicator_13,8
202209,Kasganj,hITp09XOBLZ,indicator_13,3.4
202209,Kaushambi,PAj0oVY0Dxu,indicator_13,5.6
202209,Kushinagar,xUeHwd9FQkg,indicator_13,4.1
202209,Lakhimpur Kheri,d9ZuMopgX29,indicator_13,7.7
202209,Lalitpur,fagfcadhxej,indicator_13,9.2
202209,Lucknow,MfHac5N78aK,indicator_13,6.8
202209,Maharajganj,AcnMkNGgc3S,indicator_13,2.6
202209,Mahoba,sUQMxIc3yXj,indicator_13,5.6
202209,Mainpuri,XBLhrSWGytu,indicator_13,5.2
202209,Mathura,KP2BUB1npih,indicator_13,13
202209,Maunathbhanjan,CBSB9v92AwT,indicator_13,15.4
202209,Meerut,v8YGmR7nOdj,indicator_13,7
202209,Mirzapur,UAicdMLyuk4,indicator_13,4.5
202209,Moradabad,YQNQoPjAIpV,indicator_13,6.8
202209,Muzaffarnagar,MVQs2RrS1Nw,indicator_13,4.3
202209,Pilibhit,c96jwckSd6j,indicator_13,3.8
202209,Pratapgarh,fz7bJo3egPX,indicator_13,5.1
202209,Prayagraj,tXgaew1Pd2Y,indicator_13,4.4
202209,Rae Bareli,lLvTDpBDY8u,indicator_13,12.3
202209,Rampur,IU006h5U7jj,indicator_13,16.6
202209,Saharanpur,FKYZ3JbWq84,indicator_13,3
202209,Sambhal,YzHpzrN0eLv,indicator_13,9.4
202209,Sant Kabir Nagar,fe1yBApr2sl,indicator_13,6.5
202209,Shahjahanpur,GaiLSoQq1ue,indicator_13,6
202209,Shamli,AdiUcz9BXhx,indicator_13,8.1
202209,Shrawasti,oyTwneTbWDx,indicator_13,8.2
202209,Siddharth Nagar,cP0p8qfm3il,indicator_13,5.1
202209,Sitapur,XxaOowFtkiJ,indicator_13,9.6
202209,Sonbhadra,NNk3JP90QZ5,indicator_13,5.4
202209,Sultanpur,o4ZQTVcMI7U,indicator_13,6
202209,Unnav,aT03mfdlNiF,indicator_13,6.6
202209,Varanasi,LeuBT7KfuuA,indicator_13,8.9
202210,Agra,N5WWbRtsjWp,indicator_13,7.346178
202210,Aligarh,frD2HOp3wAs,indicator_13,6.919521
202210,Ambedkar Nagar,jM27ji8tyrM,indicator_13,5.757631
202210,Amethi,StsLkYw1G0m,indicator_13,4.294049
202210,Amroha,hgquAmZaNBu,indicator_13,12.64013
202210,Auraiya,Bd6E8zkVvVt,indicator_13,4.250077
202210,Ayodhya,b4XkXzoGqFY,indicator_13,5.030303
202210,Azamgarh,NjckKfm3g0k,indicator_13,15.94385
202210,Bagpat,HJIS3IrQ0Nj,indicator_13,4.114583
202210,Bahraich,iE0E3nLioFr,indicator_13,6.300782
202210,Ballia,oNDvGBE5fLq,indicator_13,7.294213
202210,Balrampur,uS0pNSxN3sS,indicator_13,6.164218
202210,Banda,DggJGxqbWHn,indicator_13,5.776444
202210,Barabanki,tzH6nJu9SwS,indicator_13,3.889515
202210,Bareilly,vVqY3DPcpHf,indicator_13,8.505918
202210,Basti,J1P16zQEOUT,indicator_13,5.347197
202210,Bhadohi,PeUY1vj02UQ,indicator_13,6.562811
202210,Bijnor,uCYjHW7FuGG,indicator_13,5.404078
202210,Budaun,eA37kyBRRuZ,indicator_13,5.633092
202210,Bulandshahar,ogBt4gWCiem,indicator_13,6.1515
202210,Chandauli,ClbehnmwSec,indicator_13,9.211673
202210,Chitrakoot,i2fSZZ3QAJJ,indicator_13,5.39112
202210,Deoria,Tf9b9qcbghH,indicator_13,5.013078
202210,Etah,ZLcx4iOVyN5,indicator_13,8.595669
202210,Etawah,Pm0jLk6EAiE,indicator_13,6.225463
202210,Farrukhabad,uEEwlAGZXWW,indicator_13,5.117413
202210,Fatehpur,ibLiLcaKzw2,indicator_13,5.20782
202210,Firozabad,eJTsuE56XDF,indicator_13,7.635713
202210,Gautam Buddha Nagar,bNmwkrQeP3e,indicator_13,5.924413
202210,Ghaziabad,M5NHlfAaKYI,indicator_13,5.702218
202210,Ghazipur,dScWdMRN8PL,indicator_13,4.235727
202210,Gonda,y8WarEkWCul,indicator_13,8.939157
202210,Gorakhpur,vR85cHdsw1w,indicator_13,3.982708
202210,Hamirpur,VSI7HobT5qL,indicator_13,8.162708
202210,Hapur,CZ8kLjgqvSH,indicator_13,3.408434
202210,Hardoi,MTIkUw5q5pX,indicator_13,4.661636
202210,Hathras,m1IAjmqkoFC,indicator_13,3.369026
202210,Jalaun,NL5xiiHZQSC,indicator_13,6.409309
202210,Jaunpur,gmw76vAUMqz,indicator_13,5.12589
202210,Jhansi,Mq751wBMqGF,indicator_13,4.171817
202210,Kannauj,IhQbDYRiF8w,indicator_13,5.117811
202210,Kanpur Dehat,k3D0AumUCiC,indicator_13,3.9716
202210,Kanpur Nagar,QVMRMhzVrrS,indicator_13,7.502828
202210,Kasganj,hITp09XOBLZ,indicator_13,2.461899
202210,Kaushambi,PAj0oVY0Dxu,indicator_13,8.049818
202210,Kushinagar,xUeHwd9FQkg,indicator_13,4.923879
202210,Lakhimpur Kheri,d9ZuMopgX29,indicator_13,2.738885
202210,Lalitpur,fagfcadhxej,indicator_13,9.245742
202210,Lucknow,MfHac5N78aK,indicator_13,6.293213
202210,Maharajganj,AcnMkNGgc3S,indicator_13,5.840582
202210,Mahoba,sUQMxIc3yXj,indicator_13,3.862816
202210,Mainpuri,XBLhrSWGytu,indicator_13,2.885482
202210,Mathura,KP2BUB1npih,indicator_13,4.660849
202210,Maunathbhanjan,CBSB9v92AwT,indicator_13,14.04901
202210,Meerut,v8YGmR7nOdj,indicator_13,3.933989
202210,Mirzapur,UAicdMLyuk4,indicator_13,6.183249
202210,Moradabad,YQNQoPjAIpV,indicator_13,6.042237
202210,Muzaffarnagar,MVQs2RrS1Nw,indicator_13,5.313573
202210,Pilibhit,c96jwckSd6j,indicator_13,3.465982
202210,Pratapgarh,fz7bJo3egPX,indicator_13,9.457599
202210,Prayagraj,tXgaew1Pd2Y,indicator_13,6.127127
202210,Rae Bareli,lLvTDpBDY8u,indicator_13,8.626604
202210,Rampur,IU006h5U7jj,indicator_13,5.195812
202210,Saharanpur,FKYZ3JbWq84,indicator_13,4.415798
202210,Sambhal,YzHpzrN0eLv,indicator_13,4.579781
202210,Sant Kabir Nagar,fe1yBApr2sl,indicator_13,9.656961
202210,Shahjahanpur,GaiLSoQq1ue,indicator_13,6.339091
202210,Shamli,AdiUcz9BXhx,indicator_13,3.94822
202210,Shrawasti,oyTwneTbWDx,indicator_13,7.112617
202210,Siddharth Nagar,cP0p8qfm3il,indicator_13,4.787776
202210,Sitapur,XxaOowFtkiJ,indicator_13,3.729182
202210,Sonbhadra,NNk3JP90QZ5,indicator_13,4.751678
202210,Sultanpur,o4ZQTVcMI7U,indicator_13,8.090423
202210,Unnav,aT03mfdlNiF,indicator_13,3.043189
202210,Varanasi,LeuBT7KfuuA,indicator_13,7.527058
202211,Agra,N5WWbRtsjWp,indicator_13,2.220869289
202211,Aligarh,frD2HOp3wAs,indicator_13,2.446537318
202211,Ambedkar Nagar,jM27ji8tyrM,indicator_13,1.584759801
202211,Amethi,StsLkYw1G0m,indicator_13,3.161776244
202211,Amroha,hgquAmZaNBu,indicator_13,4.37750273
202211,Auraiya,Bd6E8zkVvVt,indicator_13,1.751968504
202211,Ayodhya,b4XkXzoGqFY,indicator_13,2.878360798
202211,Azamgarh,NjckKfm3g0k,indicator_13,2.774005161
202211,Bagpat,HJIS3IrQ0Nj,indicator_13,1.671667381
202211,Bahraich,iE0E3nLioFr,indicator_13,6.375236295
202211,Ballia,oNDvGBE5fLq,indicator_13,2.460989746
202211,Balrampur,uS0pNSxN3sS,indicator_13,8.447073097
202211,Banda,DggJGxqbWHn,indicator_13,1.840716652
202211,Barabanki,tzH6nJu9SwS,indicator_13,3.418861744
202211,Bareilly,vVqY3DPcpHf,indicator_13,3.517429651
202211,Basti,J1P16zQEOUT,indicator_13,4.899014186
202211,Bhadohi,PeUY1vj02UQ,indicator_13,3.426260907
202211,Bijnor,uCYjHW7FuGG,indicator_13,2.916160389
202211,Budaun,eA37kyBRRuZ,indicator_13,5.607020965
202211,Bulandshahar,ogBt4gWCiem,indicator_13,2.326994877
202211,Chandauli,ClbehnmwSec,indicator_13,3.112766763
202211,Chitrakoot,i2fSZZ3QAJJ,indicator_13,2.505753004
202211,Deoria,Tf9b9qcbghH,indicator_13,5.222211417
202211,Etah,ZLcx4iOVyN5,indicator_13,2.848288076
202211,Etawah,Pm0jLk6EAiE,indicator_13,2.954417558
202211,Farrukhabad,uEEwlAGZXWW,indicator_13,3.83360522
202211,Fatehpur,ibLiLcaKzw2,indicator_13,2.951620062
202211,Firozabad,eJTsuE56XDF,indicator_13,3.545042126
202211,Gautam Buddha Nagar,bNmwkrQeP3e,indicator_13,2.76276682
202211,Ghaziabad,M5NHlfAaKYI,indicator_13,5.744606209
202211,Ghazipur,dScWdMRN8PL,indicator_13,4.6226335
202211,Gonda,y8WarEkWCul,indicator_13,7.317073171
202211,Gorakhpur,vR85cHdsw1w,indicator_13,2.375176305
202211,Hamirpur,VSI7HobT5qL,indicator_13,0.890068707
202211,Hapur,CZ8kLjgqvSH,indicator_13,2.119108513
202211,Hardoi,MTIkUw5q5pX,indicator_13,4.873694847
202211,Hathras,m1IAjmqkoFC,indicator_13,2.724412057
202211,Jalaun,NL5xiiHZQSC,indicator_13,0.93768905
202211,Jaunpur,gmw76vAUMqz,indicator_13,4.080942068
202211,Jhansi,Mq751wBMqGF,indicator_13,1.524789523
202211,Kannauj,IhQbDYRiF8w,indicator_13,2.825808517
202211,Kanpur Dehat,k3D0AumUCiC,indicator_13,1.959280435
202211,Kanpur Nagar,QVMRMhzVrrS,indicator_13,1.296749388
202211,Kasganj,hITp09XOBLZ,indicator_13,3.159041394
202211,Kaushambi,PAj0oVY0Dxu,indicator_13,6.079757878
202211,Kushinagar,xUeHwd9FQkg,indicator_13,6.279466753
202211,Lakhimpur Kheri,d9ZuMopgX29,indicator_13,4.124081763
202211,Lalitpur,fagfcadhxej,indicator_13,1.749162635
202211,Lucknow,MfHac5N78aK,indicator_13,2.122846703
202211,Maharajganj,AcnMkNGgc3S,indicator_13,4.249697237
202211,Mahoba,sUQMxIc3yXj,indicator_13,1.234872808
202211,Mainpuri,XBLhrSWGytu,indicator_13,4.5541495
202211,Mathura,KP2BUB1npih,indicator_13,2.79609002
202211,Maunathbhanjan,CBSB9v92AwT,indicator_13,2.797149788
202211,Meerut,v8YGmR7nOdj,indicator_13,1.719442932
202211,Mirzapur,UAicdMLyuk4,indicator_13,4.063694268
202211,Moradabad,YQNQoPjAIpV,indicator_13,4.546815732
202211,Muzaffarnagar,MVQs2RrS1Nw,indicator_13,4.789127386
202211,Pilibhit,c96jwckSd6j,indicator_13,3.413915094
202211,Pratapgarh,fz7bJo3egPX,indicator_13,4.132115904
202211,Prayagraj,tXgaew1Pd2Y,indicator_13,3.638628967
202211,Rae Bareli,lLvTDpBDY8u,indicator_13,1.722217462
202211,Rampur,IU006h5U7jj,indicator_13,3.605741405
202211,Saharanpur,FKYZ3JbWq84,indicator_13,4.382953784
202211,Sambhal,YzHpzrN0eLv,indicator_13,5.207857469
202211,Sant Kabir Nagar,fe1yBApr2sl,indicator_13,5.701120347
202211,Shahjahanpur,GaiLSoQq1ue,indicator_13,4.057835821
202211,Shamli,AdiUcz9BXhx,indicator_13,2.817633604
202211,Shrawasti,oyTwneTbWDx,indicator_13,8.127741228
202211,Siddharth Nagar,cP0p8qfm3il,indicator_13,6.575975911
202211,Sitapur,XxaOowFtkiJ,indicator_13,3.906062785
202211,Sonbhadra,NNk3JP90QZ5,indicator_13,5.50825813
202211,Sultanpur,o4ZQTVcMI7U,indicator_13,1.801435731
202211,Unnav,aT03mfdlNiF,indicator_13,1.742880244
202211,Varanasi,LeuBT7KfuuA,indicator_13,2.34122432
202212,Agra,N5WWbRtsjWp,indicator_13,0.246175022
202212,Aligarh,frD2HOp3wAs,indicator_13,0.354530527
202212,Ambedkar Nagar,jM27ji8tyrM,indicator_13,0.140555736
202212,Amethi,StsLkYw1G0m,indicator_13,0.125529578
202212,Amroha,hgquAmZaNBu,indicator_13,0.532521871
202212,Auraiya,Bd6E8zkVvVt,indicator_13,0.235462735
202212,Ayodhya,b4XkXzoGqFY,indicator_13,0.151777971
202212,Azamgarh,NjckKfm3g0k,indicator_13,0.627557981
202212,Bagpat,HJIS3IrQ0Nj,indicator_13,0.221460209
202212,Bahraich,iE0E3nLioFr,indicator_13,0.382797732
202212,Ballia,oNDvGBE5fLq,indicator_13,0.268720889
202212,Balrampur,uS0pNSxN3sS,indicator_13,0.610128127
202212,Banda,DggJGxqbWHn,indicator_13,0.320039389
202212,Barabanki,tzH6nJu9SwS,indicator_13,0.14671762
202212,Bareilly,vVqY3DPcpHf,indicator_13,0.627897991
202212,Basti,J1P16zQEOUT,indicator_13,0.229635001
202212,Bhadohi,PeUY1vj02UQ,indicator_13,0.404341349
202212,Bijnor,uCYjHW7FuGG,indicator_13,0.652085865
202212,Budaun,eA37kyBRRuZ,indicator_13,0.22010647
202212,Bulandshahar,ogBt4gWCiem,indicator_13,0.253143884
202212,Chandauli,ClbehnmwSec,indicator_13,0.235488798
202212,Chitrakoot,i2fSZZ3QAJJ,indicator_13,0.252525253
202212,Deoria,Tf9b9qcbghH,indicator_13,0.388991539
202212,Etah,ZLcx4iOVyN5,indicator_13,0.325732899
202212,Etawah,Pm0jLk6EAiE,indicator_13,0.478334271
202212,Farrukhabad,uEEwlAGZXWW,indicator_13,0.139381652
202212,Fatehpur,ibLiLcaKzw2,indicator_13,0.17393321
202212,Firozabad,eJTsuE56XDF,indicator_13,0.267697799
202212,Gautam Buddha Nagar,bNmwkrQeP3e,indicator_13,0.645246247
202212,Ghaziabad,M5NHlfAaKYI,indicator_13,1.166462024
202212,Ghazipur,dScWdMRN8PL,indicator_13,0.280159606
202212,Gonda,y8WarEkWCul,indicator_13,0.438179706
202212,Gorakhpur,vR85cHdsw1w,indicator_13,0.121923557
202212,Hamirpur,VSI7HobT5qL,indicator_13,0.054841742
202212,Hapur,CZ8kLjgqvSH,indicator_13,0.337961271
202212,Hardoi,MTIkUw5q5pX,indicator_13,0.248856605
202212,Hathras,m1IAjmqkoFC,indicator_13,0.116550117
202212,Jalaun,NL5xiiHZQSC,indicator_13,0.677555959
202212,Jaunpur,gmw76vAUMqz,indicator_13,0.446670276
202212,Jhansi,Mq751wBMqGF,indicator_13,0.279867866
202212,Kannauj,IhQbDYRiF8w,indicator_13,0.408261287
202212,Kanpur Dehat,k3D0AumUCiC,indicator_13,0.399887751
202212,Kanpur Nagar,QVMRMhzVrrS,indicator_13,0.289221219
202212,Kasganj,hITp09XOBLZ,indicator_13,0.237670826
202212,Kaushambi,PAj0oVY0Dxu,indicator_13,0.354007363
202212,Kushinagar,xUeHwd9FQkg,indicator_13,0.278825652
202212,Lakhimpur Kheri,d9ZuMopgX29,indicator_13,0.224812656
202212,Lalitpur,fagfcadhxej,indicator_13,0.203527815
202212,Lucknow,MfHac5N78aK,indicator_13,0.307044478
202212,Maharajganj,AcnMkNGgc3S,indicator_13,0.221680337
202212,Mahoba,sUQMxIc3yXj,indicator_13,0.193698347
202212,Mainpuri,XBLhrSWGytu,indicator_13,0.299518166
202212,Mathura,KP2BUB1npih,indicator_13,0.480879322
202212,Maunathbhanjan,CBSB9v92AwT,indicator_13,0.532400365
202212,Meerut,v8YGmR7nOdj,indicator_13,0.138285263
202212,Mirzapur,UAicdMLyuk4,indicator_13,0.253265796
202212,Moradabad,YQNQoPjAIpV,indicator_13,0.514863897
202212,Muzaffarnagar,MVQs2RrS1Nw,indicator_13,0.34598335
202212,Pilibhit,c96jwckSd6j,indicator_13,0.43956044
202212,Pratapgarh,fz7bJo3egPX,indicator_13,0.150866264
202212,Prayagraj,tXgaew1Pd2Y,indicator_13,0.197849026
202212,Rae Bareli,lLvTDpBDY8u,indicator_13,0.184217291
202212,Rampur,IU006h5U7jj,indicator_13,0.445653432
202212,Saharanpur,FKYZ3JbWq84,indicator_13,0.287739783
202212,Sambhal,YzHpzrN0eLv,indicator_13,0.551639595
202212,Sant Kabir Nagar,fe1yBApr2sl,indicator_13,0.472383721
202212,Shahjahanpur,GaiLSoQq1ue,indicator_13,0.438550694
202212,Shamli,AdiUcz9BXhx,indicator_13,0.239134955
202212,Shrawasti,oyTwneTbWDx,indicator_13,0.206782465
202212,Siddharth Nagar,cP0p8qfm3il,indicator_13,0.270767898
202212,Sitapur,XxaOowFtkiJ,indicator_13,0.234634314
202212,Sonbhadra,NNk3JP90QZ5,indicator_13,0.299657534
202212,Sultanpur,o4ZQTVcMI7U,indicator_13,0.229885057
202212,Unnav,aT03mfdlNiF,indicator_13,0.14823466
202212,Varanasi,LeuBT7KfuuA,indicator_13,0.474502034
202301,Agra,N5WWbRtsjWp,indicator_13,2.284398327
202301,Aligarh,frD2HOp3wAs,indicator_13,2.789973092
202301,Ambedkar Nagar,jM27ji8tyrM,indicator_13,2.222580992
202301,Amethi,StsLkYw1G0m,indicator_13,3.781578534
202301,Amroha,hgquAmZaNBu,indicator_13,4.013469239
202301,Auraiya,Bd6E8zkVvVt,indicator_13,1.938976378
202301,Ayodhya,b4XkXzoGqFY,indicator_13,2.9434085
202301,Azamgarh,NjckKfm3g0k,indicator_13,2.726470189
202301,Bagpat,HJIS3IrQ0Nj,indicator_13,1.714530647
202301,Bahraich,iE0E3nLioFr,indicator_13,6.866729679
202301,Ballia,oNDvGBE5fLq,indicator_13,3.03611235
202301,Balrampur,uS0pNSxN3sS,indicator_13,8.363663937
202301,Banda,DggJGxqbWHn,indicator_13,2.037059762
202301,Barabanki,tzH6nJu9SwS,indicator_13,3.89313498
202301,Bareilly,vVqY3DPcpHf,indicator_13,3.735188047
202301,Basti,J1P16zQEOUT,indicator_13,5.944938687
202301,Bhadohi,PeUY1vj02UQ,indicator_13,3.715858564
202301,Bijnor,uCYjHW7FuGG,indicator_13,3.385986229
202301,Budaun,eA37kyBRRuZ,indicator_13,6.196977084
202301,Bulandshahar,ogBt4gWCiem,indicator_13,2.592683325
202301,Chandauli,ClbehnmwSec,indicator_13,3.681020331
202301,Chitrakoot,i2fSZZ3QAJJ,indicator_13,3.49015597
202301,Deoria,Tf9b9qcbghH,indicator_13,5.84459788
202301,Etah,ZLcx4iOVyN5,indicator_13,3.195100354
202301,Etawah,Pm0jLk6EAiE,indicator_13,3.310823485
202301,Farrukhabad,uEEwlAGZXWW,indicator_13,3.89634835
202301,Fatehpur,ibLiLcaKzw2,indicator_13,3.395472703
202301,Firozabad,eJTsuE56XDF,indicator_13,3.337299227
202301,Gautam Buddha Nagar,bNmwkrQeP3e,indicator_13,2.653410587
202301,Ghaziabad,M5NHlfAaKYI,indicator_13,6.034029118
202301,Ghazipur,dScWdMRN8PL,indicator_13,5.301808303
202301,Gonda,y8WarEkWCul,indicator_13,7.496568472
202301,Gorakhpur,vR85cHdsw1w,indicator_13,3.04090268
202301,Hamirpur,VSI7HobT5qL,indicator_13,0.952529669
202301,Hapur,CZ8kLjgqvSH,indicator_13,2.173913043
202301,Hardoi,MTIkUw5q5pX,indicator_13,5.340328222
202301,Hathras,m1IAjmqkoFC,indicator_13,2.956276913
202301,Jalaun,NL5xiiHZQSC,indicator_13,1.572897762
202301,Jaunpur,gmw76vAUMqz,indicator_13,4.568218733
202301,Jhansi,Mq751wBMqGF,indicator_13,1.495687282
202301,Kannauj,IhQbDYRiF8w,indicator_13,2.829276157
202301,Kanpur Dehat,k3D0AumUCiC,indicator_13,2.224236508
202301,Kanpur Nagar,QVMRMhzVrrS,indicator_13,1.184900384
202301,Kasganj,hITp09XOBLZ,indicator_13,4.1295306
202301,Kaushambi,PAj0oVY0Dxu,indicator_13,3.77345754
202301,Kushinagar,xUeHwd9FQkg,indicator_13,6.70622663
202301,Lakhimpur Kheri,d9ZuMopgX29,indicator_13,5.026349409
202301,Lalitpur,fagfcadhxej,indicator_13,1.637513956
202301,Lucknow,MfHac5N78aK,indicator_13,2.235949191
202301,Maharajganj,AcnMkNGgc3S,indicator_13,5.967191457
202301,Mahoba,sUQMxIc3yXj,indicator_13,1.420103729
202301,Mainpuri,XBLhrSWGytu,indicator_13,3.486714193
202301,Mathura,KP2BUB1npih,indicator_13,3.767901796
202301,Maunathbhanjan,CBSB9v92AwT,indicator_13,2.668283808
202301,Meerut,v8YGmR7nOdj,indicator_13,1.972302186
202301,Mirzapur,UAicdMLyuk4,indicator_13,4.133757962
202301,Moradabad,YQNQoPjAIpV,indicator_13,4.114434097
202301,Muzaffarnagar,MVQs2RrS1Nw,indicator_13,5.098207578
202301,Pilibhit,c96jwckSd6j,indicator_13,3.294306703
202301,Pratapgarh,fz7bJo3egPX,indicator_13,3.913165005
202301,Prayagraj,tXgaew1Pd2Y,indicator_13,4.400872565
202301,Rae Bareli,lLvTDpBDY8u,indicator_13,1.812184046
202301,Rampur,IU006h5U7jj,indicator_13,3.906702165
202301,Saharanpur,FKYZ3JbWq84,indicator_13,4.749791493
202301,Sambhal,YzHpzrN0eLv,indicator_13,5.94639866
202301,Sant Kabir Nagar,fe1yBApr2sl,indicator_13,6.252258764
202301,Shahjahanpur,GaiLSoQq1ue,indicator_13,4.474261251
202301,Shamli,AdiUcz9BXhx,indicator_13,3.035974215
202301,Shrawasti,oyTwneTbWDx,indicator_13,8.840460526
202301,Siddharth Nagar,cP0p8qfm3il,indicator_13,6.957737391
202301,Sitapur,XxaOowFtkiJ,indicator_13,4.003090306
202301,Sonbhadra,NNk3JP90QZ5,indicator_13,5.389068619
202301,Sultanpur,o4ZQTVcMI7U,indicator_13,1.63918041
202301,Unnav,aT03mfdlNiF,indicator_13,2.043841524
202301,Varanasi,LeuBT7KfuuA,indicator_13,4.108874752
202302,Agra,N5WWbRtsjWp,indicator_13,1.453226746
202302,Aligarh,frD2HOp3wAs,indicator_13,1.869191531
202302,Ambedkar Nagar,jM27ji8tyrM,indicator_13,1.243138521
202302,Amethi,StsLkYw1G0m,indicator_13,3.020555468
202302,Amroha,hgquAmZaNBu,indicator_13,3.904259192
202302,Auraiya,Bd6E8zkVvVt,indicator_13,1.535433071
202302,Ayodhya,b4XkXzoGqFY,indicator_13,1.51587491
202302,Azamgarh,NjckKfm3g0k,indicator_13,1.684096156
202302,Bagpat,HJIS3IrQ0Nj,indicator_13,1.143020431
202302,Bahraich,iE0E3nLioFr,indicator_13,1.148393195
202302,Ballia,oNDvGBE5fLq,indicator_13,1.333036112
202302,Balrampur,uS0pNSxN3sS,indicator_13,2.320291174
202302,Banda,DggJGxqbWHn,indicator_13,1.374401767
202302,Barabanki,tzH6nJu9SwS,indicator_13,0.522862415
202302,Bareilly,vVqY3DPcpHf,indicator_13,3.210329727
202302,Basti,J1P16zQEOUT,indicator_13,2.374368839
202302,Bhadohi,PeUY1vj02UQ,indicator_13,1.957863375
202302,Bijnor,uCYjHW7FuGG,indicator_13,2.494937222
202302,Budaun,eA37kyBRRuZ,indicator_13,3.525109703
202302,Bulandshahar,ogBt4gWCiem,indicator_13,1.674016005
202302,Chandauli,ClbehnmwSec,indicator_13,0.782841141
202302,Chitrakoot,i2fSZZ3QAJJ,indicator_13,0.600869343
202302,Deoria,Tf9b9qcbghH,indicator_13,2.013031217
202302,Etah,ZLcx4iOVyN5,indicator_13,1.239669421
202302,Etawah,Pm0jLk6EAiE,indicator_13,3.029450385
202302,Farrukhabad,uEEwlAGZXWW,indicator_13,1.148199272
202302,Fatehpur,ibLiLcaKzw2,indicator_13,1.719928984
202302,Firozabad,eJTsuE56XDF,indicator_13,1.635930993
202302,Gautam Buddha Nagar,bNmwkrQeP3e,indicator_13,2.245193574
202302,Ghaziabad,M5NHlfAaKYI,indicator_13,4.814944747
202302,Ghazipur,dScWdMRN8PL,indicator_13,2.844044486
202302,Gonda,y8WarEkWCul,indicator_13,1.145602365
202302,Gorakhpur,vR85cHdsw1w,indicator_13,1.681241185
202302,Hamirpur,VSI7HobT5qL,indicator_13,0.523110556
202302,Hapur,CZ8kLjgqvSH,indicator_13,2.082572159
202302,Hardoi,MTIkUw5q5pX,indicator_13,1.62514828
202302,Hathras,m1IAjmqkoFC,indicator_13,2.492547201
202302,Jalaun,NL5xiiHZQSC,indicator_13,0.719903206
202302,Jaunpur,gmw76vAUMqz,indicator_13,3.326340011
202302,Jhansi,Mq751wBMqGF,indicator_13,1.137823454
202302,Kannauj,IhQbDYRiF8w,indicator_13,1.321940996
202302,Kanpur Dehat,k3D0AumUCiC,indicator_13,1.422395761
202302,Kanpur Nagar,QVMRMhzVrrS,indicator_13,1.142957008
202302,Kasganj,hITp09XOBLZ,indicator_13,1.416122004
202302,Kaushambi,PAj0oVY0Dxu,indicator_13,1.086809775
202302,Kushinagar,xUeHwd9FQkg,indicator_13,1.410339782
202302,Lakhimpur Kheri,d9ZuMopgX29,indicator_13,1.230053191
202302,Lalitpur,fagfcadhxej,indicator_13,1.047687861
202302,Lucknow,MfHac5N78aK,indicator_13,1.948842875
202302,Maharajganj,AcnMkNGgc3S,indicator_13,2.124848618
202302,Mahoba,sUQMxIc3yXj,indicator_13,0.802667325
202302,Mainpuri,XBLhrSWGytu,indicator_13,2.194296132
202302,Mathura,KP2BUB1npih,indicator_13,1.95498977
202302,Maunathbhanjan,CBSB9v92AwT,indicator_13,2.615221346
202302,Meerut,v8YGmR7nOdj,indicator_13,1.839945859
202302,Mirzapur,UAicdMLyuk4,indicator_13,1.554140127
202302,Moradabad,YQNQoPjAIpV,indicator_13,2.372851003
202302,Muzaffarnagar,MVQs2RrS1Nw,indicator_13,3.37555007
202302,Pilibhit,c96jwckSd6j,indicator_13,1.3874731
202302,Pratapgarh,fz7bJo3egPX,indicator_13,1.378924811
202302,Prayagraj,tXgaew1Pd2Y,indicator_13,1.260653409
202302,Rae Bareli,lLvTDpBDY8u,indicator_13,1.216690943
202302,Rampur,IU006h5U7jj,indicator_13,1.481652969
202302,Saharanpur,FKYZ3JbWq84,indicator_13,4.161801501
202302,Sambhal,YzHpzrN0eLv,indicator_13,2.977006243
202302,Sant Kabir Nagar,fe1yBApr2sl,indicator_13,1.90639682
202302,Shahjahanpur,GaiLSoQq1ue,indicator_13,2.482379768
202302,Shamli,AdiUcz9BXhx,indicator_13,1.362029528
202302,Shrawasti,oyTwneTbWDx,indicator_13,2.261513158
202302,Siddharth Nagar,cP0p8qfm3il,indicator_13,3.01107646
202302,Sitapur,XxaOowFtkiJ,indicator_13,1.77120293
202302,Sonbhadra,NNk3JP90QZ5,indicator_13,5.261365571
202302,Sultanpur,o4ZQTVcMI7U,indicator_13,1.189405297
202302,Unnav,aT03mfdlNiF,indicator_13,2.066301321
202302,Varanasi,LeuBT7KfuuA,indicator_13,1.793721973
202303,Agra,N5WWbRtsjWp,indicator_13,0.746466197
202303,Aligarh,frD2HOp3wAs,indicator_13,0.684787925
202303,Ambedkar Nagar,jM27ji8tyrM,indicator_13,0.689176194
202303,Amethi,StsLkYw1G0m,indicator_13,0.795651489
202303,Amroha,hgquAmZaNBu,indicator_13,1.192209683
202303,Auraiya,Bd6E8zkVvVt,indicator_13,0.847103117
202303,Ayodhya,b4XkXzoGqFY,indicator_13,0.642704118
202303,Azamgarh,NjckKfm3g0k,indicator_13,1.055955453
202303,Bagpat,HJIS3IrQ0Nj,indicator_13,0.485783683
202303,Bahraich,iE0E3nLioFr,indicator_13,0.510204082
202303,Ballia,oNDvGBE5fLq,indicator_13,0.624164066
202303,Balrampur,uS0pNSxN3sS,indicator_13,1.18289354
202303,Banda,DggJGxqbWHn,indicator_13,0.674929439
202303,Barabanki,tzH6nJu9SwS,indicator_13,0.147371307
202303,Bareilly,vVqY3DPcpHf,indicator_13,1.065816589
202303,Basti,J1P16zQEOUT,indicator_13,0.955758596
202303,Bhadohi,PeUY1vj02UQ,indicator_13,1.143341097
202303,Bijnor,uCYjHW7FuGG,indicator_13,1.660591333
202303,Budaun,eA37kyBRRuZ,indicator_13,1.299656694
202303,Bulandshahar,ogBt4gWCiem,indicator_13,1.049322228
202303,Chandauli,ClbehnmwSec,indicator_13,0.426425662
202303,Chitrakoot,i2fSZZ3QAJJ,indicator_13,0.127844541
202303,Deoria,Tf9b9qcbghH,indicator_13,1.244772926
202303,Etah,ZLcx4iOVyN5,indicator_13,0.732899023
202303,Etawah,Pm0jLk6EAiE,indicator_13,1.42562371
202303,Farrukhabad,uEEwlAGZXWW,indicator_13,0.291434364
202303,Fatehpur,ibLiLcaKzw2,indicator_13,0.854416334
202303,Firozabad,eJTsuE56XDF,indicator_13,1.130279595
202303,Gautam Buddha Nagar,bNmwkrQeP3e,indicator_13,1.086383987
202303,Ghaziabad,M5NHlfAaKYI,indicator_13,3.946676022
202303,Ghazipur,dScWdMRN8PL,indicator_13,1.103659054
202303,Gonda,y8WarEkWCul,indicator_13,0.527927357
202303,Gorakhpur,vR85cHdsw1w,indicator_13,0.942172073
202303,Hamirpur,VSI7HobT5qL,indicator_13,0.351342911
202303,Hapur,CZ8kLjgqvSH,indicator_13,1.004749726
202303,Hardoi,MTIkUw5q5pX,indicator_13,0.67232415
202303,Hathras,m1IAjmqkoFC,indicator_13,1.4822789
202303,Jalaun,NL5xiiHZQSC,indicator_13,0.248033878
202303,Jaunpur,gmw76vAUMqz,indicator_13,0.67338928
202303,Jhansi,Mq751wBMqGF,indicator_13,0.325747844
202303,Kannauj,IhQbDYRiF8w,indicator_13,0.744476465
202303,Kanpur Dehat,k3D0AumUCiC,indicator_13,1.07338291
202303,Kanpur Nagar,QVMRMhzVrrS,indicator_13,0.419433764
202303,Kasganj,hITp09XOBLZ,indicator_13,0.775193798
202303,Kaushambi,PAj0oVY0Dxu,indicator_13,0.550720696
202303,Kushinagar,xUeHwd9FQkg,indicator_13,0.678751423
202303,Lakhimpur Kheri,d9ZuMopgX29,indicator_13,0.555802579
202303,Lalitpur,fagfcadhxej,indicator_13,0.56900289
202303,Lucknow,MfHac5N78aK,indicator_13,1.278928136
202303,Maharajganj,AcnMkNGgc3S,indicator_13,0.709377078
202303,Mahoba,sUQMxIc3yXj,indicator_13,0.25977239
202303,Mainpuri,XBLhrSWGytu,indicator_13,1.114711601
202303,Mathura,KP2BUB1npih,indicator_13,0.941043084
202303,Maunathbhanjan,CBSB9v92AwT,indicator_13,0.996349255
202303,Meerut,v8YGmR7nOdj,indicator_13,0.160730903
202303,Mirzapur,UAicdMLyuk4,indicator_13,0.993630573
202303,Moradabad,YQNQoPjAIpV,indicator_13,1.934097421
202303,Muzaffarnagar,MVQs2RrS1Nw,indicator_13,2.132360497
202303,Pilibhit,c96jwckSd6j,indicator_13,0.787178616
202303,Pratapgarh,fz7bJo3egPX,indicator_13,0.745364763
202303,Prayagraj,tXgaew1Pd2Y,indicator_13,0.437653563
202303,Rae Bareli,lLvTDpBDY8u,indicator_13,0.351298089
202303,Rampur,IU006h5U7jj,indicator_13,0.625072346
202303,Saharanpur,FKYZ3JbWq84,indicator_13,2.306692658
202303,Sambhal,YzHpzrN0eLv,indicator_13,1.218212273
202303,Sant Kabir Nagar,fe1yBApr2sl,indicator_13,0.863008721
202303,Shahjahanpur,GaiLSoQq1ue,indicator_13,0.829187396
202303,Shamli,AdiUcz9BXhx,indicator_13,0.776076159
202303,Shrawasti,oyTwneTbWDx,indicator_13,1.027960526
202303,Siddharth Nagar,cP0p8qfm3il,indicator_13,1.684176324
202303,Sitapur,XxaOowFtkiJ,indicator_13,0.958567014
202303,Sonbhadra,NNk3JP90QZ5,indicator_13,0.430961636
202303,Sultanpur,o4ZQTVcMI7U,indicator_13,0.428842126
202303,Unnav,aT03mfdlNiF,indicator_13,0.808552691
202303,Varanasi,LeuBT7KfuuA,indicator_13,1.104712042
202304,Agra,N5WWbRtsjWp,indicator_13,1.887341839
202304,Aligarh,frD2HOp3wAs,indicator_13,2.173153518
202304,Ambedkar Nagar,jM27ji8tyrM,indicator_13,1.494055907
202304,Amethi,StsLkYw1G0m,indicator_13,3.198361431
202304,Amroha,hgquAmZaNBu,indicator_13,3.421914816
202304,Auraiya,Bd6E8zkVvVt,indicator_13,1.976573939
202304,Ayodhya,b4XkXzoGqFY,indicator_13,2.380385622
202304,Azamgarh,NjckKfm3g0k,indicator_13,3.490425098
202304,Bagpat,HJIS3IrQ0Nj,indicator_13,1.314473496
202304,Bahraich,iE0E3nLioFr,indicator_13,5.93954563
202304,Ballia,oNDvGBE5fLq,indicator_13,4.823896567
202304,Balrampur,uS0pNSxN3sS,indicator_13,8.409159842
202304,Banda,DggJGxqbWHn,indicator_13,1.681187876
202304,Barabanki,tzH6nJu9SwS,indicator_13,3.043388855
202304,Bareilly,vVqY3DPcpHf,indicator_13,3.628928387
202304,Basti,J1P16zQEOUT,indicator_13,5.427987497
202304,Bhadohi,PeUY1vj02UQ,indicator_13,3.479463716
202304,Bijnor,uCYjHW7FuGG,indicator_13,3.0735896
202304,Budaun,eA37kyBRRuZ,indicator_13,6.495086115
202304,Bulandshahar,ogBt4gWCiem,indicator_13,2.3803691
202304,Chandauli,ClbehnmwSec,indicator_13,2.819501018
202304,Chitrakoot,i2fSZZ3QAJJ,indicator_13,2.071081565
202304,Deoria,Tf9b9qcbghH,indicator_13,4.376154819
202304,Etah,ZLcx4iOVyN5,indicator_13,2.567886659
202304,Etawah,Pm0jLk6EAiE,indicator_13,2.59801163
202304,Farrukhabad,uEEwlAGZXWW,indicator_13,2.754423391
202304,Fatehpur,ibLiLcaKzw2,indicator_13,2.602086107
202304,Firozabad,eJTsuE56XDF,indicator_13,2.46281975
202304,Gautam Buddha Nagar,bNmwkrQeP3e,indicator_13,2.600737424
202304,Ghaziabad,M5NHlfAaKYI,indicator_13,5.639361516
202304,Ghazipur,dScWdMRN8PL,indicator_13,3.968927753
202304,Gonda,y8WarEkWCul,indicator_13,6.979199662
202304,Gorakhpur,vR85cHdsw1w,indicator_13,2.070521862
202304,Hamirpur,VSI7HobT5qL,indicator_13,0.757339163
202304,Hapur,CZ8kLjgqvSH,indicator_13,2.01863354
202304,Hardoi,MTIkUw5q5pX,indicator_13,3.81376038
202304,Hathras,m1IAjmqkoFC,indicator_13,2.500828089
202304,Jalaun,NL5xiiHZQSC,indicator_13,0.883242589
202304,Jaunpur,gmw76vAUMqz,indicator_13,3.410936654
202304,Jhansi,Mq751wBMqGF,indicator_13,1.160763443
202304,Kannauj,IhQbDYRiF8w,indicator_13,2.585654819
202304,Kanpur Dehat,k3D0AumUCiC,indicator_13,1.680379306
202304,Kanpur Nagar,QVMRMhzVrrS,indicator_13,1.35267389
202304,Kasganj,hITp09XOBLZ,indicator_13,3.604674193
202304,Kaushambi,PAj0oVY0Dxu,indicator_13,3.29418118
202304,Kushinagar,xUeHwd9FQkg,indicator_13,5.271500569
202304,Lakhimpur Kheri,d9ZuMopgX29,indicator_13,3.76034279
202304,Lalitpur,fagfcadhxej,indicator_13,1.147037572
202304,Lucknow,MfHac5N78aK,indicator_13,1.783539238
202304,Maharajganj,AcnMkNGgc3S,indicator_13,3.908514979
202304,Mahoba,sUQMxIc3yXj,indicator_13,1.16078044
202304,Mainpuri,XBLhrSWGytu,indicator_13,3.123784835
202304,Mathura,KP2BUB1npih,indicator_13,3.151927438
202304,Maunathbhanjan,CBSB9v92AwT,indicator_13,2.577319588
202304,Meerut,v8YGmR7nOdj,indicator_13,1.907622029
202304,Mirzapur,UAicdMLyuk4,indicator_13,3.146496815
202304,Moradabad,YQNQoPjAIpV,indicator_13,3.572707736
202304,Muzaffarnagar,MVQs2RrS1Nw,indicator_13,4.665502004
202304,Pilibhit,c96jwckSd6j,indicator_13,2.695662023
202304,Pratapgarh,fz7bJo3egPX,indicator_13,3.093263766
202304,Prayagraj,tXgaew1Pd2Y,indicator_13,3.594257305
202304,Rae Bareli,lLvTDpBDY8u,indicator_13,1.915002999
202304,Rampur,IU006h5U7jj,indicator_13,3.605741405
202304,Saharanpur,FKYZ3JbWq84,indicator_13,4.260071475
202304,Sambhal,YzHpzrN0eLv,indicator_13,4.583523679
202304,Sant Kabir Nagar,fe1yBApr2sl,indicator_13,5.945066859
202304,Shahjahanpur,GaiLSoQq1ue,indicator_13,4.93884743
202304,Shamli,AdiUcz9BXhx,indicator_13,3.549254967
202304,Shrawasti,oyTwneTbWDx,indicator_13,6.606359649
202304,Siddharth Nagar,cP0p8qfm3il,indicator_13,5.876976019
202304,Sitapur,XxaOowFtkiJ,indicator_13,3.496623555
202304,Sonbhadra,NNk3JP90QZ5,indicator_13,4.157512253
202304,Sultanpur,o4ZQTVcMI7U,indicator_13,1.889897277
202304,Unnav,aT03mfdlNiF,indicator_13,1.873147067
202304,Varanasi,LeuBT7KfuuA,indicator_13,2.633225571
202305,Agra,N5WWbRtsjWp,indicator_13,0.315014824
202305,Aligarh,frD2HOp3wAs,indicator_13,0.803577668
202305,Ambedkar Nagar,jM27ji8tyrM,indicator_13,0.198136446
202305,Amethi,StsLkYw1G0m,indicator_13,0.291476288
202305,Amroha,hgquAmZaNBu,indicator_13,0.850869167
202305,Auraiya,Bd6E8zkVvVt,indicator_13,0.491528969
202305,Ayodhya,b4XkXzoGqFY,indicator_13,0.304819044
202305,Azamgarh,NjckKfm3g0k,indicator_13,1.297025669
202305,Bagpat,HJIS3IrQ0Nj,indicator_13,0.678668381
202305,Bahraich,iE0E3nLioFr,indicator_13,0.620908741
202305,Ballia,oNDvGBE5fLq,indicator_13,0.463664735
202305,Balrampur,uS0pNSxN3sS,indicator_13,0.442342892
202305,Banda,DggJGxqbWHn,indicator_13,0.511555128
202305,Barabanki,tzH6nJu9SwS,indicator_13,0.178703891
202305,Bareilly,vVqY3DPcpHf,indicator_13,0.898377125
202305,Basti,J1P16zQEOUT,indicator_13,0.559028613
202305,Bhadohi,PeUY1vj02UQ,indicator_13,0.365035517
202305,Bijnor,uCYjHW7FuGG,indicator_13,0.589840302
202305,Budaun,eA37kyBRRuZ,indicator_13,0.608141246
202305,Bulandshahar,ogBt4gWCiem,indicator_13,0.669606402
202305,Chandauli,ClbehnmwSec,indicator_13,0.24185336
202305,Chitrakoot,i2fSZZ3QAJJ,indicator_13,0.252525253
202305,Deoria,Tf9b9qcbghH,indicator_13,0.44734027
202305,Etah,ZLcx4iOVyN5,indicator_13,0.34794196
202305,Etawah,Pm0jLk6EAiE,indicator_13,0.40167364
202305,Farrukhabad,uEEwlAGZXWW,indicator_13,0.395281717
202305,Fatehpur,ibLiLcaKzw2,indicator_13,0.260763427
202305,Firozabad,eJTsuE56XDF,indicator_13,0.644894095
202305,Gautam Buddha Nagar,bNmwkrQeP3e,indicator_13,0.204108507
202305,Ghaziabad,M5NHlfAaKYI,indicator_13,1.464655324
202305,Ghazipur,dScWdMRN8PL,indicator_13,1.027251889
202305,Gonda,y8WarEkWCul,indicator_13,0.264942772
202305,Gorakhpur,vR85cHdsw1w,indicator_13,0.286378587
202305,Hamirpur,VSI7HobT5qL,indicator_13,0.109306683
202305,Hapur,CZ8kLjgqvSH,indicator_13,0.886006577
202305,Hardoi,MTIkUw5q5pX,indicator_13,0.804727402
202305,Hathras,m1IAjmqkoFC,indicator_13,0.31167979
202305,Jalaun,NL5xiiHZQSC,indicator_13,0.411449016
202305,Jaunpur,gmw76vAUMqz,indicator_13,0.406063887
202305,Jhansi,Mq751wBMqGF,indicator_13,0.440447789
202305,Kannauj,IhQbDYRiF8w,indicator_13,0.435273255
202305,Kanpur Dehat,k3D0AumUCiC,indicator_13,0.617370563
202305,Kanpur Nagar,QVMRMhzVrrS,indicator_13,0.137556433
202305,Kasganj,hITp09XOBLZ,indicator_13,0.248459551
202305,Kaushambi,PAj0oVY0Dxu,indicator_13,0.526819923
202305,Kushinagar,xUeHwd9FQkg,indicator_13,0.215412128
202305,Lakhimpur Kheri,d9ZuMopgX29,indicator_13,0.368330465
202305,Lalitpur,fagfcadhxej,indicator_13,0.496748555
202305,Lucknow,MfHac5N78aK,indicator_13,0.774317035
202305,Maharajganj,AcnMkNGgc3S,indicator_13,0.580215857
202305,Mahoba,sUQMxIc3yXj,indicator_13,0.272142504
202305,Mainpuri,XBLhrSWGytu,indicator_13,0.36525974
202305,Mathura,KP2BUB1npih,indicator_13,0.8290097
202305,Maunathbhanjan,CBSB9v92AwT,indicator_13,1.140857925
202305,Meerut,v8YGmR7nOdj,indicator_13,0.141436654
202305,Mirzapur,UAicdMLyuk4,indicator_13,0.294042444
202305,Moradabad,YQNQoPjAIpV,indicator_13,0.367120344
202305,Muzaffarnagar,MVQs2RrS1Nw,indicator_13,0.393252613
202305,Pilibhit,c96jwckSd6j,indicator_13,0.54236127
202305,Pratapgarh,fz7bJo3egPX,indicator_13,0.408490494
202305,Prayagraj,tXgaew1Pd2Y,indicator_13,0.136972403
202305,Rae Bareli,lLvTDpBDY8u,indicator_13,0.489816963
202305,Rampur,IU006h5U7jj,indicator_13,0.729251071
202305,Saharanpur,FKYZ3JbWq84,indicator_13,0.438596491
202305,Sambhal,YzHpzrN0eLv,indicator_13,1.309578194
202305,Sant Kabir Nagar,fe1yBApr2sl,indicator_13,0.331439394
202305,Shahjahanpur,GaiLSoQq1ue,indicator_13,0.78312624
202305,Shamli,AdiUcz9BXhx,indicator_13,0.786423841
202305,Shrawasti,oyTwneTbWDx,indicator_13,0.849780702
202305,Siddharth Nagar,cP0p8qfm3il,indicator_13,1.134530595
202305,Sitapur,XxaOowFtkiJ,indicator_13,0.597245242
202305,Sonbhadra,NNk3JP90QZ5,indicator_13,0.441876275
202305,Sultanpur,o4ZQTVcMI7U,indicator_13,0.726744186
202305,Unnav,aT03mfdlNiF,indicator_13,0.332404995
202305,Varanasi,LeuBT7KfuuA,indicator_13,0.709145896
202306,Agra,N5WWbRtsjWp,indicator_13,1.80802626
202306,Aligarh,frD2HOp3wAs,indicator_13,2.281461813
202306,Ambedkar Nagar,jM27ji8tyrM,indicator_13,1.745742744
202306,Amethi,StsLkYw1G0m,indicator_13,2.738113918
202306,Amroha,hgquAmZaNBu,indicator_13,3.258099745
202306,Auraiya,Bd6E8zkVvVt,indicator_13,2.457644844
202306,Ayodhya,b4XkXzoGqFY,indicator_13,1.544081831
202306,Azamgarh,NjckKfm3g0k,indicator_13,4.366426728
202306,Bagpat,HJIS3IrQ0Nj,indicator_13,1.235890842
202306,Bahraich,iE0E3nLioFr,indicator_13,3.850596843
202306,Ballia,oNDvGBE5fLq,indicator_13,4.641105662
202306,Balrampur,uS0pNSxN3sS,indicator_13,6.490749166
202306,Banda,DggJGxqbWHn,indicator_13,2.202088084
202306,Barabanki,tzH6nJu9SwS,indicator_13,1.726347023
202306,Bareilly,vVqY3DPcpHf,indicator_13,2.65005152
202306,Basti,J1P16zQEOUT,indicator_13,4.291897091
202306,Bhadohi,PeUY1vj02UQ,indicator_13,2.782162589
202306,Bijnor,uCYjHW7FuGG,indicator_13,2.403498917
202306,Budaun,eA37kyBRRuZ,indicator_13,5.064707599
202306,Bulandshahar,ogBt4gWCiem,indicator_13,1.980238445
202306,Chandauli,ClbehnmwSec,indicator_13,1.896639511
202306,Chitrakoot,i2fSZZ3QAJJ,indicator_13,1.444643314
202306,Deoria,Tf9b9qcbghH,indicator_13,4.021200039
202306,Etah,ZLcx4iOVyN5,indicator_13,2.420306966
202306,Etawah,Pm0jLk6EAiE,indicator_13,2.376569038
202306,Farrukhabad,uEEwlAGZXWW,indicator_13,2.252478354
202306,Fatehpur,ibLiLcaKzw2,indicator_13,2.81846427
202306,Firozabad,eJTsuE56XDF,indicator_13,2.419831973
202306,Gautam Buddha Nagar,bNmwkrQeP3e,indicator_13,2.870687385
202306,Ghaziabad,M5NHlfAaKYI,indicator_13,5.165760393
202306,Ghazipur,dScWdMRN8PL,indicator_13,4.592919603
202306,Gonda,y8WarEkWCul,indicator_13,5.506282336
202306,Gorakhpur,vR85cHdsw1w,indicator_13,2.02538787
202306,Hamirpur,VSI7HobT5qL,indicator_13,1.112503917
202306,Hapur,CZ8kLjgqvSH,indicator_13,1.863354037
202306,Hardoi,MTIkUw5q5pX,indicator_13,3.073405393
202306,Hathras,m1IAjmqkoFC,indicator_13,2.219321149
202306,Jalaun,NL5xiiHZQSC,indicator_13,0.924269529
202306,Jaunpur,gmw76vAUMqz,indicator_13,2.625879805
202306,Jhansi,Mq751wBMqGF,indicator_13,1.454395302
202306,Kannauj,IhQbDYRiF8w,indicator_13,2.233429395
202306,Kanpur Dehat,k3D0AumUCiC,indicator_13,1.617626551
202306,Kanpur Nagar,QVMRMhzVrrS,indicator_13,1.101013632
202306,Kasganj,hITp09XOBLZ,indicator_13,2.772826302
202306,Kaushambi,PAj0oVY0Dxu,indicator_13,3.22054627
202306,Kushinagar,xUeHwd9FQkg,indicator_13,4.117216713
202306,Lakhimpur Kheri,d9ZuMopgX29,indicator_13,2.447504303
202306,Lalitpur,fagfcadhxej,indicator_13,0.939306358
202306,Lucknow,MfHac5N78aK,indicator_13,2.07499565
202306,Maharajganj,AcnMkNGgc3S,indicator_13,2.466931754
202306,Mahoba,sUQMxIc3yXj,indicator_13,1.111111111
202306,Mainpuri,XBLhrSWGytu,indicator_13,3.330741317
202306,Mathura,KP2BUB1npih,indicator_13,2.67877284
202306,Maunathbhanjan,CBSB9v92AwT,indicator_13,4.965130382
202306,Meerut,v8YGmR7nOdj,indicator_13,1.569241181
202306,Mirzapur,UAicdMLyuk4,indicator_13,3.248407643
202306,Moradabad,YQNQoPjAIpV,indicator_13,2.493732092
202306,Muzaffarnagar,MVQs2RrS1Nw,indicator_13,3.848525331
202306,Pilibhit,c96jwckSd6j,indicator_13,1.676294031
202306,Pratapgarh,fz7bJo3egPX,indicator_13,2.137044642
202306,Prayagraj,tXgaew1Pd2Y,indicator_13,2.594866071
202306,Rae Bareli,lLvTDpBDY8u,indicator_13,1.173849713
202306,Rampur,IU006h5U7jj,indicator_13,2.355596713
202306,Saharanpur,FKYZ3JbWq84,indicator_13,4.081384016
202306,Sambhal,YzHpzrN0eLv,indicator_13,2.055733212
202306,Sant Kabir Nagar,fe1yBApr2sl,indicator_13,4.544633177
202306,Shahjahanpur,GaiLSoQq1ue,indicator_13,3.104270315
202306,Shamli,AdiUcz9BXhx,indicator_13,3.042218543
202306,Shrawasti,oyTwneTbWDx,indicator_13,5.770285088
202306,Siddharth Nagar,cP0p8qfm3il,indicator_13,4.452091623
202306,Sitapur,XxaOowFtkiJ,indicator_13,2.951934617
202306,Sonbhadra,NNk3JP90QZ5,indicator_13,2.543173233
202306,Sultanpur,o4ZQTVcMI7U,indicator_13,2.344062375
202306,Unnav,aT03mfdlNiF,indicator_13,1.891114904
202306,Varanasi,LeuBT7KfuuA,indicator_13,2.122223381
202307,Agra,N5WWbRtsjWp,indicator_13,2.207750953
202307,Aligarh,frD2HOp3wAs,indicator_13,3.476346866
202307,Ambedkar Nagar,jM27ji8tyrM,indicator_13,2.232905983
202307,Amethi,StsLkYw1G0m,indicator_13,2.596664139
202307,Amroha,hgquAmZaNBu,indicator_13,6.01565344
202307,Auraiya,Bd6E8zkVvVt,indicator_13,2.74001255
202307,Ayodhya,b4XkXzoGqFY,indicator_13,2.65952265
202307,Azamgarh,NjckKfm3g0k,indicator_13,4.621078365
202307,Bagpat,HJIS3IrQ0Nj,indicator_13,1.836821871
202307,Bahraich,iE0E3nLioFr,indicator_13,7.316134001
202307,Ballia,oNDvGBE5fLq,indicator_13,5.332144449
202307,Balrampur,uS0pNSxN3sS,indicator_13,8.909614801
202307,Banda,DggJGxqbWHn,indicator_13,2.640105604
202307,Barabanki,tzH6nJu9SwS,indicator_13,3.415328319
202307,Bareilly,vVqY3DPcpHf,indicator_13,3.361669243
202307,Basti,J1P16zQEOUT,indicator_13,6.305602308
202307,Bhadohi,PeUY1vj02UQ,indicator_13,4.302141158
202307,Bijnor,uCYjHW7FuGG,indicator_13,3.952331274
202307,Budaun,eA37kyBRRuZ,indicator_13,6.889169991
202307,Bulandshahar,ogBt4gWCiem,indicator_13,3.290870488
202307,Chandauli,ClbehnmwSec,indicator_13,4.009344614
202307,Chitrakoot,i2fSZZ3QAJJ,indicator_13,2.92763999
202307,Deoria,Tf9b9qcbghH,indicator_13,6.384323641
202307,Etah,ZLcx4iOVyN5,indicator_13,3.645243488
202307,Etawah,Pm0jLk6EAiE,indicator_13,2.870292887
202307,Farrukhabad,uEEwlAGZXWW,indicator_13,3.482243694
202307,Fatehpur,ibLiLcaKzw2,indicator_13,3.561917443
202307,Firozabad,eJTsuE56XDF,indicator_13,3.780617678
202307,Gautam Buddha Nagar,bNmwkrQeP3e,indicator_13,3.410587306
202307,Ghaziabad,M5NHlfAaKYI,indicator_13,6.20066655
202307,Ghazipur,dScWdMRN8PL,indicator_13,5.806944562
202307,Gonda,y8WarEkWCul,indicator_13,4.877869875
202307,Gorakhpur,vR85cHdsw1w,indicator_13,2.626234133
202307,Hamirpur,VSI7HobT5qL,indicator_13,1.155527795
202307,Hapur,CZ8kLjgqvSH,indicator_13,2.493606138
202307,Hardoi,MTIkUw5q5pX,indicator_13,4.486874926
202307,Hathras,m1IAjmqkoFC,indicator_13,3.165796345
202307,Jalaun,NL5xiiHZQSC,indicator_13,1.234347048
202307,Jaunpur,gmw76vAUMqz,indicator_13,4.842311857
202307,Jhansi,Mq751wBMqGF,indicator_13,1.738851165
202307,Kannauj,IhQbDYRiF8w,indicator_13,3.150162452
202307,Kanpur Dehat,k3D0AumUCiC,indicator_13,1.910472737
202307,Kanpur Nagar,QVMRMhzVrrS,indicator_13,1.558895491
202307,Kasganj,hITp09XOBLZ,indicator_13,4.30778372
202307,Kaushambi,PAj0oVY0Dxu,indicator_13,4.103818454
202307,Kushinagar,xUeHwd9FQkg,indicator_13,6.007153308
202307,Lakhimpur Kheri,d9ZuMopgX29,indicator_13,4.196213425
202307,Lalitpur,fagfcadhxej,indicator_13,2.438583815
202307,Lucknow,MfHac5N78aK,indicator_13,2.235949191
202307,Maharajganj,AcnMkNGgc3S,indicator_13,3.327111905
202307,Mahoba,sUQMxIc3yXj,indicator_13,1.234567901
202307,Mainpuri,XBLhrSWGytu,indicator_13,4.160186625
202307,Mathura,KP2BUB1npih,indicator_13,3.834874803
202307,Maunathbhanjan,CBSB9v92AwT,indicator_13,5.238023044
202307,Meerut,v8YGmR7nOdj,indicator_13,2.064123171
202307,Mirzapur,UAicdMLyuk4,indicator_13,4.738853503
202307,Moradabad,YQNQoPjAIpV,indicator_13,3.577184814
202307,Muzaffarnagar,MVQs2RrS1Nw,indicator_13,4.203062378
202307,Pilibhit,c96jwckSd6j,indicator_13,3.097746064
202307,Pratapgarh,fz7bJo3egPX,indicator_13,3.076279565
202307,Prayagraj,tXgaew1Pd2Y,indicator_13,5.220170455
202307,Rae Bareli,lLvTDpBDY8u,indicator_13,2.034958444
202307,Rampur,IU006h5U7jj,indicator_13,5.174209978
202307,Saharanpur,FKYZ3JbWq84,indicator_13,4.86517219
202307,Sambhal,YzHpzrN0eLv,indicator_13,6.494594183
202307,Sant Kabir Nagar,fe1yBApr2sl,indicator_13,6.902782797
202307,Shahjahanpur,GaiLSoQq1ue,indicator_13,6.125621891
202307,Shamli,AdiUcz9BXhx,indicator_13,3.549254967
202307,Shrawasti,oyTwneTbWDx,indicator_13,8.675986842
202307,Siddharth Nagar,cP0p8qfm3il,indicator_13,6.871706635
202307,Sitapur,XxaOowFtkiJ,indicator_13,4.097845345
202307,Sonbhadra,NNk3JP90QZ5,indicator_13,3.750674582
202307,Sultanpur,o4ZQTVcMI7U,indicator_13,2.593962415
202307,Unnav,aT03mfdlNiF,indicator_13,2.214535981
202307,Varanasi,LeuBT7KfuuA,indicator_13,3.801230577
202308,Agra,N5WWbRtsjWp,indicator_13,1.342121982
202308,Aligarh,frD2HOp3wAs,indicator_13,1.610649151
202308,Ambedkar Nagar,jM27ji8tyrM,indicator_13,1.479700855
202308,Amethi,StsLkYw1G0m,indicator_13,1.426217039
202308,Amroha,hgquAmZaNBu,indicator_13,3.458318165
202308,Auraiya,Bd6E8zkVvVt,indicator_13,1.579167538
202308,Ayodhya,b4XkXzoGqFY,indicator_13,1.339503166
202308,Azamgarh,NjckKfm3g0k,indicator_13,3.490425098
202308,Bagpat,HJIS3IrQ0Nj,indicator_13,1.601879539
202308,Bahraich,iE0E3nLioFr,indicator_13,2.387370042
202308,Ballia,oNDvGBE5fLq,indicator_13,2.688363798
202308,Balrampur,uS0pNSxN3sS,indicator_13,3.851986655
202308,Banda,DggJGxqbWHn,indicator_13,1.134045362
202308,Barabanki,tzH6nJu9SwS,indicator_13,1.109753614
202308,Bareilly,vVqY3DPcpHf,indicator_13,2.157393096
202308,Basti,J1P16zQEOUT,indicator_13,3.336138495
202308,Bhadohi,PeUY1vj02UQ,indicator_13,2.071768438
202308,Bijnor,uCYjHW7FuGG,indicator_13,2.447636626
202308,Budaun,eA37kyBRRuZ,indicator_13,3.502967792
202308,Bulandshahar,ogBt4gWCiem,indicator_13,1.902662094
202308,Chandauli,ClbehnmwSec,indicator_13,0.97512554
202308,Chitrakoot,i2fSZZ3QAJJ,indicator_13,1.21452314
202308,Deoria,Tf9b9qcbghH,indicator_13,1.555966158
202308,Etah,ZLcx4iOVyN5,indicator_13,1.73414496
202308,Etawah,Pm0jLk6EAiE,indicator_13,2
202308,Farrukhabad,uEEwlAGZXWW,indicator_13,1.104279081
202308,Fatehpur,ibLiLcaKzw2,indicator_13,1.425876609
202308,Firozabad,eJTsuE56XDF,indicator_13,2.573659922
202308,Gautam Buddha Nagar,bNmwkrQeP3e,indicator_13,2.723812024
202308,Ghaziabad,M5NHlfAaKYI,indicator_13,4.683388879
202308,Ghazipur,dScWdMRN8PL,indicator_13,3.268528738
202308,Gonda,y8WarEkWCul,indicator_13,1.357001394
202308,Gorakhpur,vR85cHdsw1w,indicator_13,1.630465444
202308,Hamirpur,VSI7HobT5qL,indicator_13,0.569956277
202308,Hapur,CZ8kLjgqvSH,indicator_13,1.735476799
202308,Hardoi,MTIkUw5q5pX,indicator_13,1.725264283
202308,Hathras,m1IAjmqkoFC,indicator_13,2.325391645
202308,Jalaun,NL5xiiHZQSC,indicator_13,0.892752947
202308,Jaunpur,gmw76vAUMqz,indicator_13,2.514212236
202308,Jhansi,Mq751wBMqGF,indicator_13,1.495687282
202308,Kannauj,IhQbDYRiF8w,indicator_13,1.257239723
202308,Kanpur Dehat,k3D0AumUCiC,indicator_13,1.115604518
202308,Kanpur Nagar,QVMRMhzVrrS,indicator_13,1.509961552
202308,Kasganj,hITp09XOBLZ,indicator_13,1.802337096
202308,Kaushambi,PAj0oVY0Dxu,indicator_13,1.820899579
202308,Kushinagar,xUeHwd9FQkg,indicator_13,1.824906519
202308,Lakhimpur Kheri,d9ZuMopgX29,indicator_13,1.019147622
202308,Lalitpur,fagfcadhxej,indicator_13,0.885115607
202308,Lucknow,MfHac5N78aK,indicator_13,1.896641726
202308,Maharajganj,AcnMkNGgc3S,indicator_13,1.314614948
202308,Mahoba,sUQMxIc3yXj,indicator_13,0.913580247
202308,Mainpuri,XBLhrSWGytu,indicator_13,2.592016589
202308,Mathura,KP2BUB1npih,indicator_13,2.075344011
202308,Maunathbhanjan,CBSB9v92AwT,indicator_13,3.07004245
202308,Meerut,v8YGmR7nOdj,indicator_13,1.429659081
202308,Mirzapur,UAicdMLyuk4,indicator_13,2.146496815
202308,Moradabad,YQNQoPjAIpV,indicator_13,2.059455587
202308,Muzaffarnagar,MVQs2RrS1Nw,indicator_13,2.31219813
202308,Pilibhit,c96jwckSd6j,indicator_13,1.330841545
202308,Pratapgarh,fz7bJo3egPX,indicator_13,1.365122823
202308,Prayagraj,tXgaew1Pd2Y,indicator_13,1.374797078
202308,Rae Bareli,lLvTDpBDY8u,indicator_13,1.105303744
202308,Rampur,IU006h5U7jj,indicator_13,1.562680866
202308,Saharanpur,FKYZ3JbWq84,indicator_13,3.354450942
202308,Sambhal,YzHpzrN0eLv,indicator_13,2.619156388
202308,Sant Kabir Nagar,fe1yBApr2sl,indicator_13,2.331044452
202308,Shahjahanpur,GaiLSoQq1ue,indicator_13,2.006395709
202308,Shamli,AdiUcz9BXhx,indicator_13,1.809954751
202308,Shrawasti,oyTwneTbWDx,indicator_13,2.566992236
202308,Siddharth Nagar,cP0p8qfm3il,indicator_13,2.84439187
202308,Sitapur,XxaOowFtkiJ,indicator_13,2.071783734
202308,Sonbhadra,NNk3JP90QZ5,indicator_13,1.409875877
202308,Sultanpur,o4ZQTVcMI7U,indicator_13,0.93962415
202308,Unnav,aT03mfdlNiF,indicator_13,1.468870721
202308,Varanasi,LeuBT7KfuuA,indicator_13,2.111794765
202309,Agra,N5WWbRtsjWp,indicator_13,1.805379077
202309,Aligarh,frD2HOp3wAs,indicator_13,2.980225002
202309,Ambedkar Nagar,jM27ji8tyrM,indicator_13,2.067307692
202309,Amethi,StsLkYw1G0m,indicator_13,1.686884003
202309,Amroha,hgquAmZaNBu,indicator_13,4.204586822
202309,Auraiya,Bd6E8zkVvVt,indicator_13,2.258941644
202309,Ayodhya,b4XkXzoGqFY,indicator_13,1.699951291
202309,Azamgarh,NjckKfm3g0k,indicator_13,4.349449952
202309,Bagpat,HJIS3IrQ0Nj,indicator_13,1.452370782
202309,Bahraich,iE0E3nLioFr,indicator_13,5.434154794
202309,Ballia,oNDvGBE5fLq,indicator_13,5.078020508
202309,Balrampur,uS0pNSxN3sS,indicator_13,8.212010919
202309,Banda,DggJGxqbWHn,indicator_13,1.488059522
202309,Barabanki,tzH6nJu9SwS,indicator_13,1.744383357
202309,Bareilly,vVqY3DPcpHf,indicator_13,3.052550232
202309,Basti,J1P16zQEOUT,indicator_13,4.231786487
202309,Bhadohi,PeUY1vj02UQ,indicator_13,2.240285488
202309,Bijnor,uCYjHW7FuGG,indicator_13,2.832838456
202309,Budaun,eA37kyBRRuZ,indicator_13,5.453926243
202309,Bulandshahar,ogBt4gWCiem,indicator_13,2.302792749
202309,Chandauli,ClbehnmwSec,indicator_13,2.172135934
202309,Chitrakoot,i2fSZZ3QAJJ,indicator_13,1.725901304
202309,Deoria,Tf9b9qcbghH,indicator_13,4.565788194
202309,Etah,ZLcx4iOVyN5,indicator_13,3.157894737
202309,Etawah,Pm0jLk6EAiE,indicator_13,1.974895397
202309,Farrukhabad,uEEwlAGZXWW,indicator_13,2.502534212
202309,Fatehpur,ibLiLcaKzw2,indicator_13,2.020756412
202309,Firozabad,eJTsuE56XDF,indicator_13,3.496627618
202309,Gautam Buddha Nagar,bNmwkrQeP3e,indicator_13,2.97978472
202309,Ghaziabad,M5NHlfAaKYI,indicator_13,5.507805648
202309,Ghazipur,dScWdMRN8PL,indicator_13,4.996179642
202309,Gonda,y8WarEkWCul,indicator_13,3.029413922
202309,Gorakhpur,vR85cHdsw1w,indicator_13,2.377997179
202309,Hamirpur,VSI7HobT5qL,indicator_13,1.054028732
202309,Hapur,CZ8kLjgqvSH,indicator_13,2.301790281
202309,Hardoi,MTIkUw5q5pX,indicator_13,3.524765412
202309,Hathras,m1IAjmqkoFC,indicator_13,2.765992167
202309,Jalaun,NL5xiiHZQSC,indicator_13,1.056132571
202309,Jaunpur,gmw76vAUMqz,indicator_13,3.289117488
202309,Jhansi,Mq751wBMqGF,indicator_13,1.481923289
202309,Kannauj,IhQbDYRiF8w,indicator_13,2.224890521
202309,Kanpur Dehat,k3D0AumUCiC,indicator_13,1.248082555
202309,Kanpur Nagar,QVMRMhzVrrS,indicator_13,1.618315274
202309,Kasganj,hITp09XOBLZ,indicator_13,3.416518122
202309,Kaushambi,PAj0oVY0Dxu,indicator_13,2.901209403
202309,Kushinagar,xUeHwd9FQkg,indicator_13,5.901479434
202309,Lakhimpur Kheri,d9ZuMopgX29,indicator_13,2.397540984
202309,Lalitpur,fagfcadhxej,indicator_13,1.255419075
202309,Lucknow,MfHac5N78aK,indicator_13,1.631285888
202309,Maharajganj,AcnMkNGgc3S,indicator_13,2.819930212
202309,Mahoba,sUQMxIc3yXj,indicator_13,1.259259259
202309,Mainpuri,XBLhrSWGytu,indicator_13,2.235614308
202309,Mathura,KP2BUB1npih,indicator_13,2.853598015
202309,Maunathbhanjan,CBSB9v92AwT,indicator_13,4.616434203
202309,Meerut,v8YGmR7nOdj,indicator_13,1.911851789
202309,Mirzapur,UAicdMLyuk4,indicator_13,3.261146497
202309,Moradabad,YQNQoPjAIpV,indicator_13,2.216153295
202309,Muzaffarnagar,MVQs2RrS1Nw,indicator_13,3.190833419
202309,Pilibhit,c96jwckSd6j,indicator_13,1.630988787
202309,Pratapgarh,fz7bJo3egPX,indicator_13,2.505893984
202309,Prayagraj,tXgaew1Pd2Y,indicator_13,3.256899351
202309,Rae Bareli,lLvTDpBDY8u,indicator_13,1.36663525
202309,Rampur,IU006h5U7jj,indicator_13,2.951730524
202309,Saharanpur,FKYZ3JbWq84,indicator_13,4.564652372
202309,Sambhal,YzHpzrN0eLv,indicator_13,4.060680356
202309,Sant Kabir Nagar,fe1yBApr2sl,indicator_13,5.384893386
202309,Shahjahanpur,GaiLSoQq1ue,indicator_13,3.873530019
202309,Shamli,AdiUcz9BXhx,indicator_13,2.317880795
202309,Shrawasti,oyTwneTbWDx,indicator_13,6.724267468
202309,Siddharth Nagar,cP0p8qfm3il,indicator_13,6.156575976
202309,Sitapur,XxaOowFtkiJ,indicator_13,3.126250214
202309,Sonbhadra,NNk3JP90QZ5,indicator_13,3.83837021
202309,Sultanpur,o4ZQTVcMI7U,indicator_13,1.519392243
202309,Unnav,aT03mfdlNiF,indicator_13,1.765340041
202309,Varanasi,LeuBT7KfuuA,indicator_13,2.617582647
202310,Agra,N5WWbRtsjWp,indicator_13,2.075391783
202310,Aligarh,frD2HOp3wAs,indicator_13,2.823003284
202310,Ambedkar Nagar,jM27ji8tyrM,indicator_13,2.478632479
202310,Amethi,StsLkYw1G0m,indicator_13,1.945993915
202310,Amroha,hgquAmZaNBu,indicator_13,3.722242446
202310,Auraiya,Bd6E8zkVvVt,indicator_13,2.50993516
202310,Ayodhya,b4XkXzoGqFY,indicator_13,2.547491476
202310,Azamgarh,NjckKfm3g0k,indicator_13,3.857123455
202310,Bagpat,HJIS3IrQ0Nj,indicator_13,1.509326499
202310,Bahraich,iE0E3nLioFr,indicator_13,6.136888718
202310,Ballia,oNDvGBE5fLq,indicator_13,5.091395453
202310,Balrampur,uS0pNSxN3sS,indicator_13,8.720048529
202310,Banda,DggJGxqbWHn,indicator_13,1.650066003
202310,Barabanki,tzH6nJu9SwS,indicator_13,3.577004005
202310,Bareilly,vVqY3DPcpHf,indicator_13,2.830370943
202310,Basti,J1P16zQEOUT,indicator_13,4.96513585
202310,Bhadohi,PeUY1vj02UQ,indicator_13,2.626883426
202310,Bijnor,uCYjHW7FuGG,indicator_13,2.780675708
202310,Budaun,eA37kyBRRuZ,indicator_13,5.813953488
202310,Bulandshahar,ogBt4gWCiem,indicator_13,1.804670913
202310,Chandauli,ClbehnmwSec,indicator_13,3.158939624
202310,Chitrakoot,i2fSZZ3QAJJ,indicator_13,2.373054351
202310,Deoria,Tf9b9qcbghH,indicator_13,5.664689293
202310,Etah,ZLcx4iOVyN5,indicator_13,2.731152205
202310,Etawah,Pm0jLk6EAiE,indicator_13,1.89958159
202310,Farrukhabad,uEEwlAGZXWW,indicator_13,2.911281215
202310,Fatehpur,ibLiLcaKzw2,indicator_13,1.871070751
202310,Firozabad,eJTsuE56XDF,indicator_13,3.443379482
202310,Gautam Buddha Nagar,bNmwkrQeP3e,indicator_13,3.170123392
202310,Ghaziabad,M5NHlfAaKYI,indicator_13,5.279775478
202310,Ghazipur,dScWdMRN8PL,indicator_13,5.424908736
202310,Gonda,y8WarEkWCul,indicator_13,3.476857625
202310,Gorakhpur,vR85cHdsw1w,indicator_13,2.665726375
202310,Hamirpur,VSI7HobT5qL,indicator_13,1.491255465
202310,Hapur,CZ8kLjgqvSH,indicator_13,2.082572159
202310,Hardoi,MTIkUw5q5pX,indicator_13,4.13944649
202310,Hathras,m1IAjmqkoFC,indicator_13,2.692558747
202310,Jalaun,NL5xiiHZQSC,indicator_13,1.178667289
202310,Jaunpur,gmw76vAUMqz,indicator_13,3.935435842
202310,Jhansi,Mq751wBMqGF,indicator_13,1.422279317
202310,Kannauj,IhQbDYRiF8w,indicator_13,2.472100579
202310,Kanpur Dehat,k3D0AumUCiC,indicator_13,1.401478176
202310,Kanpur Nagar,QVMRMhzVrrS,indicator_13,1.303739951
202310,Kasganj,hITp09XOBLZ,indicator_13,3.386809269
202310,Kaushambi,PAj0oVY0Dxu,indicator_13,3.886397608
202310,Kushinagar,xUeHwd9FQkg,indicator_13,5.771419281
202310,Lakhimpur Kheri,d9ZuMopgX29,indicator_13,3.053278689
202310,Lalitpur,fagfcadhxej,indicator_13,1.336705202
202310,Lucknow,MfHac5N78aK,indicator_13,1.900991822
202310,Maharajganj,AcnMkNGgc3S,indicator_13,2.686034245
202310,Mahoba,sUQMxIc3yXj,indicator_13,1.061728395
202310,Mainpuri,XBLhrSWGytu,indicator_13,2.326334889
202310,Mathura,KP2BUB1npih,indicator_13,2.458831491
202310,Maunathbhanjan,CBSB9v92AwT,indicator_13,4.131291692
202310,Meerut,v8YGmR7nOdj,indicator_13,2.148718383
202310,Mirzapur,UAicdMLyuk4,indicator_13,3.382165605
202310,Moradabad,YQNQoPjAIpV,indicator_13,3.111568768
202310,Muzaffarnagar,MVQs2RrS1Nw,indicator_13,3.565923338
202310,Pilibhit,c96jwckSd6j,indicator_13,2.033072828
202310,Pratapgarh,fz7bJo3egPX,indicator_13,2.931781885
202310,Prayagraj,tXgaew1Pd2Y,indicator_13,4.45413961
202310,Rae Bareli,lLvTDpBDY8u,indicator_13,1.452317711
202310,Rampur,IU006h5U7jj,indicator_13,2.888065748
202310,Saharanpur,FKYZ3JbWq84,indicator_13,4.812378168
202310,Sambhal,YzHpzrN0eLv,indicator_13,2.949739504
202310,Sant Kabir Nagar,fe1yBApr2sl,indicator_13,6.324539212
202310,Shahjahanpur,GaiLSoQq1ue,indicator_13,3.584691562
202310,Shamli,AdiUcz9BXhx,indicator_13,2.959437086
202310,Shrawasti,oyTwneTbWDx,indicator_13,9.341347358
202310,Siddharth Nagar,cP0p8qfm3il,indicator_13,6.436175933
202310,Sitapur,XxaOowFtkiJ,indicator_13,2.914785392
202310,Sonbhadra,NNk3JP90QZ5,indicator_13,3.743928764
202310,Sultanpur,o4ZQTVcMI7U,indicator_13,1.424430228
202310,Unnav,aT03mfdlNiF,indicator_13,1.603629503
202310,Varanasi,LeuBT7KfuuA,indicator_13,3.248513922
202311,Agra,N5WWbRtsjWp,indicator_13,5.611361
202311,Aligarh,frD2HOp3wAs,indicator_13,4.203259
202311,Ambedkar Nagar,jM27ji8tyrM,indicator_13,2.521984
202311,Amethi,StsLkYw1G0m,indicator_13,10.23778
202311,Amroha,hgquAmZaNBu,indicator_13,9.631491
202311,Auraiya,Bd6E8zkVvVt,indicator_13,5.611931
202311,Ayodhya,b4XkXzoGqFY,indicator_13,6.832937
202311,Azamgarh,NjckKfm3g0k,indicator_13,10.92534
202311,Bagpat,HJIS3IrQ0Nj,indicator_13,3.953047
202311,Bahraich,iE0E3nLioFr,indicator_13,7.260498
202311,Ballia,oNDvGBE5fLq,indicator_13,3.748949
202311,Balrampur,uS0pNSxN3sS,indicator_13,4.460374
202311,Banda,DggJGxqbWHn,indicator_13,6.112788
202311,Barabanki,tzH6nJu9SwS,indicator_13,3.074037
202311,Bareilly,vVqY3DPcpHf,indicator_13,8.982445
202311,Basti,J1P16zQEOUT,indicator_13,5.202492
202311,Bhadohi,PeUY1vj02UQ,indicator_13,9.367284
202311,Bijnor,uCYjHW7FuGG,indicator_13,5.698163
202311,Budaun,eA37kyBRRuZ,indicator_13,4.685774
202311,Bulandshahar,ogBt4gWCiem,indicator_13,8.189509
202311,Chandauli,ClbehnmwSec,indicator_13,8.618554
202311,Chitrakoot,i2fSZZ3QAJJ,indicator_13,3.833393
202311,Deoria,Tf9b9qcbghH,indicator_13,4.683795
202311,Etah,ZLcx4iOVyN5,indicator_13,6.624594
202311,Etawah,Pm0jLk6EAiE,indicator_13,7.072968
202311,Farrukhabad,uEEwlAGZXWW,indicator_13,5.361357
202311,Fatehpur,ibLiLcaKzw2,indicator_13,5.247733
202311,Firozabad,eJTsuE56XDF,indicator_13,7.479409
202311,Gautam Buddha Nagar,bNmwkrQeP3e,indicator_13,5.544422
202311,Ghaziabad,M5NHlfAaKYI,indicator_13,6.452324
202311,Ghazipur,dScWdMRN8PL,indicator_13,4.709763
202311,Gonda,y8WarEkWCul,indicator_13,22.08426
202311,Gorakhpur,vR85cHdsw1w,indicator_13,6.445564
202311,Hamirpur,VSI7HobT5qL,indicator_13,9.323072
202311,Hapur,CZ8kLjgqvSH,indicator_13,3.828373
202311,Hardoi,MTIkUw5q5pX,indicator_13,3.236695
202311,Hathras,m1IAjmqkoFC,indicator_13,2.762855
202311,Jalaun,NL5xiiHZQSC,indicator_13,7.821729
202311,Jaunpur,gmw76vAUMqz,indicator_13,3.988732
202311,Jhansi,Mq751wBMqGF,indicator_13,3.426909
202311,Kannauj,IhQbDYRiF8w,indicator_13,12.4328
202311,Kanpur Dehat,k3D0AumUCiC,indicator_13,4.237041
202311,Kanpur Nagar,QVMRMhzVrrS,indicator_13,7.236596
202311,Kasganj,hITp09XOBLZ,indicator_13,2.912763
202311,Kaushambi,PAj0oVY0Dxu,indicator_13,6.545073
202311,Kushinagar,xUeHwd9FQkg,indicator_13,3.633036
202311,Lakhimpur Kheri,d9ZuMopgX29,indicator_13,7.988022
202311,Lalitpur,fagfcadhxej,indicator_13,7.909678
202311,Lucknow,MfHac5N78aK,indicator_13,4.459332
202311,Maharajganj,AcnMkNGgc3S,indicator_13,9.937171
202311,Mahoba,sUQMxIc3yXj,indicator_13,3.218145
202311,Mainpuri,XBLhrSWGytu,indicator_13,3.820261
202311,Mathura,KP2BUB1npih,indicator_13,4.386131
202311,Maunathbhanjan,CBSB9v92AwT,indicator_13,6.466739
202311,Meerut,v8YGmR7nOdj,indicator_13,3.985326
202311,Mirzapur,UAicdMLyuk4,indicator_13,3.571876
202311,Moradabad,YQNQoPjAIpV,indicator_13,5.04878
202311,Muzaffarnagar,MVQs2RrS1Nw,indicator_13,4.01644
202311,Pilibhit,c96jwckSd6j,indicator_13,4.007071
202311,Pratapgarh,fz7bJo3egPX,indicator_13,10.26693
202311,Prayagraj,tXgaew1Pd2Y,indicator_13,5.944569
202311,Rae Bareli,lLvTDpBDY8u,indicator_13,5.235867
202311,Rampur,IU006h5U7jj,indicator_13,6.231771
202311,Saharanpur,FKYZ3JbWq84,indicator_13,2.410277
202311,Sambhal,YzHpzrN0eLv,indicator_13,8.583029
202311,Sant Kabir Nagar,fe1yBApr2sl,indicator_13,6.404343
202311,Shahjahanpur,GaiLSoQq1ue,indicator_13,6.471175
202311,Shamli,AdiUcz9BXhx,indicator_13,2.425716
202311,Shrawasti,oyTwneTbWDx,indicator_13,13.82193
202311,Siddharth Nagar,cP0p8qfm3il,indicator_13,5.48926
202311,Sitapur,XxaOowFtkiJ,indicator_13,4.73989
202311,Sonbhadra,NNk3JP90QZ5,indicator_13,11.41625
202311,Sultanpur,o4ZQTVcMI7U,indicator_13,4.953765
202311,Unnav,aT03mfdlNiF,indicator_13,2.742336
202311,Varanasi,LeuBT7KfuuA,indicator_13,5.347718
202312,Agra,N5WWbRtsjWp,indicator_13,14.26354
202312,Aligarh,frD2HOp3wAs,indicator_13,4.343302
202312,Ambedkar Nagar,jM27ji8tyrM,indicator_13,4.014598
202312,Amethi,StsLkYw1G0m,indicator_13,3.367492
202312,Amroha,hgquAmZaNBu,indicator_13,14.19994
202312,Auraiya,Bd6E8zkVvVt,indicator_13,11.55004
202312,Ayodhya,b4XkXzoGqFY,indicator_13,5.788023
202312,Azamgarh,NjckKfm3g0k,indicator_13,15.57938
202312,Bagpat,HJIS3IrQ0Nj,indicator_13,15.12023
202312,Bahraich,iE0E3nLioFr,indicator_13,25.22314
202312,Ballia,oNDvGBE5fLq,indicator_13,14.03277
202312,Balrampur,uS0pNSxN3sS,indicator_13,6.624075
202312,Banda,DggJGxqbWHn,indicator_13,11.60274
202312,Barabanki,tzH6nJu9SwS,indicator_13,6.898075
202312,Bareilly,vVqY3DPcpHf,indicator_13,8.032393
202312,Basti,J1P16zQEOUT,indicator_13,11.70403
202312,Bhadohi,PeUY1vj02UQ,indicator_13,5.63063
202312,Bijnor,uCYjHW7FuGG,indicator_13,5.494057
202312,Budaun,eA37kyBRRuZ,indicator_13,13.38916
202312,Bulandshahar,ogBt4gWCiem,indicator_13,8.192417
202312,Chandauli,ClbehnmwSec,indicator_13,9.057636
202312,Chitrakoot,i2fSZZ3QAJJ,indicator_13,8.181283
202312,Deoria,Tf9b9qcbghH,indicator_13,14.68204
202312,Etah,ZLcx4iOVyN5,indicator_13,12.7062
202312,Etawah,Pm0jLk6EAiE,indicator_13,13.97682
202312,Farrukhabad,uEEwlAGZXWW,indicator_13,6.19812
202312,Fatehpur,ibLiLcaKzw2,indicator_13,5.80212
202312,Firozabad,eJTsuE56XDF,indicator_13,14.44419
202312,Gautam Buddha Nagar,bNmwkrQeP3e,indicator_13,9.442841
202312,Ghaziabad,M5NHlfAaKYI,indicator_13,8.84351
202312,Ghazipur,dScWdMRN8PL,indicator_13,14.31359
202312,Gonda,y8WarEkWCul,indicator_13,10.07815
202312,Gorakhpur,vR85cHdsw1w,indicator_13,15.25321
202312,Hamirpur,VSI7HobT5qL,indicator_13,10.57534
202312,Hapur,CZ8kLjgqvSH,indicator_13,12.22637
202312,Hardoi,MTIkUw5q5pX,indicator_13,4.341123
202312,Hathras,m1IAjmqkoFC,indicator_13,6.793651
202312,Jalaun,NL5xiiHZQSC,indicator_13,10.14505
202312,Jaunpur,gmw76vAUMqz,indicator_13,12.41602
202312,Jhansi,Mq751wBMqGF,indicator_13,6.593772
202312,Kannauj,IhQbDYRiF8w,indicator_13,14.37476
202312,Kanpur Dehat,k3D0AumUCiC,indicator_13,5.912426
202312,Kanpur Nagar,QVMRMhzVrrS,indicator_13,9.78309
202312,Kasganj,hITp09XOBLZ,indicator_13,3.683359
202312,Kaushambi,PAj0oVY0Dxu,indicator_13,8.612152
202312,Kushinagar,xUeHwd9FQkg,indicator_13,12.72218
202312,Lakhimpur Kheri,d9ZuMopgX29,indicator_13,14.30171
202312,Lalitpur,fagfcadhxej,indicator_13,11.5125
202312,Lucknow,MfHac5N78aK,indicator_13,18.60079
202312,Maharajganj,AcnMkNGgc3S,indicator_13,5.76239
202312,Mahoba,sUQMxIc3yXj,indicator_13,6.86175
202312,Mainpuri,XBLhrSWGytu,indicator_13,7.192518
202312,Mathura,KP2BUB1npih,indicator_13,7.807433
202312,Maunathbhanjan,CBSB9v92AwT,indicator_13,9.054733
202312,Meerut,v8YGmR7nOdj,indicator_13,6.097011
202312,Mirzapur,UAicdMLyuk4,indicator_13,5.575877
202312,Moradabad,YQNQoPjAIpV,indicator_13,9.301759
202312,Muzaffarnagar,MVQs2RrS1Nw,indicator_13,5.996388
202312,Pilibhit,c96jwckSd6j,indicator_13,7.947915
202312,Pratapgarh,fz7bJo3egPX,indicator_13,17.98435
202312,Prayagraj,tXgaew1Pd2Y,indicator_13,12.27559
202312,Rae Bareli,lLvTDpBDY8u,indicator_13,3.601703
202312,Rampur,IU006h5U7jj,indicator_13,4.901961
202312,Saharanpur,FKYZ3JbWq84,indicator_13,5.350888
202312,Sambhal,YzHpzrN0eLv,indicator_13,8.46722
202312,Sant Kabir Nagar,fe1yBApr2sl,indicator_13,7.940954
202312,Shahjahanpur,GaiLSoQq1ue,indicator_13,24.39987
202312,Shamli,AdiUcz9BXhx,indicator_13,3.300176
202312,Shrawasti,oyTwneTbWDx,indicator_13,14.48057
202312,Siddharth Nagar,cP0p8qfm3il,indicator_13,12.57628
202312,Sitapur,XxaOowFtkiJ,indicator_13,10.87382
202312,Sonbhadra,NNk3JP90QZ5,indicator_13,5.932452
202312,Sultanpur,o4ZQTVcMI7U,indicator_13,6.678257
202312,Unnav,aT03mfdlNiF,indicator_13,4.34883
202312,Varanasi,LeuBT7KfuuA,indicator_13,8.69309
202401,Agra,N5WWbRtsjWp,indicator_13,13.8048
202401,Aligarh,frD2HOp3wAs,indicator_13,4.289812
202401,Ambedkar Nagar,jM27ji8tyrM,indicator_13,3.901102
202401,Amethi,StsLkYw1G0m,indicator_13,2.915173
202401,Amroha,hgquAmZaNBu,indicator_13,12.90676
202401,Auraiya,Bd6E8zkVvVt,indicator_13,10.51924
202401,Ayodhya,b4XkXzoGqFY,indicator_13,5.612054
202401,Azamgarh,NjckKfm3g0k,indicator_13,13.75524
202401,Bagpat,HJIS3IrQ0Nj,indicator_13,13.30849
202401,Bahraich,iE0E3nLioFr,indicator_13,21.64639
202401,Ballia,oNDvGBE5fLq,indicator_13,13.79724
202401,Balrampur,uS0pNSxN3sS,indicator_13,5.652759
202401,Banda,DggJGxqbWHn,indicator_13,11.67416
202401,Barabanki,tzH6nJu9SwS,indicator_13,6.351141
202401,Bareilly,vVqY3DPcpHf,indicator_13,6.926741
202401,Basti,J1P16zQEOUT,indicator_13,10.27867
202401,Bhadohi,PeUY1vj02UQ,indicator_13,4.473617
202401,Bijnor,uCYjHW7FuGG,indicator_13,5.499262
202401,Budaun,eA37kyBRRuZ,indicator_13,11.41094
202401,Bulandshahar,ogBt4gWCiem,indicator_13,9.334797
202401,Chandauli,ClbehnmwSec,indicator_13,8.368611
202401,Chitrakoot,i2fSZZ3QAJJ,indicator_13,6.985473
202401,Deoria,Tf9b9qcbghH,indicator_13,12.6435
202401,Etah,ZLcx4iOVyN5,indicator_13,10.44745
202401,Etawah,Pm0jLk6EAiE,indicator_13,12.94851
202401,Farrukhabad,uEEwlAGZXWW,indicator_13,5.526047
202401,Fatehpur,ibLiLcaKzw2,indicator_13,6.687176
202401,Firozabad,eJTsuE56XDF,indicator_13,13.59321
202401,Gautam Buddha Nagar,bNmwkrQeP3e,indicator_13,8.568075
202401,Ghaziabad,M5NHlfAaKYI,indicator_13,9.394664
202401,Ghazipur,dScWdMRN8PL,indicator_13,13.68239
202401,Gonda,y8WarEkWCul,indicator_13,8.500628
202401,Gorakhpur,vR85cHdsw1w,indicator_13,14.22878
202401,Hamirpur,VSI7HobT5qL,indicator_13,7.975264
202401,Hapur,CZ8kLjgqvSH,indicator_13,8.728889
202401,Hardoi,MTIkUw5q5pX,indicator_13,4.289579
202401,Hathras,m1IAjmqkoFC,indicator_13,6.563492
202401,Jalaun,NL5xiiHZQSC,indicator_13,7.304437
202401,Jaunpur,gmw76vAUMqz,indicator_13,11.23905
202401,Jhansi,Mq751wBMqGF,indicator_13,5.755921
202401,Kannauj,IhQbDYRiF8w,indicator_13,13.71327
202401,Kanpur Dehat,k3D0AumUCiC,indicator_13,4.800292
202401,Kanpur Nagar,QVMRMhzVrrS,indicator_13,10.92918
202401,Kasganj,hITp09XOBLZ,indicator_13,4.402998
202401,Kaushambi,PAj0oVY0Dxu,indicator_13,7.783544
202401,Kushinagar,xUeHwd9FQkg,indicator_13,11.61183
202401,Lakhimpur Kheri,d9ZuMopgX29,indicator_13,11.07441
202401,Lalitpur,fagfcadhxej,indicator_13,10.04498
202401,Lucknow,MfHac5N78aK,indicator_13,17.33534
202401,Maharajganj,AcnMkNGgc3S,indicator_13,5.022028
202401,Mahoba,sUQMxIc3yXj,indicator_13,8.702461
202401,Mainpuri,XBLhrSWGytu,indicator_13,7.085846
202401,Mathura,KP2BUB1npih,indicator_13,7.014721
202401,Maunathbhanjan,CBSB9v92AwT,indicator_13,8.236197
202401,Meerut,v8YGmR7nOdj,indicator_13,6.274998
202401,Mirzapur,UAicdMLyuk4,indicator_13,5.746526
202401,Moradabad,YQNQoPjAIpV,indicator_13,8.604312
202401,Muzaffarnagar,MVQs2RrS1Nw,indicator_13,6.275229
202401,Pilibhit,c96jwckSd6j,indicator_13,7.186291
202401,Pratapgarh,fz7bJo3egPX,indicator_13,16.82922
202401,Prayagraj,tXgaew1Pd2Y,indicator_13,15.16447
202401,Rae Bareli,lLvTDpBDY8u,indicator_13,4.217761
202401,Rampur,IU006h5U7jj,indicator_13,4.856353
202401,Saharanpur,FKYZ3JbWq84,indicator_13,4.20145
202401,Sambhal,YzHpzrN0eLv,indicator_13,7.67313
202401,Sant Kabir Nagar,fe1yBApr2sl,indicator_13,7.53627
202401,Shahjahanpur,GaiLSoQq1ue,indicator_13,20.68777
202401,Shamli,AdiUcz9BXhx,indicator_13,3.335405
202401,Shrawasti,oyTwneTbWDx,indicator_13,12.12342
202401,Siddharth Nagar,cP0p8qfm3il,indicator_13,11.71226
202401,Sitapur,XxaOowFtkiJ,indicator_13,10.00657
202401,Sonbhadra,NNk3JP90QZ5,indicator_13,5.542827
202401,Sultanpur,o4ZQTVcMI7U,indicator_13,6.033444
202401,Unnav,aT03mfdlNiF,indicator_13,3.394595
202401,Varanasi,LeuBT7KfuuA,indicator_13,8.921007
202402,Agra,N5WWbRtsjWp,indicator_13,12.02579
202402,Aligarh,frD2HOp3wAs,indicator_13,4.072976
202402,Ambedkar Nagar,jM27ji8tyrM,indicator_13,3.979877
202402,Amethi,StsLkYw1G0m,indicator_13,2.176379
202402,Amroha,hgquAmZaNBu,indicator_13,13.93292
202402,Auraiya,Bd6E8zkVvVt,indicator_13,10.77157
202402,Ayodhya,b4XkXzoGqFY,indicator_13,5.827199
202402,Azamgarh,NjckKfm3g0k,indicator_13,10.93943
202402,Bagpat,HJIS3IrQ0Nj,indicator_13,10.222
202402,Bahraich,iE0E3nLioFr,indicator_13,17.62029
202402,Ballia,oNDvGBE5fLq,indicator_13,11.68244
202402,Balrampur,uS0pNSxN3sS,indicator_13,5.965909
202402,Banda,DggJGxqbWHn,indicator_13,11.33685
202402,Barabanki,tzH6nJu9SwS,indicator_13,5.806395
202402,Bareilly,vVqY3DPcpHf,indicator_13,6.091164
202402,Basti,J1P16zQEOUT,indicator_13,8.070363
202402,Bhadohi,PeUY1vj02UQ,indicator_13,4.354621
202402,Bijnor,uCYjHW7FuGG,indicator_13,5.522544
202402,Budaun,eA37kyBRRuZ,indicator_13,9.289964
202402,Bulandshahar,ogBt4gWCiem,indicator_13,9.732656
202402,Chandauli,ClbehnmwSec,indicator_13,7.687592
202402,Chitrakoot,i2fSZZ3QAJJ,indicator_13,5.643516
202402,Deoria,Tf9b9qcbghH,indicator_13,13.00564
202402,Etah,ZLcx4iOVyN5,indicator_13,8.149703
202402,Etawah,Pm0jLk6EAiE,indicator_13,11.03454
202402,Farrukhabad,uEEwlAGZXWW,indicator_13,5.12455
202402,Fatehpur,ibLiLcaKzw2,indicator_13,5.730467
202402,Firozabad,eJTsuE56XDF,indicator_13,11.73475
202402,Gautam Buddha Nagar,bNmwkrQeP3e,indicator_13,8.085333
202402,Ghaziabad,M5NHlfAaKYI,indicator_13,14.74996
202402,Ghazipur,dScWdMRN8PL,indicator_13,12.27351
202402,Gonda,y8WarEkWCul,indicator_13,6.948784
202402,Gorakhpur,vR85cHdsw1w,indicator_13,12.13692
202402,Hamirpur,VSI7HobT5qL,indicator_13,5.675848
202402,Hapur,CZ8kLjgqvSH,indicator_13,6.998935
202402,Hardoi,MTIkUw5q5pX,indicator_13,4.207261
202402,Hathras,m1IAjmqkoFC,indicator_13,5.917817
202402,Jalaun,NL5xiiHZQSC,indicator_13,4.544424
202402,Jaunpur,gmw76vAUMqz,indicator_13,10.94756
202402,Jhansi,Mq751wBMqGF,indicator_13,4.115533
202402,Kannauj,IhQbDYRiF8w,indicator_13,12.84401
202402,Kanpur Dehat,k3D0AumUCiC,indicator_13,4.591414
202402,Kanpur Nagar,QVMRMhzVrrS,indicator_13,9.187245
202402,Kasganj,hITp09XOBLZ,indicator_13,4.640312
202402,Kaushambi,PAj0oVY0Dxu,indicator_13,6.883135
202402,Kushinagar,xUeHwd9FQkg,indicator_13,10.72153
202402,Lakhimpur Kheri,d9ZuMopgX29,indicator_13,9.171375
202402,Lalitpur,fagfcadhxej,indicator_13,8.945527
202402,Lucknow,MfHac5N78aK,indicator_13,15.76416
202402,Maharajganj,AcnMkNGgc3S,indicator_13,4.405224
202402,Mahoba,sUQMxIc3yXj,indicator_13,8.61876
202402,Mainpuri,XBLhrSWGytu,indicator_13,6.274664
202402,Mathura,KP2BUB1npih,indicator_13,7.13328
202402,Maunathbhanjan,CBSB9v92AwT,indicator_13,7.22774
202402,Meerut,v8YGmR7nOdj,indicator_13,5.581897
202402,Mirzapur,UAicdMLyuk4,indicator_13,5.010428
202402,Moradabad,YQNQoPjAIpV,indicator_13,8.571563
202402,Muzaffarnagar,MVQs2RrS1Nw,indicator_13,5.569721
202402,Pilibhit,c96jwckSd6j,indicator_13,5.884341
202402,Pratapgarh,fz7bJo3egPX,indicator_13,14.93261
202402,Prayagraj,tXgaew1Pd2Y,indicator_13,13.38427
202402,Rae Bareli,lLvTDpBDY8u,indicator_13,3.86064
202402,Rampur,IU006h5U7jj,indicator_13,4.803922
202402,Saharanpur,FKYZ3JbWq84,indicator_13,3.94698
202402,Sambhal,YzHpzrN0eLv,indicator_13,6.383502
202402,Sant Kabir Nagar,fe1yBApr2sl,indicator_13,7.214604
202402,Shahjahanpur,GaiLSoQq1ue,indicator_13,12.94658
202402,Shamli,AdiUcz9BXhx,indicator_13,2.993331
202402,Shrawasti,oyTwneTbWDx,indicator_13,8.721777
202402,Siddharth Nagar,cP0p8qfm3il,indicator_13,11.3351
202402,Sitapur,XxaOowFtkiJ,indicator_13,9.100739
202402,Sonbhadra,NNk3JP90QZ5,indicator_13,6.653155
202402,Sultanpur,o4ZQTVcMI7U,indicator_13,6.008614
202402,Unnav,aT03mfdlNiF,indicator_13,2.806422
202402,Varanasi,LeuBT7KfuuA,indicator_13,8.808422
202403,Agra,N5WWbRtsjWp,indicator_13,10.60671
202403,Aligarh,frD2HOp3wAs,indicator_13,3.91203
202403,Ambedkar Nagar,jM27ji8tyrM,indicator_13,4.164225
202403,Amethi,StsLkYw1G0m,indicator_13,2.08346
202403,Amroha,hgquAmZaNBu,indicator_13,9.368749
202403,Auraiya,Bd6E8zkVvVt,indicator_13,10.37648
202403,Ayodhya,b4XkXzoGqFY,indicator_13,5.606751
202403,Azamgarh,NjckKfm3g0k,indicator_13,7.256996
202403,Bagpat,HJIS3IrQ0Nj,indicator_13,5.252399
202403,Bahraich,iE0E3nLioFr,indicator_13,13.41714
202403,Ballia,oNDvGBE5fLq,indicator_13,8.443774
202403,Balrampur,uS0pNSxN3sS,indicator_13,6.347318
202403,Banda,DggJGxqbWHn,indicator_13,9.406344
202403,Barabanki,tzH6nJu9SwS,indicator_13,5.652959
202403,Bareilly,vVqY3DPcpHf,indicator_13,4.760621
202403,Basti,J1P16zQEOUT,indicator_13,5.705155
202403,Bhadohi,PeUY1vj02UQ,indicator_13,4.596194
202403,Bijnor,uCYjHW7FuGG,indicator_13,5.616857
202403,Budaun,eA37kyBRRuZ,indicator_13,8.2409887
202403,Bulandshahar,ogBt4gWCiem,indicator_13,6.397791
202403,Chandauli,ClbehnmwSec,indicator_13,6.063704
202403,Chitrakoot,i2fSZZ3QAJJ,indicator_13,4.249855
202403,Deoria,Tf9b9qcbghH,indicator_13,11.84398
202403,Etah,ZLcx4iOVyN5,indicator_13,7.995377
202403,Etawah,Pm0jLk6EAiE,indicator_13,9.769849
202403,Farrukhabad,uEEwlAGZXWW,indicator_13,4.711267
202403,Fatehpur,ibLiLcaKzw2,indicator_13,4.334849
202403,Firozabad,eJTsuE56XDF,indicator_13,9.993768
202403,Gautam Buddha Nagar,bNmwkrQeP3e,indicator_13,7.484318
202403,Ghaziabad,M5NHlfAaKYI,indicator_13,14.12359
202403,Ghazipur,dScWdMRN8PL,indicator_13,10.81755
202403,Gonda,y8WarEkWCul,indicator_13,5.54642
202403,Gorakhpur,vR85cHdsw1w,indicator_13,10.41588
202403,Hamirpur,VSI7HobT5qL,indicator_13,2.835364
202403,Hapur,CZ8kLjgqvSH,indicator_13,4.484244
202403,Hardoi,MTIkUw5q5pX,indicator_13,4.489876
202403,Hathras,m1IAjmqkoFC,indicator_13,5.441853
202403,Jalaun,NL5xiiHZQSC,indicator_13,2.829165
202403,Jaunpur,gmw76vAUMqz,indicator_13,7.541885
202403,Jhansi,Mq751wBMqGF,indicator_13,3.720287
202403,Kannauj,IhQbDYRiF8w,indicator_13,10.99986
202403,Kanpur Dehat,k3D0AumUCiC,indicator_13,4.102307
202403,Kanpur Nagar,QVMRMhzVrrS,indicator_13,6.698009
202403,Kasganj,hITp09XOBLZ,indicator_13,3.317941
202403,Kaushambi,PAj0oVY0Dxu,indicator_13,6.207338
202403,Kushinagar,xUeHwd9FQkg,indicator_13,8.432973
202403,Lakhimpur Kheri,d9ZuMopgX29,indicator_13,5.574813
202403,Lalitpur,fagfcadhxej,indicator_13,7.70112
202403,Lucknow,MfHac5N78aK,indicator_13,10.6659
202403,Maharajganj,AcnMkNGgc3S,indicator_13,3.803268
202403,Mahoba,sUQMxIc3yXj,indicator_13,8.53014
202403,Mainpuri,XBLhrSWGytu,indicator_13,5.517977
202403,Mathura,KP2BUB1npih,indicator_13,8.315746
202403,Maunathbhanjan,CBSB9v92AwT,indicator_13,6.489429
202403,Meerut,v8YGmR7nOdj,indicator_13,4.561569
202403,Mirzapur,UAicdMLyuk4,indicator_13,4.00019
202403,Moradabad,YQNQoPjAIpV,indicator_13,7.927809
202403,Muzaffarnagar,MVQs2RrS1Nw,indicator_13,5.435129
202403,Pilibhit,c96jwckSd6j,indicator_13,4.715158
202403,Pratapgarh,fz7bJo3egPX,indicator_13,11.69591
202403,Prayagraj,tXgaew1Pd2Y,indicator_13,12.21472
202403,Rae Bareli,lLvTDpBDY8u,indicator_13,3.710183
202403,Rampur,IU006h5U7jj,indicator_13,4.858516
202403,Saharanpur,FKYZ3JbWq84,indicator_13,3.887762
202403,Sambhal,YzHpzrN0eLv,indicator_13,6.510762
202403,Sant Kabir Nagar,fe1yBApr2sl,indicator_13,13.23337
202403,Shahjahanpur,GaiLSoQq1ue,indicator_13,10.99773
202403,Shamli,AdiUcz9BXhx,indicator_13,3.218462
202403,Shrawasti,oyTwneTbWDx,indicator_13,7.110787
202403,Siddharth Nagar,cP0p8qfm3il,indicator_13,10.62098
202403,Sitapur,XxaOowFtkiJ,indicator_13,7.519106
202403,Sonbhadra,NNk3JP90QZ5,indicator_13,5.645933
202403,Sultanpur,o4ZQTVcMI7U,indicator_13,6.546286
202403,Unnav,aT03mfdlNiF,indicator_13,2.314053
202403,Varanasi,LeuBT7KfuuA,indicator_13,8.676415
202404,Agra,N5WWbRtsjWp,indicator_13,9.156108
202404,Aligarh,frD2HOp3wAs,indicator_13,4.203655
202404,Ambedkar Nagar,jM27ji8tyrM,indicator_13,4.026969
202404,Amethi,StsLkYw1G0m,indicator_13,2.276708
202404,Amroha,hgquAmZaNBu,indicator_13,9.05087
202404,Auraiya,Bd6E8zkVvVt,indicator_13,9.846395
202404,Ayodhya,b4XkXzoGqFY,indicator_13,5.758968
202404,Azamgarh,NjckKfm3g0k,indicator_13,8.264745
202404,Bagpat,HJIS3IrQ0Nj,indicator_13,5.141356
202404,Bahraich,iE0E3nLioFr,indicator_13,10.60515
202404,Ballia,oNDvGBE5fLq,indicator_13,7.170727
202404,Balrampur,uS0pNSxN3sS,indicator_13,6.435821
202404,Banda,DggJGxqbWHn,indicator_13,8.123953
202404,Barabanki,tzH6nJu9SwS,indicator_13,5.378753
202404,Bareilly,vVqY3DPcpHf,indicator_13,4.84126
202404,Basti,J1P16zQEOUT,indicator_13,5.56325
202404,Bhadohi,PeUY1vj02UQ,indicator_13,5.296592
202404,Bijnor,uCYjHW7FuGG,indicator_13,5.104021
202404,Budaun,eA37kyBRRuZ,indicator_13,6.588509
202404,Bulandshahar,ogBt4gWCiem,indicator_13,7.618093
202404,Chandauli,ClbehnmwSec,indicator_13,5.792664
202404,Chitrakoot,i2fSZZ3QAJJ,indicator_13,4.183614
202404,Deoria,Tf9b9qcbghH,indicator_13,11.12476
202404,Etah,ZLcx4iOVyN5,indicator_13,7.972082
202404,Etawah,Pm0jLk6EAiE,indicator_13,8.65981
202404,Farrukhabad,uEEwlAGZXWW,indicator_13,4.903743
202404,Fatehpur,ibLiLcaKzw2,indicator_13,3.824795
202404,Firozabad,eJTsuE56XDF,indicator_13,9.508725
202404,Gautam Buddha Nagar,bNmwkrQeP3e,indicator_13,7.242667
202404,Ghaziabad,M5NHlfAaKYI,indicator_13,15.83184
202404,Ghazipur,dScWdMRN8PL,indicator_13,8.426254
202404,Gonda,y8WarEkWCul,indicator_13,5.264848
202404,Gorakhpur,vR85cHdsw1w,indicator_13,8.855208
202404,Hamirpur,VSI7HobT5qL,indicator_13,2.744681
202404,Hapur,CZ8kLjgqvSH,indicator_13,3.810368
202404,Hardoi,MTIkUw5q5pX,indicator_13,4.492194
202404,Hathras,m1IAjmqkoFC,indicator_13,4.719975
202404,Jalaun,NL5xiiHZQSC,indicator_13,2.914467
202404,Jaunpur,gmw76vAUMqz,indicator_13,4.713336
202404,Jhansi,Mq751wBMqGF,indicator_13,3.196808
202404,Kannauj,IhQbDYRiF8w,indicator_13,10.65362
202404,Kanpur Dehat,k3D0AumUCiC,indicator_13,4.012315
202404,Kanpur Nagar,QVMRMhzVrrS,indicator_13,8.267395
202404,Kasganj,hITp09XOBLZ,indicator_13,3.392767
202404,Kaushambi,PAj0oVY0Dxu,indicator_13,5.333098
202404,Kushinagar,xUeHwd9FQkg,indicator_13,7.348269
202404,Lakhimpur Kheri,d9ZuMopgX29,indicator_13,5.458941
202404,Lalitpur,fagfcadhxej,indicator_13,4.944916
202404,Lucknow,MfHac5N78aK,indicator_13,9.806993
202404,Maharajganj,AcnMkNGgc3S,indicator_13,3.383846
202404,Mahoba,sUQMxIc3yXj,indicator_13,7.354586
202404,Mainpuri,XBLhrSWGytu,indicator_13,5.286092
202404,Mathura,KP2BUB1npih,indicator_13,8.892906
202404,Maunathbhanjan,CBSB9v92AwT,indicator_13,7.213422
202404,Meerut,v8YGmR7nOdj,indicator_13,4.744736
202404,Mirzapur,UAicdMLyuk4,indicator_13,4.115695
202404,Moradabad,YQNQoPjAIpV,indicator_13,7.731723
202404,Muzaffarnagar,MVQs2RrS1Nw,indicator_13,4.506803
202404,Pilibhit,c96jwckSd6j,indicator_13,4.173582
202404,Pratapgarh,fz7bJo3egPX,indicator_13,9.815219
202404,Prayagraj,tXgaew1Pd2Y,indicator_13,9.998366
202404,Rae Bareli,lLvTDpBDY8u,indicator_13,3.919326
202404,Rampur,IU006h5U7jj,indicator_13,4.535307
202404,Saharanpur,FKYZ3JbWq84,indicator_13,3.774058
202404,Sambhal,YzHpzrN0eLv,indicator_13,6.314623
202404,Sant Kabir Nagar,fe1yBApr2sl,indicator_13,17.30544
202404,Shahjahanpur,GaiLSoQq1ue,indicator_13,8.847736
202404,Shamli,AdiUcz9BXhx,indicator_13,3.943706
202404,Shrawasti,oyTwneTbWDx,indicator_13,7.14459
202404,Siddharth Nagar,cP0p8qfm3il,indicator_13,9.445833
202404,Sitapur,XxaOowFtkiJ,indicator_13,6.811889
202404,Sonbhadra,NNk3JP90QZ5,indicator_13,7.000761
202404,Sultanpur,o4ZQTVcMI7U,indicator_13,5.742804
202404,Unnav,aT03mfdlNiF,indicator_13,2.688847
202404,Varanasi,LeuBT7KfuuA,indicator_13,8.110333
202405,Agra,N5WWbRtsjWp,indicator_13,9.180015
202405,Aligarh,frD2HOp3wAs,indicator_13,4.321644
202405,Ambedkar Nagar,jM27ji8tyrM,indicator_13,4.050673
202405,Amethi,StsLkYw1G0m,indicator_13,2.309922
202405,Amroha,hgquAmZaNBu,indicator_13,8.966454
202405,Auraiya,Bd6E8zkVvVt,indicator_13,9.827998
202405,Ayodhya,b4XkXzoGqFY,indicator_13,5.788616
202405,Azamgarh,NjckKfm3g0k,indicator_13,9.01136
202405,Bagpat,HJIS3IrQ0Nj,indicator_13,5.082979
202405,Bahraich,iE0E3nLioFr,indicator_13,10.60227
202405,Ballia,oNDvGBE5fLq,indicator_13,7.195332
202405,Balrampur,uS0pNSxN3sS,indicator_13,6.435821
202405,Banda,DggJGxqbWHn,indicator_13,8.119193
202405,Barabanki,tzH6nJu9SwS,indicator_13,5.412271
202405,Bareilly,vVqY3DPcpHf,indicator_13,4.78449
202405,Basti,J1P16zQEOUT,indicator_13,5.551708
202405,Bhadohi,PeUY1vj02UQ,indicator_13,5.317627
202405,Bijnor,uCYjHW7FuGG,indicator_13,5.253054
202405,Budaun,eA37kyBRRuZ,indicator_13,6.557654
202405,Bulandshahar,ogBt4gWCiem,indicator_13,8.791951
202405,Chandauli,ClbehnmwSec,indicator_13,5.789603
202405,Chitrakoot,i2fSZZ3QAJJ,indicator_13,4.188457
202405,Deoria,Tf9b9qcbghH,indicator_13,11.00756
202405,Etah,ZLcx4iOVyN5,indicator_13,7.723064
202405,Etawah,Pm0jLk6EAiE,indicator_13,8.658907
202405,Farrukhabad,uEEwlAGZXWW,indicator_13,4.910474
202405,Fatehpur,ibLiLcaKzw2,indicator_13,3.827109
202405,Firozabad,eJTsuE56XDF,indicator_13,9.481417
202405,Gautam Buddha Nagar,bNmwkrQeP3e,indicator_13,7.242667
202405,Ghaziabad,M5NHlfAaKYI,indicator_13,15.79336
202405,Ghazipur,dScWdMRN8PL,indicator_13,8.418018
202405,Gonda,y8WarEkWCul,indicator_13,5.274554
202405,Gorakhpur,vR85cHdsw1w,indicator_13,8.834521
202405,Hamirpur,VSI7HobT5qL,indicator_13,2.744681
202405,Hapur,CZ8kLjgqvSH,indicator_13,3.805937
202405,Hardoi,MTIkUw5q5pX,indicator_13,4.469193
202405,Hathras,m1IAjmqkoFC,indicator_13,4.739807
202405,Jalaun,NL5xiiHZQSC,indicator_13,2.942846
202405,Jaunpur,gmw76vAUMqz,indicator_13,4.507289
202405,Jhansi,Mq751wBMqGF,indicator_13,2.983534
202405,Kannauj,IhQbDYRiF8w,indicator_13,10.73027
202405,Kanpur Dehat,k3D0AumUCiC,indicator_13,4.005694
202405,Kanpur Nagar,QVMRMhzVrrS,indicator_13,8.265537
202405,Kasganj,hITp09XOBLZ,indicator_13,3.392767
202405,Kaushambi,PAj0oVY0Dxu,indicator_13,5.456794
202405,Kushinagar,xUeHwd9FQkg,indicator_13,7.282227
202405,Lakhimpur Kheri,d9ZuMopgX29,indicator_13,5.454054
202405,Lalitpur,fagfcadhxej,indicator_13,4.944916
202405,Lucknow,MfHac5N78aK,indicator_13,9.824462
202405,Maharajganj,AcnMkNGgc3S,indicator_13,3.387744
202405,Mahoba,sUQMxIc3yXj,indicator_13,7.304251
202405,Mainpuri,XBLhrSWGytu,indicator_13,5.286092
202405,Mathura,KP2BUB1npih,indicator_13,8.890037
202405,Maunathbhanjan,CBSB9v92AwT,indicator_13,7.233914
202405,Meerut,v8YGmR7nOdj,indicator_13,4.749291
202405,Mirzapur,UAicdMLyuk4,indicator_13,4.122807
202405,Moradabad,YQNQoPjAIpV,indicator_13,7.658523
202405,Muzaffarnagar,MVQs2RrS1Nw,indicator_13,4.544005
202405,Pilibhit,c96jwckSd6j,indicator_13,4.170508
202405,Pratapgarh,fz7bJo3egPX,indicator_13,9.858473
202405,Prayagraj,tXgaew1Pd2Y,indicator_13,10.00599
202405,Rae Bareli,lLvTDpBDY8u,indicator_13,3.917319
202405,Rampur,IU006h5U7jj,indicator_13,4.526495
202405,Saharanpur,FKYZ3JbWq84,indicator_13,3.76399
202405,Sambhal,YzHpzrN0eLv,indicator_13,6.326932
202405,Sant Kabir Nagar,fe1yBApr2sl,indicator_13,17.26753
202405,Shahjahanpur,GaiLSoQq1ue,indicator_13,8.830409
202405,Shamli,AdiUcz9BXhx,indicator_13,3.943706
202405,Shrawasti,oyTwneTbWDx,indicator_13,7.14459
202405,Siddharth Nagar,cP0p8qfm3il,indicator_13,9.439584
202405,Sitapur,XxaOowFtkiJ,indicator_13,6.767101
202405,Sonbhadra,NNk3JP90QZ5,indicator_13,6.927623
202405,Sultanpur,o4ZQTVcMI7U,indicator_13,5.745125
202405,Unnav,aT03mfdlNiF,indicator_13,2.686754
202405,Varanasi,LeuBT7KfuuA,indicator_13,8.105759
202406,Agra,N5WWbRtsjWp,indicator_13,5.830237
202406,Aligarh,frD2HOp3wAs,indicator_13,4.012671
202406,Ambedkar Nagar,jM27ji8tyrM,indicator_13,3.756214
202406,Amethi,StsLkYw1G0m,indicator_13,2.642387
202406,Amroha,hgquAmZaNBu,indicator_13,7.391926
202406,Auraiya,Bd6E8zkVvVt,indicator_13,9.31426
202406,Ayodhya,b4XkXzoGqFY,indicator_13,5.082789
202406,Azamgarh,NjckKfm3g0k,indicator_13,7.359258
202406,Bagpat,HJIS3IrQ0Nj,indicator_13,5.025
202406,Bahraich,iE0E3nLioFr,indicator_13,7.124386
202406,Ballia,oNDvGBE5fLq,indicator_13,3.798981
202406,Balrampur,uS0pNSxN3sS,indicator_13,6.509663
202406,Banda,DggJGxqbWHn,indicator_13,4.873017
202406,Barabanki,tzH6nJu9SwS,indicator_13,4.397426
202406,Bareilly,vVqY3DPcpHf,indicator_13,5.014423
202406,Basti,J1P16zQEOUT,indicator_13,4.743785
202406,Bhadohi,PeUY1vj02UQ,indicator_13,4.551376
202406,Bijnor,uCYjHW7FuGG,indicator_13,4.622377
202406,Budaun,eA37kyBRRuZ,indicator_13,4.900718
202406,Bulandshahar,ogBt4gWCiem,indicator_13,8.119239
202406,Chandauli,ClbehnmwSec,indicator_13,4.850929
202406,Chitrakoot,i2fSZZ3QAJJ,indicator_13,3.356549
202406,Deoria,Tf9b9qcbghH,indicator_13,9.0244
202406,Etah,ZLcx4iOVyN5,indicator_13,7.231912
202406,Etawah,Pm0jLk6EAiE,indicator_13,7.022889
202406,Farrukhabad,uEEwlAGZXWW,indicator_13,4.351346
202406,Fatehpur,ibLiLcaKzw2,indicator_13,3.072794
202406,Firozabad,eJTsuE56XDF,indicator_13,8.161275
202406,Gautam Buddha Nagar,bNmwkrQeP3e,indicator_13,4.913403
202406,Ghaziabad,M5NHlfAaKYI,indicator_13,10.65861
202406,Ghazipur,dScWdMRN8PL,indicator_13,5.315492
202406,Gonda,y8WarEkWCul,indicator_13,4.951703
202406,Gorakhpur,vR85cHdsw1w,indicator_13,7.628948
202406,Hamirpur,VSI7HobT5qL,indicator_13,2.205412
202406,Hapur,CZ8kLjgqvSH,indicator_13,3.073318
202406,Hardoi,MTIkUw5q5pX,indicator_13,4.226636
202406,Hathras,m1IAjmqkoFC,indicator_13,3.01422
202406,Jalaun,NL5xiiHZQSC,indicator_13,2.914964
202406,Jaunpur,gmw76vAUMqz,indicator_13,3.159454
202406,Jhansi,Mq751wBMqGF,indicator_13,2.57705
202406,Kannauj,IhQbDYRiF8w,indicator_13,7.913251
202406,Kanpur Dehat,k3D0AumUCiC,indicator_13,3.406085
202406,Kanpur Nagar,QVMRMhzVrrS,indicator_13,12.92926
202406,Kasganj,hITp09XOBLZ,indicator_13,2.887205
202406,Kaushambi,PAj0oVY0Dxu,indicator_13,3.964307
202406,Kushinagar,xUeHwd9FQkg,indicator_13,5.998443
202406,Lakhimpur Kheri,d9ZuMopgX29,indicator_13,4.490188
202406,Lalitpur,fagfcadhxej,indicator_13,2.882679
202406,Lucknow,MfHac5N78aK,indicator_13,6.438988
202406,Maharajganj,AcnMkNGgc3S,indicator_13,3.191724
202406,Mahoba,sUQMxIc3yXj,indicator_13,4.225431
202406,Mainpuri,XBLhrSWGytu,indicator_13,4.179176
202406,Mathura,KP2BUB1npih,indicator_13,6.244824
202406,Maunathbhanjan,CBSB9v92AwT,indicator_13,6.380998
202406,Meerut,v8YGmR7nOdj,indicator_13,3.499605
202406,Mirzapur,UAicdMLyuk4,indicator_13,3.671834
202406,Moradabad,YQNQoPjAIpV,indicator_13,6.083157
202406,Muzaffarnagar,MVQs2RrS1Nw,indicator_13,3.897346
202406,Pilibhit,c96jwckSd6j,indicator_13,3.263812
202406,Pratapgarh,fz7bJo3egPX,indicator_13,6.434063
202406,Prayagraj,tXgaew1Pd2Y,indicator_13,4.791889
202406,Rae Bareli,lLvTDpBDY8u,indicator_13,3.867991
202406,Rampur,IU006h5U7jj,indicator_13,3.788813
202406,Saharanpur,FKYZ3JbWq84,indicator_13,3.929365
202406,Sambhal,YzHpzrN0eLv,indicator_13,4.494278
202406,Sant Kabir Nagar,fe1yBApr2sl,indicator_13,12.10005
202406,Shahjahanpur,GaiLSoQq1ue,indicator_13,6.326081
202406,Shamli,AdiUcz9BXhx,indicator_13,4.095914
202406,Shrawasti,oyTwneTbWDx,indicator_13,6.547835
202406,Siddharth Nagar,cP0p8qfm3il,indicator_13,9.148596
202406,Sitapur,XxaOowFtkiJ,indicator_13,6.195855
202406,Sonbhadra,NNk3JP90QZ5,indicator_13,6.043859
202406,Sultanpur,o4ZQTVcMI7U,indicator_13,5.215878
202406,Unnav,aT03mfdlNiF,indicator_13,2.610656
202406,Varanasi,LeuBT7KfuuA,indicator_13,7.239798
202407,Agra,N5WWbRtsjWp,indicator_13,4.745401
202407,Aligarh,frD2HOp3wAs,indicator_13,3.80693
202407,Ambedkar Nagar,jM27ji8tyrM,indicator_13,3.667289
202407,Amethi,StsLkYw1G0m,indicator_13,3.036706
202407,Amroha,hgquAmZaNBu,indicator_13,6.824176
202407,Auraiya,Bd6E8zkVvVt,indicator_13,9.050472
202407,Ayodhya,b4XkXzoGqFY,indicator_13,4.759098
202407,Azamgarh,NjckKfm3g0k,indicator_13,6.808271
202407,Bagpat,HJIS3IrQ0Nj,indicator_13,4.994164
202407,Bahraich,iE0E3nLioFr,indicator_13,6.380197
202407,Ballia,oNDvGBE5fLq,indicator_13,2.850415
202407,Balrampur,uS0pNSxN3sS,indicator_13,6.808475
202407,Banda,DggJGxqbWHn,indicator_13,3.375104
202407,Barabanki,tzH6nJu9SwS,indicator_13,4.37381
202407,Bareilly,vVqY3DPcpHf,indicator_13,5.026685
202407,Basti,J1P16zQEOUT,indicator_13,4.475031
202407,Bhadohi,PeUY1vj02UQ,indicator_13,4.615191
202407,Bijnor,uCYjHW7FuGG,indicator_13,4.262428
202407,Budaun,eA37kyBRRuZ,indicator_13,4.535665
202407,Bulandshahar,ogBt4gWCiem,indicator_13,6.856297
202407,Chandauli,ClbehnmwSec,indicator_13,4.722197
202407,Chitrakoot,i2fSZZ3QAJJ,indicator_13,3.097174
202407,Deoria,Tf9b9qcbghH,indicator_13,8.239511
202407,Etah,ZLcx4iOVyN5,indicator_13,7.072932
202407,Etawah,Pm0jLk6EAiE,indicator_13,6.029826
202407,Farrukhabad,uEEwlAGZXWW,indicator_13,3.929969
202407,Fatehpur,ibLiLcaKzw2,indicator_13,3.295968
202407,Firozabad,eJTsuE56XDF,indicator_13,7.271003
202407,Gautam Buddha Nagar,bNmwkrQeP3e,indicator_13,4.574749
202407,Ghaziabad,M5NHlfAaKYI,indicator_13,6.601565
202407,Ghazipur,dScWdMRN8PL,indicator_13,5.42546
202407,Gonda,y8WarEkWCul,indicator_13,4.791514
202407,Gorakhpur,vR85cHdsw1w,indicator_13,7.860563
202407,Hamirpur,VSI7HobT5qL,indicator_13,2.081557
202407,Hapur,CZ8kLjgqvSH,indicator_13,3.004197
202407,Hardoi,MTIkUw5q5pX,indicator_13,4.53208
202407,Hathras,m1IAjmqkoFC,indicator_13,3.102031
202407,Jalaun,NL5xiiHZQSC,indicator_13,2.562354
202407,Jaunpur,gmw76vAUMqz,indicator_13,3.035337
202407,Jhansi,Mq751wBMqGF,indicator_13,2.607648
202407,Kannauj,IhQbDYRiF8w,indicator_13,6.663251
202407,Kanpur Dehat,k3D0AumUCiC,indicator_13,3.068783
202407,Kanpur Nagar,QVMRMhzVrrS,indicator_13,11.66122
202407,Kasganj,hITp09XOBLZ,indicator_13,2.462121
202407,Kaushambi,PAj0oVY0Dxu,indicator_13,4.038624
202407,Kushinagar,xUeHwd9FQkg,indicator_13,5.235332
202407,Lakhimpur Kheri,d9ZuMopgX29,indicator_13,4.029068
202407,Lalitpur,fagfcadhxej,indicator_13,2.974943
202407,Lucknow,MfHac5N78aK,indicator_13,5.445814
202407,Maharajganj,AcnMkNGgc3S,indicator_13,3.596488
202407,Mahoba,sUQMxIc3yXj,indicator_13,2.955996
202407,Mainpuri,XBLhrSWGytu,indicator_13,3.861386
202407,Mathura,KP2BUB1npih,indicator_13,5.143411
202407,Maunathbhanjan,CBSB9v92AwT,indicator_13,5.85088
202407,Meerut,v8YGmR7nOdj,indicator_13,3.445
202407,Mirzapur,UAicdMLyuk4,indicator_13,3.577525
202407,Moradabad,YQNQoPjAIpV,indicator_13,5.724707
202407,Muzaffarnagar,MVQs2RrS1Nw,indicator_13,3.773034
202407,Pilibhit,c96jwckSd6j,indicator_13,3.096556
202407,Pratapgarh,fz7bJo3egPX,indicator_13,5.503233
202407,Prayagraj,tXgaew1Pd2Y,indicator_13,3.403468
202407,Rae Bareli,lLvTDpBDY8u,indicator_13,3.831671
202407,Rampur,IU006h5U7jj,indicator_13,2.990364
202407,Saharanpur,FKYZ3JbWq84,indicator_13,4.028484
202407,Sambhal,YzHpzrN0eLv,indicator_13,4.524205
202407,Sant Kabir Nagar,fe1yBApr2sl,indicator_13,9.29921
202407,Shahjahanpur,GaiLSoQq1ue,indicator_13,5.603039
202407,Shamli,AdiUcz9BXhx,indicator_13,4.427646
202407,Shrawasti,oyTwneTbWDx,indicator_13,6.561059
202407,Siddharth Nagar,cP0p8qfm3il,indicator_13,8.173196
202407,Sitapur,XxaOowFtkiJ,indicator_13,5.541757
202407,Sonbhadra,NNk3JP90QZ5,indicator_13,5.225368
202407,Sultanpur,o4ZQTVcMI7U,indicator_13,4.946356
202407,Unnav,aT03mfdlNiF,indicator_13,2.347037
202407,Varanasi,LeuBT7KfuuA,indicator_13,6.906694
202408,Agra,N5WWbRtsjWp,indicator_13,4.528007
202408,Aligarh,frD2HOp3wAs,indicator_13,3.706275
202408,Ambedkar Nagar,jM27ji8tyrM,indicator_13,3.282696
202408,Amethi,StsLkYw1G0m,indicator_13,3.347091
202408,Amroha,hgquAmZaNBu,indicator_13,5.946757
202408,Auraiya,Bd6E8zkVvVt,indicator_13,7.907146
202408,Ayodhya,b4XkXzoGqFY,indicator_13,4.251142
202408,Azamgarh,NjckKfm3g0k,indicator_13,6.285465
202408,Bagpat,HJIS3IrQ0Nj,indicator_13,4.3708334
202408,Bahraich,iE0E3nLioFr,indicator_13,5.722165
202408,Ballia,oNDvGBE5fLq,indicator_13,2.205701
202408,Balrampur,uS0pNSxN3sS,indicator_13,6.242194
202408,Banda,DggJGxqbWHn,indicator_13,2.942975
202408,Barabanki,tzH6nJu9SwS,indicator_13,4.165125
202408,Bareilly,vVqY3DPcpHf,indicator_13,5.008274
202408,Basti,J1P16zQEOUT,indicator_13,3.841542
202408,Bhadohi,PeUY1vj02UQ,indicator_13,4.732467
202408,Bijnor,uCYjHW7FuGG,indicator_13,3.998766
202408,Budaun,eA37kyBRRuZ,indicator_13,4.5387378
202408,Bulandshahar,ogBt4gWCiem,indicator_13,6.149203
202408,Chandauli,ClbehnmwSec,indicator_13,4.57654
202408,Chitrakoot,i2fSZZ3QAJJ,indicator_13,3.074763
202408,Deoria,Tf9b9qcbghH,indicator_13,7.013482
202408,Etah,ZLcx4iOVyN5,indicator_13,7.119877
202408,Etawah,Pm0jLk6EAiE,indicator_13,5.356463
202408,Farrukhabad,uEEwlAGZXWW,indicator_13,3.959261
202408,Fatehpur,ibLiLcaKzw2,indicator_13,3.358243
202408,Firozabad,eJTsuE56XDF,indicator_13,6.890009
202408,Gautam Buddha Nagar,bNmwkrQeP3e,indicator_13,4.216677
202408,Ghaziabad,M5NHlfAaKYI,indicator_13,5.771935
202408,Ghazipur,dScWdMRN8PL,indicator_13,5.016701
202408,Gonda,y8WarEkWCul,indicator_13,4.266539
202408,Gorakhpur,vR85cHdsw1w,indicator_13,7.759655
202408,Hamirpur,VSI7HobT5qL,indicator_13,2.044226
202408,Hapur,CZ8kLjgqvSH,indicator_13,2.913136
202408,Hardoi,MTIkUw5q5pX,indicator_13,4.500096
202408,Hathras,m1IAjmqkoFC,indicator_13,3.070851
202408,Jalaun,NL5xiiHZQSC,indicator_13,2.457247
202408,Jaunpur,gmw76vAUMqz,indicator_13,2.677123
202408,Jhansi,Mq751wBMqGF,indicator_13,2.500966
202408,Kannauj,IhQbDYRiF8w,indicator_13,5.372042
202408,Kanpur Dehat,k3D0AumUCiC,indicator_13,2.962963
202408,Kanpur Nagar,QVMRMhzVrrS,indicator_13,10.33505
202408,Kasganj,hITp09XOBLZ,indicator_13,2.445286
202408,Kaushambi,PAj0oVY0Dxu,indicator_13,3.806472
202408,Kushinagar,xUeHwd9FQkg,indicator_13,5.037052
202408,Lakhimpur Kheri,d9ZuMopgX29,indicator_13,3.589015
202408,Lalitpur,fagfcadhxej,indicator_13,2.654052
202408,Lucknow,MfHac5N78aK,indicator_13,4.149578
202408,Maharajganj,AcnMkNGgc3S,indicator_13,4.143243
202408,Mahoba,sUQMxIc3yXj,indicator_13,2.858901
202408,Mainpuri,XBLhrSWGytu,indicator_13,3.364217
202408,Mathura,KP2BUB1npih,indicator_13,4.516349
202408,Maunathbhanjan,CBSB9v92AwT,indicator_13,6.439967
202408,Meerut,v8YGmR7nOdj,indicator_13,3.288438
202408,Mirzapur,UAicdMLyuk4,indicator_13,3.276901
202408,Moradabad,YQNQoPjAIpV,indicator_13,5.528819
202408,Muzaffarnagar,MVQs2RrS1Nw,indicator_13,3.347913
202408,Pilibhit,c96jwckSd6j,indicator_13,3.451458
202408,Pratapgarh,fz7bJo3egPX,indicator_13,4.381514
202408,Prayagraj,tXgaew1Pd2Y,indicator_13,2.142988
202408,Rae Bareli,lLvTDpBDY8u,indicator_13,3.388779
202408,Rampur,IU006h5U7jj,indicator_13,2.998391
202408,Saharanpur,FKYZ3JbWq84,indicator_13,4.220366
202408,Sambhal,YzHpzrN0eLv,indicator_13,4.336594
202408,Sant Kabir Nagar,fe1yBApr2sl,indicator_13,6.614519
202408,Shahjahanpur,GaiLSoQq1ue,indicator_13,5.211705
202408,Shamli,AdiUcz9BXhx,indicator_13,4.277195
202408,Shrawasti,oyTwneTbWDx,indicator_13,6.2211699
202408,Siddharth Nagar,cP0p8qfm3il,indicator_13,6.862987
202408,Sitapur,XxaOowFtkiJ,indicator_13,5.079247
202408,Sonbhadra,NNk3JP90QZ5,indicator_13,4.830707
202408,Sultanpur,o4ZQTVcMI7U,indicator_13,4.425087
202408,Unnav,aT03mfdlNiF,indicator_13,2.2444098
202408,Varanasi,LeuBT7KfuuA,indicator_13,6.076405
202409,Agra,N5WWbRtsjWp,indicator_13,3.929791
202409,Aligarh,frD2HOp3wAs,indicator_13,3.318695
202409,Ambedkar Nagar,jM27ji8tyrM,indicator_13,2.207564
202409,Amethi,StsLkYw1G0m,indicator_13,3.652612
202409,Amroha,hgquAmZaNBu,indicator_13,4.540798
202409,Auraiya,Bd6E8zkVvVt,indicator_13,5.776206
202409,Ayodhya,b4XkXzoGqFY,indicator_13,3.334477
202409,Azamgarh,NjckKfm3g0k,indicator_13,4.183819
202409,Bagpat,HJIS3IrQ0Nj,indicator_13,3.999
202409,Bahraich,iE0E3nLioFr,indicator_13,4.833194
202409,Ballia,oNDvGBE5fLq,indicator_13,1.543275
202409,Balrampur,uS0pNSxN3sS,indicator_13,4.019042
202409,Banda,DggJGxqbWHn,indicator_13,2.760821
202409,Barabanki,tzH6nJu9SwS,indicator_13,3.636972
202409,Bareilly,vVqY3DPcpHf,indicator_13,5.023712
202409,Basti,J1P16zQEOUT,indicator_13,2.907272
202409,Bhadohi,PeUY1vj02UQ,indicator_13,4.075248
202409,Bijnor,uCYjHW7FuGG,indicator_13,3.600847
202409,Budaun,eA37kyBRRuZ,indicator_13,4.033688
202409,Bulandshahar,ogBt4gWCiem,indicator_13,4.843978
202409,Chandauli,ClbehnmwSec,indicator_13,3.941442
202409,Chitrakoot,i2fSZZ3QAJJ,indicator_13,2.705061
202409,Deoria,Tf9b9qcbghH,indicator_13,5.072356
202409,Etah,ZLcx4iOVyN5,indicator_13,6.309665
202409,Etawah,Pm0jLk6EAiE,indicator_13,3.89561
202409,Farrukhabad,uEEwlAGZXWW,indicator_13,3.968494
202409,Fatehpur,ibLiLcaKzw2,indicator_13,3.054826
202409,Firozabad,eJTsuE56XDF,indicator_13,6.017239
202409,Gautam Buddha Nagar,bNmwkrQeP3e,indicator_13,3.89692
202409,Ghaziabad,M5NHlfAaKYI,indicator_13,4.850904
202409,Ghazipur,dScWdMRN8PL,indicator_13,4.428957
202409,Gonda,y8WarEkWCul,indicator_13,3.381333
202409,Gorakhpur,vR85cHdsw1w,indicator_13,6.575375
202409,Hamirpur,VSI7HobT5qL,indicator_13,1.824584
202409,Hapur,CZ8kLjgqvSH,indicator_13,2.518636
202409,Hardoi,MTIkUw5q5pX,indicator_13,3.52561
202409,Hathras,m1IAjmqkoFC,indicator_13,2.994956
202409,Jalaun,NL5xiiHZQSC,indicator_13,2.363502
202409,Jaunpur,gmw76vAUMqz,indicator_13,2.339746
202409,Jhansi,Mq751wBMqGF,indicator_13,2.288828
202409,Kannauj,IhQbDYRiF8w,indicator_13,3.875094
202409,Kanpur Dehat,k3D0AumUCiC,indicator_13,2.671428
202409,Kanpur Nagar,QVMRMhzVrrS,indicator_13,7.995952
202409,Kasganj,hITp09XOBLZ,indicator_13,2.234848
202409,Kaushambi,PAj0oVY0Dxu,indicator_13,3.409171
202409,Kushinagar,xUeHwd9FQkg,indicator_13,4.436664
202409,Lakhimpur Kheri,d9ZuMopgX29,indicator_13,3.014767
202409,Lalitpur,fagfcadhxej,indicator_13,2.471149
202409,Lucknow,MfHac5N78aK,indicator_13,3.951178
202409,Maharajganj,AcnMkNGgc3S,indicator_13,3.917575
202409,Mahoba,sUQMxIc3yXj,indicator_13,2.612734
202409,Mainpuri,XBLhrSWGytu,indicator_13,2.600983
202409,Mathura,KP2BUB1npih,indicator_13,4.029325
202409,Maunathbhanjan,CBSB9v92AwT,indicator_13,5.087514
202409,Meerut,v8YGmR7nOdj,indicator_13,2.912217
202409,Mirzapur,UAicdMLyuk4,indicator_13,2.786077
202409,Moradabad,YQNQoPjAIpV,indicator_13,5.577339
202409,Muzaffarnagar,MVQs2RrS1Nw,indicator_13,2.894639
202409,Pilibhit,c96jwckSd6j,indicator_13,3.487728
202409,Pratapgarh,fz7bJo3egPX,indicator_13,3.561841
202409,Prayagraj,tXgaew1Pd2Y,indicator_13,1.564952
202409,Rae Bareli,lLvTDpBDY8u,indicator_13,2.677392
202409,Rampur,IU006h5U7jj,indicator_13,2.935764
202409,Saharanpur,FKYZ3JbWq84,indicator_13,4.328417
202409,Sambhal,YzHpzrN0eLv,indicator_13,3.9829
202409,Sant Kabir Nagar,fe1yBApr2sl,indicator_13,4.502093
202409,Shahjahanpur,GaiLSoQq1ue,indicator_13,4.371057
202409,Shamli,AdiUcz9BXhx,indicator_13,3.39611
202409,Shrawasti,oyTwneTbWDx,indicator_13,4.714234
202409,Siddharth Nagar,cP0p8qfm3il,indicator_13,5.697918
202409,Sitapur,XxaOowFtkiJ,indicator_13,4.146658
202409,Sonbhadra,NNk3JP90QZ5,indicator_13,4.037755
202409,Sultanpur,o4ZQTVcMI7U,indicator_13,3.272482
202409,Unnav,aT03mfdlNiF,indicator_13,1.87443
202409,Varanasi,LeuBT7KfuuA,indicator_13,5.644708
202410,Agra,N5WWbRtsjWp,indicator_13,3.652229
202410,Aligarh,frD2HOp3wAs,indicator_13,2.941969
202410,Ambedkar Nagar,jM27ji8tyrM,indicator_13,2.0236
202410,Amethi,StsLkYw1G0m,indicator_13,3.060155
202410,Amroha,hgquAmZaNBu,indicator_13,4.116851
202410,Auraiya,Bd6E8zkVvVt,indicator_13,4.883025
202410,Ayodhya,b4XkXzoGqFY,indicator_13,2.817384
202410,Azamgarh,NjckKfm3g0k,indicator_13,3.740227
202410,Bagpat,HJIS3IrQ0Nj,indicator_13,3.845833
202410,Bahraich,iE0E3nLioFr,indicator_13,4.384954
202410,Ballia,oNDvGBE5fLq,indicator_13,1.312599
202410,Balrampur,uS0pNSxN3sS,indicator_13,3.264658
202410,Banda,DggJGxqbWHn,indicator_13,2.465852
202410,Barabanki,tzH6nJu9SwS,indicator_13,3.312378
202410,Bareilly,vVqY3DPcpHf,indicator_13,5.157181
202410,Basti,J1P16zQEOUT,indicator_13,2.738589
202410,Bhadohi,PeUY1vj02UQ,indicator_13,3.900813
202410,Bijnor,uCYjHW7FuGG,indicator_13,3.328139
202410,Budaun,eA37kyBRRuZ,indicator_13,3.639434
202410,Bulandshahar,ogBt4gWCiem,indicator_13,4.343572
202410,Chandauli,ClbehnmwSec,indicator_13,3.416469
202410,Chitrakoot,i2fSZZ3QAJJ,indicator_13,2.340797
202410,Deoria,Tf9b9qcbghH,indicator_13,4.10265
202410,Etah,ZLcx4iOVyN5,indicator_13,5.338523
202410,Etawah,Pm0jLk6EAiE,indicator_13,3.027537
202410,Farrukhabad,uEEwlAGZXWW,indicator_13,3.723869
202410,Fatehpur,ibLiLcaKzw2,indicator_13,2.645868
202410,Firozabad,eJTsuE56XDF,indicator_13,5.438083
202410,Gautam Buddha Nagar,bNmwkrQeP3e,indicator_13,3.389654
202410,Ghaziabad,M5NHlfAaKYI,indicator_13,5.106548
202410,Ghazipur,dScWdMRN8PL,indicator_13,4.159574
202410,Gonda,y8WarEkWCul,indicator_13,3.010424
202410,Gorakhpur,vR85cHdsw1w,indicator_13,5.850625
202410,Hamirpur,VSI7HobT5qL,indicator_13,1.625409
202410,Hapur,CZ8kLjgqvSH,indicator_13,3.019429
202410,Hardoi,MTIkUw5q5pX,indicator_13,2.99904
202410,Hathras,m1IAjmqkoFC,indicator_13,2.777668
202410,Jalaun,NL5xiiHZQSC,indicator_13,2.130924
202410,Jaunpur,gmw76vAUMqz,indicator_13,2.064828
202410,Jhansi,Mq751wBMqGF,indicator_13,2.108154
202410,Kannauj,IhQbDYRiF8w,indicator_13,3.751967
202410,Kanpur Dehat,k3D0AumUCiC,indicator_13,2.436686
202410,Kanpur Nagar,QVMRMhzVrrS,indicator_13,5.825047
202410,Kasganj,hITp09XOBLZ,indicator_13,1.907047
202410,Kaushambi,PAj0oVY0Dxu,indicator_13,3.08032
202410,Kushinagar,xUeHwd9FQkg,indicator_13,3.772528
202410,Lakhimpur Kheri,d9ZuMopgX29,indicator_13,2.508151
202410,Lalitpur,fagfcadhxej,indicator_13,2.078107
202410,Lucknow,MfHac5N78aK,indicator_13,3.609526
202410,Maharajganj,AcnMkNGgc3S,indicator_13,3.605491
202410,Mahoba,sUQMxIc3yXj,indicator_13,2.439297
202410,Mainpuri,XBLhrSWGytu,indicator_13,2.305458
202410,Mathura,KP2BUB1npih,indicator_13,3.572138
202410,Maunathbhanjan,CBSB9v92AwT,indicator_13,4.812456
202410,Meerut,v8YGmR7nOdj,indicator_13,2.595363
202410,Mirzapur,UAicdMLyuk4,indicator_13,2.403299
202410,Moradabad,YQNQoPjAIpV,indicator_13,4.968035
202410,Muzaffarnagar,MVQs2RrS1Nw,indicator_13,2.495445
202410,Pilibhit,c96jwckSd6j,indicator_13,3.47235
202410,Pratapgarh,fz7bJo3egPX,indicator_13,3.019441
202410,Prayagraj,tXgaew1Pd2Y,indicator_13,1.333634
202410,Rae Bareli,lLvTDpBDY8u,indicator_13,2.266504
202410,Rampur,IU006h5U7jj,indicator_13,2.827133
202410,Saharanpur,FKYZ3JbWq84,indicator_13,4.263406
202410,Sambhal,YzHpzrN0eLv,indicator_13,3.666113
202410,Sant Kabir Nagar,fe1yBApr2sl,indicator_13,3.993008
202410,Shahjahanpur,GaiLSoQq1ue,indicator_13,3.989663
202410,Shamli,AdiUcz9BXhx,indicator_13,2.983539
202410,Shrawasti,oyTwneTbWDx,indicator_13,4.151493
202410,Siddharth Nagar,cP0p8qfm3il,indicator_13,5.455852
202410,Sitapur,XxaOowFtkiJ,indicator_13,3.691997
202410,Sonbhadra,NNk3JP90QZ5,indicator_13,3.880163
202410,Sultanpur,o4ZQTVcMI7U,indicator_13,3.143295
202410,Unnav,aT03mfdlNiF,indicator_13,1.668941
202410,Varanasi,LeuBT7KfuuA,indicator_13,5.691165
202411,Agra,N5WWbRtsjWp,indicator_13,3.575786
202411,Aligarh,frD2HOp3wAs,indicator_13,2.66205
202411,Ambedkar Nagar,jM27ji8tyrM,indicator_13,1.71376
202411,Amethi,StsLkYw1G0m,indicator_13,2.558961
202411,Amroha,hgquAmZaNBu,indicator_13,3.768771
202411,Auraiya,Bd6E8zkVvVt,indicator_13,4.546278
202411,Ayodhya,b4XkXzoGqFY,indicator_13,2.316356
202411,Azamgarh,NjckKfm3g0k,indicator_13,3.627694
202411,Bagpat,HJIS3IrQ0Nj,indicator_13,3.812145
202411,Bahraich,iE0E3nLioFr,indicator_13,4.241316
202411,Ballia,oNDvGBE5fLq,indicator_13,1.091312
202411,Balrampur,uS0pNSxN3sS,indicator_13,2.826589
202411,Banda,DggJGxqbWHn,indicator_13,1.986389
202411,Barabanki,tzH6nJu9SwS,indicator_13,2.906281
202411,Bareilly,vVqY3DPcpHf,indicator_13,4.895925
202411,Basti,J1P16zQEOUT,indicator_13,2.503458
202411,Bhadohi,PeUY1vj02UQ,indicator_13,3.561621
202411,Bijnor,uCYjHW7FuGG,indicator_13,3.122958
202411,Budaun,eA37kyBRRuZ,indicator_13,3.308001
202411,Bulandshahar,ogBt4gWCiem,indicator_13,3.655452
202411,Chandauli,ClbehnmwSec,indicator_13,2.907892
202411,Chitrakoot,i2fSZZ3QAJJ,indicator_13,2.201532
202411,Deoria,Tf9b9qcbghH,indicator_13,3.4882
202411,Etah,ZLcx4iOVyN5,indicator_13,4.942768
202411,Etawah,Pm0jLk6EAiE,indicator_13,2.468431
202411,Farrukhabad,uEEwlAGZXWW,indicator_13,3.534387
202411,Fatehpur,ibLiLcaKzw2,indicator_13,2.335588
202411,Firozabad,eJTsuE56XDF,indicator_13,5.198503
202411,Gautam Buddha Nagar,bNmwkrQeP3e,indicator_13,3.104881
202411,Ghaziabad,M5NHlfAaKYI,indicator_13,4.893592
202411,Ghazipur,dScWdMRN8PL,indicator_13,3.895437
202411,Gonda,y8WarEkWCul,indicator_13,2.763521
202411,Gorakhpur,vR85cHdsw1w,indicator_13,4.613598
202411,Hamirpur,VSI7HobT5qL,indicator_13,1.789017
202411,Hapur,CZ8kLjgqvSH,indicator_13,3.245224
202411,Hardoi,MTIkUw5q5pX,indicator_13,2.447687
202411,Hathras,m1IAjmqkoFC,indicator_13,2.490376
202411,Jalaun,NL5xiiHZQSC,indicator_13,2.249872
202411,Jaunpur,gmw76vAUMqz,indicator_13,2.000823
202411,Jhansi,Mq751wBMqGF,indicator_13,2.17776
202411,Kannauj,IhQbDYRiF8w,indicator_13,3.509852
202411,Kanpur Dehat,k3D0AumUCiC,indicator_13,2.486279
202411,Kanpur Nagar,QVMRMhzVrrS,indicator_13,3.818237
202411,Kasganj,hITp09XOBLZ,indicator_13,1.860739
202411,Kaushambi,PAj0oVY0Dxu,indicator_13,2.811034
202411,Kushinagar,xUeHwd9FQkg,indicator_13,3.528185
202411,Lakhimpur Kheri,d9ZuMopgX29,indicator_13,2.293194
202411,Lalitpur,fagfcadhxej,indicator_13,2.295534
202411,Lucknow,MfHac5N78aK,indicator_13,3.435866
202411,Maharajganj,AcnMkNGgc3S,indicator_13,2.985521
202411,Mahoba,sUQMxIc3yXj,indicator_13,2.197987
202411,Mainpuri,XBLhrSWGytu,indicator_13,1.808739
202411,Mathura,KP2BUB1npih,indicator_13,3.371296
202411,Maunathbhanjan,CBSB9v92AwT,indicator_13,4.949917
202411,Meerut,v8YGmR7nOdj,indicator_13,2.31866
202411,Mirzapur,UAicdMLyuk4,indicator_13,2.128366
202411,Moradabad,YQNQoPjAIpV,indicator_13,4.530723
202411,Muzaffarnagar,MVQs2RrS1Nw,indicator_13,2.598977
202411,Pilibhit,c96jwckSd6j,indicator_13,3.063296
202411,Pratapgarh,fz7bJo3egPX,indicator_13,3.07493
202411,Prayagraj,tXgaew1Pd2Y,indicator_13,1.220508
202411,Rae Bareli,lLvTDpBDY8u,indicator_13,2.048722
202411,Rampur,IU006h5U7jj,indicator_13,2.464819
202411,Saharanpur,FKYZ3JbWq84,indicator_13,4.340309
202411,Sambhal,YzHpzrN0eLv,indicator_13,3.625461
202411,Sant Kabir Nagar,fe1yBApr2sl,indicator_13,3.176833
202411,Shahjahanpur,GaiLSoQq1ue,indicator_13,3.57401
202411,Shamli,AdiUcz9BXhx,indicator_13,2.421345
202411,Shrawasti,oyTwneTbWDx,indicator_13,3.973831
202411,Siddharth Nagar,cP0p8qfm3il,indicator_13,5.393765
202411,Sitapur,XxaOowFtkiJ,indicator_13,3.39181
202411,Sonbhadra,NNk3JP90QZ5,indicator_13,3.886567
202411,Sultanpur,o4ZQTVcMI7U,indicator_13,2.471889
202411,Unnav,aT03mfdlNiF,indicator_13,1.586221
202411,Varanasi,LeuBT7KfuuA,indicator_13,5.352905
202412,Agra,N5WWbRtsjWp,indicator_13,4.157326
202412,Aligarh,frD2HOp3wAs,indicator_13,2.570022
202412,Ambedkar Nagar,jM27ji8tyrM,indicator_13,1.582337
202412,Amethi,StsLkYw1G0m,indicator_13,2.148929
202412,Amroha,hgquAmZaNBu,indicator_13,3.600553
202412,Auraiya,Bd6E8zkVvVt,indicator_13,4.590357
202412,Ayodhya,b4XkXzoGqFY,indicator_13,2.396925
202412,Azamgarh,NjckKfm3g0k,indicator_13,3.562448
202412,Bagpat,HJIS3IrQ0Nj,indicator_13,3.624458
202412,Bahraich,iE0E3nLioFr,indicator_13,3.879733
202412,Ballia,oNDvGBE5fLq,indicator_13,1.168635
202412,Balrampur,uS0pNSxN3sS,indicator_13,2.532891
202412,Banda,DggJGxqbWHn,indicator_13,1.997293
202412,Barabanki,tzH6nJu9SwS,indicator_13,2.499912
202412,Bareilly,vVqY3DPcpHf,indicator_13,4.615335
202412,Basti,J1P16zQEOUT,indicator_13,2.314687
202412,Bhadohi,PeUY1vj02UQ,indicator_13,3.608847
202412,Bijnor,uCYjHW7FuGG,indicator_13,2.832872
202412,Budaun,eA37kyBRRuZ,indicator_13,3.161538
202412,Bulandshahar,ogBt4gWCiem,indicator_13,3.857635
202412,Chandauli,ClbehnmwSec,indicator_13,2.459412
202412,Chitrakoot,i2fSZZ3QAJJ,indicator_13,2.26833
202412,Deoria,Tf9b9qcbghH,indicator_13,3.049299
202412,Etah,ZLcx4iOVyN5,indicator_13,5.087089
202412,Etawah,Pm0jLk6EAiE,indicator_13,2.576103
202412,Farrukhabad,uEEwlAGZXWW,indicator_13,3.546313
202412,Fatehpur,ibLiLcaKzw2,indicator_13,2.206119
202412,Firozabad,eJTsuE56XDF,indicator_13,4.922701
202412,Gautam Buddha Nagar,bNmwkrQeP3e,indicator_13,3.021807
202412,Ghaziabad,M5NHlfAaKYI,indicator_13,5.125708
202412,Ghazipur,dScWdMRN8PL,indicator_13,3.505251
202412,Gonda,y8WarEkWCul,indicator_13,2.472609
202412,Gorakhpur,vR85cHdsw1w,indicator_13,3.752084
202412,Hamirpur,VSI7HobT5qL,indicator_13,1.707577
202412,Hapur,CZ8kLjgqvSH,indicator_13,3.50923
202412,Hardoi,MTIkUw5q5pX,indicator_13,2.109927
202412,Hathras,m1IAjmqkoFC,indicator_13,2.673104
202412,Jalaun,NL5xiiHZQSC,indicator_13,1.964631
202412,Jaunpur,gmw76vAUMqz,indicator_13,2.031852
202412,Jhansi,Mq751wBMqGF,indicator_13,2.336555
202412,Kannauj,IhQbDYRiF8w,indicator_13,3.503555
202412,Kanpur Dehat,k3D0AumUCiC,indicator_13,2.525954
202412,Kanpur Nagar,QVMRMhzVrrS,indicator_13,3.100853
202412,Kasganj,hITp09XOBLZ,indicator_13,2.06281
202412,Kaushambi,PAj0oVY0Dxu,indicator_13,2.482715
202412,Kushinagar,xUeHwd9FQkg,indicator_13,3.131323
202412,Lakhimpur Kheri,d9ZuMopgX29,indicator_13,2.2934
202412,Lalitpur,fagfcadhxej,indicator_13,2.480134
202412,Lucknow,MfHac5N78aK,indicator_13,3.515653
202412,Maharajganj,AcnMkNGgc3S,indicator_13,2.235505
202412,Mahoba,sUQMxIc3yXj,indicator_13,2.550336
202412,Mainpuri,XBLhrSWGytu,indicator_13,1.874702
202412,Mathura,KP2BUB1npih,indicator_13,3.222883
202412,Maunathbhanjan,CBSB9v92AwT,indicator_13,5.037142
202412,Meerut,v8YGmR7nOdj,indicator_13,2.06747
202412,Mirzapur,UAicdMLyuk4,indicator_13,2.076223
202412,Moradabad,YQNQoPjAIpV,indicator_13,4.126705
202412,Muzaffarnagar,MVQs2RrS1Nw,indicator_13,2.709321
202412,Pilibhit,c96jwckSd6j,indicator_13,3.029464
202412,Pratapgarh,fz7bJo3egPX,indicator_13,2.710941
202412,Prayagraj,tXgaew1Pd2Y,indicator_13,1.085078
202412,Rae Bareli,lLvTDpBDY8u,indicator_13,1.9197
202412,Rampur,IU006h5U7jj,indicator_13,2.443784
202412,Saharanpur,FKYZ3JbWq84,indicator_13,4.451868
202412,Sambhal,YzHpzrN0eLv,indicator_13,3.570111
202412,Sant Kabir Nagar,fe1yBApr2sl,indicator_13,3.057382
202412,Shahjahanpur,GaiLSoQq1ue,indicator_13,3.326984
202412,Shamli,AdiUcz9BXhx,indicator_13,2.504481
202412,Shrawasti,oyTwneTbWDx,indicator_13,3.637134
202412,Siddharth Nagar,cP0p8qfm3il,indicator_13,5.088532
202412,Sitapur,XxaOowFtkiJ,indicator_13,3.116835
202412,Sonbhadra,NNk3JP90QZ5,indicator_13,3.293257
202412,Sultanpur,o4ZQTVcMI7U,indicator_13,2.285714
202412,Unnav,aT03mfdlNiF,indicator_13,1.622522
202412,Varanasi,LeuBT7KfuuA,indicator_13,4.999348
202501,Agra,N5WWbRtsjWp,indicator_13,4.499753
202501,Aligarh,frD2HOp3wAs,indicator_13,2.592806
202501,Ambedkar Nagar,jM27ji8tyrM,indicator_13,1.490105
202501,Amethi,StsLkYw1G0m,indicator_13,1.814974
202501,Amroha,hgquAmZaNBu,indicator_13,3.756364
202501,Auraiya,Bd6E8zkVvVt,indicator_13,4.064709
202501,Ayodhya,b4XkXzoGqFY,indicator_13,2.472218
202501,Azamgarh,NjckKfm3g0k,indicator_13,3.267277
202501,Bagpat,HJIS3IrQ0Nj,indicator_13,3.230103
202501,Bahraich,iE0E3nLioFr,indicator_13,3.393932
202501,Ballia,oNDvGBE5fLq,indicator_13,0.9805989
202501,Balrampur,uS0pNSxN3sS,indicator_13,2.532889
202501,Banda,DggJGxqbWHn,indicator_13,1.90886
202501,Barabanki,tzH6nJu9SwS,indicator_13,2.214873
202501,Bareilly,vVqY3DPcpHf,indicator_13,4.629087
202501,Basti,J1P16zQEOUT,indicator_13,2.226992
202501,Bhadohi,PeUY1vj02UQ,indicator_13,2.935559
202501,Bijnor,uCYjHW7FuGG,indicator_13,2.661056
202501,Budaun,eA37kyBRRuZ,indicator_13,3.196289
202501,Bulandshahar,ogBt4gWCiem,indicator_13,3.1588
202501,Chandauli,ClbehnmwSec,indicator_13,2.056424
202501,Chitrakoot,i2fSZZ3QAJJ,indicator_13,1.993436
202501,Deoria,Tf9b9qcbghH,indicator_13,2.677154
202501,Etah,ZLcx4iOVyN5,indicator_13,4.878133
202501,Etawah,Pm0jLk6EAiE,indicator_13,2.636384
202501,Farrukhabad,uEEwlAGZXWW,indicator_13,3.325312
202501,Fatehpur,ibLiLcaKzw2,indicator_13,1.994204
202501,Firozabad,eJTsuE56XDF,indicator_13,5.153241
202501,Gautam Buddha Nagar,bNmwkrQeP3e,indicator_13,3.334372
202501,Ghaziabad,M5NHlfAaKYI,indicator_13,4.897468
202501,Ghazipur,dScWdMRN8PL,indicator_13,3.267606
202501,Gonda,y8WarEkWCul,indicator_13,2.112329
202501,Gorakhpur,vR85cHdsw1w,indicator_13,3.264835
202501,Hamirpur,VSI7HobT5qL,indicator_13,1.669153
202501,Hapur,CZ8kLjgqvSH,indicator_13,3.08924
202501,Hardoi,MTIkUw5q5pX,indicator_13,1.823591
202501,Hathras,m1IAjmqkoFC,indicator_13,3.14095
202501,Jalaun,NL5xiiHZQSC,indicator_13,1.979522
202501,Jaunpur,gmw76vAUMqz,indicator_13,1.872789
202501,Jhansi,Mq751wBMqGF,indicator_13,2.186834
202501,Kannauj,IhQbDYRiF8w,indicator_13,3.337433
202501,Kanpur Dehat,k3D0AumUCiC,indicator_13,2.592078
202501,Kanpur Nagar,QVMRMhzVrrS,indicator_13,2.736779
202501,Kasganj,hITp09XOBLZ,indicator_13,1.966481
202501,Kaushambi,PAj0oVY0Dxu,indicator_13,2.258942
202501,Kushinagar,xUeHwd9FQkg,indicator_13,2.84029
202501,Lakhimpur Kheri,d9ZuMopgX29,indicator_13,2.270756
202501,Lalitpur,fagfcadhxej,indicator_13,2.416248
202501,Lucknow,MfHac5N78aK,indicator_13,3.540445
202501,Maharajganj,AcnMkNGgc3S,indicator_13,1.835703
202501,Mahoba,sUQMxIc3yXj,indicator_13,2.506434
202501,Mainpuri,XBLhrSWGytu,indicator_13,1.928227
202501,Mathura,KP2BUB1npih,indicator_13,3.185525
202501,Maunathbhanjan,CBSB9v92AwT,indicator_13,4.615998
202501,Meerut,v8YGmR7nOdj,indicator_13,2.099774
202501,Mirzapur,UAicdMLyuk4,indicator_13,2.131039
202501,Moradabad,YQNQoPjAIpV,indicator_13,4.085586
202501,Muzaffarnagar,MVQs2RrS1Nw,indicator_13,3.25184
202501,Pilibhit,c96jwckSd6j,indicator_13,2.924894
202501,Pratapgarh,fz7bJo3egPX,indicator_13,2.562925
202501,Prayagraj,tXgaew1Pd2Y,indicator_13,1.011519
202501,Rae Bareli,lLvTDpBDY8u,indicator_13,1.840699
202501,Rampur,IU006h5U7jj,indicator_13,2.260282
202501,Saharanpur,FKYZ3JbWq84,indicator_13,3.903705
202501,Sambhal,YzHpzrN0eLv,indicator_13,3.354859
202501,Sant Kabir Nagar,fe1yBApr2sl,indicator_13,3.211385
202501,Shahjahanpur,GaiLSoQq1ue,indicator_13,3.122368
202501,Shamli,AdiUcz9BXhx,indicator_13,2.651708
202501,Shrawasti,oyTwneTbWDx,indicator_13,3.299891
202501,Siddharth Nagar,cP0p8qfm3il,indicator_13,4.697945
202501,Sitapur,XxaOowFtkiJ,indicator_13,3.063709
202501,Sonbhadra,NNk3JP90QZ5,indicator_13,2.821362
202501,Sultanpur,o4ZQTVcMI7U,indicator_13,2.326878
202501,Unnav,aT03mfdlNiF,indicator_13,1.522239
202501,Varanasi,LeuBT7KfuuA,indicator_13,4.749817
202502,Agra,N5WWbRtsjWp,indicator_13,4.513694
202502,Aligarh,frD2HOp3wAs,indicator_13,2.568098
202502,Ambedkar Nagar,jM27ji8tyrM,indicator_13,1.447828
202502,Amethi,StsLkYw1G0m,indicator_13,1.624026
202502,Amroha,hgquAmZaNBu,indicator_13,3.839036
202502,Auraiya,Bd6E8zkVvVt,indicator_13,3.832563
202502,Ayodhya,b4XkXzoGqFY,indicator_13,2.416275
202502,Azamgarh,NjckKfm3g0k,indicator_13,3.052609
202502,Bagpat,HJIS3IrQ0Nj,indicator_13,3.639083
202502,Bahraich,iE0E3nLioFr,indicator_13,3.301004
202502,Ballia,oNDvGBE5fLq,indicator_13,0.9386206
202502,Balrampur,uS0pNSxN3sS,indicator_13,2.711278
202502,Banda,DggJGxqbWHn,indicator_13,1.825502
202502,Barabanki,tzH6nJu9SwS,indicator_13,2.251793
202502,Bareilly,vVqY3DPcpHf,indicator_13,4.330209
202502,Basti,J1P16zQEOUT,indicator_13,2.261608
202502,Bhadohi,PeUY1vj02UQ,indicator_13,3.024026
202502,Bijnor,uCYjHW7FuGG,indicator_13,2.635282
202502,Budaun,eA37kyBRRuZ,indicator_13,3.033996
202502,Bulandshahar,ogBt4gWCiem,indicator_13,3.190306
202502,Chandauli,ClbehnmwSec,indicator_13,2.331591
202502,Chitrakoot,i2fSZZ3QAJJ,indicator_13,2.023706
202502,Deoria,Tf9b9qcbghH,indicator_13,2.558148
202502,Etah,ZLcx4iOVyN5,indicator_13,4.773663
202502,Etawah,Pm0jLk6EAiE,indicator_13,2.715035
202502,Farrukhabad,uEEwlAGZXWW,indicator_13,3.159827
202502,Fatehpur,ibLiLcaKzw2,indicator_13,1.964302
202502,Firozabad,eJTsuE56XDF,indicator_13,4.917277
202502,Gautam Buddha Nagar,bNmwkrQeP3e,indicator_13,3.505765
202502,Ghaziabad,M5NHlfAaKYI,indicator_13,4.718858
202502,Ghazipur,dScWdMRN8PL,indicator_13,3.316417
202502,Gonda,y8WarEkWCul,indicator_13,1.987496
202502,Gorakhpur,vR85cHdsw1w,indicator_13,2.794468
202502,Hamirpur,VSI7HobT5qL,indicator_13,1.743939
202502,Hapur,CZ8kLjgqvSH,indicator_13,3.051643
202502,Hardoi,MTIkUw5q5pX,indicator_13,1.748241
202502,Hathras,m1IAjmqkoFC,indicator_13,3.612615
202502,Jalaun,NL5xiiHZQSC,indicator_13,1.86323
202502,Jaunpur,gmw76vAUMqz,indicator_13,2.194049
202502,Jhansi,Mq751wBMqGF,indicator_13,2.064616
202502,Kannauj,IhQbDYRiF8w,indicator_13,3.514344
202502,Kanpur Dehat,k3D0AumUCiC,indicator_13,2.776676
202502,Kanpur Nagar,QVMRMhzVrrS,indicator_13,2.527516
202502,Kasganj,hITp09XOBLZ,indicator_13,2.121748
202502,Kaushambi,PAj0oVY0Dxu,indicator_13,2.255168
202502,Kushinagar,xUeHwd9FQkg,indicator_13,2.702282
202502,Lakhimpur Kheri,d9ZuMopgX29,indicator_13,2.190872
202502,Lalitpur,fagfcadhxej,indicator_13,2.379558
202502,Lucknow,MfHac5N78aK,indicator_13,3.666959
202502,Maharajganj,AcnMkNGgc3S,indicator_13,1.710626
202502,Mahoba,sUQMxIc3yXj,indicator_13,2.585628
202502,Mainpuri,XBLhrSWGytu,indicator_13,2.192904
202502,Mathura,KP2BUB1npih,indicator_13,3.271028
202502,Maunathbhanjan,CBSB9v92AwT,indicator_13,4.064667
202502,Meerut,v8YGmR7nOdj,indicator_13,1.940829
202502,Mirzapur,UAicdMLyuk4,indicator_13,1.958553
202502,Moradabad,YQNQoPjAIpV,indicator_13,3.981982
202502,Muzaffarnagar,MVQs2RrS1Nw,indicator_13,3.420555
202502,Pilibhit,c96jwckSd6j,indicator_13,2.890529
202502,Pratapgarh,fz7bJo3egPX,indicator_13,2.398694
202502,Prayagraj,tXgaew1Pd2Y,indicator_13,0.9916666
202502,Rae Bareli,lLvTDpBDY8u,indicator_13,1.833984
202502,Rampur,IU006h5U7jj,indicator_13,2.200489
202502,Saharanpur,FKYZ3JbWq84,indicator_13,3.332031
202502,Sambhal,YzHpzrN0eLv,indicator_13,3.173432
202502,Sant Kabir Nagar,fe1yBApr2sl,indicator_13,2.829514
202502,Shahjahanpur,GaiLSoQq1ue,indicator_13,3.150547
202502,Shamli,AdiUcz9BXhx,indicator_13,2.911142
202502,Shrawasti,oyTwneTbWDx,indicator_13,3.18456
202502,Siddharth Nagar,cP0p8qfm3il,indicator_13,4.714005
202502,Sitapur,XxaOowFtkiJ,indicator_13,2.773993
202502,Sonbhadra,NNk3JP90QZ5,indicator_13,2.771483
202502,Sultanpur,o4ZQTVcMI7U,indicator_13,2.423736
202502,Unnav,aT03mfdlNiF,indicator_13,1.502897
202502,Varanasi,LeuBT7KfuuA,indicator_13,4.764946
202503,Agra,N5WWbRtsjWp,indicator_13,4.654956
202503,Aligarh,frD2HOp3wAs,indicator_13,2.744419
202503,Ambedkar Nagar,jM27ji8tyrM,indicator_13,1.560817
202503,Amethi,StsLkYw1G0m,indicator_13,1.642325
202503,Amroha,hgquAmZaNBu,indicator_13,5.276691
202503,Auraiya,Bd6E8zkVvVt,indicator_13,3.882396
202503,Ayodhya,b4XkXzoGqFY,indicator_13,2.463151
202503,Azamgarh,NjckKfm3g0k,indicator_13,3.295341
202503,Bagpat,HJIS3IrQ0Nj,indicator_13,4.169775
202503,Bahraich,iE0E3nLioFr,indicator_13,3.347713
202503,Ballia,oNDvGBE5fLq,indicator_13,0.9562986
202503,Balrampur,uS0pNSxN3sS,indicator_13,3.065716
202503,Banda,DggJGxqbWHn,indicator_13,1.591636
202503,Barabanki,tzH6nJu9SwS,indicator_13,2.368527
202503,Bareilly,vVqY3DPcpHf,indicator_13,4.335241
202503,Basti,J1P16zQEOUT,indicator_13,2.195111
202503,Bhadohi,PeUY1vj02UQ,indicator_13,3.010255
202503,Bijnor,uCYjHW7FuGG,indicator_13,2.683814
202503,Budaun,eA37kyBRRuZ,indicator_13,2.916074
202503,Bulandshahar,ogBt4gWCiem,indicator_13,3.551277
202503,Chandauli,ClbehnmwSec,indicator_13,2.836879
202503,Chitrakoot,i2fSZZ3QAJJ,indicator_13,1.995
202503,Deoria,Tf9b9qcbghH,indicator_13,2.552243
202503,Etah,ZLcx4iOVyN5,indicator_13,5.193336
202503,Etawah,Pm0jLk6EAiE,indicator_13,3.592609
202503,Farrukhabad,uEEwlAGZXWW,indicator_13,3.349983
202503,Fatehpur,ibLiLcaKzw2,indicator_13,1.812244
202503,Firozabad,eJTsuE56XDF,indicator_13,4.976946
202503,Gautam Buddha Nagar,bNmwkrQeP3e,indicator_13,4.216053
202503,Ghaziabad,M5NHlfAaKYI,indicator_13,4.786985
202503,Ghazipur,dScWdMRN8PL,indicator_13,3.450048
202503,Gonda,y8WarEkWCul,indicator_13,2.078602
202503,Gorakhpur,vR85cHdsw1w,indicator_13,2.845792
202503,Hamirpur,VSI7HobT5qL,indicator_13,1.681892
202503,Hapur,CZ8kLjgqvSH,indicator_13,3.626493
202503,Hardoi,MTIkUw5q5pX,indicator_13,1.906407
202503,Hathras,m1IAjmqkoFC,indicator_13,2.997884
202503,Jalaun,NL5xiiHZQSC,indicator_13,2.141273
202503,Jaunpur,gmw76vAUMqz,indicator_13,2.371108
202503,Jhansi,Mq751wBMqGF,indicator_13,2.035398
202503,Kannauj,IhQbDYRiF8w,indicator_13,3.849833
202503,Kanpur Dehat,k3D0AumUCiC,indicator_13,2.77337
202503,Kanpur Nagar,QVMRMhzVrrS,indicator_13,2.746333
202503,Kasganj,hITp09XOBLZ,indicator_13,2.147007
202503,Kaushambi,PAj0oVY0Dxu,indicator_13,2.422218
202503,Kushinagar,xUeHwd9FQkg,indicator_13,2.766878
202503,Lakhimpur Kheri,d9ZuMopgX29,indicator_13,2.162098
202503,Lalitpur,fagfcadhxej,indicator_13,2.6461
202503,Lucknow,MfHac5N78aK,indicator_13,3.575556
202503,Maharajganj,AcnMkNGgc3S,indicator_13,1.689122
202503,Mahoba,sUQMxIc3yXj,indicator_13,2.524913
202503,Mainpuri,XBLhrSWGytu,indicator_13,2.207977
202503,Mathura,KP2BUB1npih,indicator_13,4.085967
202503,Maunathbhanjan,CBSB9v92AwT,indicator_13,3.929514
202503,Meerut,v8YGmR7nOdj,indicator_13,1.900632
202503,Mirzapur,UAicdMLyuk4,indicator_13,2.060218
202503,Moradabad,YQNQoPjAIpV,indicator_13,4.398649
202503,Muzaffarnagar,MVQs2RrS1Nw,indicator_13,3.600126
202503,Pilibhit,c96jwckSd6j,indicator_13,2.863382
202503,Pratapgarh,fz7bJo3egPX,indicator_13,2.593425
202503,Prayagraj,tXgaew1Pd2Y,indicator_13,1.071341
202503,Rae Bareli,lLvTDpBDY8u,indicator_13,2.063983
202503,Rampur,IU006h5U7jj,indicator_13,2.249971
202503,Saharanpur,FKYZ3JbWq84,indicator_13,3.562996
202503,Sambhal,YzHpzrN0eLv,indicator_13,3.095985
202503,Sant Kabir Nagar,fe1yBApr2sl,indicator_13,3.078491
202503,Shahjahanpur,GaiLSoQq1ue,indicator_13,3.108624
202503,Shamli,AdiUcz9BXhx,indicator_13,3.049954
202503,Shrawasti,oyTwneTbWDx,indicator_13,3.832249
202503,Siddharth Nagar,cP0p8qfm3il,indicator_13,4.982388
202503,Sitapur,XxaOowFtkiJ,indicator_13,3.086403
202503,Sonbhadra,NNk3JP90QZ5,indicator_13,2.94696
202503,Sultanpur,o4ZQTVcMI7U,indicator_13,2.463956
202503,Unnav,aT03mfdlNiF,indicator_13,1.629923
202503,Varanasi,LeuBT7KfuuA,indicator_13,4.667007
